0 -0.0071570535431368558 -0.036714741236314262 -0.0099701113175189732
1 -0.003672439787844939 -0.045476854278482692 -0.079515559310088871
2 0.0074142058668365436 -0.055051562634054092 -0.18841535042397806
3 0.066353188448997527 -0.078022007366391782 -0.51421764074060494
4 0.23084535923642868 -0.19947649408477064 -1.2111971174747855
5 0.28422342059118383 -0.36132934905855363 -1.3176472844472533
6 0.27992590003193696 -0.36587625054886624 -1.3240729862686116
7 0.34332760026952602 -0.65714736910832072 -1.4678736486266726
8 0.37697943133912476 -1.0907485455332739 -1.6281926967889115
9 0.35106648537945623 -1.6120582171904876 -1.6187371354624895
10 0.34116784757442759 -1.6166207238775816 -1.6175023017801684
11 0.32756757143518556 -2.2986338253321481 -1.5082956840519026
12 0.32125791571445883 -2.52454382842605 -1.5819771415791486
13 0.31791253414162568 -2.9027802442368413 -1.5276914033175999
14 0.25574167105423151 -2.8643338474949425 -1.726855472080004
15 0.17515266392545398 -2.9672325523138263 -1.9120071655383111
16 0.014402145910080391 -3.4609240482302708 -1.7738838779792261
17 0.0094398004988409945 -3.5682374727651638 -1.5306022446659406
18 -0.1576324420437194 -2.8798428224587105 -1.6664874876310365
19 -0.20997333593108275 -2.8491709630511397 -1.6769376622583554
20 -0.31798954058590212 -2.6609816130797093 -1.9788388595737652
21 -0.56921597276547609 -3.4187792597072102 -1.671177610786412
22 -0.59259660901458922 -2.9499070848204454 -1.6002464769092686
23 -0.67718420036210281 -2.2410233154130346 -1.5629434988812532
24 -0.90003302041103772 -1.2333856376490437 -1.6919829423874897
25 -1.6154577738481486 -0.70061552217306544 -3.1972745989190923
26 -3.5411721624981283 -0.55442027558831231 -4.5109593236966887
27 -4.467963215288381 1.6645904096752044 -5.5603914832409007
28 -3.2342663827780318 2.1981821821174194 -7.2024849078421607
29 -2.5388151500141323 2.1300906058898255 -5.6229588575609917
30 -1.6943072875777214 3.6151366178231581 -3.9657448707090541
31 -2.5948521575238859 3.793012045715642 -2.3643735928828473
32 -3.0792738618350004 3.2828203732487875 -2.2893293448511991
33 -3.0813599653500798 3.2850916242396293 -2.2875856116718376
34 -3.2604573596335702 3.2154691344091857 -2.4790260125332813
35 -3.2629636082817326 3.2204185172688851 -2.478490731585214
36 -3.5465889904313306 2.8830620165406788 -2.1918230243437815
37 -3.9904533276032401 2.2204631021816987 -2.1037325793528869
38 -4.556583685120688 1.2894105164179854 -2.1287124857267585
39 -4.7511449460924258 1.2913767818575672 -2.5258259431098944
40 -5.7328341046113103 0.39364475060021603 -1.9311684052491669
41 -6.0696150572938317 -0.70484979691861649 -1.7171026551181416
42 -6.0731084251984342 -0.70569324995031546 -1.7143150798433666
43 -6.0802099286696087 -0.80872729715374991 -1.6606154996500777
44 -6.1168874541119296 -0.25475927412260885 -1.9197946159235035
45 -6.0172099230532581 0.080684883040698929 -1.9143104502289681
46 -6.0087675162713428 -0.14772228993914638 -1.5242574001958364
47 -6.0379570981023578 0.3053249779120808 -1.5124196136928356
48 -6.0497715885085377 0.6780923002820729 -1.4306413823776059
49 -6.1874151751346878 1.3993879937232492 -1.5659160836436923
50 -6.1812404214254748 1.5003781273244878 -1.504757484349535
51 -6.1825545577795751 1.5939211779210034 -1.4647032510352238
52 -6.1773766805831549 1.5422721500683814 -1.4829176479153605
53 -6.1761113782972261 1.4855218517356539 -1.5155189178804283
54 -6.1733506498322468 1.4319046143723957 -1.5143377519504593
55 -6.1717477070642435 1.3807655609420659 -1.5251417431985885
56 -6.1674812473657594 1.3328075282897849 -1.5000320131320994
57 -6.1658679100145148 1.3034314793638559 -1.5297324834701311
58 -6.1624540924552242 1.2823555296803857 -1.5371204413775179
59 -6.1587203217926021 1.2718707674108187 -1.5442661907426711
60 -6.1545383603824453 1.2684811655856256 -1.5487663799846001
61 -6.1482518052136648 1.2705767477605847 -1.5494149969661963
62 -6.1404382885266742 1.2732410853566398 -1.5518659431260617
63 -6.1325143543250338 1.2760465506378869 -1.5537575271102435
64 -6.1229525007316976 1.2792755577261432 -1.556588089997238
65 -6.1121565744571553 1.2847817037742755 -1.5694250179522464
66 -6.1045821488007963 1.3013683061393255 -1.6261839072710322
67 -6.1047121173818102 1.3658411694581336 -1.5425257546792468
68 -6.1063962722403122 1.479159726828926 -1.412984983047836
69 -6.1216853251344476 1.5836940612292065 -1.415634889471485
70 -6.1421102506311005 1.7255614612884627 -1.4036092138961052
71 -6.1763662166991109 1.8972109680952121 -1.4294003588527522
72 -6.2027764267441299 2.0745005761377655 -1.4179233094279915
73 -6.3025470703123778 2.7023673437604487 -1.396994497043647
74 -6.2292107997636537 3.518814013884064 -0.2258332523224062
75 -3.5518020572987963 2.9412204994314699 -0.20029703465234608
76 -3.5353664934482945 2.9549630491172376 -0.20406049126367271
77 -2.7688693110068812 2.6219484350464501 -0.86341572529441701
78 -0.23780333768078732 0.010234404604952785 0.52317519330457019
79 -0.21320366246811573 -0.26095566703681827 -0.4446053437917864
80 1.4492609800698351 -0.75674486451687217 -0.73206100649859496
81 3.1171682189869889 -1.227754602996177 -0.20764594114229357
82 3.5811154740311073 -0.9066857093435623 1.3622439064094656
83 3.6099222853541972 -1.351857797582996 1.3025447129839218
84 3.5595968309494062 -1.7251084840976403 1.5603867122123936
85 3.6458037787795172 -1.4664670806228639 1.4375776935284539
86 3.6767161793043974 -1.1641823116101304 1.6053930512357031
87 3.6580416979630259 -0.62187600037205837 1.655866918908006
88 3.5938195443421423 -0.028929515898840602 1.725146905754807
89 3.5178550322203659 0.60210359565713556 1.703840513443166
90 3.4546240746521559 1.2277107162356655 1.6695939495346095
91 3.4027698127056323 1.8699168726877142 1.6796042253993773
92 3.4175888837215562 2.2416009387911724 1.5706554647378919
93 3.4179036716847557 2.2403431689311621 1.5700416848954166
94 3.6939127335590318 1.9874399221631389 1.0134195299713005
95 3.9051745087086647 1.8819360893006591 0.65037301172241258
96 4.168468717521697 1.9857591837616819 0.62173231716332134
97 4.268438521818255 1.5879501532533888 0.027817912541302892
98 4.2692813967311016 1.5820515364839411 0.026208402244525808
99 4.8251644328276306 1.4133884786519817 -0.35782922729537392
100 5.8580547190599503 1.5050863895786737 0.57815906423906915
101 6.2561344812725599 2.1437882682251908 1.5007644727507992
102 5.8831101984801144 2.7219249749143142 2.645122510571654
103 5.0156304826841076 3.4318376039260694 1.9691514719577088
104 5.0135566810653485 3.4314502069111121 1.9642594902744364
105 4.9736589188834524 4.419748151315809 1.0482439048903136
106 4.962797124298115 4.2921382753312187 0.96616705996801311
107 5.0176221115943624 4.0389774137036909 0.58548931589175202
108 4.8677023004430211 4.5725446091715103 2.1910106006660173
109 4.8642870586223284 4.5734414177897618 2.2010727552981799
110 3.6807235154949725 5.393725943161801 3.3935015967222819
111 2.4783576007360364 4.4367200261299624 4.7787566153345997
112 2.2559524521837502 4.5132263337628107 4.3104816910836572
113 0.29266012872009067 6.597727020568354 -2.6460943560731573
114 -0.37585358085276344 6.4414162622369808 -3.1886253262660365
115 -0.37640234081980906 6.4423680654856312 -3.1921798672932753
116 -0.99242619123839004 6.2657936066726396 -2.638036249401003
117 -2.6603548139743509 5.352219700083924 -2.6938881118405025
118 -2.6619570533291981 5.3444096195395856 -2.6959763741383735
119 -4.6156967386910344 3.2343824107758419 -3.1494953058751864
120 -6.6579261510949745 2.5588650771749131 -3.888461192826735
121 -7.2014490440754413 3.2194675737510448 -4.2172719655994921
122 -6.9231309719365779 2.8835666080775031 -4.427115030312998
123 -6.26780781594824 1.8071002657812147 -5.3321035051425056
124 -6.3184972330268101 1.3816494241494841 -5.9917897034715102
125 -5.4719350715606261 1.6117673707771887 -5.9924630080619821
126 -4.6581927744641378 2.0996327992490214 -5.296953309291438
127 -4.9332329943871747 1.4748599817813872 -5.2644670894721459
128 -4.951915494827789 1.0745730953770405 -5.3050264844195727
129 -4.7373881742678154 1.7327595501363289 -4.7804523599848547
130 -4.7645248592283309 3.3635490564077757 -4.8642574042704601
131 -5.0020146389746163 4.183546051850807 -3.7453859279386328
132 -6.9065514313515912 4.8746514278996296 -2.7788314029836236
133 -8.2155326041341077 3.8757796452835058 -1.7823099462470646
134 -8.0114510812714119 3.4516378336989315 -0.62208757708087248
135 -8.0733351269358682 3.3808383314345676 -0.800465790873226
136 -8.0763107309099595 3.381358709611062 -0.80149476825246557
137 -8.0767823866500343 3.315780097825054 -0.88999094043096461
138 -8.040488700507046 3.2372300188094223 -0.8904729513113111
139 -8.0006999790940085 3.7286048434769503 0.80756293637186305
140 -7.7560886749679074 3.1140340641693895 -1.441088404563508
141 -7.7641645982735925 3.1151358859681646 -1.4617063030781909
142 -7.8788270291713216 3.3134767385974802 -1.726581370962629
143 -8.2198250025527777 3.0307033083012378 -2.9390612134273826
144 -8.9412723184829463 2.8654337995531831 -3.0248024515613068
145 -9.6269033098974948 2.8725529285546294 -3.5656297317309051
146 -9.3960055801820772 3.0175845587758428 -4.546122517291967
147 -9.0632353920898314 2.2364267404020257 -5.1705102244649961
148 -9.2619871423300975 1.4137917938151576 -5.8191000574730234
149 -9.4450052589475479 1.2047466201041934 -6.1941705666238747
150 -9.1782843739243969 1.208141166663554 -6.2313922884494719
151 -8.5389118728363442 1.0106352687225433 -7.4217365786447811
152 -8.5367698709966131 1.0035838556861323 -7.4314395319198248
153 -8.3062606641276773 -0.20822015494351487 -8.7245238853429168
154 -8.5742129507465137 -0.24098099374483029 -9.512254043637725
155 -9.608320217623719 -1.1378873641940475 -5.0394294939195756
156 -9.4192294156309586 -1.2223096724420035 -6.0227735629831747
157 -8.9512957240938853 -1.3245732776495456 -7.0064518432460821
158 -8.7885959351730918 -1.7518351594392245 -7.9082486517343318
159 -8.7913394555462503 -1.7546898526117078 -7.9139772517167346
160 -8.9630100690412053 -2.6198757654935099 -8.5700371194336871
161 -9.8569726750879987 -3.3224507953883413 -9.4486410256748705
162 -10.510001193153927 -3.2333713161001016 -9.7789912390269489
163 -10.998944171263982 -2.8962714049045135 -10.321265675243772
164 -11.66808060644307 -2.8240532678615327 -8.4440744341390168
165 -11.66747465182767 -2.8239501119997978 -8.4270852404171936
166 -11.427725590579637 -3.612489129909743 -6.3210852057220457
167 -10.262641229853749 -3.8370598112113017 -6.9467169047641164
168 -9.2418491963107368 -4.677868279099 -7.0704743462376847
169 -8.5422723020473335 -5.5377067801073432 -7.4860523879476037
170 -8.4206990723049699 -5.9677763245780513 -7.622916962961181
171 -8.3990835691157155 -6.0677922500986474 -7.6336228305119125
172 -7.6601879633048311 -5.4874459091660492 -4.9420399760465594
173 -8.2466225191424609 -3.1645991067949382 -1.9482270766550984
174 -8.2262559505778103 -3.1682587500760877 -1.8791062982183575
175 -8.2925560423588287 -3.1659784501668873 -2.017354038091054
176 -8.2907530004306071 -3.1636638730214486 -2.018771151729724
177 -8.8068082352731736 -4.0742634637325992 -2.2351328676645323
178 -9.6178048103447313 -5.0260798958632718 -2.3821825492322617
179 -9.8624627605606019 -5.2585998990161613 -2.3671149779969589
180 -9.8609173034373434 -5.258088143858795 -2.3671789649263006
181 -10.156101805517137 -5.5079945776573309 -2.419816219137827
182 -10.029559234495729 -5.3642312112701749 -2.4417397390842672
183 -9.7028769144383915 -5.084619152273965 -2.3703877735905916
184 -9.459248395624769 -4.8174272349261358 -2.3383271851638301
185 -9.0028157518376002 -4.4405351215995772 -2.025934020209351
186 -9.1146133222026737 -4.3026870377973934 -2.4058763014901583
187 -8.6477390716179308 -3.7381244807804563 -2.5835587978744288
188 -7.8918093909559337 -2.9491940775207235 -3.2271386387422116
189 -6.470977747847737 -3.1676570162793247 -2.8504518361598654
190 -6.4621990375624323 -3.163757075310218 -2.8457383474079045
191 -7.9749818963209327 -3.4981554455479542 -3.2454935887707954
192 -8.1819728058759686 -3.4699795583177293 -3.2613723200081144
193 -8.2646503582511635 -3.4383852080568005 -3.2827836601658449
194 -8.2495936537406216 -3.4216433845443777 -3.2606434377894118
195 -8.1906345444022683 -3.3898867081929764 -3.2345022324173223
196 -8.1567991706170879 -3.3465970235770763 -3.1596908476804804
197 -8.242756686330635 -3.264344960588955 -3.1486726282897952
198 -8.6441734598735351 -3.2417401199601295 -3.0045483791515979
199 -9.1677424465099548 -3.253161745941445 -3.1073755843848874
200 -10.762261296272708 -3.5989491900081054 -3.3538148488759054
201 -10.767803306165469 -3.5960421992995477 -3.3541946061656223
202 -12.017634147239352 -3.9113048784000943 -3.1907953557028113
203 -13.233196596933828 -4.080291771659561 -3.4740316442147283
204 -14.14557436081914 -4.1360457974810965 -3.3031828512066443
205 -15.201900241690048 -4.2756119809225748 -3.4076423829640801
206 -16.404168948262498 -4.5963222343595422 -3.7126505454352259
207 -17.836973591629057 -5.2610386598113648 -3.9588240246100694
208 -20.224094537400465 -6.3055776684135738 -6.0040423037140487
209 -19.611932174219305 -5.9644701939283618 -5.5192848223916027
210 -19.59092617065194 -5.8466658200898154 -4.6765539540059349
211 -19.480595408529943 -6.2690374486328384 -3.7597669863626901
212 -19.022232385927051 -6.6027362958499074 -3.1263259802437378
213 -19.018260155064837 -6.6069612501709818 -3.1213731967495142
214 -18.819990239333862 -6.3822729502866391 -3.6626554739887949
215 -18.115318570796628 -6.3238445189223427 -4.4647570152344169
216 -17.599185738441626 -6.7087006194087744 -5.1789718010534775
217 -17.321136212675491 -6.912537045380196 -5.7688478502619738
218 -16.865105315087749 -6.7218465138645858 -6.0293624546950504
219 -16.076628989770018 -6.432253792480493 -6.0261812258918344
220 -15.021260829741983 -5.9754388956820748 -5.565788820875337
221 -14.713902968964227 -5.5273056465099524 -4.9465058777995772
222 -14.773295028874021 -5.3970210171338726 -4.379292841850333
223 -14.568162121873531 -5.9220832688607921 -4.0161082603760425
224 -13.940933252179551 -6.73287863809598 -3.3498892667864935
225 -12.819131171455059 -6.9676004812030072 -2.8900104479291011
226 -11.694053817065264 -6.6930446218548045 -2.4459107309530137
227 -11.269603580199993 -6.3338470195795527 -2.3307322650412785
228 -10.651371067410002 -5.6752554999898894 -2.0796197277786796
229 -10.16996837802523 -4.8580103256955098 -1.7069737965093863
230 -10.199052806108563 -4.6933270886730396 -1.8877130398469197
231 -9.7010678172615563 -3.5514654755444162 -1.0984738826185607
232 -9.2397303387435681 -4.3386537491727424 -0.97148832859597789
233 -8.5276781858725652 -5.4898935334455006 -1.422511988457851
234 -8.5891310495965847 -5.2286569573937038 -1.4666792190043194
235 -8.7080519838053334 -4.5272410193718935 -1.5072882466920137
236 -8.7246680211095136 -3.44603486760258 -0.89306269937721361
237 -8.2154855953299482 -3.9912673084464396 -0.79183413378315914
238 -7.5615575461211337 -4.6738836921441935 -1.1837226762046047
239 -7.7427640045689046 -4.324944053681282 -1.2530685262228947
240 -7.9924391608595968 -3.6347334935192115 -1.089006117269963
241 -8.2368125243709027 -3.3261646836419989 -1.4013952800832326
242 -8.6243255950433237 -2.0416703177528381 -1.6584047761400693
243 -8.8568565703284712 -1.0307200725526076 -2.8718391882946208
244 -9.1100097102959303 -0.82056587917616386 -4.1020816210595825
245 -10.043925714941551 0.52013427222537456 -5.0268709057197203
246 -9.4666756628161846 2.3215932562032418 -6.0545819806867067
247 -8.9082331748928407 2.2909371934546465 -7.1510554951045426
248 -9.834999949560391 2.7559284550798053 -8.6094558826487209
249 -9.7314611052507498 3.0138780649352803 -8.8311219159853565
250 -9.7395136987871638 3.0265941788511679 -8.8322111558736811
251 -9.9095160282678059 2.9151585162246634 -8.7086529803546071
252 -9.788805542211195 3.1427439834599467 -8.9560843920416904
253 -10.117642166207341 2.9656308849447628 -8.8075793255143822
254 -9.9800504171514888 3.1085682582280065 -8.8055970943488617
255 -9.6702348987240629 3.4273111219962633 -9.0920582942062271
256 -9.7057557643296057 3.4406476939384869 -9.1154414152407153
257 -9.7599969446407258 3.3980397579254427 -8.8488341452069683
258 -9.3600476469624727 3.0843496931565104 -6.1802953372417795
259 -8.8675371037177957 3.1425262661224842 -6.1342342796044971
260 -8.8663615118566419 3.1438120067505033 -6.1335032732589951
261 -8.3045295935937453 3.2204739656641026 -6.1119576606014991
262 -7.802433342202626 3.28611604827279 -6.1208043162415908
263 -7.2358698244538315 3.3413250745491183 -6.1675737162670972
264 -6.7430146751921436 3.3587543006137164 -6.2448185521454525
265 -6.20588315847289 3.326397064388217 -6.3770271639740983
266 -5.7162456726629243 3.2258216364978045 -6.558605286010847
267 -5.3383831680729852 3.0741998032267626 -6.7637732252686238
268 -5.0021687295530981 2.8363627019618582 -7.0469562778052044
269 -4.8134580845816668 2.5926393885130796 -7.3464124125215147
270 -4.7388404169484417 2.3241979898977463 -7.7294935501363415
271 -4.7195684660840591 2.1789920383395889 -7.7680270718749664
272 -4.7176315730240734 2.0234192144344836 -7.858000303024137
273 -4.6409758293134367 1.972056109966684 -7.4508156225789959
274 -4.4904694887167409 1.813642930031597 -7.0691451164063599
275 -4.2256015407032086 1.6172661010413008 -6.7985562232083581
276 -3.7872879144006415 1.4193695940570676 -6.5759843520991357
277 -3.2478526412635951 1.2847461604197798 -6.4312568405558412
278 -2.7191832318446654 1.216806867121752 -6.3584024645250876
279 -2.1000537514171791 1.172630274719014 -6.3329224099556694
280 -1.5436580916472291 1.140350225543588 -6.3564856208254081
281 -0.93501001362191694 1.0834984280385567 -6.4305361719659357
282 -0.4232177021214899 0.99470991971794465 -6.5382372678626961
283 0.099197466220578234 0.83547097404743176 -6.7065414206435561
284 0.48482457511062782 0.63829242276452058 -6.8964357004335302
285 0.8067679383271984 0.36593746125021087 -7.1588377749776804
286 0.96060886577363802 0.12186946411635313 -7.4398983783453962
287 0.99262194372658274 -0.10167293245102016 -7.8078217872696341
288 0.94297061983941677 -0.18795929177455961 -8.1755643954752113
289 0.8940444677726368 -0.37048750173503708 -8.1103875265027217
290 0.89438164009026022 -0.36943211644805518 -8.10929995689661
291 0.81610018622712266 -0.65665388218987242 -8.1188073299689147
292 0.74865234181499252 -0.90710267911492037 -8.0997218773617998
293 0.68632537036877772 -1.1764780911305555 -8.0488178074818375
294 0.64753670195779511 -1.4048485125549011 -7.9809122421863963
295 0.62821421386279752 -1.6459689390192314 -7.8817178625948463
296 0.63422457949035871 -1.8464590384583606 -7.7730734380129887
297 0.64306728532111923 -1.9553871980802917 -7.765580187196214
298 0.65498300064754267 -2.0488336628326014 -7.7280522761526615
299 0.6768725142637666 -2.1432493682116145 -7.6529303079056152
300 0.70656397393372927 -2.2169248023752366 -7.5478976138943565
301 0.71314260246725458 -2.2226631410186122 -7.5044509493754772
302 0.72220985067070853 -2.2096210132335456 -7.4066435740856438
303 0.71888288166953707 -2.1670199293743941 -7.2791187902699059
304 0.67281404065729866 -2.0316784533371886 -7.0214052006268926
305 0.52148618984437611 -1.8738326853834075 -6.7509626653019632
306 0.244584248781053 -1.7358986160465233 -6.4227344168589742
307 0.0097474063030043023 -1.7591060693031086 -6.3598104982524299
308 0.0044457765640748548 -1.7568504067590656 -6.3587141291626903
309 -0.22431305771953491 -1.8030122474898245 -6.3088477462510886
310 -0.40301475883169169 -1.8501534272589906 -6.248098051462172
311 -0.57355224757913459 -1.913768170961232 -6.2337546460805084
312 -0.70830252875335198 -1.9673102500716939 -6.1811368634468309
313 -0.85804150531847456 -2.0090110409820059 -5.9191540736430657
314 -0.88072825722578141 -2.0212690554853512 -5.7314560240940597
315 -0.82797835303812806 -1.9850127076947004 -5.6262808054576077
316 -0.72898288300385894 -1.9042197894177879 -5.5732432932945093
317 -0.73452717487091579 -1.8999291039074626 -5.572919729905359
318 -0.62418189067946284 -1.8029124078471963 -5.5842629938141632
319 -0.63006096639669296 -1.7981847758543634 -5.5854256556601118
320 -0.49887351346664577 -1.695295749512709 -5.6603112143303784
321 -0.50478618665314134 -1.6905574412463875 -5.6630968769491696
322 -0.40429393072100034 -1.6338541884688533 -5.7754956498315559
323 -0.26561084927202566 -1.6238899043273078 -6.3076527732898739
324 -0.38281072630783702 -1.6576644984785349 -6.3797385649360141
325 -0.54171710637727588 -1.6873107544348447 -6.440365113690488
326 -0.68964436204978385 -1.7055632031396311 -6.5140771338469605
327 -0.86427488955260046 -1.7198554617869082 -6.6168312015984601
328 -1.0487677563657216 -1.7190867867226138 -6.6526578734468558
329 -1.2152178435340844 -1.7059353787396547 -6.694407001797293
330 -1.4001113473765145 -1.6832994665346459 -6.7455814970182564
331 -1.5045872256872801 -1.7068827132055304 -7.1924570077066488
332 -1.5611052296648829 -1.7291607831666349 -7.299264636888414
333 -1.6109523029929833 -1.7520374801236831 -7.3918750684377983
334 -1.6620451949411252 -1.7833183969395703 -7.4826667388120693
335 -1.7188446789257608 -1.808729983246528 -7.6243908078197773
336 -1.7713144533679754 -1.848332391174851 -7.7732890208760059
337 -1.811980872619636 -1.895404531334502 -7.9002999141314749
338 -1.8603384694981013 -1.9613853274061894 -8.0367883501858088
339 -1.9198571195160881 -2.0291141293113237 -8.1400763754515104
340 -1.9883839485513164 -2.186259098204006 -8.4268356687493853
341 -2.1127157014029798 -2.3139375666444013 -8.7020240696440343
342 -2.2228810378974018 -2.2747194200541587 -9.1150294483319865
343 -2.3969328353383874 -2.2829938614383041 -9.3523688860137888
344 -2.5911796704184469 -2.2550169215137132 -9.5765139781554822
345 -2.4295644101714884 -1.9442490983120981 -9.7360126877432247
346 -2.5344859590440665 -2.0047208573204678 -8.7406954372453942
347 -2.5328753833761168 -2.0047195230433204 -8.7251152933017071
348 -2.5717071191502487 -2.2464820106950363 -7.5220041839028049
349 -2.1848710376404368 -2.5692809089049184 -6.2344551122863647
350 -1.5644445221650034 -2.5187806518551783 -6.8414629117944843
351 -0.62743716863520715 -3.2884987772556675 -8.0170804286219326
352 -0.93650908144647937 -3.9396121962583628 -9.2135995837447044
353 -0.83413109224602588 -3.5523423046350917 -10.713518466824127
354 -0.52059560807506322 -3.599302004205962 -12.037687731777513
355 0.007287359195729079 -2.7470437724917112 -10.014759503136402
356 0.010164721227078816 -2.7465727011066807 -9.9955950921845709
357 -0.25411493047232508 -3.01345106804769 -8.1200387482401286
358 -0.4998557698612095 -2.9102792128597943 -9.2476325670584796
359 -0.50597946380824443 -2.9053174063520797 -9.2548555757429281
360 -1.4880599331024627 -2.8096802493125894 -10.497587958418368
361 -2.2343894011343939 -0.84978349820081522 -11.719486585726564
362 -2.2817811484600723 0.82180221776560303 -6.6735085076853409
363 -1.7752552384447855 0.43337682536971656 -7.2889595534812353
364 -1.3999765328825631 -0.47090250248946375 -7.926062527960009
365 -1.5628958835423732 -1.0604444271690328 -8.4180271952192829
366 -1.9744979014711104 -1.405294685711127 -9.0262412188216512
367 -2.298529034812379 -1.409935307737483 -9.6196894013652621
368 -2.5218900731645153 -1.1666497905384343 -10.319419154029505
369 -2.8555892375586196 -0.72836561529871058 -10.413493321393517
370 -2.9984812781948498 -0.33390391984888934 -10.648475978137965
371 -3.0148182551900988 0.0096461895237052175 -10.598978805245512
372 -3.0593461142762068 0.061030402209397483 -10.616398993807628
373 -3.0360129078454081 0.19307493216550142 -10.688080841918275
374 -3.2108826532935488 0.7621349000425468 -10.575970597384011
375 -3.1587004194762209 1.0102552603072081 -10.540137895683623
376 -2.8962578624523712 1.5044941870194113 -10.516110052911287
377 -2.6971342680330839 1.7018205931524311 -10.396657780945189
378 -0.023795986076965647 2.466332244583235 -8.4954874777913965
379 0.38497984728525125 3.8947198855109235 -9.0071790818090776
380 0.40131319010907029 3.9014757772080495 -9.0163737565947688
381 0.61208287973667419 3.3343230546527387 -8.1933775662900921
382 0.27242301783157918 4.1372585297702003 -10.021512398084854
383 -0.36937339140426317 4.0427054214811724 -7.6538800473079824
384 -0.36752508218096169 4.0473667338969648 -7.6209228652504759
385 -0.73558974009780531 4.2078494623045444 -8.4870717667686151
386 -0.9395252995061405 4.2672434792827669 -9.2355980556447665
387 -2.007042008234996 3.3470247611682611 -6.322467694143584
388 -3.3406345661155292 2.3754392767679686 -9.3088737036258831
389 -3.8473748235240119 1.5709041232909848 -9.015383391912847
390 -4.2706918245015597 1.1989500102376272 -8.5678801469584673
391 -4.4636827455795505 1.1900422118537 -8.0312380986419925
392 -5.0866511070470484 1.5704773434935655 -9.2197045262436603
393 -4.7443070979612507 1.6771853771489122 -8.9442102039323856
394 -4.5728094939330131 2.4028743170846818 -10.535302875046032
395 -5.5975049190272061 4.1632867147959791 -11.617534221035001
396 -5.140242216520889 5.2653280941140226 -11.024703913621414
397 -5.3723242344848092 6.5889543458360196 -10.446975156181502
398 -6.6234129981776277 7.6947924341546337 -9.84154981839872
399 -7.8778365743863903 7.7979943624477128 -9.0871208491248918
400 -8.2853961180401932 7.5609351859164962 -8.6428571355722728
401 -8.5686669018051695 7.1312399667995638 -8.1724403193386923
402 -8.6996913797071684 6.7198265711506373 -8.1448991579768339
403 -8.7596229827099226 6.325215500190148 -7.8131060936701573
404 -8.7301346309972789 6.3457168463063329 -7.2646426444524215
405 -8.8783055266955024 6.4966201511265282 -7.0652879875566699
406 -9.1256325325933751 6.7050274712413298 -6.8245845237068821
407 -9.705163603893876 7.2769646400589529 -5.6913244964009762
408 -10.395439251065405 6.6557353255824161 -6.3152352581840949
409 -10.401425364601831 6.6497829803834447 -6.322412186997445
410 -10.679036718387383 6.7601089319907137 -5.9327317745178094
411 -11.102375733469843 6.7549994698781912 -5.4607007473879845
412 -11.408375040327424 6.5999257570684744 -5.0593399459731483
413 -11.354354606389133 6.7836608009760484 -5.0443860114395607
414 -11.232355502644827 7.1888059299501421 -4.9974727060191348
415 -11.018933003271318 7.8127728719998011 -5.0879916103164584
416 -10.771620571825903 8.3544431149271521 -5.1949055782966296
417 -10.410421991749125 9.026350627885444 -5.2161810494328815
418 -10.032733258321066 9.6416640779927612 -5.3186735854182743
419 -9.5302371280726241 10.286619037138701 -5.4406505849406406
420 -9.0259886248530741 10.807171557854353 -5.5304925419797355
421 -8.4536164105028444 11.305271351556671 -5.6081001589588713
422 -7.8615713416152992 11.73393477425876 -5.7113751099753252
423 -7.3329511026831726 12.062874385471044 -5.7430691428782454
424 -6.7427370695784612 12.39266406827322 -5.8079350093924713
425 -6.2347442873465591 12.652317086454014 -5.8154967649140819
426 -5.7369689041980543 12.916392496530595 -5.7833497036843085
427 -5.1842272228320123 13.140552090512733 -6.043898431657805
428 -4.5192282665815195 13.21409304431047 -6.341840050775299
429 -3.9388713266767117 13.109696616066213 -6.6169659393809788
430 -3.3647308217782212 12.810117429273856 -6.9468143711846437
431 -2.9813456735892707 12.408989944310733 -7.2593301508790056
432 -2.7397635050771831 11.860680182034994 -7.6316918608603661
433 -2.7284616036775717 11.280854095118457 -8.0296388068127129
434 -2.9142315221060171 10.813173779706906 -8.4047262737167436
435 -3.3249070447880502 10.409918361554402 -8.8474450217455249
436 -3.8246833559026219 9.8616613435447356 -8.2635148538426009
437 -3.8257187015157808 9.8613430984678878 -8.2581915075670693
438 -3.9376868575453625 9.095917267004701 -7.6792851600252545
439 -3.7681398859739437 8.8429345652711291 -7.0520509135384195
440 -3.728681337021102 9.0124646234627548 -6.1296717446513513
441 -3.5968447122857561 8.6082329377059459 -7.274267574954087
442 -4.0690260700470446 8.3151202063482668 -8.5809467105680888
443 -4.729940984569625 7.9160448343707639 -9.5732376473256569
444 -5.9461612241396011 7.6473225108201035 -8.6434856464238745
445 -6.7089711100983331 7.3926489294488071 -9.9336986025866754
446 -7.6224260441353255 7.9968744170351744 -10.940793087792349
447 -7.5423205989262554 9.1170659585694427 -12.080567109664827
448 -7.4487390358459598 9.2816621662751437 -11.250909356160141
449 -7.8225520086973397 9.5511665719534573 -9.2141058886305611
450 -8.8544410921645031 9.1703388607321443 -9.0712009876986563
451 -9.9056807375266853 8.8012436419027225 -9.3551708247699015
452 -9.9101842668670628 8.8033054120237502 -9.3573104323956109
453 -10.423465107370227 8.6317296517024396 -8.9267159546509429
454 -10.710154429966687 8.8374796399330435 -9.0616183055999375
455 -10.284339463330699 8.9053242689079521 -8.7644867720389623
456 -10.28057055486372 8.9109970021930742 -8.7612592271172449
457 -9.6458610452598901 9.2396447941095019 -8.2818410228107631
458 -9.1893863868457348 9.9316015217748994 -7.7345057846364522
459 -9.1731947584597613 10.442951310459398 -7.3606669529267243
460 -9.2433881882841824 10.633899756672177 -7.2246305280098388
461 -9.064360620292959 10.559950531599007 -6.7542652650260555
462 -8.1028930854091055 10.234588328200301 -6.2343794402607786
463 -6.8545393577533522 10.376304766002143 -5.9615286555283369
464 -5.8014675596476772 10.510528066170775 -6.8741576774001176
465 -5.2936843607533213 9.9471391054870359 -7.7696075798611979
466 -4.9138850643045799 9.4398257572574931 -6.4793454610808201
467 -4.9103992366113145 9.4401011200714251 -6.4700251993275177
468 -4.1378496162664327 8.9986175510230098 -7.7931217852523176
469 -4.5445791254215777 8.4514872489386779 -9.3953922427875742
470 -5.0358590126871263 8.3907791246746974 -9.2371097418102046
471 -5.5119404704195425 8.0734968211575904 -8.4116512676685531
472 -6.6827101154443058 5.7879413693228354 -7.9546920934543026
473 -6.7494500625643319 3.4324564449917427 -7.6245253928125178
474 -6.0417339030262553 1.1289961434841798 -7.35805861836735
475 -5.1756998420265248 -0.25538023320313874 -7.1470209172780592
476 -4.6771883219618964 -0.9879822325626324 -7.4228081035873243
477 -3.7882095503413407 -2.256471236077449 -6.6852273607106456
478 -4.6423852516312891 -1.9603119466791665 -6.4954332208519014
479 -5.965491878404606 -1.5777345740628959 -5.4826484819075185
480 -5.6211379442187663 -1.3891876671206125 -5.6408370897155296
481 -5.2256622990141519 -1.0652305328617664 -5.5205682000205591
482 -5.0158817733051899 -0.72214123605966707 -5.1492993759747145
483 -5.134230197371398 -0.47473258995158762 -4.4613667129911994
484 -5.2882293084420677 -0.58278144626496697 -3.7100528709799381
485 -5.0767494297936766 -0.76343487713223512 -3.196468425353669
486 -5.0800301311980736 -0.78019747848316889 -2.9392274641127001
487 -5.4479734648416258 -0.57178087967393176 -3.5640377591399184
488 -5.3205934006709263 -0.29574425417146755 -4.307957832386915
489 -6.2480288562327209 -0.059393200068756147 -2.3156116464617389
490 -6.67716529543502 0.60961685836959001 -4.3371760238648349
491 -5.9716409698796253 1.2665993369337003 -6.4935597865146031
492 -6.0767883073054607 1.18710513515042 -6.6242316723432824
493 -5.6475373647564053 1.3206302328736448 -5.8287251246989626
494 -5.4921310302669744 1.5640888187797373 -5.3892177366612692
495 -5.0184235394727681 2.4397553310135738 -4.9444948736349543
496 -4.6534645299127844 4.2831243839851805 -4.9016669048388959
497 -4.5883797715450507 5.9082912453608092 -4.434698459837894
498 -5.2824796483106784 7.720319234708656 -4.2224027332070122
499 -5.7911499042448744 8.5077774257986256 -4.0250093682282007
500 -5.3415882765398948 8.4291177665712453 -4.4982634450935253
501 -5.9274412938708609 9.5357769948400275 -3.6523770332013852
502 -5.1145872117905089 9.0406121345603143 -3.3556764240913095
503 -4.3464936331015824 9.0493849963086035 -3.571477931691351
504 -3.9770869142248064 8.8198676418842066 -3.4218603361670636
505 -3.443450651433678 8.426085287206325 -2.8653089343451073
506 -4.1295055367873728 8.011435219014599 -2.2419190735831465
507 -4.4333021306202909 7.4754925990184304 -1.9738797786607609
508 -4.5776852374158619 7.0008488606619084 -1.7930866315905312
509 -4.6769209025938325 6.4718470337565446 -1.7247163123369764
510 -4.7083005751266134 5.9959739878462113 -1.5689659637397899
511 -5.0302655852333862 5.4755670496024615 -2.5885710929357124
512 -5.9995857807486521 4.452748925096305 -2.0990163401754751
513 -6.3100951198588859 3.2216196322830206 -1.3018293408284853
514 -6.0764908931546859 2.1354510894202288 -1.4735764427441194
515 -5.8691764251070158 0.91296266104248502 -1.1899434185010351
516 -5.635112063308795 0.55720077262019563 -0.9977947649764628
517 -5.3839807476412069 -0.21379285915754981 -1.6653692742178001
518 -5.3698710843378663 0.59158533283091108 -1.9659074212265071
519 -5.6822254595702661 0.1893698284894697 -2.3656660205253961
520 -6.451192867876137 -0.32200532800850923 -2.8089848201901968
521 -7.3895445917883498 -0.49160380715238994 -3.2327558090765236
522 -8.233176195114412 -0.27012803556529519 -3.5969782692616885
523 -8.7229673033931903 0.08797610372018716 -3.8900648044294099
524 -9.097325693250502 0.64046610668019255 -4.2586536835048587
525 -9.3801765986064147 1.3741948588082202 -4.4207701769626269
526 -9.5170177940670317 2.0529945233461002 -4.5965354225262951
527 -9.5022160334454959 2.8281150225136198 -4.8469442814658459
528 -9.3364552997333501 3.7119412114381203 -4.9737242355215345
529 -9.2408095374428214 4.5719111646415254 -4.6842255450843027
530 -9.388149966054371 5.7680114698438461 -4.7222655264599194
531 -9.3711145674684744 7.1740211349471892 -5.0849256291750065
532 -10.385075727079787 8.0736656304704262 -1.8904556721439032
533 -10.400510495360136 6.8865392040460929 -1.1659165049352738
534 -10.125776237988457 5.4153786382534612 -1.3031875680062157
535 -10.432076251688116 4.0224059731154931 -2.3384372487768537
536 -10.478188546151502 3.9612711562409202 -1.9528877054123797
537 -11.088910547365741 2.8611667784226551 -2.5471713390296302
538 -11.517768553262295 2.6029336782083439 -2.1489708728664771
539 -11.06242827956279 0.64408254264180798 -2.0400077099450611
540 -8.7232311177040991 -1.271794062795959 -2.0495156335681859
541 -6.4621462640720297 -2.8757244068595291 -2.0484388844496646
542 -5.4622770654417625 -5.273406931485332 -2.1631000415931418
543 -5.7969332320198861 -5.9779183080346971 -1.8859789095457256
544 -6.1285869655527234 -7.1829218918999489 -1.8734887397540629
545 -6.5530894459725859 -8.2520673750497693 -2.1428062625728428
546 -6.438024772993896 -8.1550726342238455 -2.0170814751866697
547 -6.0681316359906541 -6.9390540152849756 -2.2990625003323926
548 -5.3962126427654944 -6.622789886531554 -1.5578550881614242
549 -5.2556577467018304 -4.9426977040005386 -1.2525036882280614
550 -5.5212863026419265 -3.8796545491917764 -1.0956945580413811
551 -7.3390319881593111 -4.2582985615735378 -4.1728971539487159
552 -7.3504400832965189 -1.5425761741589583 -6.8924958191681673
553 -4.7489328768394463 0.83464455929718806 -0.56890973924133315
554 -4.2533213259791598 0.55730893037846818 -0.47578070612714252
555 -3.7082145206643498 0.24265945099894187 -0.53424665465784527
556 -4.132125104498253 0.50610874341600909 -0.47153081306245398
557 -3.9885463395096665 0.53227143393416232 -0.23392340935155187
558 -3.938463272660941 0.67190117334006927 0.14343831386471928
559 -3.6339474219652375 0.54994691311975941 -0.3436938903015444
560 -4.133150944762777 0.65431465661103982 -0.47623550697810946
561 -4.6028448176263916 1.1230845816951271 0.20837509814884719
562 -4.6824070484773399 1.2743875798788444 0.65093711699946499
563 -4.2346983745354834 1.5978123939461744 0.59744539117527817
564 -3.6537359659359105 1.7104969955322886 -0.009637208554988768
565 -4.7567730440040279 1.6126834773554335 -0.32055790278609175
566 -5.9850022063950741 1.9784807037647176 -0.16918769428847219
567 -7.1234777777570866 2.1559255847789229 -0.18900726988893185
568 -6.8688819053281458 1.8306426099533715 -0.75192201651554258
569 -6.3618158067457831 1.2074489445291159 -1.0058102111617337
570 -5.8503253385164928 0.4435412910997853 -0.94198162219099246
571 -5.1369123506326799 -0.26371120713524088 -0.5426884598115691
572 -4.5236183683647697 -0.3595191849998523 0.10782779519081231
573 -4.4109666714890352 0.064770834893264989 1.1078061658926519
574 -4.20418512278974 0.35335279949209353 0.97668329673304943
575 -3.8343051019047345 0.82822037708672769 0.88918141792840899
576 -3.4127458037274971 1.2827575323118137 0.78426122894991568
577 -2.8674672202457483 1.7656939424275648 0.68499472073208689
578 -2.3397265971087995 2.1888045433925942 0.66848340524474958
579 -1.9756024742190623 2.8892785074725125 1.4551185633138761
580 -1.4740440928666727 3.1506235763559856 0.45152891776418935
581 -1.2116664518495037 3.219656770128827 0.32800180052358818
582 -1.6663792710037488 3.050146044685536 0.32829602476661057
583 -2.1109277918343543 2.9825769195873257 0.64201275614954456
584 -1.7054626807587969 2.8125152382660521 -0.22662956954547284
585 -1.7052282201141822 2.8089685788038654 -0.23057828679441233
586 -0.81490229971982431 2.446840069674566 -0.66723729272898202
587 0.30749454913472574 1.5555881505523965 -0.78155429717481817
588 1.4221701275826746 0.91420357292162657 0.019270844685220057
589 2.5458161574031903 1.3536504169546608 1.0703258719997453
590 3.6872714128505422 0.90440288380169953 -2.4457043094685083
591 3.6247562800037292 -0.17644067448035428 -0.4376238482072905
592 4.0630103138707909 -0.64588375718955626 -1.0617758939879607
593 4.0214091295519392 -1.0574548059855242 -1.7573184269482722
594 3.6733841731706969 -2.0678243876756564 -2.1644180307108356
595 2.8718994337140171 -2.9563035044277917 -2.6758596280789471
596 1.4564147174411846 -3.5388787765241418 -3.0034061210450016
597 0.076845352591260088 -3.6512482914273048 -3.2429893829923295
598 -1.3959073752005071 -3.3901983862220009 -3.5418247035049899
599 -3.5092485450022157 -2.450699536309263 -3.6693926356053623
600 -5.8649695446469643 -1.3962468733160129 -3.9551266256286861
601 -7.6445880694744952 -0.096400838539061395 -4.3519322850846072
602 -8.4398740949186308 1.7578807943338528 -5.1324385633031326
603 -8.3622725420532902 1.6659548171249514 -5.4728855973276485
604 -8.3519158145243466 1.5227928247443878 -5.8138556899022715
605 -8.0532730584255496 1.5418826240599415 -6.1575256904888542
606 -7.5149822545387019 1.5947417102381283 -6.1927732181278099
607 -6.8358193314617992 1.580122163423916 -6.4176485714023137
608 -6.2586383582120062 1.2833281929672591 -7.1856236175856401
609 -5.4988637479784579 0.51785821946609756 -6.7849007914283881
610 -5.4969989207881644 0.51678550585751237 -6.7812847284576847
611 -4.6075806351850996 0.033205829703359328 -6.8275659098714279
612 -4.3908432503173387 -0.13955214641179406 -6.9149438344628846
613 -4.1352583971853072 -0.30338280440706744 -6.8448980634481886
614 -4.3981259085037578 -0.24077129495374269 -7.0112691287569575
615 -4.3824024924719236 -0.17037887009770092 -6.9830726380204036
616 -4.3577754606757937 -0.064073236866079686 -6.7735286352372173
617 -4.868676324977649 0.15111714077600749 -6.8984042680619817
618 -4.6165771901362644 0.067006869553752457 -6.54576976028385
619 -4.0377460875123123 -0.03005715430349859 -6.3630182426856017
620 -3.3928920693209332 -0.073021085405750308 -6.3854936124554067
621 -2.6842903995287846 -0.41902463712323645 -7.4851899559974004
622 -2.8926297262376446 -0.40823099691540571 -7.4195452175647985
623 -3.0854349452198342 -0.63079732878776107 -7.5751100780875671
624 -2.5519325353502031 -1.1204028344739483 -6.614678097394977
625 -1.6367383425835229 -0.95911072108637452 -5.5200659526653055
626 -1.2649673852941345 -0.068124816749213113 -4.4886963926334058
627 -1.4058208416823985 0.2320681516899008 -4.1500488913962634
628 -1.9262930889770575 0.85343064455369311 -3.8925533204558587
629 -2.7022170898417852 1.3789722056811557 -3.5500832545166334
630 -4.0044055840695272 1.7199350203894181 -3.1740678163302372
631 -5.4356391631493794 1.8237475099387388 -3.6572346695139863
632 -6.6355063090667281 2.1299183805161968 -2.9041920627455515
633 -6.6391093347634342 2.1267533356568409 -2.900463593804723
634 -8.115230681023224 1.1911299745068158 -1.4470790970073077
635 -7.3478854619555438 0.063942825271533055 0.20097944222056013
636 -7.888504023326858 -0.29342950302196114 -0.3156742045621006
637 -7.8935220807518878 -0.29658195279386268 -0.31996989156027655
638 -8.3089426341230634 -0.024691688233422715 0.51608928983680591
639 -9.1693346394499091 -0.4492718372503256 1.2109700081035517
640 -9.1757665749211608 -0.45220509512119311 1.2150509882496605
641 -8.8998732731592298 -0.18641847043094306 0.7440240683459467
642 -8.5389869993474434 -0.20071289124192426 0.11464527275430496
643 -8.330050962286494 -0.3968933128736849 -0.47445529800606689
644 -8.1153801568836652 -0.70723341445426446 -0.85579812340410688
645 -7.911662963210027 -1.0767120764289722 -1.0838268389748509
646 -7.5835546275483194 -1.2929775154993233 -0.32525010235193264
647 -7.5855731257955634 -1.293092258792135 -0.31992532087571157
648 -7.1177170520301951 -1.2877301658994647 0.38717841862106439
649 -6.3547229261189022 -1.0445648905151756 0.096018341307964883
650 -5.6865050541547699 -1.0602063756046913 -0.19948304203986802
651 -5.0423327071168398 -1.3176432934478473 -0.58003489142078912
652 -4.6041891263397252 -1.7840956581707548 -1.029275979495897
653 -4.4508813886232428 -2.2963964608108403 -1.4633544683927617
654 -4.5788492737182827 -2.9320580844695954 -1.9831878947422381
655 -4.7707813983909126 -3.4954222553261927 -1.79219353037125
656 -4.7793415608827408 -4.295490315888415 -1.4393513581492225
657 -4.4035085053070917 -5.1581948057004681 -1.2335230519062095
658 -3.5641537988765508 -6.0736831144013763 -1.0722954078577946
659 -2.4700656125433271 -6.6970596219867655 -0.95063597451723392
660 -0.98925457597857025 -7.0783798302715182 -0.7752049387386345
661 0.43132398282170059 -7.023501906768959 -0.55851147909854393
662 0.43259893250753834 -7.023306092601544 -0.55674364250526098
663 1.9034298788298343 -6.5645930193959501 -0.17598938762434524
664 3.0198232032430568 -5.7744253021083285 0.3143900993472819
665 3.6144798054862988 -4.9617732196109285 0.81959890718934392
666 3.8763631255699971 -4.120085681867069 1.4270934515796552
667 3.8311291379556121 -3.5090444359322945 1.9717568462497679
668 3.5864300363040118 -3.0422929367724247 2.5474296593242127
669 3.2572217393277123 -2.8234956897091905 3.0094917117439706
670 2.8691731138764967 -2.7901208538661906 3.4485238160514018
671 2.5618716281495932 -2.9137430272569445 3.769519952393519
672 2.3082556645074126 -3.1483788615971662 4.0592729493015476
673 2.1622093350259415 -3.3993436172183706 4.2686471785785738
674 2.076478686535173 -3.6748179993296182 4.4497661476119816
675 2.0478521323828991 -3.9246102870007764 4.587225871906627
676 2.0528375278099746 -4.1209537527546694 4.6832301428042076
677 2.0754311541364907 -4.2999498414937305 4.7641099038050951
678 2.1006305761112092 -4.4196319197045852 4.81521345722087
679 2.123588101976527 -4.504561097292644 4.8507004083326279
680 2.1342087732278738 -4.5369539830979795 4.8658032493500212
681 2.1360858897845061 -4.5388740267806833 4.8690831644525776
682 2.1379341308135751 -4.5408981979081231 4.8723938223520324
683 2.1393570786852671 -4.5415185854887605 4.8752815158085658
684 2.140705825554754 -4.5422984106489279 4.8782493452494586
685 2.1504211504249913 -4.5695187103200894 4.8911267650502639
686 2.1729115194800412 -4.6327869088500186 4.9173912387218142
687 2.2179130195130825 -4.7494203017588825 4.9622029241607271
688 2.2806377707977772 -4.890838964035261 5.014672448664677
689 2.3845084030497077 -5.0924136149816652 5.0859460367450433
690 2.5220933553231712 -5.3157388855901999 5.1614497599945928
691 2.7440916570065914 -5.6159742960690968 5.2591316929272418
692 3.0147718155729613 -5.9156891813468437 5.3552934635227691
693 3.406763608238442 -6.2703124068820273 5.4713173926877516
694 3.9003004726306485 -6.6237570842601468 5.5960206846660094
695 4.4298506031639127 -6.9180699112392237 5.7170284369136164
696 5.1245122611132645 -7.2032910235998191 5.8646081686386298
697 5.8213230192933958 -7.3914770483588139 6.0041929473924585
698 6.6795785252619506 -7.5099060741276027 6.169941736110208
699 7.500429054495795 -7.508938915596997 6.3306358370239293
700 8.460393522266207 -7.3561143412421082 6.5412883768934647
701 9.3047747050756318 -7.0477042439120519 6.7650473105362385
702 10.183871279447661 -6.4707472358364138 7.0626389787036388
703 10.795068319780549 -5.7387785393649695 7.3859342042992155
704 11.120885799045185 -4.7413111579161953 7.8428120308421443
705 11.360061321025926 -3.6709413086592417 7.3669739400424605
706 11.359151326901493 -3.6698678701192602 7.3633539306047657
707 11.233970105840042 -3.9914879073317948 7.2922458991566161
708 11.22922728403795 -3.9935695013894872 7.2906256009602286
709 11.137133451789532 -4.4843446401229583 6.8499928349200152
710 9.6316245890147236 -5.5454388438493796 6.7669426838939053
711 9.0394618991770272 -5.7057150494356224 6.9980284147027438
712 9.0332499685375609 -5.703740091484228 6.997666966005764
713 8.9703837469585856 -5.9143353128251732 6.6568696877799551
714 7.8730399590404048 -5.9126275408169908 7.5345552930999729
715 8.0963122100929183 -5.05877770468115 7.645200373713168
716 8.5147242758919308 -3.9331916289599516 7.0407589355356661
717 8.5567575646619822 -3.8842064732859525 7.1314245112779071
718 9.1788900492505991 -3.2588448196235373 6.8726047946784243
719 9.5385346412441852 -3.4371814300339398 5.4450427611612948
720 9.0176681817597615 -3.4979105774515711 3.7937553684057295
721 8.1480806509422603 -3.648077861017835 2.2770127601127226
722 7.6655824311115222 -2.5564595703100421 0.9509152238450298
723 7.3736329465569508 -3.4173434859979146 -0.38882751836483398
724 7.3681686413657825 -3.1364496530572819 0.80134076391016107
725 7.3648930856591734 -3.1353769892964873 0.81264150129369028
726 7.2935279302751841 -2.7538879384044033 2.0905395945003931
727 6.9281903893137269 -2.2865160606414721 2.463183729644367
728 6.0364774395504588 -1.7186216431724011 2.9193046947088912
729 4.9350223505452835 -1.547927392243281 3.2536442838605715
730 4.8009287891865959 -1.7780013875069178 4.2978305966580592
731 4.7561550802107764 -2.2802227817953575 5.1486036462538509
732 5.1844363634051476 -2.9193655170687545 5.6891120647058013
733 5.8952063853012451 -3.2690357897987923 6.2065892306172454
734 6.5159686989199059 -3.2354164991863135 6.68250113867796
735 6.9178810119972445 -3.4111755835430078 5.0107322329181505
736 6.9965082724527248 -4.4537164997555623 3.6000476137857675
737 6.8802728521986349 -4.7086022903504405 4.5428867447822139
738 6.9463743659641857 -5.1075414897417595 5.3252007427671169
739 7.3852326829373505 -5.4319615305843829 6.2296940684626039
740 7.8402590878373895 -5.1924436719274452 7.9108777517431257
741 7.8373369810583693 -4.8321617802930845 7.7961938759157707
742 7.7516173154572678 -4.4069405555462406 8.4695097492296672
743 7.2499170839654461 -3.8703498832694456 9.0167566040689415
744 7.0398757020084464 -3.3391519264776361 6.8972209696515687
745 7.3616509211485708 -3.5587157646672312 4.9064711896063447
746 7.5667400950786616 -3.8505135391882517 5.5563302306914499
747 7.9891863623640136 -4.0706200454159713 6.089091910779838
748 8.8195342998182458 -4.1463632321317165 6.4199401347341931
749 9.5931045727931341 -3.9736428025380945 6.7041400465542189
750 10.385839933295749 -3.518816035389976 7.0392380282066327
751 10.816422085236951 -3.1552823411261284 6.9354654664588518
752 11.386363164464028 -2.7035456561988584 6.9918124542831821
753 11.836323655897452 -2.2450798021074405 7.2003174117087747
754 12.516661256274217 -1.9064092688486569 6.1896884833565116
755 13.057678176962607 -2.3275014905758113 5.1088135551487674
756 13.149470059378649 -2.9041394724269334 4.6614928398067166
757 13.149278675733321 -2.9039377672889368 4.6574082431873673
758 12.933564280350714 -3.5549853828664597 4.1500929493213912
759 12.47826617184551 -4.0132126262784231 3.7108257158682094
760 11.749012740807951 -4.2699860076888116 3.2313575674478936
761 11.029548568191162 -4.1957766914879233 2.8162924176055109
762 10.156598515961957 -3.8743626865338539 2.7442373773094566
763 9.2453731570356705 -3.7842158581603957 3.519698008217937
764 8.2907922313206193 -4.5036286037607978 4.3329290135275569
765 7.7717389496977773 -5.0916762408994671 3.5886812421367611
766 6.6134294796592528 -5.3249257068079014 2.8777044822242708
767 5.4267184910552952 -4.7265045207869214 2.224606450608118
768 4.7159478671976442 -3.8680533014567891 2.2826760497422827
769 3.8156187032144357 -2.8054982442278327 2.2024805673222856
770 0.93142286294990795 0.1570581077743759 3.1902206839837199
771 -0.80762466100597885 0.24094892568664561 2.7437310937747719
772 -0.92669628293760886 0.25860404672812759 2.9067948418598246
773 -1.0801814561869223 0.41208776281728471 2.7762825598905589
774 -1.0653017122891617 0.56971418563628462 2.6087399797908901
775 -0.76565278843835738 0.77726713309276574 2.0376840174486635
776 -0.82321083631369529 0.091671406510863016 3.0171541882085857
777 -1.726178670545353 -0.0066954039112511882 3.4365509315049718
778 -3.3595845960722186 -0.26990074666993724 3.0099225880351961
779 -4.0980821669347502 0.25540957238159107 1.9556648626528659
780 -3.7197624024236289 -0.52524170062944386 2.0513927052248775
781 -2.9422485711383817 -1.2600735777929901 1.5294123234809771
782 -2.7330961234162636 -2.3691517852705357 0.99466643150400325
783 -2.919437940661624 -2.7420225366449555 0.90821619412359644
784 -2.9639771640509527 -1.8705416602254163 2.2897615573755354
785 -2.9375618256603739 -1.5145248037667616 1.8203113920927028
786 -2.5011677906448013 -1.5417687987308741 1.0307418559451598
787 -2.2854683357625096 -1.2271644943604185 1.0216250073033788
788 -2.0700955302431496 -0.86369395678832517 1.092683031918732
789 -1.7580808140119617 -0.27785526744029498 1.0930818582268746
790 -1.4296743718272766 0.29613483140604002 1.0187729384054629
791 -1.0347970863281044 0.93862027676532489 1.0249269791172551
792 -0.68838086797362064 1.4931031716775187 1.0054940918867057
793 -0.27997979169054066 2.1345355030029531 1.0050600418277811
794 0.10019865824230248 2.6927619936410059 0.94879938422277044
795 0.51150303667737096 3.2122831432059993 0.89507928070062548
796 0.88701304426274685 3.7329090429173482 0.99805975845677519
797 0.78320132373135676 3.2574156270111159 0.80968746560298566
798 0.58508390553483525 3.1728054527776366 1.0362182533309348
799 -0.3077613856317547 2.9247334529323634 2.4014339265716065
800 -0.53251679785865524 2.2163128861555919 3.6964402455385663
801 -1.8229280086462587 1.520671172015895 3.499721823109883
802 -3.4331525739758102 1.0171353455882399 3.2929228376945745
803 -5.0029408069463317 0.62227091950227242 3.599524078498241
804 -6.1184956986081378 0.18037280844245551 3.421897913013344
805 -7.0574907217588425 0.36716426333676544 2.4898587889567532
806 -8.1225272839873348 1.6167888326337356 1.781239472740632
807 -8.2641303951384018 3.2156216092373913 1.2938383764980779
808 -8.0658693970786572 4.0977050790550749 1.3973616794263737
809 -8.260505267937484 5.9467130892088349 2.5165955169878962
810 -7.744038770829575 6.2514951088113957 1.4804947171926746
811 -7.3724329390089931 6.9397567186233804 0.81507729086725489
812 -6.3867848083520897 7.8550285168158522 0.65322853938457803
813 -5.1451639725595131 8.8971986159137888 0.86534133110431932
814 -5.0457334764880573 9.00394313152559 0.91810550887141551
815 -5.2425811490982399 8.5595050130176471 0.78124067778719808
816 -5.5875077408599614 7.9635717447247059 0.47807745738291696
817 -5.8840650250385345 7.8045391190850593 0.60858995540334693
818 -6.3041770265744921 7.3733111176325661 0.5712620435330833
819 -6.8008137101555732 6.8593734101978905 0.52124354136484374
820 -7.3113585517056361 6.35001603893837 0.51349455368260011
821 -7.9654921653417716 5.2669382917449417 -0.35801699770353063
822 -7.8216397429929057 5.0129669662838214 -0.78285889715977008
823 -7.1613837822929618 4.4405020040469161 -0.67344751454863649
824 -6.589189818375166 4.2160517672349531 -0.035277925862752468
825 -6.7733939407970594 3.9217878075251247 -0.093618627537537913
826 -6.2968289536564797 3.9025434913462385 0.22125627635240941
827 -5.9378204760459994 4.0052441323827592 0.43457270179165713
828 -5.5883964153793864 4.2105718988007013 0.60002504555500302
829 -5.1340034627665867 4.5083968271679717 0.57899725834569749
830 -4.6230519332385631 4.8148850547839981 0.54479126174660197
831 -4.1662336112387477 5.0637393391837211 0.50669157153653366
832 -3.6562550660288751 5.3137565041676513 0.45239835495275305
833 -3.1488176544973974 5.5312016325765487 0.39254449661065094
834 -2.5537095230191209 5.7109194841982855 0.21845652132444171
835 -1.791872361277963 5.7594054222001896 0.0649382668298078
836 -1.0829474909624754 5.6669527580932879 -0.052963405886281845
837 -0.312263248814446 5.4649321432648419 -0.1672121402341421
838 0.33857912682846625 5.2364175624560145 -0.26328409206781678
839 1.0396155825051596 4.9589788450660386 -0.36757823562765513
840 1.7274122249353814 4.9875500190423985 0.99967543667754266
841 1.2254782386109961 3.7680913905367599 0.65236506093630942
842 -0.54584025994929253 1.2099983910770791 -3.3545543152563919
843 -3.8397272149805826 1.453107401457479 -2.3980965595499746
844 -5.1206159177194301 -0.23937495595260522 -1.2845143636107275
845 -4.6614852707158718 -0.94487943807720542 -0.15596096529198397
846 -6.2722305623172927 -1.3321477206334997 -2.3129202436102463
847 -7.5532335117743061 -2.3900708118690042 -4.0168174742933171
848 -8.4831903413169361 -1.7633642537213088 -2.8262282000669638
849 -9.1041599152371262 -2.2084392971665396 -1.7232032914087374
850 -8.8844865262666648 -1.4394656040598874 -0.62918871933461351
851 -9.1283860401451467 -1.1139856940606359 0.44667858438700525
852 -8.7655076708525534 -0.67707217698664213 1.4851372728066359
853 -8.9143802367778626 -1.0044262602608618 2.6494072956057177
854 -8.5933881225348436 -1.3580980316715412 3.9716132654253564
855 -8.8558242929756794 -2.0930837902360198 5.0584928920686973
856 -8.0346376915981139 -3.4372630102773241 5.8057276327052314
857 -6.1633770824645469 -3.7788262489259736 7.3129537959028035
858 -5.9763692369161969 -2.7100099259096297 8.8012923727816457
859 -5.1716377108182137 -1.7983692922623919 4.2435950176817157
860 -4.6438931449695238 -1.1587775105697113 5.7626894054863653
861 -4.7746290332430243 -0.95319948967203916 6.4968472961563029
862 -3.6226953546124725 -0.58323602612683223 6.5303986417778939
863 -2.0834717686315392 -0.27181482362826714 5.79068340648129
864 -2.3764058378332726 -0.67436296652750172 4.3898706300614538
865 -1.9060100347190416 0.60234195099874788 5.2043069499411088
866 -2.3831525321299423 1.6597290143217387 6.0203949877003042
867 -2.1204480410193423 1.5990566629324214 6.1782156800194858
868 -0.55041219658723506 1.5640167871643438 6.156109252342385
869 -0.25987421943207678 1.7521576536672279 6.805690214345252
870 1.2631704705051188 2.6047660833919615 6.7171238712242101
871 2.0991436127852667 3.0540404828315237 6.8239698493247287
872 1.8592181158565799 3.1989263095422773 7.4658700245088614
873 2.8575425042437166 4.9743537102908153 6.7274934827377555
874 1.2784139248270838 4.4769318320568861 7.3935499294043732
875 1.6400807242777904 4.7624629950620783 6.8976704583750994
876 0.97441604362914902 4.4953469370762873 7.6340100658628574
877 1.2911649118163893 5.37263074031668 7.3585291697485413
878 1.8619600908119123 5.3078211870944711 6.1298863734000149
879 1.777229915833225 5.29811093254993 6.2314275833361084
880 1.7702129826529136 5.1600908612675811 6.1989790071728841
881 2.4648178721585592 5.4090015176903048 6.9480273871113756
882 2.8874055696421648 6.2797555465783965 7.1254757931484054
883 4.2168164418172882 6.7184481056755745 5.4529553527362244
884 4.6761437182751653 6.1887262015160038 5.3663161523813043
885 5.097385133035397 5.5411191894547063 5.1893223321199091
886 5.4459720051534521 4.7053061943441801 5.0278111317235705
887 5.7469021985230411 3.6530167660555866 4.9844903529086011
888 5.9621664069556166 2.5937332737611651 4.8433128784552864
889 6.0406410180030115 1.7228639760734972 4.7630906616339876
890 5.8385532565735714 1.2448796007692571 4.2446564285659303
891 5.7121986445658539 0.94783350192696547 4.3553901259516961
892 5.3734866296714481 1.1030821753950573 3.6984888626540511
893 4.7298915829566521 0.56843557704811809 3.9851159624818178
894 4.2205402028862817 0.48074726050769179 3.3593084335445367
895 2.7182351031582148 0.29735557736527091 3.3619043882930062
896 0.91063781147591705 -0.046475952961869044 3.8448970496927979
897 0.41435878646728475 -0.88522851063486541 4.7485256255569528
898 -0.11021388202936361 0.058933088064220152 3.8994459054093196
899 -0.73863003982070974 -0.45566494294467297 3.7796285184390723
900 -1.3305656432261106 -1.1963878055171535 4.4455928673188305
901 -1.2739094336727164 -0.30433620305691012 4.6458301041610159
902 -2.3617543552738898 0.63932608603619334 3.5537367153676787
903 -2.9176201532605468 0.96731112323720969 2.8707166129881303
904 -4.0629220365382936 0.99698774656596367 2.938270697135791
905 -4.9473167654102728 0.80409152903001568 3.694177991340625
906 -5.5327446632286899 0.46428651750055683 3.6879108947194905
907 -6.1222994676207483 0.10468918289822909 3.7401618770754359
908 -6.1227333355932529 0.10548975592736343 3.7410156453812866
909 -6.5535663267228994 -0.23016927472847426 3.9241184320159488
910 -6.9660029057394866 -0.34650017489621743 3.3967339403123917
911 -7.7263329680906523 -0.53532675597701718 3.3334003692443339
912 -8.6262344124252817 -0.87552621993030333 3.359811238271404
913 -9.6110074426302994 -1.2152912595693623 3.4234852377004974
914 -10.809955220172476 -1.7099418552479295 3.7625467183962638
915 -11.923538338279714 -2.7332341299535043 4.1050917085603293
916 -12.503891039786684 -3.9028274178892803 4.4725154069879673
917 -12.519696989504377 -5.1491497660767509 5.0481746971507668
918 -12.061281423721837 -5.7382682334966155 5.7875845879558074
919 -11.544949813591412 -7.4147299931536628 1.5425570026028355
920 -11.212626584157185 -8.4472352509279691 0.88747239322196647
921 -11.63481789225856 -8.3535639580357675 2.8111376732013986
922 -11.857562333719088 -8.5810655509760831 4.2088068800180691
923 -12.074663714886778 -8.9983271314322142 4.1826328430255701
924 -12.229185379338604 -9.8251873048376392 5.2272332584746701
925 -11.646500160263153 -11.105421415672382 3.4723911403880923
926 -12.005711439319755 -10.821621567795891 1.4012940536237091
927 -12.157288071484288 -11.225332489936264 2.5233129037960551
928 -11.347292374774092 -11.149578752893754 0.33746817107635135
929 -10.617671769752937 -10.638110396181782 1.5012707496712119
930 -10.875432111643919 -10.734546389156405 3.0541830262017924
931 -9.9846403219889428 -10.582852619491369 2.3171744053204288
932 -9.7739980117230303 -11.153698692129106 3.9224448322750369
933 -8.9942434742517232 -10.791077263038975 5.7813066074361439
934 -7.598718970179692 -11.134572861238514 7.2341239584403221
935 -6.1400256276145697 -9.5326093105632737 5.5455747096353667
936 -5.213968256782624 -10.719112908851063 3.9115617040074637
937 -4.1474468479242059 -9.9486771730511858 5.0947266738606745
938 -4.5294915273126524 -9.3983346705892892 4.7706545296945508
939 -3.9690332994344262 -9.7348220474379499 6.6288808955317
940 -3.8912134352638308 -9.5896082797545876 7.125263741391473
941 -3.719623671807295 -9.2328055771658359 7.4901984322821082
942 -3.8584686200967262 -8.9572201928123754 8.2688357445411356
943 -4.3278225562269927 -7.8831038026622142 8.1583906791381295
944 -4.7561441007879344 -6.7427342347432999 8.1015185382591035
945 -5.0820118680309418 -5.345371238670654 7.9036049924014158
946 -5.0728331510631888 -2.843145892535281 7.4694682933497445
947 -3.8155874908510472 -0.41644124756609002 6.6514245450168135
948 -3.6721442084552587 -0.23320256432327874 6.990820101527472
949 -3.5784793140425908 -0.088878448865060827 7.1588218818825302
950 -3.4174860428052676 0.11306972122772946 7.1468977755194807
951 -3.1680835473842461 0.46078846199287371 7.2632722134710006
952 -2.8768227074447705 0.94211576070099878 7.3371109647477697
953 -2.6330939695855338 1.4221186104001631 7.4180236472150938
954 -2.3615969419900846 1.9522691937890397 7.3314735191986751
955 -2.0957529077937864 2.4320597123857097 7.3523376121524491
956 -1.857915940338605 2.8539604513091481 7.3097339748651571
957 -1.5929101715309426 3.2453061825834935 7.194497386868453
958 -1.4458434474770965 3.511428906919849 7.3997370038479833
959 -1.2414272895707159 3.9669223713142365 7.4477339113683998
960 -0.96129069874686279 4.3101446420316751 6.8477461565890723
961 -1.661487496575299 3.8602053481919083 6.7995347724605457
962 -2.3032901451364545 3.422845320183618 6.5641587889703548
963 -3.1097716315036754 3.2534906262171179 7.1291293997215828
964 -3.3975877964560515 3.0387028496312078 7.4379907631927535
965 -3.4278619688581493 3.0074099660691127 7.4297953644237413
966 -3.1548978029178509 2.5492519045721487 5.7080573005545627
967 -3.0891893903454264 2.6348610166007673 6.2729136849104679
968 -2.9041467862025292 2.3158856074460887 5.0236725031621159
969 -1.9606606500252615 2.4622079578711138 9.2508196118776436
970 -2.7413048803058864 2.9716451511421447 7.7608752413460076
971 -2.3770277498533776 3.0831888511518191 6.2847752255440907
972 -2.1404385140480531 2.6829562170744308 4.802592966062873
973 -1.1093185834597417 2.801292635420833 9.2684930911267696
974 -1.4405580399390003 3.2193313993254313 7.9888286243165378
975 -1.3666887782452488 3.5396097450567954 7.5759396026094672
976 -1.1327975061906508 4.0049681336321168 7.2666298353741761
977 -0.74911083248680699 4.5075518963544399 7.1167240564891694
978 -0.22962402233862333 4.8616067812516892 6.5095167182120983
979 0.71941040878409646 4.9734533472500786 6.0519662088366939
980 1.6077446958929575 4.7688522276895728 5.9535314078320196
981 2.590884446659933 4.49247903720401 5.8652417931263789
982 3.4721590818433872 4.2025183805784252 5.8191459402761421
983 4.461277830594514 3.8206477869561803 5.7935303562857978
984 5.1465467975579262 3.3109141659447672 5.1057997640548107
985 5.4939408357733441 2.3016982309826775 4.656208010489804
986 5.4737016865728449 1.2917810026328693 4.306792871864789
987 5.1107088422076821 0.26892252577082587 3.9419014628201579
988 4.909950703323374 -0.98431726677834264 3.6969601066969089
989 5.0406302690519329 -2.3442532158493359 3.6007653121821552
990 5.6400330919736108 -4.0112219848941235 3.6417860940976237
991 6.6311456883393207 -5.3868980080402595 3.7874857447331292
992 8.0776238421147326 -6.6728497275779644 4.0541506111660857
993 9.5164653622321076 -7.5554526213536057 4.367171847952446
994 11.05782143344325 -8.3263202346234291 4.7645971995708631
995 12.258355653619402 -8.8997341542269268 5.1580092151871524
996 13.343010764201214 -9.4265166484947009 5.6457481472930997
997 14.055242070829456 -9.7655122486381938 6.1166756043217374
998 14.600222221883937 -9.9553207017305585 6.6821548476853945
999 14.886920764986213 -9.9462807898733114 7.2854627525860671
1000 14.940374567913995 -9.8282336636146006 7.8292645692446738
1001 14.795206740636861 -9.6356361962338468 8.3903359737820935
1002 14.524376661949956 -9.4515042032116501 8.7972141346506554
1003 13.605576551233153 -8.765698360490342 8.8416258721282048
1004 12.791317448943438 -8.0611500886900149 8.9068133640765712
1005 11.831713207227727 -7.2754923351203278 8.9794920152860609
1006 10.912809978180833 -6.7052136199334083 9.061150456293813
1007 10.166805623870301 -6.3124464127258042 8.7855841172919718
1008 9.512261053899989 -5.7397776596771903 8.6428583851554812
1009 8.8252810705391713 -4.958345673855109 8.5785385289311176
1010 8.1508920794612116 -4.1208892785846309 8.6022593487243491
1011 7.5129062097929689 -3.4112492461498061 8.6959075922083997
1012 6.7061789858412935 -2.7486641816707507 8.8965104566287394
1013 7.5047235365481724 -3.1674053888022984 8.755502474991868
1014 6.3876636095398105 -2.409077298592373 9.0149279564415483
1015 4.9829261724887735 -1.726952230998551 8.8070307095553275
1016 4.6017731505091639 -1.4678985906187747 8.8162524589742528
1017 4.7059581792637308 -1.5905543246056513 8.9108748331633869
1018 4.8213486041375946 -1.5960965962263254 8.7654588866500767
1019 5.0627533836326402 -1.8092016488279419 8.7860873412661817
1020 5.2743356275602542 -1.9947818195249201 8.7964950378270945
1021 5.0150107324956341 -2.0084920933379045 9.2306791664861336
1022 4.4957473540956485 -2.0150396560578172 9.5005988535605237
1023 3.7737429164551233 -2.068305117379218 9.491957712992102
1024 3.1144424946843743 -2.0268826050418767 9.2437006012462692
1025 2.52557138007246 -1.9066796682551868 9.2079152072726558
1026 2.2351879860906441 -1.8612008294481577 9.2723714887602
1027 1.8993168052746645 -1.8363107998728208 9.3544610408596967
1028 1.5318333828643158 -1.8277696318846692 9.4082278838589612
1029 1.2599183017357287 -1.8020068937054792 9.3973722743006878
1030 1.7141912829450823 -2.1115728486709724 10.410548178989517
1031 0.66078329309642558 -3.3862806238868006 10.482517619341033
1032 -0.56348779492254586 -4.499218926364418 9.5933573184126502
1033 -0.49580265408438412 -4.3854365008193934 9.5337678443954914
1034 -0.49101797336199032 -4.3912293197877528 9.5308997117368204
1035 -0.72858964490856515 -4.2872872833539981 9.401928633841667
1036 -1.3428053701147282 -4.1407427132148902 9.0760192775751189
1037 -2.3324809623862457 -3.8982662056981465 9.2447711737463791
1038 -3.8181578417624458 -3.2151397615980368 7.410249678014222
1039 -2.4750384246021202 -0.68056041177015247 7.015345947852115
1040 -2.4768400552220373 -0.67194761071945497 7.010905480764289
1041 -0.79523025806126779 0.40713854861968057 5.9689372213330119
1042 -0.29388397932000165 0.018849317179612246 5.4112165642521362
1043 -0.45845670711273706 -0.023149704575609165 4.9790456926498896
1044 -0.45253333553772279 -0.014077524449360057 4.9724448408504527
1045 -1.1394985774585689 1.1256625775100271 4.023939104202813
1046 0.63373008001265041 3.718465979289574 3.2889167635066689
1047 2.7051388244393397 4.2026967123794403 2.8019185321930613
1048 4.3675604903436751 3.7797805975106709 2.4508220006197887
1049 4.6461322973153969 3.5645457035523416 2.4659128546046891
1050 5.8274580178041191 2.9715482920231016 1.8379387990332217
1051 5.5846684216007452 3.4332788587297336 2.1822083708014235
1052 6.0185549501549573 2.9149852703064032 2.1126806175615429
1053 6.6089496713461564 2.2668548120686758 1.6886628617415129
1054 6.3675479520336147 2.6073685252036611 2.2404089086758248
1055 7.1093229122875377 1.558780074728374 2.4264523250546066
1056 8.1995575082802841 0.44638983172027696 2.6429530516840836
1057 8.7254206892649435 -0.15493750422749475 3.316669005768591
1058 8.827187736734933 -0.096611457851467186 3.1872966699799061
1059 8.832181336655287 -0.10656403809435694 3.182426624385168
1060 9.419463039505624 0.0066712643272228422 2.8859470156801907
1061 9.4244526649852283 0.00096461546016912703 2.8816753615202884
1062 10.806968174214159 0.0065296014789295032 1.7748982725702447
1063 11.686223780995265 -1.6791262713591915 0.46805647580088428
1064 12.80370305949188 -1.3242152991496248 -0.038675904812567573
1065 15.453952957579784 -1.3111356028406678 0.32424659299348074
1066 16.756154447903437 -0.47217458845628169 1.4376360022980188
1067 16.817155215842288 -1.5306886057917244 1.1242581556233953
1068 16.600815462894023 -1.9705348731901311 1.339834080883286
1069 16.528401192140123 -2.6478517966719051 1.334195978369171
1070 16.52248837161007 -2.850722333700535 1.4024615568151135
1071 16.504207562980856 -3.4887696075118977 1.4372666482973624
1072 16.502624308138948 -3.4940247018318318 1.4371596688577777
1073 16.567544341118786 -4.1817269627359055 1.3548766136593766
1074 16.452968748538673 -3.8418556506631996 2.0067158658230899
1075 15.79728550290546 -2.9631039963653025 2.4354818968912015
1076 14.670447230338663 -2.2708289922717424 2.5839485730892342
1077 13.251314375677095 -1.6072228046654784 2.5562915432390225
1078 12.091924692908027 -0.9140386946012482 2.3585487050062768
1079 11.115569221627345 -0.12459243084643247 2.6111172623275003
1080 11.114057167030353 -0.12339048535773042 2.6128803596257049
1081 10.124053140244827 0.32749731580211738 2.8547151475533084
1082 8.9605346167537547 0.49969592991468526 3.1984951175819716
1083 8.047037749914816 0.28971656274596425 3.6002016343654653
1084 7.4048750332618836 -0.28494508266495411 4.2043726246354396
1085 7.3821091703065536 -0.83799672502462563 4.9891803865636435
1086 7.5937444387609911 -0.96114626938668846 5.8012267855641415
1087 7.8934691144891884 -0.87947567183308184 6.6945227584508524
1088 8.3375928819978604 -0.45754193534631904 7.3746025008579075
1089 8.5336822698628332 0.5956476807267217 7.97960964662267
1090 8.1222956389124974 1.6873673390392518 8.3971339239717544
1091 7.1369704270049841 2.6803331652472719 8.8274423557458288
1092 6.0154180073747119 3.1120917138121982 9.254206520238716
1093 4.7786575790219503 2.9836702150941972 9.8663264245474984
1094 4.1472072623589513 2.3838901543506341 10.577345701377595
1095 4.3052586140577649 2.6245120748496 10.893676110292853
1096 4.3074052961006011 2.6277210309485 10.895483992950361
1097 4.3572881585370302 2.7921971209468124 11.039714286070398
1098 4.2512523839423908 2.7805438535514986 10.932998533553235
1099 4.0410478702088142 2.9424434730780482 11.050870284724162
1100 3.7420395897218812 2.797158319167635 10.814591057279832
1101 3.4983167527666366 1.9382563413929437 10.66906136916282
1102 3.6337406826713634 0.60423872150162916 10.383918506221839
1103 3.4421763384511475 -0.92304500153465319 10.177531940338268
1104 3.028947763508743 -2.2081716201655919 10.074801040927264
1105 2.4036408992705138 -3.5646367398428822 10.031074761469368
1106 1.7527936217514322 -4.6397193050098071 10.0249657619926
1107 0.96681926578873978 -5.7204347145364238 10.041178658336992
1108 0.14435106219282634 -6.6679698193374355 10.049812903108192
1109 -0.62108825035922599 -7.4051161317531236 10.027117531092825
1110 -1.5254564896172331 -8.1157492057906833 9.9502174272052528
1111 -2.3673082356117847 -8.5930129484310864 9.8050069535908921
1112 -2.5000669281634682 -8.7509141428295827 10.172512014904527
1113 -2.498023656566196 -8.7504394807602175 10.175056299276553
1114 -2.6037075104710921 -8.9949746845776879 10.443488780728091
1115 -2.7053490478147766 -9.3509880302459898 10.637774673683035
1116 -2.8228031665968998 -9.7330006208561866 10.673181510330526
1117 -3.0390164926412879 -10.192181272136096 10.544721038467342
1118 -3.0986382098341196 -10.331892190251018 10.825512070809969
1119 -3.2025174975949349 -10.694673918549251 10.884385653831863
1120 -3.2090794646747067 -11.132036489632384 11.21527581377932
1121 -3.0647127939583916 -11.772662554313147 11.248754672222852
1122 -2.6604766600251848 -12.641249283113861 11.539598743670528
1123 -2.1326244951460658 -13.333499823473389 11.707525404491065
1124 -1.453563203598051 -14.040872446900188 11.799910139459168
1125 -0.83957315549447364 -14.643355583767431 11.801149214296982
1126 -0.21644512686075013 -15.326175677646711 11.707948547106589
1127 0.22610057798958616 -15.961931179119883 11.540579548259949
1128 0.53120535408114367 -16.697089611454292 11.2478012812896
1129 0.59083545070359755 -17.316308217392727 10.89740888034639
1130 0.40085616169080329 -17.881645249469379 10.405632900188477
1131 -0.006072746656127892 -18.186760256583359 9.8280458985141816
1132 -0.10356966274231616 -18.226976348155596 9.8933587685590325
1133 -0.10161147590969932 -18.225795729609199 9.8938968089285169
1134 0.04459803615668978 -18.181995869606094 10.116794977099863
1135 0.13395320543411726 -18.111030273255402 10.289885734284267
1136 0.43212129160925228 -18.115301069395827 11.22880916403278
1137 1.0206503062013155 -18.864348757798538 11.883552172944853
1138 2.9302159373424921 -18.473510332661522 12.453676358750263
1139 3.8084180118810096 -17.168525659065317 13.083598619232642
1140 4.0682603136043927 -15.933082547817197 14.142618809246278
1141 4.0733056014376698 -15.364740962348742 15.382903235920889
1142 4.3193385403021241 -15.357804025449026 16.996481792951986
1143 3.5390052206233649 -15.747557590139575 15.400178421626435
1144 3.9710954209153111 -15.324811219226348 13.829562717635554
1145 4.8857517571730815 -14.495945723335634 12.325382422037544
1146 6.5332676989829617 -15.281485043027235 11.165258373651261
1147 6.7546859576861733 -14.963117426672202 11.884576433727251
1148 6.7524795852265056 -14.959859660496338 11.89034037191808
1149 6.9900183025613636 -15.310246082511052 12.461588149593297
1150 8.4102369948737703 -14.039897422362564 12.736637525387525
1151 8.7126432372016502 -11.775670907155995 12.800614441696634
1152 8.9077232762369025 -9.2017194390397563 12.835646507762448
1153 9.9698185646979507 -7.7285085043958395 12.732378432445081
1154 10.193677966549233 -7.5991015159221709 13.062429029676153
1155 10.191679006556255 -7.5994097163844394 13.064568452914729
1156 10.408762328628002 -7.3848569946302733 13.356159879881988
1157 10.640273981349926 -7.1150875082998812 13.526847847723694
1158 10.796437859329641 -6.7426317340540418 13.951506988135574
1159 10.752567256769172 -6.1486536444527626 14.477679421026865
1160 10.317747149000448 -5.4030177101606043 14.812602046975371
1161 9.7328631748607837 -4.8394729235046166 14.946317920182736
1162 9.0269944887719706 -4.308601967212585 14.988069537617362
1163 8.7300935651034042 -4.0995059616387239 15.269429186752282
1164 8.7305325791453452 -4.1000165255982051 15.272168288826002
1165 8.3388957659965257 -3.9741659533602887 15.567199804139857
1166 8.1163406852088418 -3.9614340013726257 15.846822159689362
1167 7.8190853093957866 -4.0301132901258958 16.124894128943225
1168 7.496858023099314 -4.2052090112506493 16.352795139266643
1169 7.142446695735293 -4.5622634342347057 16.64217156663463
1170 6.7607043529536268 -5.1792607505442083 16.808048964811462
1171 6.4885049758110807 -5.8354542317855636 16.987454198282659
1172 6.3644352281076397 -6.4464786679968551 17.189410339394964
1173 6.4039819313829174 -6.7177965744736099 17.437300445403665
1174 6.5125369970897014 -6.6036183664251507 17.797698531998467
1175 6.3973212654783786 -6.1484650922525175 18.122119076088794
1176 5.8883422048853298 -5.5202336643696661 18.368658703938966
1177 4.3153058485020708 -5.8175124997181218 15.016163400256398
1178 2.2479286053496916 -4.2059917879732298 15.519512767420506
1179 2.2481951041241142 -4.1952116004236961 15.52603341372946
1180 0.77392915627598202 -4.0167383343709275 15.901066641267937
1181 2.8033367598547136 -3.9044590808064941 16.266653604283665
1182 4.2562342885341531 -3.1680576813324102 16.42294791968072
1183 5.3243834209623282 -2.3748731701522279 16.616521201571679
1184 6.3801665346351264 -1.419505920142756 17.288151848341059
1185 6.4307613478941983 -1.42551646040213 17.067331856229572
1186 6.531311839038624 -1.1121784704929105 17.153829786728963
1187 6.8304033292543984 -0.64842009197745831 17.795995202196984
1188 7.3062702377755784 -1.6920212698463171 17.596377089189918
1189 7.4491046779395562 -1.8580975218154145 17.752294204364745
1190 7.6511588842198517 -1.8045247381960532 18.209801740403055
1191 8.5431972928089017 -2.6379186708639817 17.91866565899068
1192 8.5460345058737506 -2.5689621306261379 17.798202632280077
1193 9.0589729697934533 -3.4884040592587491 17.89132258487821
1194 9.0641911425658979 -3.488174349473447 17.890834482128316
1195 9.1050705464930584 -3.900874335019624 17.085381266975872
1196 9.0104671039716937 -4.3098478833019742 16.969740492790823
1197 8.8841858027025946 -4.658758412587777 16.873352025307749
1198 8.6944898960701966 -5.0412894968691253 16.729558636641279
1199 8.4792289921874229 -5.3521043734714855 16.625111431501107
1200 8.209078889835066 -5.6792646393801069 16.5376473363117
1201 7.9723192441006541 -5.9548841365149405 16.497147418216827
1202 7.2506523441100761 -6.0616280800640734 14.98113287575044
1203 6.6480805402053953 -5.3379276605521015 14.706816794480824
1204 6.6487767291433606 -5.3347377742488398 14.704711450185995
1205 6.2562491488303067 -4.4913492826389936 14.560917014756985
1206 5.9455005394007436 -3.5244793640751162 14.429575293081657
1207 5.778810458471364 -2.6213421321827779 14.325541899273732
1208 5.677237336278826 -1.5408330083509791 14.386670230585604
1209 5.5286101711496896 -0.7231215915022442 14.462539742817999
1210 5.3713560455724423 -0.01031668016859783 14.337501883706331
1211 5.2741384469442387 0.80934214285160366 14.445629086320688
1212 5.0222804745175118 1.5721057040587341 14.829715258287214
1213 4.8521648543562268 1.6631921972732004 15.135325216539457
1214 4.8893511071663287 1.4666254601622533 15.537261599973775
1215 5.2626213579313745 1.2283269508918571 15.899238522205344
1216 5.7163628432326625 1.1418069304957099 16.309529677025672
1217 6.3223006565676254 1.2781203351928798 16.829597418256515
1218 6.6651027682475688 1.5476773785536135 17.299375469320562
1219 6.8193035458832956 1.6840693433614788 17.676605990026598
1220 6.989906225872172 1.6616956019431612 18.212508062339079
1221 7.4280043781245793 1.483648386536651 18.765508470079073
1222 8.2144422229377625 1.4251785792241145 19.088122713001436
1223 9.1807664098691699 1.6517979390483597 19.440230492543556
1224 10.071621872823027 2.1847869804490676 19.70163836381202
1225 10.877612513175739 2.9967093519118899 19.957808836338391
1226 11.469087139255201 3.925295323305714 19.969061194571946
1227 11.996238479951684 4.0895926875292536 17.404964284368486
1228 11.558634092288825 3.3256997673284787 14.528938582520906
1229 11.483291270131467 3.4224669197077682 14.614458856283589
1230 11.376379389202514 3.4156694961496372 14.951588385039354
1231 11.48917302184212 3.1404217647294503 15.135762296392475
1232 11.670972401691131 2.8458558489885202 15.338072131057201
1233 11.935635210194578 2.5626123287937594 15.592918147248584
1234 12.210536939646962 2.3816655231246244 15.600549901923873
1235 12.453380704694151 2.1607641133410298 15.880137736910745
1236 12.458386603645884 2.1569021969489293 15.885099780751954
1237 12.474034328003647 1.9749248167452089 16.399640423650119
1238 12.429682188254279 1.7816826237055972 16.774151514308816
1239 12.349131504890913 1.5079621184624308 17.063074909622348
1240 12.317067259303601 1.0847665303046536 17.409753804499331
1241 12.381720320270983 0.57055210785603272 17.652478107019878
1242 12.571596030907632 -0.060125833008068508 17.743337633522898
1243 12.839389617822649 -0.66167595151174197 18.031554307529774
1244 13.340005727861952 -1.3410725928755816 18.189149074227348
1245 13.883751875445544 -1.8993342628359993 18.391378219494559
1246 14.528138266759486 -2.3603037905460158 18.576465411452656
1247 14.0589174162203 -2.8391526234969722 12.553201772442391
1248 14.615095433100297 -2.9544442146045462 12.61555544173242
1249 15.076344009438166 -3.026298870839855 12.693981831696059
1250 15.41282821916165 -3.0516685930509961 12.770413431932646
1251 15.737223877750091 -3.0452527067955812 12.809779138332745
1252 16.022982810850042 -3.0204013711467756 12.94298050961703
1253 16.260987362677405 -2.9525192432049145 13.000867973567377
1254 16.445288824317394 -2.8679288366131281 13.209839220043861
1255 16.502891981168766 -2.7647918087397754 13.380931401583776
1256 16.460101148778044 -2.6943704157057446 13.587531092896317
1257 16.303690917550568 -2.6714936427453888 13.888351312479735
1258 16.124664086838376 -2.7451049076314327 14.128823477394171
1259 15.896906002871134 -2.9371501441573149 14.449098716495101
1260 15.731854108675043 -3.1806418110238184 14.689257181185596
1261 15.615488999574858 -3.3975659757438477 14.951652020017763
1262 15.536520961155439 -3.6908304073121929 15.270691767343639
1263 15.500353283737601 -3.9712632469952847 15.671935028001361
1264 15.528745076752282 -4.2471874618075747 16.108956150273059
1265 15.534379721672329 -4.4524908924581199 16.39690322439963
1266 15.556193678302671 -4.6952459172916683 16.825856059843822
1267 15.714989055876165 -4.9283726589332773 17.755132362010755
1268 15.989383009500234 -5.608828149476949 18.28566551364468
1269 15.993412876120658 -5.6125652959296684 18.293124039402617
1270 16.582624915529877 -6.1343869361497472 18.700156970190122
1271 17.385178070088749 -6.4524636458382369 19.193448594796148
1272 18.109012319411821 -6.3522415628050188 19.75305944466896
1273 18.344165598780538 -6.0360809387487695 20.336829359208128
1274 18.383923361866078 -6.0575926196446632 19.166534716497985
1275 19.1384460418682 -6.7445693570422947 19.310302276141719
1276 19.042303220983637 -6.5474481815660974 15.721781250985821
1277 18.74333376525998 -6.5708756212676773 15.916113438098909
1278 18.414573291207017 -6.7116254859973647 16.389415523368818
1279 18.201250429084364 -6.9521123712374813 16.81039472150464
1280 18.067703129286119 -7.3191937661102102 17.277849224834569
1281 18.058578226203529 -7.6863490951576292 17.545981942108458
1282 18.150066531352536 -8.1381505242444909 17.956761587027074
1283 18.330271646605564 -8.4489476438246545 17.600517128622126
1284 18.399234410386747 -8.7569606054888869 17.272310191010938
1285 18.360208040553992 -9.0987425114564378 16.907138073190435
1286 18.217760538813192 -9.3751522169450272 16.588497026047882
1287 17.952333297804554 -9.6184043128892256 16.234804892369311
1288 17.632416666885828 -9.7472283020325694 15.925956806696069
1289 17.240370957268329 -9.7678809482618547 15.607779750592002
1290 16.883535635438115 -9.6756962499164096 15.342723793047174
1291 16.505216182706942 -9.4557305046459188 15.057742150224612
1292 16.215280420133805 -9.1658392453287902 14.819296252467616
1293 15.953206875191867 -8.7401502115731589 14.561639558997138
1294 15.784797226859093 -8.2370333309095578 14.318959752248306
1295 15.723086173783878 -7.7459230385298454 14.115723499285201
1296 15.751647714488213 -7.1508513324283296 13.903399474465171
1297 15.867561310962133 -6.5919105573671217 13.724980888854452
1298 16.098639885528357 -5.9400492085544681 13.537070688066649
1299 16.389388957120818 -5.3616705790220704 13.382433405625795
1300 16.800125480209331 -4.7248945965449547 13.232470975877206
1301 17.236322213092958 -4.1796468950733701 13.118155126070716
1302 17.797264907859507 -3.598811525677315 13.008324927140347
1303 18.348317920766135 -3.1350715210841269 12.925433109515822
1304 19.019619082364692 -2.6770487180317737 12.847289696062944
1305 19.719755620235297 -2.3149837869443939 12.776193928680801
1306 20.358836626397618 -2.0874084666680628 12.705996075034463
1307 21.062542490822704 -1.9442459311866445 12.612235273323565
1308 21.653876497964788 -1.9254277549521279 12.50118187930979
1309 21.959328659369454 -1.8483998954204046 12.794509120477434
1310 21.958299453792929 -1.846680885399107 12.796954564039522
1311 22.157042478185065 -1.7229517287400915 13.014516269921693
1312 22.363203473363569 -1.5165704109348117 13.281561178313515
1313 22.593156300629079 -1.2165455033725552 13.53960038080039
1314 22.887904540798733 -0.66455847498355802 13.78487526923538
1315 23.089975108144891 0.0037360723449826327 13.997891389017781
1316 23.157372356325592 0.87368163195744564 14.26113329836787
1317 23.013487449444508 1.7565092950867345 14.457307566513405
1318 22.751605766972915 2.4153401806051225 14.672734039350505
1319 22.288774484715141 3.0800704542899116 14.921949109800915
1320 21.737015051608413 3.5570842018559903 15.16744285279162
1321 21.132797714921885 3.8719301910680759 15.317238288824992
1322 20.562614804250391 4.0554682642432001 15.499524974589745
1323 19.954735430871327 4.1602927563012901 15.567623538499499
1324 19.425435288362312 4.2351937697191842 15.55867333594589
1325 18.809807614026546 4.2961228885925102 15.645657046619462
1326 18.251454567166299 4.3251426739896459 15.659216295722679
1327 17.685165499762633 4.3491637369677782 15.647421141710694
1328 17.12809254720208 4.241025753195645 16.027627074552761
1329 15.855077296845575 3.7492135015947898 16.590589158368875
1330 15.853413414600265 3.7387875411163685 16.592717111907248
1331 13.915540019933324 2.375315613544462 16.493952204568384
1332 12.295356111942329 0.97677691322213689 16.853134678180385
1333 12.412884049960727 0.9987030929415156 16.752256283269102
1334 12.423437956412073 0.99557428019284733 16.747680937340288
1335 12.93207474504039 1.3259058344184833 16.82754206238091
1336 13.41124595975139 1.6880805193426389 16.849146412814104
1337 13.871422774578898 2.0846483092805386 16.835850741663272
1338 14.533232443936907 2.6637897247189044 16.897000249665883
1339 15.457568708547289 3.2039857094013984 17.904825712727167
1340 16.045921675754474 2.139356676101333 18.096297325578028
1341 16.616252666707226 0.56500435993649034 17.202339702336744
1342 17.269981940583129 1.1543897553227214 18.150113773320328
1343 18.150419412668477 -0.119564384410494 18.082810470969303
1344 18.518381295431887 -1.2596571813843358 17.001888669732541
1345 18.560262547404648 -1.5630267962331788 17.162866041533938
1346 18.410970564141763 -2.503446196785867 17.204548154909489
1347 18.389048652970011 -2.7211309638459578 17.030575166425638
1348 18.352288851096159 -3.2442309232771795 17.335526217951418
1349 18.226107007065369 -2.6381113936752314 16.590991987702107
1350 17.626092750138532 -3.2021410325654109 16.405476421830237
1351 16.612730009832845 -4.0015691371381843 16.725464636475607
1352 16.47570856724052 -4.6653081597086938 17.570839310384059
1353 16.338957244231494 -4.0046741453726034 17.468767990468756
1354 16.32915226573126 -3.3516022765413971 17.601349540467464
1355 16.26091573597563 -2.6688583515324376 17.912487994436674
1356 15.899522043959868 -2.0043110383875598 18.006324045981447
1357 15.558853823610956 -1.507141175857948 18.092541900507523
1358 15.152924687878455 -1.0486136718558949 18.125671137003213
1359 14.787467027432674 -0.70479641255616743 18.109488303668545
1360 14.396370349027297 -0.35796311103480349 18.110960433946506
1361 14.030293708751373 -0.077014496936948396 18.084085681425947
1362 13.674908895517024 0.10662652688302321 18.051487486223511
1363 13.440220598942064 0.1096201251076363 18.003169746876409
1364 13.461626759810807 -0.12859213378948087 17.864046966616609
1365 13.484185532039529 -0.53888197834533469 17.658860819347289
1366 13.849037082760734 -1.1916192355881754 17.190091126414412
1367 13.698522580900431 -1.9339979916377852 16.577133905634845
1368 13.188678547941825 -2.300387487525732 15.985713962259577
1369 12.421558283991375 -2.3420910738653729 15.303321882567611
1370 11.720064242858701 -2.0331410672949657 14.710625632722293
1371 11.000145569780148 -1.3278655892644486 14.099941991225256
1372 10.576376187033048 -0.41220945277597837 13.623385781206188
1373 10.473729185675028 0.81159238770584563 13.167521028623648
1374 10.925056266467735 2.0465509323673396 12.760917520447835
1375 11.804550314418906 2.7700551128270221 12.403162866922761
1376 12.91586018340616 2.8423425750804405 11.946864969833392
1377 13.41664832880973 2.3551392719659083 11.443335421087829
1378 13.358983228429498 1.8364998103004933 10.770130930232924
1379 13.193715905073864 1.3512757493211345 10.573777281929813
1380 12.830486008084828 0.57092764685466824 10.563298397116268
1381 12.471320266241658 -0.091267603359171778 10.444802812834956
1382 11.970381235227199 -0.71496826244080691 10.18052913798229
1383 11.452763236409941 -1.0572329491976606 9.8241666045223646
1384 11.017083153323179 -1.1882853625859038 9.6440887332596663
1385 10.937155246645091 -1.2074595430383945 9.587681167472784
1386 10.98528985871398 -1.1333025141727799 9.2973964171369445
1387 11.466327963077019 -1.1945701461606808 9.2328770458320424
1388 11.948693263998919 -1.2149685480474213 8.9234935406738867
1389 12.664360649102479 -1.5386354052508364 8.6403017002967992
1390 12.669285415425815 -1.542632417036258 8.6376548945039051
1391 13.111834303821929 -1.9237030181669355 8.4846861526663044
1392 13.486448647331228 -2.3030409999446517 8.2606489699367724
1393 13.660191530469532 -2.612827765129945 8.1954456676888512
1394 13.828620129870391 -2.9403317083353215 8.1248256954339642
1395 13.980374092820004 -3.1750331930327209 7.9299376682348761
1396 14.061673470980065 -3.3586826692176088 7.8926381245930761
1397 14.14936556909886 -3.2711135023512354 7.6802071895689847
1398 14.249627983121378 -3.0808662500910802 7.6133375103316201
1399 14.728061271216793 -1.8567036090361984 6.6741218593572045
1400 15.527121449020775 -1.780125524239798 5.7148805327994578
1401 15.441840832090794 -2.1913978649845425 4.4267673589268046
1402 15.920483751233405 -2.5759599506611117 6.4306256912564583
1403 16.993791673618126 -2.6078726817353091 5.8801683513496421
1404 16.536926816524648 -2.6358949638600189 5.2734986432444169
1405 16.294391739982359 -2.5980536017623588 4.7426384902346097
1406 16.240252493475925 -2.9369278001034802 4.5475448284143161
1407 16.193085627819517 -3.5583977464238963 4.7249986657814862
1408 16.130871858168213 -3.805213007797053 4.5329635668702695
1409 15.933638099555454 -3.928641560402931 4.0328436781684802
1410 15.317554179821581 -4.6772343653732866 4.0688166168194391
1411 15.486843578725013 -5.793825210099012 6.668491398488027
1412 15.571738077470462 -4.6853666775506726 9.5534277621444446
1413 15.294351420519378 -4.6350025681458913 9.252298910350973
1414 15.015510040930964 -4.4550594194966076 8.8508401753348274
1415 14.747284417598628 -4.1989305340776593 8.5732000494868856
1416 14.46341302271369 -3.7888200840172179 8.3687847900178252
1417 14.241141635354676 -3.3508709307099194 8.2830338237007766
1418 14.272514955664064 -3.0917219197014854 7.8329900077565657
1419 14.353496222093549 -2.7221571939580258 7.5457034564948264
1420 14.571978349985978 -2.2054748026639537 7.3752239685932794
1421 14.872061999674276 -1.6446189896506123 7.3635222613206013
1422 15.116912473071938 -1.1300683578261292 7.4809079492171886
1423 15.253547237154656 -0.56803897121706892 7.7570788739677674
1424 15.300485948246166 -0.33046969524058473 7.6680697048883069
1425 15.356618857181765 -0.28848956184995556 7.5205168050763653
1426 15.183679514063433 -1.4023366527165024 7.0133674237896759
1427 14.528880009266693 -2.440570645121646 6.4812419342769534
1428 13.874825893732968 -2.7911361701452817 6.1500433198793347
1429 13.402323802795699 -2.9382321399196645 5.8699790757081889
1430 13.380321467616128 -2.939615211686172 6.1556506465272323
1431 12.274720221910872 -3.3599213678449731 5.424057494920957
1432 12.218276252604767 -3.5924830692976979 5.2157419818496518
1433 12.364850750837366 -4.028393732040719 5.0369070064062624
1434 12.471523173348865 -4.7117034908517148 4.6184873467929544
1435 12.642767616094662 -5.8625413506538653 4.7672306709973977
1436 12.556607530867954 -6.7001985829358421 4.132025461546819
1437 12.258878206805541 -7.9820530062973782 4.0198563298606675
1438 11.947821711935889 -9.5247499361166739 4.3784343310738159
1439 11.723925740303129 -10.469767639117837 4.0317259475919025
1440 11.385729402846646 -11.772932346893217 4.226911765009894
1441 11.094776852993833 -12.602121107428315 4.0793949418068456
1442 10.546371292291873 -13.457016251053576 3.6332771943974489
1443 9.9166007508505505 -14.467012649815768 3.8853858079468688
1444 9.2523249268745413 -14.986676823900815 3.3959953132850953
1445 8.4417890406798275 -15.802763456245527 3.6813912119651029
1446 7.77342482803191 -16.055369632229073 3.6403444399349492
1447 6.9902117367551213 -15.941011649693072 3.6382321183048374
1448 6.3079850704000897 -15.602174866470646 3.7232504071018839
1449 6.1185066671970283 -15.892843338408689 5.4152182509045996
1450 7.1600017786630819 -15.957861484689275 6.7561309321815619
1451 7.4884807528599477 -14.762449021301803 8.2561540476713535
1452 7.1700545851276463 -14.589309197736386 9.7482590697508069
1453 7.3245570233797643 -14.646315012055407 11.514211382870714
1454 7.989760595399801 -14.821053107606188 13.17103929806496
1455 8.6228702863250604 -13.853732616024324 14.518644209021375
1456 8.464879076348538 -13.130505441933179 14.109472133474251
1457 8.3032139656861705 -11.811183095457817 14.70784913433884
1458 7.5391519641775897 -10.844377622890677 15.014505253792606
1459 6.9841933171071782 -10.652561675226407 15.794522922342567
1460 7.9025650389856956 -10.655281547400422 16.263500022642777
1461 8.9552776797235261 -10.176943612629849 16.910187155440362
1462 9.7140506097203652 -8.9616397789784195 17.66323806319431
1463 9.4018484445192136 -7.9378416066641888 17.980092108275443
1464 8.8434468679572742 -6.7844388751642706 18.8783806930658
1465 11.053561824832929 -6.8414947642949731 18.542495125790634
1466 11.255989057677722 -6.8127099298962559 18.70658808015602
1467 11.871195517676689 -6.8490596065557794 18.755440850724849
1468 12.13311496299527 -6.7870382899626822 18.849347354529577
1469 12.459028427540954 -6.7150052615726974 18.86729759174581
1470 12.302062207760805 -6.6204820298894873 18.859695451197702
1471 11.564652919760324 -6.5302148342586106 18.66019329492449
1472 10.837544139590664 -7.7436727726960299 14.302406279364602
1473 8.6265086246963438 -3.4457126475995752 18.126413591918503
1474 8.8996731271724858 -3.5061019076757987 18.230725837326577
1475 9.3797783937787216 -5.1616126992540963 15.937945115158776
1476 9.0245150777347387 -4.4334267307779998 13.566628016743405
1477 9.499491855567431 -3.8195909301760724 13.377164448840592
1478 10.224138167948867 -3.442580105142234 12.659405268357519
1479 11.85029439425205 -3.3398925712569962 12.439485492634377
1480 13.91553070662917 -3.5132137839005684 12.551753773268516
1481 14.407673663220653 -4.4990592579274207 9.582720603584221
1482 13.391105176551333 -4.724143184118919 9.7282589125183758
1483 12.36683565065735 -4.9781393750495466 9.5359823490369688
1484 11.303434271528568 -5.1228108591117962 9.5821913961689678
1485 10.217162251186558 -5.4271794435726655 9.9382382726843677
1486 8.7633579051128621 -6.1962254437944217 9.9230304430888765
1487 7.2421241621843535 -6.7780863833970866 9.4839969144523817
1488 5.7399259289222249 -6.6107621930764049 8.7202637605724647
1489 5.7761869903631693 -5.9115049641023392 7.3004193949152318
1490 6.0942602653374855 -5.0168727874605459 7.8307288038015708
1491 6.060221112422413 -3.5603590769619906 7.8994958368010488
1492 5.2687608047841703 -2.1677240712816674 7.8992659610629241
1493 3.9342705208623099 -0.91010529440096555 8.0388522867357768
1494 2.6189161115332387 -0.10480814429483304 8.3669857308391098
1495 1.2104263120997096 0.41302863363873044 9.0108592519123398
1496 -0.37048893684782647 0.73679826064545706 9.069637467544247
1497 -1.8315385018381551 1.3811753442729846 8.8296402768767965
1498 -2.0858966988062861 1.5710958444353289 8.8439924418986617
1499 -2.4819919560917363 1.8607970181165072 8.7875827897876206
1500 -3.1595792945674193 2.3969272088356046 8.6695858329513094
1501 -4.1216480899947427 3.2495690812784024 8.4518300018004346
1502 -3.9246927902030286 3.0268331498985344 8.4117438702572951
1503 -3.6886519825345667 2.3811436784455413 8.927899999255283
1504 -3.8914782757995319 2.6352828030595714 8.3955292977144378
1505 -3.4706909365874159 2.037099644745346 8.3798247224685145
1506 -3.1103840927372488 1.201548247461808 8.8394830790918189
1507 -3.0113361234926135 1.1947451017161532 8.4399855576510596
1508 -2.6065573975409166 0.75320819836027564 8.3788977008761361
1509 -1.9922906683471149 -0.16225724113847742 8.4704258576037326
1510 -1.5726813532464994 -0.73594067589217793 8.8403248429384611
1511 -1.3562625715723984 -0.71561849305626535 8.5242531593483832
1512 -1.188374099103465 -0.85205973413116876 8.8285429218394658
1513 -1.1045704867310515 -0.7998136511572238 8.5431615908491292
1514 -0.59947085682585877 -1.0836804386398522 7.7457980285760604
1515 -0.57300938214907982 -1.4047808189364306 7.7046407052147661
1516 -0.55498728814506249 -1.201391013740376 7.7772934994789624
1517 -0.68685871454252512 -0.64168576101112473 8.211585960596576
1518 -1.551586918753352 0.80705623949834882 8.0636185123834956
1519 -1.9719809221673599 2.5154821083443046 7.327884600896537
1520 -1.7569588921745987 2.7919422597854227 7.2797719593762578
1521 -1.7178386922174493 2.7392521424287142 7.2407157134367308
1522 -2.0723761924417929 0.8336694580050874 5.6999951860772535
1523 -3.230880137435896 0.91845380145300926 4.4010009427479417
1524 -4.8069724639778419 -1.9828243048224885 3.8174593090395841
1525 -5.556948203358349 -2.4748467824933216 3.6434152362680567
1526 -7.6615785109784049 0.21348566203324393 3.6510233552182592
1527 -9.0407596255370422 2.69115052708641 3.1951075950072472
1528 -10.363515345543508 2.6606198063730142 3.0230808983706914
1529 -10.154100658960854 2.7542672404482893 2.9886744145842465
1530 -9.5305146297696748 2.8501302401547326 3.0000401412497846
1531 -8.5161707989442199 2.9070778243410897 3.1339563961222772
1532 -7.6956555916151075 1.4605979066783961 7.4863965567187325
1533 -4.6942494110057211 6.1033166784714936 6.1351086175723966
1534 -5.9414379294955504 5.2551808734650223 3.3183471304164085
1535 -7.7722214062790655 3.7240590908414761 6.1089071684729488
1536 -10.29649311957853 5.1417025069295761 8.8838360410148258
1537 -10.524819270791246 5.4742307098539582 8.5874219895045325
1538 -11.382865547314061 6.6641773269664757 7.9967306303605801
1539 -12.156170150247723 9.3816786400175314 8.1508748279586616
1540 -11.887774410177496 9.4980842698825878 7.5272285839803326
1541 -11.546677912087629 10.28400806734853 7.3968796839704991
1542 -11.322322932233261 11.302159532436123 7.9288358467945015
1543 -10.92715614182436 10.643215684973281 7.4047606491105924
1544 -10.847700228165747 10.539903726730072 7.40029716906208
1545 -11.000968109968531 10.50625201194921 8.0098925042458564
1546 -10.984598898196419 9.4057030780219044 9.133510303037415
1547 -10.785747730797475 9.4193528567053129 9.9745548542925704
1548 -11.912351820658966 7.8765958084072967 10.212729463604029
1549 -12.706754398263435 5.7222429124901968 9.853641066863398
1550 -14.353412316876529 4.9837914577143705 8.7839192345678025
1551 -13.453161836634273 4.466993069780262 8.7107850044477591
1552 -12.336630246919785 3.7962013098256815 8.5601258599374397
1553 -11.085491473137001 2.7832723733795186 8.8691186276882608
1554 -10.10496721882472 2.7259311876714722 8.5651887363278476
1555 -9.7285726010937594 4.1437631349677986 6.5241106169563343
1556 -9.7307377662205621 2.3803168326083699 4.5411675949929622
1557 -8.720584933064238 -1.2584290535930736 3.1675228953368224
1558 -11.259919012290789 -2.0797170977913515 1.9003743003394611
1559 -10.814160529407374 -3.7947209526627459 3.3157849583844299
1560 -10.179172220452054 -4.0807983668121102 4.3316563913481057
1561 -10.718026709953477 -5.7236177338136871 4.6773046578844228
1562 -11.091772080023805 -6.1030763376364847 3.5739019991383523
1563 -11.176457312576087 -5.4700579644364113 2.2050481266159787
1564 -12.045144326238509 -4.9063893430503276 3.0695478587486571
1565 -13.038957875338616 -5.0747253669762786 3.7306593599896662
1566 -13.701704646215415 -5.8146269776148873 4.4582993482795592
1567 -14.154391252575985 -5.8005015522594636 2.7448767008335482
1568 -15.093509003804398 -5.291385271707524 0.99287430706365987
1569 -17.118804762375738 -5.242416617306815 4.0827902273239678
1570 -17.014092878119254 -4.0540654257269813 3.5759272714146926
1571 -17.159512104665684 -4.0045579383970669 3.5386837728454954
1572 -17.289652352013661 -4.0470186657604055 3.9696939038319674
1573 -17.091696677215452 -3.0535725692665099 3.7899930592359135
1574 -16.790035244891058 -2.3576548655337799 3.9240703161286623
1575 -16.351942059901578 -0.28092964934510434 2.7710317235580293
1576 -16.327107149068926 0.22853271533680841 2.1749272787584344
1577 -17.022572338597101 0.59677722607144923 2.0671021727747121
1578 -17.873463732679724 0.87754813222526273 2.4379421145651365
1579 -18.778177592621716 0.94851841099658551 3.3363946643755926
1580 -18.340068549728386 1.138575738768735 3.0467445671946782
1581 -18.673214004766422 1.1564022202604318 3.2870052441570392
1582 -17.94885608802668 1.3369255747488999 3.0191612701710491
1583 -17.977235077463266 1.331111551335928 3.3146079725799367
1584 -16.759876142280657 1.6475945046641947 2.7137525749418034
1585 -17.27762316730815 1.9225681840871265 2.618671803655455
1586 -18.116919118699414 2.3010786540214316 3.1522346248038038
1587 -16.939675845345111 2.4077099042593995 2.6125075373317728
1588 -17.223673624340623 2.6193785356667187 2.5613830697479667
1589 -17.627264460838319 2.8110725579294393 3.0794292628463977
1590 -16.375193444018368 2.7586507837718459 3.3382098882841684
1591 -14.76843493682042 3.0837032153677431 3.745839705347453
1592 -14.597453076560992 3.228886571225968 3.639521028196381
1593 -14.491720528380277 3.2796033881072284 3.7503233712066311
1594 -14.585133783445849 3.273309024241271 3.5875723512697659
1595 -14.711280990049618 3.2522070867634421 3.5105879231356556
1596 -14.885507901726616 3.2023691038466038 3.5131928894109365
1597 -14.742779478184689 3.2401179119478263 3.5648816832655532
1598 -14.373858130321851 3.4040484168946334 3.5579579920190816
1599 -13.975819858779419 3.6652414581536394 3.3283354594814316
1600 -13.034855931127863 3.8823936349536501 3.2593930345435811
1601 -11.541202838440864 4.3498396766290659 2.4418937703439729
1602 -9.686386484903295 3.2712722867832049 1.2452658667889487
1603 -9.3412687314645346 3.1986750896189475 0.46363893904726439
1604 -7.8661472391158869 4.3320461240349424 0.56148758533153131
1605 -6.8626112876975611 5.7118778097829264 1.6330958085921814
1606 -7.0386507676410863 4.5252833370931818 3.4657177079465926
1607 -5.2797713362381407 4.685619342836131 4.2672922222673009
1608 -5.6971932312485798 3.9807193403301397 4.0192890425705494
1609 -5.6779467314269496 3.9758879484153593 4.003655828494904
1610 -6.0069392035659117 4.2674073285938592 2.6503170328771533
1611 -4.25687039532664 2.8153283651727739 4.9028413724987203
1612 -5.1762796744650297 1.38882308555434 1.2838017030958491
1613 -4.7918109438623695 2.3500912581838826 0.93117261449243094
1614 -3.6352201059131568 3.3571798600619362 0.71151780167554945
1615 -2.2939562505194626 3.7903892096218872 0.53654910078269724
1616 -0.76673219522245262 3.8488373657851911 0.2317381001802904
1617 0.42013370479231815 3.5527005503095239 -0.21418947593050841
1618 1.3880381760781859 2.8639386730606811 -0.93382057458153278
1619 1.7578899144280862 2.3577936621113698 -0.93911247418122112
1620 1.8893201062874652 2.1487698933086143 -0.95585857703434318
1621 4.0694069360797043 2.6298315646334363 5.2412618668433275
1622 3.7604410766085854 3.0522843953118572 5.3219414122410438
1623 3.5156748525866672 3.2289397766855434 5.2486522535880296
1624 2.6829690411631621 4.1301221993982953 5.1416619894835804
1625 2.6352472615440208 4.5803231502284536 5.9737248041823223
1626 0.36998436103771548 5.0178438224580217 4.9162534788229344
1627 0.11812659521431579 4.9120023757147058 4.3452576497824253
1628 -0.28936696452564914 3.6207235349118294 4.5005765017225716
1629 -0.39457453026216593 3.3929731053183572 4.4632283896099532
1630 -0.37570841023406798 3.0952993288422066 4.8398669933585348
1631 -0.54833667347995152 3.011804140196741 4.4414233235276583
1632 -0.74007906958896807 2.6434053784049114 4.2693321339763077
1633 -0.92991551940936601 2.1647198359915487 4.405016130835774
1634 -1.2570042691262451 1.7894821702999382 3.8420201505375404
1635 -2.8511495393201813 0.78436102300482458 3.0390105152515714
1636 -3.0409437542551991 0.71778748006487969 3.2964645948489326
1637 -3.08891411722401 0.60726133956003114 3.6356401202649633
1638 -2.9071357292143842 0.79577491752695306 3.3129666829148605
1639 -2.7522912512464544 0.90668061827343704 2.9579706308994429
1640 -2.8284532659835646 0.96827977446721225 2.7779580648399795
1641 -2.925169535561742 1.1306992914574063 2.3404889124622286
1642 -3.2441881618271888 1.5250468887149811 2.1667474411230514
1643 -3.6548735450981513 2.1270672122132788 2.2054187234500615
1644 -3.9325090703508994 2.5831177053659706 2.0222510799671567
1645 -4.2031617617869212 3.267365892796894 1.8271750060107601
1646 -4.3577622976750403 4.1050489857802646 1.5690727998850023
1647 -4.3351604162519912 5.3076865715076229 1.5065859533968944
1648 -4.289982931916362 5.8089650452653556 1.4711942093881674
1649 -4.2382004332181911 6.0786237491430279 1.4010452876879358
1650 -4.2530554776930867 6.0173244619994133 1.459914847532239
1651 -4.2074121125876651 6.2970272348248013 1.4192903375174228
1652 -4.1671251371027154 6.5822182064808388 1.4666435924083363
1653 -4.1573741242617137 6.8195887465551186 1.5819172286876912
1654 -4.1445387114927117 7.3432337804809338 1.5151260449192816
1655 -4.1261228489651511 7.8509982349696426 1.5714343869109779
1656 -4.1195604226215519 8.2795095245179269 1.5578983612584592
1657 -4.1046330466507319 8.5617516377231766 1.5201632843153186
1658 -4.0810840731871494 8.4902656708753952 1.4182387939251946
1659 -4.3016664596177474 7.8787344614273866 2.0816976377795511
1660 -4.1752483029718421 7.4422883372995212 2.7405646125405929
1661 -4.3867731779624197 7.45875285375819 3.146281480253402
1662 -4.7700347368464371 7.407649190810015 3.3800713719037585
1663 -5.3360530702712152 7.0980491406215602 3.4889487194422006
1664 -5.7962712050524914 6.6332009307837527 3.5352250518024251
1665 -6.2425651602986232 5.9915175161510392 3.5614394903917197
1666 -6.5772522906552942 5.3539571284146668 3.5688321434869961
1667 -6.9286003769622466 4.5847882859336213 3.5651140081822521
1668 -7.2427867113538156 3.8886034160111116 3.5536709587709114
1669 -7.636847345922396 3.1273971546031878 3.5249234981893478
1670 -8.0540935762044761 2.5279464848401338 3.4780693794029931
1671 -8.612104417244888 1.9946608380589306 3.3815146660250841
1672 -9.1085911701398725 1.7664254337237351 3.2346451265831613
1673 -9.4327600288236813 1.7525589277955573 3.1014518516055767
1674 -9.6555503281926676 1.8332937898430688 2.6862935429397461
1675 -9.6838188847082769 1.9350860030674015 2.2145392154974872
1676 -9.5653841537394531 1.9707372981499458 1.5985711679090688
1677 -9.4498109369501826 1.9263515283530666 1.0164095465667815
1678 -9.1457244215999847 1.9734374492856337 -0.11347578558625851
1679 -8.9273929418890781 1.7652657422097848 -1.1335072587175135
1680 -9.0708815073656126 1.4802833676977003 -2.3449525078564384
1681 -9.0346880271217298 0.27442258190372232 2.5598871115397919
1682 -9.7719809478682169 0.88004798833464126 1.2841107388868918
1683 -9.5015333977109186 1.3681599045432127 0.13164597014328489
1684 -9.5641135795244523 1.0240808320107537 -1.2713619054651311
1685 -9.4628522916496554 1.3175738066065434 0.76902800036558494
1686 -9.5491924005838822 1.4624715465944391 2.5721049615581753
1687 -10.281512766338304 1.7921023877990163 1.61065456603309
1688 -10.23404280671561 2.2912132421014269 0.76932428359364746
1689 -9.8259256260231247 2.3845255060164989 -0.28345610472422189
1690 -9.7062541198186487 2.0436979118157192 -1.2967360846674838
1691 -9.4521376606529479 1.3116122131896091 -2.2944484672476015
1692 -9.6783691367016811 0.49260843456007231 -3.2005822808932116
1693 -10.279593255414124 -0.41735040963448322 -3.0317024564702622
1694 -10.424798172722742 -1.465266947346656 -2.8733317124765989
1695 -10.2274632878178 -2.6046011145275569 -2.6354131303098782
1696 -9.780389460235126 -3.585707443685568 -2.2984964304113626
1697 -9.2485014859406096 -4.3066849345602014 -1.8978535300782211
1698 -8.5865134691604386 -4.9347493957843049 -1.3084015425329303
1699 -8.0063187508393661 -5.3006043691479228 -0.62960485940037825
1700 -7.5125270305599834 -5.4794538416547978 0.31447577868770438
1701 -7.2830816175186657 -5.5154169105772324 1.2841553198607865
1702 -6.8849676574819032 -5.2605642126122323 0.59162618800421352
1703 -6.3311578039334568 -4.9590324238284831 0.11698783035833665
1704 -5.3174055477884172 -4.778313747988185 -0.23389782770441342
1705 -4.5382284666539281 -5.0400219414043805 -0.82006973747753031
1706 -3.6094735625267234 -5.317564764638953 0.58089107335604862
1707 -3.520991320682314 -4.7244789900075279 2.1480727308482583
1708 -3.9171998586191457 -4.7574222323424129 3.6347333110487487
1709 -4.3647339043135114 -4.6555418772269483 2.9558658924580721
1710 -4.4505239106149173 -4.3818535986481244 2.3984443491920366
1711 -4.5582745147392609 -3.9779081915215286 1.895541005129971
1712 -4.6499651584459505 -3.3202815388983371 1.5094335781422259
1713 -4.1637864848281598 -2.0524001782948669 0.17195434689582992
1714 -3.5191014942189778 -2.3846529151792168 -1.1591205917146268
1715 -3.3569869654955244 -2.3898976374433656 -0.63177789457648637
1716 -3.4083594050726043 -2.5884690322812482 -1.1971418221694718
1717 -3.7996698247515117 -2.2604001648871241 -1.8511513862752311
1718 -4.1136966504575927 -1.4482973929718865 -3.2992924082507384
1719 -4.7272811816217262 -1.4551476769410354 -2.9425930343928353
1720 -5.2926791579183696 -1.6897307895045188 -2.5457355639811863
1721 -5.3796853737365007 -1.8025666749039178 -2.0433101615274163
1722 -5.4420765274163134 -1.6823690113201324 -1.4219545760770942
1723 -5.5506520520960407 -1.8819777375848807 -0.91393148114946765
1724 -4.9270670212214265 -2.2216285618491387 -0.47805001721865459
1725 -3.915399576021696 -1.6133598847040651 -0.20735640315418769
1726 -3.1191112408469923 -0.40274331944729319 -0.39532698573464731
1727 -2.0569587188402121 0.3926609116816418 -0.44922350916417964
1728 -0.76034955755556011 0.54301417851702261 -0.50852053134302089
1729 -1.336766571971912 0.73896893326944524 -0.91985893260004836
1730 -1.3357238529489013 0.77880592689520367 -1.1501369307043294
1731 -1.2692978847491427 0.81322178186807204 -1.4718867827977344
1732 -0.89222369915550548 2.1026220943246194 -2.0811712343323925
1733 -1.343648424346783 1.5190972300198429 -2.6091904363716143
1734 -1.9576524334495415 1.0037467883619058 -3.0323702055393951
1735 -2.8651363471656235 0.31233355239613347 -3.4468267354189783
1736 -3.7555722586330531 -0.54261151071609293 -3.6217820204020263
1737 -4.8356631573351168 -1.5831433055328095 -3.7393337433911333
1738 -5.8197198655319591 -2.6059500806326183 -3.7512811435796123
1739 -6.8787903319814818 -3.8345136908736475 -3.6728977246028425
1740 -7.736930621840453 -5.0138698349078421 -3.5130493515385179
1741 -8.5391425092305351 -6.4350907568990152 -3.2380155525163046
1742 -9.0613541523523207 -7.8890226825821914 -2.8704321059205755
1743 -9.2046293536635915 -9.2035093253713747 -2.4727756343616929
1744 -8.9289464780181262 -10.581719814621362 -1.9730209386828803
1745 -8.1080984881936971 -11.54709635822422 -1.5173137486052124
1746 -6.5896284772268761 -11.861554883518892 -1.0381147389364551
1747 -5.3416682317671187 -10.557504557945066 -1.0279640126519896
1748 -4.0036353632281267 -10.857664642261282 -1.1126305131426559
1749 -3.706382130672158 -11.536853732509513 -1.2413546781793832
1750 -3.6937819768152291 -12.082635724624513 -1.3633472867348804
1751 -3.7098968801741803 -12.255019620270085 -1.2819944250315669
1752 -3.8600613221638667 -12.159995611122044 -1.3135673424110283
1753 -3.9481189070245022 -12.055324130920875 -1.1983929908224482
1754 -4.2427378876502679 -11.816817478499042 -1.32314381374699
1755 -4.4117678443605897 -11.555796558964163 -1.3394953409375381
1756 -4.5230680061520392 -11.319912640899389 -1.2198100553505544
1757 -4.7184339991102595 -11.006990660534607 -0.96525094508888531
1758 -5.0851660302523491 -10.841934231631717 -0.88052537870753433
1759 -5.5084175465385403 -10.777912161344855 -0.88419396418379193
1760 -5.8384650910961078 -10.799168803077571 -0.84474533668936935
1761 -6.0794501050318797 -10.993486891458884 -0.9268046635747027
1762 -6.2815573604426014 -11.237056482642052 -1.0566027564016376
1763 -6.2830427586217761 -11.629855467079802 -1.0991400190311431
1764 -5.9223912037817614 -12.14307500577263 -1.3120214101490326
1765 -5.4081451775447986 -12.589775977222592 -1.1571552441840207
1766 -4.9495788837831167 -13.044253399012241 -0.9867372027043787
1767 -4.5975512156524605 -13.394433573912339 -0.83825438187394985
1768 -4.2023614498412174 -13.734974283859085 -0.67291599376121858
1769 -3.8271706248862412 -13.995236384733255 -0.53163799495688202
1770 -3.359986938925049 -14.247541072679178 -0.3801512935680959
1771 -2.8948666098240894 -14.438315638460063 -0.24442860794507293
1772 -2.3201084481483027 -14.60560531174357 -0.093753266076702424
1773 -1.6881374802159783 -14.716952988278639 0.052515170731674887
1774 -1.0885429365773129 -14.753358000926973 0.1817773220892509
1775 -0.39553394728594382 -14.707089553217539 0.32371057309033169
1776 0.21289729972617844 -14.574945741290271 0.45275485087647122
1777 0.87540383962256874 -14.316289324723826 0.60613402648859016
1778 1.3989078636257088 -13.986742491960046 0.75240311145979799
1779 1.8838796423543589 -13.519249117972929 0.93597646619428576
1780 2.188115265215492 -13.044060417744191 1.1279439055430522
1781 2.3851657084374089 -12.47483840134891 1.3644964062528231
1782 2.4305078213868785 -11.975257082312719 1.5942713693273183
1783 2.3447101900948986 -11.438733964701266 1.8692097983136686
1784 2.1531840153512087 -11.013653429261508 2.1408166612690787
1785 1.7152457087794877 -10.456376222160614 2.3169133851668819
1786 1.2016264014113225 -10.019415623760345 2.5261934521651299
1787 0.69521775362010207 -9.7457643181627915 2.7572307991151144
1788 -0.3054820685341138 -9.3840841967425614 2.7140798499046492
1789 -1.1657568343368769 -9.1325298813748574 2.8774138804250211
1790 -2.3795293936469228 -8.8025356943152495 2.6203818851315761
1791 -3.547797485756524 -8.4772320422777607 2.9336771503522816
1792 -4.2938836852354427 -8.1663276929982764 2.4617901378940528
1793 -5.6908812670813198 -7.5826890370255935 2.9300327251523743
1794 -6.1367677731247143 -7.4922764050015012 3.0637486146737132
1795 -6.012180066230651 -7.454543273157161 3.214478813023312
1796 -5.6525209343568132 -7.3119478658862889 3.3741379472837236
1797 -5.3745260220607269 -7.0286517660246401 3.4886191550366923
1798 -5.5073967591491826 -6.8277828436726367 3.5534059557622779
1799 -6.3293749923800782 -7.0676090678833985 3.234852635615928
1800 -7.2248940344678534 -7.6296133952691747 3.4979763085423294
1801 -8.0466894191418064 -8.1689990812584306 3.6773043611648779
1802 -8.654012400970803 -8.5725126820782549 3.7337966054141356
1803 -9.2482583985628395 -8.9308763147977004 3.6643844738832132
1804 -9.7068938951491823 -9.1386983403227102 3.4731256031069981
1805 -10.171981128881777 -9.2129508739737354 3.1329348020928491
1806 -10.499554195069374 -9.1229284061094376 2.7356971904545286
1807 -10.731817664686774 -8.8254780058223243 2.2264402585630263
1808 -10.763039356969029 -8.3812669593395395 1.7186805613915688
1809 -10.842715572508265 -7.8953302408817176 1.9023951886192376
1810 -11.031492403497698 -7.3683795681128412 2.0829443885522685
1811 -11.099236474858607 -6.8590454178924567 1.7402783564563342
1812 -11.01491521907097 -6.2020870925370657 1.4452191840298183
1813 -10.835793413502371 -5.5958179991511345 1.2787641965714975
1814 -10.581935311426232 -4.8854836314889099 1.2339199638686718
1815 -10.426358670433522 -3.4623304425406261 1.9765678747473747
1816 -11.338376438524854 -2.5889239256106591 2.985756912509423
1817 -11.366406450635861 -2.2783787325225262 2.5759588474586477
1818 -11.824457202789825 -1.9282346734290097 2.5677418815666164
1819 -12.507060933103972 -1.3808735601581388 2.37543316911936
1820 -13.444583577421486 -0.85424505231386172 3.0436660286532189
1821 -12.69388276370673 -1.0534999235674223 3.490078885469361
1822 -12.966782680085858 -1.2311230800803641 3.7233190532634195
1823 -13.311957187592011 -1.4951280442735888 3.8380321903005981
1824 -13.377753645089705 -1.6133815852879778 4.0127276664706839
1825 -13.405894296387638 -1.6820143606150191 4.1042684881228313
1826 -13.229805657089567 -1.4312669240403497 4.1636300459699411
1827 -12.813040100645761 -1.0836330013375202 4.7090445288958902
1828 -12.804078204646547 -1.391803014790383 4.7808547918438444
1829 -12.967028132462147 -1.8912995777788286 4.2762948932239899
1830 -13.026470421326334 -1.452797358376702 3.6665261509639029
1831 -12.444479739256096 -1.0885505799376829 3.4947867737360876
1832 -11.902710768422168 -0.80560954293806342 3.1489414696107496
1833 -11.936329448974462 -0.90597536705075077 3.3052443551716739
1834 -10.939103056971325 -0.16151538083104666 1.7723455245449213
1835 -10.612714881414954 0.30286773377573495 0.67096324650050398
1836 -8.5780896595318037 1.5861847761107974 0.1176699189486882
1837 -4.8664793777175248 2.4065079018530739 1.3915339343076594
1838 -5.7264824846611848 3.444242708267327 3.87968503644914
1839 -5.8778462123488922 4.3170512432452934 1.7767432873031606
1840 -5.1066722725049098 2.5698145090505466 0.43643958397288352
1841 -1.9331923613316155 4.6352399420354997 1.1291404498347022
1842 -1.7670110302576369 4.600921018381448 0.71805312771980134
1843 -0.31960983544600102 5.5724406854419239 0.27121778130437013
1844 1.2102559114020508 5.8575824040387445 -0.10785159906692844
1845 1.4003547217309364 5.4171329818962972 -1.060131613941125
1846 1.0645334266791548 5.771766991414867 -1.226379324474131
1847 0.46787401276013202 6.073807355096748 -2.1168935732490777
1848 -0.26522289770469626 4.9953188991516422 -2.2405595475119342
1849 -1.1280490656082303 3.4830756528097715 -1.57977599282215
1850 -1.1855030600810597 3.2652248969297699 -1.6083443980180834
1851 -1.2840118751514695 3.3100298978227745 -1.694286934282107
1852 -1.3752044530505068 3.0231239733452355 -1.7045506567910118
1853 -1.6189753301523924 3.367663716811911 -2.2243645186070977
1854 -2.2888392465132514 2.2688399558102375 -1.8415399535136256
1855 -2.553397562722111 2.5914741404706803 -2.5171430494961866
1856 -4.071310248225096 1.2955747990185769 -2.1625058990920296
1857 -4.2901116242829973 1.0076263175630586 -1.9990420107048181
1858 -4.4323594625017231 0.81251601403925922 -2.0030372195343724
1859 -4.5837590143307887 1.1976396607848316 -2.5902933481505293
1860 -6.072023023658649 0.085531376047192659 -2.1747568004337277
1861 -6.0250020042950911 0.29765224474852808 -1.9555740383152758
1862 -4.4903617221924526 -0.97548263508612165 3.7195277022172331
1863 -5.2340571456378697 -1.581669364551386 3.6157714816903939
1864 -5.7999320314581357 -2.0380621116091056 3.735513475192874
1865 -6.3397866717915132 -3.0512475646909425 3.7251994281111487
1866 -6.8921832579834845 -3.7823032590098355 3.7445530378386307
1867 -7.4142598134456517 -4.500765741365421 4.3486850185199692
1868 -7.414466938402537 -4.5029436969407763 4.3543385962818544
1869 -7.503614210464181 -5.2736318366552934 4.8545625578134368
1870 -7.2773310933296234 -6.0888027277462662 5.2115420692068959
1871 -7.1901510682663847 -6.5053284511107536 4.6064169439650593
1872 -7.3541978323185191 -7.1816189433728077 4.0435624288251342
1873 -7.8322045864434759 -7.7309223913630509 3.6092623388677061
1874 -8.5919955345490653 -8.0758194291168373 3.1454983425154688
1875 -9.3580923583116942 -8.0354175176154676 2.6672808854976244
1876 -9.8810239744088975 -7.5680040810829858 1.4371220476834086
1877 -9.8839589569622763 -7.5690636525759141 1.4211368789801491
1878 -9.9033567365793704 -7.6900319398323056 1.784657615782711
1879 -9.9052293968943612 -7.6936106781256948 1.787495389233966
1880 -9.9232772285966355 -7.8459763104340219 2.6019769356072788
1881 -10.214667900326544 -7.8269179752823979 3.4058207962006244
1882 -10.80750942011406 -8.1630149278125845 4.0009709657527166
1883 -11.283740542578904 -9.2006816194854242 4.8389691322261923
1884 -10.924091076105165 -10.017832208402986 5.6243836621009011
1885 -10.137428666576714 -11.466931060492763 0.58824775531288942
1886 -9.9356352307750697 -11.312769252600846 0.77255970422055864
1887 -9.8810382372169734 -11.210701858288102 1.1860758663673996
1888 -9.9787200457255292 -11.381341528762743 1.7997822835423301
1889 -9.6469988736427545 -11.795742156310828 1.1409542880053289
1890 -9.5378065160982857 -12.019128714766921 0.5470992474864268
1891 -8.8169428708823823 -11.496322434465974 0.74618934114585012
1892 -8.3371931430868269 -10.88629802187954 1.1883248864037383
1893 -8.3087012699394585 -10.588856110412886 1.7767546884607106
1894 -8.5441351622383337 -10.504579544634831 3.0725992587971693
1895 -8.004712768940589 -10.654902205646994 4.2324810266067603
1896 -7.6637397786408172 -10.382451900859813 5.4797958538987812
1897 -7.2500615621530979 -10.892389492847222 4.9158241278215717
1898 -7.4503130640295572 -10.905401063534946 3.9665845330130742
1899 -7.0572841931599282 -9.9730832743382098 2.7558393582416163
1900 -7.1990379891963201 -10.068363402700472 3.7097648743724752
1901 -6.6754450047736835 -9.885883633112174 4.7159550117510545
1902 -6.5505987603306757 -9.4603845218990017 5.6082862311760833
1903 -6.3652463324829176 -9.9747492864815808 4.2983901523029342
1904 -6.3328111899907249 -9.0124175230523811 2.8845174245496739
1905 -6.1811576105111046 -8.6526129412126451 1.463405592491164
1906 -6.1811457688666147 -7.0607518171282733 1.9329996672858007
1907 -7.4421579363025758 -5.6889335467025273 4.267537877394731
1908 -6.6541953140784731 -5.1024025836013944 6.4774307052185343
1909 -5.6464935780410688 -4.2254405678894589 8.7434376141325156
1910 -6.3676220449081304 -3.6082602967609927 8.6104980129733768
1911 -7.1504244285903935 -2.9120490294921209 8.8729404511861407
1912 -7.3873275484757102 -2.7828385174605916 9.0081098823019339
1913 -6.9014954442513226 -2.9077065118054626 8.8883831239570057
1914 -6.4833324501450491 -3.1174055169125818 9.0124938581368692
1915 -5.7456573806242917 -3.3446704498079565 8.8479599217820084
1916 -4.7512667919920091 -3.5884233309048472 8.2076471939793336
1917 -5.2380248319672633 -2.6737839017985734 8.5701728033326727
1918 -5.0644470264147081 -2.3282924562210066 7.6997846529437242
1919 -4.9028250181502564 -0.67036757027070493 7.4644564407543541
1920 -4.2841223623021225 1.5540916127084172 7.7073212154577222
1921 -3.9523533247187355 2.7010537946831192 7.2608245920827237
1922 -3.1188342508633586 3.8420453414952767 7.1203575709757105
1923 -2.3455636330027119 4.5536049433687129 6.8575994133224114
1924 -1.7803698545893925 4.8207578340885533 6.5738813892960817
1925 -1.7517894212385445 4.633590561376641 5.9092187317620084
1926 -1.3732422854848121 4.3555634094236666 5.5019729270419591
1927 -0.77687746898779486 3.7409017778402149 5.3757204094929714
1928 -0.19484874018141529 3.1115933209690927 5.5468102958283962
1929 1.8549224085282554 2.5921652993286255 8.9664933847477375
1930 1.757868379957791 2.5811637256436217 9.2565713960285816
1931 1.3209717853935325 2.7088953871058656 9.0455946932284697
1932 1.7913847686534592 2.7316507910528425 8.4495966376469269
1933 2.5355877667522675 1.9895485477291399 7.5615861993176319
1934 2.0420039088012332 2.5459651743605618 9.8185139049116827
1935 1.8573334016592196 2.481064556468644 9.7423482879487686
1936 1.1391078881688326 2.9640970547615222 7.3157953133569178
1937 0.7559897334594029 2.6872903995132527 8.1009950688599037
1938 1.3299067264452651 2.2629718412191249 7.3810000403760219
1939 1.9688437642899215 1.7917030458613317 6.6831426100850511
1940 2.1457475729924749 2.0861440591835994 8.5271678835163058
1941 2.1309300306012098 2.4866544855949484 7.4868847400014227
1942 2.4324839611238422 2.5582729313354631 6.3920262151746821
1943 2.7863243161236637 2.3892840707662737 5.4329740269518201
1944 2.959720919858027 2.1447377449276468 5.2764074409901518
1945 3.1546841525112095 1.8428855344140502 5.3142781088665059
1946 3.3457578117608242 1.5942669418962734 5.4298199842655634
1947 3.5829820879656067 1.3861302252054217 5.6581711544022726
1948 3.7676193760728252 1.3052575484867837 5.9454159319591344
1949 3.9142682631808707 1.3275775591626093 6.3566204110978219
1950 4.0354771317216027 1.2665439503064309 6.2111214373175958
1951 4.280967843630691 1.1617407827040664 6.0076377792819029
1952 4.5824123733172284 1.0391081610131561 5.9508508676825986
1953 4.6365633087495759 0.71696577434769693 5.1380426807901047
1954 4.8317418057887886 0.016353672394650243 4.5729392619843008
1955 4.9178138250113159 -0.86477031648679192 4.3020360013258729
1956 4.9490893301483139 -1.9438121461241764 4.2695547882839122
1957 5.0096779893105126 -2.8523735897683093 4.5010283605715822
1958 5.1772820174070695 -3.63299070195984 5.0786961621050892
1959 5.2743267379853336 -3.9762662011716441 5.8662641552989356
1960 5.0434527025546956 -4.1049523196782669 7.0039564965532488
1961 4.7709246377730992 -4.4680106590256079 8.1134201380769646
1962 4.5320944669030219 -4.4180109691873444 9.1571657222854004
1963 3.4488530095850782 -4.3778744299776191 9.8269026207317935
1964 1.2242501580892458 -4.6414296614695463 7.85621652184361
1965 1.2471118383556503 -4.5883456060609218 7.8068447613432301
1966 1.2998898283655482 -4.2642747166137918 7.6925193489970427
1967 1.4361119778557534 -3.6522052968546355 7.5917224793876059
1968 1.5913148367328738 -3.096737462060807 7.57763231765301
1969 1.8017404091015039 -2.392793858320073 7.5495861133788704
1970 2.00858091315735 -1.7436356696376538 7.5432422676462423
1971 2.2449946487029586 -1.0701035284433513 7.4862011591209097
1972 2.4921505423580501 -0.61295286375967739 7.2437763730913867
1973 2.8864911717405355 -0.12504223953541951 7.0850717751619552
1974 3.2866709707349453 0.27624800421336282 7.028570136442668
1975 3.7366394872773534 0.70534991936036406 7.0431735223555458
1976 4.1440511451708293 1.1262416788293694 7.1280476504142705
1977 4.4428194570085173 1.5009402166461954 7.2532505267038001
1978 4.7323420841719157 1.8827613804079109 7.1722852447862895
1979 5.0171460506560956 2.2435140605147299 7.2387150529682271
1980 5.2641307025788455 2.5437674255768843 7.137002347667722
1981 5.5484258682916607 2.879363375465311 7.2306885482182093
1982 5.7398233316171297 3.1209326042227388 7.2142856122736942
1983 5.5494566261134448 2.8592613455895481 7.1958898756117762
1984 5.3168613367250543 2.4731378217934434 6.9599731978242945
1985 5.152659108501819 2.3178336570292664 6.9052582257218091
1986 4.9677121113803011 2.2207629571281968 7.0702057133069776
1987 4.6168939900424046 2.0042856581923427 7.500174623471497
1988 4.3449757197552348 1.3297112902655108 7.6255435619479268
1989 4.1436043241337561 0.59752399667680245 7.7697847192656342
1990 4.0895391612977416 -0.037606129933786502 7.8274037320192758
1991 3.9431836426592568 -0.31754083040332531 8.3376547539667953
1992 3.7022637813224613 0.047775512060440534 8.4906539950219813
1993 3.288367974210511 0.69088468032719952 8.2609977727476807
1994 3.4225815066086454 0.40329173210569502 8.3071417637013774
1995 3.7651388045933953 -0.46146300159424669 8.7463228352618376
1996 3.6107048066341081 -0.24934022859011634 8.4854513435900536
1997 4.1632853824846139 -1.1138178250077817 9.0527862889150956
1998 3.391414123638369 -0.6904197878275431 8.5963393464697795
1999 4.0667284947192055 -1.2045510860254769 8.6217464613606634
2000 4.9016419599565513 -1.9814836450414008 9.2630446375989965
2001 3.8693539307941558 -1.7088165658708723 8.7399993575087844
2002 4.5391250924865059 -2.1018959054745601 9.3432961330192263
2003 3.4962272984963341 -1.9156320180492405 8.7923803721283544
2004 4.0508768401736521 -2.2786214375080158 9.8312233692010249
2005 2.7339488220505506 -2.8741437230387241 9.9497661394521941
2006 0.86370888148165681 -3.6530455765898147 9.1723692288992495
2007 0.8661556717503176 -3.4522083628346061 9.0709809458780182
2008 0.30533722945439723 -3.2086645083684782 9.1029533810594625
2009 -0.33066119448813369 -3.0733638659916851 9.3530120489410606
2010 -0.90262211921683932 -3.0057329692584114 9.3145476081779748
2011 -1.6057195130908013 -2.9214980526123879 9.3020630874075412
2012 -2.5410556053498627 -2.6077617407417759 8.3750130318058407
2013 -3.546412994015804 -0.88838974174468199 7.5919598359328599
2014 -3.0057658950418729 0.72750691103793985 6.8295160749688399
2015 -1.5255892993514362 1.4739241355841752 6.3382251727843606
2016 -0.5298214842885024 1.2878440533385325 5.4980177803713692
2017 -0.056910164155120846 0.54334840896006231 4.9300464696800725
2018 -0.47784134773203046 0.70749253665727929 3.8717746977124912
2019 1.7423109361816653 2.267539199266225 5.1866567691800807
2020 2.1183073078057433 1.922808675339579 5.7310081703413926
2021 4.1731659476690899 0.9115938059691262 5.1807690847863759
2022 4.031794531472527 -0.12793643816498029 3.4642469276002816
2023 5.7626308511509174 1.4027600846793777 1.5265104117572732
2024 5.7649990307769992 2.4181208353216155 1.6388479911785394
2025 5.9898503970695236 2.4795902349743426 0.92298013447475091
2026 6.2963093143783313 2.7368971347136855 0.67796509505787961
2027 6.783784393741465 3.0317882640402898 0.4356364427842026
2028 7.4467162220038388 3.2938816869543746 0.31191553701524438
2029 8.0747299759660667 3.4981562010183502 0.31988674500590525
2030 8.7457289913304201 3.7189880352959075 0.31961381662938365
2031 9.3995600146615743 3.9129685434624766 0.25514500561775794
2032 9.9856308036699115 4.0829750374627176 0.32224181603546359
2033 10.719239780135684 4.1289398226790688 -0.32488653499059417
2034 11.7427910000917 3.7365707263197794 -0.68654557287607054
2035 12.856911646976227 2.8636242015285909 -0.92073007514602434
2036 13.68588204172338 1.8641876504295092 -1.0355406016680311
2037 14.24357272627736 0.97721202204110447 -1.0412099471599663
2038 14.726587314709635 0.20642372117282864 -1.0554246282146875
2039 15.185451920863413 -0.53351903850811977 -1.0071189896168178
2040 15.583654396639545 -1.1268078100533212 -0.99847627957733376
2041 16.048549604482695 -1.7838130677986761 -1.0085075265501162
2042 16.496432330874224 -2.4223494831530572 -1.0394599243096572
2043 16.874281541861176 -3.0009055182791018 -1.0805775873342145
2044 17.252931071165051 -3.6647791059144583 -1.1492653694132171
2045 17.439041726806742 -3.9600144152735983 -0.85981691897806012
2046 17.676863611767509 -4.2401650606506891 -0.79905848325562523
2047 17.383114780221749 -3.9899783968094575 -0.58569224379693086
2048 16.317795308901491 -3.5777022272102572 -1.1485683820133943
2049 16.610226968966614 -4.2011051011896905 -1.0375397177046848
2050 16.940676835330791 -4.4351760116528833 -0.17610432721150365
2051 14.730060555967288 -4.1532277730460745 0.43015854924398667
2052 14.770926413093129 -4.1599015010368214 0.48276598115969643
2053 14.78654212156253 -4.1492480692870712 0.62643520949297538
2054 14.757491224456507 -4.1678116063474659 0.82409069316638095
2055 14.59381972929029 -4.4485042224961582 0.94147673965230516
2056 14.484783169958009 -4.7037768802555631 1.0193927476257463
2057 14.343730211088378 -4.967228229301262 1.3993407062661436
2058 14.304912118606257 -5.1823503722500162 1.7095728104128212
2059 14.350051003374618 -5.2756031827386627 1.7288388095518912
2060 14.427198769514039 -5.3454036920627148 1.7353732169573468
2061 14.560653971142754 -5.3909165892343571 1.7212609850141345
2062 14.544883013974198 -5.2514514270410944 2.1415649608000096
2063 14.42362974269793 -5.1401680816222566 2.6223172321564583
2064 14.216328582940932 -5.0991770400376693 3.0246797219770283
2065 13.880145030604405 -5.1676060973394815 3.3955573819105447
2066 13.474602072188935 -5.3717006266712293 3.6552718414562304
2067 13.096397840380213 -5.6478652287015123 3.7892632439088096
2068 12.664843329157334 -6.0100169469267213 3.8205603782643616
2069 12.268520377361492 -6.3269256036623371 3.7377948872440356
2070 11.815150360070486 -6.5975913500199077 3.5186862473915768
2071 11.432248787026587 -6.7155538605545733 3.2157907241329569
2072 11.083517343410854 -6.6759241898139612 2.7601853940184107
2073 10.912228861245909 -6.5387284796393814 2.2634746612597274
2074 10.88865045755994 -6.3158657921255204 1.6575000300494713
2075 10.983218707772449 -6.0693312783040936 1.1420775998900448
2076 11.304530216577428 -5.4087010200874008 1.0971896884926178
2077 11.639382902987251 -4.7286226316913353 1.1340236086966016
2078 12.077489869775714 -3.8908693303197301 1.0931133394281696
2079 12.609018791044162 -2.9559889477396082 1.0550457915645344
2080 13.190317272628635 -1.9714531000146451 1.135184641840814
2081 13.775646740384495 -0.80804366055656596 1.1569551540992129
2082 14.373828373589671 0.37750430967580928 1.1529143545201472
2083 15.016195883461275 1.7865998854176723 1.3377142381758005
2084 15.30860820501743 3.1552662422370967 1.6709250435751362
2085 15.17426383650486 4.817872901880623 1.8664210358253013
2086 14.591566587479743 6.0657234855586335 2.599994350069514
2087 13.53974876090148 6.5558262706349391 3.2842843436117244
2088 12.555761757973826 6.1468415104126022 4.187166724347744
2089 12.58569800729178 5.507459383417677 5.1230595705543243
2090 13.247624592232215 5.3793485276821311 6.264150766417556
2091 13.782942875773195 5.7754669449251113 7.2364280273560642
2092 14.221462769231298 6.7290291254462336 8.154173734385525
2093 14.035390861051901 7.8906497494360472 8.8336871798043948
2094 13.024756582923777 8.9087954065752104 9.5402303980331009
2095 11.947974696728705 8.8638456271458672 10.198178014709534
2096 11.531119207056491 8.10569881602955 11.069207258895444
2097 11.9574292993128 7.8314253393921849 12.04142867715915
2098 12.309187699751339 7.9367175901584064 12.882846751635089
2099 12.462785554460316 8.0312948548185545 13.001149391504812
2100 12.263692708619629 7.9803723233486457 13.115448162974197
2101 12.017181213412901 7.9191472231610343 13.300555231352028
2102 11.805210774080669 7.8207221994914127 13.483358635391083
2103 11.607970239999354 7.6824943932363068 13.664112441829619
2104 11.495574955877395 7.5566300844952572 13.7638026892468
2105 11.242847266714678 7.0841647687810054 13.877603681826937
2106 10.956355684591298 6.358555454472504 14.073940301591575
2107 10.543342181760664 5.1492780201606791 14.999871820894629
2108 10.387429909364119 5.0826274878759117 15.496999657288184
2109 9.3594095778317588 5.2948633369338234 15.510123909118123
2110 8.3487162452216506 5.6603867409929878 14.964815341678838
2111 8.587437056672357 5.3323013458344661 15.112701738580411
2112 8.8760595967739544 5.0617481193763894 15.11738638817495
2113 9.2658113967694309 5.1503324877143024 13.755577962945972
2114 8.9160319595027779 3.1479678485166631 11.940723571188689
2115 10.197746746854069 2.2086626427258431 12.126817217581891
2116 11.425632836463322 1.5966068394643127 12.221963852561874
2117 12.363341270343959 1.2431673672490429 12.339706670915639
2118 13.499295158375643 1.6427116422580095 14.559717031807931
2119 13.531462808457178 0.86327803489303279 13.727830509151239
2120 13.217934911080942 0.20831871627292109 12.869617264476354
2121 13.31086891489813 0.1143508494412574 12.259682408709418
2122 14.186227675722415 -0.24941073851759205 12.154335862765942
2123 15.364465911045182 -0.71816310943033679 12.533463519457861
2124 15.965435359061084 -0.5149738671582571 13.335108721303863
2125 15.386676786177496 -0.74794014221515115 13.404008509794998
2126 14.792130933039338 -0.93229706541038904 13.730021458394429
2127 14.429524440817062 -1.6176591551958837 12.714328980811597
2128 14.574457919234517 -1.681981284221473 12.027119924011895
2129 15.46498299490885 -2.640589287596856 11.659880663094366
2130 15.929017740097361 -4.3134683851439224 11.622295403528353
2131 16.289316427904282 -6.3772499628101249 11.791489063784512
2132 17.126273001054567 -8.1033371616546006 12.208769876465354
2133 18.086715529492054 -8.4104170521481976 12.915180543373063
2134 17.738049275383233 -8.0087996498329748 14.117307749309191
2135 17.539953517343577 -7.217372437828657 14.852485542353721
2136 16.640858712379153 -6.5512708808829574 15.599260348779113
2137 15.693862468771458 -6.6481477542575336 16.282326620449851
2138 14.911107354000061 -6.8586257217970843 15.488317776881818
2139 13.923634618383712 -6.5062117344547898 14.935544390916096
2140 13.097260529270923 -5.511306446829952 14.372171957298079
2141 12.968822363060561 -4.4402138314177915 13.826781407252746
2142 13.13576158418492 -3.7514441434108381 13.961770721568712
2143 13.004422317154219 -2.6444990511468549 14.687744205440454
2144 12.17555304098485 -2.4896408814185937 16.806110688060155
2145 11.71292026705669 -1.8787294883480752 14.924541550372719
2146 11.653966323100569 -0.47169355576492522 12.304772434437011
2147 11.745552711416666 -0.29283460425078855 13.00501865021811
2148 12.552590682918218 0.38894002652920245 13.756476824434218
2149 12.966471180026781 2.655917902220676 14.57714989691064
2150 11.647075500838692 4.8045014475065502 14.862972571640649
2151 9.6046255426983649 6.2693614367529795 15.493681197488742
2152 9.1545105810477363 6.379114238934295 15.451952395744502
2153 8.6351860024635503 6.3440859725080028 15.966394134516495
2154 9.026077610489132 6.4318429447569665 15.800062525824082
2155 9.3066776403400997 6.4183325231623067 15.939698879966318
2156 9.4235266824552202 6.1190209856542896 16.722222297368315
2157 6.8009128455594334 4.1002778034904193 13.109404244193733
2158 6.5559075576758588 4.850907484878288 15.778343241493399
2159 10.073886486190114 4.8867634583580406 18.483908613013028
2160 10.469901813157945 4.581836333535473 18.102482563766621
2161 12.017961512320751 2.7355038589931042 17.36576500864145
2162 11.975893676716844 -0.6836191286069484 16.807472002308849
2163 11.44879208385032 -1.8578352965699971 17.052061315993797
2164 11.462239974800452 -2.2840547551353749 17.30459059445117
2165 11.503935834307446 -2.8309794413885752 17.340045170880508
2166 11.566476219144377 -2.8769171386638588 17.465215065671359
2167 10.506766630485489 -3.2274374400718444 14.482681743298352
2168 10.307767472286264 -2.5880499035396318 14.434958278334223
2169 10.249026059137984 -2.0833545326719598 14.42688935761365
2170 8.7182737357091646 -1.3358004240364103 17.172299316428902
2171 8.7002292307186888 -1.2578602097058673 17.353367525009439
2172 8.6037644719076489 -1.7041214078814682 17.195514596543699
2173 8.6795170210801036 -2.8928655546265518 16.616443105612117
2174 9.0493572149691435 -4.051464658557129 17.192501582785241
2175 9.8719871024503476 -5.0052073458757249 17.688421393304299
2176 10.989136843763376 -5.5741151269472962 18.043491664412098
2177 12.092397592313365 -5.7865176122374384 18.278131745451663
2178 13.335742950224031 -5.7985871788050805 18.476603323487335
2179 14.402092725487231 -5.6804590756560973 18.597853515603788
2180 15.571630008744032 -5.4841876323940015 18.689585349310171
2181 16.580074858060634 -5.3053806766532015 18.738316198304013
2182 17.684387552093622 -5.1530071813197615 18.742177965417216
2183 18.622873458334972 -5.1238843442173794 18.680029672311885
2184 19.584507010140136 -5.2565312277925962 18.521961011524109
2185 20.265286181670316 -5.5433954590508936 18.280805531438538
2186 20.733640717442675 -5.9998123184855929 17.862413429650125
2187 20.829518305908632 -6.4306399235028682 17.291425559951925
2188 20.711154125230582 -6.6243330317418403 16.681721712874655
2189 20.476706044917332 -6.6719802402459676 15.969306739305194
2190 20.176676772664955 -6.6048854669338297 15.373210302463685
2191 19.7404715372254 -6.2683822671042417 14.793486152156751
2192 19.414016826644989 -5.6440802497527551 14.383234590903941
2193 19.337639637447975 -4.6980796068514232 14.004561325638081
2194 19.554115199527228 -4.645599286809067 12.883614586883425
2195 19.303567234899248 -4.9072728954279254 11.648157671641572
2196 21.213335030394411 -6.1662509141128448 15.689925884737205
2197 19.921374821347374 -5.6854516992835133 14.657874022339655
2198 20.371178011006752 -6.3808699146317291 13.443550996358052
2199 19.492369989300986 -7.3596605707688783 12.250393043281923
2200 19.751996990580921 -7.6104213166748691 11.506491910686783
2201 20.717896459514716 -9.1029418145852787 13.734729595621253
2202 19.448236904871973 -9.8418422091160842 16.194236864443205
2203 19.243602664810918 -9.9144651740521326 15.727738923794254
2204 19.80249881860545 -10.086748774689854 15.247293550595369
2205 20.570879819635824 -10.768454824925017 14.765734135819979
2206 21.062616229165048 -11.981101307118834 14.153852695056379
2207 20.915366696753718 -12.434492276471612 13.469910751850033
2208 20.589303611210237 -12.486031237772419 13.451973704470861
2209 20.238629710033688 -12.570521806880393 13.214935827774321
2210 19.711570379960257 -12.619211594554095 12.830134022056606
2211 19.110874069840389 -12.335969364907529 12.675649084504059
2212 19.326652318357738 -11.996185685728332 13.644258088060335
2213 19.505725079167416 -11.386731824326889 14.693462282192879
2214 19.363011297219337 -10.774006382499682 13.986929721404271
2215 19.726146451845302 -10.142040802154813 13.14315681481108
2216 20.225606302891421 -10.047151649212609 12.304740208001869
2217 20.609884506774087 -9.8706056853581963 13.135793193045641
2218 20.732194977463589 -9.5426572573438566 13.894158009519863
2219 20.627946272250981 -9.4869292165598598 14.059785215466821
2220 20.586834273073418 -9.3549167889958866 14.010711993263143
2221 20.529338135162075 -9.3326002219273843 13.858635081928687
2222 20.512544932044193 -9.4093782613215033 13.479308785745253
2223 20.293155243089085 -9.6106122595029859 13.228808857708303
2224 19.955540097025622 -9.8799744131564076 12.810595444959667
2225 19.67715719379456 -9.9636212797427053 12.399825801210618
2226 19.591832217548465 -9.9634199422967278 12.081881233940249
2227 19.586355706550755 -9.9970415150095295 11.735808367547673
2228 19.465052037691965 -9.9722389049310003 11.207830561473763
2229 19.486957457257365 -10.263699092225737 10.970562718343992
2230 19.384664605984717 -10.507469999474365 10.515533367348061
2231 19.009438748662618 -10.939271767717917 10.049211650249186
2232 18.270455989422075 -11.26793060355253 9.5101641698194221
2233 17.264714256036402 -11.156084241977322 8.9534172703774857
2234 17.459162005997399 -11.189477341145137 8.3836797775070231
2235 17.507639847115897 -11.223221168732337 8.0435757658189857
2236 17.447227775291623 -10.95472020210911 8.0399009684563971
2237 17.404447667830098 -10.498416010395797 7.8754835302861279
2238 16.497567021407111 -9.9516851417065499 12.222422239099981
2239 16.706910361388903 -10.723123732777264 9.4116682665689329
2240 16.548973860828511 -10.200684094376227 6.879582175293276
2241 16.379477775530844 -9.8647309532335719 8.1530662013847639
2242 15.765308884750924 -8.191999018502699 9.1123828984343636
2243 14.063731488102432 -7.6983423143380065 9.9328064784880894
2244 13.189006296362681 -8.4642403258391816 11.158141716821349
2245 13.329921088594146 -8.3097232003503301 11.576609001501842
2246 13.306108937815322 -7.7092556462123767 12.294532507866018
2247 12.771617899437182 -7.2804379448789351 12.989710641536806
2248 12.658277033009693 -7.3407285946344114 12.785949569198941
2249 12.364071936148708 -7.4438130973204135 12.350223521993261
2250 11.728889708670019 -7.3936768603425387 11.652266236947501
2251 11.400851468773642 -7.1001453004475739 11.082860757450149
2252 11.209613573669118 -6.966390472525549 10.2603857402241
2253 10.722997052900102 -7.2722256851233738 9.6879911179489682
2254 9.9641224757073239 -7.3082848094557677 9.070805567959658
2255 9.0742904338810177 -6.7802645044595407 8.491495010628558
2256 8.3567761928631761 -6.2098345911275716 9.5949219820334388
2257 7.4701235880178531 -6.6950600650460892 10.878533359002066
2258 7.7439305270082821 -7.0883490740383053 12.126730154324472
2259 7.9291906680632653 -7.3703878857861689 11.449771402794745
2260 7.8123687541452069 -7.3919563601283524 10.887425847882792
2261 7.7731799427088362 -7.0922810784056756 10.482377455375818
2262 7.9217404388934858 -6.7402660804776833 10.161303251420019
2263 8.0805220044945809 -6.5997286355084039 10.004024782204331
2264 8.321742598612607 -6.422386859963404 9.855116806428093
2265 8.5607136299401994 -6.0969380608821728 9.0903828833829845
2266 7.8864185004852079 -5.6828492171529197 8.6262914916690399
2267 7.0006022695706216 -4.6445636063492763 8.6035162633468438
2268 5.8913189751411554 -3.5074960568468074 8.9995454511207829
2269 5.0183901449675954 -3.3307703884095554 9.7570152505043612
2270 5.3928212106247262 -3.2934864258387844 9.845746174043736
2271 6.2306701738489885 -2.9038327704014395 9.5002338980655292
2272 6.7189342566582058 -2.9692706273971989 9.6072865718539493
2273 7.351682809871007 -3.1009658194661296 10.194585548633315
2274 7.6649360780449847 -2.967965519610646 10.416704459612873
2275 7.9399307185817634 -1.9954206114751518 9.2976859945645227
2276 7.9912163033908623 -1.7515830047966088 8.5144459644924915
2277 7.3714600477422056 -0.73278196921503325 8.1167803774015894
2278 6.9631173652246403 0.69270138160043826 8.1380080556325236
2279 6.373050385451398 2.1874535388627883 8.5080711143317131
2280 5.6447739286507712 2.8252332377515472 9.1572556975859793
2281 5.4316241163265637 2.5555983682599983 10.247069339635624
2282 5.8161530394434475 2.9776589442876644 10.261743301434537
2283 6.1829954320553053 3.4273907359268385 10.285242998114816
2284 6.446877440515415 3.8522465542458266 10.282764636214196
2285 6.5746915729850732 4.2578965133377427 10.136843141320734
2286 6.5757836168422878 4.4710208947942052 10.145998719792194
2287 6.2305477919191095 4.3196845025098147 9.9248144671852518
2288 5.8367702844634595 4.2095610327678212 9.7022043405490876
2289 5.4398667784098853 4.1415953088520299 9.5386113862494337
2290 4.9188434729741433 4.1144361811126871 9.4107360308886534
2291 4.3917180229117827 4.1381649048136486 9.3557568572189531
2292 3.7508117671431407 4.1905824127385589 9.3731541835354388
2293 3.1450175253518502 4.2193062270399349 9.4552361496585142
2294 2.4512792510692152 4.1759789363146842 9.6069643867912458
2295 1.8725152898903306 4.0294140411329931 9.7980788012566258
2296 1.2999273589750242 3.6982191037952417 10.09632634490276
2297 0.94617355151800753 3.2232594704803228 10.471467261395642
2298 0.86261372547177317 2.7759716942709307 10.855142880547874
2299 0.97475982432047481 2.3278972300144902 11.299486293664719
2300 1.1402610212078002 2.0228261217812888 11.556174222809259
2301 1.5458343448009135 1.3518646877601836 11.467866453634384
2302 1.4496521375061824 0.36274629117806723 9.5719037651098322
2303 3.0982278902425846 0.9314026927118304 8.8518229113329383
2304 3.3092780795577812 0.80657789285393167 8.6529289304859009
2305 3.067188498704482 0.76695918539200325 9.2018017691047564
2306 3.7234173447235572 0.91507491030855925 8.9257158981358558
2307 4.2011830831547101 0.92432264935429065 9.0624850302287676
2308 5.0109979951660488 0.63817794772651171 11.549851426187498
2309 5.1988938643787863 0.22627168508210738 11.494016681532099
2310 5.088537622100394 0.023794021389965891 11.449585325986266
2311 4.9824298261366549 -0.067516200126773729 11.834252881011098
2312 5.2024105821749744 -0.54935742627336159 11.324560488190713
2313 5.6172183483620222 -1.3253431037014196 11.205423280669461
2314 6.719221748147322 -2.274821481644989 11.559683984251487
2315 7.669062329072899 -2.9710039303667668 11.730734052431403
2316 8.6250076444781421 -3.7254246837355769 11.744847354078159
2317 9.2290888380058487 -4.4030613495872002 11.591954066121223
2318 9.5224826478571476 -5.0898510810511306 11.189812697084486
2319 9.4580476375997993 -5.470946498879397 10.56415192095737
2320 9.3331410399248718 -5.4663955442629915 9.8672664520802211
2321 9.1667228128836484 -5.1620764267809278 9.0316625224293237
2322 9.0604567931928859 -4.6103541679948679 8.3126446589650076
2323 8.9926644169364032 -3.6221718066789461 7.5843110131132727
2324 9.0248973609502485 -2.4480455197445292 7.0165709251200123
2325 9.2130034741426066 -0.88923185734641086 6.4969995742433735
2326 9.6307161665033529 0.56994442697697245 6.1428793090559726
2327 10.429511845510465 2.1028469705582449 5.8953604625222376
2328 11.399009006771696 3.1735860789293517 5.8353636828410185
2329 12.646855255073497 4.0234777598805298 5.9435664937742274
2330 13.998126377179135 4.4439439222904999 6.1769735782812969
2331 14.95910934252915 4.2366824326115582 5.8337149842175728
2332 15.836056749971746 3.6904937744286661 5.5432370663756618
2333 16.430681768284437 3.0897807458959914 5.4366131529990502
2334 16.931673542074524 2.3715743541402667 5.1553047920790709
2335 17.107048490804644 1.7485774832260672 4.7596249635221488
2336 17.054351765192283 1.3424985824005602 4.493378802774548
2337 16.929869727830969 0.96862067013209796 4.3207299720058687
2338 16.710800802573829 0.66776334458818742 4.0011565449137176
2339 16.415821760912525 0.40188142787407133 3.7903663714642559
2340 16.005023365994077 0.16425774000955196 3.5705883236469842
2341 15.606647135321028 0.030360613052988393 3.3991246600196106
2342 15.370085089684189 0.0027273077254427458 3.2466585241429664
2343 15.328050147877525 0.031414457234538437 3.1186966215606833
2344 15.442730562088933 0.090366117142729144 2.8863361494688857
2345 15.513890395237681 0.85924304984915134 0.46755387191940456
2346 14.693897542426036 0.15507444547782862 -0.30486502136698501
2347 15.152199850637754 -0.091290027970892418 -0.62713781818103764
2348 16.09024122309177 -0.75761909400968452 -0.28753273152645092
2349 16.440298286499875 -0.068357418074077636 1.9698538713924578
2350 16.212650675720489 0.88339353759462425 1.5344908849667478
2351 16.501270866026896 1.1281672511404068 0.51714342516782064
2352 15.578764014495871 0.65897131893662975 -0.82997717652983627
2353 15.923171123301577 0.24111396404932739 -1.0193901145583348
2354 16.194888424188534 -0.62582053790700609 -1.2929983490711701
2355 15.804603202160928 -1.8707984598326304 -1.3951721130131112
2356 15.014020341561549 -3.2698352723025583 -1.4122370214741753
2357 14.619918132470524 -4.967037631376666 -0.057364730535876096
2358 16.488295913573101 -5.2350730095339859 1.5122031947349592
2359 16.618223325001967 -4.9594390404930087 1.1036233683211094
2360 16.92625242488657 -4.6578411998770592 0.71970427468422138
2361 17.578714783826054 -4.2001027050890647 0.44202087558349995
2362 18.285506770672047 -3.9607429941686094 0.18085706861499062
2363 18.424422411003022 -4.0159440363667018 -0.053892391222613627
2364 17.937446776915472 -4.042607697266952 -0.21877405885037632
2365 17.009710726831333 -3.9195322661429945 -0.4372917560877092
2366 15.984571513450605 -3.4465145229368561 -0.41008440647482408
2367 14.805028772369848 -3.0938049555287055 -0.70848583466513126
2368 13.72828426202272 -2.3014041444213902 -0.89510768480044201
2369 12.661218941838699 -1.2047463196800041 -1.1649558695681599
2370 13.023992553300419 -2.2486565646408163 -1.4488720646196316
2371 13.110915855954731 -3.5091247908595506 -1.7061775787462206
2372 12.970734848842948 -4.1793291737635991 -1.8570325386731756
2373 12.764283061188101 -5.07310182690565 -1.7015782875265999
2374 12.761638339831924 -5.2584303479939596 -1.5649124805694987
2375 12.598492707134513 -4.6710844008151451 -1.8854452481465582
2376 12.344183983150744 -5.0474372947627177 -2.1680968245700201
2377 11.780984082614365 -6.152191081370499 -1.6374096963877252
2378 11.757162254870199 -6.1851932890856336 -1.5903713495757439
2379 11.750995044424075 -6.8004651607335882 -1.5692335561013633
2380 11.721431038470373 -7.6664321745272321 -1.6435556129328415
2381 11.457386932337561 -8.7059307860837123 -1.5763193924946075
2382 11.36579950953498 -9.740687710521966 -1.6841885387782378
2383 10.396913125519005 -11.052668602025831 -1.5722390177914827
2384 10.257283335483233 -12.12462956305526 -1.6527656607973138
2385 10.011361330132546 -13.310694115739853 -1.5963598528575937
2386 9.9290666243554639 -14.090406702369327 -1.6327784889994703
2387 9.748654407024345 -14.875874443350794 -1.9193689740980497
2388 6.6089870160294053 -14.429692614242828 -1.8137501732696146
2389 6.5372044537992622 -14.930347748814613 -1.8810214804847831
2390 6.5041576179522078 -14.995317934519029 -2.2675949685274821
2391 3.1891444213883098 -14.565571484223209 -2.1393857300223784
2392 3.632613666156169 -14.069008014877269 -1.9300686324929595
2393 4.811739221970444 -12.198023230503109 -1.1706156304677318
2394 7.5887071300230318 -11.827288622580042 7.409807303801669
2395 8.5272029957461157 -11.246937097261354 5.6838118490180394
2396 9.4936563825273872 -12.518193250899117 4.0756346065960294
2397 8.9322042005327837 -12.520947087299927 2.5431698729250112
2398 8.7260378113399852 -12.335588673857128 2.4620471610624612
2399 8.4355500867665025 -12.163993463186975 2.6539839601616499
2400 8.210048041299892 -12.195722662634388 3.1207326075228017
2401 8.4711268840939642 -12.301438919428159 3.5575253129847093
2402 9.1951240658474767 -12.105546666986712 4.0164461257149098
2403 9.7694204455182998 -11.587719407376591 4.4859433157940041
2404 10.033584491956136 -10.749288496311022 4.757555927496889
2405 10.071444191511736 -9.9438940546432555 5.0594186959551557
2406 9.8791848928512849 -9.0251191316033115 5.5309777873139909
2407 9.8211797725658183 -8.9632244052342607 5.5035126722785259
2408 9.5052379735889971 -8.8686891973772362 4.8034818566471351
2409 9.6352530803868319 -7.7551174259289857 5.4947006721572986
2410 9.282245710300181 -7.1809975230300624 5.9934017101085066
2411 9.2536967477472754 -7.1234436910254768 6.071923346612869
2412 9.1641829246034341 -6.8969724400869419 6.717728720333489
2413 10.360238694975621 -6.3103068950721024 6.8336277741645191
2414 11.660535799253083 -5.6852947908949618 6.3625848891622354
2415 11.663957298162456 -5.4424156931653682 7.0277536898032773
2416 12.885354874683735 -4.363740026843427 6.9494493543994471
2417 13.706793712375809 -3.7893621567708262 6.7836473378748572
2418 13.827294131970744 -3.6989299480472284 6.8171214886129556
2419 14.100930758401644 -3.7371407290034444 6.264366611480674
2420 14.985308477947399 -3.816796781913939 6.1002048626071437
2421 15.930825405616297 -3.9471745776160163 6.2827465205994484
2422 15.96497121061976 -4.1923724348383091 5.5047615536985068
2423 16.901153694059413 -5.2293444577216182 5.3032494144770093
2424 18.007982382570201 -6.7821316988615843 5.5659552655348969
2425 18.030853084584638 -7.2714505055505967 4.3162471051355693
2426 16.759080676574776 -9.4895649472821173 3.3385403226943708
2427 14.712813980004743 -9.9148776696376668 3.4080239493507691
2428 12.380278626577528 -10.466184226360784 3.1669151009643701
2429 11.925137113313671 -10.462036501884214 3.1110681851557653
2430 11.413891396114765 -10.428892867057179 3.0445360596875499
2431 10.845602739067557 -10.357564110745155 2.9891476462664919
2432 10.344897130592182 -10.271259540113395 2.9542251005358757
2433 9.7811108018562756 -10.156920098844445 2.9316554278851576
2434 9.2802017864786119 -10.047539309232048 2.9245309927086081
2435 8.7088320588709944 -9.9236126084240794 2.9334559397250866
2436 8.042029819340847 -9.6496748578408056 2.4316512632042238
2437 7.4801289524664369 -8.9526417678332901 1.8878846436820957
2438 7.3534737982545133 -8.1568499049689915 1.3908601924181743
2439 6.9191194739927306 -7.6693203569869199 3.1034054883854192
2440 6.0638615981200026 -7.145032006385156 1.3399848985053946
2441 5.5190901919234738 -6.9283638079232039 3.2277062497619342
2442 4.0925861568156403 -7.130270143472945 3.3544771644246496
2443 3.029408501725058 -6.7284927171310551 1.1816907201133564
2444 3.1131528460957769 -6.8751529340003801 1.0492639272330502
2445 3.7623552828192985 -5.0496291561926281 1.4536614260992633
2446 3.2362095979010816 -2.5676258449335823 3.1080921115520899
2447 1.9696366882447953 -2.5503212340068111 2.9976400661080884
2448 0.61038529556964893 -2.3793415066435926 2.9054809570532214
2449 -0.37965954180304318 -1.7790260260193067 1.6396440442037354
2450 -1.1066308146449082 1.4186630383255205 2.3562367332444523
2451 -1.3656004194067433 1.5669495946206369 2.666536181070458
2452 -2.0588217687067165 1.9835388622520103 2.3961645417241413
2453 -2.7967270440653711 2.635176123559654 2.2793169376582334
2454 -3.7890076214727437 3.6477926963430902 1.9104106764757294
2455 -3.5693901284899852 3.0766296717349273 1.9257828254298222
2456 -3.3559921631891587 2.4699596109670909 2.018397697438199
2457 -3.0847646868725382 1.9233726720500952 2.0467307511561628
2458 -2.7937765212043693 1.3973373264970139 2.0602793377196571
2459 -2.3930012882908116 0.71721503129519326 2.0751848879518628
2460 -2.0634135562915006 -0.067782872775308173 2.5108494209571171
2461 -1.972233206814632 -0.012231007703606495 2.110382427812612
2462 -1.5319132042761594 -0.62969408404163485 2.1393388284591413
2463 -0.99829077048569537 -1.2805271310937127 2.1848798307163015
2464 -0.098614299261782501 -1.7279215687977714 1.4359195486639309
2465 -0.075148382979734862 -1.8372710499620351 1.447444236306997
2466 -0.090372088900012346 -1.9630947076153837 1.4250547999592824
2467 -0.020214477347958559 -1.7733381248780824 1.3953166753396069
2468 0.046891667618533459 -1.3790887318261011 1.4652467428834655
2469 0.12465622240517227 -0.80929571708105874 1.4470313380751101
2470 0.25443408954682778 -0.11407834101133954 1.3661044408227614
2471 0.43260017690315106 0.53412947322956716 1.2670654918365862
2472 0.66151980536216148 1.3217028371036861 1.3117830951019556
2473 0.8110023956397483 1.826226501033636 1.3143726640635505
2474 0.76756558435224864 1.6460784969861593 1.4598417798232499
2475 0.42028969054001297 1.6323843738439066 1.7896337346114048
2476 -0.0077964204639758838 1.4882109665752692 2.2188501363877005
2477 0.82733264559565911 3.309986815367028 -1.6611652406450927
2478 0.37543731716504347 3.8786177969107012 -2.7933323377008499
2479 -1.3959541142042944 2.7697777056114878 -2.8676870189244394
2480 -2.8820646477463843 1.4845363589461389 -1.8654969485079738
2481 -2.7158434634987287 2.7429349671418408 -2.3855665637846286
2482 -2.5184281238787798 2.9137991730540587 -2.4080134605933319
2483 -1.545651249786433 4.4459845467437074 -3.8041767954117862
2484 -6.0242979057945636 6.9114729749135568 -3.2216936597205597
2485 -8.3841335143883651 4.923701096758327 2.1311472564518166
2486 -5.6807429790214936 4.6654104573959696 -2.9069222045660559
2487 -5.6324634183682845 4.3639874884991388 -2.0380345701015852
2488 -5.5992090199979039 3.7756832167834524 -1.2566513453358363
2489 -5.0312592863417738 2.818955947645859 -0.8178895204543859
2490 -3.7471191542163944 1.9499478254728484 -0.53171708649195693
2491 -2.3433670370961561 1.5001548698896749 -0.37185545975552764
2492 -0.71341072274219952 1.2191022751699467 -0.23161188655314521
2493 0.72241173822653959 1.0690771966816042 -0.12639035052586073
2494 1.1296502029348081 0.99813949787772005 -0.145142236008136
2495 0.93731327068508985 0.99892559275674464 -0.14380715653236947
2496 0.34756966246618626 1.0229290451059294 -0.18806617046681492
2497 -0.20988212149486488 1.1455696464546499 -0.11543394681714168
2498 -0.73585380764244546 1.2473940571753817 0.055184404109371102
2499 -1.4464543273368642 1.1509201848679718 0.029293452312463386
2500 -2.1293698375986976 1.0916486573455257 0.062557144717727498
2501 -2.8868261273798281 0.9869855760455406 0.089611730115876032
2502 -3.5627009853485165 0.87120254998589342 0.080747487712116914
2503 -4.2549301456915147 0.72565076237433268 0.1222877588302481
2504 -4.6477817895209101 0.53437497785405741 0.062343631449215592
2505 -3.9707904878979488 0.053426102232906114 -1.1204838957777388
2506 -4.2663774544594668 -0.37663183810957179 -2.2595907162468296
2507 -5.1383702430125151 -0.66198208493208111 -3.4110795269350298
2508 -6.4567164969644768 -0.25036161093864562 -3.5678659928626568
2509 -7.7848421949325015 0.46016853506493277 -3.9177075719047543
2510 -9.0358371591718942 1.6776470738088878 -4.2912790544648542
2511 -9.7426756253763855 3.0645022395558628 -4.6652022600275442
2512 -9.7596745821548883 4.7228018247085721 -5.2387250892168664
2513 -9.3362704057816952 5.3945864310152185 -5.2990489455138334
2514 -8.7995646954370201 5.7728481905488271 -5.7483288619761419
2515 -7.765454652879674 6.5242292506140522 -5.5101403269948896
2516 -7.0758992718397442 7.0319844001470848 -5.7400804493791053
2517 -5.0681684084743619 6.7140707823333301 -5.7209294064401339
2518 -3.1096011738754878 5.0937818813983524 -5.8301126723959431
2519 -1.6476809999649993 3.2024416832389822 -6.2864435261558294
2520 -0.57506793590767336 1.7820258759297154 -6.9554530142629893
2521 -3.014846931186522 3.4752619694569442 -7.0605297079292848
2522 -4.1085718647241221 4.3817084105914166 -7.0778500228646379
2523 -5.0041697833059793 5.0969144236442983 -7.0840033687739146
2524 -5.7722488178545373 5.6236420924544941 -7.123985942142439
2525 -6.622832836133524 6.1376916587946155 -7.1494889707309133
2526 -7.9270320588019345 6.5146440524510663 -7.7492143456250009
2527 -7.6839481815789874 5.6911707772719939 -7.3990274230142337
2528 -7.3306674060132613 5.6285043618999975 -6.1170889419308825
2529 -7.1430979759039515 6.4376174342014272 -4.6173431870927004
2530 -7.8427390569194548 7.4874777981054681 -3.3162077694635701
2531 -8.9350129676009384 7.6764921450138166 -3.2886921101427489
2532 -9.6818053101688477 7.7860326235962249 -3.3174701406967206
2533 -9.875519324917537 7.8309645384406767 -3.3987114595942853
2534 -9.490713325132587 8.0456950782614758 -4.098854744926232
2535 -8.4265755044714599 5.8604177044358785 -3.3333866072519061
2536 -6.1661583029648828 5.0846766551889244 -2.8015277859147516
2537 -6.4890796840616423 5.4271691697993036 -3.692959303980111
2538 -6.6222314458890219 5.4422292539025534 -3.5730310715385909
2539 -6.8216902665686625 5.6838445512196287 -3.7294314328340747
2540 -6.1587967899577896 5.15326580782307 -3.559464257593425
2541 -5.96859779772549 5.1508108740409719 -3.6430364103244544
2542 -5.3303058371169776 4.7932609166454547 -3.6186417101398671
2543 -6.1801415497820482 6.1795204428939252 -5.4278829869235095
2544 -3.1845725771141291 9.3723364852250199 -6.4579519728398678
2545 -2.8371061508109312 9.439881939041582 -6.1822008728035396
2546 -2.2262542286209532 9.3762836757022008 -6.5066435609282127
2547 -2.5797648990457653 10.40502887742084 -4.4850392097161826
2548 -2.0300009316677192 10.049533877081709 -5.5030318662442896
2549 -2.1904125482265995 8.9713318027804725 -6.7593117265574172
2550 -1.6799229563173659 8.6748922331607332 -6.7832077853508199
2551 -2.5657903551651842 8.6128721853669106 -7.6543009738742089
2552 -2.1686115662103438 5.6598257636563254 -7.1543142839170315
2553 -2.1841869864111119 5.639932034407467 -7.1395943690067121
2554 -2.8508030670002213 5.7734757626655613 -7.9895010524960268
2555 -3.6765541949951426 2.6444447896014784 -7.5031633706143142
2556 -3.5719586114442672 2.3248877251225792 -7.4936318839280229
2557 -3.6448978696047312 2.5124487349058393 -7.4751917634360856
2558 -2.9498514458228127 2.7591289349994881 -5.6119360706249237
2559 -4.6721872732809775 2.327728808443088 -3.7284082241183705
2560 -7.1315150902775146 4.0517832906571858 -3.7742945593247224
2561 -9.4699267870016381 5.3812748698217643 -4.0164509248917373
2562 -11.470064645604424 7.355757433285433 -4.5144407688172112
2563 -11.744097500923051 9.0756695666535627 -4.7247679929189541
2564 -11.714676665814233 10.334596515468435 -4.7932320622493858
2565 -10.504164830055652 10.921979830799778 -8.3981109660840101
2566 -10.725096830359298 10.535055838470528 -8.3378067091342007
2567 -9.3830971297527572 10.6674260613306 -4.7666658054857773
2568 -9.2979246667936337 11.901565790873244 -4.8696537209604882
2569 -8.9854086356716607 13.292346091125033 -5.2046839569151748
2570 -8.3450837853769002 14.628058395120449 -5.2794128953608999
2571 -7.4447722297582981 15.99344385659888 -5.5299236863876686
2572 -6.4147114337963886 16.751602521340946 -6.2243243548721914
2573 -5.0234270108665164 16.611272174192685 -7.0585382820526945
2574 -4.3954414564498769 16.54190756432433 -5.8999285018601819
2575 -4.394984270377372 16.543524039725526 -5.8910954184507842
2576 -4.1345206923887075 16.406452826498533 -6.4575662588736833
2577 -3.8622180934843939 16.155577350348675 -7.0217331053333156
2578 -3.5679404775605548 15.927598371035064 -6.8966797299062561
2579 -3.2250027644672321 15.803566993672117 -6.5929787361370593
2580 -2.9690470660048196 15.720680183165596 -6.5404910579912121
2581 -2.6232288468114318 15.75575734688514 -6.0430117383998656
2582 -2.8370118704357221 15.74710063842522 -5.5843550714612382
2583 -3.2656750564313635 15.425536363166415 -5.0402554031304314
2584 -3.398526126399998 15.130516399954466 -4.5379611142670004
2585 -3.6280787685145359 15.377817429756069 -3.8381015000071774
2586 -4.9094619289494368 16.628253229328305 -4.7505818502765722
2587 -4.4810568828066986 16.631656313791193 -6.0927063099767107
2588 -5.6266139465157883 15.649670627002218 -7.867033596979347
2589 -5.5079238380496589 14.319076378382409 -7.6771926292774131
2590 -4.9685170985180767 13.387218233237142 -6.6655539582465293
2591 -5.7444690093911337 13.686635398132498 -6.1654774479872456
2592 -7.1620955784490361 13.609017148022948 -5.2607087078608794
2593 -7.669992903685432 12.924641956268536 -4.3408336901368099
2594 -8.0550064061299604 13.495545500403241 -3.9133837644385512
2595 -8.9176470141184527 13.941863147060797 -3.1503418253004258
2596 -11.005139988493889 13.552145009457996 -2.7347250802744476
2597 -12.872021894851747 12.395116045180162 -2.4593059510637727
2598 -14.122475307270378 10.859528540042829 -1.7182098363402452
2599 -14.029967682796515 9.4848912285470295 -1.0408311821163692
2600 -13.558935838685782 9.1310545330353303 -0.18241160281078317
2601 -13.52211567826205 9.2121961898337954 0.35521897540751129
2602 -13.535339815895732 9.2840100197385915 0.88156713434722023
2603 -13.420404384910924 9.5669767045682228 1.3380345917452108
2604 -13.381295286857727 10.006414643376807 1.6201873767854094
2605 -13.203398225812748 10.635356110356867 0.78976914205957538
2606 -12.753044313201556 10.814141200741439 0.0056105187487176383
2607 -12.301057144704568 10.551781365978481 -0.91160101959587059
2608 -12.215681011789851 10.002075944646499 -1.8396113944565435
2609 -12.164057029652128 9.3747282588351464 -1.0145189309158618
2610 -11.5296866530892 8.917818904839935 -0.05389445045800427
2611 -10.944393063404123 9.1141251940877588 0.78130157000018563
2612 -10.86527905021334 9.6363807960603172 1.8267719485705212
2613 -10.716857294323765 10.055597996805142 0.99530809511938834
2614 -10.259590839492283 10.114663073650512 -0.0053793820086425435
2615 -9.8202414702466445 9.847941604407989 -0.85635857722043918
2616 -9.4700894156977427 9.0149844601047171 -1.6910046298449988
2617 -9.7769095017943037 8.0421677212041942 -2.3485880414750167
2618 -10.77744815681991 7.3797883661348909 -3.0997292857692931
2619 -11.797456095870684 7.6447705279617386 -3.9730075006921592
2620 -11.93418136879446 7.6741087441624245 -3.6356958538300832
2621 -12.053749421242069 7.5947690651823097 -3.1339742266323007
2622 -12.028895891384323 7.5888161302973822 -2.8555893990919547
2623 -11.861075854373176 7.6303874158067186 -2.5366383470540121
2624 -11.740954916849043 7.7471581850597806 -2.3138944030170037
2625 -11.521161550722713 7.8219723914460975 -2.011236372080941
2626 -11.78746281205936 7.9100767388684385 -2.7137273972326388
2627 -12.323074428763315 7.8787772315650404 -3.2700191528298848
2628 -13.245082878073267 8.1307818395658433 -3.4784382499351629
2629 -14.436699002272762 8.6713683475141856 -3.3939302443228323
2630 -15.7164603028075 9.001018335326199 -2.9851538581237205
2631 -16.606540986801495 8.6655267641382707 -2.3151366615041367
2632 -16.519219175896271 7.9574749188552349 -1.2280653195481201
2633 -16.18084438798887 7.8465500948056093 -0.61919035446720727
2634 -15.279593984492871 7.4606782867949226 -0.10357811401142063
2635 -14.240524889205563 7.4605460399663306 0.21133039149798805
2636 -12.662640206502074 7.7970673329636258 0.3247807427123946
2637 -12.096697237878903 7.2921552970057899 -1.3315679788009636
2638 -10.343085015237554 5.8779054844940601 -1.6675747872080322
2639 -8.4848272853739335 4.7422002615350669 -0.61379918661860966
2640 -6.2279129814203307 3.7077284308712199 -0.54712610624429348
2641 -6.5737220257837512 3.884161804666924 -0.49803278942059614
2642 -6.4772036827387787 3.8516807390200394 -0.34626609017236415
2643 -5.970819978652842 3.7082007297341999 -0.21178604604017764
2644 -5.2066408972694695 3.566956909615568 -0.15552057650195703
2645 -4.22226845622344 3.5650217101514139 0.14568786974484954
2646 -2.9461034702079649 3.658269019746649 -0.14260913736178388
2647 -1.9124573439672283 3.5797095485255213 -0.023942237308952036
2648 -0.85084675475194027 3.6063625933045813 0.040179162309744179
2649 0.12001730554258594 3.7519526074398244 0.24315182642321656
2650 0.86337743754721552 3.9450790602213539 0.29050401903450906
2651 1.5297300623857453 3.1585310046532822 -1.3346527377738187
2652 0.88076943772844163 2.410060470654841 -2.8499861730640519
2653 -0.78363907797492982 1.8843363960097643 -2.7585808529387252
2654 -2.5858800193729938 1.2668167997680941 -2.6644611798494764
2655 -4.1260667699618532 0.67421086607572334 -2.5962554085301401
2656 -5.7619078658117662 -0.06101776801651132 -2.5265037659859733
2657 -6.9208236632705891 -0.95433278089129769 -1.9751034501544482
2658 -7.4121943627669413 -2.4569676705447234 -1.3890730129308699
2659 -7.8069725146169313 -2.5123973101768704 -2.3322177560006478
2660 -8.681513022049316 -2.897728568633902 -3.2726997178293837
2661 -10.193390871804256 -2.5375076700161991 -4.200570912469118
2662 -10.863371187115764 -1.197613920319428 -4.8021442659810205
2663 -10.85493393331476 -0.14408366920890248 -4.7708944318548614
2664 -10.899373449777466 0.98046599003812118 -4.9799628309136414
2665 -10.593659021713515 2.2164828866412623 -5.4671802389953985
2666 -10.211413196137872 2.5771941102842368 -5.2445848976502614
2667 -9.8516329785729635 4.0087317207482682 -5.5142325691108498
2668 -9.2465377145695626 4.7448717480673945 -5.5960934356453409
2669 -8.597354321926062 5.245396147936825 -5.6597075761724618
2670 -7.9506097201516921 5.6779994627610826 -5.6915930972954865
2671 -7.0866719976813641 6.1570690173164744 -5.6989029321051081
2672 -6.2790313853647257 6.5757428177399593 -5.7005184175188246
2673 -5.4463957526696856 7.0602468099532869 -5.6879232032907945
2674 -4.8628843200295817 7.3689417105071913 -5.8937823222228101
2675 -3.4274485803777979 7.0920011428697407 -5.9369008185346752
2676 -1.8915893611689163 5.6371400134633891 -5.9642240785191785
2677 -0.89828201689701959 3.8504948665107568 -6.0785807104643972
2678 0.13208740525647816 1.9690513863559453 -6.3573955851905373
2679 1.179621295740849 0.86655784686875359 -6.6870579904275473
2680 1.0409235942248749 0.83926366945891773 -6.9045248230863301
2681 1.4404070938941684 0.81686881353843599 -6.314574103562193
2682 2.1419194366556153 1.4637410779196016 -4.6625415959062053
2683 1.5814713668776856 1.3099860715299005 -3.051424731194655
2684 0.49779154106435264 0.54734627717449413 -1.473530573901078
2685 1.2951613857867164 -1.0382638911276674 -0.021137784552217785
2686 1.2232673597793191 -0.69122491301223621 1.1416944781337899
2687 0.74558266593727929 -0.62588883639849113 2.4492803023295768
2688 -0.19630934617841822 -0.28550965211077384 3.3461852190976784
2689 -1.1202003887747651 -0.11733837686828291 2.4796408738076972
2690 -2.5017195891056216 1.1537776243480131 1.7870294653822003
2691 -2.8300474459211404 3.1710689171952371 0.95523625417171543
2692 -1.90461380952915 3.9792007444314788 -0.077857157420827702
2693 -1.8996356065500994 3.240926584686493 -1.6340831831308509
2694 -1.8462200394054311 3.059623464184881 -1.337032938519858
2695 -1.9340791782016296 3.5583168666662206 -1.0568121335329967
2696 -2.3699538098644171 4.3752903736250124 -0.72133907304246381
2697 -2.9974001080533714 4.8491951818266017 -0.49909874898923851
2698 -3.7874229536549464 5.1709910479538488 -0.34315070272615777
2699 -3.6154975808305569 5.7037107216172949 1.5918981114221649
2700 -4.2487434164648725 8.5868411762226646 1.3063465454719179
2701 -3.1287704428601888 9.9731178451102256 -0.73407578747063384
2702 -2.7151332766882286 10.014999615069605 0.078988519337455931
2703 -2.2305991080006629 11.958216986789983 5.4451973294131575
2704 -1.8501230240694881 11.1869366197225 4.873249861765891
2705 -2.1476728043982916 9.6250972182479586 3.3671594905183735
2706 -4.5969533062453447 9.0922810043875639 3.2918785514487547
2707 -6.7851716134233975 8.7310038347841363 3.3491483814408753
2708 -8.2301001706715944 8.4068892405460911 3.3652932612394602
2709 -9.0301583985976617 8.2190475228892677 3.3280291407654685
2710 -9.0498506563424179 7.5308660259185407 5.0498566090245047
2711 -7.0560125228194224 3.0441565252343006 6.2103207363394706
2712 -5.5065295484953465 2.9888364590664889 6.3137026030279317
2713 -4.2311198650814239 3.0172869711722847 6.2309273500375344
2714 -2.3604015663917539 3.0723461317795091 6.2625584692711227
2715 -0.18822639870029378 3.4009050150887394 7.0149684934164913
2716 1.0895639915537865 4.2912799087369553 6.7340490462236842
2717 2.8211947521639211 4.9751335379219039 6.6077749970883559
2718 4.6341709775607258 5.5241475863970608 6.6045943169854864
2719 5.8036835097644612 5.5120552945122663 5.6106791765974453
2720 6.729522534975227 4.2286304108978676 4.6031818195108931
2721 6.2444582036309626 3.2229551533135425 3.6041979448533561
2722 5.5098631637015645 3.4889276393139865 2.2616765330745854
2723 4.5076178459611089 2.7092517765898392 5.7494093613199073
2724 3.5125831748277774 2.2321313575695076 3.5251917548098475
2725 0.92797203516309523 1.8921228944560962 1.85489752404677
2726 1.5473058693875883 3.1055763687157873 -0.37134239709968714
2727 0.92398896766035221 3.0290653142975623 -1.0915602153278066
2728 0.33466304761590721 3.3149824010922759 -1.8856024058151568
2729 -0.079427416597230127 1.6839927629023932 -1.640138361814681
2730 -0.16175931950114858 0.90029538243773821 -1.680160031253326
2731 -0.1163376037275124 -0.11658567181227183 -1.2824272046947318
2732 -0.68449491850919553 1.1944525225092948 -1.4720451819519143
2733 -0.53082088735319943 0.66236307866763922 -1.1711305805626415
2734 -1.0416172040008937 1.2445987682382225 -1.59480280058213
2735 -1.3457703578122913 1.3431590854377147 -2.1216120092286874
2736 -2.201503415123685 -0.13209976296717879 -1.6851211616873911
2737 -2.4097320608672348 0.1714077261436199 -2.0863946185480073
2738 -2.9402536081955386 -0.99639355119095119 -1.5227678499718682
2739 -3.2632817741214453 -0.10335255284021044 -1.7227521700678796
2740 -3.3479872983305894 0.55558535307422985 -1.623659183704707
2741 -3.3620303745615239 0.19750545511175333 -1.4873809191130292
2742 -3.3657538660846615 -0.34039172477093455 -1.6441891990956345
2743 -3.5161530492262663 -0.72534033195965764 -2.0433902471881913
2744 -3.7171541014940157 -1.0857480408217122 -1.9151543853909483
2745 -3.8935824370499494 -1.6333731263001523 -2.0119460776792124
2746 -4.2054392218464214 -2.3180559366062381 -2.3535309652087948
2747 -4.7157359673342771 -2.7796424604419943 -2.8649382005911406
2748 -4.8553467125081307 -4.1998704778845646 0.027685833533632687
2749 -4.6128291130165735 -3.8440140898908641 1.6567198788197324
2750 -4.5745569622216511 -3.99208998366014 1.8439594482990125
2751 -4.5621226889818693 -4.1219787758247532 2.1856292771558503
2752 -4.6405369114048334 -4.0518071427791149 2.4493306073978727
2753 -4.9209373097322588 -3.8561163834923793 2.6356094794694891
2754 -5.5547949070623073 -3.6194283379116894 2.883415323872248
2755 -6.591054576423673 -3.5537652266311452 3.2292982796157697
2756 -7.5697202673956223 -3.8577863615446613 3.4567936627139098
2757 -8.5374619111320591 -4.4329058153069125 3.6733853029789274
2758 -9.2421091341250481 -5.0314760057756081 3.8531981321697018
2759 -9.2440842236960137 -5.0333959812789866 3.8542939094355111
2760 -9.8545810965343659 -5.7848297719807018 4.0926208600658853
2761 -10.460511634190006 -6.3304899149406992 2.9137047204144988
2762 -11.071188861126313 -5.9273782995816324 1.5520295356599729
2763 -10.968121057482467 -5.7099513980509213 1.2075826996121386
2764 -11.077659180916635 -5.6942554731012942 2.1760674587236637
2765 -11.092687701202259 -5.3294835960813982 1.2236416748986736
2766 -11.202769235773633 -5.5979226943245468 1.8436693909662631
2767 -11.203458984544911 -5.824930186417089 2.7043296399180266
2768 -11.438208980833751 -5.8136276665778546 3.3728037365217536
2769 -12.059174467853751 -6.1249681322361624 4.0270275036298955
2770 -12.601010944344019 -6.8144265058211992 3.5893266529631562
2771 -13.463682946654982 -7.2010233443157006 3.0150326938881205
2772 -13.826686686442791 -7.389634580493631 4.3771203626377604
2773 -14.251192318953651 -8.1458986219975724 3.3378436228501509
2774 -14.299101496136098 -8.0125342800222512 2.8153433533756647
2775 -14.207551386721425 -7.9066973114226728 2.3154877822417066
2776 -14.505541213073306 -7.9391993248803177 3.6558722825218108
2777 -14.556363405657915 -8.1959209090808454 4.871652516878795
2778 -14.297629223700582 -8.8482222302522011 5.4104628057565725
2779 -13.958504194066457 -8.7577135728006255 7.1563627763315178
2780 -13.387481008033248 -8.2455737074263897 6.5520942285798798
2781 -12.736211261872763 -8.1686537018406433 5.9593708830078409
2782 -12.232539290142837 -8.5194780898951077 5.2109392027396915
2783 -12.142901866368151 -8.3163951372374196 6.1414737992742561
2784 -11.385529864320601 -8.0349019833423618 7.5287412392458242
2785 -10.975208581856906 -6.3312551947054878 7.7363884411514245
2786 -10.978940094486964 -4.3800284401220573 8.0565400588727947
2787 -10.659014329906979 -2.1367025236937565 5.2595934383628045
2788 -11.266350148138248 -2.4312360802710784 2.7535971026954504
2789 -10.721735189536545 -2.5264180114492985 2.5227506654725436
2790 -10.971309154400574 -2.5257973424851659 3.1281266224235118
2791 -9.2814933458536366 -2.246887027798202 2.3417926618182028
2792 -9.6083790722932179 -1.8754532789109657 2.3069251162404987
2793 -10.264729040695597 -1.5539090240595672 3.1938942714978404
2794 -9.1268707979525381 -1.4307978772120702 3.0766801120648939
2795 -8.3392566253645537 -1.558958410535592 3.3998885392676241
2796 -7.3890953600925018 -1.2753847014326463 3.2640191756916113
2797 -6.6129255059594652 -1.1041717704158298 3.012931528607135
2798 -4.6780105497942319 -1.1721111534201338 2.5311376485379187
2799 -4.3748912761749965 -1.2638908381044125 2.3398426243091177
2800 -4.5863918704675717 -1.0853087110099786 2.5260843061263425
2801 -3.8602320168692965 -1.2701601768797164 1.6329610366910592
2802 -4.0926461725221408 1.3948927922567056 1.8826079382385907
2803 -4.235850482513464 2.3432980525064089 1.4240565777318752
2804 -3.8687490168534473 3.9149959715905989 1.0414536871944879
2805 -3.8022876720669396 5.6327939481820453 3.6379455046265043
2806 -2.842346221054127 5.0028198365346288 6.7001985088258502
2807 -3.5103076875064647 4.3738912305833448 5.9698901434683647
2808 -3.9825371905845328 4.2765477500281337 5.4020896050187641
2809 -3.5001459210734951 4.1868509682791188 6.3876839521671132
2810 -3.8858616783781579 4.039677214956372 6.1013734161451723
2811 -3.2408076409590878 4.2410999518569961 7.0641651320362406
2812 -3.6545880887405691 4.3059195439160884 8.2455504698543791
2813 -3.3012210722766469 3.7914277520801094 7.8306505863901723
2814 -2.727463538129562 3.1387426316933391 5.922683630031143
2815 -1.1395785577259552 1.9866920471413316 4.268620323390846
2816 -1.6787828433284879 1.0377473076613697 3.8862574204781559
2817 -2.1884199626235614 1.2262830360115067 2.387973966724759
2818 -1.1587254862470711 0.63849720678287081 1.6717158411830371
2819 -2.2779334302312293 1.3540168144269715 5.0588178670111024
2820 -1.5584425372138602 0.70353215273062997 6.5485296722196944
2821 0.37589255873229388 1.5151531639924112 7.575018776305348
2822 1.3536599084179066 2.3071151965932195 5.1462102848085571
2823 1.511192472898953 1.8145199738838449 4.900165711359735
2824 1.7862439887044048 1.3665176385671884 5.6187194630038091
2825 2.1264829050681899 1.304362767160737 6.3372872519422128
2826 2.258847418041503 0.77174973653052115 4.6606361496711113
2827 2.3720383185383205 -0.13903097348330729 5.173309204009783
2828 3.0184748439254436 -0.94450577292711468 5.7622151351295701
2829 3.5775860744755312 -1.4827220200480409 4.9957690559209835
2830 3.9297983211057876 -2.8801959436593076 4.3654488270296703
2831 3.3649352301245381 -4.4187622400744893 3.8376049520316631
2832 2.6416945549731987 -5.2809484900378472 4.4859927128215036
2833 2.5910653733752209 -6.6087562481434965 5.203739236154596
2834 3.2290658344601977 -7.327140893352782 5.9405870560652714
2835 3.8790224634178947 -7.2061800945332548 6.955520063697171
2836 3.712391765813758 -6.9465757106010528 8.0052892683164352
2837 3.2965530006536246 -6.9016713754789603 9.1787987911111948
2838 2.8494725483309633 -6.8171073743974482 9.2446206142329643
2839 2.4080118081054032 -6.7649758769671893 9.2984415970402328
2840 1.9033223102580434 -6.08597757730693 7.3331439938103733
2841 2.189622117260742 -5.7641278178135273 7.0693241582331217
2842 2.6166449471800108 -5.3745330155560467 6.9784746730675451
2843 3.0382454719953351 -4.9865391185754397 7.057358941468717
2844 3.3929044947455456 -4.4921308621271301 7.334588376662035
2845 3.4634313225885363 -4.0849760482364514 7.7453125806465781
2846 3.5182316306999231 -3.5111683130423188 7.7700280219333537
2847 3.5663508889106641 -2.7930547069477267 7.8279995209082323
2848 3.6047890179305124 -1.973166745432378 7.8048871118587577
2849 3.6577211562865153 -1.2633119719692911 7.7765536439764755
2850 3.8160715464158503 -0.70227639758246319 7.4825949986467348
2851 4.0977633577091543 0.25713108968503501 7.7743923180681644
2852 4.0966678958287623 0.3662815620652688 7.7969724440172286
2853 3.9752568779286421 0.44049873558832198 8.1588136143410246
2854 4.487479778788046 -0.2606724690333303 7.3587231933105093
2855 4.7683983712141371 -0.09672698576616176 6.9792596339776383
2856 5.3957217755605651 0.54541746194296725 7.2421746990940132
2857 5.379866385582738 1.1722191994357054 8.2335894109136785
2858 5.5009132726689502 0.11032067462946492 9.0611067284524101
2859 6.4128566296286094 -0.1448850089741322 8.9308438774090995
2860 7.5055407092075503 -0.90048980124254008 9.5050463012518396
2861 6.7426310370522584 -0.70174265692028215 8.8096493817792858
2862 8.3453936816490497 -1.9725941357312213 9.4573466217761943
2863 7.6214561428043694 -1.7080894218571945 8.662012725752307
2864 7.4544121787983162 -1.6892542179849932 9.001542914534582
2865 6.454109253556747 -1.2469393210709607 8.6943324521769796
2866 6.2752485512163592 -1.042713143269965 8.7577582403583012
2867 5.9533912498514203 -0.80228049032060977 8.9071194897540007
2868 4.7147518919072713 -0.91497147525534561 8.9578474480886161
2869 3.7061269053103314 -1.8822853963769317 8.9597229381155579
2870 2.9177602745555049 -3.1513232662355821 8.9869454168706877
2871 2.3488515441326765 -4.0992619369445507 9.0334995689342126
2872 1.7262766900032511 -4.874732820440534 9.094065485840769
2873 1.1965831274950629 -5.2726582302075942 9.1425497630350332
2874 0.65838242673270619 -5.4901630742177971 9.1851215270772837
2875 0.24451635027684382 -5.5102567078410329 9.2029372414455715
2876 0.26305604446165809 -5.4829269206984561 9.3572272304226427
2877 0.080175792693058079 -5.4596306182411336 9.3981131206910629
2878 -0.16830706439365406 -5.440366503879833 9.2890417119428434
2879 -0.13507046058657168 -5.3484997247005657 9.2622918808049288
2880 0.023982758335385101 -5.2386492699056797 9.3374530807833978
2881 0.062395997447820983 -5.0483732047571177 9.0261633482037311
2882 0.26706853552069609 -4.7703659076685998 8.7963063631999034
2883 -1.2344231569897333 -3.7417679730091438 5.7095532658044519
2884 -1.6282613636458647 -4.7524959001194587 2.6554868742288265
2885 -2.450152087223489 -3.806102060472345 0.57280881969569875
2886 -1.7964905315546678 -3.6296002659248456 -0.052975001060124614
2887 -0.36379676375226189 -3.7915651564015462 -0.38843139482428796
2888 1.8955446907339013 -2.6084360086196181 4.8146596777915134
2889 1.5971071346168388 -2.4113137976935817 4.0319526262040508
2890 2.6993897781710223 -0.1215042793648945 2.6632508090728879
2891 3.7407474579522835 -0.27987038038944789 1.7196014656149532
2892 3.3142173255179888 1.7307289090662763 1.9884518655561823
2893 3.1885648657035564 2.3493495958367974 1.665694338860269
2894 3.2992328495910161 3.5321080531198317 1.1037130696976958
2895 3.7323779777086097 4.6062922642417092 1.3603765500911498
2896 4.4156216885611297 5.9316563768145869 0.37170662629772705
2897 5.2967813150037788 6.2517045311976061 0.304073771030613
2898 6.0902916836543266 6.3574454664742603 -0.10462540014252444
2899 6.8681029779115539 6.2108043299132749 -0.28400875033364309
2900 7.5815852590503061 5.9718050921496832 -0.39105188730817675
2901 8.373805154663442 5.8274698550401478 0.048619388472488777
2902 9.3908884161364785 5.7881746814393189 -0.28197155016956454
2903 10.193455529829736 5.4561394099878529 -0.57341374052857264
2904 10.816536337439747 4.9885277381311139 -0.78530254994072168
2905 11.390112907690842 4.3374453930666155 -0.98915137024435851
2906 11.778816378128415 3.6851057178123283 -1.1476494299157805
2907 12.085875502352041 2.913751389980197 -1.3086233570166292
2908 12.368445240773164 1.8573233251382277 -1.3956052007310773
2909 12.57560773979338 0.87677544148740405 -1.3429656545629227
2910 12.83214319733089 -0.22382323511365426 -1.4109032116199933
2911 13.069872943975819 -1.2739976217406652 -1.2120514017650728
2912 13.393595064350166 -1.9340651828162105 -0.97519832473558321
2913 13.598220777918918 -2.2973229575275655 -1.0610312983868937
2914 13.964320250760881 -2.7918778833394797 -0.77002521929060097
2915 14.186927614931713 -3.0089472331197675 -0.70211247545492839
2916 14.430943029979179 -3.2939327251087951 -0.84206030222967743
2917 14.923539958139365 -3.7195712027654237 -0.48323483304140796
2918 14.749815691070681 -3.766310149743723 -0.76088959794625199
2919 15.378647002762314 -4.1993192301609019 -0.29228529770126255
2920 15.375015510232341 -4.2106548482388799 -0.27592692421277815
2921 14.251471015352678 -3.8668869974862692 0.15035872948035989
2922 14.628721654081659 -3.8636868716574382 -0.05569522270029615
2923 14.765680349700638 -3.866590113880958 0.051313730983658351
2924 14.363352335806082 -4.0459479952615913 0.016763808642972791
2925 14.064613446201049 -4.0640139968535838 0.08197505817803849
2926 14.388280477978309 -3.9020420128604929 0.53702253484463414
2927 14.769863967464246 -3.3722278873307516 0.94729240192898256
2928 15.327143368056836 -2.6367752179822395 1.250495974067388
2929 16.880138978380195 -2.0291896475862683 1.7169941092037051
2930 18.013740795779576 -0.76497435864764274 2.1892165928699581
2931 18.398966696256345 0.68160455591730074 2.6187292430473943
2932 18.067674167560465 2.3537661640028213 3.1271610208462235
2933 17.054347591066165 3.4515205085842395 3.6044423121401037
2934 15.465401506724056 3.8915289789949936 4.1575635566129581
2935 14.172153700781539 3.3643867275866897 4.663347461131476
2936 13.38521792089511 2.0961883535826327 5.2245506772801624
2937 13.545232648998853 0.88042310757017606 5.7148992582683551
2938 14.420388166199503 -0.072586205469433951 6.2488752664832621
2939 15.432934193128352 -0.26856192943940815 6.7140674820251665
2940 16.482072069007334 0.12600188712677296 7.2452292822854192
2941 17.10681288292465 0.9765733712760829 7.7725633783926629
2942 17.206535851499066 1.8784884490245171 8.24377291888778
2943 16.837690169747155 2.8500250636125335 8.7817808950034983
2944 16.138911964939684 3.4599300370897659 9.2578028357545552
2945 15.106226462967763 3.7159424831512049 9.7971890316889532
2946 14.22794223583705 3.4627709797969528 10.273299206693373
2947 13.533286538684484 2.7709566522982554 10.784248471927782
2948 13.349736225570872 2.0438330374228961 11.198172537999829
2949 13.505841868931107 1.3335860133904691 11.618548959028558
2950 13.829321891338045 0.90764580218905566 11.948901430272018
2951 14.242496398788928 0.64519529123277053 12.262842621428184
2952 14.550532859073744 0.62859856044407869 12.538148031496512
2953 14.784478426799785 0.65246234264134606 12.723367202055007
2954 14.996371284497581 0.70161501853202002 12.874593311181634
2955 15.138243340487749 0.74957264688481917 12.968750332686495
2956 15.243346347097789 0.79388815157984705 13.036892737155945
2957 15.290393526391302 0.81719599416111177 13.068976450803174
2958 15.29992904436236 0.82326742925133223 13.078403414334202
2959 15.301506396658567 0.82538789145839542 13.083173725642927
2960 15.302610841575198 0.82710890875778009 13.087598103833324
2961 15.306590625110656 0.83020291445045979 13.093415089831129
2962 15.335617376071891 0.84637135469119573 13.113636139746115
2963 15.38540774337984 0.8749675711239514 13.146129528881687
2964 15.448401334742451 0.91383849120012561 13.186898534150941
2965 15.560912870365701 0.9901530505636984 13.258962586505174
2966 15.71126439309289 1.109370359621769 13.358600734937943
2967 15.924090111756325 1.3191871004013911 13.504148825258738
2968 16.134184778647032 1.59611845070021 13.660050070359784
2969 16.357343468802803 2.0279982771563199 13.859578973513303
2970 16.497116486840561 2.5171839866639654 14.049229396948853
2971 16.543366396751498 3.1681105853014584 14.277121911145825
2972 16.43965073412641 3.7984223091138594 14.50082466035265
2973 16.127224311365751 4.5057483704657555 14.787599353437532
2974 15.610979400414106 5.0887077774806073 15.117620969824181
2975 15.023169367554797 5.4082246424648339 15.464998525100647
2976 14.304712414120125 5.460681005888925 15.941671282116923
2977 13.816470457879845 5.2065603628804471 16.434615618555142
2978 13.587234949187415 4.709095029133497 17.061605329634173
2979 13.714725656819365 4.3093685483431345 17.664624835716516
2980 14.114131011359744 4.0125269515908242 18.33317026415104
2981 14.617355413677142 3.9296976420589962 18.878983906105745
2982 15.298781604903215 4.1115323153448093 19.394456129293005
2983 15.8801703062794 4.5716400862585598 19.783289479529461
2984 15.928756013663843 4.8320631614361016 19.943263227829252
2985 15.634699361004248 4.6778561158584253 20.097587944767028
2986 15.050134334802083 4.1961573614498651 20.844209987195956
2987 14.751070138242468 4.3919212511845362 21.282354228806547
2988 14.086139207666678 5.0233572900282377 21.238073412749319
2989 13.539141789210701 5.7998331439441344 20.724050086274829
2990 13.467388628837826 5.4157136218393367 20.772715811565305
2991 13.458353672880975 4.7618631496465378 20.7940187532542
2992 13.52234046433877 3.9501958454446418 20.804529044782093
2993 13.695128562800612 2.7587955482779796 20.792851693187405
2994 13.801267549911332 1.2267660605195096 21.371787789074688
2995 13.506935879301755 1.5609916975072 20.903342116832782
2996 15.406888833158273 1.6905514278682614 14.81032848188587
2997 16.664689287612784 2.7888421934241898 8.7632357122621958
2998 16.037666386330692 3.1370659598349362 9.0720873804308955
2999 14.631230013829315 3.5901715636414013 9.3777199019183453
3000 13.72176421898577 3.6123978657603901 9.4210940283351974
3001 13.837102778720201 3.5427083047560974 10.00603585384334
3002 13.581840703816066 3.2732170084643566 10.387331334503314
3003 13.322028135819261 2.8395655704084732 10.579282138735666
3004 13.123269595196357 2.3019307582755504 10.803238092208446
3005 13.038076712705166 1.8068947071278474 10.90673753299442
3006 13.007875056313562 1.3509900839817246 11.012183346030159
3007 13.018258566331461 1.0284410018628092 11.072966407383449
3008 13.033545030107279 0.87353199472543652 11.097823193566931
3009 13.040995780079481 0.83427410371437494 11.098908672999007
3010 13.045738624179812 0.8246546600126764 11.099176335886211
3011 13.050259542808169 0.81610018785795868 11.097796143236552
3012 13.054283577377886 0.81040599002844826 11.095644059527052
3013 13.05832630852883 0.80468613870310468 11.093591281864398
3014 13.065748550948504 0.76238628184792245 11.087671626418752
3015 13.080569719031946 0.62461922442564877 11.069804846091783
3016 13.088662728414743 0.55489532641917982 11.09952215590261
3017 13.104104044439634 0.44330086514681327 11.1417583580968
3018 13.129773108246699 0.28601605550389425 11.163215400623733
3019 13.161291658641639 0.11338508832999071 11.182397779976474
3020 13.20693518574088 -0.11616803569543374 11.199644580674232
3021 13.215306425925716 -0.11175104533950284 11.276888689529281
3022 13.230363635902659 -0.11575450240969706 11.361528900082719
3023 13.259669189495867 -0.14937440750418077 11.460861585455643
3024 13.311170399047198 -0.21071855905459341 11.550669131535049
3025 13.349185330699719 -0.28577372926201877 11.459109620396248
3026 13.264359580089437 -0.10644225052067433 11.539888705221456
3027 13.178312495461867 0.023945732088329841 11.557710026822345
3028 12.953522490568769 0.48365775479453621 12.089442455070822
3029 12.818319895648463 0.65869621464077688 12.521236345393945
3030 12.987612028574558 0.7086576219573304 12.759194736078751
3031 13.437047437685552 0.81578954565751705 12.823119576584924
3032 13.945815111204679 0.92229119235727564 12.667450653222234
3033 14.443820967101349 0.87899602564707902 12.218510987354621
3034 14.19547272806045 0.89227985307209634 12.257501999890925
3035 13.749826130957373 0.98311533748352575 12.689958603792142
3036 13.775161028137209 0.98713836855054682 12.758550734069738
3037 14.052443142951482 0.92247908764331044 12.400735071260353
3038 14.026870665996476 0.71640389283541062 12.290939476117996
3039 14.567548452442271 0.37797782321489448 11.732909289132817
3040 14.652428198436331 -0.098153233578830656 11.091020758304561
3041 14.48763625273604 -0.46318955637604708 10.502551025583605
3042 14.04993433295876 -0.81321854784981618 9.8798339967180642
3043 13.426586156354027 -0.95867238907602159 9.3910282019269378
3044 12.575980305843387 -0.98535861262636026 9.5329379697461096
3045 11.862834906239092 -1.1290420990638734 9.7047767702137406
3046 11.148851253690152 -1.4395931749768032 9.9704720890567966
3047 10.548237963057835 -1.8613615434640667 10.11283211966477
3048 9.9041930253266752 -2.450094629393512 10.218996185672593
3049 9.3200710398108821 -3.0365870851730854 10.165946603368186
3050 8.6903493208718068 -3.7029805945723568 10.269050237735694
3051 8.2083504174318609 -4.434225012156749 10.558266210163637
3052 7.9086565530967494 -5.1317571981975822 10.624102032909585
3053 7.4267122679124187 -5.9069076563524714 10.197517542710928
3054 6.446239094517952 -7.0678601783237038 10.493429303562749
3055 5.8656485754553032 -8.1546789224477596 10.573207477427863
3056 6.4026337101367883 -9.4316137053777211 13.641967018993915
3057 5.2696357710672332 -8.6900755007318704 17.015106467966554
3058 5.4405133666823566 -8.4088145574612074 17.108306722868384
3059 5.2868904815680784 -8.6285438128054057 16.724349739786049
3060 4.9674614671770163 -9.1466532252298585 16.741020849108246
3061 4.7456752646690221 -9.752605465913895 17.109844377619297
3062 4.9347959678461626 -9.9989545767240706 17.784848183269968
3063 4.9507366260170622 -9.8728505702128775 17.906411407248633
3064 5.0101993475250142 -9.8942520999859482 17.902269604077535
3065 5.099170117752843 -9.8960535515391541 18.061681587000695
3066 5.3107019693361197 -10.018313871746866 18.20192241215014
3067 5.5841357778846099 -10.08293104865613 18.582416741536072
3068 6.3448142886218521 -10.268636162234356 18.68430771631909
3069 7.1435154097563247 -10.477977639586356 18.452423237391638
3070 7.6065190832407739 -10.555993582026979 18.763821282903049
3071 8.4001950172923934 -10.651705704061717 18.688466683034097
3072 9.014157342762708 -10.685418470015268 18.875672560207903
3073 9.7181044980953804 -10.633949248183178 18.9694057314891
3074 10.273754832610997 -10.510787511522192 19.13910659168986
3075 10.795478709317882 -10.261577182673538 19.377313335278842
3076 11.1594326343274 -9.933928670461782 19.6707784319923
3077 11.907433887898891 -9.2217197564710265 19.507112765997345
3078 13.024364599742453 -8.9580594411369923 18.000604129772551
3079 12.157423044338488 -8.9150854541264053 16.009765008315409
3080 11.445579020598307 -8.6078695499258533 14.349484093819024
3081 11.083860779304048 -7.1870692796513405 14.741124440955016
3082 10.580892399293219 -6.5824410110233913 15.051271217802524
3083 9.8721286513637345 -6.1900749751736646 15.487571473159383
3084 9.4351213437111898 -6.2284287220875836 15.905082214944187
3085 9.0155428469525596 -6.4877821202358374 16.382100195764274
3086 8.7006671466442889 -6.9246549708185965 16.80251288566636
3087 7.9500779893338978 -7.4215348123937348 15.310198204337617
3088 7.1457744249500541 -7.8434928872784857 17.597773349855363
3089 7.0238957740353349 -8.339781867936173 16.526757318283842
3090 6.8273362190480658 -8.8742597733581334 17.229757064179118
3091 7.0238738139985815 -9.1761121376010202 17.916243837007492
3092 7.398798499136058 -9.2498040189297299 18.643416162182337
3093 7.7637554262144883 -10.564849915577902 13.913158453627156
3094 8.5079306970188089 -8.7876178609461295 14.169977864997557
3095 9.069034698089574 -7.0415057062789446 14.459230309207735
3096 9.1571588366540944 -5.5598223960051874 14.764770254558742
3097 8.6306201898496209 -4.3160520199752588 15.249798459403626
3098 8.3676393448175439 -4.26824053917057 15.509587800445761
3099 8.3346875212837048 -4.482206460841204 16.100731718806294
3100 8.910188558558902 -4.5290146877075523 16.648429092912838
3101 9.5620920060712677 -4.1242669499310063 16.994275751921467
3102 9.9884527764292379 -3.6380192508059572 17.313725387841799
3103 10.21105915215993 -3.1529183706197825 17.535463189899655
3104 10.377557584202112 -2.74789580907734 17.756468267816853
3105 10.508949911433989 -2.4174966250212453 17.972258970727076
3106 10.604946752018686 -2.3773507948182706 17.967178857150085
3107 10.71555828421419 -2.0955462372138314 18.303557440842351
3108 10.964504424442239 -2.1701886004384088 18.421100913770065
3109 11.092360047068048 -2.0617789715616128 18.734341211238757
3110 11.515534933344375 -2.0879095489031267 18.884704249218792
3111 11.553221716665709 -2.1354542632408555 17.99943857414522
3112 11.456152494182399 -2.2993306777683529 16.612008397380993
3113 11.109599856656118 -2.4389219251121599 15.449329667414579
3114 10.651063261171728 -2.0534713778483482 14.245385815220024
3115 10.510829884619493 -1.8368836667689485 14.998272201224173
3116 10.209836413046878 -1.7472197683888944 15.811094906384753
3117 9.9368078050473638 -1.8521136120799671 16.437385221370445
3118 9.6077745616906967 -2.1868782627316916 17.056028891808836
3119 9.4417916988477089 -2.7961223422503263 17.744653986633395
3120 9.6651607454914217 -3.3472111287739459 18.349417947794038
3121 10.194029866510744 -3.7168319719436305 18.821002806625707
3122 10.665158216482867 -3.7446496962722513 19.379726401010362
3123 10.565207163297668 -3.866953703738973 17.816614086252994
3124 10.584961805470028 -4.7323980238304451 16.49416794952603
3125 9.7535471015065909 -4.9089065652394623 14.952873155353597
3126 9.6108885672083275 -5.2628052245743033 15.474849984656213
3127 9.4813754192942863 -5.557739960344894 16.000590568806984
3128 9.3089684680253626 -5.7948979617772611 16.5328019478154
3129 9.024377577421788 -6.1521828371004119 17.052242090665278
3130 8.8568135548157336 -6.662753626831007 17.579556814801609
3131 8.8106379947556714 -7.2453321962749291 17.993021582212872
3132 9.0555022820951461 -7.8182073147104054 18.398403271548229
3133 9.323192307304085 -8.3106896219891606 18.188302737839404
3134 9.5041607869834674 -8.91459386436496 17.92250197779649
3135 9.5503430493596539 -9.4512216560314499 17.662067777624305
3136 9.4984671159846954 -10.019150223278325 17.340157847364445
3137 9.371676472458363 -10.460817429219098 17.027801346899576
3138 9.1645612792783773 -10.856684735079378 16.645865064501873
3139 8.9108462587487836 -11.124376609370804 16.237742234275188
3140 8.6605739217710447 -11.246741138429151 15.845497528817447
3141 8.3921837130266486 -11.241164850774654 15.384333667125002
3142 8.204965495353763 -11.128113554089625 14.96868430912958
3143 8.0781007727488383 -10.892275142145628 14.487137930976942
3144 8.069138980083947 -10.623826693286796 14.054289460516264
3145 8.2041228005099534 -10.300028655164562 13.576453718601346
3146 8.4632224092868871 -10.038498584156365 13.168659840431895
3147 8.6898047449788418 -9.6584481966041267 14.035650869573638
3148 8.5780006810676657 -9.2907620235447403 14.815808065625415
3149 8.5043682590866698 -8.9136845828715927 14.03673336027259
3150 8.6726192821698156 -8.5103828494115703 13.383592414989002
3151 9.1707821337153987 -8.1865559587506986 12.692183817229541
3152 9.8312799981428238 -8.2443520494222895 12.010719695585427
3153 10.211002420888498 -8.3113137294761348 12.739553259299948
3154 10.767943243643574 -8.0325286003268843 13.49546060172959
3155 11.064842799616681 -7.3896007164085669 14.135116835738993
3156 10.878225525770656 -6.6020537349951756 14.854693520847974
3157 10.333188789640941 -6.1338601457149835 15.301355200699986
3158 9.7612545125672767 -6.0660511977067051 15.953965338923464
3159 9.7220092637577959 -6.1229030397150632 16.211776372329439
3160 9.8153848947360345 -5.817038982903509 15.456512806438148
3161 9.4331295488436862 -5.7820691844544703 15.70780606366757
3162 8.9685135052543803 -5.7816738592309642 15.703983837148961
3163 8.4993135247783549 -5.840207144055678 15.921017359638549
3164 8.2433306191951026 -6.0005430494051373 16.295722263348281
3165 8.2973176423661599 -6.2075052851014858 16.899676309657504
3166 8.5496173266079989 -6.1372819109909109 17.527258828950679
3167 8.5481491667822382 -5.6450966017667561 17.721575518129896
3168 8.3916236078595006 -5.0753391053021693 17.866993249952412
3169 8.0914318999763619 -4.3234148076850092 18.193424863519631
3170 7.9010986820470448 -4.10534927767978 18.064119736908946
3171 7.4369273365734232 -3.602345887892219 18.033148941594678
3172 6.9009361356611496 -2.9188780062275717 18.239795535633782
3173 6.1765955896383806 -2.0087545021695408 17.71423510155816
3174 6.4689355860225835 -0.39859182207092037 18.256830630665025
3175 6.7012498317363098 -0.52405872164261114 18.203600313161232
3176 7.2711711601894295 -0.91139050810644262 18.218591992148049
3177 7.6307997478193892 -1.0154065627411173 18.746455732828895
3178 9.2328090688020961 -1.2509236796808758 18.475819444394855
3179 9.9804677636688446 -1.4781476881796922 18.52430105465362
3180 10.612252841494916 -1.510620690973985 19.058486701243012
3181 12.034480288340804 -1.4252409517830378 18.748179106151287
3182 12.747222519875203 -1.4768470128990088 18.770430010932579
3183 13.091558297826676 -1.4709327985165814 18.793455854753361
3184 13.337501925255948 -1.4396060552627039 18.804579742094834
3185 13.358480756287801 -1.2537667393665337 19.288261231454502
3186 13.201319278535149 -0.82923183289483249 19.341480380144219
3187 12.975623628320621 -0.38273937281830595 19.028606414427156
3188 12.796649217665609 -0.24498231111482727 18.439833228447032
3189 12.862424128375974 -0.41403794170873143 18.276678011459975
3190 13.364683719551106 -0.65548484087507752 18.149904265466279
3191 13.912995801854379 -0.97806342236645749 18.025593371492985
3192 14.381293074470941 -1.308416788819557 17.924441134018082
3193 14.880416769540505 -1.7341870207496215 17.811397405856699
3194 15.280961597868128 -2.1575729485263433 17.712327479486326
3195 15.678005580115805 -2.693072045881991 17.588698604273151
3196 15.997588333606078 -3.2921026260345121 17.45987978864526
3197 16.191357140766844 -3.8743954413891513 17.338745419007555
3198 16.285416710972939 -4.5523724725167636 17.187486941905473
3199 16.238346591793391 -5.1190146461729231 17.030586620310622
3200 16.052210142655699 -5.683380308561051 16.81948310553916
3201 15.789422083733236 -6.095743004956427 16.59717979664255
3202 15.414639615791041 -6.4444339917578359 16.314411598791036
3203 15.04515750702382 -6.6435997774234137 16.043327520129267
3204 14.592357010464665 -6.7392159443598301 15.71186095370059
3205 14.169031468683455 -6.6927677745699832 15.395166845482427
3206 13.752655591376081 -6.4893929803707451 15.049482933875121
3207 13.432984449728453 -6.1492436223765274 14.724235709305743
3208 13.253501729578103 -5.7571290848800931 14.451083446373026
3209 13.13403402883838 -5.1652890260213677 14.225836691054637
3210 13.133616344483038 -4.6191010883068229 14.043771164556661
3211 13.245571102339095 -4.0050852672409594 13.861333914511498
3212 13.442173570308942 -3.4568815584198016 13.71550119539147
3213 13.589913329295431 -3.2354714663103339 13.543396989876868
3214 13.863730488323968 -2.8944397153361034 13.462364990835027
3215 14.195552141179537 -2.5945496295225308 13.293210094910412
3216 14.413465359618661 -2.4977239954973949 13.234029659943481
3217 15.128006301683319 -1.4714753722637317 13.395909681880916
3218 15.885973914003513 -0.51163389114678293 13.063967806487804
3219 15.957862590558005 -0.55707664803253776 12.855333556514672
3220 15.527566498164084 -0.76834930025787451 12.732550400209609
3221 15.06946958240953 -1.018640801478139 12.393550475187567
3222 14.29812786000182 -1.1069147441099672 12.228307723629369
3223 13.805555684609221 -1.2396247726091836 12.01092045581497
3224 13.628342530384375 -1.5138566792715609 11.791500999044155
3225 13.977485370647971 -2.0283359654295081 11.442894189162226
3226 14.33605622740199 -2.8035357564113221 11.214542104784176
3227 14.843518716111745 -3.812673767196618 10.538173857001896
3228 15.022945978444994 -5.3390142341973927 9.8550744540375366
3229 14.616198671338594 -7.0650326237428418 9.2503758395027393
3230 13.602486570072617 -8.4077374870019383 8.7655168883605477
3231 11.847148570005194 -9.1543013579792873 8.255965305175275
3232 10.46040897521268 -8.5792671796226028 7.79285342516566
3233 10.136131905021724 -7.2603988519636715 7.2038293316083317
3234 10.755056726555541 -6.7485872714376285 6.6178619499551585
3235 11.440859650999551 -6.8021990814530033 5.972244029463357
3236 11.969891918494941 -7.1439144680694904 5.4515182746479756
3237 12.372963641145082 -7.8816924657301426 4.9446435749676532
3238 12.402374698513574 -8.6869764648872039 4.5433029682619752
3239 12.088578035016365 -9.5469484614323274 4.1156131545658479
3240 11.70484684907639 -9.9921141877487472 3.9507771899968853
3241 11.281716046242632 -10.341281154633501 3.802370633585209
3242 10.469749340614273 -10.985159092562608 3.403338695180099
3243 9.3165000561555384 -12.213813070075052 2.6654148398915174
3244 8.0674176051448647 -13.914260116220174 2.2400328806074556
3245 6.3684620196630908 -14.494222009912162 1.9186126234525742
3246 5.3941757287343908 -13.556482122834952 1.4325238708716039
3247 5.5334643327708193 -13.317717198371556 1.1375608295627291
3248 5.8036467480926133 -13.036642132439193 0.91575484246757743
3249 6.0983890840718136 -12.776206615456012 0.82729147009506476
3250 6.436419204299261 -12.458989350665757 0.85913288652214503
3251 6.7193942575308796 -12.097363558489924 1.0270099149488841
3252 7.0913471699175377 -11.605505458642536 0.79585667814073635
3253 7.6614572031089994 -11.012086238557011 0.76212942468493916
3254 8.1489549936086387 -10.45962363512356 0.92764721890048651
3255 8.1522549620247293 -10.461026215601073 0.93022876003648725
3256 8.5290753676701652 -10.059664240993675 0.75853477048623119
3257 8.9694651246439374 -9.5781431921056353 0.91882532464055389
3258 9.2935034214188743 -9.1381284270221563 0.98989288100222972
3259 9.3720894349912864 -8.7940158425149573 1.5322526608128109
3260 9.1213890153180941 -9.0283678331778479 2.458047234175758
3261 9.9284066468438734 -9.360592144820771 1.6487129090201431
3262 10.170358374048879 -9.6067074419330662 0.97496400489187374
3263 10.640825717635321 -9.0700611887313141 0.69145132980141411
3264 11.360755981230252 -8.4046535513466374 0.80893602639069229
3265 11.823019875903192 -7.644586243114265 1.3780143922392309
3266 11.654535992460982 -7.6780237554515951 2.2861771132096576
3267 11.238735476169296 -7.2020736255395841 2.2950222194647965
3268 10.844641541675687 -6.8031847525225926 2.4124662630619262
3269 10.798606690369285 -6.3206347385428678 1.4437653732457243
3270 10.951558253688601 -5.6043816420271613 1.2162949033920416
3271 11.2363596153016 -5.0141333640032011 1.032295674882945
3272 11.575556261200298 -4.604480652317898 0.77266934846260171
3273 12.146898036771308 -4.0738468437351152 0.71117758419661503
3274 12.721817361018326 -3.6456296810667017 0.56654825117677265
3275 13.296709395544813 -3.3144349941930074 0.47939929340877047
3276 13.967552469075928 -2.9916568336986304 0.4267474538572002
3277 13.560140362903255 -2.2739834925092164 3.2562754517197798
3278 12.943474956720749 -3.4235390235065979 6.3630144459786386
3279 12.991469877154099 -3.5683215911651556 5.9258595783165076
3280 13.323169356935704 -3.7937265333883201 5.7299600890299791
3281 13.771160109374151 -4.0387706797484366 5.8614707568399158
3282 13.513116675416839 -4.0151799177583172 5.7465288072160225
3283 12.719408594069689 -3.9172459796026633 4.9579618864696799
3284 12.523969257193151 -4.0491257793609847 4.4506736460333709
3285 12.305281895228509 -4.9275236113812353 4.4912439908523103
3286 12.297512779198247 -5.6676329374426135 4.9963224128218071
3287 12.200576700567483 -5.6160381724532371 5.005115905444935
3288 12.113914477314323 -5.8172346322678514 4.9215851379624951
3289 11.998589964296789 -6.245770254830556 4.4788888620728091
3290 11.817883527212404 -7.3635388539849478 4.6128113950348189
3291 11.723119239891824 -8.0985229842104474 4.5628053613449406
3292 11.427293399537067 -8.5486042818150345 3.9811284250451933
3293 10.442600483749777 -9.8695929328097165 3.9100147058251156
3294 9.5717836076044911 -11.152662697680567 4.334170069555336
3295 9.1121458429142699 -11.759060647475739 3.8167474761082243
3296 8.0184422842356771 -13.293508666291102 4.1857993758277505
3297 7.6535936657308712 -13.939886479342658 4.1624960754018234
3298 7.2630522307270891 -14.385198433902463 4.1215974086345
3299 6.9691715524440445 -14.487384306349684 4.1475705939563463
3300 6.5939360472212458 -13.960565927548748 3.7866702967187926
3301 5.9896338457805633 -14.618117421608789 4.1698659053353078
3302 5.2292300441067745 -13.515070473562254 3.3456836224365607
3303 5.4331199558197802 -12.947827375377402 2.7495471950291819
3304 4.9610126302703419 -12.638608476309315 2.6035926039992225
3305 4.4004169054439259 -12.430655550262086 3.0038727440731763
3306 4.5161177890765467 -12.453315077584135 3.9929888045277679
3307 5.6122006398854971 -12.238223630367273 8.0454305398501944
3308 5.6236548194913833 -11.729634385796011 7.7073840109542964
3309 5.6588256054230754 -10.613502400870551 7.9375285600300085
3310 5.3866382181489767 -9.3071989836681492 8.4513148803521627
3311 5.8631852425303732 -10.110976236470442 8.8876893298307547
3312 7.0229427160126479 -10.85551832801587 9.3107260694260336
3313 9.2067453482438051 -11.250281143330234 9.9760863130415753
3314 10.553507401556471 -10.556786778117427 10.343073226188817
3315 11.236632479134315 -9.8512940543812135 10.7329969304184
3316 11.499649836083886 -9.2044596557126788 11.03574991233419
3317 11.623252235638281 -9.1164246606343315 11.428644404560524
3318 11.817378865128612 -8.6846603457922473 12.442418695843937
3319 12.069475315342789 -8.4502448986160488 13.210268614609038
3320 12.803186229697808 -7.6489292637845807 13.722784019799358
3321 13.32494758263379 -6.3265574977175385 13.887503554912847
3322 13.787844973681723 -4.6857675494232307 13.802085507632478
3323 14.363696704878945 -3.3625089624145055 13.505677536600775
3324 15.35534795409227 -2.4161914496430934 12.881768207930914
3325 15.190183306077115 -2.4440793392259317 12.905695607567374
3326 14.945907174890595 -2.5160742488865 12.873079990090401
3327 15.501099904576829 -2.4956648479189938 12.413012341046469
3328 16.126822890126871 -2.8163481529325995 11.812812899159473
3329 17.102099133609546 -3.8444811636223197 11.64184572514479
3330 17.967412314438029 -4.9354172991927943 11.793359408784976
3331 18.217739009241637 -5.7783223912383441 10.591025628597453
3332 17.930306897577108 -7.2450157912271713 9.8984256596186082
3333 16.974785508744567 -9.0359369912302814 9.4475927435423532
3334 15.610903222026087 -10.499604557666995 9.2636980918632936
3335 13.530828787429291 -11.492047693501469 9.1177749921104123
3336 12.255982909778389 -11.247551186708391 9.3390463155818697
3337 10.412874464524277 -11.22564591785147 9.1827320231273593
3338 8.8636351246614637 -10.999724869646405 9.3338957028989125
3339 6.7353520118086418 -10.951263772425483 9.038447060143536
3340 4.8416878156689513 -9.6802706262480758 7.4517933988589213
3341 4.9495378029129879 -9.5739185635500252 7.4572340499821452
3342 5.3201157997768291 -8.7117036500388281 7.3884292172720789
3343 5.6045446620124313 -8.0400311513266267 7.4957608692324502
3344 5.8965996768587221 -6.6152838679663848 7.7939657412227152
3345 7.459496667685924 -6.2862421659414949 4.1005979129657453
3346 7.1555913966461446 -9.310750479589176 6.9958324445069744
3347 6.9981385825927118 -7.4533533002509493 7.8283288793011812
3348 6.4014522720298705 -5.4761138748622038 7.984360220653711
3349 6.7408965505972835 -3.946588711997177 6.1666313238363903
3350 11.184842197772562 -2.8943163025370242 4.5124900085153818
3351 11.335270656639583 -1.583240595012017 5.0408804460547723
3352 11.006028999319067 -1.1682251346112629 4.6271055711961901
3353 12.021411237210371 -0.78352889342949594 6.9876596675116112
3354 12.889953566788982 -0.052531146950294705 6.9601866501654719
3355 12.993296237771119 -0.039556513886156885 6.9121266137223225
3356 12.724343518331741 -0.44005334197042634 6.6831060119705352
3357 12.460525018209546 -0.62279732184770475 6.7942051197980238
3358 12.540960887227147 -0.74904938563406542 6.656498699235228
3359 14.787721804857069 -1.8995798403403361 2.8260697780542965
3360 13.823928201019669 -1.4339923549543987 2.4705525968680417
3361 12.804370206650013 -0.58354613660479671 2.2956430102746639
3362 11.835989871047135 0.36587758335946918 2.3357290643565687
3363 10.920543164527873 1.1039456111030372 2.5480775893158669
3364 10.083321303928905 1.7466088616406426 2.3972916448321229
3365 9.3367777272879096 2.3665625668574877 2.4750854020858655
3366 8.6116330717619505 3.0143892880811776 2.3418892027195755
3367 7.934117893291492 3.6188287544992646 2.4737690915800967
3368 7.1289177954973368 4.2335745608581608 2.4910994736547183
3369 5.9744198499701691 4.7602697776681211 3.047844804915059
3370 5.0266049734842841 4.4090113928806254 4.0004548687689949
3371 5.1789173464978875 3.9639305238083686 5.1164107949314159
3372 4.6969152326692276 4.7705611346950727 4.9155460391354797
3373 4.5334233260936569 5.5019105093380638 4.9116301021818707
3374 3.8075416297782101 6.2304048571557216 3.8074820202794308
3375 2.5304331805051041 5.2737217293318279 3.6607251505291414
3376 1.2684636715587192 4.1032900490819246 4.4547521330214295
3377 1.3710056273398814 4.4588749825444891 4.526205871335037
3378 0.91015503474641046 5.4800071949712024 3.0478284197523937
3379 -4.6373982532830693 5.530993095194443 3.0658992332410766
3380 -8.1986650777986938 6.2374586570203405 2.0364395167360239
3381 -8.9596866372644257 7.5700853870352329 2.197740629429255
3382 -8.1917298771994354 7.2583842146438906 1.2034084354105223
3383 -6.7152712993828096 10.066309153771037 1.3052780901012928
3384 -6.384596878572447 10.0112510451339 0.63585096917299555
3385 -4.7608512335075881 11.204387049192475 1.0009163081088102
3386 -4.7549820841651496 11.133906328474227 0.98168478401155213
3387 -4.9768546543098919 10.704608993102564 0.95874121668073187
3388 -5.3781927648633037 9.9326310447959134 0.82804429142060387
3389 -5.8414845888089184 9.1044032077590327 0.38802033274734238
3390 -5.6146105660217849 9.3947651267487071 0.84846119355639593
3391 -6.1461310537181078 8.6484829078133529 0.75341626530525696
3392 -6.6942116420456257 7.8800102100253095 0.44458428537048711
3393 -6.887229648779722 7.8948792741898028 0.77715493185485141
3394 -7.3974125904521646 7.2348050475293277 0.68639143279181092
3395 -7.8432660556692122 6.7804459072218046 0.74640201688926133
3396 -8.1560793246399346 6.2748752353213844 0.58107975814512602
3397 -8.5097213049080853 6.0220249821748739 0.76756661600489673
3398 -8.6984883585140995 5.5459269196553764 0.67413888754452334
3399 -8.5589424228613371 5.3388743996877706 0.60645480834566601
3400 -7.8836537754240412 5.8800816499805757 0.47884375199755064
3401 -6.8435118300775954 6.740336548714744 0.78105170611731767
3402 -6.1909245226218186 7.2758907769163033 0.5171075746244771
3403 -5.0939632026953099 7.96605619901319 0.64029679719168342
3404 -4.4625714782634036 8.4550994928550001 0.6889444515448051
3405 -3.9155268734154465 9.5194500750961026 2.0571385527164696
3406 -4.5272274779279593 9.5889062547451669 3.609593371288665
3407 -4.4738868639027558 9.147586244740511 5.0632709599858137
3408 -3.6876887110661221 8.497991871908166 6.5804064224741428
3409 -3.039111009015194 8.8513052688001554 7.0839775945868659
3410 -3.3804112139885909 8.726963141142889 7.7961037387147476
3411 -3.4992549910733324 7.0414236724489996 8.4538423577756454
3412 -0.69210920332759551 5.7252342250870836 4.1162367046652104
3413 -3.1353612126498893 1.8668304884036668 3.7124878746952659
3414 -6.5840420458252673 -1.4102452169402855 2.7679764110737968
3415 -7.9081078676678338 -0.77084695535066294 1.0848662332553054
3416 -8.4291455218069746 -1.3307917250795538 2.2993148730774751
3417 -9.3624315022266682 -0.85565166169965734 3.6040884184171964
3418 -10.260228733990402 -1.5575974910383865 4.3891060544292024
3419 -9.9296713788763942 -1.3536145874182435 5.8404056869722751
3420 -10.279919272895103 -1.0916280376922638 6.7433451262243063
3421 -9.7344166032792732 -1.3900522470579559 4.7095128892461267
3422 -9.8282229048555205 -3.286944787750163 3.1756406099284331
3423 -9.1312865406240142 -3.32156470294332 4.0188760509087098
3424 -8.965488722597641 -3.2307419750944524 4.7378318296936843
3425 -8.832306368124998 -3.9529995169570777 5.1704487173300722
3426 -8.2967909520189931 -4.7163280884411058 5.7622012319009679
3427 -7.0560658530255518 -5.2691947973061719 5.8900786927358766
3428 -5.8141423029642656 -5.4871171571963862 6.9174870222030549
3429 -5.4309923494087817 -5.1015365341491705 7.3987263349522365
3430 -5.26353025901218 -4.3907011587569578 8.1741152678206266
3431 -5.4511599206704906 -4.1212379013370217 8.9351735028633392
3432 -5.168332792050812 -3.8579782206920008 6.6991847759553735
3433 -3.9957715498514403 -3.4822314789575204 4.6560903462888161
3434 -3.8962448112507131 -3.2115115870242832 5.650829851050319
3435 -3.650384388505878 -3.2275188849957099 6.5682522156750922
3436 -2.8612763076009298 -2.711673390168666 7.6778135618957197
3437 -2.9190076747975597 -1.5169749404949786 8.6499357970328727
3438 -3.809220997384672 -0.98226743846961018 9.5325821601376539
3439 -3.8185043299676291 -0.59260989355060256 8.0542805732219662
3440 -4.239126396518369 1.4111152060551237 7.0204976086575952
3441 -2.5113786806052474 2.8675312201620038 5.7364577035960789
3442 -2.9344697951629186 3.1796326012686165 6.1280265322275547
3443 -3.1396886287778241 3.2487239905245011 6.3749704223849246
3444 -3.0673690343607576 3.2906506032761937 6.5638389090849492
3445 -2.3952290794224291 3.5567644898097983 6.7346597207969143
3446 -0.69181675453844027 4.6530574354010135 7.1946695624528019
3447 0.54284760313844072 6.4963509892326456 7.5577829582765776
3448 0.9585348303915916 7.5879634414167594 7.3094348235139872
3449 1.307286331949149 8.1015313221883858 7.2145799568410744
3450 1.3495123297390073 8.1304898421225325 7.1433460728644187
3451 1.0743828702804166 7.8117061949265141 7.1246251201290489
3452 0.28245956778262193 7.041009171682564 7.3520236691900207
3453 0.10137116545312147 6.5945230932877026 7.276397318041357
3454 -0.12209065912769579 6.0075756107466463 7.1322284208638349
3455 -0.16130963746906113 5.7432280783517227 7.0034415670579957
3456 -0.41688563743403995 5.0298738897993474 6.1647700720051537
3457 -1.1443137268257977 5.0175048993749103 6.085655844232627
3458 -1.2465724207926829 4.9467170870174453 6.0285964213976593
3459 -0.16522622623590633 4.8993223328718196 6.5361495423442806
3460 1.2458263690853495 5.2024037709346933 6.1725416724769255
3461 1.7944181641223693 4.9989354719772425 5.8246540732441563
3462 2.5421875486729788 4.5673563577920167 5.6996742235863991
3463 3.3531462715088804 4.1146820514066196 5.8574734112265459
3464 3.7197547232698422 3.7764601964439257 5.4819441384134819
3465 4.7106869183966005 2.9822455229373106 5.8425467207929298
3466 4.6882417848382421 2.9684303182630702 5.9190538428318238
3467 3.8247389471920701 3.0225877966948902 5.4268845971877919
3468 4.4732211181735559 2.4979595988423267 5.9389041829066551
3469 3.1100825044923099 2.891669647045771 6.0109600556893863
3470 1.5422006443293801 2.9804171320753499 5.2502464177963981
3471 2.3035802448633067 2.0127416619468654 5.6237727845065812
3472 1.2408998189273435 2.3527537594538588 4.8274138635545212
3473 1.8076916376093861 0.25066326382351933 5.2712817260795095
3474 1.2674210579074539 0.59826063353027159 4.8353973116789417
3475 0.986320515364841 1.3910689910851342 4.6241554275815844
3476 0.95525982112134822 1.3173991823565516 4.7701624118614481
3477 0.85253001642603188 1.4421700373683835 4.7481450000782202
3478 1.0783524025143025 0.074546553125744097 5.0491192894658381
3479 1.0486383108242294 -0.4146929953673264 4.5678196959180548
3480 0.88431847485399073 -1.3416594815058804 4.3618343821426464
3481 0.83237274725971522 -2.4265516588990441 4.9959784099462734
3482 0.48546758501820675 -2.7695656660209815 4.176582554134364
3483 0.10038101872573035 -3.5765101509634958 4.0990782692611099
3484 -0.39008354772227349 -4.3962497186870131 4.0107642764023579
3485 -0.96799405971928554 -5.0661346024446257 3.8597508429609948
3486 -1.6417957543117869 -5.5031367699606246 3.4740222419683633
3487 -2.5694302838348517 -6.2610887811037887 3.6037478322767136
3488 -3.3812379092824014 -6.4338441043696903 3.219779313235712
3489 -4.3940016833842179 -6.8257280300021037 3.3120711948781785
3490 -5.3000196826997543 -6.6726564344942219 2.9773976693814781
3491 -6.2831163474470255 -6.5854214656358492 2.9780870039559391
3492 -7.1841053209717414 -6.2227508149258677 2.9070455222288487
3493 -8.1651073935594507 -6.1440158483111622 3.3410383753559878
3494 -8.5054090352753988 -5.9759121543966875 3.6478272732633794
3495 -8.6078382139181429 -5.9398277027777162 3.9631338002202501
3496 -8.9725237455427873 -6.4195471019717321 4.1605248942562056
3497 -9.1648581208473097 -6.8585197457950793 4.4079638462632058
3498 -9.1957186112172078 -7.3214258694305139 4.7609211014275239
3499 -9.0771266951525043 -7.6276602548143169 5.130484643018459
3500 -8.8533209598825735 -7.8239711238440037 5.5651072815495946
3501 -8.6445611053806566 -7.8931122698302172 5.9406921178746988
3502 -8.39089554133494 -7.8924154844557952 6.3336278649365205
3503 -8.3161381041971847 -7.8885808477037411 6.3829574251218935
3504 -8.1797601646702205 -7.9157555786516998 6.3840769386860314
3505 -8.1469844950742445 -7.9369848204961198 6.7695304744492582
3506 -8.021518436630501 -7.86548378182788 7.1357382881859213
3507 -7.9387983887677915 -7.7733551134916503 7.493732460769353
3508 -7.8105053300912237 -7.0988224304756189 7.7358874656117891
3509 -7.7815462290342206 -6.5806566809053884 7.8111867912087698
3510 -7.7122211981610249 -6.1883951118888039 7.57990082398433
3511 -7.5129922184908065 -5.991847749519863 7.1572419423058902
3512 -7.5970741533599195 -6.1693474171702434 7.2383281338060925
3513 -7.542277099278003 -6.3708305691260572 6.9089056859441884
3514 -7.6893616875750936 -6.6975006790347118 6.4803777567443763
3515 -7.5862734231584925 -6.4987986196193974 7.3173452818467588
3516 -7.2820608068097563 -5.718630474319883 7.56164258284001
3517 -7.2736830464906692 -4.6726147173021779 8.1695909239685793
3518 -7.0731862491169659 -4.1403963903311132 7.2306450749991829
3519 -6.6668387606929373 -4.1436876903475994 6.3465174879292601
3520 -5.8340677856325405 -4.1315157907817337 6.0505919212485288
3521 -5.0177604649546996 -4.2464676800712384 5.8212689290727049
3522 -4.0072921985552092 -4.4732931295549063 5.62345362292593
3523 -3.0054522290403565 -4.7056185687781094 5.5059693008820121
3524 -1.7583902209945859 -4.944496105680483 5.4376550606314087
3525 -0.54629382548587402 -5.0876504224003378 5.4419368346452002
3526 0.85971160029151394 -5.1408411727373116 5.5249348973516286
3527 2.095330356984157 -5.066298761179806 5.6922766138032674
3528 2.0965928390244271 -5.0667738239264466 5.6938716276520811
3529 3.3884971069965863 -4.8362141368627913 5.9830944555983905
3530 4.4994793398970367 -4.4435004567164622 6.3845982079392698
3531 5.2564246359941995 -3.9673581624821685 6.811856988087321
3532 5.7936474388059107 -3.3286446705265091 7.3898679670670067
3533 5.947596706724962 -2.7566540116931595 7.9834091226948853
3534 5.7938905296472543 -2.2774700568982951 8.6825315772512663
3535 5.4486932741771774 -2.0558511977919056 9.2897716532748831
3536 4.9629384307448055 -2.119985176827262 9.9195540302469354
3537 4.6031436826546583 -2.4458690208606191 10.422488109565773
3538 4.3988269866524767 -3.0449737102383629 10.907531024836311
3539 4.3997639025509176 -3.0451812302868211 10.910849048234843
3540 4.4485216687790352 -3.6711237546260076 11.274010825920493
3541 4.7449498875106473 -4.3981073075410073 11.617941565927369
3542 5.259382558471434 -5.0979709006084217 11.893366681117852
3543 5.8679102436487058 -5.6865800681034697 12.078384202455002
3544 6.6685872116577167 -6.3028888852751805 12.213585151900249
3545 7.4597261251198166 -6.8167115654519979 12.272862077022824
3546 8.3924360843814476 -7.3630256846978126 12.272524096079747
3547 9.2075514640877589 -7.8145331610708908 12.221447765220873
3548 10.105854660087447 -8.3283135057881932 12.120009329024237
3549 10.863544609443091 -8.8051837792458159 12.000278887886815
3550 11.673404438839635 -9.4056431067080215 11.842354361684814
3551 12.370371398176783 -10.028969143776621 11.686103090316086
3552 13.108075930993037 -10.851945088150027 11.498067139409375
3553 13.744974720473943 -11.812141556249065 11.299567636610197
3554 14.147350929459721 -12.773813827589111 11.107438844691993
3555 14.313542284664125 -13.914159946969306 10.846796216378605
3556 14.114645943924133 -14.815269043037498 10.543220861584853
3557 14.300716211438431 -15.271788723264654 11.500778183461298
3558 14.623730148700574 -15.212620366860012 12.437416600027031
3559 15.156036715984168 -14.899544654335426 13.358310520080256
3560 15.692325937586522 -14.019337318274536 13.958737712554749
3561 15.798770117939076 -12.541004090817456 14.279371165709174
3562 15.557181067837497 -11.013125801881991 14.294319641476731
3563 14.98099830787824 -9.4701952975530403 14.986587595074875
3564 13.856778365961272 -8.5379434147192548 15.066447697103643
3565 12.778602625621001 -7.6720676796839964 14.926038141235432
3566 11.664295061719047 -6.542242488271941 14.85832604992954
3567 11.1682419577064 -5.9947860402417952 14.904754036592736
3568 10.67969597424163 -5.3768790668841362 14.737658728584364
3569 10.313519312807403 -4.7400405735550164 14.57775458650876
3570 9.9118775547814728 -3.9475923467243836 14.655676602924638
3571 9.78796841468575 -3.6617735382667851 14.563503263645002
3572 9.9490559829174856 -3.9743961161317869 14.555140156414872
3573 10.814772713238803 -5.6842850153640603 14.294409755205994
3574 11.413478829536706 -8.0439304089201791 13.636835248432298
3575 11.064642361365713 -8.7606647339883494 13.578005961237194
3576 11.043581108084631 -8.8196539490243797 13.560040479117145
3577 11.170785236162599 -8.6579539942502031 13.504232249374533
3578 11.348690088833992 -8.4093873952302047 13.536020502218163
3579 11.478098274301333 -8.2281901106176463 13.541131164277283
3580 11.226833887398456 -8.3528636208664171 14.187563549174378
3581 11.062679860731789 -8.5622464055575094 14.915931484832775
3582 10.820759766230788 -8.4917415805736862 15.461429252371959
3583 10.02082625606722 -8.1202174431006195 14.789275030912167
3584 10.017535595985972 -7.7496344950862754 13.92930016856301
3585 10.269793230000726 -8.0687594522088233 12.962512837597137
3586 10.217077257034687 -8.4875671631541802 11.882739552133829
3587 10.522722431017268 -9.0136733031499574 11.106945427719566
3588 10.265915231383978 -10.299518608412923 9.6484522261159782
3589 9.4082982271073234 -10.487036584595339 9.6384626962797153
3590 8.3329227489533491 -10.852010863735854 10.144703565298235
3591 8.2236846009674256 -11.315038665473297 11.071164384971029
3592 7.5287549297681577 -10.360694384303269 9.2598251329863466
3593 6.3828436934520667 -9.8344307849541774 7.9872887638766787
3594 6.0508373036787635 -7.3342721376492133 6.8740753949469768
3595 7.3844842091906715 -6.7164236271435636 5.6163592502251145
3596 7.5486260711229169 -7.388341173319823 4.4000953543649297
3597 7.8208468849225952 -6.8936970126929564 4.7690618589967571
3598 7.8630949877149412 -6.4919454727935593 5.0010596189477949
3599 8.1404709851633381 -5.8949740206816088 6.4203353031397885
3600 8.944622019736153 -5.4523760206426157 7.4097174035130378
3601 9.4079178754154071 -3.5985515332615288 8.225598074399791
3602 9.0157308799129403 -2.4437478441880893 7.9007866936065083
3603 8.9676025765031557 -1.3004369662861244 7.7645411829273714
3604 9.0406651389197297 -0.30575923527164817 7.6362640102607626
3605 9.2401805330635955 0.58153155005320656 7.5483841330489962
3606 9.4609332172755849 1.2180076637467436 7.4506435488047611
3607 9.6796699211153658 1.6073314520959552 7.3800927738579896
3608 9.9275589438580134 0.99827371373580243 6.2564860568051692
3609 9.8923755382518674 0.8038268583696051 5.6366590948224147
3610 10.384871448719272 0.30271937142335309 5.337161255794328
3611 10.986554722178887 -0.41267327754319261 5.4434303172492919
3612 11.753756455706217 -0.97227028320258913 5.9744527945494639
3613 12.127413158312251 -1.0802389570128093 6.0549028267799958
3614 12.447347136353892 -1.1537021484494907 6.1164639010471014
3615 12.435312418998683 -1.2934518757915714 5.7472751604159917
3616 13.140295418526428 -1.6009416033677832 6.0425852159217222
3617 12.798589805430835 -1.7990130576381413 5.2869272401073522
3618 13.577021986951054 -2.8544615176244892 5.2358728914703532
3619 14.610783266277027 -3.8504558918277736 6.0484032450681413
3620 15.652460938162749 -4.1283403339610025 5.9157904837207651
3621 16.74010209412139 -4.6132161425367837 5.6690321182905903
3622 17.656393722280267 -5.3346433317598922 5.3536393919366825
3623 17.607115812264649 -5.4218766210780176 5.3215500962029516
3624 17.457724061867246 -5.3734959215120135 5.3873747503068525
3625 17.034352818092053 -5.1625371229175459 5.4531981694701024
3626 16.441507471517152 -5.0441725279139344 5.228690347952325
3627 15.948791034757075 -4.8919238362748452 5.4824281742888568
3628 15.10151745853427 -4.8873425893495313 5.4095975623487158
3629 13.854525397812516 -4.8974751230698068 5.2437352648177153
3630 12.842984696166718 -4.6779003945873106 5.4661807455320242
3631 12.508451312881039 -4.5175774842525858 5.5367934195613966
3632 12.248476155266044 -4.2163242148466704 5.8831985848475012
3633 13.034180540095393 -4.5943133000850258 6.1940184954620383
3634 13.88865470114493 -4.5743520087537251 6.5977604945556587
3635 14.455025361568687 -4.2465392327684572 7.0057912300381684
3636 14.814228829437617 -3.6463433806550842 7.5183925936448901
3637 14.825541648097479 -3.0106128672396486 8.0129652864711751
3638 14.461020727050045 -2.2608471905192449 8.5905966467741752
3639 13.771167953439521 -1.669489868333311 9.1081498793504903
3640 12.608639020226239 -1.2074602233923761 9.6707619259859978
3641 11.146693444126008 -1.1235332089563439 10.188228673146984
3642 9.7927204685036884 -1.5384690682934059 10.603374836299372
3643 8.5216222858730362 -2.5587242449442082 11.003992729469106
3644 7.9336644640626863 -3.8101178998867451 11.300195089119571
3645 7.9345014856170728 -5.2665846278713211 11.595239804925685
3646 8.4490731994012709 -6.2582161886315948 11.854311080877741
3647 9.3058820113801115 -6.8993978142579886 12.200644321169376
3648 10.047506043241713 -7.0256376351094794 12.594099360865776
3649 10.707856104775956 -6.8314527600985002 13.114620716963195
3650 11.073424342807458 -6.4305138389316152 13.804683216167325
3651 11.045230298347031 -5.7594199884435548 14.502547342646785
3652 10.543922445506693 -5.1187624766416926 15.085034934364186
3653 9.8071945363843209 -4.7547064923242033 15.499043810073543
3654 8.7949559877914609 -4.6250947701313843 15.862628831527759
3655 7.8315479394042891 -4.7473176663013454 16.105973867175795
3656 6.7385480492105021 -5.0863372811660916 16.308250177418948
3657 5.7627689382259222 -5.5218523410381373 16.42795970283132
3658 4.6642366941199533 -6.1001322470567851 16.488121869492531
3659 3.695373944154718 -6.6452257654225431 16.485290204462931
3660 2.6000266915162293 -7.2478676408112426 16.420945302609208
3661 1.6228200580333252 -7.7255523089729348 16.306164625753862
3662 0.5141931324907919 -8.1418959967837381 16.11017734528793
3663 -0.61254033475717884 -8.3687054074230272 15.854341632571851
3664 -1.6070814174960764 -8.3518494345699281 15.571575174178331
3665 -2.0882641894016993 -8.4051786949447553 15.765905818722723
3666 -2.4381384577166711 -8.563647009259622 16.050463556414559
3667 -2.2897066014871141 -8.6934642405666214 16.247508793244648
3668 -1.8853725599463635 -8.681759642165181 16.470266566500882
3669 -1.5011493663802669 -8.566084507216349 16.633498466339873
3670 -1.0548009794732556 -8.4981059296637795 17.081275085987166
3671 -0.88451529899534498 -8.5080887593025043 17.259702937889276
3672 -0.89643928192212308 -8.6153104101257725 17.021635944663675
3673 -1.3638134132902602 -9.0874306352352523 16.154314189337057
3674 -1.9914528279376071 -8.9822311306677918 15.26551844630244
3675 -2.1351187455286573 -8.9970172991169548 15.291349723709244
3676 -1.766239833245062 -9.1718970277203713 15.021190370910668
3677 -1.6621665402284238 -9.3652178718119234 15.017746429982697
3678 -1.6043341567600857 -9.6804434336101028 15.340187771820597
3679 -1.3703815409188289 -10.107550880600188 15.86651590406972
3680 -0.64026968906950799 -10.367204637806687 15.987755901367068
3681 0.12070120567080456 -10.036541909472895 14.816909428440116
3682 1.2099836850966843 -10.158274174076634 13.527371610798962
3683 1.8980095386243359 -9.6972646059076411 12.844991867785303
3684 3.7983420413384157 -8.8668835532937536 12.731785731088792
3685 6.1964335040166629 -8.2231840053416239 13.130842257445561
3686 7.6182493110801328 -7.0171985752309443 13.898855238061431
3687 7.140162005915121 -6.3279902215515236 15.399851257545219
3688 7.4656025253435301 -6.1347896466253706 14.593056941241366
3689 7.9224635407475752 -6.1281619320566705 13.729507116392268
3690 8.3003064665903867 -5.7319489873092309 13.2449888898657
3691 9.2374443837753581 -5.0504637427252179 13.125292425341325
3692 10.156346864742902 -4.3716055937167031 13.387302620680776
3693 10.441759750931967 -4.0205799833247964 13.461066255431202
3694 10.580552217291388 -3.6777694115238435 13.754314398926825
3695 10.567524824956061 -3.7702273522916592 13.800404010216345
3696 10.534248560079435 -3.8558303811449806 13.869483681467386
3697 10.50821556248385 -3.7546111517279677 14.205829802267843
3698 10.522153571626665 -3.2194448082707936 14.176663470358674
3699 10.507768888771633 -2.8834158787592501 14.438446122378277
3700 10.327060439931826 -2.1186689668376597 14.288850122436759
3701 10.257317582506399 -1.4872861032937568 14.280942700018381
3702 10.115023048592871 -0.45700358127280527 13.866232778578635
3703 10.041734965682899 0.35358123984754242 14.402545364478103
3704 9.0213980573246317 1.2280763296182848 14.625031721368483
3705 7.7820590326984673 1.5543038634791397 14.984567440759626
3706 6.5846374232937563 1.7199385666566838 15.370550388002137
3707 5.5416746783832433 1.6526444290153282 15.722045523643011
3708 5.0283154356234974 1.5590316790343837 16.246162050804326
3709 4.7998686874201049 1.512596352978484 16.706636725610675
3710 4.6891849514082793 1.4258576256284776 17.139589073570292
3711 4.7211605187982624 1.1454518400454747 17.589232956006349
3712 4.2461024368766616 0.96130045853138113 16.004206648303654
3713 3.1906219975160766 1.0843566655938461 14.416495591460015
3714 3.169813976352291 2.2350456872305404 13.076562404539921
3715 3.3737828520166406 2.4728611993617258 13.443755375859732
3716 3.2917049832489731 2.5848514726754019 13.938345749894429
3717 3.119977596890593 2.4827804727840759 14.425045955203718
3718 2.7001474228194304 1.8915388914435902 16.420415201889394
3719 2.0208714063874602 0.81579302724841984 17.994725045286394
3720 3.0811628222830629 -0.035070966035881321 19.005951585651104
3721 3.5827124077728802 0.19091590073957532 19.659655873926027
3722 3.3388965047148611 0.2450235150595011 20.435360497352182
3723 3.1648626450776876 -0.81168282840200767 20.988179996135177
3724 3.678642061345943 -2.1357149077253914 21.675638670506
3725 4.3778643627508353 -2.5584465383843038 22.120057935480375
3726 5.2430437418127349 -2.6281075249222265 22.458461986117523
3727 5.2150253827126782 -2.7251191903624123 22.635446857240574
3728 5.2135357334347132 -2.8057207087025278 22.706472982150004
3729 5.3692048067239506 -2.7721378052257397 22.77091047009332
3730 5.5702085444796028 -2.680962749833673 22.823019958296648
3731 5.939618553272056 -2.529935042350552 23.397427369120365
3732 5.7358556239301253 -3.2935167525125446 23.547164425930003
3733 5.536196196351737 -4.3035147110452945 23.441934723449425
3734 5.3660490998277801 -4.9020789418475434 23.200902752080776
3735 5.3317611479628226 -5.0798638847256052 23.24547287359314
3736 5.3136487571090276 -5.2259874979199354 23.286211244551115
3737 5.2884890162514351 -5.3835697699648914 23.256824945229422
3738 5.3032379689239386 -5.4529108178715378 23.279263913317784
3739 5.3197950219059562 -5.5170656841432377 23.312058305314007
3740 5.3364006362665712 -5.5699997360239921 23.321564242792984
3741 5.3597841249123963 -5.5964965651152108 23.323050290803323
3742 5.3856357226210356 -5.6129584780756376 23.323683069329746
3743 5.4117829043306358 -5.6283246506960687 23.324338011527573
3744 5.4381474379820807 -5.642560271847513 23.32486373758573
3745 5.4645471450716245 -5.6567355900741481 23.325309578352311
3746 5.4909691032998946 -5.6717255860558975 23.323175032465191
3747 5.5178804008470461 -5.6860990842163011 23.327405939932277
3748 5.5451521631937775 -5.700393261037684 23.328401941219955
3749 5.571687867727773 -5.7178921033988139 23.330018496492265
3750 5.5980737387826709 -5.7362201141430589 23.331691779713385
3751 5.6214664733935216 -5.7687010928502449 23.333961779089758
3752 5.6447862618133966 -5.8124508770946441 23.345305720861816
3753 5.6695239829645301 -5.8718446669228737 23.378927335184461
3754 5.6863971855100068 -5.9544443392161535 23.388901488312733
3755 5.7096962384064174 -6.04011704842471 23.43485936965283
3756 5.7235836209526818 -6.1430597291160343 23.438974189129326
3757 5.7452214947641735 -6.2300917247189709 23.463000761788475
3758 5.7691668210069853 -6.2975354841116022 23.482088957907624
3759 5.7947474010708611 -6.3489300684319723 23.493387488507171
3760 5.8236189855126463 -6.3732830874178852 23.497293396418005
3761 5.8537940645177642 -6.3884266406480439 23.497620431738998
3762 5.8845317608622532 -6.4024453761081226 23.498507783118129
3763 5.9152659214677792 -6.4165656791584071 23.499396512879549
3764 5.9449055353628415 -6.4437024431807561 23.499922562520727
3765 5.9712040917160163 -6.4918220049725406 23.466067523636227
3766 6.0062742633645865 -6.5323796171573907 23.462933252199896
3767 6.05387927814657 -6.5726350678040584 23.481193318123481
3768 6.1073822570968073 -6.6100408092942651 23.504474114613789
3769 6.1704918459792912 -6.6507103428233307 23.536598925079016
3770 6.2309941999680456 -6.6948487892490185 23.553253010726714
3771 6.306691633726313 -6.7246992262825387 23.612281199281469
3772 6.3556981669734753 -6.8064242310603653 23.605760221655963
3773 6.4220705637742626 -6.8457026314217027 23.629796641296643
3774 6.4798552844662201 -6.8799218274262781 23.649798421031871
3775 6.533748203258452 -6.9168546027164446 23.660398802927865
3776 6.5808462786590951 -6.9548973080423604 23.623668095069707
3777 6.6359173666387781 -6.9658601181793891 23.624649478531605
3778 6.6991411766041491 -6.9716474886178954 23.633356073815829
3779 6.7659785580384249 -6.9769735770238128 23.642834051098159
3780 6.8406410419723196 -6.9803301941274576 23.658816159322004
3781 6.91700774607955 -6.9829593503044673 23.714131461481447
3782 6.9812807038241633 -7.0438074600048655 23.748113633677718
3783 7.0354908331297841 -7.1432007823567512 23.744075953584552
3784 7.088544382307207 -7.2516329766604981 23.697043599755208
3785 7.1600231184741201 -7.2879967502387943 23.709395389971036
3786 7.2254230358976201 -7.333250516600982 23.725918897332424
3787 7.2852051760266381 -7.4053567506507569 23.70874693704689
3788 7.3474755502090199 -7.4496908352343745 23.722079229753408
3789 7.4076697432046545 -7.5270480917421461 23.710011155862805
3790 7.4660829772843247 -7.6143165464141109 23.646918007786251
3791 7.5572332711520191 -7.6111651460880498 23.709871839058131
3792 7.6144605270415697 -7.7486944664970725 23.680260442979435
3793 7.6660064523727387 -7.8854767754564525 23.549490670835187
3794 7.748189642033366 -7.8510417579410712 23.491412496144594
3795 7.838368402049162 -7.7839004363345774 23.46625010476658
3796 7.9097690314011482 -7.7457874338888937 23.420620427297322
3797 7.973755256652618 -7.7189185185034601 23.38597307806576
3798 8.0199137953635713 -7.7277238386793599 23.379836203044086
3799 8.064329346901193 -7.7346486149557352 23.377430526306192
3800 8.106019162991922 -7.7423853470605817 23.378774252284671
3801 8.1455104911771894 -7.7506053843753477 23.380302640664709
3802 8.1864698406271987 -7.7563390934735255 23.3821361059636
3803 8.2313497509656575 -7.7540463364544276 23.38189048920751
3804 8.2753957337428012 -7.7546823928805777 23.357996116525744
3805 8.3224265933599302 -7.7483862103486993 23.325911470333068
3806 8.3656198203070566 -7.7432416089824212 23.331256455961391
3807 8.4030502457142866 -7.7466972159037262 23.333404038987442
3808 8.4369363716398595 -7.7551553676557479 23.334523394522385
3809 8.4707887862097433 -7.7636253552788661 23.335582731070126
3810 8.5044254103321251 -7.7741607864822937 23.309850489451016
3811 8.5496510938350969 -7.7659171890867578 23.321861012155573
3812 8.5914014051345013 -7.7700978806410417 23.302910747855819
3813 8.6417067842431834 -7.7606466131714225 23.224857050770343
3814 8.7266595665725468 -7.6901867248303182 23.162260956508696
3815 8.8648534355202333 -7.546329618798775 23.087152545313078
3816 9.1459377663394807 -7.2981548454963807 23.597276283635324
3817 9.081680670210881 -8.1063695728515768 22.957704029041011
3818 9.4330707568788377 -7.8318055770680113 23.109022188000317
3819 9.5039916702230531 -7.7689013342098283 23.017961684774736
3820 9.6688547315546618 -7.5109244425902224 22.586913305014832
3821 10.126827886588368 -7.3700951789808906 22.654901966151257
3822 10.51568418377893 -7.1731718684801882 22.50573869928316
3823 11.05242391893697 -6.9442350784595561 22.145435460288247
3824 11.2657074468478 -6.9565402046847531 21.863061130879927
3825 11.659818247639761 -7.0495936299576201 21.448624710576222
3826 12.268310024544109 -7.4393044688263901 20.8436938239124
3827 12.509619711579518 -8.2378671273396744 20.710171521980637
3828 12.785112088554941 -9.3673980938249333 20.179372848929113
3829 12.54403180437772 -9.9745442679619742 19.876909812145666
3830 12.376585927327985 -10.044058383246833 19.93591515252421
3831 12.536772166638668 -9.7724928479954638 19.783772284653395
3832 12.387879546640336 -9.9251658567288139 19.474405522579548
3833 12.722018918837909 -9.7438790087452816 19.201870929401363
3834 13.11267564262808 -9.6345469333202693 19.012461925064024
3835 13.966974454602866 -9.5743950853367412 18.883459091552567
3836 14.713617780718103 -9.624162181251771 18.729560693878536
3837 15.624101319309112 -9.8196662068307923 18.61080980842727
3838 16.317405220979829 -10.044771480313717 18.501366949432221
3839 16.842030059226634 -10.270998618735891 18.348874785955694
3840 17.044017054722563 -10.268793357960377 18.421952453357122
3841 17.326361484775532 -10.370991459180287 18.319856282630614
3842 17.631450893516465 -10.482178635408898 18.303050361913829
3843 17.823272650090683 -10.680662457385329 17.808618071573107
3844 17.484736616838418 -9.4627355203852748 17.63717861725204
3845 17.282321802337769 -8.3431839400285099 17.40888099671993
3846 17.390067650976327 -7.4573373229814166 17.105176307165543
3847 17.624727629855286 -6.8362489352144422 16.945247006708019
3848 17.964680567323636 -6.3271954864127853 16.923253853462132
3849 18.313734157134899 -5.9697194326578549 17.063155595726769
3850 18.630871745490701 -5.6419730243940789 17.0077695065096
3851 18.981012843971939 -5.4107243212090594 17.097704818071648
3852 19.166157318216879 -5.4673394964151392 17.142830190669265
3853 19.402593532781594 -5.6290034680687384 17.313584111391599
3854 19.183832175930238 -6.3743839338546744 17.56741601797135
3855 18.919578921352194 -7.3154084324317701 17.909536455514168
3856 18.618767092276116 -8.2121228059314149 18.235705043304943
3857 18.387047466466942 -9.1263982811334348 18.241749324491447
3858 18.211654325172617 -9.8852033130342285 18.24600662682402
3859 18.060814781775886 -10.660801258535432 18.252613975891055
3860 17.973550804462622 -11.263320885877482 18.255406186566237
3861 17.913783728218643 -11.90431198977879 18.257982671303388
3862 17.893780355759159 -12.561119130397296 18.257814714780157
3863 17.918949729240527 -13.139204053013648 18.256790790158163
3864 17.999295495322322 -13.784927508165078 18.260915420948603
3865 18.125981456851548 -14.339985136856209 18.269833569143707
3866 18.325445957534562 -14.918188699591227 18.289316911358892
3867 18.55394966689035 -15.365992534434348 18.321508761913645
3868 18.854289247022596 -15.790785141186809 18.375120363525618
3869 19.101244396209523 -16.0425431906996 18.424660676588328
3870 19.308980565734217 -16.209025104532692 18.467358458202963
3871 19.537828823026867 -16.355403997919939 18.526020696537568
3872 19.824593945262865 -16.487481773044813 18.620124958858895
3873 20.073089474876596 -16.550722708741521 18.716066570061002
3874 20.275248568997473 -16.567721353408157 18.805284683990294
3875 20.474417833949278 -16.555909968983038 18.905423536158107
3876 20.620301983373114 -16.527208062719353 18.991525163078659
3877 20.72764634872691 -16.49326288406774 19.06575787942057
3878 20.786810430974889 -16.469072561296123 19.113160350078985
3879 20.859018524744783 -16.434258382178733 19.17564744487202
3880 20.929092494638077 -16.394778668361756 19.243760515505194
3881 21.00388151870143 -16.344787803978978 19.323598667001217
3882 20.983177647749098 -16.321249920563986 19.382174657327219
3883 20.957083703821048 -16.288542247646159 19.456555893866252
3884 20.925461465093772 -16.25004361318874 19.538566866020943
3885 20.903340338856896 -16.221148245661443 19.597599778851929
3886 20.885827576650151 -16.196178608829303 19.644395372821389
3887 20.870907694925666 -16.169975245294303 19.684174696110144
3888 20.825116918173762 -16.158943992758889 19.713561310333475
3889 20.755292593562675 -16.179511429629731 19.746677108859416
3890 20.67343277577277 -16.215216606523782 19.829395999540633
3891 20.613433021124241 -16.244291757310293 19.888965763043899
3892 20.552690529630283 -16.275017751121403 19.944631300820841
3893 20.485981853231156 -16.308519309649938 19.995773980960532
3894 20.393236874989125 -16.392020168011353 20.065463528838755
3895 20.317064566891347 -16.469752774652136 20.089568712609978
3896 20.188729565646309 -16.639144401064893 20.308652228647357
3897 20.086641470564967 -16.76009241741318 20.482870735035164
3898 20.030938098919314 -16.779150095325676 20.538150795573916
3899 19.99742019903 -16.741760175297831 20.484264373655208
3900 19.994219656020093 -16.701348949246412 20.353665410034388
3901 19.995217948685578 -16.774677482116193 20.378545466096995
3902 20.001940017778605 -16.827474841645195 20.424514109598491
3903 20.013816866154038 -16.859148069872411 20.456234580716917
3904 20.026426551058702 -16.859788781495975 20.453326850407006
3905 20.046882552335745 -16.734197906103351 20.132505142094921
3906 20.041487181366765 -16.770925900232502 20.260428955430509
3907 20.035899016768703 -16.773177682857511 20.263899148537178
3908 20.039781478665869 -16.760915017730817 20.364410767422282
3909 20.045683096552164 -16.697259888187254 20.445531275634817
3910 20.026694109778251 -16.610848254312444 20.705815503189111
3911 19.918121580682705 -16.444619959514046 21.321053288901503
3912 19.611343173523963 -16.324642580898004 21.904424273957542
3913 19.081342976517895 -16.447691641117189 22.595677158194977
3914 18.706282683997632 -16.91036076340562 23.247049250110042
3915 18.70930346922982 -17.594628181012187 24.0595032099293
3916 19.04980849812754 -17.891333406574013 24.890154491502887
3917 19.167102527428625 -18.094376280118571 24.232262703919805
3918 19.259708135235385 -18.430269982117526 23.631215393994239
3919 19.181555408673166 -18.799220564072275 22.94998082073387
3920 18.857210312830588 -19.197782235919977 22.406437872350473
3921 18.45996813406208 -19.379823332168339 21.994818896918432
3922 18.043745962069689 -19.409725899308636 21.713508575800919
3923 17.732997560581545 -19.347697816473843 21.488253781841038
3924 17.385069219459595 -19.178851477695176 21.182556655004809
3925 17.139325290148754 -18.933397747118754 20.846925775405133
3926 16.89555268294189 -19.026951367369769 23.415386873475697
3927 17.193645435316586 -19.612337290185 25.930983490702282
3928 17.350913598848422 -19.630366729113749 25.426518937340898
3929 17.460301590884168 -19.797169857819807 24.779439878734212
3930 17.470249445087386 -20.020632368931469 24.122260207018861
3931 17.45122727777105 -20.351040467391023 23.534462724032799
3932 17.352972628112884 -20.77838202552806 23.033092390872717
3933 17.023002106426294 -21.357176897418228 22.548879705651043
3934 16.506166177286296 -21.850015591115621 22.202681764068792
3935 15.757500020798973 -22.277747611065138 22.063501396488856
3936 15.041836467236269 -22.526134299474784 21.850383096910839
3937 14.238413669303405 -22.642113632255416 21.732172843842946
3938 13.533593326809839 -22.65976342861704 21.667994573173281
3939 12.737691479354819 -22.635903684281153 21.673534057559145
3940 11.961033017153408 -22.587506879673661 21.653581619403393
3941 11.265013714083501 -22.529686600798833 21.596798663055729
3942 10.448388827925537 -22.473518459728538 21.599466066987276
3943 9.6858619456646924 -22.454884733332808 21.588991156420121
3944 8.7835862257223951 -22.46983837230265 21.501225737083526
3945 7.9039618802371345 -22.537491331899641 21.487776183427503
3946 6.872914778543171 -22.715616209497533 21.42858068285458
3947 5.922629945380824 -22.853918473452683 21.276015219564073
3948 5.0323072436064127 -22.599816492955053 21.094590264686484
3949 4.5467242200812015 -22.154197593667707 20.906967766091178
3950 4.3187604693282129 -21.626100413798842 20.649670337751608
3951 4.3175246170338459 -21.203317199854563 20.3425824985868
3952 4.3901485528855417 -20.911921958311567 20.037979424069221
3953 4.4342687833698351 -20.517095899035205 20.191485668409204
3954 4.4333202969936032 -20.517757393623345 20.192934967322334
3955 4.4035143801329326 -20.123304453813958 20.465988604254552
3956 4.3005798742917669 -19.644736052032339 20.596539711786644
3957 4.1497565070227749 -19.208682136911552 20.73740942906004
3958 3.9147042829116891 -18.712199016129578 20.854778845547102
3959 3.6183810354855459 -18.218711027241916 21.092354056369693
3960 3.1640809085094719 -17.623429125394118 21.174828947791219
3961 2.6762748817168993 -17.028415772000159 21.266131877457685
3962 2.0038878347618119 -16.316469676384465 21.419642973760588
3963 1.1776391079914736 -15.635034613865933 21.509372893984299
3964 0.47718638920725454 -15.078941422945435 21.280627678744597
3965 -0.31832462004834539 -14.255482834189436 21.289041702391504
3966 -1.0676282491836717 -13.593289278729872 21.531662426663694
3967 -1.577773427771676 -13.232703675115477 21.26239960663959
3968 -2.2315582801553564 -12.627962796568408 21.442903866661652
3969 -2.2899326426714559 -12.415334806141411 20.716679361991062
3970 -2.6231629862821508 -11.114550721596926 20.602267328988425
3971 -3.0420310958183308 -9.4153618552352381 21.028532971441233
3972 -3.2830313616166151 -9.0621885653996355 21.006078532728033
3973 -3.3425928412074124 -8.9776788883639824 20.987273907385571
3974 -3.1988543879848947 -9.0239803024371295 21.027604871560076
3975 -3.2302744224716067 -8.8904150823521473 21.466141200671849
3976 -3.2230165415743421 -8.8915561547466222 22.053944108946261
3977 -3.223322797534883 -8.8400333046204054 22.587149192632825
3978 -3.5180241624754647 -9.0261599318055605 23.068773516434508
3979 -3.6146287584600278 -9.8665139796219687 23.33552919239542
3980 -3.0294723505192467 -11.076107548806075 23.484546600280304
3981 -2.0287152433530089 -12.022656677332691 23.541830113552926
3982 -0.75694328820391554 -12.962091560942184 23.579544709897682
3983 0.26980258740243301 -13.819447771853737 23.596197551191359
3984 1.0930102877608618 -14.904193505998274 23.563113236981611
3985 1.2751080089648272 -15.873825581102507 23.41184792356599
3986 1.3109134162448111 -15.994490340654298 23.409938991306447
3987 1.3142021388039804 -15.993228820442695 23.409135884614436
3988 1.4094595821741789 -15.976917855053848 23.421616479086456
3989 1.5340483854456131 -15.876560961110849 23.519103206442363
3990 1.5919583996050659 -15.815902071331941 23.470329956412609
3991 1.6817873424651704 -15.782616293408864 23.601325410370777
3992 1.7189698007954453 -15.816967600312292 23.609029640092501
3993 1.7761596836401208 -16.024033360603319 23.764685674388357
3994 1.8560636033953568 -16.333658895967293 23.826435947119794
3995 2.1005914802105581 -16.881540478820227 24.182035169422914
3996 2.5945851991665556 -17.394035234652023 24.547724037271784
3997 3.2628661110451969 -17.711905250229911 24.910768457287084
3998 3.8947639603839272 -17.771162914877372 25.237860987401568
3999 4.5303778970979689 -17.607416118479726 25.612126016166386
4000 4.9632738863096897 -17.295890687286747 25.973402077455503
4001 5.2337445642690348 -16.845035503953465 26.423663004850109
4002 5.2253656486068136 -16.562045658589408 26.882846969568128
4003 5.0743993496667681 -16.432089590430486 27.445973862151266
4004 4.9330875986649811 -16.442158472865017 27.982752411651624
4005 4.7450196458989913 -16.522632522492465 28.552055676860956
4006 4.5606436549953404 -16.715446050631314 29.279859349661002
4007 4.5702485079158084 -17.038080158702694 30.181055058666423
4008 4.8408602240320668 -17.229243355207217 31.098720052562221
4009 5.3021520004762452 -17.557764966719237 30.202985539356792
4010 5.1885152642727785 -17.774235353457762 29.089260100052051
4011 5.182809657609555 -17.612152941353518 28.055089181861884
4012 4.7202019364756937 -17.699498075160921 29.071984281706793
4013 4.8447308847179915 -17.857864090857461 30.05020716943725
4014 5.0375531895104917 -17.658071999583914 30.954837045696721
4015 5.1999048938549599 -17.804696215038838 30.466270556826789
4016 5.0873689333434173 -17.73117176206711 29.751687089044687
4017 5.1418671827293485 -17.4055008229771 29.084308615290254
4018 5.3306643765211987 -17.211507593584468 28.381691794422029
4019 5.0402753371348963 -17.338177064096659 28.905663855899025
4020 5.0711349156868568 -17.199893813478511 27.521156692428452
4021 5.1648526633559131 -17.035104457166565 26.001763871571157
4022 5.6514601356739664 -16.785354450338296 24.828464061654124
4023 6.0098756016346098 -16.82420051555501 25.510022741554433
4024 6.2753574410528454 -16.67052281110217 26.098664153715617
4025 6.4429294947464628 -16.337702449705546 26.748979197698187
4026 6.3883069370629508 -16.100507942350578 27.098873785084123
4027 6.1789847662868471 -16.168506289005993 27.910365681079242
4028 5.9136199280793722 -16.149781733070309 28.329963447917724
4029 5.4727206241143502 -16.227605525870679 28.723474943931908
4030 5.1760064866267204 -16.425797282901808 29.007831279042747
4031 5.1213946161976045 -16.614808741606236 29.117271072690635
4032 5.1288764466360854 -16.853715798215767 29.357889042856275
4033 5.3574634010479167 -16.918873143615134 29.508820504647939
4034 5.7505571469949439 -16.851826694511409 29.548217331632117
4035 6.1377269517686308 -16.874413006399351 29.694514699950339
4036 6.1390150211048411 -16.868999690865 29.696973722085733
4037 6.648015520514571 -16.820287183113045 29.836903326957419
4038 7.0954526856078335 -16.846888991993911 29.924777037091832
4039 7.5226630573177022 -17.127900800988407 30.092435801555602
4040 7.7790823189339848 -17.629812019675466 30.208909837513851
4041 7.8565738617408041 -18.098007221977994 29.104551190882379
4042 7.355734841202235 -18.368511645784626 28.117305077144714
4043 7.0662247476222921 -17.342646495026035 27.098989650627363
4044 8.3599443881790201 -16.808546368182391 26.129835941793726
4045 9.3457817544440545 -17.398118362695417 25.221811276860073
4046 9.3283075135238516 -18.816441097957156 24.728671339797021
4047 8.8302475813962999 -19.833005430208733 24.294904740693056
4048 8.0284212157237818 -20.618536265640611 23.806610802508072
4049 7.1506402382611389 -21.018567545639243 23.337808571105704
4050 6.1532607877473531 -21.119476425949529 22.80013746804099
4051 5.344330684170127 -20.896484415391686 22.310971183946609
4052 4.6690535464084748 -20.384909748925516 21.790229267026103
4053 4.3110565657090909 -19.674130320435605 21.296200341827937
4054 4.3236578131664096 -18.960031653391198 20.876242150214679
4055 4.7299156550375416 -18.217895637170361 20.421188944360416
4056 5.451824079209155 -17.799178006389184 20.030623529200966
4057 6.4490927025347116 -17.774267463016233 19.619152558403652
4058 7.2781348568123523 -18.220710776205838 19.269604689242247
4059 7.9312413416856904 -19.067201802984982 18.869985253617738
4060 8.1607012595926651 -20.039008946993814 18.472295265553932
4061 8.0053371918530516 -21.153362561312036 17.969245826190548
4062 7.4826791118405769 -22.020865602257011 17.452610858911591
4063 6.6199143447239628 -22.676560141625515 16.807955129634145
4064 5.7113029166505385 -22.880481751286094 16.16843216058891
4065 4.8220438626489859 -22.692712332436258 15.421456245943155
4066 4.2471625404523152 -22.143238449777911 14.643856091501425
4067 4.1686901892747166 -21.480616736149994 13.96830409574134
4068 4.627856423599761 -20.839209771444288 13.249676150431803
4069 5.478903608459607 -20.698305517790978 12.65534820718656
4070 6.4146735629723581 -21.252672821539807 12.024525180600889
4071 6.7622980915001412 -22.226436822811912 11.444141560689909
4072 6.4797574275722489 -23.296181229223478 10.714506579809859
4073 5.7861573993722812 -23.881864346545797 9.9928463432119461
4074 4.9125194416941049 -23.978022282934681 9.101803999540758
4075 4.3642246689530317 -23.593420811851036 8.2773059370256856
4076 4.2968826153995607 -22.942835559820871 7.3930694328880158
4077 4.8877257548211883 -22.438030576731752 6.5876407503226861
4078 5.7982942942297528 -22.553296642273601 5.9487395906063174
4079 6.5796795188933102 -23.442722684030876 5.2791698700527157
4080 6.6311379931757255 -24.493421733073287 4.6637156465975833
4081 6.1100173013953079 -25.352782739546573 3.8857210635354362
4082 5.4909533523453353 -25.595229394173042 3.1157795462352058
4083 5.0157786729975218 -25.340104267641856 2.1782060154681111
4084 5.0111523786860221 -24.924547406984377 1.3165503561712115
4085 5.1266440995174172 -24.902544073125316 1.2171036220725049
4086 5.1285947491080579 -24.905507378099148 1.2171207619093523
4087 5.2657739421127037 -25.276729236297491 0.72701372158151578
4088 5.5097107991147238 -25.254301490309679 0.54664284407345787
4089 6.1415649881826768 -24.982622132978364 0.2426170754279339
4090 6.988615056769901 -24.679106266548342 0.32187959957664225
4091 7.7474014602226751 -24.236362897911341 0.76032230814030222
4092 7.9583537419062322 -24.10531487922837 0.76660670184252511
4093 8.4387081766431091 -23.625298677485958 0.75305693287011355
4094 8.8123431170993705 -23.243489994724186 0.81695157463438095
4095 9.0224708031595284 -23.100386909520282 0.7913786099406076
4096 9.1917139251802666 -22.960587142672399 0.88288309728182812
4097 9.3716327892643569 -22.738790604679394 1.0524237980831674
4098 9.5047374920223984 -22.554922545428251 1.1170161536651475
4099 9.6566570474444706 -22.360875008961337 1.0692520575494675
4100 9.7859659737413836 -22.117094159833464 1.2271957292876672
4101 9.8634925103006168 -21.834865281100097 1.4543958502823491
4102 9.9545331885162511 -21.81452642455578 1.3552360394681671
4103 9.9935088442214273 -21.472442002277894 1.608723949703152
4104 9.96108580195766 -21.399147635838961 2.0882552088991111
4105 10.456870118725904 -21.733191402784083 1.6485070163381825
4106 10.474838417973812 -21.596690463372976 1.7408473800630857
4107 10.545747705287084 -21.614782536746411 1.6972386383767615
4108 10.56566739760998 -21.576961060535538 1.858858402340511
4109 10.715160267312498 -21.799881652210821 1.9764180153937838
4110 10.765073269331115 -21.785064467496522 2.0674247666719081
4111 10.796718816920464 -21.696233674427248 2.0219061985976752
4112 10.775414077166216 -21.586602356320348 2.1292158113299511
4113 10.667262263098666 -21.371324817022103 2.1645681835338202
4114 10.602277743795888 -21.235380627325096 2.2763617102265261
4115 10.476784503370611 -21.056808036203943 2.3056994848861718
4116 10.322157867260874 -20.877457079139301 2.2766586534329312
4117 10.164885700926394 -20.699716479573254 2.3391417152970613
4118 10.136327916491268 -20.644902269638148 2.863273538439981
4119 10.479790941647748 -20.669985387719688 3.0165097872785824
4120 10.892778926978277 -20.671123734384274 3.0224124524869893
4121 11.467074388918686 -20.670820358511502 2.6642132167562598
4122 11.399164699300151 -20.65439599204602 2.5983915974111569
4123 11.320660636432468 -20.629910944541699 2.6409467393382173
4124 11.226562191340681 -20.642414121781872 2.8259357030694221
4125 10.849516391738426 -20.528335497819857 3.0284712040225674
4126 10.473512137487079 -20.511830100129384 3.2496230135485242
4127 10.172500054850737 -20.573897900777471 3.4651029236714166
4128 9.9020783571660544 -20.702562533191795 3.7191667372076882
4129 9.7156661782445326 -20.850262822731345 3.9640654902651589
4130 9.5587616875028143 -21.052731814044797 4.2591199264243853
4131 9.4670684060393615 -21.264715115314051 4.5382458924827818
4132 9.4377749828317992 -21.541180376481087 4.8709244862393382
4133 9.508352790529381 -21.833565793404222 5.2098837942830958
4134 9.6762159889645485 -22.0862089406934 5.51973565571266
4135 9.9864630661597129 -22.309066784948758 5.8734831746128657
4136 10.359008083794663 -22.410086866866099 6.1856035843783657
4137 10.84522306949302 -22.374521467554388 6.5265592146621305
4138 11.295441714419452 -22.189640362897816 6.8200854691129393
4139 11.76563904539745 -21.810947536861217 7.1313309833033012
4140 12.122354284930566 -21.32436492339902 7.3866063991799233
4141 12.418166312739867 -20.630754075887623 7.646944269718027
4142 12.547456055256491 -19.912246971230967 7.8552972110603045
4143 12.508503466405941 -19.071133333000656 8.0668471856377337
4144 12.255810125471836 -18.28660049999452 8.2757396752679746
4145 11.855077067992276 -17.689754268803505 8.4730170405134988
4146 11.226379552827581 -17.175837600021996 8.7237489286851027
4147 10.483743925369469 -16.933485650328233 8.9785858487196926
4148 9.5073628224515083 -17.062434907576289 9.2881982031267292
4149 8.7389964549063617 -17.743555096876491 9.5655558110846375
4150 8.394136599052187 -19.001831953307668 9.8574493243351426
4151 8.8849031473990934 -20.27050046855803 10.094480938980356
4152 10.237647862625719 -21.326045146042691 10.324435304754928
4153 11.980397842339233 -21.575210757256745 10.513008089677282
4154 14.100052904058572 -20.971327199289622 10.720965019896749
4155 15.924443352468291 -19.507815340870664 10.935933114435137
4156 17.160015649888113 -17.70927581232322 11.150379418725183
4157 18.154112588586024 -15.462702246736416 11.429232294472705
4158 18.773029743891573 -13.45668198677016 11.708813513091563
4159 19.311194898767482 -11.300618054504929 12.075234023578016
4160 19.696769657809035 -9.5787580597885071 12.438300110163475
4161 20.003752234095117 -7.8479691183896652 12.894204227599541
4162 20.123052268660793 -6.5150979571399761 13.341487757325504
4163 20.042887437624074 -5.2728550330249409 13.878836591435707
4164 19.749573586745974 -4.3945466614489055 14.400708820565722
4165 19.201247739422044 -3.7418979768361558 15.023137755473213
4166 18.509456419908382 -3.5076690008249463 15.699964698045163
4167 17.973023292413487 -3.6757109400144419 16.337177602223719
4168 17.673940147929954 -4.1738507077840943 17.100618811042914
4169 17.791630235159225 -4.6550010963210475 17.810405976638322
4170 17.897007587592153 -4.5105726725428301 18.083917898244032
4171 17.973315723819645 -4.4572360215034612 18.235661164782321
4172 17.82165218235917 -4.0399410054223441 18.656545674579878
4173 17.876659566585694 -3.9764004541845486 18.77921800731125
4174 18.054000087442404 -4.0335033152268833 18.553118881671153
4175 17.814044206231323 -3.8208590612420377 18.66283564262131
4176 17.503978751171523 -3.5459252900852904 18.928388667541117
4177 17.500970176655908 -3.5413324456199806 18.765549661357539
4178 17.310047043965763 -3.3755490002968349 18.909017135657908
4179 17.224418384817074 -3.3594794043637553 18.733824836969383
4180 17.460581696165256 -3.3858944686164589 18.555320560179489
4181 17.721460151723534 -3.4822147344608294 18.369839276851188
4182 18.279680344311114 -3.7605014020589795 18.375017303911235
4183 18.46685280613768 -3.8205886421486515 18.217205528867211
4184 18.36122806754766 -3.5888941752835373 18.116158689339244
4185 18.308641527506978 -3.2819556789346302 18.094144551822755
4186 18.182787247881411 -2.7788009918742955 18.16573800923765
4187 17.921652467846492 -2.403083970618582 17.874912425927487
4188 17.864741367213057 -1.7472086293255675 18.012245214294342
4189 17.92997585912325 -1.1712831551369216 18.191357809432802
4190 17.925582707022159 -0.65133875976399724 18.070575793882877
4191 18.221025086147993 -0.287473964079629 18.154003057947889
4192 18.847633068570055 -0.37963130259614619 18.282143053789255
4193 19.915388684464546 -1.2204323089525491 19.560287800499886
4194 20.143268225769141 -0.87796544381453012 19.591931979924354
4195 20.141556148729748 -0.58837560761917018 19.899371862387991
4196 20.533102325364634 -0.067050238047930422 19.61268867378346
4197 20.236790234970648 0.14393065050050147 20.320355340439054
4198 20.554700734393229 1.3294725100406257 20.390684943798494
4199 21.047086681651521 2.5926306314793237 19.758748290280252
4200 20.976787452867317 2.6638284542993436 19.753923517085166
4201 20.788300751174553 2.630293852700734 19.760146000228684
4202 20.592853247301086 2.5374886290449159 19.711195726001918
4203 19.872756357236071 2.4072536366256307 20.773123069652307
4204 19.506591534500256 3.9359981802527901 21.144620861302322
4205 18.402924974777573 6.1701770850550552 20.976275381931504
4206 17.898219234058804 8.0569379359526678 20.340398965916567
4207 17.825305881702921 8.3567500111244843 20.389916192094045
4208 17.694294455489679 8.4759123108265459 20.427625084906332
4209 17.225347787418816 8.4331989565190852 21.252845982905033
4210 16.531112149645217 9.5015217880286329 21.387360848337785
4211 16.0159307378275 10.454505608985656 20.889299424564904
4212 15.595047167342951 10.743865244924567 20.903473679852606
4213 15.15309706839815 10.962233850473009 20.678744720247124
4214 14.994730088462394 11.499277727555818 19.999648881679597
4215 15.127861921714684 11.97831176639667 19.355050969441255
4216 15.667558489498681 12.235183226703075 18.686925733846426
4217 16.308661595052293 11.856392246457588 18.20316828660884
4218 16.700084929213592 10.817930476463999 17.81946129509388
4219 16.535314894884763 9.6185878308402337 17.603483435234924
4220 15.908813567523008 8.2403941730498431 17.449859217660162
4221 14.963116906305434 6.9230258410337697 17.336726216467085
4222 14.007605066816637 5.8252153607667898 17.240818922241356
4223 12.922076117738431 4.6289909714404986 17.139264632075086
4224 12.061502585270079 3.5619821144800561 17.075588123992777
4225 11.306541646059925 2.3534039652957857 17.072824019458082
4226 10.953380383905506 1.3128703232785648 17.179467531288068
4227 10.951167880919151 0.31828370126032524 17.479798652131386
4228 11.458459324589825 -0.28898888146711776 18.549600598087469
4229 11.949271670827466 -0.0039239281994993824 19.878878519765951
4230 11.820207128550898 0.40237378661672296 21.068545116131382
4231 11.036573681142494 0.71189623969944904 22.260581473515956
4232 10.013662473779473 0.40467586449683579 22.126538270469929
4233 9.3983550539125105 0.30735751583580839 22.166734986539129
4234 8.5022977351361959 0.14015535720491723 21.953011982705277
4235 7.6513150171805782 0.17177719474771269 21.559546716565546
4236 6.6769590046130389 0.42785819670416769 21.405292399263999
4237 5.5653770688580719 0.54282373750963142 21.167567384413282
4238 4.3670088356865762 0.30234809560514631 22.143453936847461
4239 3.5360131304819227 -0.062335271092187394 22.988705805139446
4240 2.3900982848459673 -0.68700993213338757 23.853632680101423
4241 1.1351434628784971 -1.2335366163737076 23.910094172009718
4242 -0.17923389835954673 -1.7962587782649688 23.727254352369272
4243 -1.2846483570939287 -2.2469975456440481 23.329743413144755
4244 -2.0679379080792497 -2.5353528325513213 22.819303472640595
4245 -2.6781444099503755 -2.6976310687035312 22.116830766228304
4246 -3.0117245851793193 -2.6517297280013299 21.375744483097002
4247 -2.9144932070865193 -2.2240642937610544 18.908664007659354
4248 -2.721148474770839 -2.1393143375290071 19.419335336001275
4249 -2.8301311272526979 -2.1042451151381423 20.02531529322361
4250 -2.9762813369732526 -2.2589963816091401 20.559023294770491
4251 -3.0374887842436444 -2.4596159323396156 21.068925083570353
4252 -2.9028788175380864 -2.4825650079469583 19.642454328096683
4253 -3.0829612720910751 -2.6400566204567975 19.037541622078866
4254 -3.5334812578930483 -2.646068535842371 19.012208656595888
4255 -3.7766523914213392 -2.6382335678595545 18.966315541757801
4256 -3.9313038427152618 -2.6188395923263688 19.016822129216386
4257 -4.0065347237095157 -2.6086259872477049 19.040286963678188
4258 -4.0361859207182444 -2.5998717897453396 19.049690246889739
4259 -4.0475673036236852 -2.5914137605237628 19.049544454184055
4260 -4.0556588246601191 -2.5830083046057792 19.049751382335771
4261 -4.0618235140025369 -2.574827984790609 19.049324050848398
4262 -4.0675715445777172 -2.5668344318099381 19.05045975116138
4263 -4.0814526203669956 -2.5583011658483885 19.053254479293194
4264 -4.0977814777987538 -2.5483092572877295 19.068530126385749
4265 -4.1037917768645551 -2.5340262241763458 19.176057505077967
4266 -4.0925408498278486 -2.5113657204161166 19.332618360165466
4267 -4.0508986943234113 -2.4837387214687423 19.220768646362313
4268 -4.0155728527630616 -2.4634166582138093 19.079224502518759
4269 -3.9871634234700997 -2.4466873983816599 19.014091465946347
4270 -3.9440622052666616 -2.4248873147853289 19.045553430790026
4271 -3.8833912455746962 -2.4002220618450636 19.106603198240926
4272 -3.7955987112229268 -2.3695184710823032 19.109993772205069
4273 -3.7125428352317318 -2.3403425751191 19.102456784409323
4274 -3.5961910616472021 -2.3020450037416849 19.143944778376838
4275 -3.5164286429947271 -2.2592675620312828 19.288448461278421
4276 -3.4284639360477573 -2.2064306769881696 19.398068682344007
4277 -3.3418360278982346 -2.1636456690969323 19.143865879969507
4278 -3.2824478144686156 -2.1418471877414689 19.164272153526671
4279 -3.2407801384379025 -2.124967787693274 19.177708398174104
4280 -3.2213146813691749 -2.1146911153338142 19.184830492365609
4281 -3.2023908195004336 -2.1022067988645894 19.295860718650001
4282 -3.2022025115122026 -2.1036549743626969 19.214495968446958
4283 -3.2013750749808891 -2.1025241023537742 19.200828636691014
4284 -3.1997208561202362 -2.1001177718447623 19.204882725642417
4285 -3.1894522930841465 -2.0948212068217398 19.214293626848573
4286 -3.14970825070009 -2.0791802071912198 19.242245720675715
4287 -3.0947362556203624 -2.0572951399042232 19.264056665166041
4288 -2.9759104120134952 -2.0047878039442697 19.374906065964577
4289 -2.8325927000008715 -1.9191837738730935 19.516430923253086
4290 -2.6419094693188727 -1.7567027653943788 19.81387385211222
4291 -2.5258131582783481 -1.5754887124492942 20.086196762315396
4292 -2.4943546774629168 -1.439816131898338 20.272363002909209
4293 -2.5016715161092562 -1.3417009684382748 20.533417683945814
4294 -2.5433130041649319 -1.3316338315295169 20.785260916758901
4295 -2.5684791634464466 -1.3871931097660495 21.01640189130239
4296 -2.5453548591393553 -1.4956816481055764 21.118527262971924
4297 -2.5119604162947478 -1.5877752166900141 21.220299370906755
4298 -2.4884964261497533 -1.6348646793284418 21.329639563419196
4299 -2.463690861436612 -1.6642176646824818 21.280543665484597
4300 -2.4551623239223144 -1.6667021242124669 21.312532379239361
4301 -2.4471604985104305 -1.6684356653120149 21.339193767173779
4302 -2.4392943132871734 -1.6712512310019196 21.342723903684089
4303 -2.4313533479568434 -1.6747926969269142 21.334794941408514
4304 -2.4235481644905552 -1.6784308596898754 21.326846044195555
4305 -2.4118566360411609 -1.6842767564324463 21.338157866485755
4306 -2.3955474111729149 -1.6971377820839153 21.356806841200612
4307 -2.369846233053384 -1.7218205543038807 21.3830027435211
4308 -2.3420032729951017 -1.7474527608319821 21.409725434320862
4309 -2.3203921591710057 -1.7645157607439095 21.460024202490548
4310 -2.291486292395061 -1.7855914515726741 21.460487341236444
4311 -2.252732863577489 -1.8161707139618002 21.34921381403386
4312 -2.2317817673721621 -1.8312128084294486 21.408131127135942
4313 -2.1824126887312052 -1.8765219694200819 21.40289377847526
4314 -2.1331286056004575 -1.923783481283408 21.391749821106217
4315 -2.0475699616203591 -2.0110738916254269 21.298473799862421
4316 -1.9601615683747156 -2.1187711362545865 21.164087800570499
4317 -1.8947206931113201 -2.2135051593093742 20.894574011758966
4318 -1.8886263786260218 -2.2024075490105486 20.56233833882516
4319 -1.8674865714344191 -1.9665684194789956 20.228959006380784
4320 -1.6204645945949776 -1.4000679640360287 19.829270867004713
4321 -1.0962576023290058 -0.91050476578272399 19.372668075754234
4322 -0.10479626961245425 -0.58593561183384191 18.897473068284352
4323 0.85736654907665022 -0.71884307619584575 18.484366497420719
4324 1.6799397820357709 -1.2418466556382555 17.980587905942233
4325 2.1099045730317032 -1.9874384104214027 17.877851738107235
4326 2.4888532367423757 -2.8259903570933083 17.637640604130485
4327 2.6105186896638686 -3.5492671023500781 17.225229790323201
4328 2.6152620209961279 -3.6973034922295591 17.017483253984704
4329 2.5924122041073629 -3.6490774127851235 16.040873906460405
4330 3.489076213575629 -3.4509088858130537 14.923345631127606
4331 4.2198655541251053 -4.1057213759745244 13.634278983317348
4332 4.6804474105001592 -3.6251847613708348 12.690035852743774
4333 5.7163733819556839 -3.6276835007709898 11.620943250889024
4334 5.8815092491321366 -4.1950036171428877 10.556673151079986
4335 5.5991248239998086 -4.0489554315888041 9.1910296387209112
4336 5.3743688435602204 -3.8849185269885078 8.6962087494645388
4337 5.2244120787977844 -3.5391019098433008 8.1329368657573866
4338 5.2541069733750883 -3.053159745345047 7.589971158505711
4339 5.5080720042026128 -2.5585966160930456 7.1605880904044881
4340 6.0969996629351408 -2.0530364077441559 6.7584481284528861
4341 6.8473560825163808 -1.7597676862258234 6.4779368950444489
4342 7.6570548417177617 -1.6369016594512429 6.3515005824653548
4343 8.363685534876339 -1.6362564791717502 6.1821205605039262
4344 9.0606494603804215 -1.7030236073514811 6.2004438531073154
4345 9.5640489561972828 -1.8038779476121671 6.0613265212565084
4346 10.307649307365796 -1.9242150862605474 6.2023252136705747
4347 10.439546476597496 -1.9871585967142078 6.2740833867804637
4348 8.4991197905788951 -1.2762708512773173 9.5142604996483193
4349 7.8283461917074977 -1.4017489952656248 9.663589599285217
4350 8.8614114487622491 -1.1031675476793694 9.7215026063375944
4351 9.8249185721590369 -1.3124310642831922 11.202116115599056
4352 9.6059069640241521 -2.2560569853358565 9.9210533628816862
4353 9.0756726345113297 -2.5532698277758699 9.9577763882546844
4354 8.72535966891847 -2.9331035857828103 10.430298192678567
4355 8.3412177461883807 -3.8099967515750333 10.746437102330212
4356 8.1789619154335931 -4.8768933094267979 10.833906109899562
4357 8.0119488730736883 -5.6289572495562012 10.715404048107828
4358 7.7618756667058637 -6.2028094093244812 10.49886913378473
4359 7.4348879664975591 -6.9539046381355929 10.676378837136573
4360 7.0914146288335607 -8.0114133904953366 10.66253037536266
4361 6.8139096272905393 -8.9653632875083868 10.651767563295737
4362 6.4950767900971904 -10.038373480255759 10.651477847383239
4363 6.0204720469054696 -11.270926776359778 10.540742812235917
4364 5.1723468249061666 -12.828660597874221 10.334349727508414
4365 3.912566321209475 -13.996318159072123 9.5503174981739409
4366 0.85069116699515024 -14.672337267639282 9.3351015296597168
4367 1.0877710423724953 -14.798392953561184 9.8262197854345548
4368 1.8803526753213455 -15.001179961816206 11.198749800090125
4369 2.0541841716971625 -14.076667973772922 12.518190193813419
4370 3.5755053698698225 -13.705358592282341 13.432009414632978
4371 4.586919163346554 -11.743562216625165 13.882539667598698
4372 4.6741858520044728 -9.5355756555392013 14.388137759635876
4373 4.4623265602012507 -9.1502195343312938 14.80334078531817
4374 4.2227663504067223 -8.9596605686531561 15.151396803061122
4375 3.9641856971130784 -8.8967975365757699 15.553379206573853
4376 3.7650498824277774 -8.9143946033046255 15.824427170034777
4377 3.9309566580452442 -8.953134559406756 16.142447628437267
4378 4.4305369941163582 -8.7679927634472712 16.424660855046373
4379 5.1875490723516808 -8.0619932795700731 16.322355372025925
4380 5.9252087938600928 -7.5282385569680317 16.278521376753496
4381 6.4082495999264903 -7.1786036405700298 16.17765692057182
4382 6.9131549289800871 -6.9463024490789866 16.187310719519409
4383 7.3993462891267079 -6.7594591297695681 16.316429749893029
4384 8.0136196699904421 -6.467350958887141 16.593503537531564
4385 8.3023661415443204 -6.4022936559109853 17.269183349678901
4386 8.5639775855601457 -6.0207780918534128 18.085880380627344
4387 8.4569124196339605 -5.8753462117592781 18.120415713202458
4388 8.1330241722901722 -5.3251917232422388 18.608416935670661
4389 8.8571255526850745 -5.5678562403971892 18.342729073504103
4390 8.5083816709340319 -5.0869464032468485 18.881536036658677
4391 9.8058773598695428 -5.1523236276137752 18.47589729806074
4392 9.3247220268535607 -4.914126331671655 18.326070502476188
4393 8.6224415571465816 -6.0990888294406718 14.107735081545652
4394 7.5920632359652842 -2.4607215505241813 17.92367348281185
4395 8.0806206939141454 -3.0114014398739331 18.080027908574795
4396 8.8518985430844133 -4.8566185817800847 16.175338514204949
4397 8.2174361336120736 -4.3556573783697408 13.85315415331503
4398 8.3927507471068896 -4.5639660357638991 13.058398921375709
4399 9.7302764126450541 -4.1074643644026221 12.655580169120716
4400 11.558666863910281 -4.1568003894981516 12.670835030667268
4401 13.554953938741406 -3.9906301278809604 13.050302161181303
4402 14.033279447236621 -3.777574523813358 12.975626734310744
4403 14.531090687411409 -3.6452168545354118 12.802521888196708
4404 14.840653405617793 -4.3513678556152779 10.383478539588593
4405 13.935455526031884 -5.6991887843532689 10.405967584086477
4406 13.018855067345305 -7.0893583365602701 10.299052266504443
4407 12.073868951145659 -8.1931258518585679 10.086395645149395
4408 10.878208925642097 -9.1354680910489616 10.000091141638242
4409 9.7241810739892145 -9.7366889052457761 9.4896812448857819
4410 8.705526389856022 -9.5080889471124532 8.6162599780306781
4411 8.1939844261554278 -8.7941180616138865 8.1979812192141761
4412 7.6976433866803644 -8.4473779228329349 9.2053679564489119
4413 6.8471331962618267 -8.5353912683663662 10.002609106622446
4414 5.6650030798016866 -8.4676363473322613 8.0947016620417482
4415 5.3858248792614969 -7.7951635203531726 8.3888560833244004
4416 4.8953974522911778 -7.0613284560668763 8.4453264213829655
4417 4.3287602778560181 -6.1730284970909608 8.2797798293243421
4418 4.1782492019636361 -5.7187558065975121 8.1694300412938752
4419 2.085519780134919 -1.8343128272113676 9.1956547293558994
4420 0.12254637336273383 -1.781067823101707 9.9394862681128977
4421 0.69016664312741671 -1.0343783774939805 9.3045522560127694
4422 -0.60957541236625734 -1.0691251570050517 9.8119576452882278
4423 -0.25654532795786089 -0.77532256036991021 9.7919385064111406
4424 -0.11280635779803394 -0.56767696974425497 9.7602145747623155
4425 -0.25554018554741165 -0.46412468349342473 9.7082632916115852
4426 -0.93100131765740868 -0.4833054629781196 9.2098033354972273
4427 -2.5524757088803636 -0.17209708285991521 9.1082244781280117
4428 -3.3387931244075975 0.091892640173726378 9.09324039288569
4429 -3.44294293186895 0.180337298615036 8.9935227111299803
4430 -3.6572180883503704 0.24387220007276 9.0566486425530126
4431 -3.563698068910778 0.28799446193646677 8.9241805869279869
4432 -3.0393660800599993 0.082166697311701148 8.8635502428033845
4433 -2.6341565534820757 -0.17574731694896151 8.912008387875817
4434 -2.0861520379533411 -0.25852753645336424 8.6363537256663836
4435 -1.8003617332180464 -0.48361644815499183 8.4985100018366637
4436 -1.6384063295841629 -0.75381153163196868 8.5842064528658657
4437 -1.4152861926958069 -1.0533900562801208 8.8736205344893673
4438 -1.9383073107145143 -1.7865836168554869 11.484927815239125
4439 -0.73273930754997407 -1.8962006552190862 14.069449782280959
4440 -0.66784317299001172 -1.058147282841827 13.981961058012752
4441 -0.5318291395059439 -0.1208161248005849 13.943277452322336
4442 -0.54356424033403261 1.0560355532232109 14.466755505803825
4443 -1.1309594761921147 4.0439773392550675 13.585498028868486
4444 -0.26560622483706831 6.1604244510552011 14.093970965535515
4445 0.95051921463942768 8.319677568609892 12.923035570444551
4446 -1.8043427036253434 7.9973991788173997 10.472972264843257
4447 -2.5555350276017768 8.4959044483333592 8.1429685470611126
4448 -3.9056846046058373 12.365708478437549 9.5606504063466922
4449 -4.9228666031229249 14.415738621853462 9.4846077828249875
4450 -7.0076632039874962 15.198348923822637 7.4264125491628716
4451 -6.6345582544307353 16.213459468318558 7.6121414035646477
4452 -6.3946201204623359 16.375700512726482 7.1695612634027919
4453 -6.8965125128363667 15.831519096250405 7.3594293901549257
4454 -7.4456687455893968 14.600974770774393 7.1648688289871272
4455 -8.1657483209559043 14.110559961885892 7.5092251097608838
4456 -8.8397321503277908 12.417102002426395 7.6494617005743928
4457 -9.3397646616954919 10.727725545085901 8.0177982781899821
4458 -9.2020214210613656 9.0254799965915584 8.3292144785474704
4459 -9.238112043007364 8.7804311633970702 8.7034392506290708
4460 -9.6074473731277159 9.17281840603329 8.6195693265855056
4461 -9.5335257817274428 9.1018891950873364 8.6719901352005362
4462 -9.8397221093113583 8.738391794224917 10.021899681784108
4463 -8.5644317075421323 8.7599190528464081 11.740403776905657
4464 -7.3345779143233534 8.0756148922076978 12.903195794479336
4465 -4.9979131289648198 9.407154669758464 13.888399282624693
4466 -4.855062182893322 9.9571491734834083 13.908149564964509
4467 -4.7949852571380314 9.8937144431163464 13.840477735873858
4468 -4.8507936109852929 9.5656760581515776 13.918237519754667
4469 -4.8345415309006707 8.9760729133459325 13.81783624609141
4470 -4.8764418310213316 8.4565341226092006 13.803097541302265
4471 -4.8748309403151673 8.0208426698498627 13.814500323604484
4472 -4.7263978528149551 7.9810834823349417 13.751654601490051
4473 -4.0334200665461282 9.0245119600090149 12.704957361339911
4474 -2.3165954706992267 9.0442704769110414 11.619688626229149
4475 -1.9497662213846614 8.0044194832046838 10.514164166644642
4476 -2.7155359558664043 8.0412527966093084 9.0039105495157958
4477 -2.7159662581353343 8.6270185436607925 7.6461651386132576
4478 -2.4216260931362306 9.1467351188395654 7.2327004777097352
4479 -1.7650214723514783 10.184210887274643 7.4478262939118203
4480 -1.6440449922659242 10.422987770680354 7.4629451047036728
4481 -1.6717403535588928 10.291246267480672 7.4885114770187018
4482 -1.7590071783537895 9.9716558248911689 7.5260338727024516
4483 -1.4059157464263781 9.4146980976438943 6.4449683435035769
4484 -0.56793488668466496 9.5673042323124058 6.5020318301584457
4485 -0.13960648398317788 9.6132470082112853 6.4572213261449987
4486 0.26919415367035016 9.6559056959743401 6.4471729929389543
4487 1.0295250355683272 9.7447272773596989 6.3864275213888622
4488 -0.99221588234098834 9.8093158932684883 7.5332543748172958
4489 -1.4975368669128266 9.3924730336210978 8.247936917246097
4490 -1.944072336678409 10.762816632342481 7.9255538391062288
4491 -1.3756538755286789 11.481327030141484 6.4221540638309094
4492 -3.2113168028055599 10.733733722876266 5.1837106367374615
4493 -3.4386852426145218 10.523951960157387 4.3804351867595841
4494 -4.1827702641808795 8.267696346218889 4.6603852376241619
4495 -3.8649875815837729 6.8458501076522937 5.823549035401804
4496 -5.2645017705108623 7.5097732056453577 5.4897643671513645
4497 -5.6020642725464782 8.2058068398925723 5.7893989011888314
4498 -7.4396008716777287 9.0035531099336161 4.7014134182691381
4499 -7.5438062350814619 8.2453789839549785 4.4814186404160203
4500 -7.6736952986494149 6.5699605189632102 5.4174624338663495
4501 -7.8730692898600037 7.2411983702864156 5.4893739055607202
4502 -6.9758621290770346 6.5058415010210258 6.0078301604382798
4503 -5.9900562626615566 6.3904748028180753 6.4583126970009852
4504 -5.0637841142580537 6.8123028348945409 7.0215336380530413
4505 -4.6497098339774166 7.5596132676257826 7.6869321805729811
4506 -4.778781247299194 8.1831320223338686 8.3588518330250352
4507 -5.3482314187460664 8.5476488015075009 9.1582249895316803
4508 -5.828548201585825 8.6629572113056508 9.2060001243863283
4509 -6.3943398503092226 9.5389315418506655 7.4274513629722261
4510 -5.834697445301777 9.2480458097719556 5.7398006514183555
4511 -5.1342396934581469 8.0405366779120211 4.0703915459053936
4512 -6.3685152260493716 7.185165409348901 2.6667897912622895
4513 -5.4003908327722154 6.6440923123724218 2.8459044073585997
4514 -6.5881675301302636 7.0652606132004623 2.70798308286387
4515 -6.7885888294259127 7.2491464065316968 2.5610727312925472
4516 -6.1016435488901895 7.3187196332325621 1.5752858072524369
4517 -6.31524607918867 11.117811718049566 2.1536835882360306
4518 -6.4190188765672067 11.30562540023891 2.1901872207205897
4519 -5.9585452284633984 10.70360823464115 2.2424143716654368
4520 -6.4287478129334721 8.6109031858155856 6.4842811630076733
4521 -2.2983392317426476 9.3875389525935908 6.1088249732219175
4522 1.9044888900431034 8.7135498594108931 6.1702542241077927
4523 5.2429655125734342 8.3526909915714196 5.9807342947465072
4524 5.6024689687846125 8.1619713710530615 5.8657030373126746
4525 3.9402554747673988 8.8366760835577658 6.0074875311880005
4526 1.4725731819200274 9.3615126269885529 6.0092114192147665
4527 -0.75134391415664714 9.8458945031199399 6.1660162824623805
4528 -1.9021266705891597 9.6156008940900914 5.5952915367616365
4529 -0.34612873898336094 6.9358380229901364 6.1130772756109026
4530 0.19388964264794684 6.7396857766692939 5.7938230701770879
4531 0.22704005062475385 6.2733131468340257 5.7611452226408275
4532 0.59406668104141902 5.7167512363117581 5.5749403415222272
4533 1.4281619108733894 4.9507758793551035 5.3126522569112931
4534 2.2225509866066919 4.0390379187852687 5.0495998624998819
4535 1.5933495646247997 4.6150025301613757 10.403494642565649
4536 0.7674689284346865 3.2638773088618436 10.256847723976971
4537 0.25071846354899519 2.8436317852410689 10.114965452230862
4538 0.025160022055496167 3.0998875890211171 9.6167295024528041
4539 -1.8116727895664273 2.8409515171218311 9.9932947486453259
4540 -1.7828370727949634 3.3398467273140762 9.3374402303225423
4541 -4.1635730569029796 3.8372141455898938 9.7329098570889503
4542 -4.3706445283901818 3.8449750715482152 9.7069016344826942
4543 -4.6024252188591417 6.2588409095197077 3.8403241140839155
4544 -4.3912432635687777 6.5522396555932207 3.4888110301789661
4545 -4.0805883120014252 6.7489525667950812 3.4324352829409963
4546 -3.663723433810036 7.3974109514845514 2.7317231466440504
4547 -5.1050214929614661 7.669868311819104 3.3225288669111932
4548 -6.2713712157811683 7.2846776753904994 3.5127289857780961
4549 -7.3768768577336257 6.7181636728225076 3.8438129255345044
4550 -8.1213488308484152 5.9690516110180392 4.2387539311482394
4551 -8.4148950999586205 4.95370847980164 4.8119084317546665
4552 -8.1217092883547561 4.3536880071893886 5.4325859381394404
4553 -7.6228594141892785 4.2321058895554096 6.215463777738452
4554 -7.2619623144225844 4.3969560224261048 6.9073120807185342
4555 -6.8375068513939601 4.628316859025503 6.9024009695719117
4556 -6.5414764809075638 4.6772630106192095 6.7865398637638989
4557 -6.6835590598893102 4.6149734254860366 7.3797499776246669
4558 -7.107355137046822 6.6522901524539408 7.4342347338303449
4559 -8.5039771729883586 9.1078361554968019 7.1726206060502218
4560 -8.2916660047883504 11.40022806262396 6.5360637790178426
4561 -9.5553770848996447 11.162666013369902 7.4472375728790983
4562 -9.3961725352605541 11.855584984343796 7.8030476816250944
4563 -9.5051813975028114 13.442501077211794 7.3627497923586498
4564 -8.7057809228712024 13.798598399416903 6.0310555250594051
4565 -9.86174912603569 13.836162483346985 5.8857413532922624
4566 -11.161064183016595 13.601917553510475 4.9645382331432426
4567 -11.286986240449563 13.463337506162068 4.4526784682289167
4568 -11.585266765636749 12.365253321875166 4.5186748546733595
4569 -11.529985984711237 11.707327972060286 5.1203567612289502
4570 -11.91684549096191 11.643960076889215 4.9287955085241828
4571 -12.07236445364429 10.971206372597647 4.5374267066063521
4572 -11.794409505170242 10.186878841355304 5.2005919611859994
4573 -11.092485116698647 9.6974725328014753 5.9386223172617481
4574 -10.371776310947388 9.7336186216606499 6.5732762322653517
4575 -9.7784597408317762 10.211269628486058 7.2872499608423666
4576 -9.619247475641453 10.866719673432717 7.901336778281066
4577 -9.9102146060136018 11.559704450367523 8.5949751582929075
4578 -10.496485668239025 11.902749153943994 9.20923709449632
4579 -11.247958856150897 11.809232149245554 9.9200435624602878
4580 -11.708724517451392 11.610188883551894 9.7894147507593559
4581 -11.707641066214933 11.609585590913497 9.7879780951904927
4582 -12.198766134190446 11.517429433785617 9.5505852886281719
4583 -12.380539762838509 11.515839359875098 9.5211835873456341
4584 -12.368019875438033 11.589003808835617 9.3371912877530363
4585 -12.271015378552024 11.6979268232972 9.0284190507108555
4586 -12.039721372396468 11.663245205747335 8.9428643979398288
4587 -11.798294209509059 11.594559440634225 8.8759700544384135
4588 -11.508333384312817 11.558847099795736 8.6560419509474258
4589 -11.278848577856397 11.455265373675251 8.4955684590112988
4590 -11.165357051278907 11.355441336956261 8.4769103561966972
4591 -11.052051168041318 11.220321985595827 8.6171021100512757
4592 -10.849247274825041 11.294137684561408 8.3619195961501163
4593 -10.845507952765033 11.293609893313841 8.3602922274314153
4594 -11.010010666099879 11.835341358952839 8.1135404971023366
4595 -11.178523732180416 12.752842745185317 7.6885053769928628
4596 -11.118565372061306 13.721553404459799 7.471970095430585
4597 -10.883151572168389 14.862166409963244 7.3878982032053377
4598 -10.589064575367962 15.879147619602973 7.4361868425527629
4599 -10.125884521127308 17.212012023600323 7.3679539253298731
4600 -9.7682331256239259 18.392549338378213 7.3247680880231378
4601 -9.3351252741264705 19.681549206729994 7.3024948525475724
4602 -8.8318842534232065 20.710987350206317 7.1992620356344137
4603 -8.2948868928658825 21.543412551753253 7.1494906454312259
4604 -7.8731427719588831 22.049274166613746 7.0092853544717091
4605 -7.515320113115382 22.24496371320264 6.8575075237047978
4606 -7.5213583966359465 22.247562600466786 6.85444926577894
4607 -7.1699616326856095 22.257198642159079 6.6651648774899277
4608 -7.1762720307201739 22.259226847889579 6.6619350030911262
4609 -6.9038730040860408 22.158903961244256 6.5527889741248346
4610 -6.4614891208382579 21.938450220288058 6.0973296907433276
4611 -5.7431254727483605 21.841549056190502 5.8650866856452062
4612 -5.1337587838365151 21.946010729608023 7.2888644052916289
4613 -4.9111853468551576 22.576982784204652 7.5419515798482939
4614 -4.9114088381750927 22.576921822974583 7.5445352162824726
4615 -4.8352819473543462 23.330435165767597 7.7941173144696076
4616 -4.9120722381366306 24.002640331074584 7.9921000753563964
4617 -5.1333443000804717 24.718362573287994 8.1831597104481055
4618 -5.43843524697383 25.317403083803782 8.329359593650409
4619 -5.8867497761685339 25.948678956268914 8.4707840362118212
4620 -6.4314028020536327 26.525531425120715 8.5857124701889873
4621 -6.9916108828716172 26.995566022700554 8.6709382120631826
4622 -7.6913175141404881 27.476002427679447 8.749269529168096
4623 -8.3794866259511416 27.861020395717208 8.8051868004315299
4624 -9.2175229437409634 28.251247460514886 8.8601046034615916
4625 -10.014616418635676 28.551276207642466 8.9061087746893595
4626 -10.955698365226052 28.83726377702007 8.9578744788551568
4627 -11.804032422351016 29.034035422627717 8.9988616258946124
4628 -12.751416073646965 29.193524473896829 9.1008702042936189
4629 -12.751824496013253 29.193385266828955 9.1020067054153095
4630 -13.599658692927926 29.245365714770589 9.1953793812147691
4631 -14.538839556924035 29.215470003822819 9.301357856491185
4632 -15.455377859606541 29.09593901977296 9.4070736168335269
4633 -16.254406158251122 28.916720680196669 9.5020496430120449
4634 -17.123961214585226 28.644161513673804 9.6080927669057239
4635 -17.86694026509327 28.341066792626624 9.7017457055382135
4636 -18.663735615064802 27.940694942235062 9.8086735282993391
4637 -19.336969125831168 27.530377556579122 9.9055071798611518
4638 -20.046903615996591 27.014980141157913 10.014435085427388
4639 -20.624730121147199 26.518526819160606 10.10740581985845
4640 -21.219358206695137 25.921494341037238 10.204753384625342
4641 -21.700434224382338 25.360682572861535 10.283734506895446
4642 -22.188154527358595 24.708174635086131 10.362847165974294
4643 -22.628284763023629 24.032945801633218 10.432267728927997
4644 -22.986953588634929 23.412556081308718 10.484802707299425
4645 -23.361336142011631 22.695132657025063 10.53060103291936
4646 -23.674153323745582 22.042738307347943 10.560183961168885
4647 -24.009232038283351 21.300660056254276 10.58200783277973
4648 -24.298681972102667 20.632152048731555 10.593425293199061
4649 -24.616381374815166 19.880024819640656 10.60073615374862
4650 -24.896997426004962 19.205170602175027 10.603643624970809
4651 -25.214963576806912 18.440329441933692 10.599905448597024
4652 -25.501038628256715 17.762036961445393 10.591145953744167
4653 -25.830890684618765 16.995676378192879 10.583612662285644
4654 -26.162654536708303 16.233833542493478 10.582382690528927
4655 -26.454754030271069 15.563526606966821 10.584866848448774
4656 -26.773735168355575 14.824900480457973 10.592127330415719
4657 -27.042989458982102 14.189769514251584 10.601105941636286
4658 -27.330447256907551 13.493851214421309 10.613401282130406
4659 -27.571150848309404 12.891765403486106 10.626325368263267
4660 -27.826087432963053 12.229124002018052 10.642393617457914
4661 -28.043195546458207 11.640562794073574 10.656893273367668
4662 -28.282206400046256 10.966997176374202 10.67077294191456
4663 -28.492308058998336 10.35670250654511 10.679203372936241
4664 -28.727429964210025 9.6608559642240905 10.686306136394881
4665 -28.966320008765923 8.9460707053691984 10.691508717370521
4666 -29.18287605674945 8.2970458298212542 10.693760109913162
4667 -29.433043645255776 7.5534555760172983 10.692825626544378
4668 -29.661223518068855 6.885933124434513 10.689156407164425
4669 -29.930230838681609 6.1184523425240656 10.680527564857693
4670 -30.18154859068574 5.4256314411601663 10.667175695823353
4671 -30.181698509995979 5.4251660808291087 10.667171158968371
4672 -30.472823768185975 4.6540597582582821 10.643228924454604
4673 -30.74843411051441 3.9669483907526994 10.616657556998478
4674 -31.083697665429483 3.1885731043119279 10.581247472680017
4675 -31.405436664930946 2.4954989819979718 10.545811190845127
4676 -31.802427438623688 1.7073569006146434 10.501385849176582
4677 -32.236678714615401 0.9201185231730491 10.450348009648126
4678 -32.66124657657609 0.21847292437463922 10.395690534945397
4679 -33.186739808853062 -0.56452341833860342 10.328588940453905
4680 -33.697289757263853 -1.2533539381562042 10.272311621622823
4681 -34.316656308846426 -2.0174521918955448 10.218057268371854
4682 -34.895726492013196 -2.6764543498980458 10.180475511050417
4683 -35.564899906015683 -3.3843914677227982 10.148718148614508
4684 -36.17369838036376 -3.982898781309959 10.127757265243158
4685 -36.858305580745579 -4.6117960129945414 10.110056631528117
4686 -37.459638819948111 -5.1278755729700203 10.099509796293836
4687 -38.120933132661186 -5.6627635308374487 10.089216872004616
4688 -38.801150893324838 -6.1836887250448198 10.100713508544722
4689 -38.801374947268272 -6.1842981281158158 10.100769193005066
4690 -39.402141996425378 -6.6441600766327857 10.082532012467661
4691 -40.092042379356137 -7.1326290611025502 10.030106415466211
4692 -40.636366890595198 -7.5829019152870716 10.241541185022754
4693 -41.166964121197637 -8.2242120299800927 10.436839737768731
4694 -41.574236722109909 -8.9031191538608727 10.580832000209931
4695 -41.976360826124107 -9.7656257851139365 10.710870481219633
4696 -42.560493595828802 -10.597713630093564 10.409384190600502
4697 -43.451838264870389 -11.312093865727793 10.073772939001346
4698 -44.369563732000657 -11.682423143437985 9.7692041979124991
4699 -45.42490469092904 -11.773044840297349 9.3943634316361173
4700 -46.360641387658205 -11.508439675452429 8.967492339964517
4701 -46.957074897055797 -11.03379180052762 8.5461141442942736
4702 -47.279532040574232 -10.367143918078876 8.0322870043487278
4703 -47.562763256912191 -9.5249248359489211 8.4649760616916527
4704 -47.564376351125965 -9.5235977258992328 8.4680995827244079
4705 -48.245571656694466 -8.7698495307964528 8.8705330247242671
4706 -49.044290048348024 -8.3846845627869975 9.2110357280381248
4707 -49.98445843103098 -8.3232487547061318 9.6406833082648742
4708 -50.476947201741133 -8.4878974323556129 9.8680925194436462
4709 -50.826793555933669 -8.762921520830341 10.276951894553747
4710 -50.990748602195211 -8.9454717112376745 10.402636791995363
4711 -51.13084044785078 -9.1132231502122671 10.615563030078789
4712 -51.390172173247933 -9.78031423461643 10.523923894785321
4713 -51.682371936968437 -10.353995575780358 10.468502466363056
4714 -52.065637659207681 -10.983040467833742 10.424342132313297
4715 -52.452335611751572 -11.52861150306676 10.393947319910927
4716 -52.452860811289398 -11.529017143435132 10.39359164189775
4717 -52.939944504570576 -12.132112938626598 10.354124370003309
4718 -53.421947572617839 -12.656235422643611 10.314460989146532
4719 -54.014799256368939 -13.229926365470202 10.263322133537748
4720 -54.577010539132303 -13.715865069907441 10.210958538815659
4721 -55.236850090552771 -14.230151953584663 10.144835547071496
4722 -55.846462538579303 -14.660532649146621 10.081654610749421
4723 -56.549341428757167 -15.109444054300344 10.007512037891235
4724 -57.267629337882354 -15.519000249678792 9.9296757283847334
4725 -57.930771591028069 -15.85467842671375 9.8570754164132346
4726 -58.703889355286528 -16.195877980301894 9.773759216723878
4727 -59.424502885669767 -16.47172399974513 9.6997037929077337
4728 -60.282372019203635 -16.753777724019738 9.6177922200257857
4729 -61.078278851956298 -16.97918130586466 9.5461549808114352
4730 -62.025872760211612 -17.205747946049055 9.464729869180271
4731 -62.90732136960716 -17.377846674267662 9.390002577547202
4732 -63.933118984065381 -17.522502627519145 9.2974360456130967
4733 -64.874761373214696 -17.587119412359581 9.2049226521211054
4734 -65.953627798868951 -17.562209053196042 9.086792670222902
4735 -67.031495956499825 -17.399513753087085 8.9495048372811556
4736 -67.933542053894698 -17.116496105816843 8.8094962664557741
4737 -68.864496914647773 -16.630233760711739 8.6238107059132076
4738 -69.548562397460387 -16.044878023307319 8.4272281274104976
4739 -70.099923598602686 -15.243352244241931 8.1651933033944992
4740 -70.319784077535246 -14.47068845854173 7.8917330483625063
4741 -70.248770100550487 -13.627716247798645 7.5362267361005637
4742 -69.926022692176062 -13.043143740091667 7.1792477944214506
4743 -69.451203428062627 -12.514516633528594 7.0913731643605846
4744 -69.45182444271191 -12.514438088913444 7.0905550866408804
4745 -68.973943060367773 -12.092733297271764 6.9529430609471374
4746 -68.378209529871739 -11.658773249162799 6.8847921081229861
4747 -67.731619347053496 -11.240529952735058 6.8268556001724354
4748 -67.133316743989752 -10.901552491021492 6.7659520026490041
4749 -66.467349518381454 -10.585240950010796 6.7211193714299835
4750 -65.896410711383055 -10.396646104284411 6.600373506809567
4751 -65.130722784250196 -10.410080175760468 6.0448855129424146
4752 -64.560065076805543 -10.752948788068984 5.5504401649724757
4753 -64.653621074832074 -11.094016347810932 5.1012483405559035
4754 -64.656219467629597 -11.093668153551448 5.0987625327683608
4755 -64.901890396668449 -11.179514249082185 4.818001284788183
4756 -65.189294830090915 -11.226629322575345 4.5379827490379014
4757 -65.426430762176665 -11.413425035408983 4.3140508290210287
4758 -65.805920314809271 -11.837198137974005 4.0547533645601348
4759 -66.416689294117091 -12.462981722092788 3.8292110079986719
4760 -67.141996516367882 -13.030173798741808 3.6967665349197731
4761 -67.15811168500376 -15.546342167198731 8.1977733146052092
4762 -67.735240845238081 -14.291249464857275 8.1907578475899001
4763 -67.739455885271866 -14.291408658550584 8.1894483040070352
4764 -67.798272724750049 -10.573671575721029 3.6944739691276629
4765 -67.62942657822525 -13.443606343016047 7.8216328411457834
4766 -68.865774024236401 -9.4887221354358537 5.5900613645186743
4767 -68.834209920368451 -11.594005749293903 3.0090673430548565
4768 -70.184322300619399 -11.888050367128695 3.1437903864132846
4769 -71.291431806197295 -12.172120981325612 3.2282831755644921
4770 -72.470571579883881 -12.509465727931046 3.290825342902878
4771 -73.45267600932668 -12.779158604365168 3.3246263158327367
4772 -74.485188397111628 -13.030537780815788 3.3437472654312508
4773 -75.439672080400527 -13.238019167621038 3.3617262765560199
4774 -76.222346807121511 -13.403327739845993 3.3756687128351586
4775 -77.066759140985297 -13.587036249258279 3.3760887815462444
4776 -77.796273817977209 -13.749740381650511 3.371896020012489
4777 -78.608324822119215 -13.930145246796872 3.363763326694873
4778 -79.329343172305073 -14.08767953332632 3.3553232938518995
4779 -80.146294348577513 -14.270015254355325 3.3688822929763513
4780 -80.868329799614969 -14.451950440750798 3.4071468481204787
4781 -81.665999460557018 -14.700150655157175 3.4742936207115558
4782 -82.34497677427359 -14.970292698080767 3.5570141078305952
4783 -83.079960768913892 -15.357410006924935 3.675703495037784
4784 -83.760466762802352 -15.841861337109968 3.8101581031366507
4785 -84.305903572749159 -16.357551063476272 3.9392887875852964
4786 -84.85323959914588 -17.054947781416367 4.1039516539227989
4787 -85.263263194996654 -17.786220464727634 4.2655429161886413
4788 -85.580500882018171 -18.747117541154402 4.5292451954860011
4789 -85.580074252167407 -18.747075153643593 4.5307278979306203
4790 -85.677619452573268 -19.657199183418413 4.7364692302129443
4791 -85.99401745659334 -20.743648105237046 4.2614698343433943
4792 -86.27934724587557 -21.55931461438362 4.5283560537369851
4793 -86.279741183965328 -21.559174216727826 4.5304027704288883
4794 -86.287081823781079 -22.452249484805726 4.8866506185493046
4795 -85.97612562707576 -23.236736042182514 5.2765012049959905
4796 -85.97636089354485 -23.236593095543832 5.279262027152658
4797 -85.629659260923944 -23.716503070676225 5.3142233160815602
4798 -85.629754518808468 -23.715912424647939 5.3144694576489071
4799 -85.095762197758248 -24.407092372146579 5.455529830365009
4800 -84.537334301735996 -24.956107426299184 5.58132810454733
4801 -83.798307853855931 -25.512701924756914 5.7223093383876718
4802 -83.041436249875773 -25.94493032063491 5.8431696144400744
4803 -82.08544495465928 -26.352923373659834 5.9721632397426188
4804 -81.154798005252772 -26.641231511280228 6.0812851782166417
4805 -80.009676849230814 -26.897961820551426 6.18863570535623
4806 -78.893011665527524 -27.099351348425209 6.2552180050360313
4807 -77.444619741913328 -27.429187533135888 6.3347050415754493
4808 -75.976528981772589 -27.578252570918714 6.4334964366009046
4809 -74.702628052428068 -27.529426566479561 6.5433471972505979
4810 -73.351826205601284 -27.261612010551094 6.6934610801063483
4811 -72.298011861919292 -26.825447360205491 6.8560883768248608
4812 -71.310137666802106 -26.125648546497928 7.0857154577930856
4813 -70.673608263818508 -25.341184797730719 7.3390526042774322
4814 -70.283333703649006 -24.331593108776723 7.6784304324587049
4815 -70.286522194736961 -23.432781519607286 8.034309834704235
4816 -70.689164692802663 -22.54440599314357 8.4875955791637558
4817 -71.327114395315277 -22.013440949351484 8.9093671165204036
4818 -72.242777808789995 -21.781391414347372 9.382986577706653
4819 -73.08545429826674 -21.92917176199748 9.7775399029719487
4820 -73.884682929194696 -22.225166438041388 9.729434608118865
4821 -73.884207739205337 -22.225469089657782 9.7289966329129776
4822 -74.724199930631897 -22.517171478396691 9.7246106034738045
4823 -75.481501547872895 -22.770115530140259 9.692077126308936
4824 -76.292177741947668 -22.749717488079323 9.0553907787192784
4825 -76.790964622714 -22.33954130836462 8.4338928256830314
4826 -77.229735893354203 -21.664620248930664 8.3856207197336765
4827 -77.228799458261008 -21.664716175353568 8.3857006857293044
4828 -77.533715114534232 -21.09358336405251 8.2533931389310329
4829 -77.561212197025625 -20.426789919766943 7.6355394164890216
4830 -77.179213510558668 -19.527174576702645 7.3142209447630453
4831 -76.337454663639079 -18.515122537690807 7.1863897931594369
4832 -75.458858619898649 -17.629481604678478 7.249425223305396
4833 -74.633606417326476 -16.529563391907814 7.5063960127270581
4834 -74.25537042495796 -15.675245266102394 7.388265045672
4835 -73.789535303029027 -14.987275049391767 7.1494269676157947
4836 -73.788325648138823 -14.988538622511511 7.1484349902233131
4837 -73.009643164451717 -14.214327190617471 7.1054136265619903
4838 -72.323760299892172 -13.413332487328198 7.4343688336118081
4839 -72.322634602528439 -13.414568345285817 7.4373610889155177
4840 -71.829032373725724 -12.506368851983696 7.3693577319676606
4841 -71.395193967817974 -11.584605107966452 7.6905107638243857
4842 -71.267162330981662 -10.617543023433171 7.8125674847584534
4843 -71.400668168155008 -9.8197370241619488 8.1880520446239515
4844 -71.756173943857377 -8.9007430589935232 8.331657217606006
4845 -72.208583289216719 -8.2080860594593759 8.5541371954565459
4846 -73.391018574742063 -7.5839461463943856 9.921717847413797
4847 -73.752801298233024 -7.724019157065217 9.3150679568901733
4848 -74.210162914415363 -7.6277058526072725 8.8201098061701817
4849 -74.208616572533487 -7.6274828767449847 8.8169432591628976
4850 -74.779100174435698 -7.0740722675257226 8.4063375885898459
4851 -75.136560238163867 -6.1292835986919592 8.2640964943463473
4852 -75.80145515478965 -4.9216495039721115 9.0895971916954483
4853 -76.809629430958836 -4.8665166119406091 9.8699300339034242
4854 -77.613061480946712 -5.6497080235838393 10.7406141310418
4855 -77.610265982665013 -6.6547286738948124 11.492498572406268
4856 -77.511970492290104 -7.6032933028776029 10.687922158881378
4857 -77.512555524506325 -7.6036455421811313 10.683794368998464
4858 -78.215942571414274 -8.5407037437639666 9.9809158748063265
4859 -79.649414954989538 -8.9443063664674636 9.4492934225729748
4860 -80.861914811689502 -8.7018912310388536 9.0702166252105272
4861 -81.497955733468999 -8.4625109285608602 8.9764485009293207
4862 -81.975200861657072 -8.0646462583844229 8.438974308079974
4863 -82.310631548367226 -7.7933417247691938 8.3680690872527155
4864 -82.783093605011999 -7.364145749452276 8.2258076844253836
4865 -82.531243591556461 -6.2817300441139023 7.9026656054271092
4866 -82.382750145116106 -5.4607081051191626 7.5939928284075773
4867 -82.185802980995135 -4.9308054530603096 7.3650777069677398
4868 -82.332284510430284 -4.1335437344726467 8.9299212112539088
4869 -82.330969114151898 -4.134942453475678 8.9427145395757766
4870 -82.709023301666306 -4.3933442040838599 10.332385491624603
4871 -82.800377458177351 -5.1846307640879319 11.754241033401295
4872 -82.274055599725614 -5.9889583141074647 11.326098591396303
4873 -82.154597872687546 -6.8975654041322105 11.013135565040063
4874 -82.347715267022494 -7.8878466231858093 10.668343679961184
4875 -82.757789681824377 -8.7778803016666522 10.479741730072464
4876 -83.122484487789535 -9.3690788085673127 10.419490130538668
4877 -83.120636862179651 -9.3715206434430929 10.418457909202299
4878 -83.466294630970367 -9.8593804161657186 10.356251560580834
4879 -83.903490133688308 -10.320854939148342 10.074445718398993
4880 -84.23699935403954 -10.464981724060605 9.6241795210756358
4881 -84.292249897565952 -10.333751162549644 8.919594492884233
4882 -84.129289098185438 -10.418357866988277 8.6896224639188748
4883 -84.031029420663401 -10.545723503161108 8.6096157469739492
4884 -84.429614216975367 -10.55383200320084 9.8434999181414895
4885 -84.820232259254851 -10.947413050329677 10.877154384713261
4886 -84.895266546705898 -11.303231317916216 10.695576138268045
4887 -84.894702337601942 -11.302830329922717 10.69379678867457
4888 -85.011655033439283 -11.594152475998744 10.532321899040545
4889 -85.187246586476306 -11.879838119157551 10.363754766034399
4890 -85.370852547601558 -12.096816353321799 10.2251389964576
4891 -85.597615964478024 -12.29735724873593 10.076638261822634
4892 -85.810152598296554 -12.440275820404228 9.9487057068269653
4893 -86.064717938913972 -12.565772553456902 9.8058569129832645
4894 -86.308053128635052 -12.647647594237498 9.6688149120480382
4895 -86.598378273546587 -12.698299305815837 9.4978593033684007
4896 -86.879156023910923 -12.675396972537941 9.1795061634620136
4897 -87.153611976005962 -12.567926798097174 8.9096058147146557
4898 -87.49359644556155 -12.377871428433382 8.9267918190965005
4899 -87.799672154187988 -12.21473157170794 8.9442870758465336
4900 -88.063853989940952 -11.993942262385415 8.533605013739658
4901 -88.06321735545454 -11.99378559313246 8.5299565390725292
4902 -88.224439279820629 -11.69826895125107 8.1782849954287276
4903 -88.281403349191933 -11.290739063823997 7.8072366050692885
4904 -88.202371860353651 -10.908116221464404 7.5012128619324931
4905 -87.977874863616634 -10.513699679855424 7.1861911390876809
4906 -87.74019473557496 -10.242418871094172 7.101456354773835
4907 -87.460142342264575 -9.9728230348699878 7.0141181382679036
4908 -87.173728983705701 -9.7394961219588616 6.9341743976874479
4909 -86.915076369246137 -9.5580498756408527 6.8692380878353161
4910 -86.616632849274012 -9.3766360081914151 6.8017505251049055
4911 -86.330435937629289 -9.2265426735524745 6.7419787567205747
4912 -85.97244216968474 -9.0671505005679673 6.6721226516270784
4913 -85.625137521408448 -8.9393364912077988 6.6085682407410129
4914 -85.205715121585186 -8.8163677991515019 6.5363913210048086
4915 -84.801969010382621 -8.7272799496458209 6.4721462124351827
4916 -84.317697220953136 -8.6544213706134805 6.3998010308487325
4917 -83.86124925729311 -8.6171472044137918 6.3357531432812397
4918 -83.319077946561123 -8.6095351290145192 6.2640710412067619
4919 -82.750761102108797 -8.6418938191766266 6.1930248028786217
4920 -82.224121169137959 -8.7057133001104212 6.1358142381217826
4921 -81.615268675593498 -8.8134593616285279 6.0828556869669681
4922 -81.061521475992606 -8.938237608947567 6.0422026433440577
4923 -80.431908377228609 -9.1073720471386181 6.0007180704233098
4924 -79.874020289413934 -9.278339038606978 5.9721692446527035
4925 -79.251249419169682 -9.4874383378726712 5.9475632790144672
4926 -78.693108433266929 -9.6890925076412824 5.9267474920511756
4927 -78.070036882075314 -9.9294125422031279 5.9048818889015475
4928 -77.524686952620826 -10.15248081304512 5.8867208241701068
4929 -76.92645451746732 -10.41104362878324 5.8656584037783652
4930 -76.333279817882996 -10.683154891632027 5.8426475076083584
4931 -75.813721248364942 -10.936314386938175 5.8194246638543712
4932 -75.250775382780589 -11.229221147164614 5.7900522436634656
4933 -74.763379056383144 -11.501101799201592 5.7614463522806032
4934 -74.225524462395299 -11.823886310067129 5.7264629592848317
4935 -73.764945462071537 -12.121949117203011 5.6934419155409444
4936 -73.256990401957282 -12.477501944789967 5.6530751190211808
4937 -72.814519198487687 -12.814316342749406 5.6129038272184095
4938 -72.335681755990279 -13.212683993483745 5.5655460815150084
4939 -71.926364669528695 -13.586777540190957 5.519154405637142
4940 -71.495048929248981 -14.023229231041837 5.4630225937374579
4941 -71.090722808325779 -14.48378097392429 5.4004705220187414
4942 -70.759381435775623 -14.911350486884398 5.3402195308438092
4943 -70.425538794041898 -15.40684446076618 5.2667576805442682
4944 -70.165762906158719 -15.859895271715029 5.1950793869241121
4945 -69.915436708835571 -16.38982224830983 5.1070310368018914
4946 -69.737262125122299 -16.870782876797055 5.0216857078508497
4947 -69.590725642202983 -17.420970753975059 4.9172990846897173
4948 -69.511673603015424 -17.919178375594083 4.8160514804465144
4949 -69.485890334870916 -18.484121818101496 4.6936976892271796
4950 -69.522753268016359 -18.981035415049281 4.5773029838228974
4951 -69.636148628330147 -19.529445208713227 4.4345984147315747
4952 -69.830350231616109 -20.055802390899252 4.2794978517808326
4953 -70.069525139336022 -20.486710548933647 4.1301781620971809
4954 -70.412305787147986 -20.917602621296382 3.9511617347325507
4955 -70.775449561808728 -21.237669064934604 3.7804632468425226
4956 -71.239129944223123 -21.511688481019561 3.5775463815410538
4957 -71.68304645986197 -21.667264549324276 3.3900508630557624
4958 -72.202502297219866 -21.736381116523912 3.172497391088053
4959 -72.658558163211197 -21.701556132893227 2.9755380630800095
4960 -73.144090090580406 -21.557577573229167 2.7525438279997263
4961 -73.512115602321231 -21.357781026681781 2.5799433436717267
4962 -73.511809538667592 -21.358074664219131 2.5783194746430538
4963 -73.860490147889223 -21.086544723938005 2.4377766327274477
4964 -74.156651082427203 -20.778187710720182 2.2914414039763686
4965 -74.385328757717559 -20.463106232296859 2.1488821526348527
4966 -74.575674260430176 -20.015365340125324 1.8130700352350249
4967 -74.622734696456746 -19.572381656227318 1.5360890632287996
4968 -74.534877081354196 -19.065413045865604 1.2504359736638355
4969 -74.459639436948052 -18.652539715766842 1.5289845686076622
4970 -74.459426704804414 -18.652756789588075 1.532779398476968
4971 -74.51794654938864 -18.207318083352078 1.8495671345799642
4972 -74.682649463392011 -17.857142015674697 2.1371955388370845
4973 -74.970981715100223 -17.550049017451638 2.4615614327785096
4974 -75.287592612875471 -17.374040638042334 2.7480354575706274
4975 -75.681511752100803 -17.292483788127228 3.0633114206551113
4976 -76.084891586130055 -17.333401177854494 3.369034684999396
4977 -76.423987790293083 -17.468468217576799 3.63334513173597
4978 -76.753023322775391 -17.713812163753413 3.9097041446433272
4979 -76.986643658597771 -18.001541658689192 4.1453095918258782
4980 -77.173039389701216 -18.387993042591667 4.3953119218900225
4981 -77.259929483177558 -18.767604405209081 4.6066682014764728
4982 -77.265576587451093 -19.22489618747635 4.8352017584955895
4983 -77.202951630789556 -19.663006482716444 4.9244850004271283
4984 -77.203114539731843 -19.66339310287783 4.9259014039979903
4985 -77.149940210894755 -20.116462119797873 4.7325687845832674
4986 -77.149817154231968 -20.116564827947141 4.730061582813943
4987 -77.163805677579958 -20.5747596153467 4.6636698252038107
4988 -77.225499299211648 -21.115842005546583 4.5915233131109252
4989 -77.339238349556553 -21.673062110028116 4.516263466743661
4990 -77.488228500241931 -22.177107922132617 4.4454228420825359
4991 -77.71178166742807 -22.744537218927906 4.3566617402990158
4992 -77.96374448513663 -23.242463138046027 4.2700520512000528
4993 -78.303748411235546 -23.782938694455815 4.1631065007999499
4994 -78.658250330809366 -24.23683473777379 4.0555671698431279
4995 -79.10344882505639 -24.69568014431238 3.9198397819627169
4996 -79.544448600252792 -25.052403116537263 3.7858214134030961
4997 -80.087977525794486 -25.383142401265598 3.6234129050940664
4998 -80.735114153989628 -25.641190725059193 3.4320154522884283
4999 -81.517871152651765 -25.76688442932668 3.2190500574948393
5000 -82.313507005694646 -25.705152332260575 2.9834362479550598
5001 -82.965825655815578 -25.490883111413424 2.7451987347656326
5002 -83.58847515004625 -25.084989102649391 2.4374028865079476
5003 -83.986342200894953 -24.605400184012723 2.118276692149017
5004 -84.200793142562617 -23.995794909881447 1.6979083036965119
5005 -84.161068461358738 -23.497901332707212 1.2723952708406205
5006 -83.980581541215841 -23.107661786275557 0.9593387263042128
5007 -83.723424227555654 -22.836557366666455 0.66369217579267969
5008 -83.350292470809123 -22.64662664628267 0.33243369599794675
5009 -82.962512480723277 -22.580727277265243 0.051957900104532689
5010 -82.487193103190236 -22.63330922595874 -0.23106847174312017
5011 -82.064477994539317 -22.731741288572032 -0.27685445788123114
5012 -81.66407689696284 -22.815958683912552 -0.223222282108996
5013 -81.199014603180316 -22.844778954671227 -0.051250242470581797
5014 -80.811543303613789 -22.802968297370196 0.046421521921117759
5015 -80.306137917096521 -22.668303151235829 0.245291953349356
5016 -79.783902426898067 -22.436278440872851 0.50776138230313295
5017 -79.103967652188558 -22.002852652288816 0.896967057997891
5018 -78.140350284611941 -21.541799922042276 1.344857942158139
5019 -76.849083711724333 -21.089253176046704 1.1981248761920522
5020 -75.848046692749691 -20.663074541465729 1.0598642681170132
5021 -74.844151695044189 -20.198283982274916 0.90306136439850304
5022 -73.930542927993571 -19.76989421006137 0.7399856728109574
5023 -73.177977589416557 -19.441128400680988 0.60038993871812618
5024 -72.360161302352637 -19.138418897710018 0.45173763897104552
5025 -71.648681389914969 -18.933238429490896 0.33055254900314013
5026 -70.845707813893881 -18.774729145487893 0.20149171209611066
5027 -70.299215685485194 -18.558063209840689 0.53987177857912694
5028 -69.820302576171017 -18.096159664997423 0.95731419114977512
5029 -69.589744251699614 -17.550653279304942 1.329924536005153
5030 -69.526275993569925 -16.830620609868866 1.7197279235562688
5031 -69.679999071211839 -16.155812010960993 2.0683334233580473
5032 -70.038437321874099 -15.287978232098897 2.4753569889355451
5033 -70.658210871958161 -14.387962938934852 2.9090055344083394
5034 -71.448395595419854 -13.585155461545572 3.3194101794375053
5035 -72.39512036650919 -12.459703288369209 3.2872642143573736
5036 -73.276564788121107 -11.553823379861925 3.2899262065240382
5037 -74.337580832507854 -10.688372150035351 3.3264727606438691
5038 -75.345451845367961 -10.168096238831502 3.4037813734506521
5039 -76.470602153335989 -9.9437181213181276 3.5477566944020134
5040 -77.331108996326563 -10.099554827788451 3.7312351832497637
5041 -78.014417824958315 -10.564453220696963 4.0026451056986438
5042 -78.27216155575401 -11.052703992818584 4.2813878576758491
5043 -78.333278267534155 -11.550399073466476 4.6091789475299709
5044 -78.32336171457213 -12.297923955122169 4.8421285978646242
5045 -78.191201362757738 -12.983522321753565 4.974942891084539
5046 -77.951953805686998 -13.752001326028818 5.0498909461741954
5047 -77.94199944423606 -13.814547828192961 5.2358976866353482
5048 -77.887046966386023 -13.970177443528767 5.2970267183556343
5049 -78.073346919084514 -13.737051584735609 5.6873212684926653
5050 -77.956222141868963 -13.762592894173473 5.9986728675585459
5051 -77.503726083680647 -13.902654881568084 5.9748542331913299
5052 -77.013782102598782 -14.180891772904401 5.5968093794329743
5053 -77.296773711631985 -14.125408224269364 5.6293370798655467
5054 -77.746882624036971 -13.824613325369024 5.9423280381493946
5055 -77.676083351050309 -13.992798365075206 5.7391087674225272
5056 -78.583305896048628 -13.521216204294738 5.5826735715953095
5057 -78.823327003523787 -13.88231704281317 5.5331754245773936
5058 -78.997950576969416 -14.119064642531425 6.2469663355430516
5059 -77.745941131231461 -13.715368573597498 6.3219417933196098
5060 -76.314037350976449 -13.177013627714816 5.734943838723189
5061 -75.80359749778026 -13.538473506613885 5.9512219140649272
5062 -74.854740640275466 -13.65175984807439 5.613896645044159
5063 -73.849675155566402 -13.930078105225947 5.7524773210677909
5064 -73.001174707284761 -14.128988798785748 5.8773976996928496
5065 -72.09928476482267 -14.286426371587748 6.0162539612032839
5066 -71.250274796568078 -14.368224053970856 6.1565199636355157
5067 -70.529127855202304 -14.372682979974124 6.2799737244035576
5068 -69.74293812890582 -14.29863885317841 6.4119665868744073
5069 -69.060509842808642 -14.163066485128084 6.5225066152818085
5070 -68.312658908980168 -13.937672795397541 6.6361316372639871
5071 -67.661120441419541 -13.675607803491076 6.7277691727202829
5072 -66.941132446790718 -13.316535743917823 6.8208434226354067
5073 -66.316227826679452 -12.948932140947791 6.8896428147128228
5074 -65.621170721737244 -12.485574506296631 6.9527901923433335
5075 -65.012083663733748 -12.03784066831982 6.9959479054201648
5076 -64.343124279298806 -11.509534621759272 7.0306256376739578
5077 -63.692029046937897 -10.963161420626294 7.0508285730477693
5078 -63.123673711619162 -10.471548154833089 7.052486434811688
5079 -62.493804406488586 -9.9266672072443818 7.0362886960498559
5080 -61.936332714521761 -9.4573771681425143 7.0093249472681975
5081 -61.304625822456373 -8.953029711611924 6.9688298583613344
5082 -60.737920621621171 -8.5310525489928946 6.9238659448949038
5083 -60.084585935121176 -8.0881089823513737 6.8641510166670647
5084 -59.487546886410392 -7.725720797437285 6.805243732801511
5085 -58.800015552719856 -7.3590750916169263 6.7352752837413545
5086 -58.168894130022402 -7.0672025531945142 6.6757549355949193
5087 -57.441585455401238 -6.7747634137745747 6.6188195668370833
5088 -56.698566758972035 -6.5160161800412979 6.5702405383775009
5089 -56.028937041479999 -6.3133929125923478 6.531052365277036
5090 -55.276417395713651 -6.1138228054134398 6.4980672744570498
5091 -54.60980985518983 -5.955964505764161 6.4776511938304386
5092 -53.866646606825562 -5.7939314749515258 6.463104167943464
5093 -53.216962302723978 -5.6613177009721509 6.4577501685112635
5094 -52.495294202509506 -5.5203417080934631 6.4557310748561987
5095 -51.863259988440433 -5.4008171674037646 6.4539369320579105
5096 -51.155330283788459 -5.2699596489816045 6.4519289820173542
5097 -50.522623988430766 -5.1551782487412057 6.450715625349515
5098 -49.816002114054683 -5.0289428980821889 6.4472895433978481
5099 -49.103993919996469 -4.9043265137670717 6.4411630964232645
5100 -48.467772037577866 -4.7970290760146401 6.4323150012607382
5101 -47.748924567551555 -4.6835770251842392 6.4160424553590314
5102 -47.099769441162181 -4.5917968939786942 6.3975097787451514
5103 -46.364655471801861 -4.5039199208664842 6.3697050499652246
5104 -45.701293901371173 -4.4435350487569956 6.3355194672147732
5105 -44.94408718216129 -4.4032636464221646 6.2890922623990191
5106 -44.272252126492667 -4.4005844712930049 6.2414227451857469
5107 -43.512916158484487 -4.4387892481072075 6.1835407181270066
5108 -42.845554727921204 -4.5141868855256462 6.1264530854478547
5109 -42.107643692401446 -4.6503615487588092 6.0545810806362255
5110 -41.460477744959931 -4.8259484915681714 5.9797447759155835
5111 -41.209216988400641 -4.8143734296714369 6.1108961755242621
5112 -40.948869226287314 -4.7746363072070448 6.2009124830053848
5113 -40.708090780976356 -4.7239011651834932 6.2394689085800366
5114 -40.503119691856334 -4.5388185527539662 6.5254207219640721
5115 -40.316933747558132 -4.2913500723770976 6.7352423461888176
5116 -40.100565304048857 -3.9038788318094291 6.9033264846275459
5117 -39.876793782561343 -3.4421068679254523 6.9919278259818718
5118 -39.107480513913373 -3.0341724258702389 6.7649948854685338
5119 -38.505357785304746 -2.7815765251217863 6.567213269254208
5120 -37.877832740428026 -2.6373733881296002 6.3469092676825394
5121 -37.275921365897261 -2.6395470112602841 6.1267218490959436
5122 -36.771542365777563 -2.7610912325580137 5.9312103284343367
5123 -36.243484412448645 -3.0262493378071418 5.7191061883735275
5124 -35.823363753391291 -3.3608228658921657 5.5443896850438348
5125 -35.410995807602461 -3.8376298571326584 5.3641027402485548
5126 -35.111927109072226 -4.3242724343766916 5.220378714779903
5127 -34.849364505145822 -4.9285020597139511 5.078974554025347
5128 -34.678143162572823 -5.4982644686061857 4.976885864445169
5129 -34.547447577301057 -6.1485452955664197 4.8884330962790195
5130 -34.469370048062132 -6.7443111013974626 4.8346105511288764
5131 -34.408707082642536 -7.4168858780574833 4.8024383954935059
5132 -34.363404284721391 -8.0246031881609792 4.8011923911211962
5133 -34.198481335695227 -8.6760336947931656 5.1236736207693188
5134 -33.832496739196259 -9.2652721339056558 5.4247153576373996
5135 -33.35299678716413 -9.7014464096029194 5.6738274322868909
5136 -32.684204744712233 -10.050560121577774 5.9274925805660477
5137 -32.011265989956605 -10.217864998405398 6.1321421355891514
5138 -31.219463416440348 -10.24404867794572 6.3403552978343729
5139 -30.508425545002627 -10.130145187708084 6.5071434031088131
5140 -29.730569455626277 -9.868336639574137 6.6701983457375187
5141 -29.07549822444458 -9.5370156226329108 6.7943868730318133
5142 -28.38283335964508 -9.0784151789510101 6.9106441515341785
5143 -27.807400267718524 -8.609792855871774 6.9975061458829337
5144 -27.204072459549621 -8.0319256118039224 7.0799092387527418
5145 -26.642535286532539 -7.4128691273308407 7.1455305724196077
5146 -26.16682903116704 -6.830616907510179 7.1882666257841903
5147 -25.657341737519864 -6.1568689764974911 7.2237289152918347
5148 -25.222285281258223 -5.547176694026458 7.2435446406439912
5149 -24.749212032805485 -4.8598114219274615 7.2571550504841262
5150 -24.335727700867508 -4.2445149518100118 7.264439421649052
5151 -23.878924537398358 -3.556415446775179 7.2670779969660186
5152 -23.474612136202424 -2.9454455067290768 7.2655052563022533
5153 -23.020759110400039 -2.2622798902855452 7.2615385922758051
5154 -22.615647592694376 -1.654071295019921 7.260247856062902
5155 -22.161764093101727 -0.97127442753130877 7.2610532623236068
5156 -21.709859655027184 -0.28691583393217723 7.2650833027499342
5157 -21.309874017929143 0.32306222021129316 7.2668080558788786
5158 -20.863882762420985 1.0029456124965965 7.2645634484826154
5159 -20.47419860807641 1.5925838500916776 7.2607524326927608
5160 -20.048407288320252 2.2297807117497781 7.2558647731016412
5161 -19.674976582179099 2.7802694374971084 7.2498932315109466
5162 -19.268299667313855 3.3685176878556335 7.241597454856656
5163 -18.917107136249996 3.8662979546784699 7.2352124794304116
5164 -18.529433472155841 4.4052743257092555 7.2270154483403255
5165 -18.191204601489751 4.8637288740362079 7.2166987104630085
5166 -17.818471645587 5.3532266591597226 7.2016773943288808
5167 -17.444492910705179 5.8246075030233211 7.1827428852051964
5168 -17.103274818899671 6.2350073469588025 7.1627979167441467
5169 -16.705130291760931 6.6885522632726202 7.1357158005643333
5170 -16.329866861658154 7.0882940728709913 7.1060491581972363
5171 -15.877779007893393 7.5333461658943861 7.0636602975001894
5172 -15.446365228236722 7.9193520085449958 7.0174025265595468
5173 -14.93180216140115 8.3303341597656555 6.9548788624734419
5174 -14.440851930939498 8.6696529603347248 6.8845322868273371
5175 -13.854852228147788 9.005343886898812 6.783206056853488
5176 -13.30564247855758 9.2489351396453063 6.6714429893110276
5177 -12.666086986464423 9.4424758094511532 6.5215024972708999
5178 -12.012464926000188 9.5333605782998383 6.3424282663000264
5179 -11.436514753668458 9.5127303423107463 6.155877924422021
5180 -10.830807714039782 9.3645203038751568 5.9165440463455035
5181 -10.352808853552631 9.1197251268945436 5.6754850637655681
5182 -9.9228866420299777 8.7244398066330433 5.3743063927285464
5183 -9.6706750443268028 8.2950086475298903 5.0848824349947384
5184 -9.5589349561941948 7.7566565979182709 4.7428651131738384
5185 -9.6214092961580473 7.2730610673039564 4.4275530225619963
5186 -9.8724626944050087 6.7799514504399756 4.0736830746370973
5187 -10.232992071988317 6.4275202465992249 3.7695957639033635
5188 -10.762504125109585 6.1407179798523384 3.5092595021073376
5189 -11.365555819571407 5.9895092446406624 3.2698069920553947
5190 -11.945708050344068 5.9725112521197925 3.074423226858944
5191 -12.612592485858606 6.0834372832833576 2.8805526221712214
5192 -13.195767781916802 6.2872494681351663 2.7298800944721409
5193 -13.832647740733556 6.6226728238804702 2.5819309449039305
5194 -14.360399749572942 6.9944123787504946 2.4714754366073737
5195 -14.902281459243422 7.4688900324136789 2.3695541743999486
5196 -15.342339059522862 7.9280066232331965 2.2960806096777633
5197 -15.799474157096924 8.4741279805381069 2.2322301175467905
5198 -16.174482901172031 8.9715360792506118 2.1903204354908956
5199 -16.74774142749872 9.5734873448595064 2.4735405543381033
5200 -17.434495663129056 9.9536493434257256 2.8082575880118745
5201 -18.065980639339404 10.083781015373534 3.0700141553948566
5202 -18.684304663650465 10.005208642826242 3.4730533153716783
5203 -19.08245821004973 10.266237571857189 2.3216359190767357
5204 -19.359782629676786 11.073092843873324 1.1388576792713523
5205 -18.786224000296617 11.893547920782822 0.18284451373304642
5206 -17.764810744661741 11.831907649686991 -0.90687504059548973
5207 -17.58424195813534 11.718755415273355 -0.38033422140558726
5208 -17.126746155287947 11.613862593103699 -0.041029960822665967
5209 -16.401443213066589 11.722380446117057 0.1111519509574932
5210 -15.41838663453664 12.178342058969942 0.14285050693003687
5211 -14.372413632002432 12.954107569031935 0.064344118199173073
5212 -13.784675236995019 13.727740315770873 1.1974502891634891
5213 -14.155033785803452 14.802346169656486 2.4418928881217035
5214 -14.885312680548335 15.226624477597081 2.7455572345247243
5215 -15.565835583077524 15.486382014460824 2.7736051706882123
5216 -16.233525744950636 15.598102798227048 3.1982624899970311
5217 -16.588588494537689 15.603251252808292 3.353178126936621
5218 -16.905072631465224 15.87851059478489 2.5286600415825333
5219 -17.054786711152566 15.971907474584865 2.9045502108753665
5220 -17.087008790349682 16.003632986482806 3.329989140697132
5221 -17.107698674450617 16.027894786866387 3.8197546542461134
5222 -17.216397565426025 15.948304659424092 4.3363485149228742
5223 -17.341179780570435 15.582399219622989 4.6332997370541298
5224 -17.372491775717933 14.884398376361471 4.7263624739822232
5225 -17.271545854305469 14.230301466090953 4.9961885988355741
5226 -16.868438258681223 13.444436743445477 5.2839288346689735
5227 -16.248110198011865 12.841890812529956 5.612861659722741
5228 -15.183573369625487 12.322673977738418 5.7824159902456493
5229 -14.18020272922379 11.97452845494605 5.7977974195239881
5230 -13.108980254255943 11.676360845519138 6.0089837911749102
5231 -12.066955727292465 11.618180005268579 6.191714862149162
5232 -10.746133794221933 11.838094335002964 6.2518270349690939
5233 -9.3749340913626895 12.14855809693381 6.1950797468234189
5234 -8.1679104145773298 12.316048654662216 6.1623940563518076
5235 -6.69702308974923 12.643459324520268 6.0280329308607055
5236 -5.3326938259321537 12.797762674105499 5.8276658862151542
5237 -3.9656738709164694 12.180127306160363 4.7454611395188122
5238 -4.1084852983420657 11.099298133504778 3.7319272767586043
5239 -5.0833168137939246 11.059384526688223 2.5204768230262027
5240 -5.5454684008660795 11.355729413937855 2.7589626832390941
5241 -6.1829377636322658 11.568439522712021 2.9752764975008956
5242 -6.7854074047184252 11.641430773377632 3.1375390001679455
5243 -7.5012772399042875 11.618095394296981 3.2788074201686506
5244 -8.1829763202641868 11.477536828997737 3.4869531162002354
5245 -8.7423198457679945 11.247031209488332 3.6326264197274893
5246 -9.2913106356859583 10.912460539510853 3.8218354931440044
5247 -9.6737251428534421 10.541394417969345 4.0749907583536507
5248 -10.017830503959138 10.004185129494008 4.2227765749690853
5249 -10.258481276987277 9.3622314992404494 4.3648112839490016
5250 -10.370534267333385 8.2295410796459247 4.417160427571833
5251 -10.344102751607812 6.5905825641334772 3.6297846453497815
5252 -9.5262624978261581 6.9342474457229759 4.45380863222318
5253 -9.3930872514488932 6.838159778630934 4.7765283395543037
5254 -9.4439117574267843 6.1727577601795103 4.4726784534485597
5255 -9.560970547290994 5.5424664718875682 4.5778434723944432
5256 -7.9161429050034995 3.8935308331017522 4.2827856551013941
5257 -5.0898427414846701 3.3711886641080557 4.0478905415916824
5258 -2.773453342506305 3.6929731396204017 4.275083038064623
5259 -0.56753092158418283 4.3306276636551253 5.1749713734693463
5260 1.3200660872704473 4.6943107981744587 5.0062389022362543
5261 3.4478228350698776 4.5605500277074835 4.7743609719204931
5262 5.0058114362719044 3.7809584775795213 4.6400142156300364
5263 6.0511457897505112 2.6874984312991401 4.7482167020875874
5264 6.8425046623824368 1.8369728551869438 5.1535800825920255
5265 6.8202793804708817 0.86999619101994075 3.9313171160879197
5266 5.8968068653211683 0.55703129762320369 2.6949369852710174
5267 5.6143001434650408 1.0855516444693367 1.5076613070791485
5268 5.4116873124292901 1.8596114497937768 2.211783314661885
5269 4.4431437728082157 2.9598740634908953 2.7467618202909931
5270 2.8361547224363322 3.6105514773301914 3.3244724047598257
5271 1.4269387999436085 3.2787925616585949 3.7084183357059373
5272 1.1625493645922886 3.98162342271092 1.7463243531018191
5273 0.25088951197820336 7.4204782235591384 2.49858009725815
5274 -3.1194030118061411 9.6439466755092695 2.8810845637323919
5275 -6.1750278701638317 10.141248316512325 3.8981135355401246
5276 -6.8813465794677455 9.2634066287056491 4.288089976835848
5277 -6.7308242459488152 9.3903568799647701 4.5225748849059784
5278 -6.0476648017164667 10.635258515508447 5.7733232336945317
5279 -4.232453767416998 9.5301872020280314 5.6634080532707136
5280 -2.8985528768154882 8.3849468489515822 5.2845432142639321
5281 -2.5139895095794822 7.8772995911019006 5.3884287309040797
5282 -1.6376177643046324 6.6024827341459593 5.1271156416954273
5283 -0.9791198668129979 4.9505949627622687 5.0230319174672209
5284 -0.58370681567296323 3.4145129728684704 4.9210979927936878
5285 -0.40582771349009938 1.6405895266597463 4.7296539856057622
5286 -0.61675295126618301 0.13672752514467235 4.4264378651287366
5287 -1.375077382130502 -1.1989987030964868 3.8329317020748608
5288 -2.4110131932408181 -1.5254588487090677 2.8572349223963314
5289 -2.9230316179612648 -1.4001554295050067 2.9022763581839244
5290 -3.4906816054250527 -1.0903698900769596 2.4646637643676348
5291 -3.8560769047389556 -0.73616708479235027 2.3099426300084756
5292 -4.1891935650420278 -0.51839331914537268 2.5255318014499966
5293 -4.6298384674107336 -0.01883970825032244 2.0682907364650878
5294 -4.0566009688411286 0.077939881567071989 0.68459865647954954
5295 -3.6791573680072531 0.1572593338064302 0.22653356293979912
5296 -2.3146306103418377 0.46885773443363665 0.18666245572610873
5297 -1.0443546443486553 0.84770022976686343 0.087666151002890991
5298 0.47100417116578663 1.2223754748231999 -0.066138408198627763
5299 2.0474449596049822 1.3372109086566546 -0.28245315045372499
5300 3.2846395456343869 0.99728319212922667 -0.58481546482886448
5301 3.1582003166435539 1.0243845367507407 -0.67658616630116675
5302 2.910471070904574 1.3745230675538174 -0.35724473488719183
5303 2.9621619667190293 1.1722327143007136 -0.65974779353172974
5304 2.6251104393222304 1.4562409084221626 -0.58716911377178627
5305 2.2392334600325103 1.7872563573172529 -0.41949308769955385
5306 1.9901458269633088 1.8703292479121039 -0.44923965549970446
5307 -0.9897674505227616 3.4182519920332322 0.081509711860636769
5308 -4.4024706653077521 3.5564482581151626 0.50657031094581928
5309 -6.7920220977561723 3.0478548723424925 0.92939959585674103
5310 -6.6340649624244685 4.6565365271083419 2.7017415162741338
5311 -6.8616008155850228 6.3970506123934339 2.0093397183105419
5312 -2.1604023566884791 9.0306329780080912 4.0035369583500025
5313 -5.3229626698601606 9.246032502585587 5.5278094194927947
5314 -5.7284339801785737 10.272846438735067 7.0178488921075139
5315 -4.1168708413593871 12.218961467114303 7.173526018094142
5316 -4.4627261924803188 12.145717292395711 8.0849097851838305
5317 -4.3141142286889558 13.91630996006927 7.3651181227076092
5318 -5.11543737942063 12.898088939433155 8.4227081254153724
5319 -5.5243958687682557 14.809235581156752 7.5829998839886148
5320 -5.8059377619853629 13.803257225167989 7.6782157659780212
5321 -6.011480879620926 12.659894520967578 7.6480366638183837
5322 -7.0063328614446077 10.79535728021219 8.8092921014905929
5323 -8.2832943718423167 12.828145598337443 7.9581775400765355
5324 -8.8534745537768345 10.874540841774492 9.3718694670327007
5325 -10.831839603366435 12.650132580174999 8.2449236842549531
5326 -10.178248903920355 11.547588484432543 8.0592493562548704
5327 -9.0122790465450446 9.0451115330025029 7.4630203107208795
5328 -7.3549936733272494 8.3191096257665862 5.3550022492294804
5329 -6.6292176286219622 5.8801092797040226 3.2989060854706236
5330 -7.0999718138537649 5.8133713457503253 3.3908695663156925
5331 -6.7969493923379876 6.0597970776374801 3.379864675543145
5332 -6.1251050508334517 6.7111892927324659 3.283266642075382
5333 -6.6026946699998277 7.210132834464936 3.1178372846785218
5334 -8.8831531814456852 6.0029967132348023 3.305648596576106
5335 -9.8737410683795979 5.8143178154318083 3.4086774546758161
5336 -10.597742101011255 5.2547695678942787 4.097645327090202
5337 -10.95197056523272 3.1378282437963363 4.3239766224519087
5338 -9.3050442881747006 0.27311918267868651 4.4596015614674407
5339 -6.9888882995045467 -1.7502930552264462 4.7697050561125129
5340 -4.6887592612260809 -3.4915376711150543 5.4262853153477888
5341 -4.7422713368225056 -3.4028697339098715 5.4931212113857857
5342 -6.2082617154890984 -5.0451053353480466 2.4209153622331434
5343 -6.9012741043028214 -1.7998615879302993 -0.52726476771845998
5344 -5.2912219737186064 -0.82130467536419549 2.337733399173139
5345 -7.3451382864143762 -1.4454761411955219 5.3872152249684699
5346 -7.3943559129202532 -2.0626448843583374 4.6346537406887451
5347 -7.3301896122753822 -4.3124762217224282 5.0065080878314623
5348 -7.493476040268173 -3.610478616472645 5.2097030075075663
5349 -7.6165846474516732 -3.3556162311612132 5.3237638603194792
5350 -7.9434190558342017 -3.0888851378304087 5.1381929441677618
5351 -7.5852237429107605 -3.5579108065245064 5.4418493506908803
5352 -6.9943689928651196 -4.2489073043190375 5.3834236666043092
5353 -6.3562867064295192 -5.022817769588257 5.4193756850731267
5354 -5.6829987917768223 -5.7257573786836851 5.5460466162229514
5355 -5.0018855638993562 -6.2316517902099173 5.7594157764311369
5356 -4.0815670335499012 -6.7083054792691845 5.8467108616826149
5357 -3.3439891684752134 -6.8383640749939678 6.3875320644384397
5358 -2.3590612875707833 -6.5428474161427443 6.8618525455469221
5359 -1.5687482368782768 -5.8991417936358594 7.1938112276361972
5360 -0.91117364975584658 -4.8845644917766835 7.5055966490466055
5361 -0.61459357756435318 -3.8454501674296457 7.7664599445050619
5362 -0.62990691009564681 -2.6580397868439634 8.0816986320013786
5363 -0.80759053113764878 -1.7992204266279432 8.0042657119087277
5364 -0.90609387808124098 -0.89618322253908445 7.8976414686817211
5365 -0.93930796543039685 0.033391219363931968 7.8692683705432822
5366 -0.96074223700619132 0.96481374287827959 7.864562978647216
5367 -1.0098941490532043 2.0325460731925471 7.9551393437442668
5368 -1.1676020131249611 2.9505861539588127 8.1251352539045456
5369 -0.8143770133263657 3.0029942685919955 7.4186245084420834
5370 -0.49739950657883997 3.2901821794753223 7.0056117220501521
5371 -0.053131378253913453 3.5866008833661032 6.8787025137459832
5372 0.059720719670228406 3.642004080083618 6.9128409092461753
5373 0.35846322252927976 3.4904618604368385 6.6671968860305793
5374 0.44861544181325508 3.3174109563050038 6.3718904867733874
5375 0.50965604031254685 3.1602202616759296 6.0845909727976304
5376 1.4446279407523552 3.1198307111105601 6.42874783108633
5377 2.3023005658983697 3.3155297078329085 6.6327000442831947
5378 3.2499628520100128 3.7144458179474915 6.7806541702064784
5379 4.056021022827216 4.1762104807081037 6.8530913458795517
5380 4.2278391502038692 4.2610470186918397 6.8337393781771212
5381 4.4702189429228198 3.909949345537985 5.9011521835954683
5382 3.8874832075868428 3.5882861875057364 4.733708121216508
5383 3.5506721219531951 3.1483459518107035 3.9010179124472653
5384 2.5608437256321008 2.3100148131943032 3.4638756445622643
5385 1.2224954029216886 1.6177573847015869 3.4847286139515137
5386 -0.18802889521766855 1.2141375331318056 3.1881849381608531
5387 -1.9447249491076786 1.3061276206532357 2.6608143155674915
5388 -1.4852222052457278 1.169158318038978 2.4744523105539677
5389 -2.022483288310605 2.1042164608104814 1.4980237638844154
5390 -1.5828781623277193 4.2160363884638796 1.0957130665986237
5391 -1.2467117670069525 4.6770850793075107 0.8759068053497685
5392 -1.3852899385576847 4.447773271873106 0.75277814025152934
5393 -1.9214839050793873 3.9287369468121702 0.70249560736268168
5394 -2.6341592838614094 3.318210912400521 0.67640702192067736
5395 -3.6159797828054456 2.292721990131823 -0.043049543910953891
5396 -2.6668651731984969 2.1630338092992969 -0.09216358234259947
5397 -1.6433244673035867 2.0768638374894359 0.3365722809244982
5398 -2.0841795556183129 1.9962267781273089 1.0025516215463564
5399 -2.53222330453384 0.96087473873781315 0.51845435448777732
5400 -2.8993040417089375 0.66514294519017947 0.44549932904237571
5401 -3.0527921773877744 0.56592867481953812 0.54197593845997605
5402 -3.3007989155023814 0.38533542274062055 0.73303342995181009
5403 -3.3721303314820044 0.26463378265641185 0.7085107210405297
5404 -3.2479037042852803 0.34648762356477303 0.61290067014048311
5405 -3.120607634299926 0.41967167423663998 0.56138387656762179
5406 -3.0669039879226694 0.42334229340154655 0.31159183580107014
5407 -3.0486689306782626 0.41309376381520546 0.54244701244090054
5408 -3.1663931956608979 0.30237019895317996 0.66851110097211486
5409 -3.2153931409648311 0.22544364367967923 0.64950174442890329
5410 -3.2647364663643077 0.15147375183090961 0.64368620171814994
5411 -3.3331926645416923 0.057528480107175019 0.66075463851885063
5412 -3.3365589555491937 0.020458959567845051 0.68941052756458232
5413 -3.3487762837408042 -0.024529983507656842 0.70460359940709938
5414 -3.355211620276302 -0.049944674388606662 0.69262766335134396
5415 -3.3539698965770186 -0.057586160067881413 0.69109517276277177
5416 -3.3549840955335273 -0.061469481498037354 0.68932309123329094
5417 -3.3577318686641515 -0.061401368842680715 0.6901800556569383
5418 -3.3613680155837939 -0.05777012667474709 0.68311425232549539
5419 -3.3634349503000451 -0.048858613942948353 0.66026864644386174
5420 -3.3921190397123326 -0.069080660203759275 0.66281792825444596
5421 -3.4412194779989655 -0.11971756009402981 0.66229745487388614
5422 -3.5117930369591401 -0.20947302076605165 0.64130168202625393
5423 -3.6197013281660193 -0.37954082280487605 0.54378838635285853
5424 -3.6752368042442276 -0.50108204339952467 0.51192734014972807
5425 -3.4905010591178733 -0.42984919381343734 0.5820034379714949
5426 -3.1968900983768562 -0.26402015189116501 0.54040890574668188
5427 -2.1602824146048323 0.8568541762449936 0.40304363612500144
5428 -1.2142014624466848 1.7950534093694552 1.6845559082853376
5429 -1.7755530891884079 2.763870420578423 2.9348060115034955
5430 -1.9623864276809306 2.3143385925124411 4.7339893820398213
5431 -1.5268238471602995 2.4944269311235896 6.5252268050695914
5432 -0.32807300244934673 3.5411725303710142 8.4086858861547853
5433 -0.74386164008559497 4.7552636762263605 7.2198620125024942
5434 -0.72114397022695198 3.7867479221644076 5.8529983588008365
5435 -1.6823884411756049 3.5679146954206797 4.3739219533459615
5436 -1.9094166163318564 2.1663501273812691 4.9118254161760984
5437 -2.0128418674806818 1.4416137654907326 4.0842911213424653
5438 -2.7127969423415066 0.49058867697845787 3.6559841060983724
5439 -3.6659183035084313 -0.66232964961359408 5.0913999458413404
5440 -3.9625355264959401 -1.0249948539613132 3.344439999232903
5441 -5.1926827252835102 -1.2558944356980373 3.3707689901484956
5442 -6.282064976568531 -1.4534174954708616 3.1786994588314834
5443 -7.5066641279714377 -1.542997969725485 3.1402753791891822
5444 -8.5204818616082534 -1.6056848329896982 3.2212314068105803
5445 -9.3886000244133587 -1.454309244895839 2.160111296574128
5446 -9.697526430545155 -0.72419256444271707 1.2540531280257565
5447 -9.7003838905311426 -0.7215408672162541 1.244115203864339
5448 -9.4498725670630783 -0.2732413100248765 0.65724520218230453
5449 -9.2492253053521409 -0.25112001945229756 0.013085773154903647
5450 -9.3387876022218137 -0.35074562773694551 -0.63164187333292521
5451 -9.3425057755417118 -0.34824423474876298 -0.63976074419558182
5452 -9.5830843807595443 -0.3424040218013914 -1.3876340157679055
5453 -9.7350309126809584 -0.19585877435774424 -1.9280753211180612
5454 -9.4435033538565687 -0.45716814217141744 0.59342827346830451
5455 -9.5582311361037249 -0.1875327748141451 2.8273644235850881
5456 -10.253261982051562 0.11311337702210134 2.1798847883578927
5457 -10.444161668956236 0.52941777125576495 1.5119477187106996
5458 -10.286766380619467 0.69301155592585895 0.68046373555204731
5459 -10.300298651290531 0.49847701370660275 -0.032540575984871048
5460 -10.361108436581564 0.32011078133660853 -0.79566336466125354
5461 -10.287685526419308 0.0063934751018517311 -1.467667460300941
5462 -10.296820002803837 -0.58364002088607281 -1.7907211495145783
5463 -10.518018624351807 -1.2716435186576729 -2.0641454599579667
5464 -9.9377786109146253 -1.5841906859106287 0.57542874575341418
5465 -9.5230938939515681 -0.26019273882809812 3.53750107577198
5466 -9.5128929885423776 -0.27950041518025981 3.6351709174932951
5467 -9.5430430820901968 -0.2963339153105865 3.6227591902320206
5468 -9.5887530696540715 -0.29584360456532188 3.5703056754647702
5469 -9.8742799236140666 -0.31629079825425627 3.2688073324529427
5470 -11.463505997823754 -0.51763184000439066 3.1526685035963031
5471 -13.106066379163426 -0.40537525796756296 2.648805735285205
5472 -13.462522114448303 -0.22016965027231322 2.6729169219415341
5473 -13.571738113266083 -0.20370306408990477 2.8129092296483491
5474 -13.713428354769057 -0.17305771723271851 2.8620939434474271
5475 -13.848158321776356 -0.12277655887528885 2.8195625494695524
5476 -13.539316265156387 -0.2210454117509017 2.8842848162002257
5477 -13.176401605817873 -0.32998279914533418 3.0210272787512915
5478 -12.656949501649299 -0.38297722623835528 3.0929804317249086
5479 -12.153188376578711 -0.3324837018042105 2.9444058531800104
5480 -11.644225989871435 -0.41227291307426128 2.8869129453700793
5481 -11.227300490835459 -0.55683995298841849 2.9787181446204096
5482 -10.684742031443418 -0.73891188037264866 3.2489543505916476
5483 -10.183723628057525 -0.8238940491357003 3.7630756270390067
5484 -9.8273992529835574 -0.36626345792530046 3.4881531184032766
5485 -9.1881118098827077 0.099828008860919998 3.0449468550163883
5486 -8.3882837260816423 0.01206578312791845 3.2449971469640113
5487 -8.6776456338531158 0.039759850636550187 3.1827129634722184
5488 -8.7309647829333858 0.063348869951751874 3.2572553193212488
5489 -8.3827669268368528 0.50563417015388246 2.6244505625732151
5490 -8.8559253490371574 0.81481485915114404 2.5939234869249916
5491 -9.5197856497452982 0.90125157587714044 3.2953982892765739
5492 -9.4046568902811138 1.1787906129340076 3.283890939479301
5493 -10.298528776018331 1.2182842519379815 2.9999751897791258
5494 -11.742572055291973 1.1574621011996284 2.4335503322954093
5495 -13.756425861114671 0.84062853700096518 2.5406972123014402
5496 -15.765427202658632 0.35120990515770822 2.5840076312568496
5497 -17.338536693783603 0.36343644365984984 2.574134733807611
5498 -18.801769558117588 0.92889418112863353 2.3118363582891601
5499 -19.471952250754558 1.8132445032742734 1.7885023057913336
5500 -19.199697338830898 2.8548397539010968 0.90007797843113679
5501 -18.339493021546136 2.9334795973340917 -0.03288923908192698
5502 -17.531505535015945 2.3075736358221777 -0.98599124450351983
5503 -17.045918033101902 1.2984470564306823 -1.6230533963108229
5504 -16.983091573374832 -0.1588103174406994 -1.5498749859470793
5505 -16.826973147864582 -1.4393013028357635 -1.4460734571078415
5506 -16.513788714455568 -2.7989552866445209 -1.3188144420424395
5507 -16.076717166400343 -3.2559221375807144 -0.5594472626094148
5508 -14.201331907876309 -3.75727207923731 -0.33992173804290071
5509 -11.784744698803767 -3.9460699569080626 -0.42444062210633543
5510 -10.819314419734846 -4.5391748996828722 -0.83624660422797947
5511 -10.795049643397535 -4.6819188547601751 -0.77238803447008775
5512 -11.024375355078373 -4.4392970219296668 -0.48272922138398516
5513 -10.864851614565584 -5.3768019807370617 -2.1948476579943779
5514 -8.2041052206739611 -0.94262767006237569 -2.9282082527125151
5515 -6.7763013197906439 -1.3512192299988603 -1.5018441236878901
5516 -6.7994211072688495 -2.5178344306565066 -1.7753928578055056
5517 -6.8927874165156808 -2.9347240861452653 -1.7247357234660614
5518 -6.8567448370791544 -2.3672102324005686 -1.6891087479326818
5519 -7.1657954340981398 -1.0854596315691833 -2.5573645456869616
5520 -9.730664440661922 -2.6948476086322519 -2.0057466463802567
5521 -9.5674887888156945 -2.2287385426892188 -1.8717477820254098
5522 -9.4540652925272397 -1.3452770497406425 -1.8142229847048836
5523 -9.5004560446454906 -0.66350985445563926 -1.7447280291360139
5524 -9.7603832877815453 -0.19914481048530086 -1.7316937564300545
5525 -10.117466834647068 -0.22123610904950253 -1.7619636941912282
5526 -10.129025860869488 -0.83295606249211906 -1.07288047978338
5527 -9.6997635398057547 -1.1530836472956687 -0.53084449888588936
5528 -8.9010133141533707 -1.2611172869974605 -0.01322860282056787
5529 -8.0071192029901539 -1.0566508138728692 0.38678811389140655
5530 -7.218828125598491 -0.66232833776598632 0.6049179171707304
5531 -6.3910500575826266 -0.040058453475004696 0.7413827547272781
5532 -5.6788345833061733 0.63553687288819893 0.7584290803001581
5533 -4.8659552505230073 1.4169489333670564 0.68780227895014789
5534 -4.0999659283948473 2.0201296254293113 0.55898061203637028
5535 -3.33075937485409 1.5898216612798584 -1.2383137822708445
5536 -3.8483731726295902 1.2400233402754837 -2.8634605373007194
5537 -5.4418707859139639 1.4590282449255545 -4.4385944245766469
5538 -5.8966448948650356 2.2108260552113599 -3.8078934957379555
5539 -7.3611909392620953 3.1552704966609362 -3.5595168900971883
5540 -8.6511371771384908 3.4118382039353143 -2.8499948011539118
5541 -9.0966117218552736 3.0278387060185192 -2.1288245000211514
5542 -9.0647168783894028 2.5719001463339044 -1.3836221765749701
5543 -8.8280458714463848 2.249763320127419 -0.83370969476288515
5544 -7.3755836359203348 1.227746440064353 0.12278571299111539
5545 -5.5413228072959066 1.6687074002301583 0.7859933536949929
5546 -4.4781653272538158 2.9848862104729061 1.2990679261747318
5547 -3.9440091195437548 4.0418706083413429 0.61091158460020811
5548 -1.5965305668077079 4.9433996000023921 0.27284991295022298
5549 0.59659566717322088 4.5250243113079422 -0.040689117645335782
5550 2.3008129809514264 3.3407238006326136 -0.74850547269338907
5551 2.6488780917703969 2.1214891623829302 -1.9813798805166378
5552 2.8902502877226892 2.5203343287814235 -1.7466507767251063
5553 2.8849228950560999 2.713588805804636 -1.7582668819832148
5554 2.8799773548834562 3.4544430026545023 -1.9796524989977888
5555 2.9351769767186142 3.7282752991489527 -1.95203912120545
5556 2.7783733590032793 4.2754276595379732 -2.8347265154814072
5557 1.5307741263548915 3.814121023388358 -3.0386755874616749
5558 0.043075475882219605 3.2673227958952697 -2.4851639884800343
5559 -0.33605029621774452 3.1495348182595877 -2.7951286320993511
5560 -0.95765187562231824 2.9907846386174497 -2.9572068765264903
5561 -1.6541838227867329 2.7306373983551726 -2.5632673048402994
5562 -1.4340495203814703 3.3684350423005371 -3.4294034897503467
5563 -2.7100074863490384 3.6877190030533291 -3.4563345932005185
5564 -3.8279491298447916 3.9539887553172335 -3.2195160847101789
5565 -5.7948628012389802 4.1764063530246176 -3.6379205816851048
5566 -9.2883555598378411 5.8209909905331809 -3.0530543087615682
5567 -12.363018806534093 5.4065765308760625 -2.3416733229586555
5568 -12.010549196896097 4.6515723473770958 -0.25491210538731485
5569 -9.2028577243877869 4.4392454871961888 1.3100856985139999
5570 -8.9724775596395059 4.7862261491671925 0.95707566729431537
5571 -8.7530259643556345 4.8838511625070984 0.54104389050769452
5572 -8.2763103189566003 5.1030234548813862 0.36049208308391512
5573 -7.4718456178018036 5.4075165933176779 0.35624123791806017
5574 -6.7558127897803582 5.5661699676740231 0.033960247117284764
5575 -5.8939509220541497 5.5551438508145186 -0.098499635774375677
5576 -5.3039176697275812 5.6232118024977478 0.27106509536767037
5577 -3.9099597451323351 5.7955778411238192 -0.16967183869165989
5578 -3.7102461608529791 5.7586444294106256 -0.24427702134920073
5579 -3.6133692103983122 5.7499468601073849 -0.25115745728890709
5580 -3.8810135493684119 6.0759066631869949 0.62642879624892622
5581 -2.4657382958307217 6.8338793787698346 0.64422010688450726
5582 -1.0629561283845579 7.3825184786995681 -0.13852436338431318
5583 -1.3506600413736221 7.3008006405951438 -0.29464606897878121
5584 -1.896685620102919 7.2475275339815619 -0.45564447532924535
5585 -1.8824685279954989 7.0036409134458477 -0.87465888675791081
5586 -2.0208619436100999 6.7636887632066731 -1.3628031715699485
5587 -2.1454790165337858 6.5655967909791766 -1.7515247210454925
5588 -2.3328281993402853 6.2017572204235636 -2.0612337247241825
5589 -2.619668988404031 5.7419042219526295 -2.177531582001357
5590 -3.0024988617665174 5.1615839375149992 -2.1183851514727077
5591 -3.2341763340827678 4.664846664915232 -1.8986836438314822
5592 -3.266329974346128 4.2473005605804053 -1.4874772985511715
5593 -3.5895830506560533 4.1158511073557555 -2.2086984260378331
5594 -4.0324157519948374 3.9167183209334988 -2.8771972755982702
5595 -4.8128773027249769 3.8103081092630662 -3.3573040745473999
5596 -5.6387126682237527 3.9835305865703532 -3.6575301208988695
5597 -6.5362720533882541 4.5338594939332904 -4.4207442060296209
5598 -6.8548682349871513 5.4662778419200304 -5.0544685120439956
5599 -6.5152537221875644 6.4020198568333546 -5.7738109299976283
5600 -5.9851451342854176 6.5463594749875105 -6.5458887108308188
5601 -5.9709708680080222 6.1886942731428638 -7.271872509452292
5602 -6.2046726602103739 5.9441591705810701 -7.9086706581711042
5603 -6.609013680921997 5.8321022643484852 -8.6211957877625238
5604 -7.0919938626499519 5.880358853841237 -9.6421906811236706
5605 -7.7347633729193781 6.0203187344005542 -9.9941599269416752
5606 -8.6035699051313372 5.707560041905138 -8.4854975684299063
5607 -8.5003164160615547 5.1338064202395044 -7.1059091565265069
5608 -8.3250186454619772 4.9629910260836771 -5.4932243538971814
5609 -8.1211459705949416 5.8701956436765448 -5.9773987581791408
5610 -7.5903851718099595 6.9859073362682871 -6.6078470335922352
5611 -6.6557558549290192 7.2582037454980135 -7.1973816437272209
5612 -5.8540568586477111 6.7103384355576949 -7.9328635940577819
5613 -5.8630646192854261 5.9440319436658609 -8.6412119618825596
5614 -6.4852825121613495 5.3326120417150031 -9.4379935641286075
5615 -7.2708522602308596 5.2470444657942785 -10.10283643822941
5616 -8.2044092937685384 5.6299541171059664 -10.795487505370408
5617 -8.8892903798125751 6.5154157116338505 -11.415799752510404
5618 -8.9898413068002849 7.5338836725612861 -11.915396758070061
5619 -8.4395412463571908 8.541830644249055 -12.47375143580779
5620 -7.5907597159727809 8.8017027106717194 -13.007955812900461
5621 -6.9030993594789845 8.3699648408261105 -13.67768878342795
5622 -6.8983506958419216 7.8389592446267615 -14.331832561665344
5623 -7.2924039123924294 7.4420708018583097 -15.095300014178687
5624 -7.8216670692674173 7.3210220119945584 -15.746978208320197
5625 -7.8222692901675419 7.3223123106250663 -15.752961370061428
5626 -8.5898523024228126 7.5356936421550751 -16.403812943038783
5627 -8.9117810405607862 7.9036000820132184 -16.629825301160761
5628 -8.9119899241358631 7.902269652773815 -16.632271193112413
5629 -9.1084629080389146 8.3911663512190771 -16.981164683935301
5630 -9.0070123172895702 8.4832276448404862 -17.123159493426616
5631 -8.8310801773210379 8.2881210609080345 -17.253487381364753
5632 -8.6267178832963243 8.0274690758165033 -17.450295654400193
5633 -8.5340263150175382 7.6253085553994273 -17.524533313501575
5634 -8.4492536816734685 7.0421092405219436 -17.667741126777496
5635 -8.4650771109191698 6.5504260127457465 -17.721820639569696
5636 -8.5417668225743899 6.02892393267636 -17.650444916036268
5637 -8.5328695682109519 5.4393623528086001 -17.751063645957164
5638 -8.5679341544133383 4.7428007917127957 -17.89038139637773
5639 -8.6683469796074952 4.1212643327274394 -18.020006602729065
5640 -8.8467441416408246 3.4515056024063933 -18.098547119193618
5641 -8.970343269875638 2.6162061004737884 -18.58271692709695
5642 -9.0535474133984053 2.3924055671131708 -18.724528503175204
5643 -9.0653495958284651 2.3269444457138597 -18.437012515487144
5644 -9.2854155921441563 1.7872133861367083 -18.416307149077763
5645 -9.3899205049904939 1.1102236293272378 -18.52702678993754
5646 -9.4881848067007013 0.52114551881615312 -18.505585005405877
5647 -9.4651089243366044 -0.20979637578165991 -18.554376847804267
5648 -9.4155727083583933 -0.79649466202452868 -18.50473538516254
5649 -9.3285110066643639 -1.4410424456760591 -18.447216009118506
5650 -9.0154517310939095 -1.2268404319363104 -18.038352598994862
5651 -8.7762691015419421 -0.79240288489947419 -17.663449833620419
5652 -8.6612133483689622 -0.22931469223859047 -17.397327245697053
5653 -8.640807573278888 0.34455392102437266 -17.248356492714237
5654 -8.6844495874769176 1.0464477788658151 -17.172837369324803
5655 -8.7653905734530522 1.7381066648564474 -17.187969987121392
5656 -8.8926176601925118 2.6177552286688668 -17.284617829509461
5657 -9.0795360841119752 3.5480030541209242 -17.439117371157341
5658 -9.4348225464817919 4.7916574725296019 -17.66961557904575
5659 -10.013377109303256 6.0821705993991877 -17.903691675810482
5660 -11.053185665980859 7.6556631078140409 -18.163654195512731
5661 -12.47990926600874 8.9898530039412048 -18.365314318103106
5662 -14.60817373014822 10.2413526963026 -18.518490911125021
5663 -17.225537775518394 10.945551099839253 -18.587649544789699
5664 -19.770729332387525 10.970944094526555 -18.575222843204305
5665 -22.637121837591867 10.403928326124262 -18.470253579648215
5666 -25.031335696983493 9.4199976362381808 -18.300440478754926
5667 -27.407881257903444 7.9996872290021006 -18.04200377863809
5668 -29.208579532713575 6.5410624179860095 -17.766000562831902
5669 -30.95387698560695 4.7938654319420939 -17.396645382574526
5670 -32.233572890604982 3.2140942250411149 -17.022473923717623
5671 -33.383395233223368 1.5025000459474005 -16.561654720170317
5672 -34.147990081053976 0.04666935672686448 -16.110113800169398
5673 -34.721222375429839 -1.461011182933124 -15.558316329508362
5674 -34.984610874168851 -2.7963802283503707 -14.965333284211521
5675 -34.978111958842334 -3.8064805781830997 -14.398633230646137
5676 -34.789085600775209 -4.6613558367671049 -13.718986155622275
5677 -34.538225146557998 -5.1158023304741889 -13.091427885879844
5678 -34.246290816715543 -5.2410338341083955 -12.360548875728663
5679 -34.028968112084158 -4.9903733945197715 -11.695106531316142
5680 -33.878456549012611 -4.288359796273113 -10.934732859919455
5681 -33.879181178402526 -3.2868908554351108 -10.243585427954031
5682 -34.126633122238808 -1.7743492831814285 -9.4635017300971089
5683 -34.701235907537949 -0.16494259996761862 -8.7641427295671086
5684 -35.895453750542188 1.817250924311276 -7.9795180790081846
5685 -37.811246483268235 3.6502196235462443 -7.2326391565278048
5686 -40.162973076035669 4.7550126494092559 -6.6069517690849473
5687 -43.32113357117521 5.079817211949706 -5.971798617615895
5688 -46.075706549900296 4.0981984022689106 -5.486280287927598
5689 -48.413972832922433 1.6908467329964962 -5.0337812453285551
5690 -48.929369912524074 -1.1814262410935963 -4.7002461296121076
5691 -47.550443167005916 -3.9765729479907459 -4.3332009891036867
5692 -45.153476235066911 -4.6879192208790768 -3.9530861408830336
5693 -42.955315870279755 -3.3550369585096864 -3.3906899326974527
5694 -42.809578613368878 -1.3085940485332728 -2.7983037006699449
5695 -44.244170491590026 0.32232726836348968 -2.1119691533492571
5696 -46.251971974672088 0.59973103032573816 -1.5192170952529116
5697 -47.809433447447176 -0.11628292806411489 -1.1003526677091102
5698 -49.019424934100471 -1.5633591268211817 -0.73957189657162647
5699 -49.413867312010296 -3.105295552193486 -0.48387625420820957
5700 -49.194028071040975 -4.8219616648772767 -0.21801987756093433
5701 -48.412341434177613 -5.9396862449584127 0.050167312139298925
5702 -47.198106690288228 -6.4833353673804872 0.44242889147459596
5703 -46.314313772642571 -6.1736467145054483 0.90512998292485736
5704 -45.904568822710736 -5.3501874087053007 1.5260323520616494
5705 -46.102396466489154 -4.6081993963427017 2.1120766201184042
5706 -46.735891952567393 -3.9333402944318152 2.7385142178678983
5707 -47.665497032882712 -3.5343271933084521 3.2859614761054283
5708 -48.649562162306708 -3.4448056241084615 3.6759417116477544
5709 -49.80742338944092 -3.6435436727579242 3.9827640062876384
5710 -50.7920829552965 -4.101180813249063 4.1544196334451406
5711 -51.752082409372406 -4.8743462171756615 4.2659416974909172
5712 -52.352765231099582 -5.7361724107445138 4.3417604115343984
5713 -52.56897740389708 -6.3128961455705523 4.3610705743283731
5714 -52.640776647779262 -6.529710897676047 4.3649514670382672
5715 -52.747379509203526 -6.7648672725443184 4.2805380243419071
5716 -52.743822125450471 -6.834332090976825 4.3198807623217093
5717 -52.755760730107674 -6.9095048396822198 4.2721008360128243
5718 -52.784679743708224 -6.959218013344187 4.131586263096521
5719 -53.067929609074177 -7.2684537098745832 3.8530491137003149
5720 -53.66977672572677 -7.5797350030779587 3.4963394375738837
5721 -54.511556825160703 -8.1120588032767404 3.1213305094727462
5722 -55.457870538842656 -9.3246918202635509 3.1070336094432771
5723 -56.287855592619302 -10.408887569306192 3.0877939798433216
5724 -57.242156960941479 -11.630795391154075 3.0580388462975812
5725 -58.121751832844481 -12.69816509639999 3.0264202313003943
5726 -59.155736521429056 -13.873103984356359 2.9831200931952355
5727 -60.128117437161933 -14.87291240434034 2.935860017227848
5728 -61.274490233260209 -15.923037865093342 2.8846147114158711
5729 -62.495192944065685 -16.874850683663468 2.8289168606685338
5730 -63.643594449048351 -17.597580752125342 2.7648083030716393
5731 -64.991846801171306 -18.24763834987036 2.6849544038234634
5732 -66.220629856417148 -18.631868460257451 2.6076763844557487
5733 -67.609583685307925 -18.840032959282961 2.5168257281012867
5734 -68.777933494805254 -18.790684490798 2.4263554313286444
5735 -70.009115467011 -18.507268740850385 2.31143385855363
5736 -70.948386125504712 -18.056244011373316 2.1902410363773113
5737 -71.818606900705689 -17.370466245517559 2.0329307318033836
5738 -72.376958457837944 -16.623815319457655 1.8670024055015764
5739 -72.751477344489942 -15.696402571777627 1.6517013815647548
5740 -72.830271395565731 -14.744256453738569 1.4016353000421278
5741 -72.655699727118773 -13.952098064779269 1.1602066726493065
5742 -72.224541455820088 -13.176118156399536 0.87032008788657
5743 -71.667893127143671 -12.641583471623644 0.60584024502312395
5744 -70.915557703632075 -12.236837082018196 0.32706244272096519
5745 -70.191370802195991 -12.067232279707035 0.090400278509465304
5746 -69.351571037519392 -12.073106474674422 -0.15471770133895107
5747 -68.622127318220478 -12.237735192064397 -0.34852818130234187
5748 -67.845378424290715 -12.575781268427191 -0.5366558508738779
5749 -67.21910829185525 -12.986582474550413 -0.67990151285591915
5750 -66.582300757932785 -13.542530099261105 -0.81036311955767815
5751 -66.018397416467977 -14.168785261709759 -0.90220037626943739
5752 -65.947750820151668 -14.346090092213863 -0.98642038086062345
5753 -65.868170128235747 -14.553028093854177 -1.0213583849403705
5754 -65.783813352322341 -14.730554490505455 -0.99099523167371939
5755 -65.902516051381269 -14.683325727798524 -1.0517299550659176
5756 -66.102404014304241 -14.477451785458539 -1.0857427090058764
5757 -66.36394925072085 -14.091959008807303 -0.99958978766104056
5758 -66.762863284574209 -13.681226825496198 -1.0685905677641945
5759 -67.261775635693112 -13.130352410123484 -1.2076125271014782
5760 -67.567934031799794 -12.616829388742174 -1.1998103595988299
5761 -68.095903519220727 -11.948633674583006 -1.4218224102075383
5762 -68.340974645460619 -11.295804418114116 -1.4281340062082819
5763 -68.875068650671253 -10.527531226679491 -2.0103874035592728
5764 -69.087850644424378 -10.272998763848681 -2.4410146342710313
5765 -69.483977941821948 -10.628674986923979 -2.3169708957602326
5766 -69.951987250249005 -10.652546183702034 -3.0025232064232079
5767 -71.406547044770335 -10.978376236224619 -3.0342459491830889
5768 -72.995708925729815 -11.530468992344471 -2.4545237586747986
5769 -73.002558668040194 -11.2748604105015 -2.4884311729463642
5770 -73.224426182988879 -11.383576029434916 -2.5398950066093975
5771 -73.811421446837414 -11.836209924039165 -2.389763015312298
5772 -74.603945699031868 -12.613528234594199 -2.4681708684924946
5773 -75.221330108870816 -12.974651123978497 -2.6932707036795041
5774 -75.799238214054327 -13.191344180553859 -2.8515053020783174
5775 -76.541427189528989 -13.363173477396106 -2.9724430006322917
5776 -77.318795733161622 -13.435028969304652 -3.0315241519767984
5777 -78.309682031722573 -13.415358424311586 -3.0566292816460359
5778 -79.289164895369822 -13.300763414049225 -3.0362370236021032
5779 -80.493581843359891 -13.107606730967044 -2.9810868551392482
5780 -81.64017628683149 -12.914717360022443 -2.8979027976839369
5781 -83.010684437724038 -12.751253149963135 -2.7791993648674294
5782 -84.264147604664629 -12.73656298798887 -2.647674317868578
5783 -85.674660640321548 -12.940275361424021 -2.4568745800865912
5784 -86.999205774469559 -13.47660618169073 -2.2068460145972768
5785 -87.903435907640883 -14.278136635434095 -1.9201549177562132
5786 -88.412772343543452 -15.436329194608902 -1.50846013039614
5787 -88.248343310737738 -16.386718898970191 -1.0681264592982176
5788 -87.581521384941112 -17.067247178799498 -0.52644999087017164
5789 -86.962270455700391 -17.439015595156295 -0.5984891247405193
5790 -86.269373041669922 -17.909663248479795 -0.6276230034929724
5791 -85.650070158633397 -18.33826265469466 -0.6111793008749028
5792 -84.924996834239352 -18.802445849776213 -0.55263887707156323
5793 -84.234035909530533 -19.24809573203347 -0.55509608434234048
5794 -83.354481633535329 -19.764205069816736 -0.38593681724321055
5795 -82.449181847275128 -20.050362972657215 -0.1584736614397565
5796 -81.908264720074712 -20.068896394234578 -0.097024659449852502
5797 -81.415738443312648 -20.004298536538183 -0.064815681977289485
5798 -80.934144609425601 -19.889299762495245 0.027212387378924396
5799 -80.190539476256703 -19.73518814085433 0.15233276311769284
5800 -79.264996111177865 -19.764204060017178 0.0072917158755733125
5801 -78.31041844417328 -19.868365659465908 -0.12961909753144601
5802 -77.514968599108443 -20.023572324884391 -0.22617969484763467
5803 -76.650756157010335 -20.261364856238302 -0.30502562253244547
5804 -75.892765819255771 -20.520002189557882 -0.35187246149816037
5805 -75.050404332380268 -20.838888796068083 -0.37219347795249164
5806 -74.307745071923463 -21.125249452593252 -0.3636366692652509
5807 -73.464940027672228 -21.427267253712266 -0.32340000090220472
5808 -72.607935619361314 -21.681533186237658 -0.25205397721225525
5809 -71.826312001925459 -21.849596718224831 -0.17074447417455885
5810 -70.917508920228883 -21.953859388462938 -0.058776217060704739
5811 -70.087381807626542 -21.952642354607246 0.05889106811347869
5812 -69.158776376606355 -21.827401143700492 0.20390105261902533
5813 -68.348795622666358 -21.597636752824773 0.34214032848345971
5814 -67.476621484693595 -21.204029635747908 0.49947452467037057
5815 -66.754006516147967 -20.739765427304029 0.63842462755952201
5816 -66.017072057632944 -20.102142615753678 0.79059319631155145
5817 -65.443142398292807 -19.449890436999368 0.91685876535243027
5818 -64.888099195626779 -18.643151284851115 1.0369215241437018
5819 -64.4123249656936 -17.774294969683048 1.1302849782033926
5820 -64.047764164330744 -16.978872485492456 1.1848187668041177
5821 -63.673439377369618 -16.060795362678942 1.2142192485548247
5822 -63.356017952133115 -15.244935218886649 1.2109393149282845
5823 -62.983455852200713 -14.324451985696516 1.178918701583257
5824 -62.780191872012146 -13.441466657230631 1.5470187150778123
5825 -62.952823169517799 -12.456961413988932 1.9650149164250883
5826 -63.422603526618381 -11.731336212479453 2.3346634812510922
5827 -64.14400612017613 -10.942423019626288 2.3495894193786695
5828 -64.875892004923827 -10.173150750809649 2.3652656362064639
5829 -65.528566978912409 -9.592282415512086 2.5020871545716825
5830 -66.317094664884465 -9.0195188481847559 2.5708198938213154
5831 -67.078601186912721 -8.6500619457430012 2.8605338534248883
5832 -68.037595045721844 -8.4530767299043355 3.1271030914665774
5833 -68.972900424266882 -8.4234334988927912 3.3285933812345996
5834 -70.187723404443915 -8.4593613123627058 3.5275494758869019
5835 -71.574995712219163 -8.4270172079125825 3.9282884361789336
5836 -73.399118271292409 -7.8471017572499502 3.5978485178014994
5837 -74.655201573475395 -7.7701338824927104 3.3193395611135164
5838 -75.327035430876208 -7.7845230647377965 2.9764166121011404
5839 -75.957930634759151 -7.8128614409686232 3.2741676989118957
5840 -76.510832668463252 -7.9396646287867005 3.1532666745534237
5841 -76.960305932971067 -7.9619170465011724 2.9625670069750667
5842 -77.508454256787786 -7.9427877851120714 3.0434957097123654
5843 -77.806648663745875 -7.7807750548503005 2.3535700471142329
5844 -78.357412243238258 -7.0320027811175159 2.1056016895345997
5845 -78.9898061846351 -5.8527782982876397 2.2443433637491559
5846 -79.768297614543485 -4.975937689969741 2.7345230650576227
5847 -80.22233468439012 -4.7941367271581674 2.4029857037679734
5848 -80.929814506645911 -4.1770888280795191 2.637890422016087
5849 -81.589248858214006 -3.9323395832172601 2.5850907620431807
5850 -82.280092006043688 -3.4981409906839542 2.5444908445270231
5851 -83.162014391914283 -2.4589863444972466 2.6053724976572492
5852 -84.100496979095794 -0.85002589690959363 2.990294299019741
5853 -85.354710527141464 -0.45593464834454944 3.453280094414279
5854 -86.381894855552559 -1.0384805595578528 4.1427258050775428
5855 -86.505870897849348 -1.9267437927302462 4.866478840460025
5856 -85.908147750985137 -2.9006395514161918 5.6933632944477433
5857 -85.173509166930884 -3.4535592295955402 5.5222793412446709
5858 -84.476539965131551 -4.2312605094752938 5.304046558047891
5859 -84.025487823616487 -5.2302126768047659 5.2558659442683489
5860 -83.684626317881737 -6.4825139627569266 5.1164454007431885
5861 -83.421498681794276 -7.5343533543803405 5.0657406960674676
5862 -83.218314072603064 -8.8250938924956817 5.0873652833242478
5863 -83.239721252008067 -10.313169869000355 5.0450259313334342
5864 -83.684419388651293 -11.150059096971264 3.5297328259884102
5865 -85.310265559988395 -10.672378458398544 2.2597055171929696
5866 -86.100652018095602 -9.614764410201543 2.2411815658391965
5867 -86.846760830847586 -8.8712693844164257 2.5558791048327163
5868 -87.165385759043644 -8.6507834475162007 2.3781397024842401
5869 -86.914265688845447 -8.6257638355962349 1.4994934798399351
5870 -86.611613792562054 -7.5260922465060505 1.1909093313436538
5871 -85.710883726864182 -5.9538391579615091 1.3699669174354299
5872 -85.415299776588043 -4.5514960862281866 1.9796706160036173
5873 -85.410337278119968 -4.5519569913359348 1.9858485496218778
5874 -85.10772355595698 -4.3834959566659135 0.64328547548471748
5875 -84.161284987827372 -4.2446404864685823 -0.45815885735135298
5876 -83.423281252172274 -4.7166532429217183 -0.73466826765066529
5877 -82.517372422529363 -5.4743913034395106 -0.6886154304747294
5878 -81.646772917704283 -6.021507022647663 -0.39622542748932521
5879 -81.647428448427448 -6.0247770356423462 -0.39292263490130119
5880 -81.124997903294542 -6.2093106359390458 -0.25367945451571644
5881 -80.676571170612547 -6.3092084592495441 -0.12583080630414739
5882 -79.87629841394434 -6.3964783702407457 -0.10813991905029394
5883 -79.175904033412436 -6.4406309909787627 -0.026672215212159858
5884 -78.392790184877981 -6.2655547303078176 0.51088050009207775
5885 -78.392394314198754 -6.265906746286471 0.51533139645583903
5886 -77.914161372903692 -5.9710714659374702 0.59992052993693257
5887 -77.485871889195508 -5.6463031703428772 0.72015223779866377
5888 -77.485439593731044 -5.6473059692552532 0.72149932188220101
5889 -77.35529590026178 -4.9070896300022691 2.4076658019469788
5890 -77.721013066719394 -4.6391701986946243 2.6102575078932011
5891 -77.721940139392515 -4.640161776509105 2.6125076867617407
5892 -78.092577572707413 -4.4334907959367555 2.6449632327788271
5893 -78.382258832297197 -4.2884442500127076 2.6964592969042904
5894 -78.726784978093661 -4.1837809654117279 2.9333466162503425
5895 -79.07959091685629 -4.1485802574126822 3.1111515149538662
5896 -79.318546649582672 -4.1262713170862 3.038320398200935
5897 -79.317167975669889 -4.1269971160781553 3.0373062178784584
5898 -79.402616648456089 -4.0942319805534257 2.8662168372717005
5899 -79.40059749061362 -4.0957231548730002 2.8636385192223774
5900 -79.659782618579257 -4.0696980398279434 3.1230815062741546
5901 -79.803716549606378 -4.086459184791936 3.1604212462252121
5902 -79.848068569021734 -4.1347804356397004 3.2751245473209432
5903 -79.914440648343884 -4.1763968902552158 3.3335050744449712
5904 -79.911919793281797 -4.1774572090714948 3.3337770312008628
5905 -79.932652539416353 -4.2207983031802465 3.4553656383527729
5906 -79.975825101273344 -4.2786620269811433 3.5271598430038975
5907 -80.029849156648069 -4.3262456892773304 3.5264060830782786
5908 -80.099314217056886 -4.3561725816531123 3.4447972274870704
5909 -80.092818352819279 -4.3731259423914963 3.4662271425538465
5910 -80.223872153379062 -4.4372884442313492 3.5016900558080208
5911 -80.521210122955793 -4.5708218177180022 3.5683109856155242
5912 -80.834808559655215 -4.7825822124363659 3.7918894960397567
5913 -81.128806602905698 -5.0464644619668739 3.9082617664329566
5914 -81.127262719297462 -5.0476878626335218 3.9091771094378225
5915 -81.463655184468294 -5.390374301837408 3.9465494644296393
5916 -81.45787031027649 -5.4926820981116062 4.2364085270904424
5917 -81.453929366398256 -5.4931003097676925 4.2387573575252073
5918 -81.515093374316805 -5.6956404812229513 4.3595207066199553
5919 -81.621093484999477 -5.9910914141446661 4.3261454864927105
5920 -81.754980995556991 -6.2292123765350631 4.1476114098557426
5921 -81.677786055217496 -6.1507953066978898 4.3181764974486807
5922 -81.641486237121001 -6.103816910118729 4.5638055759120686
5923 -81.671379168198214 -6.2664120463450601 4.5838716686682668
5924 -81.765382422989433 -6.4723869799990164 4.3629675185355064
5925 -81.862721167033399 -6.5177248868805373 4.4044927940752512
5926 -81.973261924375464 -6.5440947150260431 4.231054189027514
5927 -82.007215761959387 -6.3430940816730423 4.2953551633153895
5928 -82.001762356428586 -6.3408050637101621 4.2949049580749197
5929 -82.197020699307075 -6.2325958021217245 4.053099235470734
5930 -82.380612797876097 -6.0732486939149384 3.9768952154720809
5931 -82.761143029492715 -6.1535177251464388 3.8291048266067582
5932 -83.249312276906835 -6.5669250221946474 3.6326404172725351
5933 -83.905716823502388 -7.4814478115679268 3.3726738626384631
5934 -84.465329225995816 -8.4308689367688832 3.4460820175265625
5935 -85.169067363465274 -9.2515114103850031 3.5002431785172217
5936 -85.812652496936508 -9.7787227452235648 3.5214701650939659
5937 -86.516209398491966 -10.190108779817587 3.4988309582181865
5938 -87.093820594489031 -10.41446640870762 3.4377295952772431
5939 -87.691119502871786 -10.552819905969894 3.322047475584851
5940 -88.230257358429114 -10.592226791269281 3.1590650321636682
5941 -88.685259620979437 -10.546492702145567 2.936812075408866
5942 -88.684678211963359 -10.546776056072726 2.9346657928259319
5943 -89.164862846938675 -10.370703157269196 2.6731179184996443
5944 -89.548786987007105 -10.114492840622223 2.4453337858128754
5945 -89.941396638984259 -9.7224288284760565 2.2546543446133382
5946 -90.238735565622974 -9.3025391175903636 2.1122856825325789
5947 -90.474625977657169 -8.7631665656084188 1.8495992980900695
5948 -90.589188522115904 -8.1927229447038226 1.6854061014002404
5949 -90.620601798543888 -7.5004065177883019 1.5513388579305165
5950 -90.54779777879709 -6.8297208824706104 1.3875371102541982
5951 -90.315795719925561 -6.0158146210888148 1.2220392518961152
5952 -89.946587755636997 -5.1388963067596718 1.1915864107172236
5953 -89.530131594092353 -4.2722405149704858 1.1394650339374062
5954 -89.027537081715323 -3.3038568582842398 1.0678571933141332
5955 -88.431138209903096 -2.4157802457114879 1.0217470192935598
5956 -87.726639013823487 -1.4497729011628864 1.0513879700349049
5957 -87.143747233391281 -0.62400946721699402 1.0860082008472032
5958 -86.592392278103873 0.25253276793324009 1.1716763005462085
5959 -86.173247531796491 1.0713354787080562 1.3376862022040175
5960 -85.729665955451097 2.1003157085437234 1.4534167997002863
5961 -84.938328649043996 3.0809589220796223 1.3008134363681119
5962 -84.176640071885288 4.0937053569546995 1.1962291630280801
5963 -83.572877400588567 5.0395572638494555 1.1715711748764992
5964 -83.193704405041998 5.8240531234738127 1.2299853028933072
5965 -82.945345210064872 6.6678016516933729 1.4008086236612685
5966 -82.914585056767649 7.3414890392393133 1.6555891513223415
5967 -83.100763898995353 7.9629094846054924 2.0467532682981604
5968 -83.41866328902384 8.3289468360559891 2.4738717677412829
5969 -83.875894676760325 8.4875243550623019 3.0019349068600616
5970 -84.290813704281504 8.4216162458403936 3.4833032890005935
5971 -84.737096695296941 8.1047889251181537 3.990521857458905
5972 -85.065854697523221 7.5611157150878796 4.3656810158685655
5973 -85.241805538877088 6.6072439315135361 4.5115129217484391
5974 -85.240934856853272 6.6068773712378581 4.5122017229957496
5975 -85.161495761082691 5.4887765462907732 4.6034188402715257
5976 -84.806635461729329 4.4141042182652575 4.666800024363738
5977 -84.099142862940283 3.2255708613384058 4.7504674357692238
5978 -83.172285030833208 2.2820650898548305 4.8558316100248744
5979 -81.875274232758073 1.4240856550427039 5.0273176899270151
5980 -80.562973889272101 0.91942532837735236 5.2412501405813492
5981 -79.07037979474417 0.65402252851733467 5.5542225102811207
5982 -77.829211359078471 0.6710494873704933 5.8962777543177127
5983 -76.590408498973957 1.0365844122508814 6.3672306859278898
5984 -75.770501514229366 1.880920547259711 6.8155480874261212
5985 -75.354781344990343 3.061457396724482 7.363264375784321
5986 -75.469035935214904 4.1898132888055795 7.9551610511416602
5987 -75.901525544548932 4.9429315995627316 8.5111394402778586
5988 -76.560981436364685 5.390978666376772 9.1610502823684108
5989 -77.15782159280387 5.4163425348981811 9.749679921600535
5990 -77.657120323664898 5.0814434907403641 10.399815378120294
5991 -77.844231933765116 4.5696446048691746 10.949228133943853
5992 -77.695800871935219 3.9332893522114296 11.518658905959782
5993 -77.264154515767785 3.4737182963949502 11.975551177293159
5994 -76.514552227664936 3.1155020056342284 12.16458904011917
5995 -76.513976418862441 3.1157040598834644 12.16606585227869
5996 -75.817548358378474 2.9215041591212554 12.308361440975069
5997 -75.019466198653049 2.8189907525748659 12.446057577127213
5998 -74.262420741845233 2.8708528799844002 12.748657476447161
5999 -73.625943558596191 3.1028018836372278 12.989858020576449
6000 -73.000535356545711 3.5225722984378867 13.236539693148091
6001 -72.551579248696541 3.9949994653489087 13.438181511036655
6002 -72.169645121720521 4.5983337777284641 13.655373549909912
6003 -71.868520367622253 5.1172263912656284 13.480004400753099
6004 -71.868666022703096 5.1177717695564366 13.478108819739887
6005 -71.453396814952654 5.59012996143022 13.268631901737791
6006 -71.032148110855189 5.9037849428447053 13.066383773581725
6007 -70.519990798815883 6.1304431200533678 12.821331676325556
6008 -70.055362866232983 6.2090095926477566 12.582786337844629
6009 -70.055562699169428 6.2096146499715177 12.579873626847597
6010 -69.51260546682812 6.236116206510065 12.572808850243812
6011 -68.988039491586818 6.2449188668971116 12.537002358394409
6012 -68.5473924050157 6.227359728353596 12.478680233166299
6013 -68.078603742995611 6.1694822866254233 12.385719156058956
6014 -67.760088087331624 6.0297066828937114 11.986175284401815
6015 -67.76047930407664 6.0301027022480005 11.981176391831291
6016 -67.526566934412259 5.7512090366906685 11.519053853856841
6017 -67.449849465277509 5.4581854427446057 11.105508608858026
6018 -67.505183550618824 5.1300997998521387 10.660954143273504
6019 -67.645783544395456 4.9083680783227743 10.312835465758178
6020 -67.645977530992056 4.9090579993174099 10.308145270211867
6021 -67.863576094808323 4.7335028670211763 9.9756580478394241
6022 -68.074872331937954 4.6417694033101702 9.7277353066577419
6023 -68.30537804426767 4.5991876077657423 9.4965977513491389
6024 -68.510297362766664 4.6025786703869276 9.3091279476207127
6025 -68.670595518342253 4.6309628268963543 9.1678136210966397
6026 -68.846826674923378 4.6886385836246101 9.0147759029104328
6027 -69.018504797899396 4.7753532768582518 8.8495968180953515
6028 -69.225089900781143 4.9289348557128658 8.6476538682049515
6029 -69.39614521318083 5.120044000964505 8.4470158351364848
6030 -69.538035575607324 5.3739470729055911 8.2353131872351089
6031 -69.617461738111786 5.6376588510208476 8.0211069630530822
6032 -69.632446552912 5.9685578058274755 7.7493280888666218
6033 -69.560480909182829 6.2666093923716266 7.4771275543580895
6034 -69.539975762823843 6.5923641367314403 8.0726446830042207
6035 -69.711599998504695 6.8394128222074553 8.7366577321096113
6036 -69.710924504451967 6.8388721795714797 8.745033150082266
6037 -69.967361498020139 6.9185255801895211 9.383103776880759
6038 -70.307562755594873 6.7860267135799131 10.125683092112352
6039 -70.524585979694479 6.4305727471041942 10.775079642119172
6040 -70.523905341294963 6.430029899498976 10.782762493144132
6041 -70.460936409401327 5.8781238060648606 11.4792073677428
6042 -70.348274083851663 5.5467281768126266 11.2743469955248
6043 -70.349196092763435 5.5465496937511176 11.272656813090991
6044 -70.287544752300747 5.1463341488468295 11.086280196406436
6045 -70.235112338883326 4.8001075486432949 11.235555267845914
6046 -70.122397434189139 4.4418360017241074 11.391861447765494
6047 -69.982812938043253 4.1524876746168733 11.524586616453522
6048 -69.789320619411754 3.8623791888161279 11.666894370277015
6049 -69.569540515853618 3.6151633914098853 11.798651329624606
6050 -69.361232318803275 3.4315704588912594 11.906510225648958
6051 -69.206677276746206 3.220703858750269 11.517368658473906
6052 -69.142318226989758 3.0146726310450198 11.206866992753937
6053 -69.133217863414089 2.7738159769014477 10.890288488150842
6054 -69.17527993716925 2.574915233780986 10.645213529271357
6055 -69.261928744025326 2.3828539802190947 10.409733797038838
6056 -69.372054713405035 2.2249141253659745 10.21078351270055
6057 -69.522892552556542 2.0767029941905486 10.005032395704026
6058 -69.68178465467328 1.9690999395314897 9.8266479674223355
6059 -69.910517415308405 1.861958441018259 9.6565642461593963
6060 -70.201755383130603 1.7795531825940407 9.4674705155314705
6061 -70.513032047184979 1.7516853682965035 9.2399833805041691
6062 -70.914410687879368 1.819342693760043 8.8757216659988156
6063 -71.23859208166536 2.0135934536605093 8.5060054782241501
6064 -71.476060816057839 2.3491178286927883 8.1323554219099563
6065 -71.553930216206069 2.7199076792226276 7.7059460358348373
6066 -71.423035651159694 3.1469448732743572 7.1514941772442642
6067 -71.097230494382814 3.4564710852271801 6.5716477311019625
6068 -70.48666586736303 3.6462220658923594 5.8495538610560072
6069 -70.487583512281816 3.6468332217802764 5.8422378318772328
6070 -69.794071476574246 3.5196767985458579 5.1119179647799475
6071 -68.859772742374744 3.1600965343641896 4.7907835467676918
6072 -68.176204442654381 2.4368709042761996 4.4291014315121764
6073 -67.941172495389068 1.6429363967373067 4.0840930593285822
6074 -68.065652124450736 0.79379935671125668 3.6884644578388515
6075 -68.438842635672685 0.20728775125173371 3.3449130375539831
6076 -69.016853783738597 -0.24328342929544444 2.9772336424703409
6077 -69.598039645934037 -0.45166391715737164 2.6695901255879049
6078 -70.27259628471343 -0.51002035961817482 2.3451192287345402
6079 -70.855738770687026 -0.41847540763468316 2.0747538061566844
6080 -71.481870534071234 -0.18061367104926351 1.7863282235061684
6081 -71.99720931029168 0.14996502439440029 1.5360811635406884
6082 -72.522540883317973 0.64320046610162707 1.2641841589518705
6083 -72.954637396510236 1.2531275744180101 1.0049297424400119
6084 -73.232190541909375 1.8834388202434416 0.77971687034345383
6085 -73.40376849669029 2.6567100872711977 0.53881499543377531
6086 -73.402995896785711 3.3599403579948453 0.33628803635885118
6087 -73.234687397707262 4.1314024970381169 0.1188215132921786
6088 -72.925397694118416 4.7539316352225898 -0.066702492223240206
6089 -72.425021745270087 5.3474659028770573 -0.27145178655409574
6090 -71.877549652807531 5.7149605496676728 -0.44923741719687249
6091 -71.193973911823747 5.9414339782578667 -0.64927717329084311
6092 -70.588561795285301 5.9452563885411767 -0.83557523894555707
6093 -69.966605253591368 5.7525232068222483 -1.0554109722406981
6094 -69.495605246108866 5.3840380816826734 -1.2916497350852847
6095 -69.251737514589564 4.9713203628007303 -1.5185019251699661
6096 -69.164287845453075 4.4875870252839434 -1.7865397255551549
6097 -69.236038284701294 4.1041972082225842 -2.0322275527488931
6098 -69.430127291225574 3.7600862494215788 -2.3059430792740976
6099 -69.664458754098774 3.5448521077169635 -2.5397131427211321
6100 -69.970426533629421 3.3823272675810205 -2.7901682377208301
6101 -70.252896854885307 3.3110548316323558 -2.9984753672244322
6102 -70.573416999458431 3.2960930384285931 -3.211994751195717
6103 -70.85227987614023 3.3326118743955471 -3.3834820381229309
6104 -71.152983499827755 3.4181410321590766 -3.5508550608843974
6105 -71.434739981726807 3.5421653874325516 -3.6937836124581898
6106 -71.666593247989624 3.6772288701543498 -3.8028262519716165
6107 -71.904218203647773 3.84828649715163 -3.9055104028047949
6108 -72.093867171931237 4.0105940804984979 -3.9808928644984021
6109 -72.28335005238533 4.1964217082696162 -4.0492323686970106
6110 -72.435442459802971 4.3646488149666274 -4.0994259808812608
6111 -72.594406826315492 4.5592030345687204 -4.1479287808754366
6112 -72.718640035951552 4.7269587514201046 -4.1828811549790537
6113 -72.84499100110061 4.9108436703664031 -4.2143216011038724
6114 -72.948106360463882 5.0718515708631307 -4.2373075910623612
6115 -73.054786146866377 5.2487660426969791 -4.2582625346796421
6116 -73.155140840759358 5.4249672515718039 -4.2759189644731546
6117 -73.249998211988029 5.6001463407871546 -4.2902526707643913
6118 -73.364133792508596 5.8212424186454603 -4.3045605125963409
6119 -73.469847184514862 6.0375597172287332 -4.315807257693935
6120 -73.593560393873361 6.3033696534614325 -4.3255665746460146
6121 -73.707556329815802 6.5608650092592784 -4.3299531475267052
6122 -73.841448011656993 6.8761287822846828 -4.3308944608920994
6123 -73.933462726543169 7.1132594303907206 -4.3438369289397194
6124 -74.043203649007836 7.3993508529360366 -4.3400602511067436
6125 -74.151949318116664 7.6721267572437926 -4.3170301757151464
6126 -74.289824469637907 7.9833924000749787 -4.266028400734478
6127 -74.451430360090058 8.2912420906334017 -4.185396946708746
6128 -74.622415045008424 8.5549890951129495 -4.0843984914377218
6129 -74.725124763443162 8.7315055600423648 -4.1655058779679086
6130 -74.820688995135569 8.9119141497342884 -4.2078806069765209
6131 -74.936508020775179 9.1347372262452371 -4.2122638855622343
6132 -75.053443147898165 9.3419398842961243 -4.1689552945312309
6133 -75.197286054521683 9.550680845858329 -4.0724247620857801
6134 -75.337762203926857 9.7068807573532681 -3.9485551606848168
6135 -75.508253787299239 9.8353874585030034 -3.7719829225280597
6136 -75.655837234641538 9.9037058391818853 -3.5864509593934319
6137 -75.79686149699053 9.9753982756127808 -3.5823049540820415
6138 -75.920493714068655 10.033813419344126 -3.5773781138956933
6139 -76.061140695993387 10.0951169558115 -3.5707297468499184
6140 -76.196636913830773 10.14973821990732 -3.5661567603166473
6141 -76.321263013314976 10.196779547122325 -3.564342486089191
6142 -76.463369241520724 10.247124567564192 -3.5627698943125217
6143 -76.791180971706837 10.390567436192686 -3.5467007045313221
6144 -77.168646212035682 10.545419248540899 -3.5165945817663125
6145 -77.518110706721146 10.675043610212381 -3.4777811695022227
6146 -77.922038395815321 10.803513282645254 -3.4225364295034968
6147 -78.29314279386243 10.898138519546059 -3.3600781079150255
6148 -78.720180934822494 10.973734044816052 -3.2738770109002635
6149 -79.237318709717528 11.034455552935523 -3.2463536320465471
6150 -79.767003637548441 11.038902704450678 -3.0192209675758401
6151 -80.365221064091259 10.898964946640353 -2.7677475917644463
6152 -80.865596013540554 10.643740932093742 -2.5392610057565173
6153 -81.469445586622754 10.132131569236723 -2.2512202774357339
6154 -81.944110634090009 9.4320300803309571 -1.9775090001393223
6155 -82.196180445625984 8.571444027989811 -1.6055709142243069
6156 -82.178897243783936 7.8024122680244092 -1.4387749586578755
6157 -82.013739704355956 7.0232676662454514 -1.2140018353742987
6158 -81.773112337224632 6.5901039292606045 -0.86682203751012621
6159 -81.804053531038051 6.6124576053235584 -0.81418613663594386
6160 -81.812249971810743 6.7501739279458999 -0.39675839027564469
6161 -82.36556939592451 6.9784609947952099 -0.29062588415597124
6162 -83.078324490180265 7.2759889277205438 0.058559052917643649
6163 -83.948158562344446 7.3248232212245536 0.50837470698923093
6164 -84.840379086168483 6.8251726792349263 0.64292188709301368
6165 -85.708462080191438 6.3085591517486215 1.252168803793992
6166 -86.008090685339411 5.8466455121916701 1.649327659358335
6167 -86.033825481505048 5.90376033676894 1.6520652497076487
6168 -85.947796409923654 6.0416722399333036 1.260061125736478
6169 -85.974061581525788 5.669034851371106 1.2110458662042487
6170 -86.004536770300618 5.27334565310277 1.2760769862513934
6171 -85.930217919334439 4.9477719775873208 1.0876726044422034
6172 -85.815482015021345 4.76500078566559 1.0386765965932545
6173 -85.625024631927275 4.5502127968120583 0.82376847424830224
6174 -85.317149760125261 4.3486940204823394 0.47679315685195056
6175 -84.725045755089312 4.5542204392081089 0.19103934495888186
6176 -84.101922711375323 5.0992482133609158 0.1841685619132809
6177 -83.387930709647179 5.4745799535970292 0.15411481246980552
6178 -82.795251070708417 5.6335282365209878 0.10406234038957041
6179 -82.19286915948112 5.6862377343154815 0.012140742654573822
6180 -81.726760964850897 5.652736422484625 -0.099251194304387502
6181 -81.254212672312477 5.5508679390970048 -0.25129432491803511
6182 -80.818144292240163 5.3868114345451179 -0.42809830656262432
6183 -80.433676780532352 5.1770680939062199 -0.57034144513333673
6184 -79.891445303323323 4.6612381211238603 -1.0283425450929327
6185 -79.891338853452964 4.6599969038649283 -1.0317482352438776
6186 -79.660917859011832 3.995650846465558 -1.5440036380466684
6187 -79.782846522881329 2.9493706016146288 -1.9792329932412984
6188 -80.24749108340697 2.1497110146218863 -2.3445788358152404
6189 -80.782859999508503 1.7153016962729812 -2.6133242860767409
6190 -81.107149561365233 1.5752809159337438 -2.84369841369455
6191 -81.336602362685284 1.631704034864164 -3.349977467276251
6192 -81.020260577948221 1.6249299561402837 -3.7029500883540676
6193 -80.466994382377607 1.2878349942859 -3.8710816019107015
6194 -79.871482129837688 0.71678837948153529 -3.8889058748938661
6195 -79.34607517198306 0.20775091267208623 -3.8961346205696441
6196 -78.773870488582091 -0.37533865009891354 -3.8889980396558803
6197 -78.394777138585781 -0.6021936976306228 -4.485281014683828
6198 -78.181838683989255 -0.92810429449763499 -5.097739171660681
6199 -78.082844150237733 -0.90805076478241986 -5.4975171298768766
6200 -77.659710092737726 -0.35565850578121161 -5.1115982571435099
6201 -77.614729758259685 0.042989054575505392 -4.6220921232946885
6202 -77.811321123611592 0.16443791553353693 -3.9167427241618062
6203 -77.863635244310899 0.1830111467719604 -3.7668526987745761
6204 -78.248784882050401 0.3617873867440089 -3.4534063414641936
6205 -78.737439797128147 0.7432987584065609 -4.3403761134464869
6206 -79.019412488330929 1.1570000347848042 -3.9374666845697575
6207 -79.418426481254357 1.3869326703034734 -3.4928671354547545
6208 -79.801371427248512 1.4175699526505954 -3.0772575886945597
6209 -79.942198809029122 1.2165098039875173 -2.4066491182375604
6210 -80.053854627029821 0.93865601561479228 -1.8575020312828352
6211 -80.051787599869158 0.93838947750569757 -1.852701601838824
6212 -80.059298437239974 0.38792389544341099 -1.3471085573254717
6213 -79.813122756019851 -0.25465778256892713 -1.0059328722894547
6214 -79.412917011826735 -0.85795917383447695 -0.97081487806678013
6215 -79.047634918623842 -1.4298707070925734 -1.0763820898790495
6216 -78.769286478178643 -2.1002706395492359 -1.3492215255042792
6217 -78.74975350397618 -2.636742441414766 -1.7300794354503699
6218 -78.831459423168425 -3.0884959690313134 -1.7221794108766362
6219 -78.829603953969411 -3.0879962935414342 -1.7229547538294039
6220 -79.08981552098885 -3.483126011779822 -2.3572811898982233
6221 -79.344012150967771 -3.4292657064654488 -3.0336159461861731
6222 -79.43362661777131 -3.1284311532874352 -3.849202326549181
6223 -79.430968862969181 -3.1278661907912642 -3.8567313251037549
6224 -79.693873659768954 -2.9202475617303487 -3.6863007240472836
6225 -79.939980065081471 -2.7884600136629558 -3.4603158968205157
6226 -80.254416497591095 -2.6143124479159052 -3.583217803422166
6227 -80.588631088023305 -2.3465581972933629 -3.5964042732755517
6228 -80.877388793148711 -2.0578415033150645 -3.5036439674753335
6229 -81.856779202325299 -1.8082061128977576 -3.7463563052441442
6230 -82.570601821623313 -1.346846907482933 -4.0076151177990962
6231 -83.124895338966667 -0.61387916212642768 -4.3510565787725275
6232 -83.73684211521271 0.069275701226966468 -3.672993785838595
6233 -84.540490772759981 0.1983263352948299 -3.0474913823083494
6234 -85.295380794965993 -0.20454534991802609 -2.3055426159778438
6235 -85.567356123104943 -1.021374127823826 -1.6268064605836718
6236 -84.879435888262904 -2.2565190413029712 -1.5249151086977155
6237 -84.062918481277009 -3.3288264638451981 -1.5508654727407991
6238 -83.054290808533707 -4.5240166883718267 -1.5199633213883801
6239 -82.161182087047465 -5.4682288547891931 -1.1738250866159636
6240 -81.535225584038031 -6.2976526844590435 -0.84329379967121187
6241 -81.040196867877711 -6.7027690908536526 -0.43947780257941826
6242 -80.566669576561793 -6.9169789045720886 -0.46900303257295667
6243 -80.08408341248834 -7.1158454477202886 -0.4434302115330534
6244 -79.076403127677523 -7.1215876760608694 0.91769403322177701
6245 -79.407216680098287 -7.5798837800404009 0.38530913611354245
6246 -78.991353895208249 -7.2706132043284786 0.088071265228859774
6247 -77.801482646793502 -9.245098854145942 -0.29735478542213478
6248 -76.685227589093273 -10.447300502779592 -0.38650351000628197
6249 -77.383826344052693 -10.132888330714902 -0.6918594027525683
6250 -78.057210609356019 -9.778922244610543 -1.520547113037694
6251 -78.199119975120425 -10.130756077220987 -1.9580516990151084
6252 -78.546214356297043 -11.077413228165309 -1.8187951260923361
6253 -78.556091702079925 -12.048221152711687 -1.1012863656783136
6254 -78.563239845425855 -12.047127714868372 -1.0927449331309733
6255 -78.447246481384525 -11.943757273323197 -0.91003081837310873
6256 -78.896631401982376 -11.091979500951583 -1.2363387568388751
6257 -78.739656558113694 -11.576829798792595 -1.4101087525969807
6258 -78.623500538722453 -12.123620878795915 -1.3682307266514806
6259 -78.504145291040487 -12.723793654406883 -1.4332001602663713
6260 -78.42008427549446 -13.282008256421532 -1.4477737082406252
6261 -78.320636837309308 -13.891788620837332 -1.4435463485530051
6262 -78.157072455709184 -14.425892327943274 -1.2034859706463363
6263 -77.834384012292873 -14.980794292057592 -0.95286665057564124
6264 -77.45279988165754 -15.409138560861081 -0.76371913618972553
6265 -76.936412480561614 -15.82180211858411 -0.59204037485158145
6266 -76.335657184493385 -16.173646860558453 -0.46199169600330969
6267 -75.764176831062969 -16.432792648313427 -0.38487047485309178
6268 -75.090396806361028 -16.685634899750823 -0.337006135186671
6269 -74.469509059599005 -16.890868982774869 -0.32193556637905324
6270 -73.758112982243375 -17.117267860916979 -0.33274821797920939
6271 -73.123862094246419 -17.326301663323633 -0.36230475540210344
6272 -72.420021052017077 -17.584888035847698 -0.41659943926725512
6273 -71.809853499864218 -17.848371475991527 -0.48509537846388051
6274 -71.157566298183767 -18.19210506338224 -0.58129443298936645
6275 -70.620136003947806 -18.545904245773926 -0.68175861840683039
6276 -70.069804886132502 -19.009050414814883 -0.81533479172491019
6277 -69.608171798777974 -19.536619129423357 -0.97510076637689991
6278 -69.297557885306858 -20.04952351741219 -1.1417786748621623
6279 -69.078225467771802 -20.663205938856887 -1.3573058265429074
6280 -69.01822067888537 -21.209880571595875 -1.5740877924990444
6281 -69.107066187702742 -21.805923916453743 -1.8459036177490491
6282 -69.323368582645372 -22.263442612656892 -2.1214357719860155
6283 -69.705969516714148 -22.658688426908981 -2.4660084523509913
6284 -70.12550979487321 -22.86939299086632 -2.7827291688853952
6285 -70.645494955907111 -22.942043415607717 -3.1307650654884482
6286 -71.116478226664569 -22.86859447026637 -3.4133043614013481
6287 -71.631223117690325 -22.642012127953837 -3.6815790808417681
6288 -72.103381923325358 -22.281849448794322 -3.9057181806517431
6289 -72.475332395419855 -21.855805690846978 -4.0693419017403558
6290 -72.827665357801905 -21.276519309903399 -4.2110418830238903
6291 -73.094621780143029 -20.825810184427137 -4.1486505958411755
6292 -73.424774530467957 -20.34726585466095 -4.0753278842265956
6293 -73.738872678843137 -19.954445515502186 -4.0145002294146215
6294 -74.116849452463413 -19.540708473689364 -3.9460193148395182
6295 -74.473183830508205 -19.196623499203369 -3.8846924228283024
6296 -74.888783229246542 -18.84282768048411 -3.8173370478298336
6297 -75.272108660261452 -18.554387702007496 -3.7572542179240775
6298 -75.721651879185075 -18.256611645157097 -3.6914433190151508
6299 -76.192150186936203 -17.985607836758259 -3.6277040092128048
6300 -76.621374844146786 -17.770174576622612 -3.5718645203034187
6301 -77.104381774745704 -17.562905685227122 -3.5099259864187538
6302 -77.534961619687152 -17.407445082050835 -3.4574489352340922
6303 -78.014342555365459 -17.262508353649824 -3.4029638935489199
6304 -78.437524121756667 -17.157982031052434 -3.3576650038626417
6305 -78.908511931321925 -17.064825802825457 -3.311147909164605
6306 -79.33286882763079 -16.998420794978369 -3.2750967738521481
6307 -79.820641057365393 -16.938251138276637 -3.2450862687446378
6308 -80.274657587945256 -16.892772395320083 -3.2281176830573788
6309 -80.796823361322069 -16.847221496315804 -3.2172071359969991
6310 -81.330938908321698 -16.803370629086871 -3.2181835803453569
6311 -81.819283741171461 -16.759993976623313 -3.2331869403991922
6312 -82.451304424421352 -16.708776016183119 -3.2161044494300262
6313 -83.015993120459683 -16.666733378237382 -3.2115107625910406
6314 -83.65866866829279 -16.615120891943537 -3.2202246427840722
6315 -84.241939209182576 -16.556459668914652 -3.2433157429200383
6316 -84.906312719924273 -16.464751883645949 -3.2884097585489425
6317 -85.494656959288974 -16.350611325553928 -3.3506141411161252
6318 -86.147029761329435 -16.170249996046639 -3.4451111230704825
6319 -86.707807412222778 -15.953335958565111 -3.554641719577023
6320 -87.294238229949684 -15.637732344690368 -3.7066193002971435
6321 -87.816927621995561 -15.235236371083571 -3.8921448966853247
6322 -88.201621765658388 -14.807266579930833 -4.0843815960776269
6323 -88.512960848406792 -14.260582267746603 -4.3303187881605547
6324 -88.661367710199414 -13.728920681292287 -4.5761788872914231
6325 -88.658806650107948 -13.135686160210742 -4.8703767744323141
6326 -88.507734699841123 -12.646495935462468 -5.1481154277294578
6327 -88.170393800223536 -12.170476530307564 -5.4729141671918757
6328 -87.765660780138887 -11.869656789699478 -5.7605101225801381
6329 -87.21049345073736 -11.684255655112928 -6.0886499648137997
6330 -86.686226320518657 -11.676500287361261 -6.3750390739515508
6331 -86.114819357859744 -11.839353840291727 -6.6807334393316822
6332 -85.593765970030518 -12.170854152638402 -6.9701909041433137
6333 -85.209728648383347 -12.57818819549909 -7.2004700955423893
6334 -84.883613274924002 -13.128499165570664 -7.4287536625520145
6335 -84.691020306487729 -13.678062676137683 -7.6052101831165819
6336 -84.580866836272165 -14.332501892898588 -7.76884554976193
6337 -84.532220094327059 -14.919862917117017 -7.759835064251285
6338 -84.466280154388755 -15.556595255764099 -7.7367563622337405
6339 -84.394144441268423 -16.107611320476131 -7.7082090547487248
6340 -84.292838855001321 -16.718618291709468 -7.6689125583681639
6341 -84.182297057442753 -17.250009782556905 -7.6276956703092429
6342 -84.032380819782446 -17.837019638806179 -7.5791723684063141
6343 -83.852111354761107 -18.420611896582688 -7.5276813090914034
6344 -83.666572461369768 -18.928469577772137 -7.4779900920472135
6345 -83.428667257389449 -19.487166611356777 -7.4223507329049143
6346 -83.279177003395574 -19.797435409421183 -7.4816796916018058
6347 -83.107637489411331 -20.175158111415371 -7.4872488552271355
6348 -82.9279749780478 -20.524588902610358 -7.4292269452744701
6349 -82.723555433435024 -20.79880750793243 -7.4045428241859446
6350 -82.492289181085184 -21.042585840286897 -7.2893162903325379
6351 -82.168605921687401 -21.290456887890699 -7.1737498801485602
6352 -81.777505855363515 -21.594579704650805 -7.0395368175207977
6353 -81.190012325260653 -21.984721399102295 -6.8255146317122319
6354 -80.424385055188168 -22.486394763610448 -6.5409891360045647
6355 -79.696749771537085 -23.243554682048746 -6.4763938871181281
6356 -78.827526390237765 -23.838062139070747 -6.38464393270002
6357 -78.056434594667351 -24.148046397550385 -6.2875911965752316
6358 -77.221080856811469 -24.319479557023687 -6.1691023882862588
6359 -76.515379934008337 -24.330198153913422 -6.0491969473263572
6360 -75.774433279943963 -24.210388652770472 -5.8999177165912453
6361 -75.177431972415235 -23.995379683285236 -5.7518111277733954
6362 -74.570441491234675 -23.64707288757501 -5.5718562891173207
6363 -74.096640272188594 -23.246993683600383 -5.4024500579747592
6364 -73.64051324436835 -22.701184281525826 -5.2013298824224625
6365 -73.288294919286457 -22.06704546735137 -4.9912607012406722
6366 -73.07436880220493 -21.441166053409283 -4.7991875998307334
6367 -72.948452272020475 -20.68633311755373 -4.5867046042596078
6368 -72.947246812679339 -19.992390079873022 -4.4048965771131554
6369 -73.063294417851722 -19.196627764814334 -4.2111132422264053
6370 -73.2761847919475 -18.500558075635343 -4.050575692581857
6371 -73.62545557426219 -17.743531338656279 -3.8866219662637311
6372 -74.029520660679452 -17.12193326372401 -3.7514434370536529
6373 -74.576693801193429 -16.483347704132484 -3.6163417873480643
6374 -75.060033772949922 -15.881303505675778 -3.7849264712132289
6375 -75.508346080817461 -15.18708598041421 -3.9541820231043636
6376 -75.870050002511874 -14.492965936992427 -4.1084085970963917
6377 -76.12770789784048 -13.887819137381591 -4.2274840947010466
6378 -76.359063198677745 -13.221824733050745 -4.3382258990097977
6379 -76.521385027266092 -12.658927278739693 -4.4127407703707533
6380 -76.666913166862216 -12.074179548826312 -4.4681084790485972
6381 -76.77216743209199 -11.615199075185854 -4.4916936495267112
6382 -76.762403897733208 -11.510019486038527 -4.5449991965027658
6383 -76.755107628460337 -11.425873574311932 -4.5719177943183054
6384 -76.747765707124231 -11.343816266689497 -4.5878227813419743
6385 -76.70169159270759 -11.441239882870784 -4.647579664902465
6386 -76.646566304498151 -11.676426833819962 -4.6553981210013635
6387 -76.601079530580705 -11.871048475875297 -4.6529091803954046
6388 -76.588633290411224 -11.850318001087098 -4.6510427657678841
6389 -76.565432855854652 -11.912659102403222 -4.6462924534004184
6390 -76.547198377778756 -11.959985566513822 -4.6370033570959226
6391 -76.517181940640398 -12.076291276584708 -4.580712684214129
6392 -76.50190343562366 -12.103502305877964 -4.6006341491182852
6393 -76.511009277897458 -12.043380329102199 -4.5261047449682845
6394 -76.503052563897924 -12.041756664525623 -4.6323295453932651
6395 -76.526606225573218 -11.877813062159326 -4.6528162959172059
6396 -76.538534297634271 -11.783252926983875 -4.5763129190804488
6397 -76.540752420027985 -11.733471916352531 -4.6472790677321933
6398 -76.534580835065952 -11.744504488355346 -4.5680780303408595
6399 -76.511220622159669 -11.808334506382186 -4.5767438354335948
6400 -76.48398039657765 -11.885031554104287 -4.5907243593816336
6401 -76.438571473063831 -12.02577523711798 -4.6919885615724839
6402 -76.393001719504653 -12.294935848002448 -4.6841184534630562
6403 -76.372130644909006 -12.465327423460758 -4.5344850882284264
6404 -76.347005901016303 -12.644234717836309 -4.3774839850796843
6405 -76.326383992526473 -12.785518680169524 -4.2554393193018374
6406 -76.310320429884371 -12.921395264489847 -4.158101899273368
6407 -76.304363159638157 -13.013369374411401 -4.1289213207450679
6408 -76.293319678960074 -13.090587234578129 -4.192848069215243
6409 -76.248487602034629 -13.154640160336029 -4.3883224226694733
6410 -76.097908739216351 -13.430411023563561 -4.3958392176426511
6411 -76.101897550689628 -13.3746001041256 -4.2837927706017211
6412 -76.06748917588105 -13.408006566290211 -4.1554648211248919
6413 -75.999352385273681 -13.46658268712234 -4.0032200114375271
6414 -75.98439633846877 -13.443901570527878 -3.8851897338838333
6415 -75.843655372934123 -13.508805317889347 -3.6862443986469948
6416 -75.740010669707999 -13.560640746130138 -3.543329047642763
6417 -75.731472495028058 -13.509669966917365 -3.4995987707040555
6418 -75.790166307273452 -13.405383186609543 -3.44944156982096
6419 -75.923288466443083 -13.35336438858034 -3.0700936806534682
6420 -75.975251585058075 -13.255304740392564 -3.1885538385007157
6421 -76.050465802646443 -13.179444519746774 -2.9711791070822757
6422 -76.055960430393412 -13.178452693608456 -2.6103024631795129
6423 -75.801905811988846 -12.68996861892464 -2.37621551189965
6424 -75.86787725847104 -12.317305871183391 -2.2911341660229891
6425 -76.248680624133257 -12.509092674319046 -2.3495360349952392
6426 -76.743312718157412 -13.481426004268418 -2.5990952681287016
6427 -77.018592420111574 -14.510083222347932 -2.1742140297105226
6428 -76.830303277025138 -15.718283647154491 -1.7498327680630672
6429 -76.243610498240585 -16.668902386624179 -1.4115020704119465
6430 -75.292302306636643 -17.483830855266881 -1.0673578053788106
6431 -74.167085588287534 -18.006217357862262 -0.74319704749924598
6432 -73.152010261077322 -18.241610678444356 -0.46244148581715172
6433 -72.050685014085602 -18.297232952223737 -0.14288850596453673
6434 -71.152252702886813 -18.177201707375254 0.14091467968600091
6435 -70.234516233233052 -17.860825355201882 0.45433982236158832
6436 -69.468860954673403 -17.409405971316268 0.72365175423345618
6437 -68.624204665886893 -16.703776545876291 1.0085649627944484
6438 -67.828907173074782 -15.905237187265048 1.2439187663055034
6439 -66.845888787382293 -14.842507585930363 1.4739534473138769
6440 -65.848421539320611 -13.788608393918011 1.6492669086504208
6441 -64.590485909200666 -12.526842587319335 1.8092703766145122
6442 -63.202306380348432 -11.233480491887301 1.9194947241021405
6443 -61.900261765303327 -10.094031524110502 1.9696470510617552
6444 -60.413153584043471 -8.829194945589105 1.9789464245853143
6445 -59.125308633430798 -7.7272635625250778 1.9567983060479344
6446 -57.74910906263424 -6.5204086167853825 1.9040471921088797
6447 -56.569290576174829 -5.4631360851351731 1.8297048281603661
6448 -55.279798392410164 -4.3086192810230362 1.7104243321118651
6449 -54.16534957663562 -3.3405896467900269 1.5771341637716323
6450 -52.937448887290181 -2.3455614089391048 1.4061355637089235
6451 -51.848311909487684 -1.556474655589831 1.2361359178975602
6452 -50.626395624171465 -0.81485479149936957 1.0219344919441302
6453 -49.399870451439021 -0.26455611040087579 0.78692855572618226
6454 -48.308528732221895 0.03033348743692077 0.5558812326645336
6455 -47.104254833210383 0.10333724403163114 0.26309541721294794
6456 -46.086450890413595 -0.10981386058294351 -0.039239169516987582
6457 -45.125209058448704 -0.64496534864109201 -0.43763458205018457
6458 -44.521312962219127 -1.3570755272025119 -0.85066707613988801
6459 -44.208619427310232 -2.2742498133566036 -1.3762258431666083
6460 -44.276079761268811 -3.0453789512560014 -1.8818125924649687
6461 -44.640189952609035 -3.6766846357257768 -2.4740821067817458
6462 -45.098408408617424 -3.9407170687978939 -3.0015687069735648
6463 -45.609543632684272 -3.8672866109994883 -3.5808921232737867
6464 -46.021737415562477 -3.4194001780391043 -4.1385466015163468
6465 -46.240846434936792 -2.7496974692007687 -4.6004388815577633
6466 -46.26540955884446 -1.7554239647608707 -5.0709032419179252
6467 -46.02391849353274 -0.7860386994865588 -5.4308809398769746
6468 -45.445693207467698 0.25315291927483058 -5.7641376607687214
6469 -44.702102560323041 0.95551480458711024 -5.9907826146892749
6470 -43.727925182989182 1.4669902593827904 -6.164438114916357
6471 -42.834348850670985 1.6365663161750967 -6.2743924667975266
6472 -42.442155694121489 1.6530137353399588 -6.4019471421546719
6473 -42.041623139933847 1.6467419016122347 -6.4284084901431511
6474 -41.527528186170322 1.6627564943194633 -6.3450337932136858
6475 -41.051722345865571 1.7760793129133905 -6.2755799461966397
6476 -40.353909109152703 1.8364096414679956 -6.0914249321753919
6477 -39.264605708631549 1.8871636938234042 -5.7810572381710275
6478 -38.016979350886039 1.5798783736394533 -5.8996170495731066
6479 -36.734874361384172 1.3407489594704749 -6.0419063041932439
6480 -35.74391313823989 1.1908619921683608 -6.1741690678291494
6481 -34.726706489121327 1.0155228584799474 -6.3311452694681627
6482 -33.910706071283151 0.83882823310715438 -6.4622357279130087
6483 -33.065446616393345 0.59864073029008491 -6.5839688094537872
6484 -32.34379605553918 0.34709114688505149 -6.6703268981351096
6485 -31.556942723057904 0.03395243376832946 -6.7369497001722269
6486 -30.760602663207596 -0.29774614083059348 -6.7656147169565033
6487 -30.04089202251533 -0.58706901723278682 -6.7584827284355109
6488 -29.225628841820974 -0.88128814894055862 -6.7174696545515813
6489 -28.489336871813038 -1.0988512038875369 -6.6520453512452073
6490 -27.665835620200447 -1.277830931919185 -6.5545595138970638
6491 -26.942962316868648 -1.3680923943380465 -6.4482052366994225
6492 -26.149214684634302 -1.3815671577529653 -6.3007091360305614
6493 -25.468617510666117 -1.3030637108905705 -6.1439761693729507
6494 -24.753669434929012 -1.1017659238198676 -5.9393048731832963
6495 -24.16968628381618 -0.80670505401238735 -5.7233243411125718
6496 -23.628850346501903 -0.35397266326248983 -5.4591815298594497
6497 -23.264965483311663 0.15642297132240379 -5.202475016773576
6498 -23.033713213749021 0.80949889403636766 -4.8950831089780502
6499 -23.017049468711832 1.4889896008569175 -4.572470567995758
6500 -23.187092375957029 2.0583336625099165 -4.2755172696249195
6501 -23.569736860525193 2.5966046295097653 -3.9271468393758058
6502 -24.03306520094689 2.9230155183380786 -3.612643579965261
6503 -24.635948315849799 3.0916560555359363 -3.2535991748672353
6504 -25.174697076317152 3.0566324630413204 -2.9323923947477657
6505 -25.721983151985764 2.8253972225730721 -2.5785262460919265
6506 -26.122863661325187 2.4752546444226868 -2.2729621872534258
6507 -26.440725757480344 1.9486168441016618 -1.9492764941450373
6508 -26.581001034602082 1.3943510748416079 -1.6915812632614791
6509 -26.559924172321473 0.70419421515537983 -1.4196263337987525
6510 -26.335362035290359 0.010980316803495149 -1.1770053117512336
6511 -25.968450038198736 -0.56734045821541335 -0.97781463192812723
6512 -25.403377019161059 -1.1265701723036128 -0.75280655895207882
6513 -24.810492437904884 -1.4964618257271489 -0.56238845900584
6514 -24.067220664945076 -1.7715482139574035 -0.34826403391526339
6515 -23.381531614913097 -1.8752449803952176 -0.1594255909269191
6516 -22.618249360128189 -1.8426868662199132 0.060682972296593141
6517 -21.983944104441992 -1.6851633335523499 0.26751280516460785
6518 -21.366254966336125 -1.3885208969466361 0.5073601408090217
6519 -20.910089677480094 -1.0316468842079771 0.72423511357311865
6520 -20.514127870551988 -0.55050382434200684 0.97358147954072649
6521 -20.258387660482526 -0.011973917362001374 1.2381863359337337
6522 -20.15793852058637 0.49224013074051742 1.4846212228861333
6523 -20.193786659089056 1.0532427967457809 1.7756221673674171
6524 -20.357709930193693 1.5135618732032627 2.0511566009245783
6525 -20.673467425864384 1.9389253504832769 2.376699661297264
6526 -21.047552479524796 2.2044508506783442 2.6843555763701885
6527 -21.534567118838456 2.3457975450720774 3.0390860599014897
6528 -21.957380195482685 2.3258861258759853 3.3399012255538123
6529 -22.200062455681113 2.2264730649445945 3.6344306292643394
6530 -22.341514395844598 2.1285861982162038 3.8291731441865053
6531 -22.504982396406536 1.9769564417241376 3.9583062739014423
6532 -22.641128288424525 1.8269284888289792 4.0026793085979584
6533 -22.715155371519597 1.7296922669462869 4.0913075001218511
6534 -22.768252729100841 1.6453307690224146 4.1393206698367617
6535 -22.782356656195983 1.6146739414967914 4.1531290563469199
6536 -22.780118295134034 1.608469835675606 4.1537572308580089
6537 -22.77628114922279 1.6036908256135729 4.1539360285606008
6538 -22.771742078580122 1.600034298505117 4.1539170262591236
6539 -22.766718247730193 1.5964104277436493 4.1542827758588814
6540 -22.766867854349854 1.5835574308695111 4.1561542532134661
6541 -22.775461866677741 1.5560120951780503 4.1606313568752347
6542 -22.78716932590897 1.5221614483775876 4.1662108322843556
6543 -22.805545013548009 1.4758936084557464 4.1720120149729603
6544 -22.826003581978863 1.424793457819304 4.162429866902059
6545 -22.858239433557777 1.3569209870658445 4.1410621561624694
6546 -22.899935385360386 1.2800679552634646 4.1030702172154863
6547 -22.965791553909899 1.1831205560350662 4.0210882153138732
6548 -23.04193120524501 1.1101675902812196 3.8485506425720057
6549 -23.026720544906699 1.1382446999828761 3.8623718686193103
6550 -23.039654410399873 1.1758873848105771 3.7031589822847422
6551 -22.941115098113471 1.2981574890050314 3.5453566945013146
6552 -22.681135995664622 1.4888713483499361 3.4321210406694385
6553 -22.35805168551067 1.6809551368958302 3.2273065540693029
6554 -21.83362026473656 1.8448707688596395 3.0722138699990196
6555 -21.295630086237971 1.9384790737656774 2.8539062328525997
6556 -20.603265984046615 1.8891408907807818 2.7550377233171699
6557 -19.970537175100752 1.796864634273825 2.6219828955013762
6558 -19.213300519487095 1.5984478347547197 2.4567780991109176
6559 -18.48209063582177 1.2591573359593644 2.3620567709378832
6560 -17.801808614430225 0.87554514323779775 2.2279894305265087
6561 -16.895612883595948 0.40789851661198795 1.4332274451441185
6562 -16.540343918856696 0.085167194727126416 0.89986279997824936
6563 -16.183121880981822 0.23754622245722501 0.6908852400451384
6564 -15.805140183936448 0.60992616880867667 0.91964145032261779
6565 -15.725707968704247 0.84955147419371646 1.6851094330633625
6566 -15.374478535083345 0.38075476872585468 1.580183556842546
6567 -15.078360390844013 -0.13771898258494375 1.7183213535165494
6568 -14.887595422129879 -0.35965376333151472 1.7007634330361885
6569 -13.832668593766304 -0.1646714151408934 -1.2341972621850963
6570 -14.212660872245159 -1.8749831135513508 -4.2120301726239893
6571 -14.500635920751966 -1.2505724105348577 -4.3850643975028314
6572 -14.728276496561326 -0.48224707828997904 -4.5225879657601231
6573 -14.860449030852767 0.2396837400314345 -4.5924510853594658
6574 -14.960463696014235 1.0584565945169064 -4.6103547145785102
6575 -15.026807407509249 1.7991698794449844 -4.581829831726818
6576 -15.09802339984625 2.6660222809128817 -4.5085743268438447
6577 -15.149536973162592 3.4931891877431505 -4.4266772239767924
6578 -15.180206125111974 4.4960196975518461 -4.3286798399219339
6579 -15.144411434060752 5.481019773368291 -4.237472245191074
6580 -15.010840319270317 6.6948338777179437 -4.1471045706374348
6581 -14.734185760281855 7.9639004991811602 -4.0928533965615568
6582 -14.316023280541039 9.1264418511664349 -4.0716881659795012
6583 -13.678406245326386 10.396146522414559 -4.0887691937114976
6584 -12.946957390314767 11.468333187719864 -4.1339828610966984
6585 -12.001858364064773 12.554789556724398 -4.2309554264598068
6586 -11.052334207361078 13.398868351228536 -4.3621313902896421
6587 -9.9221224095559393 14.192055289803934 -4.5619250319406852
6588 -8.8979267326976696 14.729754361724385 -4.7849252706054504
6589 -7.7679659851228067 15.152500402118319 -5.0729318993854839
6590 -6.7944985650544476 15.362192880223805 -5.3617892461946699
6591 -5.7862769259570266 15.423588990625174 -5.7223379926286642
6592 -4.8995398582107574 15.317785648438187 -6.1242706686261741
6593 -4.2420259206662498 15.096937478180394 -6.5129099471479845
6594 -3.6761820108971843 14.744675754089226 -6.983727661754167
6595 -3.3504599046374897 14.380026947482055 -7.4242278952419305
6596 -3.1914289733627719 13.979786554265301 -7.9204530644598083
6597 -3.217794909479966 13.662089636853024 -8.3631332782265417
6598 -3.4144591547899767 13.406764978194985 -8.8562304602538919
6599 -3.6950278796509988 13.311464082388211 -9.2825250491278375
6600 -4.195872544783696 13.19712375706294 -9.1149281226048977
6601 -4.7497624553042455 13.004914153395516 -9.0886794413212897
6602 -5.3644925056439829 12.765760755470813 -9.0305635150314334
6603 -6.1115222000105209 12.374874437799722 -8.8241881650438447
6604 -6.8197894637024268 11.840190571360878 -8.7594609830617358
6605 -7.7042331414765144 11.066044139493483 -8.6757636327245624
6606 -8.3573146931423192 10.338186039437328 -8.4157617082765022
6607 -8.8234223270610244 9.6203192141385898 -8.5358439519610947
6608 -9.3412242465578448 8.8822353088632635 -8.3471838654446806
6609 -9.5641756308956474 8.173136107010027 -7.8113614346967513
6610 -9.6417179476097381 8.374875307623256 -7.8187160970143461
6611 -9.6444307460578997 8.600100701784168 -7.4921039775578997
6612 -9.8401257860955447 9.1446450171548257 -6.929034563524759
6613 -10.662303910306994 9.5896187934390777 -6.7141244395062607
6614 -11.536807168199084 9.8312414297798316 -6.5175641381945004
6615 -12.362014874848748 9.7546841675347693 -6.7448162617884249
6616 -13.151643923880927 10.162045012867148 -6.1950663605417162
6617 -13.402554591573523 10.084843859422703 -5.8883655982165788
6618 -13.350311114602313 10.022289212298842 -5.7238406049316817
6619 -13.196254188944865 10.104385387039816 -5.4384321818596941
6620 -13.075402606625424 10.217257686257039 -5.4870382153523156
6621 -12.719002041367119 10.925882796722298 -5.3851667007860424
6622 -12.094688145075693 12.525793242257533 -6.6501260883821534
6623 -11.890093580562475 12.071864632802926 -7.9938794605609305
6624 -12.5012448074551 12.753349234691273 -9.6513465086968147
6625 -13.378763504786336 12.808650550898253 -9.1125042537404006
6626 -13.347164716041224 12.697403234687982 -8.455799563333251
6627 -12.835256790703351 13.275734114908133 -7.7773669898715214
6628 -12.800360664653375 14.163011679161112 -7.0872770625260264
6629 -12.930733316697104 14.53090905361006 -6.2945591434768451
6630 -12.280104518535069 14.615934805685576 -5.9385396237933907
6631 -10.962407105377114 15.229661772922583 -5.5449223166470594
6632 -9.6380154028940463 16.612558590110481 -5.1365893498163802
6633 -8.8783651532864507 18.194892865812573 -5.5356517300749779
6634 -8.9208007001135456 18.449578904958528 -4.3269875379982432
6635 -9.0036703313164335 18.830422635689981 -4.6617407854311503
6636 -9.2363507758506529 18.893272712948892 -3.4789130222545008
6637 -9.2966188066801063 18.809948515692483 -2.9632834181758931
6638 -10.808970855820725 18.944120704633878 -5.1666708089217659
6639 -11.135410082168949 17.224961601010616 -7.3347048823676815
6640 -9.2334538901600283 15.52061572616225 -3.8027102869617795
6641 -8.3545794469586987 15.439750431012996 -6.4033097315546232
6642 -7.6008631841171423 15.228421048472615 -6.9506977995943098
6643 -6.3963959425169046 14.280930939408321 -7.0578618472156283
6644 -4.9241137108429704 12.951732997187525 -6.8287144339941221
6645 -3.5702490667186693 12.271903513253779 -6.2709919029707146
6646 -3.3462532875814621 12.337524771912094 -5.9387649442432906
6647 -4.0546801761925089 12.33881742832267 -4.8694001457861749
6648 -4.684494443282432 10.033887675888668 -3.6888132715542228
6649 -4.1301873278835819 9.3427416822660483 -2.8023808766767924
6650 -5.7524510629214758 9.0538405688434906 -3.6277848746475114
6651 -4.6221272832293891 8.3955612305578864 -3.4821966446395649
6652 -4.2642593583380268 8.2310694780123015 -3.4388472919545729
6653 -4.0939387967453698 8.1309465700054862 -3.3898146547305199
6654 -4.0730557121828834 8.0906946436014824 -3.3897781017520336
6655 -3.5723422175509807 7.9713245541507778 -3.4943188375679108
6656 -1.574863411431636 7.0751777781519936 -2.9594249759118432
6657 -4.0724211547726359 7.4256378618450718 -5.3518497933135363
6658 -6.5782336604624767 3.4450253619486908 -5.8424305171822644
6659 -7.3919089894491083 3.6571208377461213 -3.929553805763804
6660 -2.89779705794649 -0.4453477469019782 -5.0781923361562518
6661 -2.9612764619397431 -1.3459040374897078 -5.7423122406093619
6662 -2.5341128419426466 -1.0826979129957917 -5.6382309503448447
6663 -1.546585825925769 -0.39491508296451339 -5.7719489410532523
6664 0.58639048461124166 1.4802319788489755 -4.3500223774845361
6665 1.4681001806818239 0.62632945624364611 -5.8304631666623505
6666 2.845000869425212 1.6940534892834895 -4.9693326631625476
6667 2.6793577493727803 1.7033644531373526 -4.5291955975298324
6668 2.518496852198032 1.8868955474057936 -4.2515953261852779
6669 2.3335500514097323 2.2444703552239478 -4.2984783173476151
6670 2.2933733778815033 2.5538806478192502 -4.6332368140853264
6671 2.4982647833847489 2.6511930349797486 -5.2902986846310656
6672 2.6181296387457365 2.4365063923023418 -5.9966406066971087
6673 2.4423360475761839 2.197805178376496 -6.4339281947684963
6674 2.5703456326338818 2.2273665158992748 -6.2245989719684491
6675 2.7608943614676082 2.1643673444366636 -6.4006562566136669
6676 0.34538792193413881 2.1054146897368544 -7.1412908198743761
6677 1.0868204168667159 1.6180488882664985 -6.4615306963604509
6678 -0.66797620992348317 1.6889287514792652 -7.5059001286103069
6679 -0.39293627202975145 0.46411309850217014 -7.7484062005557863
6680 -0.030037299584980692 -1.5592232008021079 -6.8834963662115074
6681 -0.45304472209956514 -1.1005740038003209 -6.7282640346224651
6682 -0.25074527020900739 -1.2903941330587836 -7.0832400552160353
6683 -0.51334297743616752 -0.8874704302294506 -6.897695573390763
6684 -0.81595952060161214 -0.593311471258259 -6.9479181504769914
6685 -1.2185048480968723 -0.21177648773834179 -6.9078234419270093
6686 -1.7412925076633534 0.22802238917789541 -6.8764178861052452
6687 -2.2934811939323083 0.66709798460602376 -6.7995855352719605
6688 -2.9743546975869046 1.1386102793375059 -6.6606111042762732
6689 -3.6855976611624444 1.4479029427954657 -6.5984854025589748
6690 -4.6515151760449323 1.7447003135296184 -6.5842358594738313
6691 -6.0985852844640673 2.4558625662868665 -5.7348993177329683
6692 -6.0823346553535007 2.5474805370270373 -5.5754018424289606
6693 -5.4279404342111723 2.7292359737778504 -6.3213840079588
6694 -5.8841919023234119 3.0097806956690683 -5.1893380431908556
6695 -5.6842172666498412 4.4051511025197829 -4.3775401230189948
6696 -6.9670547922461976 6.0692062202573753 -3.9632962060500194
6697 -9.016095004078343 7.2593866139830752 -3.5133641580082009
6698 -9.5700168285749676 7.4456903503406666 -3.4397671551330666
6699 -8.9214601433098437 8.0369886307028882 -5.4669366663452763
6700 -8.8549689289432596 7.1821643510144222 -6.0301159791796648
6701 -8.1042924635579077 7.4347027806044128 -5.8671143785586555
6702 -7.6748763530787665 8.0630004261286174 -4.7626490329471629
6703 -8.5010532832036212 7.0263284971456521 -3.1212118635526704
6704 -7.3270056818022606 5.9179929234575974 -1.8782471730437873
6705 -7.867143344451395 4.9408487934778016 -1.7243752414147164
6706 -8.9215850761171147 3.9203336860474964 -2.776205602461574
6707 -7.5500701568512794 3.3046138547116919 -1.4484352009899677
6708 -7.7224808791319033 1.9967601717586638 -1.2761961985100057
6709 -8.3971503045654714 0.73532424543396191 -2.4534045354005301
6710 -8.0236829749713312 0.76516691828968719 -2.4236087658490257
6711 -7.1193843673785713 0.3832171056042486 -0.91986596907922857
6712 -5.8488017582775056 -0.6825655161671863 0.12250660482007625
6713 -4.2239960667058014 -2.1102645972500902 0.33735826636858368
6714 -2.8831678802846881 -3.3012528641761114 -0.21390444669465158
6715 -2.2838790871017887 -4.2174047132752452 -1.7173143938389284
6716 -2.4362618996386627 -5.1718906782227938 -1.7493026546838877
6717 -2.4781467730267615 -5.6435328530430473 -1.6753521237518556
6718 -2.3676028174003201 -5.5297330080816316 -1.5891118119646404
6719 -2.3550698406266672 -4.8758321416175274 -1.9885432646963384
6720 -2.3911432556843657 -5.5980018529174869 -1.4391416266453101
6721 -2.5453025404214848 -5.3128667222896517 -2.2334410206050332
6722 -4.098941511346017 -5.9448962234623668 -2.5359990993287065
6723 -6.7497658534013665 -5.4627833743442373 -2.5025397095534903
6724 -9.2034650604714283 -5.7634728534515105 -2.1233298321349592
6725 -9.0762768320593867 -6.0111857977836323 -1.5559018497613575
6726 -9.5429894791683605 -7.3517659031246199 -2.5913360835100896
6727 -9.1971059994448314 -6.9945110818176968 -2.757843989340067
6728 -8.8879338676723698 -7.0997636379800158 -2.4337045386354208
6729 -8.2390371726640801 -7.0480038508776817 -1.7099843769911158
6730 -7.9679058041302468 -6.2256722177962525 -1.317472675418621
6731 -7.9854283108413657 -5.7065106557732035 -1.3046463607957886
6732 -8.2314678702296113 -5.2029512584449815 -1.7539986758272084
6733 -8.308485963743081 -4.6785392835611299 -2.1558030815181244
6734 -8.1664629784467557 -4.3582959680736231 -2.2107585251629582
6735 -7.8353697742570176 -3.8776934522540127 -2.1683223751425413
6736 -7.3930627048453896 -3.6104446526133769 -1.6379350198572193
6737 -7.5907875503002771 -3.9260006275658137 -2.067916123460805
6738 -7.4565570449240477 -3.6310863779089964 -2.007029805981082
6739 -7.3301504470620262 -3.3116856406986868 -2.0832397567536822
6740 -7.3417895206350927 -3.2644508216729515 -2.1022585165030967
6741 -7.3480825416850513 -3.1244089332741489 -2.1656883933301412
6742 -7.3718098652612074 -3.0419286710795301 -2.1525186899093205
6743 -7.0660417688413428 -3.286797243774946 -0.66425867433589114
6744 -5.6770884481573418 -3.8585195720626664 0.44531279829337678
6745 -4.4388410927757063 -3.1968675975927612 0.52521695205103669
6746 -3.5214294050725066 -2.6293296470493392 0.56934083081434694
6747 -2.8237079266550036 -2.1754642773246338 0.5720174783258074
6748 -2.0719385050275294 -1.6639524447030121 0.62575464053367491
6749 -1.365700558578522 -1.2257097731816748 0.42888187105302233
6750 -0.39621363026294337 -0.61154090320184662 0.7389704593933325
6751 0.23891251019874657 0.032482363668454362 0.86600665664782051
6752 1.0005777150600987 1.0092981500686413 0.949449022206589
6753 1.8700552940342892 2.5890383919207034 1.4003677036860267
6754 1.959397079795953 1.7568702947324741 1.0444094720869477
6755 2.2959303840634178 2.4164050197147331 1.1888700904346243
6756 2.455847116878116 2.6579407099183689 1.1294453530119526
6757 2.727523218212875 2.7467778085940919 0.72039660889279999
6758 3.1030292867588605 2.9790982747015944 0.72641309603658333
6759 3.3594603326583887 3.2738490738883916 1.1704236904504175
6760 3.5636725022380102 3.4877896247246474 1.2552503374752679
6761 3.8415470520664008 4.2968921691264548 1.2151304339707418
6762 4.0983611536913234 6.2340257727526494 0.59590040421752277
6763 5.5856638952163093 7.5765719543289949 -0.22744218605751149
6764 6.5123568753400587 7.0528648938167287 -1.2953397531190525
6765 5.6037443478957485 6.8464849788058642 -2.8064131519772393
6766 5.2707296738740075 6.7035526135538941 -2.6164973885274212
6767 4.2420604330367331 5.9687012965394723 -2.4263853082615827
6768 3.3556416446885109 4.8695697271294955 -1.9225760155495928
6769 2.6074950644835999 2.820577905487871 -2.1571046832452994
6770 2.4289002938586468 2.2521985559463005 -1.7641540428201881
6771 2.2187558950705268 0.74701405824024225 -1.6444997319633892
6772 2.2171652896166019 -1.5518706427561895 -1.3522269703342793
6773 3.2975445721128365 -4.9742347096078934 -0.64454149605712119
6774 4.3962534541105383 -5.6692296402984637 -0.3534277549537006
6775 5.3922803725514479 -6.1710651721467036 -0.67394045749667297
6776 7.3108104478324325 -7.0335869284515988 0.31190589469635543
6777 7.6022529836897075 -7.0134138786495903 0.17346593238077906
6778 8.0122399681385428 -6.7076986041440261 0.83374237983324362
6779 7.1478762733650214 -7.2628019460818205 2.222706832816145
6780 7.886091366006899 -6.8234272321771137 0.74456746757477832
6781 8.1078297069880332 -6.3025503011007542 1.3381973323152925
6782 7.9871792352104638 -5.8652652805494752 1.917607363265081
6783 7.5820680093860364 -5.4984591631332806 2.541658151020632
6784 7.0092783385290733 -5.2996450165583298 3.0073349013298394
6785 6.1270925323451788 -5.3506808690245373 3.3928015844754622
6786 5.2517758346377521 -5.7011873265459281 3.6091449872458625
6787 4.2895591584168331 -6.2988192197678927 3.7150721362651757
6788 3.4474178503761985 -6.8622034131545711 3.6919860488513212
6789 2.1594452810048956 -6.7761428806962485 1.9499115293217522
6790 1.971783476695729 -6.1602548067626914 1.8127404842812775
6791 1.7443732722057654 -5.4792220408980308 1.9602826721519504
6792 1.5011772059471389 -4.8271572364062942 1.9076198155694397
6793 1.2938258663673714 -4.2050568044031227 1.8880817977076962
6794 1.332463408002682 -3.6192011058527087 1.3631497972774858
6795 2.3580138892826747 -2.0479931695296272 1.3187702455153785
6796 3.5780695540858791 -0.19775417768828474 1.6182108795601287
6797 3.5826639095084438 0.66570737593407503 1.5413014242650702
6798 3.6701175698406163 1.6416191471683299 1.4516754795076072
6799 3.8128219732802893 2.4109738819003845 1.3532225741368498
6800 3.9192026873998889 3.2024763332199235 1.5627026457025541
6801 3.8886249146234029 3.2982389895755109 1.6541884246816467
6802 3.9024609076342625 3.0695242781854204 1.6754763567065272
6803 3.9262354658361192 2.6965211985086004 1.7331705608572712
6804 3.978842603536263 2.3034299094759594 1.7935839444967698
6805 4.0521838718407306 1.8755231967299919 1.8960106930247385
6806 3.9823250461130435 1.5972722880715893 2.6223035067052756
6807 4.547351533766002 1.2681228325146208 2.7115415487403318
6808 4.9984558954748151 1.0849783535640165 2.6308088686959104
6809 5.6214145173383567 0.8831180378761132 2.0436631180041793
6810 5.9290093095876033 0.096263287732334696 2.5692048831272327
6811 6.3861345758702219 -0.09879918963462786 2.1490298021880254
6812 6.8698639560101027 -0.94063310986123461 2.485590283263361
6813 7.27916912520958 -1.2878965131770579 2.6180491188379404
6814 7.6132771821068985 -1.5229576472124886 2.7972720363985513
6815 7.6592043510557763 -1.5270046956783661 2.6564421252337138
6816 7.9438295479618963 -1.6742276516024888 2.5805058128758627
6817 7.613526930182533 -1.5068991908176776 2.7609674604514018
6818 7.0988096979951134 -1.3262545944808639 2.838098297252468
6819 6.6046169116271223 -1.1754619978511993 2.8097395584704565
6820 6.1077228813516573 -1.0147871095120558 2.8727829746889224
6821 5.608659575757529 -0.88394128394373639 2.9449703608185218
6822 4.9530016580936422 -0.72978613881498422 2.9008337750053914
6823 4.4317502553287058 -0.56870452260634974 2.770986808999746
6824 4.0479544022156011 -0.33805746201163356 2.3409942366671594
6825 4.1416820344045533 -0.40928035633993065 1.8090369148295653
6826 4.2339372681481402 -0.82631029112816745 1.0522133307954138
6827 3.9188642853060554 -1.3496040284511848 0.10461974779737601
6828 3.9562593730577138 -1.2419665794334174 0.3599099602918171
6829 3.7398983226789908 -1.0449828353071653 0.95284192766442766
6830 3.1156079592134454 -1.2211464387944759 1.7119329900387938
6831 2.6397197893620898 -1.9294732030861748 2.6118905865818074
6832 2.6056305417536585 -1.8317580622005927 1.6728852736368811
6833 2.4763371772009988 -2.1959536326056384 0.85903046268345207
6834 2.6816642304644001 -2.0245702877407514 0.21734009652962738
6835 3.1835374470743147 -2.1048529826882705 -0.25688403524991488
6836 3.6667816934144728 -2.7071228178742381 -0.71525909587392
6837 3.6760014842300426 -3.4725086057393768 -1.1025259904069169
6838 3.5021731263398501 -4.1922472647976727 -1.3245735123895372
6839 3.2723857369590736 -4.7634251692930398 -1.5978508629624208
6840 2.9687673655338833 -5.2859205680057659 -1.9707712855629025
6841 2.6838341842648359 -5.6411230353433206 -2.3522068418276807
6842 2.3751249104483612 -5.9141650695599495 -2.8186240651438528
6843 2.1139413846464152 -6.0620333501950956 -3.2670152215870951
6844 1.8419282242676083 -6.128647470469498 -3.8060908413332508
6845 1.5958967705977636 -6.0631482443038234 -4.3581946537574563
6846 1.4597091130251241 -5.8334818914875637 -4.8173122276006275
6847 1.5604666445577919 -5.4108910020229528 -5.2584297326954914
6848 2.0430910917219314 -5.0293991184112627 -5.5582354807982552
6849 2.9759380081904423 -4.851801321797284 -5.775610042522735
6850 3.9983494669396196 -5.043526623551255 -5.8890514760577783
6851 5.2166764947723516 -5.5630969498900438 -5.955723058911544
6852 6.3287157641784866 -6.2045198160784123 -5.9782929558564302
6853 7.5944259293913392 -6.9535808179030507 -5.9805569207157196
6854 8.7792779477680352 -7.5115848876766851 -5.9545675412855212
6855 10.145671908067907 -7.8411168036655763 -5.8530780038605794
6856 11.202198355832262 -7.6981559744798052 -5.6598606637709956
6857 11.935117547744818 -7.1276648875710382 -5.2621716122655329
6858 11.803384413664773 -6.8487382809878721 -4.877755341119677
6859 11.765788139461117 -6.4609816101855708 -4.7164261799109317
6860 11.751407331152116 -5.9365626296037259 -4.7888939227369143
6861 11.538724615861874 -5.5689094983636727 -4.3603599998415232
6862 11.251888754639321 -4.695487456105476 -4.3331317114868906
6863 10.942338491672272 -4.0003651399014029 -4.1788920140162498
6864 10.473953147624281 -3.2743943490785479 -4.0184437239653352
6865 9.9175160095886721 -2.8885857096559997 -3.5557158895783632
6866 8.9447648691806378 -2.3855095097154102 -3.3845709246091822
6867 7.8623283447390451 -1.8435647156412247 -3.5719550582755599
6868 7.8881752064951689 -0.56879161870247952 -6.9959099733007957
6869 8.2977246548445365 -0.94798203599054887 -7.1229940392622728
6870 8.6886468373130885 -1.3531860276290728 -7.118294269143675
6871 9.5702232400889944 -1.7709782213258958 -6.0884286984496132
6872 9.8841819295155631 -1.3204377206739024 -5.0555098993168723
6873 10.005164891059517 -0.73940293028005799 -4.8518057157324517
6874 10.003482457209337 -0.73957289923228497 -4.8507895375796588
6875 10.064161126340649 -0.16908741969563001 -4.7984247922945338
6876 10.093053544218172 0.45516018751773224 -4.7326098503114933
6877 9.9255748486579112 0.89159736606544793 -4.1983974999997793
6878 9.4416962705418044 1.3795708470203125 -3.7212434475989302
6879 8.7815018647669927 1.7023932784122873 -3.4269557828147685
6880 7.9037827512011152 1.9144107729381556 -3.2367922103978208
6881 6.8996985958624029 2.1205460596384293 -3.3580330513291718
6882 6.1036235464052275 2.4205472610749919 -3.5583954679166689
6883 5.1068431613734804 2.5508255529230217 -2.5472035949373408
6884 4.0526921561153717 2.3657888736184853 -2.7003242660225926
6885 4.0507817857456798 2.3649662061772689 -2.7015275558699656
6886 2.8140244712512623 2.1376961354459709 -2.0993162151046896
6887 1.6290689167776953 1.6299835070722244 -1.7436697279429882
6888 0.33457955714649668 0.80000729732640941 -1.5274213101674807
6889 -0.60676637685215207 -0.16648632908980393 -1.448391309863311
6890 -1.2782248830237264 -1.4031867986645037 -1.4164219315757873
6891 -1.3706843312891792 -2.436727296376807 -1.3658575455476885
6892 -1.2093930174125436 -3.1923055255822055 -1.4062922829005053
6893 -1.0806163108177962 -3.8006043836819843 -1.2697787381002121
6894 -0.96643393466154714 -4.3791024155399683 -1.0156696220885828
6895 -0.11419633566720466 -4.5958995601614525 0.084103151296071613
6896 0.31786871736434219 -4.7054811840022799 -0.42339427788239881
6897 0.51903598877292523 -5.0107418844793692 -0.97897206295375239
6898 0.57758274311533075 -5.3536513740473719 -1.4097647750018578
6899 0.32907498381109512 -5.8892456642352577 -2.4410707302839429
6900 -0.17198863809108722 -6.0731618432967309 -2.9579317143406816
6901 -0.79969375088346262 -5.9640184924962538 -3.5223433791448064
6902 -1.3112215190267307 -5.5361646797019208 -4.2340784723565861
6903 -1.788508662814678 -4.7749722585043424 -4.0955185303421926
6904 -2.3849817217896905 -4.1436046586482584 -3.9051602290465226
6905 -3.0969564401393654 -3.5119726562468458 -4.1187735426423799
6906 -5.3173458669837768 0.26477731269091453 -5.5455081292276391
6907 -4.3391132045203307 0.87191201341125768 -6.4244521820263776
6908 -5.3307001847360409 0.73475031580715777 -6.8780093996504492
6909 -7.124675878965081 2.1189538244291226 -5.787380012443359
6910 -7.03594097837827 2.3340093092889074 -5.419711651343186
6911 -5.9717200545887446 3.2115831602864842 -6.2165777698741973
6912 -7.2036749758377772 2.378624941127935 -8.3320597121385624
6913 -6.879730938452373 3.3752114803148139 -8.5681662210462548
6914 -6.1514130761050181 3.6205262827701232 -7.2098974711192092
6915 -6.5946039144577195 6.0330713369832498 -4.1575150608202804
6916 -5.1828699883317251 6.3318577484140022 -8.2999987551224823
6917 -4.1934780812854493 7.3494310552372371 -7.0474159608797997
6918 -3.5125776342447419 7.0209952711664343 -6.3984107640307535
6919 -1.2669117606997642 6.9262675437148964 -6.3813738407007605
6920 -0.54757042254880006 7.8351664612525473 -3.5192964712580603
6921 -1.315067038817995 8.1690464973431283 -3.6117259804541786
6922 -1.800512255322027 8.431077938840847 -3.6508046390378457
6923 -2.496536936465235 9.1914027173830721 -4.5301032836723829
6924 -2.3576726268994381 8.9095867401233928 -4.6767559298093477
6925 -1.8496718187882497 8.3234184343761513 -5.7592582995674642
6926 -2.0524201234607147 7.6255622193945918 -6.8122477807782849
6927 -1.5423229500917803 7.1016148550907392 -7.3649506498461488
6928 -0.7476454461203883 5.7769740279533126 -7.4795468127479721
6929 0.0014172463148626191 4.4289968993019908 -7.1864178980578117
6930 0.23379201514026704 3.8326390150779615 -7.6480404501704955
6931 0.55819206192657833 2.65887824681587 -7.502849105489573
6932 1.2325168280380361 1.7519482260935832 -6.705137532473338
6933 0.16249938745155296 2.6077949235231199 -5.6911362298755721
6934 0.10779308741044036 1.9821194567867537 -6.9090332099104588
6935 1.2470702221971146 1.2767699281312246 -6.6181894447646439
6936 1.761708860954136 1.1488463198074732 -6.4932410312618707
6937 1.8183840975448993 1.1840842047572844 -6.3864926159120197
6938 1.890723702718325 1.1796319823346273 -6.3873490220893343
6939 1.7634245438585334 1.8231834392012312 -4.8015351144055272
6940 2.6923745070592875 1.9485474964047409 -7.5120465172997894
6941 2.9921542747476186 2.6568290892565867 -6.1443045903188205
6942 1.6591130002136709 2.0716123943699762 -7.5869387280478531
6943 1.6797461720905957 2.0538531481727427 -7.5666306790982985
6944 1.3502436298229668 2.6606342854288276 -8.0839956944577214
6945 1.2908565366269096 1.6750611229545904 -7.5949133782490206
6946 1.1356878374001924 2.4991798005429073 -7.5789109344064007
6947 0.42418913407991465 3.7640874831275091 -8.7310596148846074
6948 -1.8532088805296589 2.5425372775084765 -8.9378191033300052
6949 -4.4505290554173795 1.5196123160837212 -8.346853460854561
6950 -4.7910378372455709 0.96069639557121067 -8.4075059308942741
6951 -5.6109228804854929 -0.24931917019339739 -8.6357213756355815
6952 -6.8876947139015048 -1.81187729412621 -8.2725684664151498
6953 -7.1509375295731292 -2.152764152044953 -8.359381905005586
6954 -7.6014734994266542 -2.1036753241016135 -8.8989051830641905
6955 -8.4819700059212977 -2.8529618835257056 -8.6648698947186897
6956 -9.0617654525547948 -3.0845064820552639 -8.8447860077846805
6957 -9.9122997349523647 -3.6122313083443451 -9.3462298691576873
6958 -11.228568506388076 -4.1050489661449898 -9.7964722881035637
6959 -12.725768584046504 -4.5306405836913557 -9.5453219684614954
6960 -13.693846073387489 -4.8852988063201099 -8.902252833344205
6961 -14.077181129354404 -5.2397823642698373 -7.7152139850306227
6962 -14.2399123136253 -5.0935383691996829 -7.6095481698466196
6963 -14.481759118988004 -5.0356206389300215 -7.6552904120036054
6964 -14.682787306182659 -4.7301407880411048 -7.3536495918838503
6965 -14.831026067597083 -4.9626812144089492 -7.6071854468669864
6966 -15.095799935851897 -4.6175694722493397 -7.2478914265993017
6967 -15.523832897609477 -4.4971283404759221 -7.2153344230296899
6968 -15.99712231710301 -4.6104790246622009 -7.5369160240625872
6969 -16.099761462790759 -4.9085358072824077 -7.4690194801679288
6970 -14.957152861931064 -5.95288110590855 -7.2654030962616645
6971 -12.45009815211875 -4.5761069884668419 -7.3515733854543477
6972 -9.5277958844045383 -3.2821934828223926 -7.3621164320995058
6973 -9.0473899695304443 -3.9895130517003699 -7.3285383824822343
6974 -9.0206837117770871 -5.2258012132564069 -9.1539896865977219
6975 -7.1043809604369521 -4.3949753705338699 -9.976310755780645
6976 -8.2569689062090479 -3.8967817253996109 -9.4484546552307815
6977 -7.8052139792290731 -4.3740421852172497 -7.7338700667433953
6978 -8.4463922463535148 -4.9801947832036975 -9.0493948973773097
6979 -8.7966352073047887 -4.6104371494516032 -10.175098305308746
6980 -9.3471165016200963 -4.0464678180270797 -10.356363998019541
6981 -9.8435083898933513 -3.4178651402225535 -10.385769155503585
6982 -10.149224294228095 -2.9679639205008037 -10.441596767442235
6983 -10.463247948032112 -2.4906209375347523 -10.41660266096082
6984 -10.725217496534391 -2.1295741923997324 -10.337469027875057
6985 -10.949698615189201 -1.8189440492768909 -10.37589929848745
6986 -11.145787647723258 -1.564879525794566 -10.2910027527002
6987 -11.330217574589375 -1.3482367916107691 -10.258772699887377
6988 -11.464954218658193 -1.1996237929136364 -10.217379780228308
6989 -11.595365304233257 -1.0665432761742495 -10.196533319449212
6990 -11.677215505880731 -0.98349465607825892 -10.189877061641416
6991 -11.732525435030654 -0.92671539827519078 -10.186422457484742
6992 -11.745997912731237 -0.9075926006772399 -10.225800678758116
6993 -11.748307044117626 -0.90460856145378099 -10.199543169281643
6994 -11.749790791010678 -0.902408554201239 -10.176239583154562
6995 -11.748052252357772 -0.90019914910892096 -10.179121396953752
6996 -11.745828746860871 -0.89835848457327527 -10.181590461342847
6997 -11.740637976450023 -0.89486622755927203 -10.215816862828573
6998 -11.738606260172793 -0.89337854154328655 -10.214313983480954
6999 -11.739831189256527 -0.89332558121274452 -10.17993129869779
7000 -11.738191461325686 -0.89197411673502147 -10.17489349449283
7001 -11.736339178107217 -0.89081820261107691 -10.170122679966704
7002 -11.734215122487317 -0.88952153911518173 -10.168515375540562
7003 -11.731918519367301 -0.88821713137958846 -10.168389001834292
7004 -11.729637779053984 -0.88696613945689173 -10.168244169695805
7005 -11.727084744455967 -0.88560869319448399 -10.170624626969257
7006 -11.724552937442548 -0.88424104680204474 -10.173062912896885
7007 -11.720584460386515 -0.88206690328581616 -10.190258388445864
7008 -11.71674238444246 -0.87981950073246251 -10.208832415231194
7009 -11.718021512243592 -0.88016097610454536 -10.173724899206896
7010 -11.716285583476177 -0.87950347266825424 -10.167654454221326
7011 -11.714161658107633 -0.87855382464442977 -10.165277138255611
7012 -11.711899434269919 -0.8772642199027223 -10.165178900486945
7013 -11.709614571168643 -0.87590666497530134 -10.165142856588437
7014 -11.707130376551799 -0.87479023302952896 -10.165160017907557
7015 -11.704852566316118 -0.87349072580505926 -10.164704321411715
7016 -11.702399834256155 -0.87234514395844975 -10.164136523381231
7017 -11.700029546180751 -0.87118217677411913 -10.162766471135543
7018 -11.697516075369757 -0.86966948870886496 -10.164020086278311
7019 -11.694886675014605 -0.86834867197356547 -10.165048357107468
7020 -11.692623859312745 -0.86692256538623313 -10.164094714243722
7021 -11.690171842119003 -0.86573742031262046 -10.163178553309967
7022 -11.687766792918049 -0.86423703096305926 -10.162955026451172
7023 -11.685374268229394 -0.86270855993257001 -10.162632306106985
7024 -11.682869997682522 -0.8610649891538491 -10.163304403559662
7025 -11.680316887985422 -0.85960676091698496 -10.163056548255266
7026 -11.67785080894016 -0.85806784325780239 -10.162210387802757
7027 -11.675568921355227 -0.8562887651615203 -10.161287246872121
7028 -11.673019695670016 -0.85458706382475702 -10.161296699925717
7029 -11.67067595946331 -0.85265087043372467 -10.161283568804961
7030 -11.668142770696175 -0.85090810314810672 -10.161217183437792
7031 -11.665814910008125 -0.84892634792399191 -10.161070071857329
7032 -11.663540412807544 -0.84721321035281805 -10.158725175791256
7033 -11.661417800862436 -0.84521029858409624 -10.156618561260565
7034 -11.658870806670095 -0.84327884226548799 -10.156540311403571
7035 -11.656503809279217 -0.84107169784074476 -10.156498091517792
7036 -11.653926972621854 -0.83911918326822366 -10.156527083898064
7037 -11.651629880534106 -0.83684349676011871 -10.156643456936957
7038 -11.649174263581374 -0.83480824835255607 -10.156712879367827
7039 -11.646718644141984 -0.83276824160012164 -10.156777636814635
7040 -11.644503131704189 -0.83050918690166209 -10.156836988200515
7041 -11.642035879129908 -0.82835790781646135 -10.157925447454156
7042 -11.639992362407934 -0.82600937791959406 -10.157996560403218
7043 -11.637703281948452 -0.82397493117932519 -10.158055813223223
7044 -11.63545858298923 -0.82143497222886186 -10.160927645067041
7045 -11.633176803737181 -0.81885543470648192 -10.163590823596293
7046 -11.628473715615264 -0.81499236569954081 -10.190946455078443
7047 -11.628649708276662 -0.81404338237559015 -10.165183890929001
7048 -11.626724083029744 -0.81138153772784927 -10.163715948074595
7049 -11.622701196656353 -0.80780247504092884 -10.18129196180773
7050 -11.619004087950785 -0.80373696345667534 -10.201853402347043
7051 -11.617154010961737 -0.80074695840746413 -10.200063475309559
7052 -11.618341045411691 -0.79910163728098649 -10.166492905815293
7053 -11.616033762091011 -0.79609803404047175 -10.166724702819247
7054 -11.618015902568152 -0.7891071540050516 -10.167237055938804
7055 -11.629850436636611 -0.77283785921552994 -10.168021815826142
7056 -11.653378661165718 -0.74551572383793108 -10.168298162114782
7057 -11.683215590155534 -0.71272224054764988 -10.165188059356197
7058 -11.724229073944548 -0.66984721901298694 -10.158435549271417
7059 -11.765896953809357 -0.62548275077823323 -10.173597599296047
7060 -11.819691933758165 -0.5686551515087761 -10.187971292488902
7061 -11.878734621380053 -0.50956583951638601 -10.149720703644871
7062 -11.951660120972102 -0.44038394933719072 -10.137072907461642
7063 -12.023025648013924 -0.37446853440014005 -10.122581678581167
7064 -12.111765140727346 -0.29599499755467873 -10.102440740083232
7065 -12.204529377902608 -0.21684238459821498 -10.078903760692302
7066 -12.309414031554379 -0.13278572973319178 -10.070422228970115
7067 -12.44587234966829 -0.029490677814084987 -10.041774961542922
7068 -12.566450239807098 0.057143702337311128 -9.9959716225268664
7069 -12.680767421078153 0.1347747602926096 -9.9755788350780019
7070 -12.736731449433899 0.17496134036220584 -9.9571479912077017
7071 -12.741734575102349 0.18429730647661408 -9.9520956168396193
7072 -12.7402959826297 0.18996722749125058 -9.948441355811152
7073 -12.738737171725587 0.19559947156947832 -9.9447778505863695
7074 -12.737214240032191 0.20125072028034133 -9.9411711558637776
7075 -12.735398677974043 0.20727190493147554 -9.9412138336222124
7076 -12.733970783705178 0.21357613064396822 -9.9403337495785475
7077 -12.752666781141295 0.2307074999352097 -9.9358518025673206
7078 -12.784934113901503 0.25486721681256685 -9.9276901774206454
7079 -12.83731464238854 0.29066515121356989 -9.9523134767350108
7080 -12.925988195217522 0.34489607204821859 -9.9474706038346454
7081 -13.113584403562831 0.4431299599251311 -9.884294778020287
7082 -13.355911740406627 0.55603577640898372 -9.885537718872742
7083 -13.784883722181881 0.73849121299614229 -9.8501832143578305
7084 -14.29674992710574 0.94838608186225648 -9.9316884833343444
7085 -15.020434642621964 1.2266728782882892 -9.7514118136347374
7086 -15.523074898733311 1.4653594350959513 -10.066143269270087
7087 -16.589080954502027 1.9571327156209946 -9.7424951104493793
7088 -16.860996524520523 2.0923293613732965 -9.6863418866033228
7089 -16.723310081430636 2.1300534661562138 -9.5798326706629915
7090 -15.827144791492982 2.3323110928667043 -9.9020240353267504
7091 -16.180952839771301 2.3598081591956697 -9.3182458936431534
7092 -14.85617232288724 3.4864805124679528 -8.3564019411119048
7093 -14.716931071538744 2.3350386975288613 -7.8965551982731359
7094 -11.197014703120658 1.4950857050312356 -8.0016609043006035
7095 -7.5075807169336217 1.5196081426931793 -8.3156323639181675
7096 -4.2948124590147785 -0.57899375993780933 -9.0514552877601595
7097 -5.7751362254998719 0.67345959395702537 -10.677142725320198
7098 -6.2014074859223722 1.7852327525818814 -10.526088053845127
7099 -6.4829219138893395 2.6461610384519809 -10.824360562024603
7100 -6.6228817908014728 3.5510011775652113 -10.880831172445992
7101 -6.8383349258963326 4.5669893819711938 -10.699052403251066
7102 -7.2218014930992656 5.3042221410957255 -10.324870250935986
7103 -7.3368572395334821 5.4043474583972246 -10.214637342256777
7104 -6.6373221858984 5.0611122527741097 -10.77279077915821
7105 -6.9874909092033866 5.7531392023796171 -10.274616350464788
7106 -6.3420631504540932 5.0942549934260155 -10.276616600944424
7107 -5.5785434735237587 4.2155698178138552 -10.113758335426038
7108 -4.2466634304383719 3.2585840107224726 -10.311678372710228
7109 -3.7126388311110703 2.5556177677118437 -10.003763692781517
7110 0.12344652038415249 -0.33493912605105525 -7.9340379223254827
7111 0.14928991917464352 -0.30516512269910767 -7.9371767740077122
7112 0.15006022811843356 -0.3357024953923945 -8.0444189275825515
7113 0.094803640960905211 -0.14535598521437182 -9.3472329615034759
7114 -0.026793359147327278 -0.19497768607325389 -8.3059166529485751
7115 -0.027942813050683024 -0.19135011673072483 -8.0980745906709526
7116 -0.02935398225444974 -0.1869561208799822 -8.0003346450270598
7117 -0.040071690308739916 -0.18708656811415592 -7.874590886629262
7118 -0.050691213132969759 -0.18688149064571996 -7.7488660799143476
7119 -0.050614853889663025 -0.18740607921409974 -7.7489311301120267
