0 -0.0068762544151722603 -0.034265057199028406 0.0057158552965306097
1 -0.019000635193566699 -0.048512790909686271 -0.03703559611512712
2 -0.039906516450780985 -0.062397000813525283 -0.10401444762765887
3 -0.10126639796792912 -0.07334805441465532 -0.30328998968922471
4 -0.16288166644189994 -0.083820432395459554 -0.72240379881933758
5 -0.211930977767502 -0.073103882639623918 -0.88987198178223414
6 -0.22747929966558431 -0.084435069711681979 -0.89962909010108183
7 -0.19047752827399597 -0.18302214989817589 -1.1016370340378334
8 -0.050226921567323113 -0.53322429665500615 -1.2698216380830203
9 0.1124896925663102 -1.1439067409847894 -1.2772920014325755
10 0.09312834642070944 -1.1563053540807822 -1.2754035579427663
11 0.33402585457998413 -1.9283103220079063 -1.0695110766572558
12 0.30896856957833813 -1.9634239508152174 -1.2263192552421223
13 0.43523528590645044 -2.3164662219176049 -1.0880983661345756
14 0.22887008926961722 -2.02860377925359 -1.3371545233048878
15 0.17894878450021268 -2.1850163403846792 -1.6707901889368855
16 0.10470560883961738 -3.2859161268108119 -1.4278787469687313
17 0.19077812257573096 -3.6117715980044198 -1.1333710538471289
18 -0.24474278305650526 -2.7392242112076008 -1.3145960577551139
19 -0.26420511976601502 -2.7166905784780524 -1.3213696205554606
20 -0.42287314022165934 -2.5275676755369365 -1.7465963067896808
21 -0.52750161718039967 -3.7306415856745909 -1.3387574821811397
22 -0.59674757489360986 -3.3371410042531373 -1.2680121318373476
23 -0.7590561957201436 -2.7193558870663352 -1.2280265145374916
24 -0.94546089695001401 -1.9706684611122844 -1.1277745663201868
25 -1.3669224779310001 -1.7850336344779671 -2.6156259783853084
26 -3.5913833948901996 -2.259550082175418 -3.9308914796273964
27 -4.4374601818491248 -0.50241436569931108 -5.1516386189177421
28 -3.9381178677993498 -0.79330761117905146 -7.1024541956588854
29 -2.9238583243835969 -1.1555667887901562 -5.5811367344100846
30 -2.1848688863927173 0.29646603576080005 -3.8878828531742746
31 -2.7740470900699208 0.074097607382333286 -2.1935571770117921
32 -3.2680733184944506 -0.64935430300590502 -2.1376852033165465
33 -3.268836680461364 -0.64923810564363105 -2.1368628925461004
34 -3.4718311838485465 -0.86226842258398462 -2.2699270493907635
35 -3.4743838107770078 -0.85868077141150145 -2.2693439880004331
36 -3.6826500473095138 -1.2231077208958683 -2.0327518935817155
37 -4.0761265777551596 -2.0616421366742452 -1.9541801703223347
38 -4.5712157206515762 -3.1935880401118912 -2.0261835619364685
39 -4.8323750559453913 -3.4038641644308085 -2.3832561754437629
40 -5.6189842418550215 -4.3712303348344692 -1.8236429114855128
41 -5.8647024968412129 -5.5668033772463597 -1.6164563463645447
42 -5.8681381001656145 -5.5682587455867596 -1.6139107403490316
43 -5.8591751566470425 -5.7178443100079237 -1.558761198520394
44 -5.9328270051710108 -5.2073760007123715 -1.82023686387238
45 -5.8582768271509309 -4.8865774313966819 -1.814993539604594
46 -5.8199584780713494 -5.1117431923475332 -1.4166828349272935
47 -5.8822390876031649 -4.6506451932520791 -1.4056193432494128
48 -5.9290472495646469 -4.2678782769032804 -1.3209114721718489
49 -6.1267264192468849 -3.5478486724476275 -1.4555580007248963
50 -6.1231278551556789 -3.443379784647445 -1.3931291092377165
51 -6.1285332933168517 -3.3485880803822639 -1.3515666371035
52 -6.1129410232870436 -3.3990851337645966 -1.3694583122700756
53 -6.100270144105985 -3.4560992504375103 -1.4016600474413996
54 -6.0876111047676735 -3.5100992829890547 -1.4002525557971639
55 -6.0766348340354694 -3.5616333801293822 -1.4102971504248385
56 -6.064409350723392 -3.608611431161413 -1.3844567733582502
57 -6.056931232476038 -3.6357646808009751 -1.4133715837147338
58 -6.049330946146382 -3.6543665344545224 -1.4201783247225828
59 -6.0434076556186911 -3.663038524185052 -1.4267428152651092
60 -6.038460869278226 -3.6654383172045031 -1.4309489679338676
61 -6.0326037358065054 -3.6627942204996375 -1.4314792314266516
62 -6.0251865600634398 -3.6593556960038951 -1.4337114819540147
63 -6.0177423376259238 -3.655679713402777 -1.4355945673256325
64 -6.0087751300022703 -3.6514901755284868 -1.4384593072258618
65 -5.9985473630303101 -3.6446019469826174 -1.4511992405732115
66 -5.9907619565452706 -3.6251924040103849 -1.5071733077061871
67 -5.9926400986787085 -3.5631793519517583 -1.4240013795053419
68 -5.9976060998438259 -3.4545600236163216 -1.2904460365786914
69 -6.0191318238365508 -3.3508548644276526 -1.2919745051566522
70 -6.0499970138519688 -3.2018654311441246 -1.2802494997814928
71 -6.0977980109999983 -3.0233377267211212 -1.3047573619540205
72 -6.132283863492284 -2.8336054515006617 -1.2892832249372685
73 -6.2893751371580358 -2.1624485523962158 -1.2708130906345352
74 -6.3182146412464242 -1.2534970232969311 -0.19308413515079684
75 -3.8428183286621578 -1.7325095925457188 -0.17427795628774875
76 -3.8277153315895758 -1.7173338319785647 -0.1783358405776205
77 -3.1361955949971851 -2.0062994619193053 -0.79222780590284303
78 -0.6614637400728226 -4.2362075448973195 0.48081920525876981
79 -0.45485152662241302 -4.3958210016976444 -0.41544658401999346
80 1.4839889354942237 -4.9801218920161894 -0.64831959520303251
81 3.4015433796531864 -5.5498090760961958 -0.12921063465080235
82 4.1832290824693805 -5.1065757596501529 1.4011076215606713
83 4.1918501400752435 -5.5281841328662402 1.3181338964664988
84 4.099558799600044 -5.8317088004069628 1.5982025019886936
85 4.1686956880041066 -5.5882043850181979 1.4477336653580881
86 4.1744931574126554 -5.2479485333021483 1.6448105991687878
87 4.1291966931085087 -4.717560247397758 1.6958104036252966
88 4.0411334847636038 -4.1336206243102342 1.7654798059444192
89 3.940073817322729 -3.5224889931956653 1.7441288657562912
90 3.8543072282041804 -2.9165922620262363 1.7111841130136143
91 3.7750346061620359 -2.3191382442518171 1.7315250810395497
92 3.7692834818745977 -2.015814679605064 1.6164349875105812
93 3.7690901869828566 -2.0174240692547749 1.6154889244105097
94 4.0300839429881847 -2.6198133148808225 1.0702332277770277
95 3.9718996072996178 -2.882964388794433 0.73888227031265163
96 4.0115204157574418 -2.7699911274646296 0.82955345133892711
97 3.6164785563905562 -3.5006672924055149 0.28633518384550566
98 3.6175276807207521 -3.5092927581398281 0.28578194228635517
99 3.8388318196583127 -3.5231550638222076 0.084492746076093445
100 4.2518787738973574 -3.5025013323437797 0.066373192487813648
101 5.0035193273030334 -3.2179458810461576 0.81926603411192811
102 4.0736368604571052 -3.0049209641749357 2.3958989316459069
103 3.6558429801780918 -2.4750891636651691 2.0533436380783687
104 3.6496895766692736 -2.4809487709633822 2.0483641179358405
105 4.0606549415341764 -2.3297195100673389 0.75546526420808557
106 1.9475859889755944 -3.6723015292379788 1.3626713264536678
107 1.8794019269757483 -5.004172733645925 1.3266847394712373
108 1.8002938165553717 -4.4692355184414208 2.1634270123563293
109 1.7891203877372148 -4.4734499970986779 2.1647736635034143
110 -1.7815302682764624 -5.3979704915956059 2.378152356631936
111 -4.6480025805700631 -7.6728704490937014 3.0713572139236054
112 -8.0503934372341028 -7.272919984933961 2.048296663172017
113 -8.4738441087460536 -3.5590452224762572 -1.3703011158686951
114 -8.770789894408459 -2.9213543807708584 -2.0047471489222053
115 -8.7685047212017402 -2.9153794497522822 -2.0106165140977605
116 -8.1413589695607165 -1.8489876090140445 -1.8889054922462354
117 -8.3821143929301307 -2.9855581188239912 -1.5507684600238325
118 -8.3736704967443298 -2.990399827914811 -1.550957198986973
119 -8.5691784039284986 -4.9533524313081516 -2.0369951839340632
120 -9.1907963523118177 -5.3663544673985566 -3.2102190025691262
121 -9.5004947414720267 -5.2324432176044535 -3.5224446683667106
122 -8.8852603701792301 -5.3994658654998915 -3.7256511306632043
123 -7.6646916762404924 -5.8315351068149752 -4.6856141397368853
124 -7.4052320794426914 -6.0896337834930314 -5.3625103200346498
125 -6.7700475033595868 -5.2679655549024798 -5.3487424152064902
126 -6.3034509814193909 -4.2240335950131485 -4.6356594021300426
127 -6.1885891946981815 -4.7956292965056244 -4.6051190696479116
128 -6.0351672599918924 -5.0464757279020223 -4.6425554647348806
129 -6.3153481592220624 -4.2549470190788252 -4.080615571563424
130 -7.5670534139740226 -2.8190059498210975 -4.0689352752186245
131 -8.5334144478310847 -2.0768424119847775 -3.0838069360269875
132 -10.611921657245365 -2.5686497220110716 -2.2306171689830454
133 -11.379926787403171 -4.1128370791693039 -1.3151672062907172
134 -10.968918007520809 -4.5335509596565675 -0.2148926124999786
135 -10.979832727954321 -4.578881785463552 -0.41180474422969482
136 -10.982979362543155 -4.5800821277399191 -0.41284808893338604
137 -10.908855654611486 -4.6169198172459032 -0.48826619077381089
138 -10.782816357967867 -4.6526157212996795 -0.43660053821107697
139 -10.911418650065903 -4.1623427848367243 1.248237239282874
140 -10.489608866833585 -4.6742792762062546 -0.98960621064153098
141 -10.497513859109226 -4.6765955722610375 -1.0100331140513508
142 -10.678273271559858 -4.5056358255328757 -1.2809575086769853
143 -10.853782809845843 -4.9205963718423273 -2.4960320155618416
144 -11.500223602404596 -5.3955496351198313 -2.6158973314338536
145 -12.146605453538113 -5.6482421785216683 -3.164082957530491
146 -12.014922123587308 -5.4674280371096859 -4.1260498151211005
147 -11.507238551674767 -6.0278033619203564 -4.7576730793075805
148 -11.421736855449765 -6.7780535130264985 -5.419591292157282
149 -11.453623505596372 -6.9629923389278954 -5.9485057791116489
150 -10.97244416964849 -6.859372299465857 -6.1933248569262433
151 -9.9442307136927663 -6.9868136887534016 -7.3466897996794316
152 -9.939059714673391 -6.9920115687690831 -7.3562767368303321
153 -9.6453479821420043 -8.1227119803373906 -8.6438207974310597
154 -9.5693062385665968 -7.9520125124704766 -9.0355710820307849
155 -9.7656402763278543 -8.9944173965757095 -4.8692069092547507
156 -9.5532932525136296 -8.8415185402087157 -5.8133763448016946
157 -8.6434116686645375 -8.5779366872220368 -6.6627623118589128
158 -8.1789036401497661 -8.9778336326285579 -7.5419275896710225
159 -8.1793101392699334 -8.9810477515033114 -7.5476508080435512
160 -8.0415914877829078 -9.8575664250047943 -8.2325069015605266
161 -8.6377314130562279 -10.739035812617191 -9.119980027974103
162 -9.2760537965606602 -10.851296577374745 -9.4786935095945992
163 -9.7990355316535478 -10.668917745412966 -10.054353685591099
164 -10.442303922758684 -10.797623437027147 -8.1703850236637017
165 -10.441457857642282 -10.797410992086952 -8.1532830635392752
166 -9.9955749392371782 -11.503237374685725 -6.0421113555207056
167 -8.7224793442409325 -11.391219674930946 -6.6223065929486671
168 -7.4379228792975871 -11.907622735182487 -6.7605885483039776
169 -6.44831242987427 -12.545161374941339 -7.1563019138328094
170 -6.1297656602999542 -12.972790095524203 -7.2771879249632416
171 -6.0175719094343725 -13.105127949012028 -7.2729329878146727
172 -5.4602435356115615 -12.343197469126954 -4.5850880313685956
173 -6.7711764999069253 -10.322655991302543 -1.5913478619747796
174 -6.7245182483180574 -10.215701522715975 -1.5472464346910428
175 -6.7212246093302044 -10.292528036234708 -1.6198806056376087
176 -6.7185574879778578 -10.290045733348377 -1.6213776023547422
177 -6.812442623211564 -11.163050789684659 -1.7402793529643998
178 -7.0596525019867666 -12.115394705166004 -1.9412633547593448
179 -7.0781778054808617 -12.263687327928897 -1.8771790858324162
180 -7.0758864981913892 -12.262255158395496 -1.8772160503476494
181 -7.167165752482795 -12.43455399402921 -1.9835043693068091
182 -7.0144154693858116 -12.127052798297289 -2.01127012882647
183 -6.7253231683525261 -11.684792066767104 -1.9305803658668514
184 -6.5084178668663846 -11.28354465462958 -1.8863093827766335
185 -6.091546743154943 -10.616826175130772 -1.5232299155301934
186 -6.2349823439352692 -10.609074445457976 -1.9369156752722365
187 -5.8767428548262766 -9.7040037282370477 -2.0730463998265942
188 -5.4864920355524802 -8.4881931773892365 -2.7538847118517999
189 -3.8776913441078813 -8.0201014639000547 -2.3669875689540181
190 -3.8706001926721543 -8.0123515214233478 -2.3621192357012482
191 -4.6075862209795755 -8.5832075358809679 -2.6832928528839912
192 -4.4483520256737537 -8.5408908271462778 -2.6552169134986041
193 -4.1831528084916672 -8.4377192740421147 -2.6290685591611989
194 -3.8728748571897671 -8.3076395743823106 -2.5623988098203156
195 -3.4674095972140506 -8.0954601341619838 -2.4766567273767368
196 -3.0394338905272793 -7.8293297572797957 -2.3267158659668588
197 -2.7255197773816402 -7.5200940389824282 -2.2253548210950362
198 -2.4993240886130121 -7.2768805879000169 -2.0190031629546383
199 -2.4578541385960984 -7.1054303603497644 -1.995434450547295
200 -2.6973681533815506 -7.6044253233386589 -1.9813288281745993
201 -2.6993377154098908 -7.6031712203196804 -1.980563082039982
202 -2.8529587793898559 -8.0179211619618567 -1.8196038307912517
203 -2.9899987843033573 -8.2437124438859009 -1.8178874087591932
204 -3.0657084760275493 -8.4215022666006494 -1.6202006888053575
205 -3.2027774652350884 -8.6268842035158446 -1.5488671369189455
206 -3.2199953554510756 -9.159489430117171 -1.5731698035079074
207 -3.1804206129892783 -9.950941170234394 -1.7530053153735483
208 -3.1340337928733502 -11.723312967632738 -4.2018599548469364
209 -3.5675166696360692 -11.267212799889252 -3.700640714435282
210 -3.6615870085207129 -11.263172204312504 -2.8527950152616444
211 -3.3098070307008847 -11.095175381502456 -1.943983655391099
212 -3.0815306906541808 -10.627431382899145 -1.3124198856307092
213 -3.078845639205805 -10.622751905246334 -1.3070531210089096
214 -3.3439344246168474 -10.476852390071738 -1.8996728713033717
215 -3.4763679971111507 -9.784513975662593 -2.7298963689307452
216 -3.2159552049895295 -9.3051488801376561 -3.4341782413116362
217 -3.1830169535695676 -9.0208738463832088 -3.9939970780111702
218 -3.5018547777125177 -8.5943197643264906 -4.2327850340306865
219 -3.9674396081180929 -7.8843262520924231 -4.2171855490531698
220 -4.6472611488516575 -6.9479990144551929 -3.7486322138030821
221 -5.179904452225867 -6.7403093372908129 -3.1395343651104648
222 -5.3675247057748177 -6.8458173081232712 -2.5771329989276728
223 -4.9430567149393232 -6.6008069440801975 -2.2279148391092307
224 -4.2766787334488638 -5.9253954640544526 -1.5553345101764224
225 -4.2164911873877831 -4.7972503313504573 -1.0932661793042087
226 -4.6588023356792476 -3.7343319583114707 -0.65382732794053289
227 -5.095651557535704 -3.3250236763312913 -0.52598117785901299
228 -5.8169287332994184 -2.8291547644705144 -0.26954386496242466
229 -6.640057397050148 -2.5088078539778453 0.092696254943266901
230 -6.8171629025032594 -2.533795454912561 -0.066598268884441134
231 -7.919345510745897 -2.2638861830907309 0.68209918725611807
232 -7.3413070580715241 -1.7638461313695983 0.80133610190533044
233 -6.4621994578937771 -1.0125038453634574 0.37164556421901251
234 -6.7015481472883334 -1.089685159455364 0.33546033240919376
235 -7.2691369744282657 -1.2648029355511869 0.31247104886769178
236 -8.114043205116781 -1.4101741177019429 0.8486207789519522
237 -7.8327023978346038 -1.0403514758551355 0.93555184563994498
238 -7.4264673429749628 -0.57121416603559583 0.58488172045861175
239 -7.7046044635451629 -0.7448495999898328 0.53180976258093016
240 -8.1587460980334772 -0.97113909350392102 0.63805442253032363
241 -8.4953384320645462 -1.2217170162594513 0.43083798604189255
242 -9.1552123961292722 -1.5585269606945089 0.28625295323122657
243 -9.3007974720396493 -1.8009123908928548 -0.74717008626895343
244 -8.8497515893129162 -2.4748923172507675 -1.7869563191741786
245 -9.1708002199491983 -3.7412691676139529 -2.6307331256810911
246 -10.348990074991468 -4.3499349290937959 -3.6035890329467555
247 -10.591270070940967 -4.0442033180324968 -4.6052274966054485
248 -10.259919851988297 -4.581328431150153 -5.8748663794297311
249 -10.281277021411297 -4.6123825470429587 -6.079735144826155
250 -10.280181993231 -4.6246537126679685 -6.0810259396896962
251 -9.9459444349585873 -4.5515957039848622 -6.0120772383214129
252 -9.9271029594272751 -4.5771642786980022 -6.2467655517751899
253 -9.4428916514612453 -4.565390154482432 -6.1562310892395304
254 -9.3412928525594001 -4.5536816142589904 -6.1951626842388423
255 -9.4330218216280652 -4.5778248837570965 -6.4146074267144462
256 -9.2956019331026969 -4.6021284043835191 -6.4673648976783271
257 -9.1221296549663133 -4.6140187696762105 -6.3310304120641181
258 -9.0159119943152568 -4.2782055129315912 -4.5761964737431429
259 -9.1137124038107267 -3.6599915405983401 -4.5906222548764477
260 -9.114748209256561 -3.657810854492801 -4.5907657481136246
261 -9.2034098727459828 -2.9503253108595713 -4.6238301265681327
262 -9.2493995597016898 -2.3172630317164842 -4.6737943586685962
263 -9.2521972500032241 -1.6028256095514577 -4.7555595655306995
264 -9.1966004575043705 -0.98332431184318558 -4.8552778406505821
265 -9.0555210967495636 -0.31244749663650362 -5.0026017486452741
266 -8.8223984055525122 0.29068801591236493 -5.1907981066889812
267 -8.5381234323043209 0.74146684128189966 -5.4022100757059386
268 -8.1444915274476291 1.1225949263768611 -5.6949705613633563
269 -7.7711394514717025 1.3074019618195787 -6.0104499510808891
270 -7.3884100209469556 1.3306085215087422 -6.4243781204546924
271 -7.2031496659411101 1.2827664553310101 -6.4635927093342964
272 -7.0107077868970791 1.206420692101871 -6.5734397260269049
273 -6.935431417955658 1.2128000591831882 -6.2131494175872426
274 -6.6598793132260665 1.2712684127678526 -5.8961303359737229
275 -6.2880452040349599 1.500303820846705 -5.6882109144438155
276 -5.8593779184675538 1.9677854245379856 -5.5368239246575683
277 -5.4976712194938182 2.5939277919738233 -5.4542814352523061
278 -5.2393406833589449 3.2321195138024414 -5.4264844097940639
279 -4.9870169821393491 3.9911908653146932 -5.4364472364986209
280 -4.769153270984777 4.6763789472133688 -5.4733844786375254
281 -4.4971075068080735 5.421833573064081 -5.544674883223176
282 -4.2024384568164157 6.0299426295347587 -5.6404562236498519
283 -3.798645663460424 6.6116844232347782 -5.789100795964286
284 -3.3859591460182044 6.9815081516605852 -5.9578210701729972
285 -2.9067961693990751 7.2074144331974379 -6.1963397769379363
286 -2.5632594694680324 7.215946659360112 -6.4599044697268395
287 -2.3422288915985683 7.0853039760468155 -6.8119921388812532
288 -2.3372425968219659 6.9674373695167802 -7.1672135840967641
289 -2.2560080640297007 6.8531769062076933 -7.0987281199938081
290 -2.2574284085470588 6.8539445942945632 -7.0975879776714574
291 -2.1026536669551836 6.6712777932116758 -7.1109190936687625
292 -1.9669591093284917 6.5106290926954493 -7.0942628043539857
293 -1.8170253393785347 6.3442044852168493 -7.0427147203154394
294 -1.6858482669316217 6.2140012572018941 -6.9680582666548325
295 -1.5413992666355336 6.0953872259682624 -6.8572917474669648
296 -1.417994145966897 6.0155205450404505 -6.7369590151913412
297 -1.3348473160232157 5.9481606372013553 -6.7507806455859374
298 -1.2584490086398108 5.8908030668766829 -6.7229978053883288
299 -1.1792105521663492 5.8388746412318433 -6.6462155348925336
300 -1.1191420502993124 5.8067406218012829 -6.5237438356507935
301 -1.1356712936371269 5.7855428099351194 -6.4860497576120082
302 -1.1664632104740613 5.7724303278015583 -6.3892077600476584
303 -1.2261731306785097 5.7636578277941135 -6.2580209604979338
304 -1.3878451756764119 5.7544959869102454 -5.9758684830472069
305 -1.6128502538151259 5.6858288545088449 -5.6777949478348013
306 -1.9027933813376758 5.5136866464240049 -5.312049379111361
307 -2.0621877138288456 5.2834027671419648 -5.2495317611551107
308 -2.066669481991287 5.2793357225489217 -5.2482757913873002
309 -2.2200811481701095 5.0251324868483014 -5.2018473012077271
310 -2.3368558362862419 4.8144339038835726 -5.15004749452127
311 -2.4388715424277745 4.5907121504923714 -5.1331756647977738
312 -2.5252816502178366 4.4109530983704621 -5.0816850906216189
313 -2.6329435087846003 4.2212580319695503 -4.8228838470450333
314 -2.6583882554697338 4.1624489454055755 -4.6356162587436103
315 -2.6731322355765217 4.2123912174047415 -4.5325924309933514
316 -2.701997555482861 4.3289975918837165 -4.4858000589708116
317 -2.7088679274397212 4.3261594606377303 -4.4855702068968988
318 -2.7430668495456683 4.4570741936504721 -4.4968886629816964
319 -2.7504017183705751 4.4542034071351324 -4.498006087424451
320 -2.7783535427399353 4.5917032917240546 -4.5694557024429434
321 -2.7858792054737549 4.5888170542887323 -4.5721859804290661
322 -2.7923269208275365 4.664506553707767 -4.6836031071224689
323 -2.7423216188697701 4.7420069344255626 -5.2791747658740871
324 -2.8137196513531277 4.5951445216577325 -5.3510711117241145
325 -2.9304478295326417 4.4048095126332907 -5.4072113760842635
326 -3.0459899995850739 4.2403072637629133 -5.4776984793386205
327 -3.190970838666658 4.0618554162525058 -5.5741816583440951
328 -3.3754744137496799 3.8865637448827197 -5.609321577357866
329 -3.5452677161832757 3.7386157100857487 -5.6440616072279042
330 -3.7398221884368512 3.5844093992107897 -5.6830157902755465
331 -3.8459929206999508 3.4739797876871101 -6.1142983611062514
332 -3.9207659157910926 3.4486245530644526 -6.206328096421073
333 -3.9802661917872006 3.4339290215521787 -6.2922321257158744
334 -4.0239161153130398 3.4250307315355966 -6.36457074920484
335 -4.0649285802814763 3.4158830171234404 -6.5118116697768613
336 -4.0700116332688285 3.4029899717804724 -6.6581288600517761
337 -4.0393490670872501 3.3791258795547194 -6.7741656892181545
338 -3.9722241458109298 3.3296554378205814 -6.8847299649752909
339 -3.90035697192189 3.2647767209773679 -7.0220758435715469
340 -3.786938299914445 3.1310617049327734 -7.2460017355595436
341 -3.6990068911557152 2.9586669340916125 -7.4979432080163289
342 -3.7070047510755191 2.8909708584217659 -7.958481607549289
343 -3.7561699271245339 2.6392669533348712 -8.1226969811079677
344 -3.858918068140694 2.3667437279993497 -8.2593741971740187
345 -3.8036299475933117 2.4454192530279708 -8.6273042379862961
346 -3.8613604288986831 2.2049973794476392 -7.6279257279230137
347 -3.8612350269748239 2.205641539533695 -7.612256386475833
348 -3.6131823528352545 1.9993549391806484 -6.3875702783713866
349 -3.2424801881568199 2.1914711466343682 -5.0469300119824183
350 -2.9506436811723846 2.6192089605418722 -5.7808074190992729
351 -2.0329955668183519 2.8414013518048233 -6.9936313113345507
352 -1.6545133202301163 2.2359553844189675 -8.1761607679445412
353 -1.9788285210534036 2.2831906560971471 -9.6820267929712358
354 -1.9285980815532611 2.544121090670139 -11.022464361156578
355 -2.3694932395656902 3.2930653131272778 -8.999463056790205
356 -2.3698440782062362 3.2947980040383729 -8.980674791935142
357 -2.5205594607426587 2.8137519189828777 -7.1395120036822739
358 -2.7971924556976102 2.6945870937624825 -8.2564687531551169
359 -2.8054479000671129 2.6913852906834315 -8.2634449709361029
360 -3.4639582556426669 1.788839440762243 -9.5141068111036535
361 -5.6885175772543493 2.2445677471552443 -10.749296932942604
362 -7.116284640869198 3.0837248432694748 -5.6993898196977746
363 -6.4543709380156518 3.3334225882041437 -6.3105311370709716
364 -5.4472969552201063 3.1641182173831033 -6.9517797734515749
365 -5.0975602494639798 2.743189822008163 -7.4333174276316649
366 -5.0818164225874272 2.2836323702801145 -8.0523372806367313
367 -5.2660068865695102 2.1202381459372908 -8.6631334944771883
368 -5.5498160446304308 2.169428303687698 -9.3651031539063929
369 -5.9881916914691686 2.2336791353928809 -9.5097496171660794
370 -6.2890146613402766 2.3825583384935389 -9.7309897799033465
371 -6.3954857400419973 2.69786201277158 -9.8580487511131913
372 -6.6598641469936144 2.8400399496630842 -9.891834640913018
373 -6.7995551679540256 2.9864330490126472 -9.8150170722336565
374 -7.3462364904992086 3.3537176520200007 -9.7693615698397451
375 -7.453055736479131 3.6280124753801148 -9.7232897475485718
376 -7.8645499883415191 4.1837706210167092 -9.6920877141187738
377 -7.9650040480111475 4.5067187821141799 -9.5561293770654672
378 -7.5027315185970611 7.2650997594580202 -6.9908256532553903
379 -7.7922575244512533 7.0506876447263238 -7.9923753557149508
380 -7.7887102570759632 7.0699813581814714 -8.0095205745738838
381 -7.2193650672601226 6.7036597617909273 -6.628391812779733
382 -7.9698270264701954 6.3224847517556197 -9.0026296044781127
383 -7.9452504961235819 5.7745672476435095 -6.0957271905527968
384 -7.9499584477144438 5.7846304336730583 -6.0542059633695455
385 -7.9678522531152973 5.4845727405034861 -7.1614286016742295
386 -8.6424023377143406 5.7159164726095142 -8.3237667671453455
387 -8.2251282864520032 4.7007824554631874 -4.7907982259063155
388 -7.3022301998130246 4.1566197214016674 -8.7998155014204844
389 -6.6281121593362826 2.8800467361621509 -8.5273189887287515
390 -6.2669681928746632 1.828354451779858 -8.0835011022854495
391 -6.1651459767110346 1.3351665089108211 -7.5340217933549987
392 -6.0453093108375171 0.86792694365108003 -7.6067185006848863
393 -6.0471569809118826 1.7767045747276839 -7.3914429235164985
394 -7.0322948651796935 2.6219038400427817 -9.4920131657823443
395 -9.1901308297614044 2.6331211970592099 -11.060472954912692
396 -9.4909876333775589 3.7060945974637112 -10.478614457721893
397 -10.650609560349885 4.7260212801168358 -9.8493783365527392
398 -12.63896429303565 4.8123458354328488 -9.2224215714289937
399 -13.949984725493987 3.9401479850344829 -8.4474654329186389
400 -14.194154962566348 3.3470093582789668 -7.9731249242248117
401 -14.159846418477414 2.9948272275122561 -7.5213863186235095
402 -14.024323113674587 2.6575922444693583 -7.3828467132232092
403 -13.873884952382006 2.4372088089639252 -7.0513719766582037
404 -13.86485119817918 2.4435685831387945 -6.6115191386498813
405 -13.905365772744295 2.4150086940523243 -6.4370030454701972
406 -13.997175157009597 2.3941729746459472 -6.2349740082657279
407 -14.313147296543187 2.4749564802915254 -5.4231895883382046
408 -14.463677528266565 2.055383475339192 -5.8528189068521579
409 -14.463838937168831 2.0489597475755046 -5.8571531242142907
410 -14.373444116777391 2.1627950016558586 -5.4683613435168796
411 -14.331973951811447 2.3155349900971802 -5.0770846652968062
412 -14.318249549360036 2.5187049317655639 -4.7709398045105935
413 -14.283280760342635 3.0038950166321485 -4.7700919204290955
414 -14.262282466021977 3.57662292782687 -4.730510335097442
415 -14.223718027653012 4.3241089413031517 -4.8217012668100621
416 -14.118672183518949 4.9867414888726183 -4.938707930400744
417 -13.935636900903976 5.7737953334096881 -4.9630444983968971
418 -13.729900135613848 6.4904500451646339 -5.0545690673660779
419 -13.409352637746853 7.2628364022880625 -5.1935418669395927
420 -13.051622764619543 7.8999529471817533 -5.2857145549548425
421 -12.6213166308077 8.5278830654697124 -5.3610578119085606
422 -12.155331061790418 9.0900833613592145 -5.4692067132932873
423 -11.726923715819396 9.5361803920291486 -5.4989946417624909
424 -11.237040089183767 9.9988330438421187 -5.5690482923379196
425 -10.811981829321201 10.367019438417179 -5.5786822263749283
426 -10.407492652540244 10.72220195561256 -5.539188584697186
427 -9.9883391089791154 11.050915506165929 -5.7063694333879962
428 -9.4767154904043842 11.303462003377179 -5.9370187825476419
429 -9.014241953966911 11.400910862644599 -6.1848571920856141
430 -8.5180609250074326 11.353110817176525 -6.5053292432104062
431 -8.1359229968086382 11.180221357787055 -6.8130641137025636
432 -7.8243020577526483 10.86502402928833 -7.1840077884536324
433 -7.647817127405383 10.451329321411743 -7.5555298632350372
434 -7.6196011137644009 10.034140333215639 -7.8776387524877807
435 -7.7504755739402915 9.5464595221886892 -8.2270213987811225
436 -7.8363617891459985 8.8364585285619768 -7.640745375942454
437 -7.8376975400578379 8.835892382176386 -7.6353264565954078
438 -7.5207989899427332 8.2481915719782872 -7.0493944581916805
439 -7.3143636144664326 8.2141809805741719 -6.4071165258768517
440 -7.471533665889484 8.3922311633449649 -5.4883140855461026
441 -7.1403377436773035 8.1667229153003369 -6.6107744919860751
442 -7.4255147245793385 7.6803745455265906 -7.9203212225059749
443 -7.7237142918156234 7.0555704729342725 -8.9193921066497328
444 -8.5591119892979926 6.1070862762321338 -7.9898172675623069
445 -9.0257388909388201 5.5384337424297438 -9.295541145837749
446 -10.163740991991544 5.4857952606392502 -10.291140055359067
447 -10.841155331478406 6.4865226487558454 -11.405263598122147
448 -10.879920182862268 6.7230053619482186 -10.567852713697006
449 -11.443907052933275 6.7894034988127281 -8.533392536344742
450 -12.054205594700226 5.8287026489655851 -8.46101570763377
451 -12.783589255740127 4.8503029131241018 -8.6471809688898329
452 -12.789727769425252 4.8497973785490851 -8.6480144376745347
453 -13.088802988312066 4.3457873754740977 -8.2141899998664289
454 -13.444444443903727 4.4530027212152188 -8.5146308222541727
455 -13.234168491242057 4.63937777556818 -8.1933257844584837
456 -13.235630782084016 4.6460675331223493 -8.1896303274609963
457 -13.026833103069764 5.0965832251853378 -7.8912116866552893
458 -12.947142980196693 5.7710380961662615 -7.4217924844127907
459 -13.173833116101791 6.3605033675957969 -6.9830786119421768
460 -13.533918821389607 6.7107330688843749 -6.6301564607332919
461 -13.538444519820807 6.8118195707913483 -6.131637155427188
462 -12.888067726216006 7.0675179314449599 -5.5525583678783681
463 -12.177421885136058 7.8296176829224962 -5.2436014406100631
464 -11.535333237527459 8.5420273317733191 -6.1132881316645138
465 -10.992702350031058 8.4350665345595566 -7.0184188674541561
466 -10.541138984010471 8.463626351988335 -5.7151982911814736
467 -10.540191839841455 8.4663799151157306 -5.7055190000783478
468 -9.8213317129623388 8.5884224170070187 -6.9980222823570477
469 -9.8692203136680359 8.048332745890681 -8.5635318747697013
470 -10.231828231776461 7.5740382461139344 -8.4566945548124135
471 -10.355280739769631 6.9876268243991175 -7.6005318922738407
472 -9.624052256245367 4.9106031509942589 -7.1775780826584246
473 -8.3283766632128309 3.5503255853668447 -6.8198519422648021
474 -6.7528801959224554 2.7912888411640222 -6.4801187837950334
475 -5.8065191175278592 2.7012562536943419 -6.1607794259715343
476 -5.7365009248037682 2.6755521394137767 -6.1820410603097056
477 -5.5958309745369954 2.9240334612909051 -5.3851209116115548
478 -6.7507907265158202 1.6902623756942208 -4.9562183333214236
479 -7.358734099975722 -0.049568038848342932 -4.3102710951821779
480 -7.3704578446992173 0.14616248975097562 -4.3553237143093142
481 -7.4980337318887536 0.3477461656014873 -4.1728212725363054
482 -7.6583724711623997 0.40329994108783962 -3.8116950407894361
483 -7.7806640833587535 0.2629187769288327 -3.2559926887834858
484 -7.773735324353245 0.13280141297848813 -2.7283755633121078
485 -7.4956330076553854 0.19925411274821742 -2.1923942412285853
486 -7.5210054894800935 0.13750742051187981 -1.9606858775409124
487 -7.9383793693621474 -0.1959252196059591 -2.5580082739374794
488 -8.1760484475630353 0.055018297903022706 -3.3466762951819815
489 -8.7793848647970414 -0.54322647464314233 -1.4193396421813866
490 -9.5889787470537939 -0.52926408666619285 -3.406083829978054
491 -9.7135480093254731 0.43866962209823745 -5.5234037757883083
492 -9.6700423450621464 0.28213471385881927 -5.6554827238194303
493 -9.4696402854529875 0.74218116403564349 -4.8634949705598691
494 -9.5468293059517162 0.9694776208073923 -4.4178974220495277
495 -9.9222490052685366 1.6377454002382432 -3.9689077130372903
496 -10.742944166095862 2.5434729960673921 -4.0602959240569483
497 -11.603227758143296 3.1547223149645243 -3.3792073223923396
498 -12.911485459153576 3.2920073013938191 -3.07517978601699
499 -13.438287785091877 3.18652507673053 -2.8328488465331536
500 -13.021584544896426 3.5107899633171837 -3.0320101692113002
501 -13.056725291180516 3.2297120956999539 -2.2997587684000638
502 -12.355423706170585 3.9096799823762467 -1.9950277121451989
503 -12.074798081694846 4.4136694507244094 -1.7952730133354717
504 -11.891383814419338 4.8655123207054487 -1.6393582513962917
505 -11.787259059023548 5.348028001344419 -1.560652309990274
506 -11.544947614478593 4.3059621993770953 -0.84409045962967788
507 -10.934229593067116 3.7748889623992294 -0.56655467316427055
508 -10.382609994746048 3.4892075943615044 -0.38213627850292459
509 -9.7472884248395779 3.257007607830106 -0.31116399925528565
510 -9.1174611095661326 3.1015800380312717 -0.15826428426375405
511 -8.3396108187266034 2.5262975385069861 -1.6045803190740906
512 -7.9079852903229257 0.059915164434759305 -0.76840955672353284
513 -6.0048649887461627 -1.0123801105164569 0.40989702873897854
514 -5.1772304689227093 -0.73122631413161243 0.18507786265104786
515 -3.9200029853331517 -0.29705188091815693 0.72307583259170594
516 -3.5902822864152126 0.0077357915068442251 0.76271624339110544
517 -3.1610973507921498 0.18953592931072838 0.22520964241196917
518 -3.6643790335686512 -0.11215973570620574 -0.10751413214299899
519 -3.4825703015481948 -0.28314124088478088 -0.47690592169186852
520 -3.2239689568549297 -0.60879945914994871 -0.8783439455320875
521 -2.9833291513078088 -1.1219124280552646 -1.2723518508347225
522 -2.933271389711956 -1.7674948633770482 -1.6212265806662871
523 -3.1033347102867328 -2.214162306765016 -2.0230478516872594
524 -3.512420185940309 -2.8039855627935193 -2.2681529383862005
525 -4.1774324577976731 -3.3002927514359435 -2.7215637620504065
526 -5.0331816903418956 -3.6487139102928468 -2.8698875900729308
527 -6.1224649719058855 -4.0455234776489535 -2.7509139789665471
528 -7.5056662534673819 -4.5392378635341277 -2.8010034097255643
529 -9.2084829084019049 -5.2650473237951569 -2.252362383799495
530 -10.69572888562843 -6.2885264467317024 -2.1296663687862414
531 -12.407150047535612 -7.3519595647431926 -2.3840141598342481
532 -13.694468577397771 -9.1802008644196338 0.37895634165165282
533 -12.48157669139886 -8.4269171896839588 0.59370335036215871
534 -11.441073199648116 -6.7068616606951847 0.45696237599443112
535 -9.8997567360785244 -5.0096526750319272 0.047787820695270877
536 -9.2326548323012965 -4.892385983869481 0.36975869998062505
537 -8.0463910666539107 -4.5502123929694136 -0.075485088677765239
538 -6.9019739771096908 -4.7444415331332452 -0.33998281476581949
539 -6.060008539967459 -5.1721539359968007 -0.60412095771612928
540 -5.3331531116387971 -5.886453967916788 -0.95945596899510832
541 -4.9554245974293281 -6.6783669766349014 -1.3288426735257357
542 -4.9389527771959525 -7.6372865434340467 -1.8050462604181978
543 -5.2429352824616933 -8.7455365516870138 -1.8682083625831671
544 -5.6794198607768553 -9.9770123654625635 -1.9249747415434211
545 -6.1181216519261366 -11.067080704470248 -1.9556810713687782
546 -6.1390327134260438 -11.205364053428067 -1.8615015291629742
547 -6.1908497803628473 -9.9742589367653505 -2.5159578416899908
548 -6.666677857255821 -10.865036373247106 -1.6281192735824603
549 -6.4142689957410139 -9.2799726186649121 -1.3328873210298973
550 -6.5897267565203661 -8.1267373801425364 -1.169628392362853
551 -8.4269962334329591 -8.3310743377809384 -4.2535096579199729
552 -8.1962609216924864 -5.5636524290997578 -6.9694360362035743
553 -4.8029086437078119 -3.8086858207695893 -0.49186364804584581
554 -4.2084334002924191 -4.1059945191890534 -0.44504967456053857
555 -3.5688004931713246 -4.3941485554648443 -0.42654085924849883
556 -3.9590355704225972 -4.1850554479614699 -0.36418569272627666
557 -3.7694518841480353 -4.1595669340725481 -0.14506762480848678
558 -3.6808302760500959 -3.9875646614663607 0.26459940564258688
559 -3.3756967502467936 -4.0665103524481676 -0.22088281214736605
560 -3.8580485966110585 -4.004726289317933 -0.36163668112192576
561 -4.3095471035881614 -3.596608912344553 0.29114415447316949
562 -4.4154231019666703 -3.4375493367320438 0.71948994489093521
563 -4.0542022722570961 -3.1250800945115236 0.68067054706229213
564 -3.5551561380711725 -2.9895594982024876 0.11165532297477082
565 -4.6408846521993024 -3.176744104744317 -0.19467256768891966
566 -5.8833687132083483 -2.8562335345647432 -0.037642722797075846
567 -7.0749817467593346 -2.7558107576825566 -0.022712941388574617
568 -6.6633173354092676 -2.9820683763651807 -0.59966806827726615
569 -6.0061785394097136 -3.5642641274995781 -0.85921600058397785
570 -5.3697973462465862 -4.2676028643012147 -0.80835059476749604
571 -4.5591780739527765 -4.8851860831587643 -0.4331433885892248
572 -3.9221482724649528 -4.9398799641006557 0.18961296736279745
573 -3.7873614178864221 -4.5250850156914639 1.1663761859701669
574 -3.6128623216289872 -4.2286087028792085 1.0354057374034837
575 -3.2778673578861866 -3.7301431890169696 0.94779313644662067
576 -2.8860717386121868 -3.2495619178435673 0.84270482886973819
577 -2.3595633056407497 -2.7352343560387045 0.71870439110417461
578 -1.8308596817946938 -2.2681470639986552 0.72962887930856679
579 -1.4604156779879931 -1.4905192543202719 1.5315332697600161
580 -1.0224959853659223 -1.3017213959338765 0.51847422139945365
581 -0.729034479273029 -1.1780046299930236 0.39876541649993236
582 -1.0110912047341356 -1.2861746078063054 0.36562808187689366
583 -1.2895893515021113 -1.2620117122478025 0.69610202119151199
584 -0.89048457982383278 -1.4389735094002216 -0.20210623523292998
585 -0.88987163948643477 -1.4429148008852835 -0.20609300062244151
586 0.13346308035642451 -1.8149312661755566 -0.63243977393062789
587 1.4161808135713341 -2.770586516266011 -0.70555365159749084
588 2.6291137531969033 -3.4331143260017192 -0.064961233692209561
589 3.8451341648527744 -3.1337117975403306 0.92950123088899728
590 4.7962228850907414 -3.8229598616895322 -2.5169405027943315
591 4.4290899779777888 -4.9923433654107985 -0.59195277018114034
592 4.9838105952817555 -5.6594887594478411 -1.2113057005435177
593 5.0132592843163462 -6.384531324959581 -1.8750846022520788
594 4.3809973753055509 -7.5617894454171815 -2.3317076418181371
595 3.3474456973653095 -8.3049038522600984 -2.8222799800256309
596 2.2131799425679004 -8.6391217738979869 -2.7272693883183599
597 1.1313079313244065 -9.0426090302832201 -2.8604901259979285
598 -0.059897651244625871 -9.245084521795528 -3.2329875596240498
599 -1.9844999358282438 -8.8812362999268473 -3.4702563069699686
600 -4.3791081685142732 -9.4109302064852631 -3.8150936791905301
601 -6.4775379088051119 -10.003861664586148 -4.0006767877572553
602 -8.9092808659703842 -9.7771145839188325 -4.1625954652224744
603 -9.1620415920523151 -9.1115970140392655 -4.5717053429360703
604 -9.1204701581415328 -8.5520473316713161 -4.9837389436758857
605 -8.8154874555140541 -7.7973441227671971 -5.2724980101563022
606 -8.364110419833608 -7.1503462315483874 -5.4380944700632874
607 -7.6407378467643952 -6.4424986786683531 -5.6936311663858215
608 -6.7745858571825135 -6.0729085307034554 -6.3689580007944189
609 -6.0346066062125789 -6.0505548200352797 -6.1087041948416383
610 -6.0338048193366189 -6.0468725660047422 -6.1073902131119313
611 -5.0684499426130936 -5.8618886338680092 -6.1521058978991503
612 -4.8090026907174197 -5.8258252792266711 -6.1022214307883731
613 -4.5640630163890954 -5.8024006915857198 -6.1599644919666092
614 -4.7533863261164697 -5.7894251476964191 -5.8809982862046297
615 -4.7643109604419678 -5.7697256512722657 -5.8558635226358504
616 -4.7397261755563438 -5.7953118784559301 -6.0561638577236883
617 -5.2262310632522677 -5.992225127740836 -6.2703751922674256
618 -5.1457942664211371 -5.8829303933796719 -5.8165979305513744
619 -4.6087777073483203 -5.5471162497850361 -5.6245057265137817
620 -3.9873727749270951 -5.0900383953947044 -5.7290175449900032
621 -3.1825441853577225 -4.9041453677869491 -6.799567123751733
622 -3.5331604002167336 -4.791615326080283 -6.7090099282197864
623 -3.8867620520978181 -4.7945316534973204 -6.7912253432656176
624 -3.2837875849806908 -4.8691202624704824 -5.9566244472303573
625 -2.7686741169328313 -4.371838969983763 -4.9669936975162496
626 -2.8835866575157714 -3.639212111706676 -4.0378759798182724
627 -3.0582573134721271 -3.5275667347575075 -3.7060933423463838
628 -3.6843005979460646 -3.2396295345655357 -3.4542753611514114
629 -4.5322510325069549 -3.1012357901997443 -3.1155979374129732
630 -5.8140674206252028 -3.3199611595601439 -2.7413731063278024
631 -7.1643517684060045 -3.8090987526992706 -3.2256849781300443
632 -8.3057898012437139 -4.0204910888569065 -2.4760661879011425
633 -8.3075220821153373 -4.0254627390836522 -2.4725759154843896
634 -9.313240760415443 -5.5121241211018672 -1.0181816486264963
635 -8.0702398711486456 -6.4040804861903737 0.51832173371572288
636 -8.4536990819434781 -6.8207610217162431 0.10534883454283074
637 -8.4566033042009039 -6.8261611907194251 0.10244602271986677
638 -8.8946586929925893 -6.7216712153779632 0.93059338933594116
639 -9.5478492482017039 -7.4760819252161657 1.6408152440534398
640 -9.5520357332285197 -7.4817474655237657 1.6452366684239346
641 -9.3904458499650101 -7.2006809465274646 1.1257386227623534
642 -9.0715628943532014 -7.1428842415919975 0.46929944659228939
643 -8.8076947757166373 -7.2446928744429 -0.10983464247236402
644 -8.4416931587775519 -7.4678161300663621 -0.5564658220985701
645 -8.0415186241093153 -7.8133487309317555 -0.81661179593752009
646 -7.5133305221667737 -7.993319832773512 0.069142984712923461
647 -7.5149745408220845 -7.994568856765687 0.075408563225569269
648 -7.1049818041054476 -7.8424504138867004 0.66020720913300868
649 -6.4920614969987662 -7.5328674250627348 0.25635166652509389
650 -5.8989196231225867 -7.4930151290577029 -0.11589753664780107
651 -5.273739498034999 -7.7063362037053755 -0.53328958788194325
652 -4.7798631067064044 -8.1625762101535688 -0.95231677204638199
653 -4.5266435391195525 -8.7057324137386018 -1.3151683401900727
654 -4.4847549976959273 -9.4205795218722592 -1.7223439462339163
655 -4.5083589612115871 -10.075915232725768 -1.5028325854251048
656 -4.2856899591268833 -10.847128124657383 -1.083271683740292
657 -3.7821502346696576 -11.501082606103569 -0.79249957407729066
658 -2.9655784339521283 -12.08779779439616 -0.53630961782177655
659 -2.0842963798158629 -12.430396279320831 -0.34070586269018666
660 -1.0075427596212145 -12.590782917725511 -0.11562358515087973
661 -0.050032727748568928 -12.504684823573736 0.11002958986456984
662 -0.048831160615713798 -12.504982698285774 0.11165584503042575
663 0.93430857425702563 -12.142522934803829 0.42221936029177931
664 1.6584972607435149 -11.559702205597244 0.80768749294919318
665 2.0076980322098819 -10.97750455884421 1.2043161206692994
666 2.0972693832421556 -10.390455278423072 1.6902129344957191
667 1.9978066102586312 -10.00188616685983 2.1391062383934694
668 1.7758104459803741 -9.7303558338978657 2.6321320278372582
669 1.5293394206686224 -9.6095052904004117 3.0444937879435154
670 1.2382895669150014 -9.6044823285825469 3.4520806353028712
671 0.99160279278374119 -9.7015286482824337 3.7590124556590285
672 0.76938593079969264 -9.892095357216796 4.0406482932460488
673 0.6267025375686045 -10.10917412105454 4.2451338451803782
674 0.53228072018426298 -10.356965952607402 4.4241409501213012
675 0.48974704434969346 -10.586322318022164 4.5609877446111984
676 0.48105529140306974 -10.769515786566108 4.6578629513719001
677 0.4907041299472612 -10.939896327625458 4.7402916553312426
678 0.5070102794836594 -11.054898487477702 4.7942042001655691
679 0.52344419599572067 -11.136948276953948 4.8323518377978765
680 0.53141214177190654 -11.168317738164099 4.8482417848621262
681 0.53301208291284907 -11.170297720247921 4.8517881634998288
682 0.53464491969982619 -11.172370594887028 4.8555127411582468
683 0.53599385849771475 -11.173212146473688 4.8586665511669676
684 0.53733736219836581 -11.17399265096261 4.8618296114922268
685 0.54504576965210982 -11.200196529794864 4.8756627619710873
686 0.56304421957057904 -11.261544683960471 4.9036994916073464
687 0.60001268477386982 -11.374861608936296 4.9521961438025119
688 0.65319461072974216 -11.512783331659424 5.0078916112195175
689 0.74444934202604618 -11.710716374273218 5.0824370743938916
690 0.86827894701878205 -11.931152811434183 5.1618637292828158
691 1.0733406352512087 -12.229018536942824 5.2647597443976935
692 1.3295980761374357 -12.527938152641491 5.3646575690203022
693 1.7060510873853429 -12.882416103529915 5.4837274728717071
694 2.1851540263440792 -13.236535243506243 5.6087719246310321
695 2.7054587711641505 -13.534693485515568 5.7238947300879577
696 3.3931593658796499 -13.831770451126058 5.8586419256809137
697 4.0851475051967494 -14.04000978949 5.9834187458061896
698 4.940921316507521 -14.194300295612729 6.1322273628849624
699 5.7662677015717314 -14.240171419600738 6.2758402080630145
700 6.7504963303720862 -14.165700493019093 6.4508066828550499
701 7.6480561955938802 -13.960473189919819 6.6259636861736109
702 8.64525465086869 -13.538978816130925 6.8582426172603403
703 9.4543926342392286 -12.958336266114488 7.107535578230296
704 10.148822720678917 -12.074080797300075 7.4556903936742946
705 10.922052311737168 -10.956958076352402 6.9788851149829494
706 10.921990829722652 -10.954829069342807 6.9752901881741334
707 10.745756716902191 -11.079575548729702 6.9418938208958734
708 10.740749668847329 -11.078961581020145 6.9403981279049569
709 10.591607257210391 -11.379694742375428 6.4772239414025821
710 8.861444543820916 -11.819033734102453 6.0686647111889984
711 8.4480223356043389 -11.612290970339632 6.1677239691026733
712 8.4446529636696859 -11.608624172858747 6.1672716544288226
713 8.1064255193389503 -11.589583513360861 5.9472754804759163
714 7.568641949140102 -10.991349219152292 6.7116803119068758
715 7.8446719355457182 -10.761267353295931 6.9358628863952774
716 8.4845148990231163 -10.402282297122186 6.627066218003991
717 8.7988382699064296 -10.258963822933206 6.7192156999902846
718 10.01552761927355 -9.8384537110901373 6.1892525182679154
719 10.233851698537377 -10.2040792101041 4.7715890100485545
720 9.8040160373224623 -9.9824601477888191 3.1304790939319433
721 9.1090651553485422 -9.5709876065912525 1.6101339009037883
722 9.3859474933818756 -8.451984839586336 0.28481499383142622
723 8.7009815801408799 -8.9640364370614147 -1.0604700840755543
724 8.881121015951349 -8.7378975221628661 0.12523964077449232
725 8.8787556851143865 -8.7352412379853615 0.13664398359406008
726 8.9660292573662836 -8.3977718682919171 1.4307829264485439
727 8.9558858440456177 -7.8578956450664439 1.8111905772772907
728 8.6112233919700696 -6.9013673408820297 2.2712808147907237
729 7.8816372399750056 -6.1235669796023213 2.595243364737684
730 7.6010140940084474 -6.2140724734095922 3.6512209475013844
731 7.2385342785118416 -6.5980644403973159 4.5028405604569217
732 7.1801818190526019 -7.3953891167139911 5.0496393829987563
733 7.5472331480119657 -8.1385313024110708 5.5684171743416169
734 8.084053335808921 -8.5039305263287108 6.0459218712403668
735 8.24632291916806 -8.8684189719065269 4.369368878538781
736 7.6792063116379099 -9.7150329359788863 2.9557909576337789
737 7.4154569387499079 -9.8497271436187113 3.895215095877957
738 7.2380732503664689 -10.197264622133648 4.6812998327243056
739 7.3915684945205715 -10.69381773881222 5.5845696286431314
740 7.8983892769027761 -10.761815872938268 7.3485668750055844
741 8.1040263084527879 -10.458205542981117 7.1471132840702207
742 8.2893133737292057 -10.074416724223692 7.8199809129543407
743 8.2244779619140651 -9.3164909090707066 8.3642476766881124
744 8.3552891119754609 -8.7360435667871013 6.2867377984786277
745 8.4541521054655941 -9.0856256057612281 4.3292245748900662
746 8.4838422215436751 -9.4110675805973987 4.9700112711575057
747 8.6996594647669809 -9.7613656712908128 5.5092296131966272
748 9.2780085215419277 -10.204817746649127 5.8784655414239069
749 9.9579838349615848 -10.429838627743949 6.1781175428903676
750 10.808122851404729 -10.440481548977109 6.5020951625048884
751 11.395894156036642 -10.323910772495648 6.4677951538698863
752 12.09590105398174 -10.177258098280133 6.5349486457284334
753 12.697403375381031 -9.9802796313369928 6.6917766100865377
754 13.712500188304981 -9.8696377576995395 5.8149302522862545
755 13.99435640364247 -10.414700868425562 4.7366828522524891
756 13.85242765050204 -10.56664813378965 4.1868616125409428
757 13.852949370647117 -10.564583751528007 4.1816397859028154
758 13.599169612729682 -10.626671150216318 3.5549060878150476
759 13.213170203783667 -10.650664728449499 3.0837632753315423
760 12.556076518890521 -10.481026997562308 2.7201448720996342
761 11.86536390766754 -10.107275590195339 2.5657277916069599
762 10.983761480885695 -9.4950284003264862 2.4986242026424055
763 9.9495819950834523 -8.9944752757733397 3.1633082076854513
764 8.9469408048797217 -9.3613444101626619 4.077843734191914
765 8.6557777276271359 -9.2800464000366567 3.1987062320743629
766 7.6810803605341258 -9.0511424342288294 2.5257986137088295
767 6.4734174961133082 -8.0021831069087472 2.1968309585431274
768 5.8288997392228499 -7.1437438477007564 2.2228349675102144
769 4.964966711394653 -6.0271512562610825 2.2146793478228379
770 2.174885535232133 -3.1231668588389896 3.1679330126542817
771 0.39069099131167123 -3.0031705132288478 2.758602270521771
772 0.23382128731933516 -2.9756016771558413 2.8909646971951966
773 0.079041934837988603 -2.8363467895533971 2.7624281143757425
774 0.097919866484304591 -2.7232578483677026 2.6535730785372293
775 0.35867269723342621 -2.5063870730757323 2.08599017339542
776 0.36938397407227008 -3.365443714266346 3.1226340480733175
777 -0.57694198292008914 -3.5686511647524197 3.5702399266129166
778 -2.3158978602161873 -4.0903661194063581 3.107985402970479
779 -3.0760752326928715 -3.607084946764656 1.9673090745099873
780 -2.682084487884175 -4.5953820453582779 2.0784665266877593
781 -1.8548798694889395 -5.5081943499337473 1.518780784879606
782 -1.7339808527001517 -6.7536552509923764 0.98239292143096424
783 -1.9852013173968877 -7.0901256569254629 0.96490668631768817
784 -2.0727706226071771 -6.1767141604358713 2.3743905636206732
785 -2.0484495874409956 -5.9116583524395292 1.9064716793446161
786 -1.6345898778123975 -6.0052240285822815 1.0978070036873857
787 -1.470728013665771 -5.6867199238729054 1.0860354169262161
788 -1.3105983350641259 -5.3236139242067528 1.1591088854462468
789 -1.0521426928328885 -4.7281802599649954 1.1602053958517657
790 -0.76632636228902862 -4.1398552041215142 1.0821838621175843
791 -0.41700856609001402 -3.4764308248448468 1.0930359728302412
792 -0.1100949588550183 -2.9000414998356194 1.0735943092033002
793 0.25380171197815793 -2.232393048165223 1.0735927983447338
794 0.59292324735845403 -1.6497516397031335 1.0180460971534622
795 0.95908880997567691 -1.0976067124983397 0.96172058190704357
796 1.292744406798886 -0.547892487241741 1.069896014793341
797 1.1371844494012784 -0.94363646680489299 0.90343808082229327
798 0.90171773234959329 -1.0537896284371213 1.1363880049520751
799 0.020677317677812113 -1.2891125279189339 2.5320692821165571
800 -0.21088712359437184 -1.9899064837648308 3.8589870324370827
801 -1.4141781776567239 -2.9013936268850595 3.6516316502499166
802 -2.9897861542035202 -3.6502367052905318 3.4535470005676903
803 -4.5358123529611936 -4.2858343813504405 3.7441732473489675
804 -5.6401314298329739 -4.9222161636511812 3.5610851358953086
805 -6.656492519088423 -4.8949088013780555 2.6252846803721051
806 -7.8894910721895517 -3.7657061575814939 1.8921296926610633
807 -8.1428218092767217 -2.2233963414274895 1.3396735912964521
808 -8.0074813082922542 -1.4187881001720415 1.4417853485037286
809 -8.3377618633287884 0.20510980208322807 2.7170899358450007
810 -7.5007388836234599 0.50094284334432093 1.4897536196725858
811 -7.0743394877731705 0.93982284515590908 0.61331203987934646
812 -5.7089011437382036 1.726113634117447 0.35872147796078574
813 -3.8626150578761522 2.4654195742745588 0.52685113700745745
814 -3.6022800445316183 2.6287877765655989 0.58042042461853705
815 -3.9229087008213415 2.3356426445890017 0.44753180128556752
816 -4.5044599898795585 1.9127393750518082 0.12340484487457541
817 -4.7983419115308106 1.9357335979430916 0.28673136303596114
818 -5.4207120137827456 1.7341308825823813 0.26377466716952264
819 -6.1997099124224748 1.5096266566755423 0.23682388842064142
820 -7.014966295410594 1.3220852612261353 0.25671907706122316
821 -8.2875010821206079 0.67860635268779701 -0.7339378419408138
822 -8.1046502101025393 0.31382171119001201 -1.1954593354313663
823 -7.6571013055220254 -0.80607373961434248 -1.0664635161035572
824 -6.9657992084277565 -1.672784711488976 -0.35666873825973983
825 -7.2458499439915087 -1.5240832630383472 -0.30114646069909007
826 -6.7240469930760263 -1.5254521890547736 0.22625490640693077
827 -6.5511483636503174 -1.3353127228635668 0.78314590215977276
828 -6.6234157850055952 -1.1350298621912613 1.4540162297433938
829 -6.5820514438918769 -0.938949926477194 1.3666781825257421
830 -6.5303963100541571 -0.69865250574518134 1.3333403056234094
831 -6.4894129313809712 -0.47791357531498113 1.3504209574612089
832 -6.4627873218195884 -0.23593466766243709 1.4213486216959283
833 -6.4720754228287296 -0.015779885933635857 1.5628247378883717
834 -6.5894384892889013 0.059242221701650583 2.0715825211570467
835 -6.8172071938481489 0.20739001541023169 2.5889745080404438
836 -7.2120936726301608 0.34900282493653106 2.9818814241678466
837 -7.8345799909886855 0.36303063591902335 3.3298751751725435
838 -8.4552326305327838 0.18856088666290413 3.5742994688404819
839 -9.1327878712597546 -0.18466428728735909 3.7875599813047285
840 -9.4658079187473501 -0.19063692765377185 2.8857514499068682
841 -10.371193596967309 -0.39594521140397876 4.7070181640625934
842 -11.531232821723368 1.0320412661125478 -1.0576073586849306
843 -11.039631368149635 0.6574990637353868 0.0011816471416588037
844 -8.984451730899421 0.93858053211561299 1.0696047678103719
845 -8.610081069396692 2.0838102308488713 2.188593001917893
846 -7.5165097349332068 1.421063734735625 0.057067863307924058
847 -5.9047824581666699 1.2002909864009235 -1.6442467035570907
848 -5.715313359491744 0.13708996370950199 -0.44752557074633614
849 -4.7598025042153695 -0.091094700820739671 0.64121656852970643
850 -5.3554484492023091 -0.30404836323787987 1.7326197711210252
851 -5.4632780209404954 -0.71738188002170611 2.818287848961925
852 -5.7682386572543054 -0.86692059838498692 3.9916949045207
853 -5.1673156380677439 -0.54923906844360026 5.2739146815025286
854 -5.0177927700060208 -0.19554901189049922 6.6064786044361892
855 -3.8972205942595939 0.42621693081545453 7.6414539771536036
856 -3.5712967899409729 1.8806245894298659 7.899748390998381
857 -3.9893674788157054 2.8185320754469743 9.3380035921254283
858 -3.8079518346468926 2.5543534460122159 10.727539056265883
859 -4.9679411588006381 2.6774616491514496 6.1243197758464536
860 -4.3148399740342631 2.8952407876155264 7.4980503553258213
861 -4.163908980580425 2.6555374789865125 6.9016009589722014
862 -4.1282962309649047 2.4107800923662013 6.3728559722180878
863 -3.9829317278213732 2.2195059688054148 5.9517347524280808
864 -3.6132226000808765 2.0230919346377951 5.8195333485247218
865 -2.9913493728937359 1.9325936094818745 6.4367817033469814
866 -2.7862359786928201 2.0106293239728381 6.7876212994060277
867 -2.7543109645470234 2.024444692891441 7.2303732020710711
868 -1.9913846808781999 3.4496716656563744 7.0770381493714645
869 -1.6351566855600292 3.9804288704753672 7.4038024004529399
870 -1.3205012015102906 4.7875022728799088 7.5732265229190867
871 -1.2606214175458732 5.2639450995711465 7.7536321855892334
872 -1.4457716079265284 5.0490240316581749 8.0581003075895765
873 -1.3081732882042507 5.4130059947454487 7.3829557094985301
874 -2.1013252288349862 4.5009679742559454 7.8897151478390537
875 -2.1455022314004761 4.1409142156053811 7.6892218465054345
876 -2.4255377362555386 3.6741489370873501 7.9386933109310309
877 -2.4368280008355647 3.3393549984731674 7.5215591390580476
878 -2.6431638560447834 2.5520826305814515 6.6543372875126607
879 -3.17804929982141 2.6519243094734839 6.9900778432663158
880 -3.6303042350724568 2.4095557432763552 7.0674207511415137
881 -3.4941341226090312 2.9213951791511978 7.5380772484010121
882 -3.8248863313363621 3.263905934870766 7.0138122600588853
883 -3.0322115333383239 3.6907014527489874 6.1695819127257998
884 -2.0747896040553351 3.5185244782406828 6.0802357720271676
885 -1.0441415500558455 3.1876978170245067 5.880413787228612
886 -0.077167270915429631 2.6681413684555793 5.7585716405416489
887 0.9424113688074427 1.9519468187500357 5.6588855018799338
888 1.8558048944022403 1.154561376276255 5.5126652202396356
889 2.4853335560346475 0.48682709250571066 5.4344129840800584
890 2.5605129797400799 0.048390410240036763 4.7535833499067675
891 2.6003614725774047 0.015991120068960418 4.8850350173566932
892 2.2428048824537798 0.23605351368951333 4.2940001739368228
893 2.116927616349884 -0.33993455748356749 4.5873221259577992
894 1.7935916985510434 -0.56092935508291386 3.9406213562256998
895 0.69634686463179352 -1.4580015030833458 3.9291654532904383
896 -0.56710796457715495 -2.6573279959694949 4.4279414931287633
897 -0.45851542422742347 -3.5381189152327917 5.363339841580351
898 -1.401367400134945 -2.8810775727816007 4.508635811000878
899 -1.6054129271618174 -3.631347871106962 4.3934038811064413
900 -1.6639701459442546 -4.5749100737065467 5.0863782517099256
901 -2.0019686588850192 -3.6557188283251505 5.345260337119262
902 -3.2302060350585333 -3.3011651118232788 4.3165366577035638
903 -3.6594575904216695 -3.4207088619047203 3.6900274659413088
904 -4.6069448528124646 -4.1509139850758228 3.7743071382281532
905 -5.1684864881872992 -4.970552864587737 4.5161332294321008
906 -5.3296440365100661 -5.7752175220573978 4.3460340482022737
907 -5.6944516644504297 -6.5115650759789494 4.092604139377908
908 -5.6938157343565061 -6.511862649032393 4.0904620518547645
909 -5.929808942183735 -7.0465307056019704 4.4956759197255618
910 -6.2223981495891953 -7.1140803012846003 3.7755512532429045
911 -6.8442434709217066 -7.5557819847214853 3.7323331144588408
912 -7.544477458162385 -8.052638564295485 3.6547395229500981
913 -8.3862096157261288 -8.6035139804457419 3.7217662892281242
914 -9.4033136870035516 -9.3802142397412265 3.9015696703885667
915 -10.296726040900449 -10.443052595691258 4.2013640594990598
916 -10.681597134930499 -11.497303675597328 4.6298786292262966
917 -10.489194925087315 -12.437240952985572 5.3440035952411371
918 -10.0963725615734 -12.594256864511806 6.220918868907261
919 -9.222390372159893 -13.906142279532174 2.1065019023940037
920 -8.6791528221659924 -14.094534548447772 1.156992206776569
921 -9.0842523606239087 -13.576875640261608 3.535833555498789
922 -9.3720215938591416 -13.916532007644303 4.438729931113147
923 -9.4342390657505018 -14.008775970677876 4.3568365424158513
924 -9.4086206520335054 -14.606919324245345 5.4037762901633428
925 -8.828324393990103 -15.613498138378491 3.6202712339688361
926 -9.2376311592544305 -15.39906823772526 1.5545003673955291
927 -9.3611694584987593 -15.689311664486221 2.6783104441907861
928 -8.7995089313872139 -15.428168178026581 0.48964376078011435
929 -8.2409274494819016 -14.869087792533747 1.6745595154313029
930 -8.5106069403066158 -14.857254605693086 3.1937454065357018
931 -7.8063518639149647 -14.613362286431142 2.4281511421326942
932 -7.7574774958724317 -15.012470881578867 4.0173416030519373
933 -7.0028798368342944 -14.590433828627821 5.8562297823978184
934 -5.824579398605227 -14.760152263212884 7.3137111231096918
935 -4.4497143605695522 -13.025922241497724 5.6418100054438662
936 -3.6782849958793182 -13.989121218181822 3.9796001113312953
937 -2.7367037870217437 -13.28498181337627 5.1476766491782051
938 -3.2257455747306554 -12.531834894052837 4.8337041268441565
939 -2.6318347487263045 -12.942827915183694 6.6795133159903655
940 -2.9485400469306908 -12.965651239969985 7.1396012728803431
941 -3.0626478650114888 -12.94138533637922 7.4719072021738491
942 -3.325649878937452 -12.997526360400609 8.1885378834376965
943 -3.7229218238665909 -11.897587294790227 8.196804584500784
944 -4.1187231588491953 -10.717245706268551 8.0194997020367644
945 -4.2987771761192439 -9.3521942233207476 7.8650426002411811
946 -4.1489453473480831 -6.9818331765837884 7.4399206170270586
947 -2.9101702785595984 -4.8497801245159122 6.7173225983480949
948 -2.8740036823781203 -4.686128928760021 7.0432576096077284
949 -2.8634004605791508 -4.5735123269777063 7.2246075658238658
950 -2.7547293925672194 -4.404728457001994 7.209609409231744
951 -2.5515011490236477 -4.0619072202662618 7.3259668556872111
952 -2.3005970256186412 -3.5720348530520378 7.3996218930408215
953 -2.0923923788935523 -3.0814502959127341 7.4871995401224645
954 -1.8507039977151849 -2.5206410432445892 7.3931922755572996
955 -1.6165962355473973 -2.0279663639707359 7.4141107678189657
956 -1.4030387615659135 -1.5891955768046275 7.3717292775886332
957 -1.1578017164423593 -1.1717644815286197 7.2563424720087539
958 -1.0158489005241558 -0.87171908252729968 7.465877950275452
959 -0.82284959724363571 -0.35793968196941306 7.5152304404594625
960 -0.55999334196168848 0.019282897342918624 6.908088200688935
961 -1.1344144540524654 -0.34014933022879568 6.8615291546554369
962 -1.6309419984465738 -0.71395817869521161 6.6083315439133967
963 -2.3302150177228187 -0.80298163773587561 7.1702457076053481
964 -2.4789335247008251 -0.88348650418733388 7.4595827234638463
965 -2.4171627574921075 -0.73108168812211227 7.4241942452420808
966 -2.1365958532551081 -1.1069466229731897 5.6549360969961491
967 -1.9492782361640419 -1.0715262571408299 6.291473892092406
968 -1.6914422680295631 -1.3824210863935085 5.0433769884552166
969 -0.75741920221994119 -1.2603346715255097 9.1604474441468184
970 -1.4209809305598797 -0.68728712059546682 7.6660113974536337
971 -1.064476124176807 -0.63074597116246633 6.1940078596649295
972 -0.82576504345076107 -1.020962140589097 4.7957213689057081
973 0.23717927952908421 -1.0004500100452711 9.1673631196550165
974 -0.058904827326355047 -0.55595791440368025 7.8911800731254829
975 0.025624255095116899 -0.25023730173458719 7.5273188301362
976 0.25663550787455558 0.18493456257387186 7.273476796674915
977 0.60103136497885679 0.65540120944379687 7.1754072976548207
978 1.0777221078454498 1.0069306960009856 6.5734030848468539
979 2.0392727847362746 1.1670496947173432 6.119193540036493
980 3.013350855581066 0.97888857959313924 5.9730816364386454
981 4.0820598472401999 0.67720306769945138 5.8407122091970622
982 5.0263888150346139 0.31584664352291691 5.7465088276415113
983 6.054546839776652 -0.21376952475834199 5.653064198838301
984 6.7008123186768529 -0.86627769336523297 4.9747440149942967
985 6.9092177289558947 -2.0080796415735862 4.5237256142192113
986 6.7202941739951854 -3.1244278762212865 4.2089850291986171
987 6.0455034628763755 -4.2879225550913844 3.6020964025399063
988 5.4289261890565559 -5.6183056156902662 3.1660177768689608
989 4.9856405410183315 -7.0347606223290935 2.9653932737018627
990 4.7192386353004476 -8.8910728296002759 2.966671022967835
991 4.8380961298282266 -10.644813536070719 3.1678664723721379
992 5.3801619594357053 -12.534597643243902 3.6019229635850145
993 6.2059866474366867 -13.996176772754922 4.1478608634418048
994 7.3340456651842914 -15.22784334321398 4.8364139254846403
995 8.3783531358063836 -15.953915717218644 5.4761751942073937
996 9.3961711602232132 -16.445322105010323 6.1517775088832556
997 10.085629686221687 -16.701904066316132 6.6838570331400211
998 10.586517627016599 -16.899075608213121 7.1854882649405329
999 10.804541935725746 -17.059966559123968 7.5784977193570517
1000 10.802401726166035 -17.183368183994713 7.8456830458663687
1001 10.67280879788674 -17.302258103496861 8.0372675994576728
1002 10.557487123264506 -17.38967210497686 8.1073587849772366
1003 10.359083719352878 -16.526395729346493 8.0730983832330896
1004 10.239408066915633 -15.638905446146538 8.1182242985113344
1005 10.055094710110218 -14.604569179334858 8.2473174364123025
1006 9.7346110212290675 -13.78672823386901 8.4340452448478853
1007 9.3484574341698963 -13.052275179497085 8.2302415818862968
1008 9.1084408396957492 -12.270314490532362 8.1191152743861377
1009 8.9259738173520731 -11.321880075444147 8.0645829517862939
1010 8.7771560427889739 -10.338553376005194 8.072593067539227
1011 8.613044643126063 -9.4707239711163975 8.1365490231769861
1012 8.3251064346775454 -8.5400752084149261 8.2810864262561878
1013 8.6674794726182647 -9.367215359317413 8.1584334115043724
1014 8.211180193148488 -8.3101855149783113 8.508806296333411
1015 7.3730970410408094 -6.9657186994890941 8.2404286176321513
1016 7.2040888660866109 -6.6421643357723967 8.2609144597391904
1017 7.1911609158932697 -6.8987773278072462 8.4299436237200709
1018 7.2464259313875772 -6.9921052143958038 8.2329796542475755
1019 7.311738402434389 -7.4147914506566934 8.268554659796008
1020 7.3784190039627164 -7.8715328550742081 8.3054420048980493
1021 7.1487020060983015 -8.035566988925849 8.8537371485838108
1022 6.7132695671732794 -7.9535697869300082 9.1739776758561558
1023 5.9996089786883129 -7.7513228741775624 9.1044897010595562
1024 5.4223390204849045 -7.4168915093457981 8.7014755120635296
1025 5.1214537722416189 -7.0907098977338556 8.6462353186099659
1026 5.0430543492027988 -6.955452193160351 8.691056134254783
1027 4.9142283233341866 -6.7687858191408843 8.752671354622132
1028 4.7087195588152841 -6.5397900053317883 8.7876497679765215
1029 4.5943409199818515 -6.2959486196565928 8.7578319159535365
1030 4.9691729998270109 -6.636644731807734 9.6784902349615809
1031 3.3567720858387755 -7.1849336991502337 9.7241843020538568
1032 1.6848160227553213 -7.5508033504528784 8.8870035622632706
1033 1.5711222353583589 -7.2751932297359128 8.8402353708071004
1034 1.5717378210181243 -7.2813566940631924 8.8377920427514525
1035 0.45890653995853725 -6.6597989637368196 8.648760310977984
1036 -0.92481602870840507 -5.6808122474511045 8.2860768850014797
1037 -2.2799510514704364 -4.783771826986448 8.625269942224552
1038 -4.2718014175533101 -3.6448947804447904 7.1231977695298676
1039 -2.6142948046093797 -2.0763494401234617 6.8647178562512483
1040 -2.6159006342132689 -2.0675294487081262 6.860336113612223
1041 -1.316677109947638 -1.7825288548586766 5.7557400809043253
1042 -1.2775949232888832 -1.980629004513234 5.2406591460163225
1043 -1.4489134819485892 -1.9109586667863956 4.7631919954659478
1044 -1.4419918660983881 -1.9037519329842953 4.7566421275819026
1045 -1.742186956903397 -0.6355800273286869 3.870123751480063
1046 0.18986744063903571 1.3992058178640219 3.1521243546116366
1047 2.2164497273774426 1.5842474800521613 2.6657404925413686
1048 3.8595730667871608 0.89173795171999259 2.3291792338616082
1049 4.0723178261083097 0.66526560310426608 2.3637556568563793
1050 5.0569900536501677 0.019159656258611713 1.8249398120237863
1051 4.9332122867469623 0.13408251100783597 2.1243805662982354
1052 5.4293279390630342 -0.56554525299076663 2.0300619310902217
1053 5.9991053614347818 -1.3547317647592156 1.7110407956474647
1054 5.8488105608691736 -1.5875894220399331 2.2386109759076174
1055 6.743419819638282 -2.6822439975705219 2.4310824128389856
1056 7.8687344408903428 -3.5752778206739633 2.6107026080995501
1057 8.2249197625726644 -3.8352272483870751 3.05635360637205
1058 8.470481961843225 -3.8483288776353692 2.9389893757373842
1059 8.4726805374208638 -3.8612179950616703 2.9335826212667842
1060 8.8798349716222642 -3.8702017824659145 2.6293264225143029
1061 8.8823152110060857 -3.8770123753449712 2.6250186748305442
1062 10.046512755795709 -4.2369510157108019 1.6043106922935932
1063 10.291213181832404 -6.0201460149611741 0.36099493240431968
1064 11.40158094749604 -5.8847294994277322 -0.12953590721248504
1065 13.951986925789615 -6.5989948017447189 0.20200195324151976
1066 15.43386966413297 -6.1052206097533075 1.2424072337260668
1067 15.167676763031722 -7.1367053145943169 0.9674797222820456
1068 14.770719305492673 -7.511526801722006 1.1722303976086195
1069 14.453807861075955 -8.1688867648765786 1.1899615748605761
1070 14.259084138522095 -8.409088069266911 1.3592430940159144
1071 14.03716163757764 -9.0352618394156998 1.3725162633477135
1072 14.034826896540279 -9.0402884405250017 1.3723822202417943
1073 13.813889384638465 -9.7292343757152935 1.3187751463280042
1074 13.558197280140339 -9.6191530774057963 1.9616740210225345
1075 13.152955769930607 -9.0968724995185379 2.4159407983577936
1076 12.396029469469029 -8.4844584367690761 2.547707494863384
1077 11.460298368994088 -7.7760619208273232 2.4062741937442382
1078 10.952096558902721 -7.1115484960442306 2.0105727004337819
1079 10.502251046655221 -6.4555978960687188 2.3779107300276903
1080 10.50296782650568 -6.4557357459205997 2.3807675057466895
1081 10.008600786002297 -6.1806286725446968 2.7539696421600199
1082 9.4371530989750863 -6.1452484269758649 3.2097983614732772
1083 8.9814192379603952 -6.3105344687608191 3.6138528339234126
1084 8.5601840068605686 -6.6963318390755493 4.0381360751037603
1085 8.2864149546887749 -7.2584111710298176 4.4148621289348027
1086 8.1989828144764747 -7.8693508847350913 4.6980800640925438
1087 8.2834858040077428 -8.6073823822570397 4.9499101248588095
1088 8.5017856120420134 -9.2773753388501845 5.1198819165955767
1089 8.8693874208218979 -10.028176263916578 5.2480399220360985
1090 9.2613726159242731 -10.683461445952194 5.2970067388978936
1091 9.7280523660294467 -11.432773324319696 5.2807283812682613
1092 10.119156803052716 -12.118817593631798 5.2031081733763411
1093 10.482710396287107 -12.945063515193137 5.04615443461394
1094 10.689460502239893 -13.734921443914001 4.8488945118004567
1095 10.620134329086156 -13.495989382127309 5.4182080743692236
1096 10.621318526448491 -13.491611272519755 5.4210328352071553
1097 10.853887993016757 -13.824531386658633 5.5717293926669198
1098 11.297493318080836 -14.363390828987436 5.2854589966481065
1099 11.264926180940034 -14.707512991317163 5.5120326426460586
1100 11.782436627160777 -15.328592965127186 5.2299528085087816
1101 12.676005249464717 -16.199300798151409 5.131886952564769
1102 13.746190793397563 -16.755540761048739 5.6364433429566994
1103 14.960127893690487 -16.935477884488844 6.0809876543239083
1104 15.976885793278985 -16.7809781334233 6.3979596579891016
1105 17.036846106552048 -16.35702726035727 6.6432218170987856
1106 17.891706896573556 -15.853974075508861 6.7762468264954974
1107 18.782945995184608 -15.241929876492943 6.8471711389981618
1108 19.65194311393315 -14.646591086107785 6.8211872410761227
1109 20.442661959479516 -14.190159755347278 6.7275284670172875
1110 21.359280956501888 -13.842568845581813 6.5067580286627837
1111 22.154745848300671 -13.774849127780957 6.1788875620471506
1112 22.201697908948237 -13.613105979590225 6.701710114765949
1113 22.199136182521432 -13.612204993782184 6.7053869543587341
1114 22.295615351012557 -13.381275930826744 7.0797950455551657
1115 22.479453150947577 -12.994329675420712 7.2995596300538992
1116 22.725975462958786 -12.564378347868773 7.2681900792168355
1117 23.129465943557573 -12.14061481533604 6.9677354180761579
1118 23.195204585299592 -11.993769254231607 7.2729371257069513
1119 23.40168506761891 -11.65980093297201 7.3334042142195308
1120 23.554864953760205 -11.167626773010801 7.6802248878181834
1121 23.647781015876429 -10.49501080095628 7.7473731736590796
1122 23.683805087724231 -9.4040207178791277 7.8549759349244903
1123 23.682517052105599 -8.4444096512930606 7.9158061427989894
1124 23.677682985040754 -7.3720929280551459 7.9344503825668449
1125 23.709976965840081 -6.4167145341227823 7.9038523712635058
1126 23.828012555915475 -5.37137174496843 7.8073175835246715
1127 24.044400485065989 -4.4837472713428213 7.6592287741421305
1128 24.435420092466781 -3.5867225823215327 7.4205746126186138
1129 24.918083248205779 -2.9373387533569746 7.1335144469659912
1130 25.580658822397325 -2.4588417282564032 6.7169378847941674
1131 26.282632472837438 -2.3272247190213711 6.2067555321271257
1132 26.49004195494048 -2.2658902498880766 6.2908288745143723
1133 26.488276715093829 -2.2652393144545635 6.2912857738078651
1134 26.435067095097288 -2.0729744360639777 6.5634359520578842
1135 26.387277582580065 -1.9104832856639415 6.7499627501929096
1136 26.050312405224982 -1.3183095549550243 8.2057873465261544
1137 25.379234112656782 -0.6942228325106643 9.3481894573479849
1138 23.814219584817298 -0.16776888606799867 10.326653018266132
1139 21.963306498211015 -0.48916660744002538 10.977540862641762
1140 20.262087810568669 -2.0370383599572337 11.628465848845407
1141 20.625886699656004 -3.5707057384715997 12.339071766001839
1142 21.454814500659481 -3.0932201474261607 13.430711417789416
1143 22.29726407552273 -3.0271735459522908 11.893889706278323
1144 21.760757346226598 -3.1943626006531312 10.349262425576242
1145 20.754703392123957 -3.4932800481012496 8.8452162661788805
1146 19.580177720676314 -2.1605870218609504 7.7066791065037199
1147 19.133969037001997 -2.5293260108486328 8.5735752644892536
1148 19.135699934567221 -2.533797110779449 8.5806824542515319
1149 19.211608831026723 -2.4360834455352829 9.2853720572945928
1150 17.703582513504919 -3.1493918304616777 9.6530269722960167
1151 16.811480880505663 -5.1876707692455035 9.7075167918301712
1152 15.935422325713828 -7.6044880787243532 9.6387889207632877
1153 14.518620798213139 -8.7403994877191789 9.3706653134232596
1154 14.351345832955893 -8.9046853341649364 9.7624582692874018
1155 14.353580171812542 -8.9052284239919146 9.7648363147105179
1156 14.162940219671363 -9.1353741568358728 10.067291028502696
1157 13.921653533530959 -9.3954438058531 10.204948851708245
1158 13.805043172669574 -9.7277087303497733 10.650907093590749
1159 13.789353761382753 -10.336203675175295 11.249909497909435
1160 14.201338746402373 -11.298985231262415 11.604660966129597
1161 14.83236044269163 -12.064249824753432 11.731965973200516
1162 15.578670043257123 -12.817496032144255 11.737814760726705
1163 15.877612704589948 -13.058352061324969 12.012120931420348
1164 15.877755836767532 -13.057551620055685 12.014756518074879
1165 16.290875209107913 -13.233307190476351 12.293393340259605
1166 16.513923484219223 -13.234837512398215 12.568282688161686
1167 16.807626592110914 -13.1720584788726 12.843441271762405
1168 17.154592222617108 -13.019682941626844 13.047336980808286
1169 17.579804758520954 -12.718286426051339 13.331608328973676
1170 18.104768403742867 -12.159743358579215 13.490698793816975
1171 18.549450471725805 -11.519678797248227 13.659942782752989
1172 18.838290882966788 -10.860843910983206 13.848350259833246
1173 18.856122069348569 -10.525311668370003 14.09100569398643
1174 18.682416850278855 -10.575806898378545 14.451973042274149
1175 18.637930493884227 -11.063921842347877 14.784539850698861
1176 18.931043086896288 -11.828498480309674 15.045237116352164
1177 20.467037242709157 -11.930736816965002 11.748055899650069
1178 22.237843494730942 -13.809764115503661 12.25653609915175
1179 22.235759094329882 -13.820187305573636 12.26299941397297
1180 23.764345075409476 -14.251956965889832 12.634731756420701
1181 21.753557983433499 -13.989938170568985 13.010951848230418
1182 20.104769890480014 -14.425542090954934 13.171085624831658
1183 18.78004473912414 -14.988086471741848 13.363719442354443
1184 17.306108717577192 -15.823030426967566 13.942051288910985
1185 17.237074876228018 -16.026391113774274 13.784862460837878
1186 16.785051625160055 -16.741426345730218 13.826537394225301
1187 16.199390806282508 -17.446681618657191 14.466378485273458
1188 15.953844541951183 -16.419938239587832 14.224293196519231
1189 15.850500311911206 -16.443242354414227 14.360656947197171
1190 15.651666692923246 -16.65711476041038 14.868591254894463
1191 14.870956092131857 -15.536234028229202 14.507118645128397
1192 14.894976130884611 -15.721636542468879 14.354846374268186
1193 14.675968679739967 -14.710116708280829 14.463667616203903
1194 14.668914615295332 -14.709042602819636 14.462569484198859
1195 14.77573624333229 -14.302865069416937 13.555020444689386
1196 14.852432826776466 -14.145116454046747 13.463703083619091
1197 14.952696263083979 -14.044074924258179 13.321314202392072
1198 15.040372098681972 -13.919109931838282 13.239888844413509
1199 15.152077823303491 -13.855763441582704 13.115018234636231
1200 15.263878096840866 -13.82016636545613 12.93289694563005
1201 15.305754578700295 -13.74284711408812 12.865772229429671
1202 15.661155327510453 -14.037623227586725 11.305741899185703
1203 15.779308534153197 -14.902275242870139 11.00365705638967
1204 15.775630107568333 -14.904333006806246 11.001640390688797
1205 15.636430682871936 -15.849352946769789 10.893044361823451
1206 15.393429339993501 -16.851722157059168 10.763541750872548
1207 15.05076163753766 -17.733698372184129 10.644167376394137
1208 14.515639166385823 -18.760211487614246 10.717937144977364
1209 14.200481860459123 -19.560234586164761 10.79357161241631
1210 13.953274308642889 -20.268920805585822 10.654708691212859
1211 13.558967638442336 -21.059190927724217 10.762059135662918
1212 13.328217230529763 -21.901100103260951 11.154245687366915
1213 13.437883332859121 -22.082435288602486 11.461124724430547
1214 13.535016203238076 -21.894483281944602 11.865290743271716
1215 13.36875576791309 -21.476778457189166 12.229653733656686
1216 13.051329025336946 -21.144451338172392 12.637618613092689
1217 12.463122391034773 -20.901814894634043 13.165607110984801
1218 12.006202239666774 -20.928843426488434 13.630149910062066
1219 11.759189350015175 -20.976781132602987 14.012598135388437
1220 11.594537309205235 -20.898666055294402 14.546221474315894
1221 11.312478985996412 -20.561117104179313 15.102492393673717
1222 10.68628684862937 -20.111129257380174 15.419123095401689
1223 9.763048752087979 -19.7965863676643 15.772246247973895
1224 8.7330118136275416 -19.770851811938737 16.039703951835453
1225 7.6142985676349539 -20.027747845194035 16.292507682915101
1226 6.5980631994264947 -20.499442338979694 16.301253645267501
1227 6.0582115282890401 -20.367162233410429 13.739277483052822
1228 6.8188819998857291 -19.978869439820198 10.86440969627958
1229 6.8429782228739366 -20.121592378292782 10.949627908294509
1230 6.9560463174166332 -20.203215947855362 11.293362837079425
1231 7.0428372530719034 -19.914170941715675 11.484389470696984
1232 7.0860034584134564 -19.568290381742528 11.693270418816242
1233 7.0446696383866456 -19.17080887093557 11.958865665121532
1234 6.9471781671811987 -18.860387020177345 11.972435450302722
1235 6.8963309636683654 -18.536530209901713 12.265574912989145
1236 6.8944502037310826 -18.530542299503285 12.270831144711458
1237 7.0531779439486986 -18.392677753060717 12.778834092936336
1238 7.2635633164542446 -18.23466288790743 13.151613235508028
1239 7.5134741929061635 -18.011050323244518 13.447129252290967
1240 7.7789444773446572 -17.628168536618315 13.788033842943364
1241 7.9830884183342707 -17.136404097867381 14.037575406939958
1242 8.1282866717267428 -16.492346893495956 14.128038333190043
1243 8.1930326731521212 -15.839768906577747 14.417750842208756
1244 8.0981569922145535 -15.032261676582554 14.576782254709034
1245 7.9142497351354093 -14.314312670079072 14.780327661629707
1246 7.5995007937146077 -13.638371481288768 14.977038432185687
1247 8.248929082037284 -13.54542271218542 8.9473157533176213
1248 7.8572166038611382 -13.207443751335306 9.0182309980023501
1249 7.5201483349482432 -12.95011009238619 9.1038840738448776
1250 7.2628127230157293 -12.787620286483618 9.185658128235529
1251 7.0039852760995123 -12.663154002960407 9.2300528175323571
1252 6.7689031532180728 -12.573531312588459 9.3685203857723387
1253 6.5626767121929683 -12.552591885444848 9.4314215971448867
1254 6.3925884951256053 -12.569677315098321 9.647037483082304
1255 6.3352908212593384 -12.668721354041921 9.8230890602988374
1256 6.379189033969868 -12.781369561774364 10.036595713112217
1257 6.5570493828592822 -12.90577479391866 10.343442259808514
1258 6.7928069843380579 -12.9433997491623 10.591742223590632
1259 7.1310009329557165 -12.897511297582829 10.914165246226823
1260 7.4256479615568027 -12.775795463682936 11.158989905875117
1261 7.6547812795863255 -12.661375248056675 11.431920723038075
1262 7.8929576655635438 -12.471871805101234 11.752562672453555
1263 8.0897003917514603 -12.281923123699102 12.165614595308149
1264 8.2546290164943272 -12.069892407710775 12.609828845594608
1265 8.4200938236495375 -11.910541536361475 12.907897159000868
1266 8.6016692015390781 -11.686921548865195 13.345683608588864
1267 8.6433273810522557 -11.387287261567245 14.170337566161026
1268 8.7354517033345651 -10.694990507371934 14.697698099113593
1269 8.7345064510798007 -10.690372324140011 14.705330894925998
1270 8.506331785396382 -9.9954340360097849 15.124621684968393
1271 8.0123764576386058 -9.3506949352507256 15.630623796254326
1272 7.3653053804490867 -9.0839080548643487 16.198395137051705
1273 7.004753312006665 -9.2626231851490388 16.779976062429405
1274 7.0731574754778039 -9.2511981737666851 15.709502089154226
1275 6.5817212913184413 -8.4355955429912086 15.884625143552812
1276 6.637554093921457 -8.5556863234091729 12.202185672491478
1277 6.8773404092543347 -8.529589967241467 12.385171773459627
1278 7.1716122345088946 -8.4109638658931658 12.845798071233142
1279 7.3434383489884958 -8.1874006339068792 13.272069997251364
1280 7.4487430391190079 -7.8618580618947327 13.739541008748645
1281 7.4999934988275605 -7.5422092896028943 14.015902840300297
1282 7.4996962927243311 -7.118722222860411 14.44302841247843
1283 7.3765590467376096 -6.7900034902647626 14.210385977993688
1284 7.2987369121634815 -6.5034157080806843 13.961745165554699
1285 7.2546230001277188 -6.210943261976146 13.642787779006875
1286 7.2580206977415491 -5.9799541652612707 13.332175974651992
1287 7.3009430997348375 -5.7741484009267321 12.960432443908596
1288 7.3647702149968497 -5.6490230077280277 12.611224867929053
1289 7.4375107476107525 -5.6011328869942911 12.230593285556703
1290 7.4850404382379496 -5.6395659253070622 11.905381432333474
1291 7.4943585451015933 -5.7835743045331576 11.560825869117119
1292 7.4465324154417525 -6.0007169406944616 11.279005916353846
1293 7.3228349016390402 -6.3671999801390298 10.976642723527881
1294 7.1331372533191733 -6.8768416426977419 10.701492238189324
1295 6.9290393790984828 -7.4628245775074546 10.481167783646253
1296 6.6908171579033757 -8.2911620606582055 10.251747407548578
1297 6.4985164607250745 -9.1909834102506398 10.05832912754423
1298 6.3083514742413112 -10.369015096318325 9.8547974078063412
1299 6.1563024389313776 -11.526222813531238 9.6869394123485595
1300 5.972595282593514 -12.910345689261709 9.5105183695394331
1301 5.734932277184285 -14.185903567842706 9.369986799295571
1302 5.3279777615301125 -15.619726272616942 9.2432131576964842
1303 4.7925539610550985 -16.804621978051941 9.1707614952671044
1304 4.0191273399715266 -17.983107988986493 9.1525532110283958
1305 3.1263254647291188 -18.881747608114658 9.2191865341685713
1306 2.3256992226929629 -19.444409947497888 9.374338726086922
1307 1.5467036036165256 -19.920007962432216 9.6632069957742939
1308 0.94429406039348862 -20.341261942495805 10.016161075259699
1309 0.52808624878160604 -20.718893448356301 10.322019086505788
1310 0.52798792586090171 -20.719094089248227 10.325003480504705
1311 0.35010560081789599 -21.032084540266798 10.543998087280999
1312 0.26473803627975645 -21.384725652042608 10.811846240442513
1313 0.25982399043863991 -21.768142198495887 11.063089852169062
1314 0.36653935172196794 -22.334572302784004 11.299714398296278
1315 0.60118213594053316 -22.911570791340235 11.501729989636601
1316 1.0309308594759692 -23.540422146630345 11.753517038224578
1317 1.6097355955637243 -24.075889769292289 11.939352030013938
1318 2.1567434915210959 -24.401548372632 12.165831570428633
1319 2.8576559998131237 -24.617735231363302 12.415378957729471
1320 3.5384497935323664 -24.660868070300094 12.635215335083711
1321 4.2148073158954515 -24.565245535439725 12.796526720596299
1322 4.7881226872073199 -24.382542276765363 12.967792399980798
1323 5.3732692802795983 -24.1112297758607 13.0361453303418
1324 5.8845913129176139 -23.849865980822866 13.044556073668437
1325 6.4498630675293693 -23.532372330943144 13.113321485296865
1326 6.9889737579304629 -23.202911613582305 13.121786756667564
1327 7.6273700310741877 -22.818972665746177 13.098295012373406
1328 8.3976555459941036 -22.269533968796768 13.356456641872576
1329 9.6254777302698695 -20.88345186053585 13.703015021619818
1330 9.6256015033596807 -20.875582164253135 13.704692439975085
1331 10.528172737196385 -18.432868820620421 13.791731444116547
1332 11.167801480233631 -16.256188858513777 14.137760015727205
1333 11.195145590187124 -15.909422667036871 14.068941937288608
1334 11.189013337426832 -15.910962313824324 14.06608846750812
1335 11.162931857292559 -15.792565560129757 14.184614472360581
1336 11.124266815163871 -15.552472549996294 14.254678971546673
1337 11.078884440115816 -15.325864167908993 14.294482406291161
1338 10.996976657004517 -15.129235058899958 14.412750951703963
1339 10.772946486544598 -15.015463488194381 14.968888052049108
1340 9.6710017683319922 -14.261016263797437 15.128492195070947
1341 8.2724916786407565 -13.455517632825865 14.823017257948774
1342 7.8468235354362807 -13.190990678482336 15.30407665275434
1343 6.3285796753361669 -12.789108340216609 15.382468794631849
1344 4.9084759210660742 -12.41263806024517 15.090531754072398
1345 4.2210229981976095 -11.978147379441657 15.221233446147425
1346 3.694019464679525 -11.714884313281109 15.285590759658565
1347 3.7740541275226871 -11.684599767476801 15.063638510434188
1348 3.5107268647245373 -11.599428170096093 15.42606600138949
1349 4.3308314762132403 -11.608237977082203 14.593749685575176
1350 4.0711001068055186 -10.941756612473764 14.378635820894106
1351 3.6553874706628275 -9.8313883912143414 14.731182679068221
1352 3.1733426206247177 -9.5834714548041475 15.678551507497032
1353 3.8787648133093429 -9.6324088213571013 15.546686001702707
1354 4.5321141653372159 -9.8005980199104741 15.668826412110926
1355 5.2286816230326352 -9.9483714014899096 16.016463681654987
1356 6.0109469598878427 -9.8034341305305226 16.110351942133864
1357 6.6130411147913151 -9.6441431709975589 16.196912413937856
1358 7.2038622729288697 -9.4330782536315798 16.233874239737226
1359 7.6781633779355882 -9.2489115645621247 16.225278768904168
1360 8.1780738952900176 -9.080573574319585 16.219472869839599
1361 8.6259007615727015 -8.9415218536125618 16.239193471575447
1362 9.0589539505855949 -8.854912988106646 16.253884586989276
1363 9.3884844233384115 -8.8541554458733813 16.282791614539459
1364 9.525343376330877 -8.941614822747658 16.26784502362306
1365 9.6273077023178644 -9.1517414944944253 16.335638018283117
1366 9.2779149357141222 -9.3537779763969073 15.936922643876578
1367 8.6902292419152403 -9.3591285265261615 15.576353782174493
1368 8.0585058075104001 -9.0469311614249683 15.340169231948252
1369 7.4178637922235895 -8.2982417539404256 15.147148341734521
1370 7.1148689363157871 -7.3008896562793826 15.00325661184395
1371 7.1882744733198898 -6.0179434865507213 14.819573804942396
1372 7.6665068668234699 -4.9189011215011469 14.593715033311538
1373 8.5131704904510315 -3.9122419715758761 14.226065108116131
1374 9.5877299120535238 -3.219963930384115 13.703604690744388
1375 10.574454160788711 -2.9220022122598865 13.112226620684261
1376 11.476807857378228 -2.886707667938488 12.340497489445902
1377 11.976381262028477 -3.0320230139736184 11.565608502489928
1378 12.080449835811407 -3.2385047873354957 10.615163529472005
1379 11.877106750773107 -3.5952946734322273 10.415099818013129
1380 11.496099660077412 -4.1963991324420888 10.440851172657842
1381 11.105423916074846 -4.784419961244625 10.32246623783422
1382 10.559837110239519 -5.3278155218385672 10.029076944703155
1383 10.055368207175274 -5.5237200789160221 9.6308210630610045
1384 9.8266661205315291 -5.510879808967629 9.4252086321290065
1385 9.9650577831391818 -5.5045016494417789 9.3454549711228321
1386 10.221069696664106 -5.4630450001171624 9.0358127330982452
1387 10.775334050310995 -5.6965923100719831 8.9011943467068892
1388 11.299452968831766 -5.9678504194742716 8.6489438842948765
1389 11.737528321980237 -6.4271252971058415 8.3788112519873827
1390 11.741674601573786 -6.4310696358425981 8.376807580215786
1391 11.93591900094923 -6.8635196605782536 8.239259615483931
1392 12.057949677218598 -7.2821435511347801 8.033858930750295
1393 12.021037092469818 -7.5696689625116784 7.9871291896219567
1394 11.937089639464611 -7.8855726839925966 7.9438039036472761
1395 11.855927867211623 -8.1195032342791098 7.7673457121900471
1396 11.688507088614601 -8.1660767039623376 7.7957076043136144
1397 11.638099855314914 -7.9455729217544429 7.6368868871892177
1398 11.682839452854738 -7.4540881731092119 7.6761018285610181
1399 12.714991401250872 -6.417570554963655 6.5967911886394575
1400 13.686933820860112 -6.6084342304704196 5.5196606878348593
1401 13.620001259250964 -6.9677135263372314 4.0488255770997297
1402 13.923026674679704 -7.6597990990826466 6.2411080964272774
1403 14.623915259162919 -7.8030730238252346 5.8863283873427994
1404 14.069886902011998 -7.7271498014015902 5.1506342136124017
1405 13.977373533842941 -7.8021833022933196 4.5674698392350459
1406 13.771299809030767 -8.5640699082052532 4.3969361260912398
1407 13.423242546202577 -9.6191191825970055 4.6278586221792999
1408 13.301414516518291 -9.9475805286705992 4.3400908580000568
1409 13.208269581125441 -9.4944767584289309 3.7006812874802204
1410 12.071236897516211 -10.295334348812814 3.9882806613267023
1411 12.636443952154938 -10.881267643094505 6.5628558214906221
1412 13.181735288162804 -9.7205279389296546 9.3508714907871475
1413 12.954974282614732 -9.5927580956599261 9.045242924848635
1414 12.766430504541995 -9.3174476900173939 8.5502233613872569
1415 12.556402397591572 -8.9161101006262804 8.2485854297382293
1416 12.360959190382461 -8.3044662923924406 8.0837513343033507
1417 12.217395338281529 -7.6891165127116068 8.0788501340055117
1418 12.343894210752991 -7.454019003302645 7.5594040332274561
1419 12.554589323991653 -7.0778655286418646 7.2452095484735963
1420 12.969228344700559 -6.5680305062741953 7.0788137651580501
1421 13.476188715334608 -6.0336135086571687 7.097800105719962
1422 13.885385821568482 -5.532569852448848 7.2605740023129464
1423 14.152821089300083 -4.9515598247841757 7.6190142167608803
1424 14.234734512324085 -4.7322730564992561 7.53460139791164
1425 14.305147052756121 -4.6947206931810985 7.3833550460456996
1426 14.018727710636389 -5.7904495846676074 6.8689468342265689
1427 13.291852803010222 -6.7312285705526769 6.3581758978077971
1428 12.646104004834902 -7.0501265915437985 6.0235379618714555
1429 12.19390392876681 -7.1986235868952591 5.7384193986120797
1430 12.182586193577798 -7.2385964395872131 6.0123705875751856
1431 11.172578193131695 -7.5894676415540214 5.2676269537363822
1432 11.201734507407489 -7.9515497047309509 5.0570051647683201
1433 11.354746682912873 -8.5223409102238001 4.8678456169164894
1434 11.437021529617208 -9.3659079534737693 4.4653111971297816
1435 11.487412561471412 -10.525865669309567 4.5822878709867645
1436 11.31782947772073 -11.495856867051849 3.9705411694899402
1437 10.934777421030212 -12.660839221069388 3.8469437877356985
1438 10.523678165554998 -14.057513541703097 4.1774818642536493
1439 10.165503132994688 -15.010508711148319 3.8856959305019805
1440 9.6992946167145675 -16.134993146024168 4.0262045310007206
1441 9.2695389919613227 -16.902677773106237 3.87917166610915
1442 8.617222927920583 -17.624162462098774 3.5655591732949485
1443 7.8966528727050536 -18.363517550594995 3.7103236519679967
1444 7.1959803585919335 -18.777277448382172 3.4135139810382267
1445 6.3517995755065675 -19.27690316832383 3.5388173426085965
1446 5.6141719757214368 -19.463951278069885 3.4966912746014547
1447 4.7433562368634998 -19.471475135569612 3.4560564404673508
1448 3.9453305028014123 -19.414287457955091 3.4627692029373787
1449 3.6503624179091694 -20.156941822707729 5.0600445436427552
1450 4.3801814843081202 -20.480779946988953 6.4247696877284408
1451 4.8230050612639594 -19.867563771392152 7.986618984437909
1452 4.523416598087306 -19.577974832797821 9.4504774075891618
1453 4.2580393842671915 -19.917119108159007 11.099172862158332
1454 4.8062581560140547 -20.407665387283881 12.702290791046087
1455 5.436448906620253 -19.931821149088819 14.082599575346858
1456 5.6123071178325015 -19.313555533931464 13.63160690729012
1457 6.0619740290259267 -18.176902584044754 14.231511631210905
1458 5.8431078937468834 -16.922904817730906 14.573811774178413
1459 5.3950467805462594 -16.436827961658103 15.314827410732658
1460 5.9480563306849357 -16.826478046067695 15.820848186524724
1461 7.1069749667648781 -16.849591320321601 16.445627043593479
1462 8.3083399234088802 -16.108095488808544 17.163464041331121
1463 8.5491849019939714 -14.993168811337329 17.478597793119757
1464 8.6001528179256024 -13.622438433894018 18.384684063916509
1465 10.404679181226342 -14.711824419670302 18.028398778674635
1466 10.549890459330189 -14.749304092935946 18.187020499405239
1467 11.02998066546097 -15.061163817636764 18.231639163980219
1468 11.226747281467189 -15.107474559011662 18.317362093166135
1469 11.455599740192717 -15.174805375492776 18.322790114146077
1470 11.188200693238789 -14.939527378651583 18.288325545686181
1471 10.263689442591877 -14.329125985512057 18.038607745267928
1472 8.6004092646540276 -14.588300195624798 13.647783788627423
1473 9.8948910265003196 -9.6790560120003875 17.45448605205334
1474 9.9637623938098923 -9.7605997829702797 17.498459328333265
1475 9.457148485894086 -11.438455456127265 15.248758411080127
1476 9.6140080443210714 -10.602630918365803 12.938381398161878
1477 10.467620057479076 -10.358739524612904 12.746940521668927
1478 11.428695638263244 -10.442183360028256 12.097176555678081
1479 12.817673589673891 -11.362023717790356 11.885796872603162
1480 14.329317383330766 -12.781413928725792 11.930450060550342
1481 14.259782078334251 -13.858917905871959 9.1461266005532202
1482 13.371730645927155 -13.640297420266995 9.250045073798109
1483 12.492995604471114 -13.43030262175667 9.1044546081290516
1484 11.587915008482605 -13.142133484783056 9.1495902278538992
1485 10.629337850069396 -12.961818113400387 9.4354603734561291
1486 9.2475372807534537 -12.94996904412934 9.4290486847126349
1487 7.8745946849358583 -12.795252601024416 9.084045428423817
1488 6.7663459587612653 -12.144193215068372 8.4594437144634398
1489 6.7200176855484886 -11.297972664955029 7.3254477880309041
1490 7.2003060437799995 -10.16951391334482 7.734644496859266
1491 7.4705781999467087 -8.4285805159940779 7.5408819094232573
1492 6.6821831378270069 -6.7168504006627234 7.3593424440795925
1493 5.315406171688096 -5.1020217199053581 7.4846035056277991
1494 3.9861995116109363 -3.9703343870061714 7.9499345018623204
1495 2.6993588698287745 -3.219174777161339 8.8946438029049073
1496 0.89109175506734184 -2.6239035955280166 9.0727398620960962
1497 -0.54647199598614082 -1.9956538254281362 8.8365307881249215
1498 -0.82046668473692652 -1.8067992368326373 8.8462292112251006
1499 -1.2199499398490512 -1.5216399015467976 8.7902537476449965
1500 -1.8722623350175285 -1.0055332679701876 8.6775348471250791
1501 -2.7467116036883357 -0.18330485497676188 8.4161755347810114
1502 -2.4568799181707792 -0.68116472980038423 8.3856823348088803
1503 -2.1835123968279735 -1.5849696317153525 8.9274797855541834
1504 -2.6689145518131383 -1.1034892351733334 8.3896523579783384
1505 -2.2342055540809551 -1.885064313769816 8.3842333487551475
1506 -1.8663038042107956 -2.9387254890632941 8.8679617426456243
1507 -1.9412657329931506 -2.751297976080413 8.4610752475669209
1508 -1.5135412809231232 -3.3442031084514401 8.3972469100816269
1509 -0.91070865197154272 -4.4443694055136396 8.5253402722617917
1510 -0.45816292608013642 -5.2137198552697424 8.9354322956007977
1511 -0.36225038412187771 -5.1192784361608705 8.6177599783509695
1512 -0.13517364392466846 -5.4761758710623063 8.9743757253421883
1513 -0.24206678221706357 -5.3089002839412975 8.6958225535104461
1514 0.23876910692598416 -5.3448694189693127 7.8091957097704299
1515 0.22760030284328048 -5.74327615709998 7.7703880504916647
1516 0.20573946270070997 -5.5691210242944349 7.8439901974053372
1517 0.039612204443336185 -5.0541864219934229 8.2409809333410848
1518 -0.84645727141022375 -3.6907396713413787 8.1002499223486595
1519 -1.3336734399392698 -2.0552893539955641 7.4133863828328144
1520 -1.1764221927935408 -1.759594496891018 7.3668487625301617
1521 -1.1925082763518047 -1.8148009596865022 7.328458992198712
1522 -1.5969738656720061 -3.7936253554022894 5.7730156407793345
1523 -2.5297139598625362 -3.7692671462515062 4.5167174757729471
1524 -4.0887686451388383 -6.8650667830484728 3.9537609959146458
1525 -4.8286768356690351 -7.5295227358335604 3.8383020625418944
1526 -7.1549468442769637 -4.9692617396084877 3.8659611085837473
1527 -8.7565818649947733 -2.6075024595964846 3.3432551395436421
1528 -10.116436101738808 -2.8501987792944927 3.2070267136966089
1529 -9.9096302440803949 -2.731636265287857 3.1372326185558168
1530 -9.3812442912589606 -2.5917983326020408 3.1440452471416771
1531 -8.4501533110474494 -2.4559922121765996 3.2728905512182314
1532 -7.5298378598984268 -3.8228561138531583 7.5585234865531854
1533 -4.8181212508743174 1.0737421321448952 6.3619325058017449
1534 -5.7505592793000746 0.12322129331012857 3.5520417455515565
1535 -7.0618789518625693 -1.5668874068667311 6.2161031429835534
1536 -10.011100585009872 -0.23686291405317003 8.9203253762947554
1537 -9.7845334794945149 -0.13067608109233 8.5129222375341786
1538 -10.475903302610202 1.2168091141292701 7.7956746193510416
1539 -10.320676250843416 4.5904248249155737 7.8433610940800484
1540 -10.027091165528795 4.6973975168222717 7.2251077280726239
1541 -9.3806908664951578 5.4822525028432842 7.0896619984131641
1542 -8.720024173691133 6.5118568067388054 7.5899467717280862
1543 -8.593425698045877 5.6829886166597294 7.0150018917206625
1544 -8.5125989716104034 5.687870716873654 6.9970199854734689
1545 -8.6109658739274639 5.9068997111779993 7.6730005154229222
1546 -9.1705775896275252 4.8362606737215428 8.8651726613888826
1547 -8.8157102494931703 4.3696682718095747 9.8122852368186884
1548 -10.088726733107588 3.5701784789507043 10.115902650624276
1549 -11.542339187249974 2.2552345991418252 9.6698651794559769
1550 -12.867250234448266 2.4765334357290407 8.3461507220275521
1551 -12.399671306497554 1.7824698260877108 8.2944220211054631
1552 -12.416237171953929 1.7392288074830198 8.4638017995916304
1553 -11.765650307333408 1.5580816152677994 7.5953049969619384
1554 -11.784435496324123 3.9238626326532695 8.446942639881307
1555 -11.255679413539424 3.7713320175230045 7.7956976366168407
1556 -7.5732252944561047 4.8716626131725 7.6765506717015315
1557 -5.3702434302359112 4.2975125170305368 6.7408392150991432
1558 -4.4112014484372768 4.3438631703031954 4.8729757788080494
1559 -3.9706541957316319 3.8471242038160902 5.6966432411982
1560 -3.4204071285583515 3.8534686639373081 6.4404025406000578
1561 -2.9088386479053967 4.2702444301484226 7.2055285798021815
1562 -2.7087372660778914 3.997433381675187 6.0808082507976016
1563 -2.6465056925084456 3.6876001647377992 4.9442931374430241
1564 -2.2748274252619769 2.0248780869995557 5.6163398573584127
1565 -1.2287227742112705 1.2259057683193499 6.196741551344128
1566 -0.15407913449529453 1.2399926094760847 6.9642988622247692
1567 0.030111625814153165 1.0335813111608481 5.4414984368542889
1568 0.38103975337525853 0.22256706357793909 3.928609731690484
1569 0.8832013318928158 -0.2546099099731407 6.7405880474495055
1570 -1.1643922289768449 -0.80461427456819301 5.4407267202935081
1571 -0.82741386765070013 -1.1777999633853611 5.4376358570320473
1572 -0.074244515027138469 -1.4252548551446447 6.6638860703604008
1573 -1.3352348099849856 -1.4086885917155962 6.1947209290325018
1574 -1.8718297525658474 -1.2338390164934534 6.692602495017443
1575 -3.9355474264027799 -1.3993864027809853 4.5819327522118467
1576 -3.7310518519650824 -2.2544885445696243 3.6114261411284176
1577 -2.9412912890759602 -4.1814914570945545 3.4999996968874063
1578 -2.042623058639859 -6.2105127797048514 4.1820795284999583
1579 -0.70807361344894559 -8.2608352471372175 5.7321825899551397
1580 -0.77505330132508077 -8.2467625251252628 5.2306060040746747
1581 -0.26417465391877959 -9.014304240787121 5.627238043136507
1582 -0.71523636990214001 -8.5699295379028495 5.1615176449438112
1583 -0.60321505210391424 -8.7565621813531394 5.6385486217625695
1584 -1.6159959557786185 -7.8171990877203115 4.6939029911242436
1585 -1.5206944078668774 -8.7008487937949752 4.5654301157910693
1586 -1.2432061344100822 -9.9647710469650974 5.4166213261864389
1587 -2.1089852857966593 -8.9780308930823409 4.5718689259237371
1588 -2.1312584319246892 -9.8527723988650191 4.4467975881213953
1589 -2.0621513470153596 -11.061938415294918 5.1587540202533884
1590 -2.4124549029108797 -10.356929793649382 5.3307434889923355
1591 -3.1579702147682012 -9.3342828077534374 5.6559702563722114
1592 -3.6652345052202415 -9.0891165225547237 5.4728866756017398
1593 -3.7118374113216221 -9.0152876958959656 5.6974258790768202
1594 -3.7862088232263584 -9.0184412336393631 5.3643978705670818
1595 -3.6624113747528795 -9.2166513500954999 5.2583581810352866
1596 -3.4586169778180516 -9.5008251515291455 5.3941301039071199
1597 -3.6991099953225048 -9.2915126776922961 5.4307326660711368
1598 -4.218869348073504 -8.8712731868081622 5.3486542751424135
1599 -4.8355394993395917 -8.3096904140778047 5.1333235925688108
1600 -5.5853829739177039 -7.2004518879108286 5.0207038061278482
1601 -6.8655764042830736 -5.4058941533895357 3.9018615546132693
1602 -6.0461681762658728 -3.6231431119022921 2.574034075260685
1603 -6.2954625758979592 -2.9884233807211937 1.7533535516799374
1604 -7.4216143720707244 -1.8797640968201843 1.8658060944693524
1605 -8.3510860162620268 -1.336422158513362 3.057970184691237
1606 -7.1545652661842283 -0.9526771551233213 5.0548668871016318
1607 -7.4221038505647492 1.1921343020668369 5.8222583547891338
1608 -7.0280166375479105 0.91439233638536677 5.5434268684484156
1609 -7.2784049867567564 1.0792613053805249 5.2922411352226542
1610 -8.3846515988663679 1.6160024168674778 3.6168588411016431
1611 -6.2233821396599609 2.1278375668752032 6.4302064325170312
1612 -4.9654034437626002 1.0426486225397538 2.5857527736843662
1613 -5.9025762625694984 1.7374711510371157 2.1575671210996017
1614 -6.6373628458583065 3.0508947531025132 1.8091891794809982
1615 -6.8412784973856455 4.3993086715704868 1.5443551977750558
1616 -6.6012519008498138 5.8735656138702748 1.1664401578989769
1617 -5.9690537044337333 6.8414812023273468 0.67536326142069458
1618 -5.0507135965168812 7.2314863627871429 -0.093489395885093099
1619 -4.8818109408929367 7.1728902512292843 -0.071094450461460429
1620 -4.9570691556162503 7.1093084181868527 -0.07194040315963865
1621 -4.4180996896869589 9.1219351301443812 6.1586748263157283
1622 -4.8869602039672984 9.0587469666695881 6.2208990422156161
1623 -5.0433871922235811 8.926214345360604 6.1451114690742399
1624 -6.0126969420044478 8.7307499136929998 6.0103790706756319
1625 -6.0768468134443419 8.9441975130664595 7.0272734075922108
1626 -7.0237276409199936 7.1163174216262659 5.682282464816315
1627 -6.6556450142610357 6.6261966829846308 5.1704496652657701
1628 -5.9652029823360087 5.5051189115005181 5.2099246496075686
1629 -5.5279454436620519 4.9176250748281616 5.5000816569668611
1630 -4.9994063751869904 4.5711907308738589 5.9137218741536275
1631 -4.1808193487696013 4.1771983341674446 5.5153868511554096
1632 -3.4161585538251411 3.3560385452031474 5.138779511039421
1633 -3.0438374267370549 2.4260507232501647 4.8344236795688911
1634 -3.1318216047998044 1.2591536084057475 4.1488450060143069
1635 -4.5328265029882324 -0.56496993255573036 3.3381154250955669
1636 -4.3767297872045177 -0.57588664080761043 3.5781682862771222
1637 -4.135240711254613 -0.56591229585695957 3.9302578249472653
1638 -3.842171461138336 -0.074303127533934477 3.6251164251672421
1639 -3.5002941500411322 0.26167712126230269 3.2773181265141966
1640 -3.326025234979372 0.3508979704031826 3.1310334376666846
1641 -3.1961519076255041 0.51665352874512049 2.6388638622973311
1642 -3.5540256623255675 0.76618848157873209 2.469710626312855
1643 -4.1168393913957688 1.1771918873490128 2.5914289641838133
1644 -4.452179254248037 1.4395578749608617 2.4161544053248276
1645 -4.9320169833075598 1.9335387466111529 2.2231841337587239
1646 -5.4133872033892096 2.6691939894157164 1.9160076708405589
1647 -5.8999838315742776 3.9786453934812291 1.8907180826730687
1648 -6.0558557167056835 4.4878849723865173 1.8569751594002821
1649 -6.0848975201771127 4.7292172631324618 1.759410146776893
1650 -6.0551901162067985 4.5891683213400203 1.8559408817080818
1651 -6.0969053576534202 4.8630769761820289 1.7524062493577288
1652 -6.1621909385174023 5.2001888593343457 1.7919771392107153
1653 -6.2477719894154671 5.4667195840997547 1.945949345147862
1654 -6.3838675076082243 5.8646369908499363 1.9024848247296868
1655 -6.5300276332485439 6.2463742163184879 1.990071029045525
1656 -6.6731816075663772 6.5920840358478783 1.9817816840779692
1657 -6.7691063125069757 6.8537891565556093 1.9461280705170019
1658 -6.723532259715058 6.860482711312418 1.844755681249348
1659 -6.7043107794827659 6.4243262673178929 2.5050656551760122
1660 -6.4439946371258241 6.0761139391074934 3.21914240619589
1661 -6.4940403510754763 5.991693861194415 3.7241772119647898
1662 -6.7381558572348208 5.758984301000087 4.0422464948443437
1663 -6.9879725316366885 5.3244142490232678 4.2312379353262566
1664 -7.1332781458225165 4.8348485409722555 4.3373354383988696
1665 -7.2208259458320629 4.220900839647066 4.4128772810214958
1666 -7.2411474223310286 3.6403831236070032 4.4486043823930652
1667 -7.2315653652504643 2.9523380627741167 4.4587364389999342
1668 -7.2197666238088534 2.3302323562940317 4.4395535163904292
1669 -7.2402186103067789 1.6360334451631655 4.3821828417443864
1670 -7.3229844404610729 1.0570409329951009 4.2898624447509404
1671 -7.5144390643435974 0.4788331981263344 4.1188808158970076
1672 -7.7573328413735529 0.12493716629650364 3.8955852337033896
1673 -7.9359822324929237 -0.016654370893782078 3.7417708027191376
1674 -8.072986506364094 -0.043103234074743146 3.3236822448073267
1675 -8.0800018290047664 0.0099962170977681009 2.8550095119070664
1676 -7.9769413805259521 0.071458723477818342 2.2602858843559419
1677 -7.8666473203834419 0.095193260327665619 1.7107329157282751
1678 -7.6703020392294095 0.34468530442458567 0.58225336003768569
1679 -7.3538720042831081 0.33885670439571669 -0.43539358131854961
1680 -7.303236203072812 0.036836829368396939 -1.6465087977891963
1681 -6.5066978903785015 -0.84053516530871142 3.2612959328019233
1682 -7.5097316619038628 -0.86312137953799128 1.9837567608003845
1683 -7.6669286007860853 -0.24528236414569982 0.84412658244419114
1684 -7.494847618790855 -0.55613771497110731 -0.56480135505436369
1685 -7.7376748860973077 -0.20103027685761576 1.5564138766387066
1686 -7.9527504619095044 -0.17579201520647558 3.4227102779988918
1687 -8.7914165228679639 -0.35036489019446337 2.333569561124746
1688 -9.1656547815062197 0.089931780411145024 1.5384801670262469
1689 -8.9330302005353772 0.41440828718772682 0.4920781343949473
1690 -8.7119379782063486 0.095278599901805983 -0.55673205962852945
1691 -8.3953371451452501 -0.31520642042714009 -1.5240202967666356
1692 -8.2902357626583125 -0.95976862465468615 -2.3541093919396165
1693 -8.2379321999757664 -1.9213140625435785 -1.9777412136110295
1694 -7.8390000139984384 -2.7439398344737893 -1.6714809066624521
1695 -7.1748487830766399 -3.4731352892892211 -1.3359353837089674
1696 -6.3884858141238725 -3.9535671417143905 -0.97394935023750984
1697 -5.6529411805379022 -4.1566504814102734 -0.59993680542866135
1698 -4.8722225829483152 -4.1292486796414991 -0.071282196427870925
1699 -4.3609068296463027 -3.9063749375161665 0.54417430127742883
1700 -4.0939460404741697 -3.6314707185436799 1.4057332770232498
1701 -3.9465324189313913 -3.5166259972684597 2.3076907267135818
1702 -4.1410529796158606 -2.9564238116890666 1.7093988110746174
1703 -4.0818783576500266 -2.4275496697549026 1.2167342821998197
1704 -3.7739168064259134 -1.7454922922649729 0.76932366556687737
1705 -3.2091423567366197 -1.3237205148786371 0.16634832652202913
1706 -2.5928617525286328 -0.71611998085325324 1.553178970795059
1707 -2.9337319250959641 -0.53946835794687598 3.1337376900288287
1708 -3.0832452331872089 -0.81279032229976989 4.6019643088119642
1709 -3.4349253922850531 -1.3777962773290575 3.9076390029867634
1710 -3.8274633760463503 -1.314428265845665 3.3593391631801341
1711 -4.2268062317376724 -1.0992242725374326 2.8631221768462467
1712 -4.6316242132328949 -0.78825341535827609 2.4580316523301513
1713 -5.0707971206775291 0.18201713464211533 1.0065895609845978
1714 -4.2349819408683933 0.87767982280112034 -0.24073302928211721
1715 -3.6511531100089991 0.9750126742418247 0.45615940256988474
1716 -2.9669502719171317 1.1268259545072441 -0.067569903522575053
1717 -3.001010694561701 0.84195396097499076 -0.70046908490796034
1718 -3.9054507261105647 0.68669533245445424 -2.3509593092633132
1719 -4.0791416285288662 0.35588514103659008 -1.7926388678784215
1720 -3.9720995915172628 0.12186364156152432 -1.1411870429113413
1721 -4.0172706883136726 0.15162907184771046 -0.51951163557225233
1722 -3.8804384685788023 0.011933720035077311 0.073828894734875306
1723 -3.3166723053392992 0.28473676844124651 0.47520143228342326
1724 -2.9176935617185067 1.3121342767372077 0.81638793897593431
1725 -3.2010837460802968 2.4696395357443475 1.0794749839964408
1726 -3.4536777405787031 3.6005677573957016 0.78623095513087149
1727 -3.5365761407116185 4.7657881806707865 0.73684670619151449
1728 -3.2702941690571996 6.202298653902063 0.85524237232790934
1729 -3.7253020978262117 5.493790072867041 0.5145547048208966
1730 -3.8938972638425464 5.475288177167223 0.31479130179475062
1731 -3.9869345820632165 5.5722962341972062 0.010636470359964345
1732 -5.3312691986626737 6.1351867779511249 -0.80510714196282929
1733 -5.1893117691032211 5.6971606273231137 -1.4497057699595834
1734 -5.1910235168380714 5.1071731896046986 -1.7940231152192867
1735 -5.3155065970926048 4.3282872104501005 -1.9301235508693395
1736 -5.1067577517178933 3.3484204777970277 -2.2003821966461152
1737 -4.9312458058997546 2.1153425925565692 -2.4030704614042224
1738 -4.7684536836290583 0.92039172288955939 -2.4727718241550276
1739 -4.5231701865302005 -0.46031643343488238 -2.4244355301145912
1740 -4.2189670354101887 -1.6912684370675271 -2.2849370433199874
1741 -3.7771858507399902 -3.0161630225376821 -2.0057662018224724
1742 -3.2498580986806651 -4.1670119754368251 -1.6166006058113613
1743 -2.6982846964677085 -5.0103588228251752 -1.1769957991453974
1744 -1.9823719049904083 -5.684177186646858 -0.62426574666065138
1745 -1.1848779436753807 -5.9402109606194831 -0.11438087013068232
1746 -0.23940931542565114 -5.5345486911025361 0.41849231556194288
1747 0.1998879554623319 -4.2771443462320136 0.11531129284068542
1748 1.2377767976176561 -3.6836213492048797 -0.19211452285029185
1749 2.1349421981885404 -3.6078961402292542 -0.37822272204861862
1750 3.1198720538340479 -3.8217682230662988 -0.49657878952923812
1751 3.5961178991595371 -4.0229634375747692 -0.39109745567265863
1752 3.6483998135102182 -3.941351776793927 -0.36630948681007092
1753 3.7083028695764479 -3.8229256925769364 -0.23840907678421433
1754 3.4472100698288379 -3.6392154256179037 -0.23492188337663186
1755 3.1687553791610954 -3.426651561462756 -0.15297683340439949
1756 2.8881660077782545 -3.2640350236549076 -0.032012126203346022
1757 2.5337826019103042 -3.1456049831694299 0.12493310611849331
1758 2.1909307166353198 -3.1534587732558523 0.2373509083150645
1759 1.8686041002835905 -3.2602174704418925 0.2761074478333026
1760 1.6926547996180326 -3.3831163532363537 0.35197211714958909
1761 1.7398726237461817 -3.5092377258399714 0.3220646129749099
1762 1.911350558626268 -3.6305493832560121 0.20607863295012341
1763 2.3270526969722494 -3.6062999385301531 0.19228356395490898
1764 2.9504850607790214 -3.2797780977834781 0.018830399013252119
1765 3.4644177251130239 -2.9797022435912921 0.32315511480384784
1766 3.9187305275450575 -2.5873287352409653 0.62417589322051503
1767 4.2246642993715522 -2.1878441621575528 0.86192717937197383
1768 4.4713739839625148 -1.6934428541752953 1.102897091256509
1769 4.6046768168182597 -1.2223647346811199 1.2873219041872537
1770 4.666327277222015 -0.67261591305198754 1.4679960338296054
1771 4.6458241887158396 -0.16920201361833875 1.6129396502244127
1772 4.5464692561654036 0.39433316779788941 1.7567059789088355
1773 4.3662085028210376 0.96375783229152034 1.8779385580571317
1774 4.1397899263931652 1.4733561524102146 1.9708908746980043
1775 3.824137009716543 2.0322312105585123 2.0689334299906306
1776 3.4905560011369774 2.5130397197552661 2.1446874905680389
1777 3.0472439915352298 3.0419254256944406 2.2326141885388253
1778 2.5968035458488745 3.4843104334992097 2.3167363171453199
1779 2.0245794790960776 3.9401300019967977 2.4240054059837863
1780 1.4551930282383279 4.292580563104103 2.5430882677286668
1781 0.77190690521155192 4.5999406637100755 2.7023224932551004
1782 0.13518976807264022 4.7793459797889746 2.8609811100795097
1783 -0.58812815560944376 4.8560798403440621 3.0855935709324203
1784 -1.2068039566777202 4.7943901449528177 3.3359334006214434
1785 -1.9296808644720771 4.5810504842983324 3.4676584574008147
1786 -2.542810488056551 4.2817509637850435 3.6861554294319063
1787 -2.9767870291019864 3.9319713018399796 3.9590606323058406
1788 -3.5876371241423155 3.2149580796056672 3.9204941780430849
1789 -4.0736946156827525 2.5745210606510107 4.101956260238623
1790 -4.6605507306529459 1.7242896852564094 3.9065707961508624
1791 -5.2192398190301033 0.87915802012480393 4.2204878053947468
1792 -5.5951290219429115 0.4979823188244703 3.8878985576619116
1793 -6.179923805973802 -0.36043978995154768 4.3337267756631892
1794 -6.232449133236341 -0.42749123941910072 4.5158087918756848
1795 -6.2479571453616298 -0.15055696436515387 4.6822953420288576
1796 -6.3818237573896388 0.10508456082673656 4.8221297522445061
1797 -6.5790715091968721 0.039110614218474282 4.8772539501132748
1798 -6.5168819649568928 -0.58667101495241303 4.8399994309553449
1799 -5.4890242237921818 -2.2059884863431343 4.2536070993477679
1800 -5.0155251781149026 -3.6295879358731042 3.9889304790153233
1801 -3.643872889138942 -5.3624452364874635 3.7075657960037098
1802 -1.8691898677120196 -6.8403288060713647 3.4783509290048449
1803 0.2123375260217244 -8.6556225405298655 3.2740037181589923
1804 1.5671867514611959 -10.647654274975887 3.1240758706772342
1805 2.0113929297868056 -13.118223163812468 2.9701418020162422
1806 1.1625189262469307 -14.779310911746675 2.830770389048971
1807 -0.3606841586741687 -15.3875921748451 2.6400051640880964
1808 -1.3722504965961759 -14.972762513941527 2.446403156934807
1809 -1.9368863222226347 -14.586100186952056 2.6314157821546131
1810 -2.6577003752552777 -14.261316722868694 2.8042440995967444
1811 -3.2872356357823116 -13.958729115399748 2.5847958159938793
1812 -3.8988643957224953 -13.45534127365609 2.3252446878006459
1813 -4.3137038721707723 -12.892501774177415 2.0914637757142533
1814 -4.6125095853243403 -12.159015304607012 1.829432712970698
1815 -5.2084158969680354 -11.041252037848379 2.6524289334521001
1816 -6.6034177587923129 -10.737007352733391 3.606413636866836
1817 -7.0643976448166876 -10.779535544095026 3.1313148801761335
1818 -8.2622117735033651 -10.729592281599922 3.1164073098847171
1819 -9.4846754383977121 -10.621393002928043 2.9548679158038866
1820 -10.936791151042845 -10.550852651404931 3.567328440282977
1821 -10.637868673324986 -10.552705973945459 3.9174650445969079
1822 -10.793485628451311 -10.7263115106217 3.9277497281023979
1823 -10.957250779954121 -11.159934074796681 4.3081620388245048
1824 -10.835661463695917 -11.037888116503922 4.5050089577841579
1825 -10.775184651957645 -10.925759119859819 4.6228917787755694
1826 -10.742951129320391 -10.662209726020935 4.6875451112000128
1827 -10.649920535088253 -10.204020633072812 4.9438678083723522
1828 -10.606722609190253 -9.8722813301840961 4.959662917226912
1829 -10.667843182537647 -9.5249068217795614 4.6875274146158317
1830 -10.852777382171407 -9.0419946990499032 4.1276220668777448
1831 -10.591686351822354 -8.5259756349103792 3.9504383313232405
1832 -10.384236361663001 -8.0764209994324929 3.5847094426305137
1833 -10.551775214528146 -8.1243002424024588 3.5572350485112558
1834 -9.908067405677988 -7.1829880260280028 2.010584372585841
1835 -9.8161136861239164 -6.4202707325623507 0.93459928854116792
1836 -8.2458282258789684 -4.6174474722102081 0.33447996918274275
1837 -4.8740557715264758 -3.0111212814970512 1.6514777469265132
1838 -5.9569032095500161 -2.0594014014667215 4.0744460718886151
1839 -6.1554909444320485 -1.0516621548015734 1.8627985191222254
1840 -5.496244230077159 -2.0886474849592247 0.78971595248499005
1841 -3.9719630424638814 -0.010226392480600546 1.4834713630553973
1842 -3.8624920619814311 -0.31863743426908381 1.0966633596379514
1843 -3.1840540796938663 0.60511191695061606 0.71815566545432186
1844 -2.0924072908868605 1.3960860887857538 0.37356641306252308
1845 -1.7609897423536802 1.0532083970122306 -0.57547900237295624
1846 -2.4314952179432705 1.3803948171484981 -0.72161330112770694
1847 -3.3517049983575271 1.5681090077196864 -1.690235955068992
1848 -3.5661731895976692 0.28743177357067068 -1.8149707801812345
1849 -3.6710140668543292 -1.4811629206135737 -1.0377859101269762
1850 -3.7217674315909823 -1.4549705872590335 -1.0270618169398469
1851 -3.9219078952271813 -1.2752439354137488 -1.1020963514670303
1852 -3.8934448007744193 -1.3940876024052939 -1.0852435302730645
1853 -4.3278979543007461 -1.1392726670517492 -1.6549557436428468
1854 -4.2663489195164068 -2.4345014815104347 -1.2164112719501377
1855 -4.6657830979578812 -2.2226009571186913 -1.9285853029865827
1856 -5.1938563522846701 -4.2272038881559038 -1.4873828508750429
1857 -5.1874325624080893 -4.4829661403498724 -1.349738864334975
1858 -5.1602369101235857 -4.6337028133653799 -1.3349574234036936
1859 -5.4628040912647631 -4.279629295207811 -1.9460028095812218
1860 -6.0335667898819123 -6.0467543222030384 -1.4779898025989873
1861 -6.0149082168680081 -5.7482499774415494 -1.222519515453677
1862 -4.1570760547425527 -5.6691950039329475 4.1681389354607363
1863 -4.6303111550568428 -6.5480891446746288 4.1462231704712496
1864 -4.9429512217991629 -7.2617478781799889 4.3495743677346175
1865 -5.1856376581361827 -8.375274433234539 4.2465172706163763
1866 -5.4967651875236143 -9.2962166729645652 4.2077490044209576
1867 -5.7596474675119547 -10.275938082027649 4.7492748430150931
1868 -5.760332019799014 -10.278556393469676 4.7545199930841413
1869 -5.5675176246385965 -11.07610644770854 5.2401900997556083
1870 -5.0841691663524715 -11.701710102090406 5.6027332188872654
1871 -4.9603489951599737 -11.996852912786979 4.9208952768515664
1872 -4.9253203830257881 -12.680424866485343 4.3023840944728287
1873 -5.273106166790904 -13.397461716022583 3.8441671073208661
1874 -6.0118708506315697 -13.986379247072163 3.3707763301300453
1875 -6.8748497233845072 -14.14701621089298 2.8870633834370394
1876 -7.5384912627200675 -13.83094213525016 1.9031173393465417
1877 -7.5416383203482731 -13.833106744165034 1.8900200810588736
1878 -7.6274978990573938 -13.736673148553319 2.3215403048001271
1879 -7.6295885800370975 -13.739751595380074 2.3248884804305545
1880 -7.8139610813588298 -13.690382824958869 3.0749483315266284
1881 -8.3538528533642964 -13.820152951077935 3.8143449481396283
1882 -8.8041177496645329 -14.368551140950382 4.400644966987918
1883 -8.8750132701499567 -15.294810492585498 5.2040590467008299
1884 -8.4422937670466691 -15.757763217967815 5.9833611378918032
1885 -7.4687377225281866 -16.918037525034851 0.81270961132276187
1886 -7.235052960576315 -16.617173179936337 1.0389796245916876
1887 -7.1342018497635467 -16.323248490067879 1.4278405844133888
1888 -7.1861946747712047 -16.20073386803357 1.9561000768484416
1889 -6.9251806846781454 -16.387259380020868 1.3225448312017303
1890 -6.7706064468634937 -16.426697240723851 0.72971705979492374
1891 -6.1712471143661292 -15.796938393255799 0.9638218539236304
1892 -5.8129917753584124 -15.087947504651318 1.385047968784558
1893 -5.8242318621464166 -14.68074361599305 1.9114887377172989
1894 -6.1461060659703151 -14.465470012493343 3.2018897592732243
1895 -5.7234836886756337 -14.575959290538943 4.3406250735986278
1896 -5.3883020936383206 -14.236946973032587 5.6007906021112372
1897 -5.0324560283461564 -14.623064325293608 5.0166549377963472
1898 -5.2658571484194461 -14.537630107285333 4.0701560302997288
1899 -4.9580761529613691 -13.626536025171832 2.905877220163791
1900 -5.211390058705816 -13.721765180681 3.8103875094076254
1901 -4.7972789591369578 -13.589131829512809 4.7965777186451408
1902 -4.691422600420446 -13.14498944223627 5.7026659090937803
1903 -4.5651997943607423 -13.589849398429026 4.3488339059241117
1904 -4.5867725815130571 -12.720231596750999 2.9346091249930595
1905 -4.6687983491085756 -12.330937330699136 1.5260250384620515
1906 -4.7402482577729081 -10.855190587829247 1.9977579499121139
1907 -5.9873072111024452 -9.6928343410531532 4.3341499387290066
1908 -5.3281227123335855 -9.4133609506571414 6.5141438005974148
1909 -4.6773486747220012 -8.5997589785636297 8.7967665670235675
1910 -5.4715596222807434 -7.9791770750603774 8.6908685193598831
1911 -6.2776371336879127 -7.3089213553367136 8.8935376717114547
1912 -6.4362430221035787 -7.2691960849287458 9.0595150411514531
1913 -5.901197259540516 -7.4509669080928074 8.9256897556116321
1914 -5.5627734546258694 -7.7127819216220681 9.082509867457393
1915 -4.7411789962100297 -8.0251476946518352 8.9187644303710734
1916 -3.9137005480953979 -8.3912796729124803 8.3262413719994512
1917 -4.4600899289652993 -7.3673099144833234 8.6978382544857098
1918 -4.6287342123873252 -6.8859070717320456 7.8783270204807359
1919 -4.4483153278002918 -5.1336569745341265 7.6314081774741025
1920 -3.7863253227432998 -2.9216116631596267 7.7654883396538832
1921 -3.4940738119592591 -1.7492231897465647 7.3454895134895519
1922 -2.7254320444890734 -0.62745309642800762 7.181527522549275
1923 -1.972070421411936 0.11184969272131545 6.9216900700217465
1924 -1.3622521866214392 0.44789734751689042 6.6446189446872523
1925 -1.0706984161171422 0.37553448948593621 5.9547449066604843
1926 -0.55428862347538899 0.10735178029412273 5.6459593458786754
1927 0.053282110272605501 -0.38490229857664754 5.5031779258130369
1928 0.60941963355609419 -0.90006753664651784 5.5538827835830338
1929 2.6610635214909073 -1.5127805436612236 9.0009334130373055
1930 2.6519443932080469 -1.57699729517689 9.1580614678884427
1931 2.5760876806926976 -1.5480574566132419 8.9449062107181252
1932 3.2600306828209882 -1.7714788041802727 8.3706420768181093
1933 3.8065792481433021 -2.5814270600617846 7.6569703556141437
1934 3.3517095539203559 -2.0212959058787674 9.6337936409410538
1935 3.2824612680906244 -2.0841257925561489 9.7143426175215897
1936 2.7709856606533307 -1.5074467171389818 7.1369569439374496
1937 2.2517353950247609 -1.6145007198042247 8.1678287987729163
1938 2.269526171356353 -2.7118190541542226 7.8379160105567776
1939 1.7068945139847025 -3.0332482637687219 7.7141606842590233
1940 2.5463115405769319 -1.9437423740462478 8.413964506011288
1941 2.5554632297535287 -1.5603800693844745 7.3714554554696923
1942 3.0012069131689669 -1.2057510920906989 6.3429571523948853
1943 3.6154737704938302 -1.3287393593344135 5.4351724182733703
1944 3.7971469759865943 -1.6081990369513792 5.2562932864703562
1945 3.9434662907567657 -1.8901777120551257 5.3481194636190805
1946 4.1122880340170083 -2.1160916639639611 5.4803148016650365
1947 4.3495005921271268 -2.3206417529825334 5.6831902214486343
1948 4.5863792676690078 -2.4345659069301662 5.910371715039612
1949 4.8749876542551975 -2.4648368656922033 6.2181376407207551
1950 5.1105039325551367 -2.4983517105966344 6.0636640903729324
1951 5.3998667602128823 -2.5969062798856415 5.8784189266592612
1952 5.7165235110207293 -2.7433677976264201 5.8070823866347174
1953 5.7168724481242919 -2.9069698960708275 5.1683322440224204
1954 5.8383352347276123 -3.4453050555695204 4.7205162885818366
1955 5.7947728027368814 -4.2179589057542497 4.5096173285858745
1956 5.6058750188694342 -5.2076448964564479 4.4699079111117248
1957 5.4637279088697275 -6.1181910973248872 4.6268143959207428
1958 5.5388552803177005 -7.0475270668291268 5.0375021158783637
1959 5.849580623721474 -7.4863055550692685 5.632915896853655
1960 6.0993528791694507 -7.3400462689651897 6.5529082100790328
1961 5.7493255949098039 -7.1233841778089122 7.5214389160028707
1962 5.3925471708943471 -7.0381976203450431 8.5212568597069964
1963 4.7688457419282759 -6.5520927361246946 9.2107642589769405
1964 2.9926063909727412 -5.3735384219716087 7.1230092961280942
1965 3.0153402273962944 -5.3148511218904178 7.0732372911480592
1966 3.2583853981530693 -5.094607504890722 6.9602674266959408
1967 3.7747579065776713 -4.7362544176000005 6.8266783858961908
1968 4.3063452019551445 -4.4121343202452428 6.8473933524631247
1969 4.9376386404415715 -4.0315746952649656 6.8211851372358714
1970 5.5172245607532329 -3.6973967125761433 6.8175734049680718
1971 6.1072669700543267 -3.3743257071370216 6.7645469864753061
1972 6.5306709739354769 -3.2486684169333246 6.4327165506717341
1973 7.1889016934089343 -3.2159278436166563 6.2300367230696541
1974 7.834987807174862 -3.2777183275545245 6.1763187535549413
1975 8.5502752544203666 -3.3620255564595549 6.2221051558990288
1976 9.2102948022964171 -3.385076145170669 6.3649823251864168
1977 9.7079547122382124 -3.3142309560508472 6.5614340094164909
1978 10.122864479080127 -3.2208677541577764 6.4766626302214307
1979 10.544931502903246 -3.1332828851282648 6.559594891171141
1980 10.865563157796096 -3.0690616589130659 6.4588926053076321
1981 11.26108562597981 -2.9943870147404992 6.5650319433009852
1982 11.474498030538223 -2.9384197687886759 6.560522564764498
1983 11.143691493412746 -3.0134349703560566 6.5393593400347125
1984 10.66845787246846 -3.2008555150028517 6.1390476788203108
1985 10.696513062530133 -3.2246146296640918 6.0086151510677936
1986 10.943899068259899 -3.2516002287728392 6.1831866097841637
1987 10.911779174568554 -3.101358717997778 6.7460665573212797
1988 10.096805164367268 -3.4686558731856172 6.8910835047918848
1989 9.1837993472929043 -4.0654685544223605 7.0162077230863922
1990 8.4312516213147273 -4.7356146545920792 7.1706585708732185
1991 7.7957766974493188 -5.2782876548842692 7.6617130092048349
1992 7.7682296438475502 -5.4120851837512811 7.8566889951810346
1993 7.8522158755264853 -5.2319242785868454 7.6638062168168819
1994 7.7985097680971833 -5.8293704710246219 7.69441724254599
1995 7.6787724259785799 -6.8682234484472779 8.0681892673884903
1996 7.821380593797282 -6.9388098461471674 7.8312529670087869
1997 7.9688754764434666 -7.9677363930019354 8.3153307611363623
1998 7.9711784200119116 -7.5987766729397412 7.8700508580071844
1999 8.4203279368292971 -8.2557363148488623 7.8841506399009154
2000 8.8989971326267607 -8.9459840962243611 8.4233423478657912
2001 8.6265949672170557 -8.3232790749286263 7.9279696602507279
2002 9.0325156315952313 -8.4161065847038934 8.4457206100575313
2003 8.4465557857223796 -7.6206254613089861 7.9262952126380917
2004 8.5305239846461038 -7.3348102440940028 8.7290483074868224
2005 6.8729709432292774 -7.0079821574059267 8.8395579057732689
2006 4.652589702332067 -6.7453190177765423 8.328786881208881
2007 4.2690589238976013 -6.074746321461836 8.1688254808077509
2008 3.3554008228058785 -5.2085024039690229 8.1634580244574231
2009 2.3794781062688473 -4.4470984595295535 8.5946782734361395
2010 1.3819060563300307 -3.9249276407801643 8.5751096608982493
2011 0.14310192751554807 -3.3585747848416938 8.5561164426604304
2012 -1.3165754501410132 -2.7456702089065503 7.7704640371917124
2013 -2.5382909727862035 -0.56294841937002604 7.1540021970061254
2014 -1.6858129254781513 0.8856223028682404 6.4193638788723719
2015 -0.92277259401161649 0.83150605435569114 5.9675893782587073
2016 -0.76814212481726196 0.53902402521060955 5.2243330924249429
2017 -0.5628245654286459 -0.29375724331793568 4.5740651022733196
2018 -0.83120619056786205 0.01083003028718299 3.6456202462192824
2019 1.5503519916745578 0.80308099994460702 4.9523580701215923
2020 1.9217192155450336 0.13492343041848004 5.4642889331895672
2021 3.47600440510787 -1.4319813318815964 4.9322726845236007
2022 3.1210166447708541 -2.4301524610339715 3.2933133448754832
2023 5.0352798751906027 -1.2986003990811932 1.3713814182606645
2024 5.1392032608052691 -0.53793575463622623 1.5032115187055575
2025 5.3685206452324259 -0.57471845801518806 0.7898107474410041
2026 5.6916178054052438 -0.39013997523406191 0.54534772438650825
2027 6.189530855073583 -0.19005895998251082 0.27732657818576717
2028 6.9099081959896225 -0.028797847771490193 0.1597952714031714
2029 7.5820298073465979 0.08621759684846575 0.19259524642884901
2030 8.2391913553475913 0.21346065177703633 0.19069976171753714
2031 8.8147307801410264 0.2922250351722222 0.10267936849609405
2032 9.360393602733172 0.36801493535468766 0.18545245026906604
2033 9.6572263458362624 0.17830870711020319 -0.5532193622835071
2034 10.509718901726389 -0.45819826443439837 -0.93399099948769615
2035 11.370907306796008 -1.7258800816261841 -1.1226368462795704
2036 11.966664287006752 -3.031478250003242 -1.1448860524391746
2037 12.381628926012578 -4.0378177740908665 -1.1832596151770018
2038 12.72699551546304 -4.9250811229617719 -1.1645971878460804
2039 13.070900713730776 -5.74252072713786 -1.11660542056027
2040 13.349920266957753 -6.3769567187714413 -1.1819191953570711
2041 13.634137637724946 -7.0975931433063479 -1.216958636302961
2042 13.897174233105124 -7.7991430908594745 -1.2197573707311915
2043 14.131969140094833 -8.4217356833724732 -1.2056521409025296
2044 14.405382734202822 -9.1106087274257774 -1.1660175140465305
2045 14.556054134656417 -9.3528121957613344 -0.93924508848628152
2046 14.775245289819731 -9.6226763313178569 -0.83457780228047262
2047 14.625203843927917 -9.392153993162907 -0.64714611837979641
2048 14.028311696828769 -9.0360069286086429 -1.1172882212981399
2049 14.188428074131558 -9.3591219627670625 -1.0090580818079626
2050 14.353573540413482 -9.3682363293560922 -0.27060211656298788
2051 12.838980612434149 -8.7904422977743426 0.19141822513344653
2052 12.631020977145223 -8.7536834840294162 0.3257460862483097
2053 12.323160258744862 -8.7743353508590136 0.58228878562316044
2054 11.97768356147642 -8.8873710013756693 0.89020732415961001
2055 11.523651118156764 -9.2277421066317977 1.0060742383959507
2056 11.173338514835093 -9.5583086308021468 1.0706440455084394
2057 11.024064683706829 -9.6040033485271685 1.1430318684491121
2058 10.884737692247368 -9.6355008624230507 1.1548002928948802
2059 10.583397768544621 -9.726770611372622 1.5706770628267579
2060 10.222661801239191 -9.7667971585007063 1.9075492890648118
2061 9.7383724610822622 -9.794501765948425 2.2210509338927071
2062 9.3507262334186105 -9.2429084602537053 2.6056908622067381
2063 8.6981776843739578 -8.5639035522307747 2.9611735184720511
2064 7.9532157254231226 -7.8848055876829255 3.2012464942190841
2065 6.9941407599976237 -7.0158271505613916 3.3605019338961526
2066 5.9770195097622283 -6.0136910280894682 3.4081847224769928
2067 5.0837916871834654 -5.0381667101856511 3.3435921810900489
2068 4.1558394231343723 -3.9203167896352262 3.1494966405274969
2069 3.4325271147726308 -2.9542976962018428 2.8704646396820337
2070 2.8063059306012512 -1.9597724628910633 2.4396671560182392
2071 2.4644839985691922 -1.1825397435349725 1.9502023648669427
2072 2.3580877296973206 -0.48516255041922918 1.2917537997732036
2073 2.4774101127901971 -0.07547182578004108 0.60662016576692845
2074 2.7401300639328583 0.083911062753506904 -0.22579239719023736
2075 3.0478591454524371 -0.052384427402218936 -0.95363018976230807
2076 3.4699785199333069 -0.73000542730619955 -1.0216925515845667
2077 3.9032592684900616 -1.4840651624137795 -0.95904207221909243
2078 4.2956903023155606 -2.2632392784697752 -1.0373889486522736
2079 4.697602153054703 -3.2318042930278317 -1.0256960366035321
2080 5.0560429689366551 -4.1147595995914514 -1.0177317514662809
2081 5.4727793695188609 -5.1601044179544413 -0.93505655709401547
2082 5.8728738966772056 -5.9839420790319018 -0.97778892017260022
2083 6.3661186413655964 -6.8465420235467853 -0.85454509481247043
2084 6.9687930820573403 -7.4999245357376978 -0.59899669122744204
2085 7.7446798782048667 -8.3031021558772498 -0.5159506833096541
2086 8.598818266875865 -9.7259218703758705 0.18795994223995094
2087 9.8081716975246422 -9.5355092748013135 1.0486451638158356
2088 10.460296711611072 -8.1284483784830908 2.1727217387127835
2089 10.082129232546507 -6.5550921237203532 3.1675999331767359
2090 8.8327915052385713 -4.7850860555597663 4.1264159843558907
2091 7.0657982050824639 -3.6137269603071376 4.7605921489547267
2092 4.6578171446675931 -3.0810529392294379 5.1945601042702947
2093 2.5860351862248101 -3.6756233130325415 5.3979484995523883
2094 1.2277193667663784 -5.3583527002015119 5.6117332216278069
2095 1.587268108938531 -6.5865934855666461 5.9378843315355656
2096 2.4462653515181989 -6.5934997273300491 6.5350831678566665
2097 2.4412286614159457 -6.00214184804471 7.2430133388099085
2098 2.3556996401783801 -5.6918247533064061 7.7908013786392427
2099 2.3525314935335442 -5.3952256521870519 7.8902771428729315
2100 2.332904316867852 -5.5082123323883163 8.0512993704514191
2101 2.2513282396078189 -5.6436011899596306 8.2360450200167374
2102 2.1841465218020302 -5.7698203900487171 8.3881686492893301
2103 2.1344749995819732 -5.9038295529256697 8.5328349458261776
2104 2.1218161571214114 -5.9842055726019705 8.6089594292564051
2105 2.3324969625878746 -6.2846939785863096 8.7179019521246452
2106 2.6995191554868923 -6.713734577657454 8.9121917992904276
2107 3.3129057309453009 -7.384080049221061 9.6224860443901683
2108 3.4751051061753775 -7.4973903401108837 10.020050648713122
2109 3.1346854339035963 -7.7550249310837494 10.039493612590972
2110 2.743434287513371 -7.8976768028551989 9.5936246428250573
2111 3.1297566741786431 -8.0074732016754204 9.7581733977069138
2112 3.4012511046977401 -8.0929526945572583 9.8008739177883815
2113 3.3585864200595252 -7.9620625533685896 8.8174559722900288
2114 3.9495399223324346 -8.1447828250198082 7.5451509425539527
2115 4.0724997052234766 -7.5964003480017004 7.7578679942463413
2116 4.0939377002580954 -7.0165727973313299 7.8870310228872356
2117 4.0323557885740682 -6.5987063373741259 8.0515952037610887
2118 3.1556129842971399 -6.2599801506437203 10.568353094520244
2119 2.6601999212862544 -6.8479140100606193 9.5409881906209062
2120 2.4653262020045918 -7.0504784139312946 8.6448505687596437
2121 2.4624537469715819 -6.9937244244400354 8.1727584207615092
2122 2.3303327805974958 -6.5506227825796124 8.1262115179434922
2123 2.0598620149465505 -6.0374994163778677 8.5191353121861688
2124 1.8262591437393483 -6.1385408736784761 9.2586784529182076
2125 2.4113708265797817 -6.5267575723639357 9.3979852776300863
2126 3.0494732868691141 -6.8116770633772301 9.6512520365960821
2127 3.8000795473391245 -6.6693201516357821 8.6826986022047681
2128 3.9511355666377375 -6.8156176740347938 7.9363511911980513
2129 4.1483383569025412 -5.8814991116330955 7.4787350922682245
2130 5.2180261957946392 -4.7295976883948958 7.4115188433835311
2131 6.6603919426140532 -3.4218273307339282 7.6407027100681066
2132 7.4059802752539783 -1.9204729141566665 8.2282305067892203
2133 6.9289767566424425 -1.4670773565156821 9.1391347931449101
2134 7.3221669654041222 -2.2844060030683764 10.46821690290386
2135 7.051486342190576 -3.2125812819476156 11.297740481969621
2136 7.7720443111815687 -4.7242845195967771 12.024147096448674
2137 9.105082468682733 -5.290638624141164 12.686222948972016
2138 10.221265987076139 -5.4288374567220563 11.816383433114787
2139 11.382844768068297 -6.5052239928442699 11.318367097941499
2140 12.112713919912911 -8.299418816929828 10.857048030282867
2141 11.917468918686172 -9.8950657302837719 10.36691330353028
2142 11.389101445050107 -10.746698024874878 10.552229071393587
2143 11.082450988985668 -12.088215633963287 11.304913449816725
2144 12.141508217607354 -13.167100606131767 13.424092404537539
2145 12.338171738045395 -13.751683607335321 11.839846966214033
2146 12.890540879543083 -15.133989885551603 8.9040839196918515
2147 13.390294846024762 -15.709840525774849 9.6435662396833965
2148 12.997714767232136 -16.041980083434673 10.399490393065651
2149 12.162402438569817 -17.818902884398991 11.228908781418868
2150 12.994932567923591 -20.620566988592007 11.756103419321603
2151 15.361208137815183 -23.110049749242791 12.25472651906942
2152 15.981136831636809 -23.329724265387799 12.2331873520887
2153 16.724185714783928 -23.415956434099055 12.741201333377152
2154 16.37440655136048 -23.422339494968796 12.63437411999308
2155 16.145259293958759 -23.31183663694225 12.805251383753665
2156 16.232238965581899 -22.935512053623988 13.51082261766129
2157 18.975842665662885 -21.392340477792285 10.140495968130228
2158 18.473735273265202 -22.880874120507649 12.74289943641841
2159 15.206949012093009 -21.906676764689877 15.365252563378347
2160 15.179774980323787 -21.744263447468313 14.731677190938107
2161 13.889703991782152 -18.845949106488018 13.921103649210551
2162 15.105110920253221 -15.017500545930039 13.155468543012816
2163 15.601569855369481 -14.547230980354215 13.457157898833479
2164 15.475835486110833 -14.118954521292189 14.054204800432863
2165 15.813283024521672 -12.808788258980805 13.879672007856328
2166 15.821573749862235 -12.260824344677099 14.080761787470296
2167 16.760441436246463 -11.681205517030126 11.67695001197848
2168 17.285414989729997 -12.070166271787606 11.855350123175796
2169 17.992603566507249 -13.207908932018315 12.189866562034874
2170 18.746784316566938 -15.588199367308507 13.852057993330822
2171 18.671110685298949 -14.896725313923813 14.482505396339612
2172 18.33100525427794 -14.13738668658649 14.896915559606391
2173 17.768219735637309 -13.070274887586901 15.222859513217067
2174 17.52230491659391 -11.56594198347063 15.599231105834537
2175 16.578355150414943 -10.270345006812667 15.97032652915173
2176 15.272400165861765 -9.4512675775465969 16.271352654985883
2177 13.982548098738089 -9.0463391579976093 16.470171914273919
2178 12.484347150203874 -8.835144944721149 16.620439616016473
2179 11.167420672591119 -8.8061834995164219 16.68494475639746
2180 9.6973022245484692 -8.8616120372012794 16.683055291425536
2181 8.4296099600224679 -8.9493349646598421 16.617850109246078
2182 7.0644739853402685 -9.0332191596048297 16.458101182440654
2183 5.9247543520962695 -9.0457125136047907 16.236027849629302
2184 4.7850850358411368 -8.9255542539817032 15.898645905416844
2185 3.9296862576782612 -8.6566214751626873 15.51605420658592
2186 3.2266045937826102 -8.1802847349876124 14.985194096467369
2187 2.8756926878690621 -7.6193755895784179 14.334256006797558
2188 2.8552273607188385 -7.1662440011914699 13.678622495021806
2189 3.0792284717775558 -6.8392087393606023 12.896682791620385
2190 3.4637753935721083 -6.7829228240384642 12.207898879101226
2191 3.9001545704152565 -7.1429562470175423 11.48815798704365
2192 4.0092746156483141 -7.7933044948101191 10.914358632861799
2193 3.6664276847839075 -8.5781689707300668 10.32156708128338
2194 3.5286847255971505 -8.5027830680406353 9.2030014582447226
2195 3.8458207307538306 -8.4740589240138338 7.9687562328660935
2196 2.9961370312977627 -6.3006609886417575 11.997468899714901
2197 3.7610268412096199 -7.3821348898728996 10.964362577332695
2198 3.8617900813736408 -6.5357237282973513 9.7509019246594608
2199 5.1081577079923939 -6.2906890549184737 8.5730875282702161
2200 4.9745180276811283 -5.8813364180071686 7.8292452792059342
2201 5.02691332780946 -4.076421285791227 10.068515169959786
2202 6.4550988654262182 -4.2522771510806541 12.534147339066422
2203 6.5923657178214761 -4.2484156723996129 12.074894484751201
2204 6.2003012265587945 -3.7038953538532047 11.59146457102335
2205 5.9803589523191212 -2.6699357669793451 11.097616601804786
2206 6.2903172612475489 -1.457081866768895 10.508492967907742
2207 6.6156495595710219 -1.2377112327720816 9.8226771553054295
2208 6.9245834359556149 -1.4157220835512496 9.8545315881624909
2209 7.2369394852949602 -1.5652813631995004 9.6492801397649828
2210 7.6960041913206672 -1.8278250831007992 9.2711343823728853
2211 8.0840760314707971 -2.4998583171798892 9.1499391714514609
2212 7.7588469239836986 -2.8553851170725002 10.054776338858957
2213 7.4486936288152368 -3.2996463839308383 11.014752118467293
2214 7.2094334274326783 -4.0215782301299301 10.365609807506276
2215 6.6059821962751322 -4.3815740875999794 9.5134934383919614
2216 6.3303354071132443 -4.2684680247801099 8.6027987874972531
2217 6.0107346853796919 -4.5546331281851948 9.5062809491438571
2218 5.9276673089560301 -4.8294690073733442 10.293108510696854
2219 5.9156892136540105 -5.0421018175545722 10.554412237787549
2220 5.7564052258537846 -5.4124441401995291 10.475765349293084
2221 5.8094098669916061 -5.4759941084961836 10.343347052851604
2222 5.8850970898737547 -5.4243175910440939 9.9378906269069081
2223 6.2427485949594272 -5.3322277891271668 9.6691620846960493
2224 6.7370219138823906 -5.2699560118434849 9.2504973583767178
2225 7.0153664786464516 -5.3299862501804078 8.8400144894764932
2226 7.062526756745731 -5.3606471100098023 8.5248608770221992
2227 7.0640207390793108 -5.3268239491430567 8.1796436246833668
2228 7.1518768586029777 -5.4106940321535317 7.6468330633603072
2229 7.2464221901471548 -5.1308882178947322 7.4180935278084634
2230 7.4206377281961355 -4.9575385067925231 6.9683139790983626
2231 7.9216968024761041 -4.716944917171169 6.5071224247773669
2232 8.726970141693533 -4.7094792045872147 5.9713187285178968
2233 9.6300090373121563 -5.225244767105921 5.3929248914126156
2234 9.3693601606007171 -4.9773778050314217 4.7763797736871778
2235 9.3363381096822593 -4.8952547248307461 4.4333826279717234
2236 9.2564286336778316 -5.2403916764245908 4.5110659726339506
2237 9.148814746815443 -5.5965589275548604 4.3439118790762343
2238 9.851361724483402 -6.4153916765567418 8.9319795593086546
2239 9.7024606364009713 -5.5488701618688472 6.0203148959571191
2240 9.6064215515089586 -6.0588559757279858 3.3931945401495427
2241 9.66116752817004 -6.43671477697053 4.6901309259076376
2242 9.7268714373054781 -8.0453975171638543 5.7062167148369936
2243 11.105886351415235 -8.9434700177080604 6.5723172532536109
2244 12.08002797134861 -8.42823030524759 7.8119152247612513
2245 11.960485375271251 -8.2622153063231227 8.2024395474151301
2246 11.859519409992249 -8.6527124519182301 8.9316795608032944
2247 12.325128473052109 -9.1210777369439171 9.6908775112686225
2248 12.556019253271726 -9.0375631247651036 9.4247569413482193
2249 12.902413764808212 -8.926203666752885 8.9845119448836996
2250 13.514656503160772 -8.9902106737405614 8.3319703738320747
2251 13.776187361742501 -9.1929995270831828 7.7516192734607579
2252 14.003672807658141 -9.1739608860302546 6.9340842213489573
2253 14.582180234001271 -8.929325613100648 6.3301442028177277
2254 15.276766023696601 -9.0250474497334032 5.7138932758111993
2255 15.857869316847644 -9.5552420822948818 5.1326021028148858
2256 16.306832923411815 -9.8536708861536937 6.353866838697539
2257 16.945651269558038 -9.4333700800128533 7.7213871771620664
2258 16.725998555647422 -8.8145092783195178 8.9443586603960306
2259 16.188925959623063 -8.3010138119459196 8.3049270638787398
2260 16.150037038441187 -7.9704656647338838 7.7690389928332984
2261 16.16927134525902 -8.0657021417027721 7.3749898555799813
2262 15.96466591153929 -8.3506358710260908 7.1491429895445293
2263 15.704882600587453 -8.6526031149943083 6.9088963968785801
2264 15.26023188066385 -8.8630116736308455 6.7776858785912255
2265 14.781071133459974 -9.1818563739297296 6.1519226996763559
2266 14.701281031935199 -9.2801557307122451 5.7462045194296714
2267 15.076469470366769 -9.5024292646494359 5.7614133049399854
2268 15.542203724427395 -9.5821309820177927 6.2589942257469122
2269 15.292052493063265 -9.3430274566423268 7.0836554085305483
2270 14.846694532442362 -9.7663627436553462 7.1930565513111215
2271 14.349422654778893 -10.406516960395249 7.3651406401263806
2272 14.005884000408399 -11.208041258367448 7.4964930026490695
2273 13.873583410181286 -11.905991239628475 7.4643191292599234
2274 13.760325561135893 -12.195253563563455 7.6835411800110824
2275 14.064606841260558 -12.971473355690724 6.8687659907780843
2276 13.727583285909581 -13.58165792987938 6.1453030514906697
2277 13.810387628472656 -13.805688535012511 5.684230390438576
2278 14.384392064941894 -14.191924227242811 5.6955795502183992
2279 15.053780132373646 -14.461023682188983 6.1487118365226427
2280 15.052098370239827 -14.335710560346277 6.9015611969569903
2281 14.413141640012064 -14.707498251863598 7.954692842391994
2282 14.623762889641108 -14.815786884314472 7.9463558791998441
2283 14.805763232781793 -14.757004295325224 8.0674165753217899
2284 14.880392166777121 -14.393954001347408 7.9074992798278334
2285 14.72977100730137 -13.592197736222529 7.7011889234348123
2286 14.203932655240394 -12.430516296485372 7.6088901648055485
2287 13.43040376033886 -11.477646421754367 7.7557178169969223
2288 12.182786829913976 -10.605349550277968 7.8437761093104585
2289 10.832032525044836 -10.031495370529656 7.8866451167874994
2290 9.1872767875782575 -9.5234087171911206 7.9225363367427937
2291 7.6980882515777047 -9.1021888027776328 7.9385376599199642
2292 6.0958348868473635 -8.5144299135988124 7.9187912627777637
2293 4.8573818232078292 -7.7519891100918938 7.8508765387936572
2294 3.9168721777167592 -6.6255754065046411 7.6551452460808527
2295 3.7982053821885224 -5.640180410957532 7.3339025943452762
2296 4.3453713169762889 -5.0545330596236093 6.7396932421530193
2297 4.815521127343418 -5.4139184601202359 5.9712674189002888
2298 4.7578552554860547 -5.8585685303226889 5.2609981660477434
2299 4.7453377369579357 -6.3849190942477625 4.6192376589185429
2300 4.7335862154533181 -7.1617317244709167 4.746198717641124
2301 4.8366246129419057 -8.0929719492402636 4.8192505495196416
2302 4.4983107349349787 -9.3314742189338951 3.0118123778346204
2303 5.2640492720169227 -9.1126914675974113 2.7949431057718663
2304 5.8894032289264295 -9.1962730598636497 2.6599573554323723
2305 6.5320600216242086 -9.3601321136023792 2.6704003265156242
2306 6.9165115281502914 -9.1851497713375849 2.4770844822543236
2307 7.3498255268487647 -8.9789990890523104 2.3802050485518547
2308 7.4175660982843272 -9.3215114553785732 4.7877387415889308
2309 7.2675686136949871 -9.5551116996150682 4.6837617327397307
2310 6.9364264304238414 -9.4708940860064814 4.6026671095214819
2311 6.6164375564259945 -9.3566806817079833 4.7709735005223859
2312 6.1907403047167104 -9.4751650939722225 4.3529752101628265
2313 5.8187903201008568 -10.115916116475898 4.1608373179403868
2314 5.6079764419709903 -11.031639947040256 4.6496635717147425
2315 5.9535057789144332 -11.910458311075116 5.0041621137610015
2316 6.946274701223512 -12.689993565900185 5.2842435126921936
2317 8.2580342305501571 -12.933961208248572 5.4416212278833846
2318 9.9479816988913825 -12.651585297797642 5.5112600807589249
2319 11.637625980637207 -11.893351158940852 5.5440405611365238
2320 13.051155658427293 -10.950240528090198 5.5587362019256776
2321 14.561161880926404 -9.7490853974227232 5.5745200297461199
2322 15.85071507566953 -8.6701788858622741 5.5988077038577337
2323 17.282806586427839 -7.5508446077290419 5.6296575262647774
2324 18.560842050969956 -6.7370164124359615 5.6529177203300982
2325 19.980468860107859 -6.0846551551778809 5.6729429508958509
2326 21.190284123416784 -5.8127442596938863 5.6695404902843922
2327 22.404339908588518 -5.859994825921051 5.6054796113476026
2328 23.19818787580132 -6.2075915844644314 5.478580635184378
2329 23.719437338179528 -6.766537167813885 5.2498019921226531
2330 23.871976051985691 -7.2688418297092294 4.9486699334159496
2331 23.902247212578338 -7.6161503119090961 4.6510527415018217
2332 23.817651759973273 -8.1054685398459903 4.4082351658836378
2333 23.620204267678993 -8.5352969036008677 4.1437592672145502
2334 23.260842469483883 -8.9802610870828747 3.9256333791089664
2335 22.848334658763644 -9.342499600560112 3.8027752688684733
2336 22.553865058391018 -9.5090230167204126 3.5451134521429206
2337 22.190861252788931 -9.599871186674747 3.2728190620619717
2338 21.693922279678887 -9.6049743670946039 3.0578077058561721
2339 21.060051567017183 -9.4889265821964681 2.862527203622915
2340 20.207382260149185 -9.155075039496781 2.6783680655131343
2341 19.268431673285981 -8.5936073132395947 2.5744602499563807
2342 18.469328715150489 -7.9983421500595444 2.5052423239329635
2343 17.712026545639219 -7.366753796457413 2.4811420186729856
2344 17.162725087380593 -6.859290105977359 2.3446659295095338
2345 17.193159927774843 -5.8939467554195142 0.18045328102698766
2346 15.776356974356409 -6.0518774086577896 -0.6002985993717751
2347 15.592743065506019 -5.9345185476256388 -0.90241707586390119
2348 15.984423092175371 -6.2176660147093115 -0.45452081569945935
2349 15.84469863026206 -5.0440534089860529 1.8577296447580576
2350 15.785698951739386 -4.2982450245729806 1.5558613983145131
2351 15.715044889739964 -4.2026506088658149 0.5958472035885688
2352 14.434230565745681 -3.9238791455770312 -0.73826038470944821
2353 14.888869304622457 -4.5336291609652291 -0.90672084471219039
2354 14.859867215463455 -5.5674596838183046 -1.8237029190918024
2355 14.437941803524447 -6.5129243656726263 -1.884429722892464
2356 13.697572593766813 -8.1062253027664806 -1.0529194313899541
2357 13.368860199131309 -9.8073688231448219 0.095250853136575997
2358 15.092756293580152 -10.113680093998502 1.4164497163478211
2359 15.283084726523619 -9.6405500024863677 1.0439519358466365
2360 15.692754909679028 -9.2251432228677803 0.62798961616081128
2361 16.39245786063114 -8.817496259965111 0.34685929881753347
2362 17.057993874632924 -8.6716249307514026 0.07702082725220423
2363 17.088270705070087 -8.7594176175237344 -0.16770986998172724
2364 16.513397895197244 -8.7282386255330326 -0.34054760790675709
2365 15.545961326172412 -8.4896958054816594 -0.56535991457900769
2366 14.57544417691453 -7.9096381816056915 -0.56557666422560116
2367 13.434408078997688 -7.2926017107126029 -0.83898124457974121
2368 12.464189841796827 -6.3959728316765254 -1.0254270095644402
2369 11.582228001435713 -5.1837259143227641 -1.2752497233859912
2370 11.81495015069814 -6.2289900669731342 -1.5825392739545867
2371 11.756532202542488 -7.4920332407517218 -1.825494099562595
2372 11.520737159814955 -8.1674354896765919 -2.0128239976118696
2373 11.168818009531037 -9.0901210518046263 -1.8334486924023918
2374 11.124183035542146 -9.2946407904196047 -1.6996068624724994
2375 11.013032829309701 -8.6828835982745023 -2.0022807162005991
2376 10.702996152643385 -9.0075191535266939 -2.3137855821765929
2377 10.059305849860584 -10.021938699564771 -1.7570602763760748
2378 10.01269898052767 -10.012402377388078 -1.7079442871574726
2379 9.9367830844074394 -10.586945767374855 -1.6774358525317814
2380 9.7936136621181991 -11.33925833730056 -1.8415680714125657
2381 9.3934106021541695 -12.4239809148066 -1.6798233647682645
2382 9.1986995908567746 -13.319550142889348 -1.8746053450659739
2383 8.0530992470250933 -14.683722996140714 -1.674246381635033
2384 7.8365487288530939 -15.683810077701859 -1.7505715644854349
2385 7.4991141348857084 -16.817335263417014 -1.694810400925058
2386 7.3423256109737567 -17.578598977720898 -1.7384168036141292
2387 7.0603325000422537 -18.371282315003928 -2.0286968389685809
2388 3.9729729560656191 -17.706186892302568 -1.9246134227652123
2389 3.7721334616861979 -18.27546560664668 -2.0170874421899145
2390 3.6465771517999004 -18.448282874028379 -2.385153899136415
2391 0.42108037349033101 -17.476028377340349 -2.2836610649627516
2392 0.85832237019216051 -17.130848212117456 -2.103341683930954
2393 2.3070293182841857 -15.550550226725329 -1.3664886586114062
2394 4.9467501091016333 -15.528507670915221 6.6827402492793757
2395 5.6503648662617314 -15.89176073919502 4.9232199668142718
2396 5.4106333879799902 -17.447973004365284 3.3307596906824997
2397 4.7467448305995834 -17.143427103641471 1.8566700456384562
2398 4.6468639287986804 -16.848998107439691 1.8806893921986523
2399 4.5108046907288601 -16.620979263773741 2.086923422233331
2400 4.3315754305310987 -16.551903436341266 2.4846942388306856
2401 4.3769810765342481 -16.746695576543043 2.9161259537365298
2402 4.960522766354079 -17.045251082080217 3.3711543090154272
2403 5.659428140003377 -17.046521766206368 3.8426791823364126
2404 6.3750187681913477 -16.606460291528933 4.1183130777701091
2405 6.91271935150343 -16.030741239596903 4.4238300327752862
2406 7.3478007952104276 -15.204742442608213 4.8834240425003417
2407 7.3565232092864088 -15.068067995578893 4.8702809365187356
2408 7.1687517362740349 -14.784623018780856 4.128166073251319
2409 7.9205542061317908 -14.057123181863235 4.827408906974787
2410 8.0281372608904356 -13.352538105582756 5.3675973632358804
2411 8.0308784909333824 -13.265099713706707 5.4443103066059386
2412 8.0822706391437986 -13.000083883168445 6.0928968959463417
2413 9.4198089591189422 -13.22769489730749 6.2086779177362947
2414 10.867726328492914 -13.481709528345004 5.7372548070817535
2415 11.008141331997912 -13.262859590741064 6.3997119795112543
2416 12.692139362874379 -13.126637565049093 6.2941083579165156
2417 13.598237761425974 -13.17132449216526 6.1525963549781633
2418 13.865376249340963 -13.167378311596446 6.212307479247472
2419 14.2223172404079 -13.347786037853563 5.6954671726692929
2420 14.940905188417446 -13.93113948832616 5.5036962170942205
2421 15.634821739962167 -14.620615676202968 5.6007337055295334
2422 15.639803171852401 -14.899949708427846 4.8829116380177897
2423 15.765556143561676 -16.205661261717374 4.6952053596215402
2424 15.753730332160023 -17.968241941182626 4.9376454586992411
2425 15.517383931979218 -18.376334387215071 3.7783514405702885
2426 13.491715674808383 -19.43146530957906 2.8808579284773606
2427 11.482779757855125 -18.834998993801538 2.9120508553802633
2428 9.2367581359345383 -18.166706121937139 2.7327067645093086
2429 9.0129188959519819 -18.061822569808726 2.6579923288439655
2430 8.6952662936175642 -17.841536243167411 2.4559993624482406
2431 8.3404745969835989 -17.503368571164078 2.3101380695139122
2432 8.0306338349630426 -17.143591403290859 2.2520778006530384
2433 7.6782312284546173 -16.714113087157475 2.2648514473352055
2434 7.3478083925728477 -16.348852619969328 2.3465939700634748
2435 6.9355542949821327 -16.002826602089684 2.5206911199305333
2436 6.4944392063424656 -15.523294453901379 2.0329259347041186
2437 6.2151337584088884 -14.629380624351642 1.576179157727581
2438 6.3077698577406398 -13.688439579791414 1.2235376236876252
2439 6.1180964941858136 -12.821262684642218 2.7378772696920812
2440 5.6613457937385814 -12.087206898103407 1.0085137997062636
2441 5.4120551853560626 -11.324898976402869 2.917945666533365
2442 4.1028165473110194 -11.142283330721694 3.2815500939786033
2443 3.3511163620724833 -10.549344498699515 0.95028372414054807
2444 3.4937603436107518 -10.464660356440787 0.86744173138460079
2445 4.3845313907182728 -8.9230361196804342 1.4225550600597174
2446 4.0399705694952175 -6.2094831983951551 3.0780349377647682
2447 2.8287739636571949 -6.1342426079786456 2.9769489503194912
2448 1.5197251427835332 -5.9222624024208148 2.8936511844071444
2449 0.59029908627705485 -5.3056556281774467 1.6203052673141132
2450 0.011513673128133783 -2.1592658720781119 2.3687695551020416
2451 -0.20739959805289204 -2.0505672775814827 2.660726147864386
2452 -0.94041623479857106 -1.6345608289817211 2.41010380358694
2453 -1.6672618621612096 -1.0077334497633663 2.2967408697572886
2454 -2.6639466015587323 -0.011772079886405745 1.9051056136976423
2455 -2.4500856748145776 -0.71272980004811326 1.9277465461507952
2456 -2.2519786186927173 -1.3987407625567105 2.0262742649685688
2457 -1.9901109657924487 -2.0200112892599167 2.0608935310705365
2458 -1.7084515833956178 -2.6129344978710112 2.0809463405923609
2459 -1.3184701295653589 -3.3792149752255938 2.1043133300992247
2460 -0.99018540415330669 -4.2614747429534248 2.5462998770135306
2461 -1.0170336184893611 -4.0883125278248968 2.1537895362131603
2462 -0.59106220716523195 -4.7769696293080157 2.1936114463503729
2463 -0.089949973585790835 -5.5151686683340051 2.2557467084643399
2464 0.76610908941843114 -6.0647334471164545 1.4978012942042369
2465 0.75434035811058431 -6.1744616166746233 1.5294510072934144
2466 0.75381109966521731 -6.2962097544987081 1.4900841391098461
2467 0.78745533027557124 -6.096771248513714 1.4615605009804233
2468 0.8072837677094824 -5.7078578382134273 1.5310943718453869
2469 0.8393546075674081 -5.130733027165979 1.5132201721268237
2470 0.91668023382668506 -4.4207441458544334 1.431780064786276
2471 1.0378804146823 -3.7483547292438386 1.3638458338501445
2472 1.1985200492812833 -2.9551227424058455 1.3742481223613401
2473 1.3113913426967101 -2.40532569550941 1.3775817944195063
2474 1.1789451426297972 -2.425031339256257 1.7130030954037732
2475 0.72097671091430271 -2.3619621736848915 2.075115290641171
2476 0.20808306146340305 -2.3969657936282016 2.4120080070559835
2477 0.93534505728689132 -0.66888754510845438 -1.5077209675170262
2478 0.38187617988409661 -0.097840120743381886 -2.7179564646071652
2479 -1.2071673458364351 -1.4158901304428451 -2.79047012689893
2480 -2.453768533032247 -2.8840846833399869 -1.7171559719040552
2481 -2.4140748916735832 -1.6624825528481377 -2.2196972153954762
2482 -2.2459419208682299 -1.5202437689173114 -2.2393554814859153
2483 -1.4703702497939777 0.096461742983072085 -3.6730366370057626
2484 -6.3316074381800531 1.9196117767941749 -3.0663704511053753
2485 -8.586259298459435 -0.3331121050361544 2.2193348302774099
2486 -6.0413822106396262 -0.20970886557601237 -2.8032269320971817
2487 -6.0421091410029373 -0.52949863810036224 -1.9895558345690791
2488 -5.9060316025789232 -0.97857089324383217 -1.1863365352678028
2489 -5.4009153441107545 -1.6874084418009998 -0.69127868018238092
2490 -4.2426007679265654 -2.3383855434836085 -0.37307898621279634
2491 -2.9517923043756658 -2.6238645218310492 -0.22756436509127187
2492 -1.4518149708782748 -2.7604552682070502 -0.14479429827502827
2493 -0.1372570887810616 -2.850997735970354 -0.13096151625253885
2494 0.20024404067429813 -2.9088848864365513 -0.14714879136972125
2495 -0.011318099678679444 -2.8907038964911607 -0.14347315888614634
2496 -0.58751104288206668 -2.8207752526286254 -0.12117889515074243
2497 -1.1741097276399037 -2.7543423022811102 -0.041145937634091537
2498 -1.7061013544762553 -2.7268085949344494 0.047295011332932568
2499 -2.4081719688881007 -2.7925287146327218 0.022195722847745326
2500 -3.0856583596058171 -2.816371550996847 0.058388390474949169
2501 -3.8410785052208953 -2.8659261451829252 0.10429837308374609
2502 -4.507398759764274 -2.9404514400467638 0.087509653712083496
2503 -5.1665004920142588 -2.9906233726323719 0.1449512007449722
2504 -5.4457134809375516 -3.0492537454644588 0.1224263011256148
2505 -4.3359106676543124 -3.2682859312934731 -0.74424881660654019
2506 -4.1302497079408704 -3.9163955760877922 -1.6694110143527676
2507 -4.6317272631702107 -4.2411020300247229 -2.8272456344053136
2508 -5.3439044025152835 -4.4594193397929427 -2.8735135875152182
2509 -6.2365248065740841 -4.6573281789810572 -2.9504271968610061
2510 -7.2651677667433567 -4.8380825555146307 -2.9636383018385115
2511 -8.177580694238733 -5.0264778085426931 -2.8908816601309368
2512 -9.166220230112776 -5.3603340202175804 -2.7128320656099678
2513 -9.7805346180817381 -5.626015993239613 -2.7449879525019618
2514 -10.32022984770982 -5.6240528198794157 -3.2185643442341205
2515 -11.625041114446224 -5.6116568362625889 -2.9373897056398564
2516 -12.364091160843598 -5.5526444807428108 -3.3968233600784035
2517 -13.693971217704753 -4.1774532545473875 -3.5072482449642894
2518 -14.281505588205807 -1.8184469258789189 -3.6333104633561915
2519 -14.293152346787808 0.51151998510775887 -3.9876049136181368
2520 -14.218076617662742 2.3999040833438539 -4.5382770289363146
2521 -13.614566062597016 -0.24515458387142652 -4.6403025616224207
2522 -13.432895655295441 -1.4722221166178091 -4.6617259291803661
2523 -13.247187069443473 -2.493513971252078 -4.6729994103969297
2524 -13.016599596163678 -3.3000554027089861 -4.7211124956988817
2525 -12.71808556838972 -3.9720199051011451 -4.7752334815192361
2526 -12.023684170048075 -4.4486737281473783 -5.5415195365399477
2527 -11.255422086494125 -3.3723636070979719 -5.2274680936438083
2528 -11.143659185484942 -2.6450967366842324 -4.3731221848265811
2529 -11.740188864951378 -2.4067525787481454 -3.0888401488417987
2530 -11.753175564137441 -3.0565104714275866 -1.6276313765425239
2531 -11.794898285936968 -3.6345852412553041 -1.6441760427635741
2532 -11.858905834910821 -3.7601111622950882 -1.7245370494273398
2533 -11.879104334959449 -3.301500354472191 -1.8555772986956749
2534 -12.009791877985762 -2.0549380377371005 -2.714110657153308
2535 -9.322265365383398 -1.2064676869263145 -1.8373065977427177
2536 -8.3547828138609379 1.6356317063127706 -1.2295185058533413
2537 -8.806443286186493 1.4144028985054162 -2.3136396450623065
2538 -8.6986940238906989 1.4616668114576443 -2.1583624265472086
2539 -8.8441882422315725 1.4783169288367843 -2.3246358852280777
2540 -8.1606950162239205 2.1949208786289045 -2.2198689171206292
2541 -7.8350716238111646 2.7439641791989224 -2.1924673815403932
2542 -7.1471801946562596 3.952381937613938 -2.4317813632747423
2543 -8.3342532615633562 4.288333709224057 -4.534321580907271
2544 -8.6817333194694442 8.0389687224624851 -5.968705035750216
2545 -9.6903153233049899 7.6386750255995111 -5.673586166946647
2546 -10.154957740763873 7.1086684354377674 -5.8604112170610279
2547 -12.578013216509618 7.1270293591501446 -3.0679645676449341
2548 -12.976615666935036 7.6455245128781133 -4.3271031725090499
2549 -12.106458916966748 7.7914630643522429 -5.9344748177537028
2550 -11.398630164556105 8.0058385050103045 -5.9765258396749106
2551 -11.94144751573929 7.2045200254662518 -6.8202644784116062
2552 -9.778459415613094 6.0740113297542209 -6.3222075285844506
2553 -9.9930636840015232 5.9673637309199732 -6.2910281101240919
2554 -10.788189022165527 5.4038533193355081 -7.1093258306186007
2555 -8.9671733777830784 3.4917912348429465 -6.5867677446583226
2556 -9.3093834704265728 3.4753931612342446 -6.493272479763232
2557 -10.259527111821818 3.4883070129640994 -6.385308304468575
2558 -11.492881475398253 3.7818327394266662 -5.1524229332759166
2559 -12.273783586949548 2.6931728142607883 -3.992505803590956
2560 -13.025067867648168 3.3947464892819665 -3.7305933358043775
2561 -14.054337282830257 4.0767827107690371 -3.8568531476587924
2562 -14.901168737685834 4.9849019372409682 -4.3513978020463773
2563 -15.13191091396383 5.7056586349025489 -4.4830246831787699
2564 -15.282506176051696 6.3484581782330096 -4.4999716584936618
2565 -14.216618580806474 6.7158475964423294 -7.9082733852832057
2566 -14.235966262916449 6.3673094076189827 -7.8542659508400909
2567 -13.270081531611961 7.2961432750274398 -4.4707940668672084
2568 -13.535993112340677 8.3617783940553565 -4.565832457841398
2569 -13.619385719766433 9.5595587432929303 -4.9583717707128665
2570 -13.426533136266903 10.986057180351214 -4.9326017422475177
2571 -13.124193710929935 12.371320811342267 -5.1450206768039299
2572 -12.569713270501126 13.235823582691873 -5.7858097144917453
2573 -11.381351027028305 13.687533454683486 -6.4757342125182893
2574 -10.560862265461102 13.894697691516246 -5.43701493494933
2575 -10.560447235976257 13.895013184318124 -5.4288980830908917
2576 -10.35369230028317 13.767002026778821 -5.9291853727591288
2577 -10.209231902919479 13.620550252234027 -6.4419000748803263
2578 -10.009459926488775 13.612961681953074 -6.3369070862887193
2579 -9.8409486982719905 13.702490946535104 -6.0318297923391198
2580 -9.7477407913450485 13.718799160061934 -5.9694291256121996
2581 -9.6759683017260034 13.848032265460624 -5.4661689031261611
2582 -9.9123471516650117 13.638427928300294 -5.0086777277150958
2583 -10.096876606717785 13.113367748007203 -4.4655233382990218
2584 -10.067678609839644 12.849354937452016 -3.9603640653433274
2585 -10.478481854107178 12.997454614251012 -3.2539372477556032
2586 -12.321784775661211 13.328221447547774 -4.1576844504614554
2587 -12.034531848978135 13.646613058851088 -5.4852072346392591
2588 -12.431154642972713 12.181702291202351 -7.2732090979462019
2589 -11.653595246101352 11.226020890867492 -7.0728379365276277
2590 -10.789830598162927 10.853858420846741 -6.0544573864564173
2591 -11.641475523846633 10.651729205044351 -5.5269873557825004
2592 -12.728821108433728 9.7661212798950707 -4.6491578829885833
2593 -12.777317113422191 9.0244473315044118 -3.7195203740603895
2594 -13.552582388771224 9.3262634776485758 -3.2815956186205639
2595 -14.636950633831029 9.1833388978113906 -2.5360310983127214
2596 -16.105023770958336 7.6788664992996978 -2.0855190900732894
2597 -16.894274922959774 5.6599958052859041 -1.8015234655671772
2598 -16.960641520767183 3.6301564711533287 -1.0504672578873235
2599 -16.066367745294048 2.6105963555590828 -0.38486643862899295
2600 -15.538238331500219 2.6351041533031268 0.48412455453516157
2601 -15.635306776747365 2.6990110870678321 1.0161822306240109
2602 -15.72818294176346 2.7167883065282838 1.5411034729658555
2603 -15.823543208106624 2.9880616926182273 2.0104807102823723
2604 -16.067998746239837 3.3579435869478691 2.2851139256580071
2605 -16.336851438007226 3.9745869156053772 1.4819532719582775
2606 -16.109959623846702 4.3891221682763195 0.70877877818310198
2607 -15.656705463639293 4.4296308932136261 -0.21775902974903341
2608 -15.322024018415277 4.0795726030124682 -1.1560725961439773
2609 -14.892260539599517 3.6311633727150618 -0.33613789340449579
2610 -14.167622718281718 3.6907233519266516 0.63691402870280989
2611 -13.896092281439934 4.1755365610915192 1.4853251262316984
2612 -14.177636862190251 4.587290809936805 2.5292704596525
2613 -14.356360703747802 5.0056792401845556 1.7200878126451826
2614 -14.054938858208056 5.3002589648327696 0.71536669773277994
2615 -13.622060966330508 5.3378729905273827 -0.15462537819412669
2616 -12.88421579552743 4.9170541888150661 -1.002887123492042
2617 -12.561182539751998 3.9477492251626618 -1.6601829773221728
2618 -12.980329110874406 2.8128258079404671 -2.405480905608735
2619 -13.965045734677458 2.3671144858327429 -3.2783237433272374
2620 -14.109258834708038 2.3045724763596356 -2.9240999639130525
2621 -14.162074405294721 2.1610756665280544 -2.4190048118012717
2622 -14.126727577957666 2.1945495427878372 -2.1680572172915169
2623 -14.002376460528859 2.3902291919842833 -1.8639929652327858
2624 -13.995546431674201 2.6302939003558317 -1.6857879039796424
2625 -13.904853655409273 2.9203373415815808 -1.3814131489522545
2626 -14.271240293150598 2.8859534130306228 -2.187707113451054
2627 -14.867277465341582 2.444874545380106 -2.7764533681088901
2628 -16.124989914776993 2.1721477777234615 -2.9641097114801411
2629 -17.808079645347448 2.1343565428752758 -2.8845159706330401
2630 -19.490730976640382 1.8874365763181267 -2.5236147598240328
2631 -20.476424902610603 1.1024935078956757 -1.897108152807363
2632 -20.212330393870374 0.32764673263558219 -0.77352477505867112
2633 -20.001075169145437 0.44490932453547505 -0.16147917417145355
2634 -19.383055575565752 0.57539067532881683 0.37911470268011205
2635 -18.805947369948189 0.95701321231766112 0.72547623129545413
2636 -18.049675357043331 1.7367244060585123 0.93350039425830045
2637 -17.566906886603483 2.2159986053108192 0.65386424035079527
2638 -15.133941168026189 1.598958937675917 0.59529649215482117
2639 -13.015256919840052 0.64586566042856663 0.52821419483689969
2640 -11.601466178337434 1.2483994502730165 0.4201430366140535
2641 -11.904435088110999 0.99458150121345157 0.47323795796711488
2642 -11.782184861400959 1.0804641434348103 0.62227213207320065
2643 -11.333722457468074 1.4639837643032474 0.75701053215181791
2644 -10.75359579919655 2.0485961132222523 0.81490647535679672
2645 -10.094819943549057 2.926933189224596 1.0592862849629265
2646 -9.4188790664657329 3.9308892187100368 0.83801242909424223
2647 -8.7011176087458537 4.8317047557387269 0.9658319495961184
2648 -8.0957200669637697 5.7691202866744637 1.0337283252390703
2649 -7.6827421465038741 6.6790390912903401 1.2361361550976635
2650 -7.4728386238156119 7.3584095149316173 1.2763481510996515
2651 -6.6991236961223279 7.4393130158925924 -0.074094130636612882
2652 -6.0003233894601813 6.7659754771041918 -1.2412033446071211
2653 -5.4373725416696699 5.2156374980730975 -1.2094707736664472
2654 -4.762963846101937 3.558879484221102 -1.1731706072737371
2655 -4.1210045632759194 2.1607061325728396 -1.1008071798391921
2656 -3.3442259597477566 0.68063931710781755 -0.99202442048107398
2657 -2.398099464255063 -0.3395910079062211 -0.1999190517580765
2658 -0.69669729923699242 -0.36440825959980105 0.55663831966821675
2659 -0.40404426433503193 -0.72004886291862069 -0.40333311823631346
2660 0.42567948024092184 -1.445395098031478 -1.3710691683784715
2661 0.70173092226315648 -3.0648519770913887 -2.3085232586120408
2662 -0.31453584372265819 -4.2206473830143771 -2.912914244364313
2663 -1.3601751640943309 -4.6662096152497998 -2.7714210871715612
2664 -2.4026964459103874 -5.1830517809848686 -2.9884217547251839
2665 -3.6634903261848879 -5.3269963411805143 -3.5997979795482409
2666 -3.9878894095359279 -5.0606856303048859 -3.2662170388508955
2667 -5.0991413941635031 -4.8625697056327022 -3.7882164641861644
2668 -5.61116394905845 -4.2698931104631352 -3.8097060559940572
2669 -5.8776526244527414 -3.8753902150213082 -3.7890819841318697
2670 -6.2738154088934692 -3.6473092439499109 -3.6680812955377489
2671 -6.8997667573493748 -3.4903667772933753 -3.3780872022177721
2672 -7.4813796427415173 -3.5862742262477836 -2.9902099493997576
2673 -7.9299426071225181 -4.0119704166986416 -2.4529524211926748
2674 -7.8796894389419911 -3.8684575893218489 -3.2149677796584766
2675 -8.4147959088272142 -3.7424523985571652 -3.6893887390139888
2676 -9.2873272930555029 -2.7466088431271114 -3.8786775273690122
2677 -9.9886733275753219 -1.4765771679376507 -3.7571419027893076
2678 -11.079303719197808 -0.44986386924470201 -3.2821323913842391
2679 -11.711631403073097 -0.71548557323382089 -2.5121278558257272
2680 -11.023843518714664 -0.28596886176936659 -2.154564987544755
2681 -10.673332251561478 0.34878049167213199 -1.8217263754512694
2682 -10.166055686127471 0.35618731059166808 -0.53510905169249479
2683 -9.2911754226506176 0.20789158319272433 0.35545853138405259
2684 -7.7884947712311696 0.92739296610928679 1.0329472978553902
2685 -6.8711819655043769 2.542264460957504 1.566023832976863
2686 -7.0022158427446861 2.6874689562028502 1.8600341363353512
2687 -7.1348126759581252 2.9087161431602651 2.0854405583784121
2688 -7.2816984420477651 3.2569392878745527 2.1341502301461079
2689 -7.9617502069375528 3.0370892500838189 4.2035962361563133
2690 -8.7803669294254352 2.1997126688688411 3.4351877179055861
2691 -9.6650204707662191 2.3872915909460781 2.3605453542583161
2692 -9.561334501186403 2.8163974974765527 1.2254650893968335
2693 -8.9896135745507166 2.9126059959194879 -0.023557382605986596
2694 -8.0133313872423599 2.9595844558759254 0.19599946056140896
2695 -7.7151787746660379 3.0849146984289915 0.38784497683863467
2696 -7.935226885923929 3.0355722161603342 0.63883958573595834
2697 -8.0534342219554311 2.7742838769157165 0.6202675505771813
2698 -8.183444618062703 2.3994791453659019 0.81104753618810221
2699 -8.0509522295369251 3.243666642664695 2.0743814157085758
2700 -8.8981476584317019 4.7812244529444961 1.7345175750522872
2701 -8.3944347578073693 5.7568264716293758 -0.095937569088600946
2702 -7.5635328971826379 5.9176394231283664 0.51967077879974422
2703 -7.8236244170605982 7.9547816496115598 5.8888700396774549
2704 -6.8241834140881288 7.2745877725027386 5.3032730805175055
2705 -6.3385214392602132 5.5734399983959948 3.8325452925607291
2706 -8.2732432167876517 4.0676453879757606 3.7706187323440341
2707 -10.043319881474051 2.7789346045931209 3.826121569772436
2708 -11.186226393639473 1.8373443899663522 3.8304798041249506
2709 -11.884491416342623 1.2664268009932012 3.7742454671259917
2710 -11.849794161845956 0.52856284494705885 5.4018178905059759
2711 -8.5232446326445555 -2.9261512055957799 6.427326091525841
2712 -6.5045755087922936 -2.6432773219441916 6.6933942249189808
2713 -5.0021282905207851 -2.0767084891728493 6.7196896211364079
2714 -2.9299510787848235 -1.3830939742655537 6.7647828575007782
2715 -0.56670072732311705 -0.49452731431042946 7.1767634217202385
2716 0.5058690913358318 0.49861962808379739 6.8180642033201986
2717 2.4003396999751025 1.1887498361211455 6.6960389417437343
2718 4.404150699585367 1.7208140732549804 6.7299036611716847
2719 5.5518092566322821 1.816621869718914 5.6645680601421518
2720 6.7775864968189126 0.3802440891492237 4.6786540784833957
2721 6.3492300123559158 -0.92606873819551561 3.6938661344204302
2722 5.5756522878968537 -0.70096301517974757 2.2517329796065728
2723 4.6410380620256753 -1.6934338491108898 5.8098328879666541
2724 3.4784659352974967 -2.0714345368790004 3.6334402606092855
2725 0.31036903403079424 -3.0486890988868067 2.1291474686256691
2726 0.49305760481099165 -1.5621406710498187 -0.10608999290462824
2727 -0.63803454362517054 -1.6671299930651422 -0.6182952793764962
2728 -1.739568473505452 -1.438923915006912 -1.5095407427930776
2729 -1.4862377485747147 -3.3502261569430054 -1.1910509847184583
2730 -1.257069502452824 -4.011786722090017 -1.228094299439787
2731 -0.87803142125884193 -4.8415884067444281 -0.99132580258550529
2732 -1.6819713033371317 -3.7513648735211085 -0.96765373212780836
2733 -1.2575680743799955 -4.313058505876227 -0.8626088804173998
2734 -1.6571850765778138 -4.0978170806503913 -1.1648127907499202
2735 -1.9192667843823206 -4.199907457798437 -1.7149736270338451
2736 -2.057938930386892 -5.8665230809070632 -1.2673277755987724
2737 -2.3599013904281048 -5.7462056299644235 -1.7655312614902687
2738 -2.5268318626926303 -7.2087168721202035 -1.2327100595133806
2739 -2.8736272022921439 -6.6884578334839553 -1.3738799916238644
2740 -3.0603360910176569 -6.239344068169614 -1.3133187183927777
2741 -3.0132776026633832 -6.4585285593760329 -1.2339043786349682
2742 -2.9804236303917437 -6.740829008626986 -1.3847915806667999
2743 -3.0612957748889262 -6.9187056912488973 -1.7102144752633506
2744 -3.1236175095132519 -7.1487789426003738 -1.6215355135099547
2745 -3.1877292249794191 -7.4010942470923018 -1.6860243921751743
2746 -3.3360908875455224 -7.6668265824569826 -1.9248245893582492
2747 -3.5687768613328643 -7.7954372431606229 -2.2731844599403894
2748 -3.4115612192637141 -9.1249645897014204 0.46075056138791681
2749 -3.4184754258815708 -8.7361190026837576 2.0380101702072562
2750 -3.4212507294212049 -8.7634198017774825 2.2353780311388198
2751 -3.4931402397479614 -8.7757177316379948 2.5913391320556021
2752 -3.7474143750281415 -8.6839877173690994 2.8700084598947457
2753 -4.2515134950825866 -8.6286670147618061 3.1636044761780595
2754 -5.0550902066938654 -8.743911858926479 3.3891092814922597
2755 -6.0754285802397661 -9.1375819388686885 3.6086581589077018
2756 -6.8974499247796013 -9.6900506515014388 3.7600186482336646
2757 -7.6792663376614154 -10.417310870198385 3.9131485444742924
2758 -8.2298405986273782 -11.092172340737571 4.082624987356577
2759 -8.2314158102921979 -11.094038064555207 4.0836494027764436
2760 -8.6723606468717822 -11.894160022330603 4.3067341247728486
2761 -9.1458119037427448 -12.490549650807347 3.1336406625624416
2762 -9.8005401332852777 -12.218574733952691 1.7886547571082423
2763 -9.8069984086551152 -11.951386164559819 1.6017025818662163
2764 -9.9813411079612742 -11.766473600799671 2.5325060220947528
2765 -10.171388752042025 -11.397683762316888 1.5180003533505477
2766 -10.234001101573091 -11.416797262786815 2.1200606371619175
2767 -10.285806774186261 -11.505871507706873 2.9220757046095143
2768 -10.435313506112568 -11.556216281747067 3.5896340791782619
2769 -10.754713663322852 -11.847543619886661 4.2929371425363865
2770 -11.031687860652514 -12.363543664625197 3.8167892543623081
2771 -11.572693722527303 -12.69427693723769 3.216570507807452
2772 -11.78588294244118 -12.934114060732501 4.5832022556720213
2773 -12.052921889539816 -13.472174452900465 3.5031557524506005
2774 -12.038388445631158 -13.315248826284751 2.9731078048086301
2775 -11.970338193224972 -13.213570913047151 2.5084507484664544
2776 -12.333767466442621 -13.259891983376548 3.8326487641607292
2777 -12.251983062733114 -13.451184171791002 5.0675937691738344
2778 -11.958071549639159 -13.914993929483261 5.5689010169692574
2779 -11.686949774667985 -13.72895479239617 7.3113931311442224
2780 -11.186603340014297 -13.108331595054882 6.7251312312525648
2781 -10.567681378389508 -12.934230082008826 6.1287131846852505
2782 -10.079446208151834 -13.198479272770305 5.3544090701054818
2783 -10.030651439527958 -12.95706906564229 6.2826636343241749
2784 -9.4521765326876306 -12.603915575560261 7.5833310039726065
2785 -9.1074666980354646 -10.923374776238687 7.8623066942897193
2786 -9.3026648069469839 -9.0257903029545261 8.2415588328110445
2787 -9.264958882706166 -6.9607673801395151 5.3643612940806857
2788 -9.8631968532857091 -7.2857856142283568 2.8032556155958237
2789 -9.4640552963284161 -7.336365399417403 2.5760367720372352
2790 -9.8090377821188888 -7.2951478115071815 3.1723324346983746
2791 -8.2233664663836734 -7.0080173870359692 2.3973369092716568
2792 -8.6081775297916767 -6.6236793819837967 2.3674641475252263
2793 -9.3140637697849105 -6.3034672026492586 3.2422065783647307
2794 -8.2434568556878105 -6.1791212689633594 3.1305961788041348
2795 -7.5334291007172203 -6.305605533190044 3.4615535398968711
2796 -6.6067235504297113 -5.9993366357817912 3.3272503867397258
2797 -5.806603904430033 -5.8071831749072853 3.0805363822955552
2798 -3.8681168043758825 -5.8242509053822946 2.6060398332490893
2799 -3.6198844451997845 -5.9110438613848135 2.4298874845029101
2800 -3.9365632067859613 -5.6938439136644448 2.5873636285356967
2801 -3.2317104476062908 -5.8477308981804228 1.6985303375631409
2802 -3.5834074416367629 -3.18407696874629 1.9439174225279447
2803 -3.7896407874187075 -2.1989745604153703 1.4831682106027342
2804 -3.4777973334190158 -0.56995771153959973 1.0991849124946973
2805 -3.434032820593047 1.2146519303698031 3.6972517624500152
2806 -2.4453375560500574 0.55990157363092508 6.7706322499985339
2807 -2.9262236582122827 0.078858184001205145 6.0584356812657987
2808 -3.2805369469097112 -0.041536663381914557 5.447802771824338
2809 -2.7790592723423693 -0.10442004685951768 6.4253864467498776
2810 -2.9406292917526424 -0.18812590206831786 6.1544164107785315
2811 -2.235494583978705 0.043085531259692236 7.1253269977054803
2812 -2.514780220749818 0.2475919989377402 8.2570130783215028
2813 -2.2435266152699294 -0.2078465399769103 7.868740004037333
2814 -1.6331989204056974 -0.71156349800151597 5.851497286661191
2815 0.012095612267181088 -2.0522103422505182 4.2445179396577073
2816 -0.51508441675894323 -2.8637344315811633 3.8431707616199664
2817 -0.81751169684933167 -2.5342313271469243 2.3800043583049573
2818 0.071229819904146119 -3.1383251892501125 1.6913773849602314
2819 -1.0428165879457587 -2.2246685537278621 4.9585312644040878
2820 -0.4610867798256969 -2.6803684603692335 6.4608743599788383
2821 1.6182758944087281 -2.0198562102811066 7.448141254200622
2822 2.7203239638238621 -1.1875491560206468 5.1777554280256428
2823 2.8817749756625877 -1.6488052526174972 4.9408886190129602
2824 3.1595911536579937 -2.1078312457220485 5.5563333731372646
2825 3.5224248883759075 -2.232519733606614 6.1726858578979353
2826 3.6486606618119306 -2.7625927582682075 4.5018044038248792
2827 3.6095566754508566 -3.6838905385298992 5.0269297493082181
2828 4.1330359913997921 -4.632144632480145 5.6043191642388672
2829 4.7022169756977883 -5.3254685749041535 4.867598935006229
2830 4.8414836385416251 -6.786184499581938 4.2319603905272585
2831 4.0643648486597659 -8.175915420722923 3.66311648567306
2832 3.165407590521859 -8.8808171766357056 4.1748134145037987
2833 2.7815408217007085 -9.9917050608400295 4.8302490739768515
2834 3.082476198485141 -10.676788957231338 5.5567340556105904
2835 3.5513063226401944 -10.668342210645184 6.5574911156494284
2836 3.4698478054948718 -10.382754926555267 7.5540131494711984
2837 3.173374726991069 -10.050548976842194 8.6222331332231352
2838 2.8206334525376824 -9.7313059819914258 8.6905205548986597
2839 2.4795633058183606 -9.4745385606916912 8.7472291115332723
2840 2.4692073378277963 -8.6726197882901239 6.740284247621541
2841 2.8889490259576518 -8.5695587583894195 6.4399527900077977
2842 3.5025150725299117 -8.5051299388349122 6.335186599364353
2843 4.1229467531397521 -8.4463759971317565 6.4187237920234148
2844 4.7566482957533402 -8.2466646054737502 6.7176518835707837
2845 5.0709925894908991 -7.9276071059417141 7.1600245033297725
2846 5.4250823816555132 -7.480703204666094 7.1862310330804808
2847 5.8577644091898096 -6.9143645355287857 7.2461239135503748
2848 6.3282586664424807 -6.2683607376696804 7.2269610617598188
2849 6.73944495301635 -5.7287419748044295 7.2044956835979672
2850 7.1249599101517704 -5.3934572691832487 6.9131550741451964
2851 7.843596660829566 -4.7688275103517643 7.2203233790059809
2852 7.794514344548503 -4.7553475511086765 7.2612354992478068
2853 7.6329888418682899 -4.7105483385343758 7.6040151458162919
2854 7.6071825466948741 -5.6432081953716038 6.8211832150069256
2855 7.7998584163623308 -5.6842136681949258 6.4466015502358429
2856 8.5769222031320282 -5.4711708939958896 6.7215469897504496
2857 8.732319346722397 -4.9510546236438779 7.7414292103456557
2858 8.2484541796815485 -6.0116787514565253 8.5709937415967925
2859 8.8237590191459301 -6.6485000917376036 8.4477727323854488
2860 9.3204023557355296 -7.7881641093151961 9.009103349526681
2861 8.777226672878367 -7.2760279739496605 8.3325163433417284
2862 9.4606078061674381 -9.0814829125894114 8.9569146414611414
2863 9.0891184481957108 -8.5874783349920492 8.1935798308147181
2864 8.8224281739402564 -8.3109845489344849 8.6060056879353102
2865 7.7782729462451812 -7.2449567303538647 8.2744859737590382
2866 7.5595448977239998 -6.826524705702762 8.3634283394083511
2867 7.2581620003316161 -6.2854026427381431 8.3441642458305711
2868 5.7122870556781535 -5.8880492529875097 8.2174414946852998
2869 4.227926193334957 -6.4334866097268595 8.1526843291648081
2870 2.8372627557595638 -7.3347044268946071 8.1934124479759625
2871 1.8307977190485745 -8.0156213341208886 8.3005256606666116
2872 0.87213975308362146 -8.5160922836213384 8.4657175482273797
2873 0.16670183171024089 -8.7241366369331672 8.6233123215174672
2874 -0.50845623525566075 -8.7825552409480689 8.7965630614343677
2875 -1.0463200967930526 -8.6854811395313991 8.9605629180229496
2876 -1.1488988557035591 -8.6738624313220427 9.1909315923424
2877 -1.6206377677289971 -8.6041897674805092 9.3012202171144427
2878 -2.1952489251602092 -8.5549337446808167 9.2378960845346718
2879 -2.3767676424432254 -8.5481389973108044 9.2796153365251985
2880 -2.3313459042836433 -8.6231828262050776 9.54767545431325
2881 -3.2022108325314305 -8.7190925555600973 9.319952675655518
2882 -3.0927707478192183 -8.7370155440456081 9.2244100059310039
2883 -3.1307655102975569 -8.5180327978615065 8.350907594254501
2884 -1.9344359880913116 -9.4536118527473789 6.9539869693961336
2885 -0.56706357660172901 -10.854913281963638 1.1350851765113579
2886 -0.21489437586001556 -10.714195655475795 0.44029063979290006
2887 1.173255228733411 -10.09717549847622 0.11989020852363277
2888 2.878260868018812 -8.0034623501707731 4.9531532955642783
2889 2.495868097187 -7.7864040832083488 4.1593163792176329
2890 3.1919769452745239 -5.2609137481696902 2.7050041709228352
2891 3.9340672196072379 -5.1543455768227853 1.7532284444571695
2892 3.2189230924101846 -2.9337878052981359 2.0434115668792918
2893 2.8338215746462572 -1.8822477398542281 1.678439173612539
2894 2.9063677980767353 -0.32644148019312558 1.0784331153349089
2895 3.4273048765822667 0.85041692095506072 1.3246473455023682
2896 4.1145438726095565 1.9931661755381285 0.35052462074546081
2897 4.9722828123075011 2.2737228802249336 0.25973727474105707
2898 5.7121552539142231 2.3368052782647064 -0.12020008630818814
2899 6.4748120658653807 2.1784724788502605 -0.29951197855912109
2900 7.1243631487264949 1.9446272348814062 -0.40861379653327046
2901 7.7109930465236269 1.9038631637300232 0.12309745051197739
2902 8.4567759918616794 1.902101667773628 -0.18102327762121381
2903 9.0378823575030012 1.6435635433719091 -0.60623242040826186
2904 9.5298450665784671 1.2094292936789435 -0.86642360076906977
2905 10.004712222641162 0.57956972651001437 -1.0438365917021111
2906 10.364860383788852 -0.049750423132731147 -1.1169447762835938
2907 10.730592128881622 -0.77443098550537159 -1.1214818412388248
2908 11.156488761649141 -1.7915459778621161 -1.2727585838192808
2909 11.492083896815558 -2.8097502855850012 -1.1794972353926787
2910 11.823363590871395 -3.9116684583177572 -1.5051740603827315
2911 11.865840610420122 -5.4452387589945896 -1.4200365720906074
2912 12.017109788473878 -6.5151544693420274 -1.1956760358875622
2913 12.175564976144438 -7.02463744606814 -1.3104513382907428
2914 12.431050369688267 -7.7540386872428329 -1.0077243843049892
2915 12.66357288948511 -8.0871280618465526 -0.95117232855044176
2916 12.893099449440758 -8.5109244179821921 -1.1547602745006003
2917 13.279274778263877 -9.2128224408641124 -0.7602444904692629
2918 13.201304231393989 -9.261814921480866 -1.2102583123087629
2919 13.747503712236091 -10.427777315059673 -0.71025160102247842
2920 13.346132814141143 -9.846063550852989 -0.41328219385386061
2921 12.239273909204826 -9.0973206876836343 -0.13020866187257096
2922 12.480157874023179 -9.0198353949094141 -0.057704994234681062
2923 12.301442768315669 -8.8544263641737135 0.03464551353887857
2924 11.489792767300433 -8.7278999346277999 0.11004138134420738
2925 11.208277534458066 -8.4345294812524685 0.24862532488317679
2926 11.807389635947816 -8.273360795067191 0.31032374851111844
2927 12.531354694496862 -8.0705011172542367 0.31886634424883509
2928 13.27626182232345 -7.9205838412593108 0.25046762560587288
2929 14.497291860254027 -8.2863965384383054 0.33955510234367048
2930 15.690860478205964 -8.3892275617241197 0.41214225088766487
2931 16.662901817105244 -8.2909263782791776 0.47363698344588268
2932 17.653084781730158 -8.0260347921831041 0.55316555066095319
2933 18.429409984238141 -7.6751194879831761 0.64112605906143538
2934 19.185990274474374 -7.182176466141847 0.76120976938563367
2935 19.741630388658805 -6.6621053462658759 0.90317583574399152
2936 20.227910945908782 -5.9941964888543637 1.1029668667795258
2937 20.51312516619485 -5.3296095076804306 1.3230121950640426
2938 20.629980813669317 -4.5296926717229251 1.6166264688478895
2939 20.526986031206317 -3.8199416545957199 1.9067691391836354
2940 20.157657612514544 -3.0519279341419541 2.2758820962916593
2941 19.528164670241225 -2.4376937266838459 2.6687503164044832
2942 18.793240153523712 -2.1092556604617378 3.0381705883821741
2943 17.840499455930829 -2.0307805217562516 3.462381446074029
2944 17.003907844046239 -2.2693551870265756 3.83210744616468
2945 16.190575774344502 -2.8536461249835217 4.2272553551544831
2946 15.70667550596764 -3.5743036547580664 4.5464822045428486
2947 15.435278771698878 -4.4802238148280793 4.8517063088480779
2948 15.438140769918926 -5.2345969978485805 5.0721589550478283
2949 15.615198561626119 -5.9665909075416028 5.2723010653083788
2950 15.867020368427026 -6.474316414540394 5.4275289651265908
2951 16.18020402100715 -6.9027703349492766 5.5685247277022327
2952 16.504535411421102 -7.220147953782031 5.7680414300142147
2953 16.774346245012822 -7.4024921785226923 5.9089067028337627
2954 17.029839341234975 -7.529541702973459 6.0286700727280902
2955 17.202811954316985 -7.5927359785758002 6.1070564668296354
2956 17.331858181554686 -7.6287535637694921 6.1651568484227006
2957 17.390109610238 -7.6418680537383672 6.1923763264688949
2958 17.402136031785528 -7.6443981878674663 6.2004181594060963
2959 17.404539027226747 -7.6450907914946953 6.2044538573446104
2960 17.406334664041303 -7.6457727012787577 6.2082200296443002
2961 17.411571901826107 -7.6470852970205172 6.2135045905373492
2962 17.447925348559483 -7.6538159893217825 6.2324742383593517
2963 17.510055054704068 -7.6631033319126489 6.263246648376195
2964 17.589487417749133 -7.6717888609919571 6.3029809591526327
2965 17.733839300236347 -7.6793950190122917 6.3751059436492499
2966 17.930947985400653 -7.6721501055724088 6.4778749161171758
2967 18.221456232326059 -7.6230359144671374 6.6397346691398997
2968 18.52501714979746 -7.5114757926808711 6.8303428960711114
2969 18.87831281136571 -7.2733051621426377 7.1006740401509854
2970 19.13388874718019 -6.9519393345468679 7.3908423845126325
2971 19.285933777697988 -6.4828008703648878 7.7763846280515994
2972 19.233511959458227 -6.0388501228997473 8.1771177889775117
2973 18.936196641811446 -5.6108615000559858 8.6909792471107572
2974 18.452545101109617 -5.3983579446126351 9.2294060294179214
2975 17.971712784610897 -5.4451735913514936 9.7160675299502532
2976 17.478924452883973 -5.7756768020244058 10.266208922572048
2977 17.205133375798617 -6.2669811046532944 10.728185995292487
2978 17.168010123313241 -6.947215866764104 11.221254288572903
2979 17.414070139834383 -7.5461492585821146 11.637583245496947
2980 17.970824058270395 -8.0730398408532302 12.084703138657225
2981 18.623188623770233 -8.2996252627863711 12.473843981179209
2982 19.394756357841807 -8.2429055087108587 12.90496031651848
2983 19.988120237625914 -7.9202377830340049 13.303007044271716
2984 20.025389865994942 -7.7504108945428012 13.459426094907826
2985 19.716061311909272 -7.9069252820130815 13.606503417854031
2986 19.13061106512912 -8.3219691999614795 14.204730460758926
2987 18.91751393841415 -8.4882168561834703 14.571094666706566
2988 18.762502798112056 -8.2310337058007459 14.53090230460386
2989 18.746402914431698 -7.9524748299957153 14.062558907839115
2990 18.562116670502707 -8.5401591747438754 14.085499356510459
2991 18.341480399427279 -9.4616246748262505 14.07383051822139
2992 18.097258302825473 -10.560662482474974 14.046752282568566
2993 17.75059722288044 -12.16154127640808 13.978093989745705
2994 17.092888825633995 -14.070741877108656 14.442188277788214
2995 17.323416554211068 -14.860634826873046 13.980415329915902
2996 16.922155043944759 -17.298310017053819 13.637115941728812
2997 18.131403416380898 -19.488859760321589 6.2161325724303884
2998 15.146574869673687 -18.930548839096257 6.2575673952031945
2999 12.6187137707795 -18.45850961399918 6.5686900403796455
3000 12.086453922857894 -18.294293853992443 7.2928827481557503
3001 12.162782942963201 -18.101226797870527 7.372866259304856
3002 12.289849655393745 -17.864633977301555 7.2817345090963865
3003 12.322452138385852 -17.718717450269516 7.4540017817850348
3004 12.379270117439304 -17.471866051211443 7.6770787026042715
3005 12.419237438500998 -17.193971762606026 7.7757287334999337
3006 12.436522570730899 -16.914579033391139 7.8812824034462361
3007 12.43162342440662 -16.701731125191376 7.9430722013022041
3008 12.421300819551208 -16.597185003732463 7.9681009407927368
3009 12.414333677966042 -16.570544783751664 7.969169873705531
3010 12.408806616023227 -16.564598695463953 7.9693693229298637
3011 12.403488903711759 -16.559394256819647 7.9676610947251607
3012 12.398420974571696 -16.556147891539148 7.9649078466775114
3013 12.393520293754587 -16.552928120898763 7.9620693789159098
3014 12.387560472998002 -16.524457250868526 7.9533964288170411
3015 12.379775321710968 -16.428866756139698 7.928338470046608
3016 12.371222462084294 -16.389864167574022 7.9631792471430476
3017 12.356225780986005 -16.324592006387032 8.0132732368148627
3018 12.334845805021242 -16.225939792886361 8.0329577049972656
3019 12.309636510960884 -16.117463065360134 8.0454257296142906
3020 12.276028182071316 -15.974271438556396 8.048765129854802
3021 12.247000338002888 -16.014757911224379 8.1426667803014556
3022 12.211781412033879 -16.048599682919242 8.2420326386495972
3023 12.174664835849724 -16.063661260144293 8.3475427711964514
3024 12.118004808298247 -16.05120842430879 8.4337239117358838
3025 12.094613569557206 -16.048387790609905 8.3141115233052894
3026 12.121221099244552 -16.310734351137935 8.4001505451217415
3027 12.161811933225708 -16.528027118915794 8.4229345953703021
3028 12.249471369555677 -17.088176823027517 8.984087727561846
3029 12.300518072826762 -17.30449330817904 9.4381127610940467
3030 12.025049419608793 -17.373312030053636 9.6921144091545575
3031 11.431305944945738 -17.528455090600424 9.7727662429898814
3032 10.800047169125506 -17.690904054719542 9.6337328897715206
3033 10.20185914767665 -17.704340325402097 9.2064997385277092
3034 10.334631046950966 -17.851904799954077 9.2755231226794788
3035 10.606392637015828 -18.155714632821958 9.7260953024650298
3036 10.361332863229926 -18.301017188969151 9.8531198289581514
3037 9.8979889235656131 -18.460747229961132 9.6133445924393044
3038 9.9416274125392405 -18.574110734297303 9.5829182531187662
3039 9.5341138145412003 -18.495615016981191 8.9289519753168225
3040 9.3393719364100178 -18.198888571849213 8.1987287656066279
3041 9.374951926867146 -17.864589162048524 7.5309717519313439
3042 9.7223181099809359 -17.476281573462593 6.8180346146358621
3043 10.34902835608656 -17.308329911603533 6.2496741158446545
3044 11.214669189618451 -17.305419968355643 6.4019560390245021
3045 11.9695074617574 -17.186294842221763 6.5819858713044992
3046 12.756610569264176 -16.880079356333752 6.8348999259113041
3047 13.381802857555158 -16.459933063053786 6.9795544983645597
3048 14.04064744385262 -15.882804629960832 7.0883450976439146
3049 14.627722745366913 -15.306142533374159 7.0768458816516295
3050 15.339888283004072 -14.6140899414192 7.1785609482600323
3051 15.924800973982332 -13.826596665835044 7.4264686379219622
3052 16.267295962459322 -13.108472313206599 7.4321736457720853
3053 16.805300024617303 -12.313398373191049 7.0569472493406344
3054 18.045987359441124 -11.204926538923662 7.3203093721635266
3055 18.741584660490275 -10.093553623089266 7.3816148020269079
3056 18.347195478962249 -8.7266481723993579 10.392294674813261
3057 19.542404090328468 -9.4164611944498571 13.698915330233014
3058 19.495459172030003 -9.298061917524441 13.827913223743543
3059 19.646343966252484 -9.1414724393176989 13.439544897022696
3060 20.012136260132483 -8.6998452911587041 13.451463697365046
3061 20.294000869446215 -8.1580133777494037 13.824154039914294
3062 20.118217292118107 -7.9224037623247083 14.499225665688307
3063 20.086432067990884 -8.0693865344821347 14.618958194147396
3064 20.036400067799594 -8.0600534624027169 14.61306160308145
3065 19.953492046158324 -8.0614105670959706 14.770952361278876
3066 19.767890204078082 -7.9195185310697127 14.910027484563139
3067 19.509220978669806 -7.8218389169335172 15.300507216193219
3068 18.78094279215254 -7.5263223685057286 15.40087153914823
3069 18.02118630461279 -7.1976170213346018 15.159737666183336
3070 17.572914639491604 -7.0516671012380892 15.47712547728935
3071 16.806005796627655 -6.8373450442139987 15.395509278048456
3072 16.198052995386334 -6.709336049714028 15.58285367882446
3073 15.486708656198648 -6.6534023067749057 15.67685651401843
3074 14.907546875779353 -6.6908887226134901 15.846973592332713
3075 14.316864161437042 -6.8625162158424127 16.086274633517917
3076 13.815938872081311 -7.1633848802600948 16.378764108581475
3077 12.917347004182492 -7.7827420968477892 16.216706530363954
3078 11.300920888432895 -8.0854059878848403 14.597422577631519
3079 12.173584144312036 -8.3525125245948413 12.425331151951253
3080 12.609900049141865 -8.9786342548481901 10.572394550035902
3081 11.9759578445983 -10.423839630474381 10.956652416029346
3082 12.000421820204643 -11.333004240828235 11.300378304044871
3083 12.374710367063081 -12.24812560385994 11.720301533045891
3084 12.858238100004998 -12.615515453957144 12.153031274536664
3085 13.527960860499796 -12.745677207547894 12.645332680759097
3086 14.203100544820847 -12.564802692972645 13.081328664540344
3087 15.196349833897365 -12.528006825934082 11.629209515307572
3088 16.178276626466641 -12.728317324005191 13.898951057513258
3089 16.5359082657532 -12.377407682928144 12.839696272436008
3090 17.098200425655836 -12.0108394907195 13.530129252865756
3091 17.109664441127418 -11.616737517958558 14.23495329382567
3092 16.813446192960832 -11.391994482266004 14.961000902848724
3093 17.256998175610754 -10.168706991159274 10.230470409748779
3094 15.680254005351621 -11.240435677120802 10.541882414105304
3095 14.247244233154413 -12.375044193594896 10.845726065774288
3096 13.330356461724518 -13.570230464180435 11.132481473547214
3097 13.065856715432423 -14.951172230463376 11.567136050302
3098 13.28085774606026 -15.151899759456182 11.825800054859251
3099 13.455035650392707 -15.00873027962662 12.417785666310028
3100 13.002758944257453 -14.653094410237728 12.967256312701592
3101 12.220189305784015 -14.640740798879206 13.314793779479849
3102 11.583257243731424 -14.829578247034805 13.636380815287774
3103 11.124969966302015 -15.124420572690838 13.856824920348577
3104 10.767426380239703 -15.382844973919395 14.078207292780981
3105 10.48193954243127 -15.590556515961369 14.29921198462756
3106 10.376570693924732 -15.561059563469136 14.292031998711218
3107 10.134542674647717 -15.727087164315892 14.637386017448671
3108 9.9452609093769588 -15.49188997269934 14.753720707388927
3109 9.7590605413655762 -15.469911847405223 15.077955062837725
3110 9.3459117271755012 -15.159864984016837 15.230034451929189
3111 9.2244206902321295 -14.983704244411195 14.31598627386567
3112 9.3670886724288636 -14.883436488728107 12.935426757798336
3113 9.6214101049360323 -14.951809072951205 11.762956541961112
3114 9.752947040773396 -15.449632561964261 10.553191352336519
3115 9.719281754821159 -15.754915725684423 11.302368715236922
3116 9.9357027628446506 -15.99175350779068 12.127481171210535
3117 10.187513507671481 -16.000474854630394 12.752159038760428
3118 10.556525905950046 -15.878196922777464 13.366860799125144
3119 10.956028763204987 -15.498947674662698 14.061499026935914
3120 11.064700277717312 -14.947382694359653 14.662211702528928
3121 10.836482605226584 -14.336869638936177 15.135649934936581
3122 10.430921967426523 -14.0019282323623 15.696852929378302
3123 10.462346556387377 -13.935159345795899 14.143091503926174
3124 10.904557038370534 -13.282865981758391 12.813784271655182
3125 11.549082349122969 -13.568547828493706 11.260120994415932
3126 11.887316528714269 -13.457295147155648 11.799278271506891
3127 12.216667310088534 -13.328764014928025 12.338321371658566
3128 12.516234356855421 -13.192817300326276 12.859899974391151
3129 12.89133988949396 -12.972142869655357 13.395348060919835
3130 13.243243282855868 -12.58638374860795 13.929197856559529
3131 13.530116078657457 -12.112013688639358 14.340545078320044
3132 13.646430886370061 -11.463955959859872 14.763250247349488
3133 13.817069290874194 -10.779725397091656 14.751454763140096
3134 14.140959557684067 -10.004269875097311 14.684727819741557
3135 14.546180857112821 -9.354416584645211 14.573289021727879
3136 15.097525709558369 -8.6784098508273413 14.378615029193032
3137 15.651821680844595 -8.1570447517143965 14.14908874022592
3138 16.299368205203407 -7.6733253857172645 13.828856604500466
3139 16.927587049580232 -7.3125399589344333 13.438507231636979
3140 17.443468068803863 -7.0918059256304824 13.030158742760259
3141 17.922764191886685 -6.9594292065315431 12.521785005689207
3142 18.249071354262156 -6.9396522102999469 12.043886798637326
3143 18.492107892724341 -6.9944839581907017 11.465344897278609
3144 18.59635960476761 -7.0826557575277675 10.926981334695633
3145 18.574882500992658 -7.1950395781475933 10.328639282398727
3146 18.425212164405995 -7.2930277178626071 9.8308222037488271
3147 18.204357981515937 -7.5967631327985554 10.686738902577334
3148 18.291700468620149 -7.8537689252070688 11.470401438194271
3149 18.245135184337315 -8.1102979865319274 10.676487325125679
3150 18.029820327188574 -8.3489571736738775 10.008482369700486
3151 17.537453872654932 -8.4911407309501428 9.3192882183069266
3152 16.908309235031584 -8.2697487696656964 8.6695492042704245
3153 16.478652123744506 -8.0591636490404301 9.4076882563298625
3154 15.81350962215501 -8.193404177396598 10.144739401482356
3155 15.375403146361062 -8.7289295682216785 10.788044051983702
3156 15.376107935108081 -9.4847415336561518 11.526175215927774
3157 15.771312072943479 -10.023355176809009 11.986565373044069
3158 16.29497690532828 -10.16877191484604 12.648676652370595
3159 16.308914491698729 -10.030710256386072 12.922298051890676
3160 16.013148101688362 -10.221058450617409 12.038159819783585
3161 16.278560974325966 -10.319496306900982 12.29148461182135
3162 16.708074362359088 -10.422235772404433 12.384735343583412
3163 17.147930960208829 -10.420718220236317 12.675642991872587
3164 17.379647008382928 -10.270225403327718 13.105146379285284
3165 17.307374350533824 -10.038842219736896 13.744476597114314
3166 17.036863608216411 -10.046655090202446 14.380561679500653
3167 16.925409684139595 -10.42963919801393 14.583946807845933
3168 16.935375878476677 -10.915076871825788 14.739863762411778
3169 17.020665184851111 -11.59525404555583 15.078605117018993
3170 17.015199542200314 -11.694795625232365 14.969732692347192
3171 17.253733601838384 -12.227784328370124 14.952679475581448
3172 17.599160988320818 -12.904831643710128 14.864659938510972
3173 18.224908819872741 -13.37808121706658 14.007880023513703
3174 17.949454281557724 -14.425689757128652 14.907464155046972
3175 17.705619272447443 -14.43995028756618 15.177063139054713
3176 17.209872469030341 -14.196767609109459 15.196537957449365
3177 16.881903968222975 -14.342237759846213 15.683262117812969
3178 15.687225090155501 -13.918104973611859 15.436535698422151
3179 15.307922970548042 -13.932567045148749 15.462272836928973
3180 15.042503911043585 -14.312650421674711 15.962886442184566
3181 13.917825218871695 -14.111207419326403 15.628207393885141
3182 13.647483038185289 -14.300625881745832 15.596648067955543
3183 13.576906092160712 -14.58853123705274 15.586967901240341
3184 13.626607558274898 -14.991201503910069 15.558682643072604
3185 13.826096303229388 -15.70897944739319 16.271538189945954
3186 12.979829032716324 -16.043229797767051 16.479221899881932
3187 11.723036761403149 -16.620129535045237 16.265046704654047
3188 10.853970248504741 -16.801618561484414 15.70423517318118
3189 10.863629962776509 -16.992161611557304 15.639293464487528
3190 10.622574578256287 -16.978898665766966 15.265044389375152
3191 10.382469639997403 -16.872303902761121 14.836049214225856
3192 10.203866185303502 -16.664826551023708 14.464970210203719
3193 10.118579969067229 -16.302382866552549 14.07475348783489
3194 10.220379453408716 -15.898060530952622 13.760710487758924
3195 10.559953764259602 -15.456616702177593 13.439699608572452
3196 11.137381545028637 -15.133041849635822 13.147915001830111
3197 11.823120079297142 -15.02782562019463 12.9089664663065
3198 12.680749723432035 -15.16240225622243 12.66025891883808
3199 13.422661900968112 -15.519869702559241 12.443655641332011
3200 14.147665931547566 -16.123013158723616 12.167514423104752
3201 14.635643610984241 -16.804359630735757 11.872332263909914
3202 14.948968907875173 -17.627335148252406 11.479548325387418
3203 15.000422765002179 -18.318257789572094 11.07452829553592
3204 14.829714085134714 -18.968039911132021 10.535817395395558
3205 14.521453408769077 -19.345985801137768 9.9572965658269865
3206 14.145189729901073 -19.452020657411051 9.255922742292082
3207 13.89654352125774 -19.280097608515973 8.5229325584994751
3208 13.860924336002126 -18.984652975574338 7.8604355968844875
3209 13.943505234304762 -18.397339316137284 7.5851666381954477
3210 14.141674738846319 -17.889440017076701 7.3725485532879835
3211 14.482425341788833 -17.352201976199868 7.1791239152687032
3212 14.88042493250517 -16.908582436813166 7.0345893545578981
3213 15.135672759401407 -16.727425158791522 6.9680382287379112
3214 15.588638651333413 -16.374660661950887 6.8813520892675397
3215 16.098991217961732 -16.076271437081282 6.7356629716490914
3216 16.582189112449814 -15.859498876815865 6.6706609013471088
3217 17.802514840269758 -14.800889363616788 6.770009735563173
3218 18.974243574817752 -13.563219091620709 6.7032158920828726
3219 19.837694637974696 -13.126852627717833 6.6148895531660585
3220 20.260689680839803 -13.001321556685152 6.5947010584669208
3221 20.457640909979379 -13.057148525408895 6.33204582672637
3222 19.963856312617605 -13.284149814326124 6.1911432607692962
3223 19.476920759127619 -13.514366875083471 5.9757427328579089
3224 19.032258692816438 -13.774006373652048 5.7437481328493432
3225 18.940391604860839 -14.053796582884917 5.6088883637209683
3226 18.792271733983654 -14.526547361410598 5.234037794427719
3227 19.272710545686994 -15.218589005897082 4.9759612296914177
3228 19.273269134903497 -15.967118558708307 4.5478599925648044
3229 18.856770471950824 -16.451622023512144 4.0157132738195047
3230 18.293085521153657 -16.6394793939103 3.514339730587297
3231 17.46243245246108 -16.635846728473314 2.98122276392081
3232 16.584321527824056 -16.414356381824586 2.5670674066397563
3233 15.449360837307665 -15.954139373717602 2.2162736331004842
3234 14.358071985749193 -15.399185977894893 2.0284996286185502
3235 13.123029648850705 -14.69923763417461 1.9753608028389946
3236 12.093663184837482 -14.071862472551819 2.0742033026305116
3237 11.075209746502898 -13.452018438103055 2.3466384981539266
3238 10.334641079207195 -13.076855285484083 2.7289148072669618
3239 9.6504957829153106 -12.975429146450743 3.3153353817576772
3240 9.2141584068032838 -12.961491311437682 3.1308725957895551
3241 8.8040342368591684 -12.888231557887392 3.0608753082469837
3242 7.9212954455798261 -12.763462756926222 2.7055144903865025
3243 6.3569251619491514 -12.760254133293774 1.999315816667445
3244 4.2152499562513679 -13.210784178808201 1.585735593838089
3245 2.5655271754882953 -12.404188962099973 1.252997674591201
3246 2.6002401854554309 -11.157745997740712 0.68903822177127227
3247 2.7712859952472586 -11.167123965253806 0.36953480573518205
3248 3.062986742810264 -11.251384408100588 0.13892366662549682
3249 3.358151287815609 -11.346471678198945 0.056969203949862268
3250 3.700574005135687 -11.413063055672213 0.11483414225385005
3251 4.0333776864626802 -11.365729873466659 0.33802588325792887
3252 4.5397610364880165 -11.265070064700755 0.079691949554538177
3253 5.2522813173806586 -11.211811104099096 0.056143597302347997
3254 5.8993823363247264 -11.110393686098529 0.2875105058112859
3255 5.9005434350257691 -11.114735414904617 0.29109288018829094
3256 6.6395588563322878 -10.972104792764622 0.10392804346812673
3257 7.4497170426677961 -10.872130179212117 0.23509489266794037
3258 8.2767420560515372 -10.687697624488511 0.27036207795398576
3259 9.1225617321151624 -10.273385069985922 1.0535699030513257
3260 8.5689543710150673 -10.4603773890644 2.369166839576335
3261 9.4750401007065843 -10.989275782668319 1.591308610527836
3262 9.7045267194628693 -11.484851571479785 0.94764540592347224
3263 10.075207109584374 -11.097472232603479 0.72837015316086806
3264 10.668985802258387 -10.496729208180758 0.95612273619453747
3265 10.834920759924575 -9.8812215330444566 1.7085942688887428
3266 10.564123339471582 -10.402936788582243 2.7885613443664434
3267 10.431554240564795 -10.30887560846446 2.542871284557302
3268 10.340326372004482 -10.212627777010979 2.3108179870882237
3269 10.325723360931956 -9.8085960296275196 1.4156401738518218
3270 10.471308484386686 -9.3229610053615897 1.1912800034628208
3271 10.728963955675358 -8.8581082340695971 1.0071408388314664
3272 11.047903064139012 -8.4904319135933317 0.7790618201283932
3273 11.543491312660878 -8.0513158997855054 0.67766428982185567
3274 12.06703108298638 -7.7007417583815538 0.52675166025312659
3275 12.569146297912976 -7.4489413985703754 0.43040839388992647
3276 13.114972725135525 -7.2382965728242254 0.35767497175142043
3277 12.59014350633586 -6.5987901364318793 3.157887762742376
3278 11.694104411317966 -7.6795621386194295 6.2230078239666442
3279 11.700687531268455 -7.833276790942671 5.7902909877930986
3280 11.979332080816242 -8.0887811584804457 5.5950357151735046
3281 12.367301676508403 -8.3769224286986521 5.7176887861919496
3282 12.12886278973756 -8.3415368885358472 5.6025951928188791
3283 11.429983576329398 -8.1982821913883903 4.8580170233135647
3284 11.240954540245948 -8.3303854262124162 4.3757305587733129
3285 10.97057772544386 -9.1290495474215092 4.4063985637872136
3286 10.901926490250851 -9.801651472100815 4.8627338505467108
3287 10.774009880810629 -9.7832644604013304 4.8633721328887587
3288 10.696157683634796 -10.134753277041664 4.7716204887140981
3289 10.544617063885772 -10.692440007221133 4.3651666604019059
3290 10.272242554218948 -11.739192670100302 4.45031903995653
3291 10.063398062121937 -12.556394067659006 4.3911228672575433
3292 9.6975377940188654 -13.1171743487916 3.89062418576039
3293 8.6852727883242622 -14.321865110799678 3.8139357781600816
3294 7.790801096342558 -15.463624799066388 4.1408783633609634
3295 7.2153172372426644 -16.132884009461669 3.6968860274361561
3296 6.1629775841711032 -17.432772961782888 3.9866612216331134
3297 5.6824319793972933 -18.013510402567874 3.9612470580624448
3298 5.1509006643161888 -18.403344839947852 3.9099599539128524
3299 4.7137082082831459 -18.487251741398609 3.9185142485684707
3300 4.1992827503193491 -18.208403618173939 3.7398303884922846
3301 3.841607331493019 -18.439280346980166 3.9141988255033748
3302 2.7870650973373712 -17.948598400606116 3.2308621298524054
3303 2.7907634549380091 -17.249600156207389 2.6584221763258831
3304 2.549966364979563 -16.779497491776116 2.393050575871893
3305 2.2398379280342673 -16.379985364586481 2.5626774682187912
3306 2.2236047938405079 -15.944936318058904 3.1748937216186248
3307 2.7437871469535775 -16.287192957309465 7.4992175818039897
3308 3.0168153045755486 -15.814056809630355 7.2042849218779024
3309 3.4978953151348273 -15.013028914842881 7.3846911537283226
3310 3.9738949249321487 -13.735827987785333 7.8988650641451912
3311 3.9269120596444176 -14.505050312028571 8.3222897518696826
3312 4.3783072728891774 -15.591698466804916 8.7321083107145352
3313 5.8258412672639306 -17.072569511217068 9.3415741361084077
3314 7.4366252220766036 -17.466647547378059 9.7715684251983443
3315 8.5049204857281282 -17.29346931305723 10.168988360754753
3316 9.1811209014481889 -16.886855997035902 10.481706915539549
3317 9.4050376077429014 -16.848075411980936 10.878499308617103
3318 9.9004624872994746 -16.573630046842485 12.009545163287537
3319 10.364436668100009 -16.349251610479865 12.875392691286292
3320 11.354632534197162 -15.901583992210949 13.483172339923176
3321 12.436666504798566 -15.057387752776087 13.683292945649532
3322 13.65977766765292 -13.987602621500598 13.551844343977722
3323 14.793473738963565 -13.252124511432047 13.136169799555612
3324 16.06081554183368 -13.029772500290195 12.327651287254675
3325 15.925270723934656 -12.956231307331043 12.349642857973951
3326 15.703473080083961 -12.893131659500627 12.311151838754165
3327 16.245394349733491 -13.229465659470616 11.737537868005589
3328 16.636232399683482 -13.959101416351922 11.199681766478857
3329 16.81745942639083 -15.330913455033045 11.032051621597434
3330 16.866642513203065 -16.664167642792247 11.137983578476739
3331 16.718395206260219 -17.639425722624633 10.345863244466162
3332 15.745382974447512 -18.72860337552904 9.8980219433236361
3333 14.074069316004246 -19.506515543849979 9.5237231915628442
3334 12.417460392033737 -19.644566046159806 9.2088656775815192
3335 10.696518837820596 -19.150905474192747 8.73635258599084
3336 9.7067324044876493 -18.427607052258917 8.934299736289665
3337 8.3121834919374376 -17.626825302093977 8.8041889865199021
3338 7.0643505359086429 -16.803078568066315 8.9462775349615011
3339 5.4601139713040752 -15.842328358314955 8.6803564278596461
3340 4.2729817088420052 -14.014159361311238 7.2856170885458722
3341 4.5269090557880736 -13.631026151795423 7.2968216434672248
3342 5.1956580834063573 -12.559218347751433 7.1958044675357309
3343 5.6825844725357904 -11.805021166269302 7.3313522187539792
3344 6.4093688560588538 -9.9245747135906779 7.7457274242281615
3345 7.9531615785985181 -9.6738046051237312 4.0359797191043407
3346 7.2243575124378037 -12.971643979926419 6.9603078657123412
3347 7.3956954913542869 -11.392293361209102 7.8208419782047907
3348 6.7871046511894022 -9.09241203750069 8.0058567814270152
3349 7.0795080690270149 -7.5281665552810502 6.1610506854713769
3350 11.571565084951482 -6.9696681111577146 4.4136696152209645
3351 12.017333030086544 -5.4692615582457478 4.924458707808145
3352 11.764893097532882 -4.733447563054928 4.5826275583203895
3353 12.965056787153692 -4.2409372213495393 7.0265843326667934
3354 13.8113927651652 -3.472966446912177 7.0045347569685656
3355 13.88985787506847 -3.4309973102455795 6.9611161466243789
3356 13.5827331966786 -3.8095515502661907 6.7557405962802415
3357 13.290840024504639 -3.9318131121231703 6.8604164868660451
3358 13.330148816015097 -4.006086854620821 6.7367315947251658
3359 15.47136637665688 -5.1271548209843827 2.9046877381446734
3360 14.464067239830472 -4.7445862117809394 2.5937985021275956
3361 13.377453443604875 -4.0184813789699545 2.442492845280031
3362 12.336556082955338 -3.1945536858356025 2.4642220577328047
3363 11.379202735531022 -2.530503773409547 2.6113989302023093
3364 10.498983681726013 -1.9457208021307264 2.4845978874787242
3365 9.7195900148075314 -1.3764692149912559 2.5362437824251112
3366 8.9455406916589588 -0.78150242654871827 2.4321965973750435
3367 8.2363698642717349 -0.22786832990110528 2.5302640611597429
3368 7.3697443251293411 0.36805139075950372 2.5456646664814238
3369 6.0123399739947327 0.98123587025917736 3.1119403836879056
3370 4.7861211788036906 0.56970227170952614 4.05212954966255
3371 4.9200440258504408 -0.0088695587670158949 5.2058950597503051
3372 4.3513842267430984 0.86004475965381011 4.9862672196757822
3373 4.167461097377025 1.6407746798526475 5.0227401855858096
3374 3.433552535658106 2.3003576454894721 3.9412054617229666
3375 2.1850459570447263 1.1630007001867539 3.7972725342920213
3376 0.93606414501684532 -0.15481520073919947 4.5590385354924825
3377 1.0096111979727367 0.14145055620862559 4.6298372813027955
3378 0.47031700770663332 0.94712330386325783 3.220412929475414
3379 -5.1063880965754365 0.68381218793690213 3.177454768544179
3380 -8.6949408926534275 1.02380694669271 2.156172776610445
3381 -9.6194445935792476 2.3127795587166258 2.3094123949291196
3382 -9.5893563290740786 2.853574548850125 1.3792953972195026
3383 -8.5629347305658072 6.1062130894529725 1.3755732583017592
3384 -8.2185660861883125 6.6904412912375868 0.9107943494751003
3385 -7.3358131572809917 7.8650780648792429 1.1322753760087056
3386 -7.2756272801741346 7.923150837179409 1.1144062033752058
3387 -7.4087699480149309 7.5647612599329772 1.0927311950861998
3388 -7.6564556020860879 6.8850263290634244 0.96305277467674066
3389 -7.9818857060226227 6.1751663110697601 0.68434680250029534
3390 -8.2658883215078802 6.1537751022142881 1.0200688428728313
3391 -8.642479244896796 5.4313803488716772 0.92591438624006361
3392 -9.0740489799614821 4.6977525912519553 0.73348843742336312
3393 -9.4681202980052142 4.4917149200314395 0.9750223203255094
3394 -9.9005868802951369 3.8026311198994835 0.89354894022488496
3395 -10.375966189846304 3.2725416983276134 0.97375844276344614
3396 -10.773031662046789 2.7038589337333123 0.90334497854684936
3397 -11.30607045109325 2.2508290948849199 1.0825244330246824
3398 -11.645416578741763 1.7660077992670831 1.0647880701986854
3399 -11.771054893577807 1.8075089053951434 1.1437100857001976
3400 -10.914850253052775 2.949628094417247 0.87227638747270486
3401 -9.6027603230301875 4.2409005460463876 0.95631747727947025
3402 -8.8425758251740572 5.1138083861588868 0.57453675410335392
3403 -7.2901765710949418 6.1766151130723959 0.63899538615951512
3404 -6.1148873560001284 7.0255250862423839 0.52314613861082138
3405 -4.6300005248462135 8.0656171288203282 0.91239339876758097
3406 -4.2627630394508946 9.1348029252700442 2.0223468093206858
3407 -4.274407115801786 8.069644364532536 3.5764814752630909
3408 -3.4124695275565351 7.8445907875289871 5.2513386070655876
3409 -2.4010647721606495 6.3533207184209592 5.6451962656466277
3410 -1.4692744967255562 5.8978309412634609 6.2675650984060942
3411 -1.9443929077576378 6.1005177128042645 6.93009014537152
3412 -3.0526889428990112 4.7720933444709823 5.5300211991665886
3413 -3.2739307765120884 4.5229323649751603 4.3631164794936428
3414 -4.1409685060023627 2.2677463027385243 3.7295915286753822
3415 -6.1648332200444136 0.80006012407822191 3.4599120744990568
3416 -5.9961686986515677 0.53296546737910111 4.6809719728901609
3417 -5.6627710994633009 -0.71559413596114396 5.9864521487476576
3418 -4.7558758127840068 -0.78857577477361507 6.8122738359738628
3419 -5.3812439809328447 -0.87562176122394308 8.2736597304089123
3420 -5.4135860594623209 -1.1010102574700671 9.1711679464918046
3421 -5.8918910913707894 -0.503555209083969 7.1524325404077294
3422 -4.7514099394018343 0.45359696684852802 5.5666573304283968
3423 -5.1852455184249617 1.0901264196683502 6.4259734438277558
3424 -5.5268715932214496 1.1827401710107326 7.1245200821555619
3425 -5.2703966114819956 1.5598263133153762 7.5709755878809677
3426 -5.1219610260734925 2.245506117049775 8.1484122622682964
3427 -5.4103145242906159 3.2535511416187868 8.2234984084824987
3428 -5.8566789812689528 3.9954614264556034 9.2095347834168706
3429 -5.9503023042624221 3.9701740258699494 9.6712538797497771
3430 -5.4020310738936006 4.0301635392928441 10.479023691462327
3431 -5.3399130417946203 3.9972093040997052 11.10169939315603
3432 -5.5715281844505364 3.4569411483110799 8.8210439683552693
3433 -5.2057099139659258 3.5757439507798892 6.6408026256356569
3434 -4.4074823281443862 4.0622469500724128 7.5610227039557998
3435 -4.5377605194960697 3.9493624758286581 8.4676555788792331
3436 -4.0932605151049009 3.1973896824505648 9.458452685343925
3437 -3.6944577489685173 3.1257063337657667 10.286629580156562
3438 -4.0255627660673694 2.3850041117350234 11.174343688294821
3439 -3.8268571331139327 0.5480451905245467 9.8913550940187243
3440 -4.4124363862856084 0.55800798141272567 8.5066130249339462
3441 -3.3212762785903718 0.15338983325675198 6.6522296783920201
3442 -2.9572936663608891 0.35030747275288904 6.9666565641002904
3443 -2.9347204245876304 0.26743555054916512 7.1683243932427914
3444 -2.8338514075754335 0.16876884240661461 7.2747760699886443
3445 -2.4677019997301262 0.60951549860687204 7.2757972430357247
3446 -2.2895192507731492 2.0117619853966398 7.7462109382783257
3447 -2.2219698435777531 3.7411865222776584 7.9085859386617754
3448 -2.1710094549213719 3.9919065394009925 7.7018605181044801
3449 -2.0672460566535058 4.2827930955079845 7.5795226145708341
3450 -1.9965346421163337 4.4421723489022762 7.5126090946494175
3451 -1.9757313750925549 4.4760675277322299 7.4755677006253602
3452 -2.3060152372605467 3.9149829925994633 7.66551218605498
3453 -2.4230548811763604 3.2286251684085023 7.5895668539733325
3454 -2.6003424117282026 2.3462403805043102 7.4353092504961618
3455 -2.7497330297825355 1.5734388081078989 7.0063929749093363
3456 -3.318803726840061 0.95958070315215216 6.5643067532634669
3457 -3.629195434475589 0.87487618624125485 6.5144236201898709
3458 -3.5081523345396857 0.90863260421327396 6.4854301290670469
3459 -2.381210148141772 1.3200148424049623 6.9997521483782466
3460 -1.5173070470714276 1.8036141921385014 6.5266673774077404
3461 -1.0160852984109661 1.7385887782614906 6.0057276502456123
3462 0.06660084431830543 1.3461081650332447 5.8669549389598235
3463 1.2956471087754013 0.93398315822817712 6.2069085122520198
3464 1.7138197361731144 0.73839763073400644 5.7657357711883588
3465 3.1153525491814151 0.10804683156412886 6.1838370456978105
3466 3.0387708311297743 0.12967578216959547 6.2726744317692713
3467 1.9840073377629075 -0.077333336523953355 5.7337831083968656
3468 2.8953554262680314 -0.45247388363532287 6.3038535732537602
3469 1.2293138131027512 -0.4351711675130977 6.4786090632225948
3470 -0.61898158204995435 -1.1591046685928534 5.6708082157799646
3471 0.38417746477827591 -1.6644757166937465 6.0827347472635385
3472 -1.1007392261726141 -1.7842724280530906 5.2045924149032299
3473 0.36922335158714803 -3.8229149863039815 5.6639270218257325
3474 -0.13682815511741431 -3.6590894025300895 5.2850341286642832
3475 -0.67681340240756493 -2.9652595345471062 5.0846919558745149
3476 -0.61182219584648279 -3.0805103566593743 5.24716657655551
3477 -0.80224267614607447 -2.8705503177548777 5.2436147664027555
3478 -0.026870992871258773 -3.9425348198646062 5.5261583786512389
3479 -0.10217044735316493 -4.2665856192566185 4.9044661522624091
3480 0.19942521975226982 -5.3227244366575803 4.8486680692787294
3481 0.64982028160937144 -6.6718231914742532 5.3019077001212658
3482 0.34018280768932158 -6.8751369949136238 4.6676926116519564
3483 0.38562988003819271 -7.9852142746933836 4.57276837761684
3484 0.3294209219721414 -9.1269277048050093 4.4647122281235214
3485 0.11697219911397672 -10.079569006174861 4.2992132014186115
3486 -0.38088110057893831 -10.775384469135659 3.6356423573854793
3487 -1.0453199012478618 -12.061509514113581 4.0074461981993172
3488 -1.790694860160527 -12.399310586604702 3.3119295562176014
3489 -2.7137094328712212 -13.280306749336797 3.6956422009745333
3490 -3.6106749646476284 -13.133746687605919 3.0195611560368216
3491 -4.7369318529903293 -13.633706941103345 3.3370699382235891
3492 -5.4437144040354397 -13.384223960578167 3.3023825116520471
3493 -6.1213789298082197 -13.108407113393346 3.5944169551860687
3494 -6.3134260559434763 -12.939119204350568 3.8903478227639519
3495 -6.3065921993564977 -12.897000324757094 4.2916145324071033
3496 -6.4642335239658015 -13.370661943527592 4.4563564668104458
3497 -6.4907451293935514 -13.744136802932619 4.7127642844887871
3498 -6.3750772446599751 -14.042785365352994 5.1049274509089795
3499 -6.2199440769990417 -14.149896404311802 5.5158129311249731
3500 -6.0505838056999295 -14.15460911807237 5.985560210698524
3501 -5.9013106737604026 -14.125671090441445 6.3674857357462118
3502 -5.6939645952818916 -14.035522536995874 6.7373895506980093
3503 -5.610877666433808 -13.983132493484828 6.8427859748309041
3504 -5.4502631392117049 -13.903656378539463 6.8841611411629335
3505 -5.3995349581541188 -13.852486569564084 7.2811122121538823
3506 -5.3074738173205525 -13.63429526793543 7.6421421991975063
3507 -5.2962078513636532 -13.386614207396043 7.9844529743653032
3508 -5.4655950777850952 -12.787871758423428 8.2405326979722133
3509 -5.6488896938622526 -12.381462726760333 8.3158838418093755
3510 -5.7200787128476032 -12.06095438006332 8.0108307824929579
3511 -5.6239144300746506 -11.806316219603618 7.5768572368668803
3512 -5.6096836848646969 -11.846816739135916 7.6695640173617656
3513 -5.4485118131009411 -11.82013388394328 7.2587743070076201
3514 -5.3586825689807469 -11.946866685278257 6.8303272141767124
3515 -5.28521075607485 -11.635880361661167 7.7914218544051383
3516 -5.3548326745227861 -10.844728912681489 8.0391914168813177
3517 -5.7849609025554392 -10.034052753504039 8.7478410867632519
3518 -5.5778559680618613 -9.6193232036092269 7.6618871019109021
3519 -5.2351431131699524 -9.2888391491972921 6.7444733844002904
3520 -4.6779663628788066 -8.9307752994540568 6.961282015941368
3521 -4.2488398772607336 -8.5045561121586246 7.1916043967848022
3522 -3.8928465137032564 -7.9040271978642753 7.4924235432973401
3523 -3.7467808693344153 -7.2950506611233816 7.7985034148289376
3524 -3.8306802392885171 -6.5918020042354053 8.1934367698091659
3525 -4.1475554950737639 -6.0708251834896982 8.595954625863456
3526 -4.717663091010011 -5.7225706195245856 9.0909662658582544
3527 -5.2900533297655121 -5.6977258756751104 9.5563742665501223
3528 -5.2895887054695896 -5.6981133808984881 9.56027532703364
3529 -5.8659414062119168 -5.9926611621011467 10.088550745060351
3530 -6.2669793475552895 -6.5621597797074722 10.602137294328852
3531 -6.3999961414245456 -7.2182340429690921 11.021614204609651
3532 -6.2744216511853601 -8.0680065718363689 11.446750568143514
3533 -5.9144471434170374 -8.8387031411060679 11.767896398855919
3534 -5.2916976210082272 -9.6380514027703708 12.067183131378124
3535 -4.5898304075298917 -10.283283370517555 12.272646667627725
3536 -3.680912522205277 -10.934953467558419 12.452428086177811
3537 -2.8102350624593919 -11.438580237430187 12.567859737720424
3538 -1.7728884952969377 -11.940144960305833 12.653069367016464
3539 -1.7724566409414322 -11.940485484408963 12.653187188186976
3540 -0.8292865551110451 -12.332361007471007 12.674694255507655
3541 0.23423738546779793 -12.713098004114721 12.659556956335898
3542 1.2664383201235556 -13.030859600997431 12.596213485998064
3543 2.1427348019308501 -13.282698276446398 12.495055298686381
3544 3.0554292882046878 -13.566161459511118 12.348716176114833
3545 3.8206062757544057 -13.853009156611375 12.19649513626511
3546 4.6530078759994309 -14.262085234331844 12.00555012062217
3547 5.3837126602438685 -14.718603830888139 11.830205588003301
3548 6.2364991342528553 -15.363099362716181 11.648553329274455
3549 7.0150804366898774 -16.043006409024137 11.497005951698137
3550 7.8870153136679635 -16.93193597206405 11.33643708288381
3551 8.6117561944469401 -17.842115534126531 11.204524700570753
3552 9.2916478425028632 -18.981263637439643 11.059629145475714
3553 9.7166849113969675 -20.196823979520833 10.899044646386066
3554 9.794594046362727 -21.265781640630088 10.724129505350424
3555 9.5314286870414975 -22.33581141596996 10.46377369626871
3556 9.0366512549318863 -22.990855275779069 10.157246397572841
3557 8.9979164273406447 -23.505816308465345 11.075575769171211
3558 9.3358657996504224 -23.649937885231413 11.976576374895931
3559 9.9479340327480603 -23.590229032670379 12.885707499894329
3560 10.744417556695105 -23.079524917641574 13.501053940566155
3561 11.455603753146251 -21.886867717034566 13.828025214095785
3562 11.911878949708569 -20.477809535306925 13.829197958985699
3563 12.126089005871375 -18.938279201878608 14.441605049438444
3564 11.678769960952213 -17.628885432211092 14.527112713618495
3565 11.225981590424164 -16.434170890480409 14.448360680023777
3566 10.820633985648062 -15.053290000114272 14.352859470848387
3567 10.600609019807679 -14.02716247238123 14.358412845073325
3568 10.45402274854075 -12.928436585926617 14.14092336447341
3569 10.482661896057152 -12.164161504468469 14.057186269571332
3570 10.549017947011416 -11.332616936815249 14.074447132737493
3571 10.602170717737053 -10.984483101951442 13.976340521204671
3572 10.57018453911668 -11.276844690159136 13.961563307890938
3573 10.340602647074341 -13.063022354381188 13.73681583457854
3574 9.4976422060955805 -15.360660785576256 12.994170811133401
3575 8.6854085553972276 -15.742808523492309 12.929640680790982
3576 8.5893969914433868 -15.782967843108525 12.910573993972605
3577 8.7707504283982374 -15.731701641314322 12.854123204770309
3578 9.0584796449921274 -15.639059680607668 12.887426893379532
3579 9.3009588824490148 -15.555034426563989 12.899155394125296
3580 9.1056835060994104 -15.443453731024794 13.632276721684883
3581 9.0003203613372165 -15.231886101761253 14.395189408997679
3582 8.7048628000534034 -14.669806826736343 14.952562963271141
3583 7.9279665503445056 -13.754688519753946 14.2641918131072
3584 8.0122849714846289 -13.003532618334901 13.451069979030574
3585 8.3417140082830503 -13.080955860234674 12.509759112579545
3586 8.1391988248729206 -13.449819621249224 11.506748507808132
3587 7.9461969511425439 -13.700745242313305 10.659808371617657
3588 7.3439627111134733 -14.300877849552393 9.4148057091599817
3589 6.5161413042028196 -14.276596947691175 9.3514200441851258
3590 5.1944410995996932 -14.2621263723133 9.8761786174819015
3591 4.9409384064169153 -14.726745847420121 10.888501845860027
3592 4.3411126364219914 -13.597235440332565 9.0456933057151314
3593 3.3359503134257893 -12.877885605972578 7.7480606788109441
3594 3.363052913634224 -10.277226854567491 6.6502160364570813
3595 4.912348755766839 -9.7476333022301134 5.434988972821106
3596 5.0150751357678613 -10.512927186238878 4.2212625926785678
3597 5.2875855111823009 -10.021038333832857 4.5736129247209449
3598 5.2835423866512885 -9.6599310515510073 4.7507966749922907
3599 5.5103576520603887 -9.0596479885706032 6.2008703201558752
3600 6.4523141913172362 -8.7688012370973798 7.1867713981982142
3601 7.2156837859438818 -6.894588383084856 8.0000840538401761
3602 6.9790766107188436 -5.6740516282079776 7.6677986376925391
3603 7.1113308747040076 -4.5112133393045708 7.5114026692844948
3604 7.3447284046544219 -3.5091021620172511 7.3938567846626002
3605 7.7083026363055858 -2.6505061782914749 7.3037417381339775
3606 8.0686233425975544 -2.0767283831564063 7.200086889311212
3607 8.4310341516539857 -1.810935369786115 7.132295265491285
3608 8.7564859345219368 -2.6827066046570613 6.0626809700129414
3609 8.7857145078956549 -2.8717581146992703 5.3865668710344341
3610 9.2414575046143153 -3.57777517339921 5.0783088513437615
3611 9.7279278133636424 -4.4970357173073525 5.1980357986910386
3612 10.443267462151088 -5.332407952448416 5.762721106648776
3613 10.9319613289396 -5.5960434169400415 5.8319936739366689
3614 11.385257661106383 -5.7981459032244995 5.8798575544886953
3615 11.497644033614851 -5.9532224963962346 5.5030375846405688
3616 12.17218733082432 -6.4938467404345328 5.783376947776806
3617 12.024346331332993 -6.6443107437397506 5.0245213870265424
3618 12.49876677994923 -7.8534063321089542 4.9615957859967761
3619 13.220542459905658 -9.0797900855613136 5.7366832080742478
3620 13.801278490838264 -9.4674722481494857 5.6826179347973289
3621 14.330386528613273 -9.9000120634282389 5.5351784718161392
3622 14.749869114146824 -10.367048324174153 5.376718952720152
3623 14.513143907564846 -9.9209564422414065 5.3964017554262718
3624 14.229897664709503 -9.36134127374355 5.5251951981609162
3625 13.719740079861838 -8.5657942133313583 5.679940577970525
3626 13.193078271490416 -7.9416880062509616 5.6066776632728637
3627 12.600829789799786 -7.1825860315835151 5.933583235186914
3628 12.394701453357408 -6.7041851910921189 5.9818053881988558
3629 12.809378261813633 -6.7298696662185185 5.7814807579992067
3630 13.25287158625372 -6.8443115965604839 5.5632650339460179
3631 13.835977492200119 -7.6402228588363013 5.8499282827331553
3632 14.646839624745311 -8.7696516534451128 6.1706588574722385
3633 15.106741119132835 -10.328696117782759 6.3118138732003057
3634 16.041710182734263 -11.780301507630877 6.4229879681376953
3635 17.108404792445921 -12.712603867262924 6.4951207354332441
3636 18.417397494304726 -13.427120328203477 6.5585918846508653
3637 19.603376069948776 -13.772893065759119 6.6103291923770202
3638 20.907333649740128 -13.905458540600645 6.6841430310968892
3639 22.008160216598213 -13.796860726073811 6.7743162164029185
3640 23.151911637780326 -13.463220003366791 6.9107231593442071
3641 24.146229197833527 -12.91214397002674 7.1080455471626243
3642 24.868530404970755 -12.236965880515946 7.3345615719362094
3643 25.45473838394383 -11.288429635553269 7.6421618595975236
3644 25.697360604773095 -10.309494024378084 7.9755688626350452
3645 25.572790997512552 -9.1161358874446137 8.412829540400228
3646 25.030187296574901 -8.1752852180415232 8.847084728774762
3647 23.972052982114391 -7.4621049111258753 9.3945921253053921
3648 22.824788203189971 -7.39301322355234 9.9049109193853369
3649 21.688931278349262 -7.9918821995523261 10.478322483144657
3650 21.080515735191579 -8.6611198803750291 10.206513532435658
3651 20.334803335404565 -9.231504586165066 10.035071779905964
3652 19.607300738099621 -9.7087414210235572 9.9984331352911155
3653 19.046210963778719 -10.117073680596519 10.073226459156624
3654 18.552919549999594 -10.616067819859175 10.274586036015501
3655 18.287492407217798 -11.076731207586054 10.540483563579905
3656 18.189983588357006 -11.594298719551407 10.904650668720905
3657 18.259793568402149 -12.020679078010222 11.259864121802359
3658 18.51465151367227 -12.460961982683548 11.644776369912567
3659 18.885057419800884 -12.807818806923684 11.926130659620016
3660 19.448438158507891 -13.126328279553766 12.155007412778723
3661 20.042753216822508 -13.347070857321981 12.266975305369582
3662 20.761390830569894 -13.570337659436479 12.270388134938141
3663 21.469694911317774 -13.84488050698836 12.139307561506804
3664 22.008662453228119 -14.179753980651677 11.910669091111457
3665 22.221571472208929 -14.132784744859386 12.15485230528008
3666 22.375320888488954 -14.028897421229557 12.419569308074568
3667 22.192000375135315 -13.810539836337817 12.619899033902186
3668 21.843363968984956 -13.608400809511856 12.893349814963532
3669 21.540730631171549 -13.542147199226012 13.008073986360708
3670 21.273600839818464 -13.324018790579968 13.510531143146311
3671 21.315862840695655 -13.017578777165092 13.696945585985567
3672 21.551595388209055 -12.670551646276166 13.436201467379089
3673 22.735674168316269 -11.964965085808899 12.559827077663444
3674 23.784623096646328 -12.429113846973433 11.587428766856611
3675 23.958772445291512 -12.480909445847853 11.635486270331509
3676 24.107866465239567 -12.015758863492284 12.09077976001068
3677 24.143453711037306 -11.650532994216539 12.39639764301883
3678 24.20495361434066 -11.395991364935927 12.469932189873667
3679 24.247610886906632 -11.281509206996926 12.247166405447343
3680 24.112480720459047 -10.811976162371714 12.384264327729529
3681 23.784261423729593 -10.600306824457554 11.707171365100825
3682 24.241717727519365 -10.214552770205312 10.971908836665946
3683 22.945064578319201 -11.332574640220418 10.709294520193714
3684 19.969384266757398 -10.795733667739166 10.750845662363767
3685 16.962707281913652 -9.5358447821732693 10.871139954467051
3686 14.355249756033642 -9.6671565597153855 11.088403138295549
3687 13.995435838333485 -11.324861149501892 11.763637837047819
3688 13.937282352661931 -11.440939709977444 11.197969932337857
3689 13.784025219768056 -11.532883054839555 10.578489294841194
3690 13.56943444133989 -11.774757598998711 10.178808020770783
3691 13.072162955397474 -12.165274573907704 9.995139313326046
3692 12.537569390654124 -12.551525069098799 10.081822824213592
3693 12.466606713276089 -12.683921974944745 10.193183320264065
3694 12.478817788263573 -12.812130263961389 10.423835744618414
3695 12.646582544082889 -12.596918366303024 10.528127335752872
3696 12.778100639550258 -12.386901885845905 10.524492639685251
3697 12.885412360630969 -12.355488963183632 10.88738145426038
3698 12.771948638010574 -12.812644060949621 10.817254924580732
3699 12.73383375689728 -13.036238998860458 11.109382821609719
3700 12.747251986977727 -13.804151247590694 10.918278460207029
3701 12.644051061212974 -14.395180971843608 10.864136031939989
3702 12.55586705962898 -15.583626571227569 10.312667282304874
3703 12.455692943133897 -16.528259531640622 11.007116271746805
3704 13.369605402396582 -17.641516311298005 11.249721802550594
3705 14.645815433340136 -18.191446323251046 11.558601655794634
3706 16.026749239101097 -18.521224938773216 11.903758717136927
3707 17.277602457301573 -18.616949315946215 12.240379530875988
3708 17.940504543075047 -18.642081015390659 12.792040291985135
3709 18.297161588346313 -18.62110120350091 13.262937616422114
3710 18.495884349517169 -18.512168571307338 13.716864060954453
3711 18.558869579567805 -18.241990502591172 14.172188522032942
3712 19.103947991153081 -18.265857579691659 12.574683244733688
3713 20.212261651459627 -18.63300791941947 11.012100833564267
3714 19.971001996218792 -19.852072899553811 9.6964987993623009
3715 19.785117044774857 -20.019700239501411 10.071500399596429
3716 19.845248281984261 -20.146963514065863 10.56697470577676
3717 20.005732719975519 -20.158326435248505 11.05650224576187
3718 20.568613418321036 -19.843166324244304 13.088960946728166
3719 21.425858139820072 -18.924453929547006 14.71425244872383
3720 20.58486975471379 -18.018303703943783 15.721127035241041
3721 20.075231360931745 -18.170361728737873 16.375227876093199
3722 20.272041090790516 -18.318561950993796 17.147594211553866
3723 20.639786596386447 -17.403673352346161 17.694370622967309
3724 20.441156894462139 -16.098385223340454 18.373623408323798
3725 19.879212408907946 -15.561331799361422 18.826467252382642
3726 19.159601343714421 -15.332398827142073 19.176067822291685
3727 19.136491989855823 -15.248493880059248 19.343891720038943
3728 19.034083191374663 -15.206487546154682 19.408416705063726
3729 18.762169725291042 -15.250543589052215 19.466426099763353
3730 18.434594124703644 -15.348111613211886 19.510876071811214
3731 17.916503906703024 -15.491810113849571 19.987779558103011
3732 18.124554741202665 -15.054570176254655 20.11119434615296
3733 18.402573283797601 -14.417713996936625 20.016261092846307
3734 18.588295139324739 -14.064447613002942 19.805683703216275
3735 18.568724214530729 -14.010523575859311 19.837392812505694
3736 18.550479637343184 -13.962669618515646 19.867234289484401
3737 18.547884693466607 -13.902484752319356 19.827850503964399
3738 18.508512969036687 -13.888547600798749 19.843263209602672
3739 18.471804893667585 -13.87364839283496 19.868750224827338
3740 18.447074286456875 -13.852076828917497 19.874782955397851
3741 18.424532721162713 -13.83445989666636 19.87526329228713
3742 18.402169768474007 -13.818591975231158 19.875381665351473
3743 18.379857570297911 -13.802913038793093 19.875565078450329
3744 18.357574055577057 -13.787493452819641 19.8758363750981
3745 18.335257077032708 -13.772157098357541 19.876178854455649
3746 18.31254482873474 -13.756368979678234 19.873992331682018
3747 18.288994870559826 -13.7408832162739 19.877520880836972
3748 18.265107443273433 -13.7249421932899 19.878084131282534
3749 18.24048054160431 -13.709111158981818 19.878920490920898
3750 18.215622706944014 -13.693284169594071 19.879763086136201
3751 18.187741843967281 -13.67734162617479 19.880444887343554
3752 18.152081351368427 -13.664967811224217 19.887726413648924
3753 18.103562519945722 -13.659778993110118 19.913884115608148
3754 18.066374971101158 -13.640156272842146 19.916450391487004
3755 18.013848898812054 -13.632964793304698 19.951935352191349
3756 17.984707593924636 -13.600381890553392 19.947944421763136
3757 17.94436926371948 -13.581878688709518 19.963072570821879
3758 17.909349196655306 -13.561565442340289 19.975727616496162
3759 17.877726705866394 -13.540315413388473 19.982851610634437
3760 17.847777753446763 -13.522004770114956 19.985351994268445
3761 17.817721551008429 -13.504763413999067 19.985305912154097
3762 17.786976776111768 -13.487491023280112 19.985808474894537
3763 17.756303593321164 -13.470231041741659 19.986344933535104
3764 17.724160071264862 -13.450910033956482 19.985262572072038
3765 17.692486910052629 -13.42582151544396 19.947974845733796
3766 17.640622432526708 -13.423950491558353 19.940169529801931
3767 17.561687720087637 -13.450255841748318 19.94893516049995
3768 17.476409307045095 -13.483528876835225 19.961656970128104
3769 17.379918087115765 -13.528729798788556 19.980453459909445
3770 17.299058263072283 -13.555466525615143 19.987655170292701
3771 17.209399173863154 -13.591541901278793 20.041501715142488
3772 17.175106361896955 -13.544971969956627 20.023218537811196
3773 17.122895455196385 -13.530230539139138 20.04114573089554
3774 17.082079006116519 -13.499683300071352 20.057964995325804
3775 17.047389070115081 -13.457400508139262 20.067270336144112
3776 17.016439295469986 -13.409668020556525 20.030977659087988
3777 16.973668114650913 -13.387749704221859 20.032321117779674
3778 16.929793392431314 -13.365184125922125 20.041413577893152
3779 16.887870939168106 -13.336488349047498 20.052114177433946
3780 16.849364031411142 -13.296667552064742 20.070358900001949
3781 16.812221275521402 -13.249411760348853 20.129703001331819
3782 16.799456135836095 -13.122846868699805 20.16920475442279
3783 16.796680667897274 -12.945716797414683 20.171829105022155
3784 16.801700536106875 -12.737605378342598 20.133431523916521
3785 16.792702700784353 -12.590200089125053 20.156872991906493
3786 16.780133517054363 -12.439617835594586 20.183361681550206
3787 16.772484939763437 -12.25023973991291 20.177247523741947
3788 16.754581453137796 -12.103637144809062 20.200497755871432
3789 16.746786547381518 -11.889312448785304 20.200962347528474
3790 16.745532696114271 -11.646459072058947 20.154878482818688
3791 16.743725292347992 -11.432746238100172 20.233946838977786
3792 16.74791460059302 -11.09841033847389 20.224205593574808
3793 16.760617835656717 -10.758092997941898 20.119555690664903
3794 16.750714724982576 -10.625250333517265 20.078498963208109
3795 16.728817348021373 -10.551273952589391 20.065610173363872
3796 16.694783265069223 -10.51429566463538 20.028029995868604
3797 16.650876004335885 -10.502948050388378 19.997961512094687
3798 16.606465839623173 -10.489669434865968 19.992612540079758
3799 16.564278696828442 -10.477120489616972 19.990827621060401
3800 16.524296622349667 -10.464465910606869 19.992538333681964
3801 16.4862431574909 -10.451485394747365 19.99455530307533
3802 16.448355356800889 -10.438231324363331 19.99705623032796
3803 16.414850869031881 -10.419043084610498 19.998977532540113
3804 16.388834655818165 -10.386142082818248 19.978335254192977
3805 16.360619752159984 -10.359849526732765 19.949647195738113
3806 16.328242635200507 -10.345147593390539 19.956299145019774
3807 16.295346237510692 -10.330669014664526 19.959137102891084
3808 16.261695546156048 -10.317408501522921 19.960590631600496
3809 16.228124971032663 -10.304189610701869 19.961988643646585
3810 16.198526536311974 -10.283715467512113 19.938019221517095
3811 16.171280315284847 -10.263137539921599 19.951790145874543
3812 16.157865762141732 -10.217473358511262 19.937239321433697
3813 16.148103949025806 -10.173655703169718 19.863207058773998
3814 16.10495625713699 -10.1940833876784 19.803577500970093
3815 16.025350175642693 -10.271867992783323 19.729336160323935
3816 15.837422906587355 -10.421631060491531 20.050950266617289
3817 15.972575593329067 -10.179704565080586 19.527903820118041
3818 15.632936272732715 -10.386309286808622 19.685496477253729
3819 15.50252354130277 -10.487946697064102 19.584379624843208
3820 15.193122238260337 -10.780847289084612 19.123620486156483
3821 14.767353102139122 -10.862475109122878 19.199479190704263
3822 14.355117044692836 -10.99711806886393 19.036621319398062
3823 13.742926576040739 -11.123482615645933 18.645929694017806
3824 13.594232910234256 -11.125198027219 18.342393204792735
3825 13.225320206950824 -10.948266638839424 17.894857632285021
3826 12.769284643901081 -10.318554973486322 17.253083217665584
3827 12.929019173373131 -9.4858500057873396 17.113397808538807
3828 13.200670271163409 -8.3338762469113572 16.495446893699555
3829 13.54998120673009 -8.0969295185151111 16.155093472026657
3830 13.420457308035054 -8.2306138931178712 16.229782493991515
3831 12.911209632788552 -8.4621796581683366 16.08470017097865
3832 13.053302167582817 -8.4384305902202783 15.766955366637896
3833 12.623899234049894 -8.4125677389219025 15.503085796137752
3834 12.212866419634784 -8.2896304568466519 15.307759502257339
3835 11.451051626795667 -7.8773721646919199 15.185938491937151
3836 10.843446035941366 -7.4379846057556671 15.024579169291522
3837 10.196362464052237 -6.7981447048931205 14.903612484674849
3838 9.7489105332551045 -6.2547265330612012 14.792311069663107
3839 9.4451740497167211 -5.8157214978639864 14.638000093751717
3840 9.2594901157547369 -5.7613664765723112 14.774654258797005
3841 9.047906283708615 -5.521077607961141 14.671341740636457
3842 8.8363780741297546 -5.268178837448958 14.61204406514803
3843 8.791610123889015 -5.0830604225756817 14.105954664515959
3844 8.2968089313446711 -6.568389702654664 13.855176941383483
3845 7.5919251623534461 -7.6915086879458636 13.671681450357632
3846 6.7749879947648086 -8.5962532466225348 13.127920050331214
3847 6.2634407574874542 -8.698066799376047 12.88881902885225
3848 6.0909010843314233 -8.5595790778168261 12.977770309716089
3849 5.8701578494803188 -8.3652031947738159 13.375904741364071
3850 5.3123230023223975 -8.4321873477472753 13.299935113713676
3851 4.8671706612218895 -8.3083989143843642 13.463800259881758
3852 4.6817348125174014 -8.1178352612793816 13.505422452674694
3853 4.5562417155559336 -7.7672202349712309 13.730521906633316
3854 5.1008752462021985 -7.234222337244085 13.955198382037846
3855 5.8263814995030412 -6.5591348700274601 14.304478071931813
3856 6.5801172624411475 -5.9272482612265573 14.681073922043247
3857 7.303675064070668 -5.2510079341109099 14.550473562251305
3858 7.8609669315015784 -4.7071214684347007 14.454672497159727
3859 8.3836719600160396 -4.1595247918832623 14.370236645811797
3860 8.7511063071915611 -3.7345481162836927 14.315272342159794
3861 9.1025599717055687 -3.2801685325169405 14.269958815419846
3862 9.4139586047435575 -2.8089803553903314 14.240968602186376
3863 9.64107119991254 -2.3863673349645285 14.232826333395531
3864 9.8406689573985258 -1.9030969534899635 14.247957715376319
3865 9.9459166548765605 -1.481247734027376 14.288116599539824
3866 9.9786169393587087 -1.0381683358626193 14.3660921876636
3867 9.9295829085582845 -0.69644810193418127 14.466133370822188
3868 9.8047688308267844 -0.37858622027850242 14.608023846937629
3869 9.6748976240654461 -0.2064400118668539 14.732266826720362
3870 9.557145640813193 -0.10700577426671165 14.841050206384059
3871 9.4217882702985811 -0.037374787151092548 14.976676336475313
3872 9.2485655121858503 -0.0018548775846043419 15.167135979121088
3873 9.1034640268908937 -0.013341015087204866 15.343340261616852
3874 8.9917524213738638 -0.048324928649936982 15.494223427500968
3875 8.8882655608448342 -0.10361562522423107 15.650528205958103
3876 8.8139606996894102 -0.15332875811164515 15.77439690191207
3877 8.7555989963147773 -0.1948209624327597 15.874534884875676
3878 8.7197518564608529 -0.22005799909384738 15.93601763975756
3879 8.6719223790576301 -0.25380708752531866 16.012972810894322
3880 8.6182254743498046 -0.29069260863544732 16.090835848799475
3881 8.5475111015959886 -0.33779030085670581 16.175070244041954
3882 8.5682187667856073 -0.35306645786621615 16.259552206857045
3883 8.586045881058137 -0.38198250470041284 16.357729864422087
3884 8.5941767537669449 -0.42704510134581719 16.450063030629575
3885 8.5879317377435385 -0.47110443009217873 16.501540255500132
3886 8.5748403798276076 -0.51477583965740648 16.529693714633709
3887 8.5550260956721846 -0.56236590264046482 16.538983895458365
3888 8.5676179162216251 -0.58926213231869617 16.56807375874947
3889 8.6114829249353235 -0.58129852442541052 16.602221348432682
3890 8.6761312324091531 -0.5547602701222587 16.701845653076788
3891 8.7181894943131599 -0.54227379215367222 16.770151202712412
3892 8.7558344241712245 -0.53878489287609899 16.827603554709057
3893 8.791501901756952 -0.54865466450656752 16.86451651650664
3894 8.8504560930217213 -0.52737023235210723 16.950925113170612
3895 8.8925934877371517 -0.53395317004800713 16.978009774124104
3896 8.9951022500779363 -0.46751803925653368 17.218432967838979
3897 9.0686268728425432 -0.5063356516689943 17.421214092193548
3898 9.1287283425391088 -0.65493336400764823 17.503899381948678
3899 9.1951779367995297 -0.8594916432854951 17.481430050191609
3900 9.2384015631976606 -0.99643541193199603 17.382965999432475
3901 9.3033214011419076 -1.0025973972997235 17.436323730585428
3902 9.3573441125972376 -1.0042279001254109 17.497938926807841
3903 9.4100796005065686 -1.0143307685583207 17.551388632929864
3904 9.452836682043106 -1.0394192849441102 17.559604951548668
3905 9.4739864165420222 -1.2144083688400933 17.198676996888612
3906 9.5133094905434934 -1.2721679822689123 17.331348559937531
3907 9.5180314806778767 -1.2716073283748621 17.335012947049794
3908 9.5556896765055708 -1.3711945921335409 17.443548109523952
3909 9.612460604803827 -1.5331234420287088 17.53980496570766
3910 9.7229711245510373 -1.6748574697822505 17.986746720870478
3911 9.9799983782513593 -1.8599586051722914 18.557119965984313
3912 10.359873637099938 -1.9398117452164605 19.105051081644973
3913 10.884087917712574 -1.7681724013184139 19.767351306789937
3914 11.193458050154977 -1.3208157362474673 20.402635293349711
3915 11.113780565757608 -0.73878347460442551 21.205317834948925
3916 10.749435141366963 -0.56654211281465638 22.016450973480541
3917 10.649493896657708 -0.53571494943479747 21.401596457059707
3918 10.539094493494598 -0.4102748062914181 20.807388545895275
3919 10.526689039483269 -0.18805919837326446 20.147484459665129
3920 10.736278003746204 0.14420415626548322 19.611849021322602
3921 11.079188865586023 0.3286698249208162 19.203810822069542
3922 11.487603642905682 0.37131184640689718 18.918856631538223
3923 11.811978774225853 0.31764762033310423 18.695634260367452
3924 12.192460931312946 0.15517627390934119 18.399856986808746
3925 12.48982887264307 -0.095454677680759215 18.083556582303903
3926 12.920769731776335 -0.06671565784494593 20.648669186058196
3927 12.625322225090141 0.51805851996951335 23.162988708301903
3928 12.563336695956309 0.38750036651512465 22.707258270178361
3929 12.579655303136985 0.35162221380603453 22.102902425830635
3930 12.651817292528921 0.273476897510879 21.509729218677471
3931 12.563471955385204 0.23347803565225705 21.01195163565691
3932 12.438223835331385 0.47405942770957443 20.540902779801648
3933 12.551440737823748 1.0628058925074453 20.127765635828268
3934 13.021585765759514 1.6621472244629154 19.877237804183771
3935 13.729352818165218 2.2389537846203691 19.769667234162799
3936 14.379745700722566 2.6651226909025203 19.599822600813752
3937 15.119376416764808 3.0216146885030475 19.519404133780387
3938 15.754677031248958 3.2967580791881201 19.480606728694973
3939 16.457112165656483 3.6021748141236634 19.484264217363574
3940 17.146669064419928 3.9155222617083014 19.501791173001465
3941 17.755605450667193 4.190788853929341 19.484784043301662
3942 18.464357243833415 4.4931843810282386 19.500534546910728
3943 19.128242620251157 4.7635321705039155 19.514791373536525
3944 19.896979671962903 5.0389785826389133 19.459253438617047
3945 20.674177821239002 5.2379631774575035 19.502348698250579
3946 21.525168871805057 5.4571930533163142 19.462944991817356
3947 22.194048881872533 5.5562802691838318 19.017535966473513
3948 22.906839143368551 5.3560345463059109 18.533123220619316
3949 23.398455861430588 4.9336919214479176 18.099193879137363
3950 23.691493259051565 4.3104267094845881 17.596587244142693
3951 23.676128291001223 3.6738806271767572 17.056343817574287
3952 23.425800348515299 3.2194230842901059 16.534495640209602
3953 23.141046391239325 2.8132210354360274 16.687143183016911
3954 23.141992396653908 2.8125236879974516 16.688152949424499
3955 22.965187762055791 2.3890923223725267 16.961807335158309
3956 22.847395345084287 1.8504915323633446 17.095250272567259
3957 22.82375836606176 1.3682658929399625 17.249984062702687
3958 22.860474060476268 0.78663374500408922 17.355317016143353
3959 22.960404427439812 0.20116959526140521 17.591047616468632
3960 23.181956146056237 -0.53882910226765413 17.674270357270338
3961 23.443126206064527 -1.2901544491442936 17.764338459108817
3962 23.849583574351009 -2.2322196598107857 17.911831919505278
3963 24.430974734611723 -3.2254909675108365 17.99021543405523
3964 24.958767830363751 -4.0739447563001727 17.776420344638236
3965 25.461391666671908 -5.2798436117618062 17.773771720389515
3966 25.96771885210832 -6.2923118182792317 17.968234995034472
3967 26.375875384118885 -6.9261410824154801 17.714026341729337
3968 26.8128139176175 -7.7582648714550917 17.870248042093699
3969 26.791682071804772 -8.1153343194849761 17.251379649485273
3970 26.847531972865287 -9.2792246786931845 17.169294715190379
3971 26.990672673600148 -10.659963840174898 17.577489797078751
3972 26.990668269942265 -10.974961830407633 17.530622008392658
3973 26.894160760942288 -11.35734510758278 17.413106339775993
3974 26.791300547899368 -11.941731987736167 17.248179255181249
3975 26.826932446103484 -12.688060175843351 17.160287472271644
3976 26.656875988477807 -13.278582679557415 17.048382962862902
3977 26.488645412668937 -13.672709243502435 16.951785031867662
3978 26.303015592295157 -14.109731031231146 16.876424081852175
3979 26.126009354083148 -14.536452844238445 16.856456172119763
3980 25.921352035403753 -15.05105764749057 16.891384693411453
3981 25.761527678989342 -15.535308064979382 16.980292464552349
3982 25.657473020869478 -16.091079413082809 17.140163383750622
3983 25.66704876050251 -16.556468106729167 17.332219409558718
3984 25.808845270481001 -17.015606522799398 17.604533449174781
3985 26.050636499621294 -17.340121570074874 17.91556008068742
3986 26.12438330136564 -17.434592772428509 17.915172060651109
3987 26.123550526131545 -17.432584301705333 17.915017805367889
3988 26.1114915856426 -17.447362755877514 17.90566156443084
3989 26.05311232638865 -17.430629545485996 17.92461756278788
3990 25.972625409262971 -17.45083152986944 17.891506947750035
3991 25.939236087844684 -17.556871911270441 17.943986370932624
3992 25.91330772086155 -17.748464044283885 17.934766408639319
3993 26.071568069629592 -18.063552959409989 18.0064531300543
3994 26.353077770685722 -18.467758228959919 18.00898527862643
3995 26.844816657787376 -18.76458785936655 18.40862887119366
3996 27.433111937015251 -18.864068674906992 18.832167264586342
3997 28.024178596309984 -18.71417514475953 19.242121251042867
3998 28.467436651422179 -18.385423394908344 19.588457495211458
3999 28.794126434779603 -17.881127920726268 19.953489741200585
4000 28.911446665776076 -17.36939579154787 20.278626933139378
4001 28.851339438689305 -16.819864309561439 20.655325278947164
4002 28.70048126553132 -16.512055956525892 21.155590182839173
4003 28.471902626341368 -16.360743497422295 21.756669115770233
4004 28.246499916790167 -16.361934019651802 22.312023764653002
4005 28.018997490440203 -16.52796054251856 22.884830747897183
4006 27.939371557925931 -16.808496864718503 23.613716751200677
4007 28.106213961506779 -17.037067017015058 24.518172470927539
4008 28.32698450977442 -16.999004140511875 25.434977247305618
4009 28.826080409181735 -16.989182941135031 24.523062633783827
4010 28.777156846432991 -17.218842324686367 23.398491153998823
4011 28.619340477375939 -17.116746752176496 22.375291391747371
4012 28.222939586805833 -17.484287817995654 23.373515995611271
4013 28.368758968116808 -17.530122119192686 24.355627024537398
4014 28.273989727182169 -17.222582643664371 25.25425901651354
4015 28.388795900998407 -17.295834165660516 24.709412074011855
4016 28.077593547559452 -17.291299654708638 23.936570290510733
4017 27.853593677503763 -16.958346028545368 23.245923660643413
4018 27.802012329342951 -16.697649279606718 22.553949749220138
4019 27.536350474584417 -16.955142916122874 23.0017859137043
4020 27.306705955886574 -16.913369471932235 21.660180504564885
4021 27.317247723998261 -16.632130671630534 20.163192017379156
4022 27.556713721274445 -16.242750829535382 18.996767930907165
4023 27.827329242720296 -16.112900402386543 19.673223786007998
4024 27.930520783055432 -15.911325326842206 20.239917000010347
4025 27.902047871955556 -15.636266803645624 20.866834210601954
4026 27.805555569476894 -15.501261286584128 21.115761375238275
4027 27.69233312967345 -15.560687210418864 22.091749401869112
4028 27.1492728478107 -15.676087791370898 22.494038296347028
4029 26.439792012669006 -16.129300949715564 22.839716230119169
4030 26.024352125404928 -16.647145979822785 23.071649034910571
4031 25.830569630035114 -16.998093020017155 23.077691649736224
4032 25.681095968440253 -17.385747766180597 23.328095925703582
4033 25.706082483300861 -17.360498247678873 23.438408621742298
4034 25.717750279658617 -17.053710867098161 23.35457765157707
4035 25.775090926088144 -16.844745317713397 23.522330054559003
4036 25.768959895383329 -16.839440386720518 23.526082760820834
4037 25.781445303839597 -16.352567684165539 23.600161155564351
4038 25.746872631810767 -15.856335905448443 23.612571120456145
4039 25.741699130283003 -15.363022614745347 23.685879779788433
4040 25.734079170068185 -14.972885195391161 23.671705516523733
4041 25.46692117790041 -14.515753283703273 22.309600193686457
4042 24.906307843532154 -14.416320383706095 21.229191500921512
4043 24.361408595470905 -12.98900914220946 20.165266183063189
4044 25.108723938444882 -12.331325790753766 19.02519442599618
4045 25.077160743840043 -12.313884668196009 17.842722852479021
4046 25.167663212562882 -12.581612351251541 17.330342994414472
4047 25.108175159744032 -12.788755780459066 16.905917980059041
4048 24.924096441515118 -12.958970270946455 16.463777774971042
4049 24.675626587187462 -13.037244981528641 16.0675293043106
4050 24.328686291301302 -13.019644680337237 15.646924188945116
4051 23.98870346560301 -12.900812296202124 15.292817377500983
4052 23.622123742604941 -12.652369428174605 14.942069072342731
4053 23.293020924326331 -12.292428484458519 14.637031229854962
4054 23.045583233345649 -11.87813039852594 14.40222708753841
4055 22.837883953047701 -11.310739163289696 14.177541100924838
4056 22.74089383315734 -10.726988888780301 14.005761056410909
4057 22.747759126495414 -10.040376423676337 13.84170243920259
4058 22.86123317988821 -9.440897401941033 13.714814222934114
4059 23.093845436301656 -8.7943648705688169 13.579915744888652
4060 23.406047321398542 -8.2451750711018388 13.456235953517886
4061 23.869578941979853 -7.6819550871512554 13.305618122867214
4062 24.378443695871354 -7.2741950743706134 13.139708719134605
4063 25.017023572613649 -6.969605729915056 12.901833450837403
4064 25.600609855391014 -6.8693091416337548 12.616675763881185
4065 26.168880646051992 -6.9546056168665373 12.211662947364431
4066 26.562713554477831 -7.2080304459409241 11.689705619784496
4067 26.685070251375244 -7.4832652463442457 11.129967499585902
4068 26.513652790547155 -7.7769510725438611 10.420673996131431
4069 26.072056461549828 -7.9142371673619296 9.7508328111518132
4070 25.263182606968961 -7.8252099554969963 9.0117813473857691
4071 24.349916126214286 -7.4227604345664489 8.38547507418847
4072 23.22171486052974 -6.5437499039290108 7.7497117535372277
4073 22.355815089847074 -5.3707905302867038 7.2754206314004151
4074 21.695812263087106 -3.6801278029473292 6.8559680330749151
4075 21.576133520967101 -2.0108070640561611 6.5931248346234277
4076 21.985831243189917 -0.19148606165387189 6.4169503129982433
4077 22.926688575069402 1.3078595186221591 6.3268157543415953
4078 24.032618134380066 2.1932674062060751 6.2664509709062202
4079 25.339836608373052 2.6869927471778872 6.1443075754278205
4080 26.389904551334215 2.6989695320305485 5.9588972425461497
4081 27.303665371055757 2.3324403121706743 5.6105130124277727
4082 27.700509667293577 1.8071724572819368 5.1791173430858155
4083 27.682251463052733 1.2088248607490724 4.5854177567725207
4084 27.392844698869467 0.88472617420252142 4.0318188806501922
4085 27.283230608372506 0.99663741298591235 3.9229467190276246
4086 27.282255207949184 1.0006578408654538 3.922886230644735
4087 27.304497028087297 1.5156858033797431 3.3249539459444946
4088 26.991250457863917 1.6535706790764104 3.0767567930515924
4089 26.179005857763489 1.7782741396468096 2.7349912126198443
4090 25.177743799391642 2.0104744061631301 2.819731146585589
4091 24.190296777326651 2.0570591156412332 3.3080160860785082
4092 23.938279899312292 2.0871383480746117 3.3096976075608322
4093 23.262001666167411 1.9469930205920021 3.2980458744109287
4094 22.765729497056221 1.8431042866904668 3.3786035643856818
4095 22.523039643410751 1.8560721478067694 3.3686194573489106
4096 22.316720419249371 1.8474380240148514 3.4266585118967927
4097 22.074138949545851 1.7992959671769118 3.5964745095885662
4098 21.8707122923879 1.7465077238786291 3.6629744733899368
4099 21.666323006353931 1.7054310943737085 3.6580528796980443
4100 21.470274708257943 1.6082270427102285 3.77561103615963
4101 21.280877944725621 1.4604927724703516 3.9909380989122409
4102 21.165168360257763 1.4927225931915327 3.9079156669260176
4103 20.991644432638722 1.3080738961910663 4.1364545497671736
4104 20.968389153459697 1.2534770137899842 4.6876050446603967
4105 20.726739738277992 1.5874301298642099 4.1809778521402201
4106 20.62992194526084 1.5345491739579988 4.2830286136876703
4107 20.563032634565289 1.5875449036733595 4.2864116619594315
4108 20.524505090418234 1.5845710964359647 4.3982321741449777
4109 20.471718408338951 1.7751889208645735 4.4914256268749995
4110 20.386360135634732 1.7458760914783138 4.5614334047919396
4111 20.290403464690801 1.6090711466694778 4.5534465286626471
4112 20.229796456580129 1.454505164895201 4.6112745489976286
4113 20.190805394154133 1.1165286042321774 4.6641917405512476
4114 20.173455101975765 0.8616049477328831 4.7409395569701838
4115 20.207069226852326 0.52880248492904203 4.7644971215061602
4116 20.277068183394164 0.2082912616754784 4.729568469426928
4117 20.348926136316415 -0.11475418798933523 4.7773955465153755
4118 20.366014642086487 -0.27626598236318989 5.2112922410897786
4119 20.160239129253224 -0.26151078274510908 5.3057276137403493
4120 19.869986636390866 -0.24035945958492944 5.2537716093064253
4121 19.401736496985109 -0.21663485396108839 4.810334988360629
4122 19.376954441806411 -0.47291121354600862 4.688967702046539
4123 19.352511749849661 -0.75982272245824889 4.6624228357022135
4124 19.31619780422546 -1.0820336737845313 4.7477147548401568
4125 19.36570043152151 -1.4315703734828698 4.8270461949787817
4126 19.429170485896883 -1.7724280095549314 4.9434191034481163
4127 19.50461261366894 -2.0680856650653858 5.0764887386899291
4128 19.619845930207269 -2.3799937447616735 5.2462857503070772
4129 19.75591934707894 -2.6489227920977001 5.4186806515034798
4130 19.955863285412139 -2.9350484629280453 5.6380981750552479
4131 20.202475626709454 -3.1636274125986681 5.8498041380182695
4132 20.558065402919535 -3.3654326333518192 6.1048253568777753
4133 20.998000460565954 -3.4551234295848836 6.3684638003257366
4134 21.451082294241765 -3.3722554326147649 6.5999447633796491
4135 21.959806465378946 -3.0599095237029474 6.8486619561216466
4136 22.309769641692437 -2.5103161478065572 7.0347717230834057
4137 22.479790426752711 -1.6354007069296956 7.1944122231449921
4138 22.295512103497241 -0.66821755017733242 7.2834340027241682
4139 21.659525598156971 0.50088346854932841 7.3075436900537767
4140 20.635461355686044 1.5072079896121449 7.2692273385600075
4141 19.023771726437495 2.4884450941813312 7.187905649699962
4142 17.161975910597874 3.0678726781494547 7.1059552689104768
4143 14.774574973843915 3.2735537423803516 7.0395374484765636
4144 12.236441514978157 2.8477429317228742 7.0066179208122019
4145 10.042606105597367 1.8810089198684852 7.0358116833592588
4146 7.8717263573941416 0.24247138816233127 7.1632378136361003
4147 6.4041533005555298 -1.6478281641369903 7.3557747325426632
4148 5.3260890404417705 -4.0214671000078512 7.6587299168428782
4149 4.9355597884650901 -6.2024095809417714 7.9961927285667267
4150 5.0078935293818478 -8.5463174178640067 8.4375137922690335
4151 5.4760422659354431 -10.476382200027849 8.8844529196546507
4152 6.2686282179352357 -12.371529367214631 9.4387749660230433
4153 7.165661596547471 -13.814053345473384 9.9923322988094725
4154 8.2544238865397084 -15.114961046553452 10.665595702142848
4155 9.2702919675000821 -16.026809202812746 11.361457550105607
4156 10.049846993507419 -16.539741634019883 12.001783593273203
4157 10.702639578940644 -16.797915146494482 12.726387963260064
4158 11.054253963110236 -16.769520428325297 13.364831053508468
4159 11.162794990001121 -16.513972954943942 14.058729005597471
4160 10.989766985437093 -16.186733833760453 14.624791002886456
4161 10.489676460960176 -15.803555246182764 15.185388778960959
4162 9.8098999136046476 -15.529190053739667 15.586082634335511
4163 8.8519831646620375 -15.315636170367407 15.908303981624233
4164 7.8755272192409658 -15.203800372932468 16.079647561797081
4165 6.7354873531335695 -15.146408085010284 16.156695693942719
4166 5.6021788937497288 -15.136146152357666 16.110311294201981
4167 4.6806816638245179 -15.136707071583217 15.96006009151294
4168 3.7709530780568201 -15.062100549560103 15.65067390983614
4169 3.0842804416609835 -14.839676336701915 15.244749585424525
4170 3.015831807229155 -14.92813548127603 15.519179202135588
4171 2.8822417583402808 -14.960132585266926 15.638604678032852
4172 3.210632131285605 -15.167531024966248 16.105634755027676
4173 3.1552840530693538 -15.282123891689059 16.217894145886383
4174 2.9223239951854745 -15.355689928533328 15.940132419451988
4175 3.2406030926988065 -15.353660598253734 16.039383082781686
4176 3.6991356642630069 -15.362158410098262 16.339576875026928
4177 3.7011582178375027 -15.335017248031383 16.113214440613753
4178 4.0512521210111014 -15.303833520326039 16.259432991125738
4179 4.2519747968824202 -15.177955805575063 16.024323127521285
4180 4.2306570137659909 -15.197064731282186 15.904221999057057
4181 4.1955227968219546 -15.180412599677004 15.748964597369813
4182 3.8098033116008931 -15.149492331432844 15.618078130206882
4183 3.8569243743756378 -15.119329491859247 15.43336255763078
4184 4.2725045551739234 -15.254713238856425 15.341739188320528
4185 4.7707207189373975 -15.437355626256318 15.24674007175134
4186 5.3647977361907309 -15.732741827723455 15.127811370862673
4187 5.8085145164361816 -16.250273826527732 15.122530531472636
4188 6.381758210566896 -16.537656597907223 15.070789402541157
4189 6.9230733677874321 -16.85829007136833 14.967023308144132
4190 7.2729945191245813 -17.370778871204021 14.995269789277142
4191 7.6923507755947185 -17.508387293191589 14.913761341559786
4192 7.7676276666055646 -17.250414168980019 14.785503420927803
4193 6.9126635794104905 -17.652276594777661 18.006906929840682
4194 7.2408351060584888 -17.887749060531156 18.043332047900936
4195 7.5338798660407393 -17.915507162082445 18.354518328860625
4196 8.4841974102576572 -18.554041032917471 18.080931692987495
4197 8.7045408368031048 -18.328933616115229 18.641114859570209
4198 10.445752390090869 -18.56658727826505 18.704795575617766
4199 12.28128249744025 -18.840805036100953 18.268536221721419
4200 12.42678896300203 -18.763244560978546 18.271507123849478
4201 12.529914044083487 -18.559891050564872 18.293475094265528
4202 12.587864616002081 -18.303073201776257 18.259665412186838
4203 12.730100323457467 -17.671014350731994 18.895213754373554
4204 13.969968449931915 -17.462545255865553 19.134417450926808
4205 15.696060070464252 -16.589702507319878 19.077837195224149
4206 17.027564065649308 -16.353654300710172 18.732802561708095
4207 17.132903855518332 -15.969294684068485 18.764968977031959
4208 17.179139056460727 -15.488788534988501 18.785642540467066
4209 17.166539061058373 -14.451884305674424 19.330900837040712
4210 17.746739532034393 -14.129282898098502 19.421301332890145
4211 18.349829087406992 -13.919314556251075 19.025212580874562
4212 18.795777532761395 -13.670088431861362 18.969540030795766
4213 19.149089596266279 -13.474620034658262 18.922456797023766
4214 20.227190720270841 -13.514903616409638 19.47969671237092
4215 20.64503635915208 -12.823970159914534 20.08058781201095
4216 20.597019383290242 -11.896275159235204 20.748742932959185
4217 20.257659399661065 -11.045021846468314 21.260716625426156
4218 19.606971321242391 -10.014506451138375 21.690638959434448
4219 18.842473793393264 -9.0595004237747325 21.905461309111782
4220 17.878982148002422 -7.9379579500877213 21.947420876294245
4221 16.932759062051524 -6.8032900777543777 21.75005629744501
4222 16.240034895083472 -5.8541770454347741 21.377437715854537
4223 15.757940567005914 -4.9425268338722113 20.715329906872544
4224 15.64159168052562 -4.3865541575521174 19.914321571752868
4225 15.72116033424617 -4.2214799943151045 18.831560108968631
4226 15.671530365546991 -4.3432815106972553 17.794401756481374
4227 15.508265510337058 -4.7416696739925541 16.75794354420297
4228 15.298046837418772 -5.7586128408236972 17.725021751255571
4229 16.013146321669986 -6.1652515699886949 18.976899975220263
4230 16.169052919314076 -5.7293986094288254 20.176115674503841
4231 15.840088030738258 -5.1461956483519771 21.415829302014203
4232 15.064508823885157 -4.595818428480432 21.326914785228844
4233 14.670830864791355 -4.403497175662543 21.569091461284611
4234 14.008075252997932 -4.0649032396690119 21.453994431544732
4235 13.630811133108008 -3.706269879274819 21.029736096357517
4236 13.32988252988546 -3.4334675974556683 21.207331849219784
4237 13.032753850872128 -3.2170540759254744 21.203900507516835
4238 12.193606776128602 -2.2538421791910692 21.822184101316719
4239 11.258782726143128 -1.4124507380112246 22.333405729230588
4240 10.062669001572944 -0.34240781011670102 22.841529162586315
4241 8.9590912996570129 0.32347128841054573 22.795709860340416
4242 7.8614310610273277 1.0256100634806165 22.510629507828664
4243 7.0054265806644151 1.631361903959671 22.024381130522421
4244 6.4633159252665813 2.0704617384648318 21.455338594848499
4245 6.126447589460712 2.4145596627809875 20.702967483242301
4246 6.0562044098757069 2.5793256340941917 19.934200732098887
4247 6.4427879888908084 2.3961252838219882 17.421517337414436
4248 6.5606186299034546 1.9222031523164071 17.897609649141696
4249 6.6829883159451331 1.8928171647029859 18.497435055763642
4250 6.4826956225883734 2.0088172237419144 19.057568948086455
4251 6.1623546247738723 1.9760306632625189 19.610950144612747
4252 6.1936031177868323 1.8083187378866947 18.101858434631918
4253 5.9988077965546731 2.0590882341570063 17.548314706682405
4254 5.9875663042192535 2.4418391542681355 17.521866711741456
4255 5.9910565447608457 2.6428386775946864 17.47675211699994
4256 6.0057472207814691 2.7653873473531405 17.526001883362394
4257 6.0127926520771684 2.8262736008102012 17.550050231333856
4258 6.0184065616937943 2.8508465536626617 17.559782162680271
4259 6.023738771567646 2.8606548055303458 17.560125822813845
4260 6.0290046524462184 2.8677643518629381 17.560579771754831
4261 6.0340006688424035 2.8731543974915468 17.560502791903168
4262 6.0390075185737464 2.8780284916815693 17.561771802771759
4263 6.0452352393783055 2.8883217420611231 17.564720373318654
4264 6.0537475162873946 2.8990683991816213 17.579277699262381
4265 6.0667854327833366 2.9003738286351455 17.664358429342677
4266 6.0879085140135309 2.8907573608837147 17.789271190660639
4267 6.1118142340970332 2.859141334856286 17.701718342860495
4268 6.1331676683414988 2.8273601541071116 17.591694620169122
4269 6.1522210426916155 2.7953098375259247 17.528294178209865
4270 6.1779535073332177 2.7460184852491603 17.559247091267228
4271 6.206589832078576 2.6855871799361832 17.619714692388619
4272 6.2414951706514294 2.6061335758962096 17.621990139366503
4273 6.2747040799938656 2.5307876109525114 17.616996142800648
4274 6.3177750587016925 2.4293125958764801 17.648284137180134
4275 6.3670577705724227 2.3399353436315087 17.764171881118322
4276 6.4202892906938827 2.2566107422202517 17.854151807959756
4277 6.4650688804440772 2.1738095630287075 17.660128663481792
4278 6.4907022894279232 2.1133169394432665 17.680572921815301
4279 6.5091548319038122 2.0731835628116349 17.692221313622731
4280 6.5194101313417923 2.0545564726028513 17.698885065949561
4281 6.5302573931844439 2.0383489450340293 17.780632997065947
4282 6.5295421717908635 2.0366449571557763 17.726523729556533
4283 6.5299721988843009 2.0354277559379845 17.716836351789439
4284 6.5314105283916017 2.0336327153227893 17.719964407373457
4285 6.5362951196445085 2.0236377856376122 17.726954380297311
4286 6.5531014094311786 1.9858689707893586 17.747596752885357
4287 6.5817837233833263 1.9212822450582896 17.779733453899034
4288 6.6480528721759171 1.7904490253086318 17.888125792371838
4289 6.7507225975255452 1.6380275801999589 18.030439217763945
4290 6.930585676448981 1.4509452346614304 18.316660627483241
4291 7.1122861886156619 1.3506537841188191 18.584988812571986
4292 7.2608863051243588 1.3241064506411613 18.785388513462419
4293 7.3492522561156139 1.3404531177909811 19.047579110361305
4294 7.3295311988689118 1.37857740611024 19.300539384080178
4295 7.2413921608533531 1.3840041323914374 19.534842650017598
4296 7.110028393152648 1.3284054063386035 19.627393506889181
4297 7.013374697030013 1.2756687993727094 19.730759736392987
4298 6.968569421107782 1.2439156760797063 19.845741574844734
4299 6.9413626602546667 1.2130490020623175 19.781634577412262
4300 6.9412111779154362 1.2034223440595571 19.821820219300882
4301 6.9417963163739076 1.1940169181451792 19.855047308344581
4302 6.9409370129646453 1.1845958637899376 19.859710814089894
4303 6.9392540344522002 1.1752983623828592 19.849560914814578
4304 6.9376067923132467 1.1660167177284575 19.839304194576382
4305 6.9349684531938314 1.1526511875535728 19.85257743969624
4306 6.9263633779022689 1.1341531589964937 19.874817333643822
4307 6.9069820204405339 1.1044088943473176 19.8975335876858
4308 6.8869944959862126 1.0729293578164867 19.920796169447282
4309 6.87553205708112 1.049307344044941 19.975927588843216
4310 6.8598243112768049 1.017254777631047 19.973412901470994
4311 6.8360345043589135 0.97546328318242748 19.846836861311807
4312 6.8285337010638107 0.95562601514599277 19.920947432548534
4313 6.7929795793370706 0.90260483434528727 19.91015640560725
4314 6.759708842705531 0.85441115264023026 19.906602842083036
4315 6.6931911885131541 0.76848617687839849 19.813214679930894
4316 6.6163557776780566 0.68737513484179891 19.67683661522203
4317 6.5653238958071061 0.63717793091144781 19.405519592162612
4318 6.6621422702992614 0.66161500298125642 19.067617952900701
4319 7.0240730884201517 0.66163227995823082 18.72516637506817
4320 7.7790656837790548 0.3980146701718319 18.289311509321287
4321 8.4664646422999645 -0.25383910078881217 17.880278209464866
4322 8.9101755478656237 -1.3758151908873206 17.421381829860653
4323 8.8253046307893293 -2.3379911436664407 16.976508358361155
4324 8.4090603096210881 -3.0225520530167205 16.381589897249832
4325 7.9040807153147865 -3.3243669509419527 16.292975372274288
4326 7.4042617667136623 -3.5460360909386153 16.016319959464248
4327 7.2002156233468941 -3.5730937061800603 15.514231749726591
4328 7.6328718940585913 -3.8108188601690256 15.207584946792363
4329 8.2075195494643545 -4.3324477174786944 14.614495625559428
4330 8.4570263378855817 -5.0054556716146106 14.062544002502051
4331 8.4110803527294635 -5.504873911178251 13.564347666754685
4332 8.4554119739799845 -5.475992011956043 13.344388913701916
4333 8.5184260989212959 -5.7551981274413473 11.919765960458774
4334 8.7650582676059905 -6.2499966239530576 10.693516895451085
4335 8.1732541421973419 -7.240578939986432 9.3741030635313027
4336 7.4521182829235197 -7.1873964789852574 9.1341977171177149
4337 6.6594919989543051 -6.9137235321485004 8.7945922978345745
4338 6.0478868022833199 -6.3663946400473286 8.3467072112083631
4339 5.8587039198279713 -5.7614693040475773 7.846827943739509
4340 6.1037519499626898 -5.2364184159749607 7.1487397883217776
4341 6.5072060993693928 -5.1629528704214573 6.4407155070790747
4342 7.0572944174342203 -5.1700060865040314 6.2933848054219768
4343 7.6705959046502104 -5.2222187238380426 6.1127295513690854
4344 8.2469485651762611 -5.3526131378953794 6.1177064109806674
4345 8.6675475880967134 -5.4707128840252137 6.153373783408072
4346 9.0400361737145012 -5.5813770413940986 6.0455261230252253
4347 8.9995377115834057 -5.7705806235367341 6.0829317303334953
4348 6.9074431501376576 -5.1574760799288955 9.4043452630202218
4349 6.3405468657680588 -5.1990829867406632 9.5470176648762237
4350 7.5517450977483565 -4.9661820569498865 9.5965175377753962
4351 8.507031960595647 -5.2157770990382382 10.993995192303899
4352 8.1271118588583029 -5.9880218768034483 9.8091291789068009
4353 7.6966786394007585 -6.1569195051390331 9.8444904578721051
4354 7.3863243209508926 -6.4565132869412825 10.339469677858546
4355 6.9377708673889043 -7.3052306023843112 10.656276762166831
4356 6.7148925743040495 -8.4223148739875189 10.719054758464896
4357 6.4680000784864369 -9.2937594854367074 10.604733195672145
4358 6.1220836383581618 -9.9232925350385628 10.350006517937292
4359 5.688537323671806 -10.61764609390652 10.527519163112029
4360 5.1708060337231903 -11.683161134987534 10.539565028796336
4361 4.7921410753673239 -12.728080641874227 10.507624117256322
4362 4.3144196520181737 -13.89254249164274 10.445515074702902
4363 3.5381986234074443 -15.065762511505476 10.319077307799182
4364 2.2222474486221286 -16.48940863187865 10.065940830670087
4365 0.38695694415564247 -17.333226580738906 9.0844156351743504
4366 -3.291576038934299 -16.556087733283242 8.6904755314939415
4367 -3.1383562961105866 -16.818193598977199 9.1987556947385549
4368 -2.5920897531797187 -17.426829340721582 10.540025145050143
4369 -1.7488714952765725 -16.431845278873212 11.923023784196152
4370 -0.18373077741967472 -16.961103144928313 12.850512569603559
4371 1.8151418964501005 -15.523564302901862 13.285646450314633
4372 3.0306247373325981 -13.436808574526525 13.820618310977615
4373 3.119951016187442 -12.812500070003448 14.217562570815788
4374 3.0114499261577734 -12.37891884456058 14.560756399691423
4375 2.7803108970170256 -12.072731379124779 14.953557514128725
4376 2.5516463494391237 -11.926835475342886 15.221838423528292
4377 2.6257760168942941 -12.049031898666398 15.539378536649483
4378 3.1498130896960959 -12.20876068710978 15.823821977220447
4379 4.2281301297227367 -12.089154336926741 15.710041313145561
4380 5.1696303875577998 -12.109653329753419 15.6830506325601
4381 5.7971222633155275 -12.093737945400738 15.554105449161165
4382 6.3267532090312955 -12.233855829868862 15.551421880558285
4383 6.7998954793435926 -12.409607885859664 15.694436512643025
4384 7.4886051048893219 -12.567794746700105 16.021177108077389
4385 7.8215678739260852 -12.625706751377244 16.695256445684311
4386 8.2835047592412323 -12.390152477653166 17.507101500110366
4387 8.2706186854435906 -12.174978795952288 17.539395350504638
4388 8.299435986383827 -11.482495283357503 18.039801447210206
4389 8.7347241443500696 -12.045772255321145 17.751264924649529
4390 8.6890719494679285 -11.394186031864795 18.309012510328248
4391 9.6505278547723385 -12.145321354553136 17.866988768390403
4392 9.3358792038694389 -11.608418390397206 17.703645046197376
4393 8.0302472007918624 -12.041114346948934 13.500475099457903
4394 9.4772435348778288 -8.4794397212360622 17.284626564352816
4395 9.5418619883324549 -9.1820743248914436 17.432409842351031
4396 9.1055126200929841 -11.102567196478713 15.544249120753634
4397 8.9128867528766094 -10.33907665088889 13.248642113856612
4398 8.9446029736242743 -10.575829866027947 12.437577747429296
4399 10.197706478783482 -10.910776501030874 12.030034482082113
4400 11.631750776669708 -11.812497807319094 12.068665055085583
4401 13.314731851391857 -12.612230011742099 12.514500902684686
4402 13.845732637835519 -12.665368450940607 12.453514820434116
4403 14.41081301896528 -12.791453830600245 12.291416894061648
4404 14.472820924332689 -13.532033353566025 9.9726530447275934
4405 13.356313719060626 -14.189173250499801 9.9676715723058358
4406 12.207484759553218 -14.803026205227209 9.8837602825943343
4407 11.150233473402562 -15.240809828320721 9.7355992027720504
4408 9.9445913238117427 -15.590043406901572 9.6641307840536772
4409 8.8799996600053905 -15.681880774390253 9.1627299412000536
4410 8.0284889213577095 -15.183209460145584 8.4328018998409338
4411 7.6090558828654862 -14.249889183726115 7.9014842068301618
4412 7.226075653647408 -13.681306419720107 8.8916713183698928
4413 6.3645181961365473 -13.473290619000926 9.6838373805724736
4414 5.3409415088146996 -13.023018203574393 7.8208316653589094
4415 5.259286495126732 -12.234271820704228 8.0997733539418295
4416 5.0090203145097938 -11.382984999710413 8.1575203221030907
4417 4.7195436956884551 -10.370107187198546 8.0257716447794873
4418 4.6409222031618347 -9.7686437930998782 7.9564233539744329
4419 3.6531668998323439 -6.1286050664087917 8.8328908955919392
4420 1.220174616910696 -5.1522603226508998 9.9348886668687832
4421 1.4596233825916516 -4.7017219135746222 9.4747700091668943
4422 0.86221296739854481 -4.8439254940345142 9.8631321874338767
4423 1.0280674363360851 -4.6059544822046705 9.8313676943231396
4424 0.95654262787683442 -4.487309782922229 9.7855963116861613
4425 0.46296739558630051 -4.5753054646952886 9.7113483914022201
4426 -0.72191963096814404 -5.0369464550490664 9.4115148350133015
4427 -2.4150509693133047 -5.0972162437542119 9.2559935394289514
4428 -3.19139758644494 -4.962621339917745 9.2492805235154396
4429 -3.3021268420400554 -4.9658060605212127 9.3003284264906707
4430 -3.4356130717494517 -4.9438079002396194 9.226430884667371
4431 -3.336998520457255 -4.9216850619746406 9.1019431620231348
4432 -2.7716047032585562 -5.1358551465069056 9.1743359085431884
4433 -2.2667614329798758 -5.2499508966440658 9.0974720075006275
4434 -1.7516415887922749 -5.513865860297507 9.3995979511537531
4435 -1.3618567043809109 -5.5867106690447379 9.5155941544871094
4436 -1.0082529269089833 -5.5302922512320158 9.3803319094976239
4437 -0.60443659588887033 -5.4225307193008323 9.0136184474665306
4438 -1.1852298401569425 -6.2353700401304479 11.586203100321262
4439 0.052600597232925012 -6.2763007196535225 14.135598355619573
4440 0.067451409972506926 -5.4228654147909179 14.047179611858484
4441 0.14784701225449376 -4.4790282966509647 14.008531877723463
4442 0.068686934106375025 -3.3027106779904383 14.563892503714543
4443 -0.53252026068815295 -0.41039110103760523 13.661857346099982
4444 0.24348120897536779 1.6963567644874531 14.216796195427213
4445 1.309735294481047 3.6742328446475372 13.032895984922774
4446 -1.6164848480264191 3.482224711038862 10.548551144304907
4447 -2.3297257044701385 3.9638412619949692 8.2159790657822036
4448 -3.9705452462759099 7.9979006440827103 9.559480405039988
4449 -4.9280834146158439 10.101554415275391 9.4399216576364271
4450 -7.0804181918018747 10.898410338995159 7.3395154108495904
4451 -6.7023152093714291 11.754880615041976 7.5457072742925382
4452 -6.4335449666721471 11.889201469623275 7.0745225757716836
4453 -7.0363994885398995 11.302702394439153 7.286593252455881
4454 -7.6149551985223036 10.153522874518178 7.1032012536419504
4455 -8.3319341081884737 9.7220777291617857 7.4119342624026556
4456 -9.1317286373165345 8.1001981608065439 7.5521657226776604
4457 -9.8098848961671727 6.384625686287249 7.9361009137568281
4458 -9.8152285931884347 4.3165802130134807 8.3198022995504086
4459 -9.6491166756694735 3.5425404908228519 8.7779457050295431
4460 -10.191449102960537 4.0373124098315003 8.6363674302171738
4461 -10.295376407555503 4.1105496018023064 8.6778980614655872
4462 -10.740945137479031 3.9032939346446138 9.8798657425815701
4463 -9.1053749225136258 3.7810815627207077 11.64316970400086
4464 -8.1486024535273778 3.2565704919692746 12.87735810754552
4465 -5.4721351106677227 4.6099249580729573 13.806819641256547
4466 -5.2276011879656865 5.35912592635741 13.830876224862477
4467 -5.1295174478983343 5.3951061518645522 13.764307605230881
4468 -5.1868808596862976 5.0815760714611748 13.840266445935406
4469 -5.204064337644918 4.4517775461511411 13.736797848064551
4470 -5.3176486312567475 3.8041151116899972 13.71696270514075
4471 -5.4534162102534482 3.0407120969567298 13.717926708916998
4472 -5.5272772024316108 2.2216396616828349 13.627916524690265
4473 -5.1896687563090218 1.4863738363551222 12.397416568513258
4474 -4.8500610559316568 0.88349465990247378 11.279473964937242
4475 -4.3376937689983013 -0.66474632073440121 10.670211890351139
4476 -4.9155979931764922 -2.8801025921751289 10.196543112074384
4477 -6.3471173189271166 -4.0333235431525924 9.6884352871455857
4478 -7.3595988820299985 -4.3261424903269461 9.8619003247759807
4479 -8.2470173219296328 -4.6001978570671476 9.7334487280357092
4480 -9.5294450960451762 -4.8236431458338078 9.8175821909316223
4481 -11.354263278101293 -4.8349237516812469 10.000005656534736
4482 -14.164760013208582 -4.1422630145199371 10.369712684115379
4483 -15.56886199232197 -4.3455987515699235 9.2161350716084822
4484 -17.504624815702467 -3.6541497963822862 9.1551332107478736
4485 -18.91986487403409 -3.1092340293729963 9.0170979644963403
4486 -19.897996095628759 -2.6189261843251153 8.9464127255712516
4487 -20.937049782491016 -1.984140792058644 8.7996741791555184
4488 -19.543727426937725 -3.556297187386035 9.7633761926174571
4489 -18.248560074027871 -2.9427974255058253 10.552433538074693
4490 -18.671620771313659 -3.615464224167058 10.25695747909328
4491 -19.156805833190603 -2.9903762570071724 8.6769769307834874
4492 -16.90929246807276 -3.6005303663853203 7.0929234125783713
4493 -15.912550971017085 -3.6461897298871024 6.1638115976542185
4494 -14.087413057397301 -2.4194736521959128 6.5546637713810849
4495 -13.430187363297 -1.3162662450691243 8.0022679744035958
4496 -12.807557387795766 -2.0302324186901126 7.4849098032073025
4497 -12.640604179036544 -2.1429900695452351 7.7990776682249336
4498 -11.872717708958245 -2.3958106584651251 6.9391963906849243
4499 -11.183340165286413 -1.9649715159620809 6.7094411429830965
4500 -10.438695778416939 -1.3502915864695217 7.1602555790713591
4501 -9.854586033829845 -0.23592459669998833 6.7299344252025737
4502 -9.3607270526518072 1.2147109235798197 7.3308791532220354
4503 -9.2772551208835878 2.3209573604227058 7.8678801320446103
4504 -9.6410115653532955 3.4098744984435854 8.4879304245591527
4505 -10.522652431554578 4.2084589222979796 9.1117376730785953
4506 -11.486680871306318 4.3097092912841504 9.7251051981393832
4507 -12.166976230795409 3.7549294890647165 10.521799559340245
4508 -12.388651217463106 3.3492186345052257 10.560140744849031
4509 -13.389951813597168 2.9663784433459481 8.7667272018524489
4510 -13.302321051354548 3.6684805280051007 7.1342699459281143
4511 -12.022671134064911 4.0442677710167771 5.4380298375052121
4512 -11.73561633350878 2.9111921302472412 3.9500941187492731
4513 -10.931920983609261 3.82249941279753 4.1487557591609852
4514 -11.600107807316011 2.8392002273917649 3.9975028093272127
4515 -11.752725276711699 2.8699037990979983 3.8481082302661367
4516 -11.498001932715878 3.9777505553123125 2.5284459423426222
4517 -15.691705182740151 4.5078061667705285 3.3479889321111851
4518 -16.311580488405848 4.4230676240169213 3.3430200294536228
4519 -15.760897899284497 4.6580624447464025 3.375350472387693
4520 -13.677974131134439 3.8262899301280666 7.2713169921324097
4521 -11.346262462418933 7.8297883753632949 7.0135391706251662
4522 -8.6674203939624235 10.366426538692444 6.955651748920034
4523 -6.655511617132631 12.068880717017386 6.7431027550971301
4524 -6.4452109163032736 12.062206624118243 6.6322769302531572
4525 -7.208412553461673 11.735929043847381 6.7741862236813146
4526 -8.8087972205340908 10.807469714132026 6.7472873443017383
4527 -10.260555152052532 10.045763200623947 6.8770867697865787
4528 -10.226092974877647 9.8726794259582356 6.6558585752081196
4529 -10.458499199145802 5.4464458246139831 6.4110029489632421
4530 -6.1391148716536872 2.662872736094557 6.2542787507859101
4531 -5.5732589100830872 2.4962894282790167 6.1935649836711697
4532 -5.5467449828456505 2.2306577639226415 6.1049613076387095
4533 -5.7970633513001957 1.9181595331216812 6.0686052091401299
4534 -6.4121304455023074 1.6170405245328521 6.1229564558562295
4535 -7.6857788113333161 2.6252611361420781 9.7809235865956854
4536 -8.3451780569273932 2.3591312823328847 9.7541232799093986
4537 -8.2914992779218224 2.2677229512020207 9.7182568362924453
4538 -7.593405152693947 2.1984697624941751 10.051067096468973
4539 -8.1735733107184085 1.9848543880664309 9.8468614912851855
4540 -7.405528001355699 2.1980993609965234 10.03457155722505
4541 -7.4674933829891881 2.6036145788190255 9.8978529727827542
4542 -6.7767587167830072 2.9408208879728184 9.9620882593609128
4543 -6.5979704650214659 5.6554646539900313 4.3783472823825393
4544 -7.0550802504356698 5.0710643862069684 3.8305045695896696
4545 -6.7841412432922077 5.4282391228680824 3.7485371917183188
4546 -6.5493734810109423 6.0109911460351917 3.1833678176867704
4547 -7.5993141316653627 5.7477126139556134 3.7386888675324728
4548 -8.5415016445742467 4.8616469145983512 4.0946018498670984
4549 -9.1503159910160257 3.7529465207795458 4.4939484121783382
4550 -9.2603887846292849 2.7107132505515863 4.9024337314928959
4551 -8.8540786451218718 1.7555402176294597 5.4591644424706454
4552 -8.2622651245202654 1.4233486074077746 6.05270474379771
4553 -7.7337480902442932 1.5596887185020001 6.8060082090450642
4554 -7.5156150583477022 1.8843096181440282 7.4996907001372239
4555 -7.3092607544032964 2.2109549923090177 7.4888346757373387
4556 -7.1016239877308118 2.322906565690853 7.3669716896625737
4557 -7.215433561647969 2.0941984999961409 7.9830822618832045
4558 -8.6195374795071356 3.4990911544272425 8.0632520693392458
4559 -11.068461848005054 4.7517523288835415 7.7882976656068124
4560 -12.053287412438628 6.7111061728658639 7.0920897957845028
4561 -12.969128383674644 5.7608718325439678 7.9846699727952704
4562 -13.177547588855376 6.4372962351977607 8.3354622641383198
4563 -14.178374027162949 7.7142576563347607 7.8911215721703574
4564 -13.687822197354304 8.5302039119207098 6.5707288644751305
4565 -14.599118853187946 7.8786990379782846 6.4143243730236978
4566 -15.498366112738614 6.9339130918803962 5.4657854553274454
4567 -15.620661959355822 6.6736842832061836 4.9498678901782185
4568 -15.306483790898341 5.6734277574963183 5.0134222339797159
4569 -14.951361045714437 5.1418646800257868 5.6202287604692556
4570 -15.197514740012222 4.8104376873841046 5.4146796209340602
4571 -15.036719201989063 4.131967954238462 5.0499067638113306
4572 -14.418078793577379 3.6040276177678585 5.7762521619426952
4573 -13.641011150710565 3.5604131716907523 6.6060004599418374
4574 -13.152640347713136 3.9577860195569299 7.3309087032307652
4575 -13.066059994761108 4.6464940090568803 8.1365584532171678
4576 -13.456493765685902 5.171529280292793 8.8306571500502873
4577 -14.193885262782219 5.3245988600706236 9.6053933041653252
4578 -14.791524750052801 4.9840792451409932 10.290019710440484
4579 -15.043527078986495 4.2566183865791434 11.07234759473843
4580 -15.042268420189822 3.7534453111061938 10.949300750517091
4581 -15.041198231946847 3.7541095853930773 10.94796501511448
4582 -15.147320225372029 3.237641952141761 10.715659086760663
4583 -15.211956521785208 3.0422883174763906 10.690674835347124
4584 -15.266688507589597 3.0554043310484968 10.513548871407325
4585 -15.342098919415252 3.1576947407710665 10.204555017441717
4586 -15.229398970345224 3.3213479477888153 10.125380795142354
4587 -15.100861194383047 3.4973723223427053 10.058082761160248
4588 -14.966263985104604 3.6942613231468888 9.8897838793859929
4589 -14.810489706095247 3.872353866880518 9.7657755159733668
4590 -14.677120150139546 3.9797928255546733 9.7460182414619752
4591 -14.519341365705221 4.0705716417093498 9.8329954721589754
4592 -14.535952810315731 4.22906174531738 9.5652999969111345
4593 -14.533978135744448 4.2318714833777236 9.5634397778147449
4594 -15.177020043374416 4.2365687874114641 9.3260701469954146
4595 -16.270792405847072 4.3725392786698256 8.9614293840338703
4596 -17.298898205281283 4.7945742640466449 8.77471461880954
4597 -18.41790973755424 5.4748726795256015 8.6826096020995731
4598 -19.367522045276413 6.1813193243488955 8.6867206586031074
4599 -20.566917434117286 7.1317362636343473 8.7277890910708908
4600 -21.680409530132597 7.8910219565009152 8.7137663035259294
4601 -22.882965618636664 8.7487458255517971 8.658640032557102
4602 -23.80374744987142 9.5501372685192631 8.5817831248298724
4603 -24.518663534259332 10.284101856829187 8.5496054334733831
4604 -24.922852120359558 10.782470735227875 8.419822909527845
4605 -25.02736026986145 11.07635374819054 8.2804535632346994
4606 -25.032735171467817 11.070050446754097 8.2770135227617789
4607 -24.927915471348523 11.209861377988524 8.103834195151105
4608 -24.932649674145321 11.203130034211085 8.1001875858329573
4609 -24.739928405463495 11.140871413531832 8.0524749851341877
4610 -24.395926867448264 11.146391028502773 7.6182013961175246
4611 -24.068643869701482 11.245194245984173 7.4404606078713575
4612 -24.103711358136735 11.65779647897463 8.7123091435417841
4613 -24.649573729964953 12.004554105493181 8.9139283344332938
4614 -24.650240940480415 12.003953181888559 8.9159363982475384
4615 -25.338937078009362 12.285699139754884 9.1073119438400258
4616 -26.003157785277793 12.450984510269794 9.2213056625653511
4617 -26.776682723983363 12.563805199033112 9.2987259708550187
4618 -27.487833171733826 12.616771429352148 9.3280542943890392
4619 -28.323438655003542 12.648465900356561 9.3199903877327248
4620 -29.206802018848464 12.659516707548571 9.2769498454207291
4621 -30.053710973904845 12.650659205625649 9.2178824089582427
4622 -31.092910074094171 12.615239665628263 9.1296035194592733
4623 -32.134375045209531 12.516910374325347 9.0285487269509552
4624 -33.457697065692969 12.283654981532333 8.9174061253854902
4625 -34.751909241651994 11.86273787005986 8.8433839402297565
4626 -36.269742176512914 11.106107482034366 8.8099115518041842
4627 -37.523833068268203 10.085785102639605 8.8265400858641012
4628 -38.692132293825424 8.6160965260345534 9.0303605322673146
4629 -38.692759859942363 8.6153755122865157 9.0324553134202343
4630 -39.353895750365425 7.0715887968067008 9.2573231142255779
4631 -39.703540396934763 5.2836111571536311 9.5928192936554257
4632 -39.601058144461 3.5598034585011034 9.9937021534880799
4633 -39.143751785394649 2.1754543015584922 10.392693674559851
4634 -38.357711809095939 0.89562281809296529 10.873111233146018
4635 -37.494721322356646 0.058625757600532236 11.331480953637529
4636 -36.491320618600795 -0.53333670361786556 11.870875236270198
4637 -35.630651824465765 -0.74539523725087564 12.357166977164924
4638 -34.816674507704811 -0.67953796350012352 12.907763494838548
4639 -34.291561586540723 -0.39958936116285615 13.381302021866876
4640 -33.963762160634261 0.079545148659570963 13.875265665552869
4641 -33.911761601169175 0.57404953767923994 14.284424994259233
4642 -34.106563894214005 1.1150303253729206 14.692854649273471
4643 -34.529630785775907 1.5907375589664994 15.025581418262789
4644 -35.050314209920337 1.9183330193710368 15.26780130719991
4645 -35.746357156155881 2.1596316267334985 15.490227896162748
4646 -36.438938097631997 2.2614907986817325 15.634156730186369
4647 -37.258775123089919 2.2637116941739635 15.753756847877197
4648 -38.01151505648 2.1717065433953326 15.836172128971063
4649 -38.865551851750936 1.9813230457920141 15.903840649365806
4650 -39.636656217367438 1.7397453070192594 15.95066759312963
4651 -40.508641938679006 1.4080415567602307 15.986080919535507
4652 -41.283527515156521 1.0669396622286773 16.012089852193061
4653 -42.15091707841507 0.64662462637971141 16.046054634798132
4654 -43.002759944001447 0.19690300796768234 16.076101964302019
4655 -43.739116696880174 -0.21481211569400771 16.104339097206061
4656 -44.53275811444886 -0.67638375874568091 16.135366518462121
4657 -45.199104895437266 -1.0694990187390054 16.15587446391314
4658 -45.912202287800618 -1.4906123903496542 16.177704561275934
4659 -46.516891462659167 -1.8410097313245195 16.184702097969733
4660 -47.172434368265407 -2.1976070728397037 16.162148268108997
4661 -47.756215092267297 -2.4803618710942956 16.124017794649276
4662 -48.434974937788034 -2.7646913577926195 16.077941940861674
4663 -49.059458215940069 -2.9794786673162097 16.022773008298035
4664 -49.77115479793968 -3.1552553460012023 15.914827705389227
4665 -50.490120716650921 -3.2304245743091213 15.748853236881747
4666 -51.129556999617094 -3.1864758940369571 15.568369573808384
4667 -51.808709895321464 -2.9953750885911852 15.320222554867872
4668 -52.330557347327897 -2.6972460444403028 15.054374294840429
4669 -52.772848258677492 -2.2282882737881171 14.698960674662194
4670 -52.986555030340895 -1.7401313097931619 14.329321307169922
4671 -52.986717861711533 -1.7407119150373742 14.326087303720971
4672 -52.983266664929147 -1.1552245528752674 13.8860013092408
4673 -52.76169365369114 -0.67429751471105992 13.493836926761528
4674 -52.289890115393504 -0.26483219535795188 13.063599160222644
4675 -51.737957286722867 -0.087979520298749947 12.689844810048113
4676 -51.046429160858331 -0.14715840632547877 12.283844401610002
4677 -50.374139046690637 -0.48605577999064908 11.920563733264247
4678 -49.851623584254597 -1.0006594590720526 11.652180136037016
4679 -49.406069815887747 -1.7504280171704809 11.404831647601766
4680 -49.159620721835189 -2.512555986826666 11.215514358943866
4681 -49.051636866587728 -3.424385268862487 11.020454859828005
4682 -49.107594049433118 -4.2424056882417824 10.855071650428846
4683 -49.329607413124421 -5.1310334746365847 10.673490663124911
4684 -49.663044662880061 -5.8742963322327206 10.511434471960925
4685 -50.167579598196504 -6.6127303000576756 10.315083747158335
4686 -50.709904173007921 -7.148396615198207 10.119550018038151
4687 -51.392885978954837 -7.5850250544544249 9.8789092202346396
4688 -52.074662772167649 -7.9196257698505486 9.8961872530790753
4689 -52.074727749070533 -7.9199363467034303 9.8962249638052864
4690 -52.67786772289007 -8.2099560755731797 9.8600682047295898
4691 -53.368175670321889 -8.4901966908004649 9.7661266353525473
4692 -53.895431884921862 -8.7622256071458988 9.9778697959933442
4693 -54.455876534551898 -9.1950850452358974 10.153089967910825
4694 -54.930956916882607 -9.6695080709090977 10.24948368759175
4695 -55.451171236953215 -10.25446753271591 10.280762092430477
4696 -56.081499955411317 -10.769745359715337 9.9883247082204196
4697 -56.954412008992591 -11.117551372821008 9.6617994513310563
4698 -57.77819084645548 -11.181810829007347 9.3726396386781516
4699 -58.663438992448739 -10.984098336750163 9.0355231782630359
4700 -59.406886727620375 -10.524797944648203 8.6806755031352392
4701 -59.853938217855394 -9.9682314819920457 8.3500604803468015
4702 -60.075082953611535 -9.2915550340426094 7.9647728442070989
4703 -60.274683115085082 -8.4663712475367685 8.3888604227639583
4704 -60.276011368763619 -8.4649036186715279 8.3919841538269591
4705 -60.855788484016927 -7.7325828120505635 8.8108947682558014
4706 -61.562769864973724 -7.3511415712801611 9.181918768720136
4707 -62.407252212530537 -7.2765953310277087 9.6437107941825619
4708 -62.851780502407536 -7.4411499115451054 9.9032215409681488
4709 -63.177175874601282 -7.7503971180895972 10.318208857100599
4710 -63.296653523385011 -8.0146755778909267 10.525713305952403
4711 -63.317375558485061 -8.3746804623889535 10.816101542755227
4712 -63.577664383911809 -9.0681118329478618 10.5507639476397
4713 -63.928307980667007 -9.6223508828189601 10.338441472681904
4714 -64.434635521537231 -10.176006279171634 10.132105545590964
4715 -64.96765119107657 -10.606989524367894 9.9723372780925263
4716 -64.968530653408095 -10.607316477706405 9.9707260667623547
4717 -65.643104859846446 -11.022412368928933 9.8141827838641884
4718 -66.307877412166334 -11.341060291569175 9.6884343700777791
4719 -67.128225855851198 -11.651045743539276 9.5624722433209062
4720 -67.914459147641736 -11.891339792960419 9.4637567438642147
4721 -68.856315698721914 -12.127966874531387 9.36637899632386
4722 -69.751590883095901 -12.319458759027921 9.2913745471061109
4723 -70.812307485915241 -12.517258166543584 9.2207764616172359
4724 -71.919488780403356 -12.701192015304565 9.1623202293759327
4725 -72.947861207094647 -12.856621569751349 9.1190380483986573
4726 -74.134067108079222 -13.016338355031106 9.07778947048185
4727 -75.212310604997143 -13.136412848683598 9.0429537438202505
4728 -76.44970972135647 -13.229229787080808 9.0034051400392094
4729 -77.536654692393313 -13.248022706762494 8.9669012084593813
4730 -78.74440383920836 -13.1773633173605 8.9202604550471065
4731 -79.764334744932981 -13.008582462881389 8.8707802356357046
4732 -80.830670986712406 -12.700742509300081 8.7970105479687124
4733 -81.679115276694844 -12.310665257221661 8.7123101994830314
4734 -82.504965584513073 -11.755150002269595 8.5916367461790717
4735 -83.15648776405925 -11.092289577972638 8.4394428015058782
4736 -83.550718472286434 -10.459236506834404 8.2716010662177535
4737 -83.795930729023766 -9.7217368743796371 8.0374575455322184
4738 -83.828437797568085 -9.098160484392297 7.7867681398335522
4739 -83.671535575910596 -8.4738534721991137 7.4599817310921237
4740 -83.388581419817072 -8.0256169591777162 7.137531795393051
4741 -82.930163858827967 -7.6688384101354643 6.7559933006559278
4742 -82.43793610572213 -7.5072023231772125 6.4117427562808604
4743 -81.747674627556719 -7.4400212615312524 6.3120071113347178
4744 -81.74799426435483 -7.4398633164950621 6.3113163856537744
4745 -81.141150770925407 -7.4389954101292464 6.2082899911354481
4746 -80.40342154762854 -7.5062264936586098 6.160275455778951
4747 -79.626931763815946 -7.6181389925625886 6.1260072022290464
4748 -78.931219341919657 -7.7412239416425095 6.1013300822724794
4749 -78.161101765667041 -7.8643463823694022 6.1265955870063484
4750 -77.517335072999032 -7.9477430955659596 6.0949761458989489
4751 -76.852927286606075 -8.1324427914714725 5.8209036368806313
4752 -76.331170670820256 -8.4414965331011587 5.5805302054187464
4753 -76.214396364708236 -8.50905659779548 5.1866096595858862
4754 -76.215758851334186 -8.5076598038535725 5.1843797797656075
4755 -76.077672224382937 -8.4618831677812185 4.9519819230086455
4756 -75.86117365887047 -8.4969285930372926 4.7295851573045109
4757 -75.717550587223883 -8.8565766670380608 4.5630653224230153
4758 -75.823733994645025 -9.578127529267416 4.3644782675971667
4759 -76.391211394795633 -10.510552009971914 4.2062768939793571
4760 -77.200453952422961 -11.345384602449013 4.1501427459860167
4761 -78.672674095344476 -14.126766810147263 8.2782847941386244
4762 -79.033460865287807 -13.207523826838411 8.3884135416632652
4763 -79.034461419552315 -13.207303274773945 8.3885172359278855
4764 -77.406973085518473 -11.803300058867489 4.3650795231120032
4765 -78.577819936149908 -14.379143478475569 8.3402469453905201
4766 -79.062482957100912 -13.883017160264762 6.8221299263544353
4767 -78.650488832763017 -16.456183844946324 5.6018675392533837
4768 -81.83845105931897 -16.725126529784735 4.9731722287221967
4769 -84.149430496020187 -17.008284281267187 4.497284641409081
4770 -86.288054007550571 -17.290381930177627 4.0516971195073985
4771 -87.834151706990369 -17.487165958460707 3.7000374101547227
4772 -89.253674719302751 -17.597670530203963 3.3520135779829574
4773 -90.404232465548333 -17.577350066735285 3.0876900468470643
4774 -91.253317632889164 -17.456786354071436 2.9009015974595171
4775 -92.073394372135439 -17.193069191981994 2.7039702373140777
4776 -92.696815888530494 -16.839188292872535 2.5504791625151748
4777 -93.335095797587812 -16.328965224357127 2.4558091696188269
4778 -93.894619345378402 -15.820703026316396 2.4595086410959914
4779 -94.561620155466457 -15.254527969474475 2.5296226671326614
4780 -95.197518328581097 -14.804017682604984 2.6356455141606441
4781 -95.944450449998442 -14.403634807211363 2.7930410702708981
4782 -96.615621296948561 -14.172136638618749 2.9591263096463556
4783 -97.36067412514484 -14.08337879383433 3.1960130314465993
4784 -98.052500940580614 -14.221190946745438 3.4949969251561761
4785 -98.596034069654877 -14.557813574980752 3.7863676087206279
4786 -99.095164801920632 -15.191136337932933 4.1334803026643936
4787 -99.375929397989296 -15.952834578009034 4.4458363605961093
4788 -99.497738208129348 -16.972325966883243 4.7235363361585714
4789 -99.496996669277678 -16.97236350299384 4.7250020591331872
4790 -99.407311033174594 -17.875289863067028 4.8999548208235879
4791 -99.549469102674024 -18.914790053575572 4.3496911608677626
4792 -99.719231047546685 -19.686871303747921 4.6265098084901046
4793 -99.719606656652644 -19.686758298295416 4.6285047156196981
4794 -99.640271391783855 -20.574156012954319 4.9786267848202339
4795 -99.259752681199416 -21.312710567360728 5.3656905571964542
4796 -99.260222608355647 -21.312784367361992 5.3684200750248543
4797 -98.89887335531499 -21.716980917748955 5.4058704067442278
4798 -98.899267988252163 -21.71650739383448 5.4061790114462269
4799 -98.328949799102887 -22.299421559029636 5.5567810012487149
4800 -97.747675178821623 -22.743152760323724 5.6927405104863045
4801 -96.991056939990074 -23.164488291270985 5.8468733461337745
4802 -96.227107095841902 -23.458261593280163 5.9807447358028174
4803 -95.273760159880098 -23.696557554685469 6.1069946642631479
4804 -94.365263800610762 -23.836743844835638 6.1853072428321667
4805 -93.283405735605669 -23.945956129923815 6.2378468223965333
4806 -92.273881705637535 -24.034594830300041 6.2359505713198518
4807 -91.00263683495001 -24.217462450680891 6.2647208960296998
4808 -89.777095256084948 -24.293818106987029 6.2984427166898254
4809 -88.754198615518362 -24.271543437377805 6.3565290943205026
4810 -87.680059161013915 -24.135524619472076 6.4737142840017325
4811 -86.814899556605098 -23.894942039946002 6.6351480982203377
4812 -85.960968340986071 -23.456651397673692 6.8796772252763594
4813 -85.348928301376816 -22.911689658861885 7.1454846300128185
4814 -84.890269351491668 -22.145489757322395 7.4753042951906341
4815 -84.72324733478149 -21.383422320435756 7.7814310310246926
4816 -84.831921702212099 -20.513387381370798 8.1354864178145281
4817 -85.182056805855026 -19.819913075151117 8.4561183043737618
4818 -85.833945813708596 -19.209284961543993 8.8237083962853653
4819 -86.578010144543853 -18.883121030867159 9.1403952397564687
4820 -87.342805884593133 -18.664401873989039 9.0845475394359791
4821 -87.342379083268625 -18.664779903598809 9.0842104416241103
4822 -88.165856661590041 -18.39776083407655 9.0698759603443584
4823 -88.904830606312501 -18.147752641169181 9.0407174625073985
4824 -89.521589568282621 -17.647481332227912 8.4098333136388188
4825 -89.672139272012643 -17.023594604338758 7.8010993874549213
4826 -89.621722042601021 -16.22418191917037 7.7496450879193031
4827 -89.621116380874909 -16.224762632524545 7.749718223960322
4828 -89.517602063114609 -15.573395805129401 7.6127794195488798
4829 -89.117288336232562 -15.009872918366375 6.9779168657383126
4830 -88.271573768756554 -14.52381380625372 6.6484924585340686
4831 -87.017901110868721 -14.20996560254582 6.5142838283289173
4832 -85.812490839597544 -14.011292662489577 6.5797587978246082
4833 -84.513210542645837 -13.617496605336566 6.8473650940622273
4834 -83.659088979185313 -13.170602616480821 6.7146857983719679
4835 -82.844307388512661 -12.921157100284113 6.4782315269304283
4836 -82.844090079984895 -12.922938381360064 6.4772380165255505
4837 -81.741739049927304 -12.802319044267946 6.4363784867211074
4838 -80.681523601787532 -12.612808612207829 6.7582136455853732
4839 -80.681408903501151 -12.614483345739959 6.7611677525978022
4840 -79.708922867991234 -12.21006929448518 6.7029233734598241
4841 -78.767021528608282 -11.757428586114921 7.0246772369306694
4842 -78.046155884317614 -11.071355684562199 7.1414759894077644
4843 -77.647344561589193 -10.356086700174821 7.5218511900878546
4844 -77.334811721972628 -9.393400217915076 7.6601403287729983
4845 -77.24577080722193 -8.5460864629136513 7.8886634967637335
4846 -77.771870763139347 -7.2878105760152323 9.2549535168244166
4847 -78.128677905078959 -7.1973417589804196 8.6450027333314861
4848 -78.438107092060008 -6.8453744554458664 8.1546139274197564
4849 -78.436757087509022 -6.8462169489082569 8.1514661747424491
4850 -78.545174934405082 -6.0308568284047439 7.7483140059602462
4851 -78.222016051253235 -5.0428964362688991 7.6084283198773939
4852 -77.968901691684962 -3.6336828613873453 8.4767253527060618
4853 -78.781228159741005 -2.9746480246663589 9.2950925534444551
4854 -79.904354077714686 -3.2052573469308996 10.21407859270662
4855 -80.391389152111046 -4.0920680851196582 11.019574055028329
4856 -80.73180639750781 -4.9720337486099364 10.216466589090787
4857 -80.732467301578239 -4.9720710905241443 10.212347952308097
4858 -81.770078450599115 -5.4864382739512285 9.5093290530186589
4859 -83.217031231026112 -5.2071464251361892 8.9756692663661948
4860 -84.179479687242349 -4.4510279291700616 8.5944495357144977
4861 -84.628855321920426 -3.9520712396314543 8.4970120812020919
4862 -84.860336871662923 -3.3887176497017109 7.9584295105595437
4863 -85.024002422385706 -2.9966978542341849 7.8838686107810823
4864 -85.236534528568143 -2.3995455938576256 7.7467796011350849
4865 -84.485134089424648 -1.5579637366328705 7.4204384439821576
4866 -83.935327878115928 -0.89193153289099247 7.1062663228681906
4867 -83.483686910612505 -0.50316292728968826 6.877056935177853
4868 -83.212741656700601 0.28059114696558518 8.4375815135922174
4869 -83.21206992399263 0.27869659245290085 8.4503965712477385
4870 -83.656177373002564 0.2189754185006762 9.8390238254457234
4871 -84.080622700872681 -0.42543751305765554 11.261422797059931
4872 -83.993229038011023 -1.3863132581944124 10.835205998544218
4873 -84.312050412306661 -2.2411891917591862 10.520925405246457
4874 -84.939438371738817 -3.0108953805046852 10.167488981649674
4875 -85.707423118958062 -3.5818540562710419 9.9663743897268571
4876 -86.29912699788197 -3.909934167980694 9.9049428785826663
4877 -86.298659135817388 -3.91283853983811 9.9041412461318412
4878 -86.834982096963103 -4.166437075692329 9.8396084469632736
4879 -87.443569858133174 -4.3492141251728968 9.5443279457315668
4880 -87.802430238493983 -4.3035763304256918 9.092031578996048
4881 -87.792917800742359 -4.1579883951427155 8.3923175576150477
4882 -87.701374801394735 -4.2961501349029669 8.1584023138853752
4883 -87.686177300926971 -4.4319082526687872 8.0749290999262868
4884 -88.026758461634998 -4.2222032495602342 9.2675639046626159
4885 -88.568047033181585 -4.3319089446748755 10.265774306204632
4886 -88.833119072741383 -4.5807695349057482 10.085230585224728
4887 -88.832415232002162 -4.5807753667814115 10.083450673118286
4888 -89.095239565315993 -4.7535950395372994 9.9212809455802162
4889 -89.404117877766623 -4.8890987030228903 9.7516485167557914
4890 -89.681428600435453 -4.9638795284794694 9.6128932911243421
4891 -89.984629376002175 -5.0003344566736319 9.4638169645182213
4892 -90.244548827962177 -4.9972842647315616 9.3378447755900513
4893 -90.528180924506671 -4.9564338451068046 9.1971903850574765
4894 -90.780484715419547 -4.8854003687067911 9.0639974309805158
4895 -91.056042703327805 -4.7610413445442745 8.8955216787030178
4896 -91.282592513902642 -4.5819729133939342 8.5844801309380738
4897 -91.455063562299529 -4.3355133609669263 8.3217722766602495
4898 -91.636328380838179 -3.9806658025934749 8.3484477174932543
4899 -91.807040114814072 -3.6699069396464061 8.3734724916654191
4900 -91.915403718477179 -3.3385245569528488 7.9735259077962457
4901 -91.914897035162255 -3.3387710006305524 7.9699442781766914
4902 -91.8962058664154 -3.0014457738027147 7.622553617939718
4903 -91.73074789637738 -2.6269520583562436 7.2533377267245109
4904 -91.463071048178335 -2.3458070370264541 6.9475435955633307
4905 -91.068270849252059 -2.1336406668609409 6.630304914455313
4906 -90.727055191058142 -2.0304035744722881 6.5411063070035773
4907 -90.352115339158985 -1.9525627428163113 6.4488595745860273
4908 -89.991091818375963 -1.9101550761191564 6.3637805903221922
4909 -89.680747332942531 -1.8976734280461871 6.2943873248608115
4910 -89.338159050694969 -1.9079812420472779 6.2218860967314962
4911 -89.022544164379468 -1.9392223873499994 6.1569887157527399
4912 -88.643546411979145 -2.0037085822197414 6.0813066223072365
4913 -88.291250190870855 -2.0901644497244298 6.0120736081283201
4914 -87.883781854129083 -2.2229687525900492 5.9322608516061139
4915 -87.509376772872542 -2.3771179687421333 5.8611997662565294
4916 -87.08156800631302 -2.5919798082002314 5.7815540541948458
4917 -86.696599021358693 -2.8230173547609145 5.7108004080888994
4918 -86.261687478200571 -3.130672195420765 5.6308180070278793
4919 -85.832128741481526 -3.4886474039623563 5.5519154993290378
4920 -85.456931072853621 -3.8500111335360092 5.4864771985527048
4921 -85.046982410363327 -4.2975053407518553 5.4261036482100478
4922 -84.693725073754877 -4.7272767029520084 5.3785679892924367
4923 -84.311462528074742 -5.2405048779476884 5.3299272544648835
4924 -83.98913834614622 -5.7140786511723709 5.2931519580089779
4925 -83.645254515091068 -6.2585586662273878 5.2607980813015676
4926 -83.348517551703466 -6.7596894483527228 5.2351778446623385
4927 -83.02837127082374 -7.3322456075982316 5.2107460543266679
4928 -82.757613778259596 -7.8427968377648556 5.1903053588702059
4929 -82.469478837618965 -8.4142333532061429 5.1694567029491241
4930 -82.193373812842438 -8.9929900616240719 5.1466324060048043
4931 -81.960046933642872 -9.5097870868144927 5.1276226567139975
4932 -81.71627779583693 -10.082936670444724 5.1029640374734671
4933 -81.513990081573979 -10.592946162425424 5.0787644697964947
4934 -81.302542215371545 -11.171131832986067 5.0488504307420721
4935 -81.132608881373685 -11.681664905880599 5.0201843602823768
4936 -80.959176684792908 -12.265131189310686 4.9838128178023799
4937 -80.822599503872425 -12.793058797402555 4.9485103870963787
4938 -80.692241893049626 -13.390203626819734 4.9071794022942656
4939 -80.597719430246315 -13.927913809063847 4.8666342243043994
4940 -80.519200733127491 -14.526983370939417 4.8195780935591053
4941 -80.470955066928013 -15.127373575730632 4.765981710502361
4942 -80.456113434492607 -15.659406768461622 4.7146100187562929
4943 -80.472925555232948 -16.246986569879802 4.6522762766867185
4944 -80.519406031227973 -16.758320274672464 4.5900433044903197
4945 -80.611530852858564 -17.327649600973228 4.5120097612375591
4946 -80.730496875025651 -17.818620916977054 4.4351131110051281
4947 -80.908753341199045 -18.350398366250893 4.3401469125085548
4948 -81.110275920872851 -18.805670279316857 4.2484711507563606
4949 -81.386639754828281 -19.290909686132117 4.1379361714978078
4950 -81.674704013512667 -19.689662815986068 4.0328530913454772
4951 -82.048929281698705 -20.097438003309872 3.9043849994817781
4952 -82.475987847436954 -20.45240981398976 3.7639953253900615
4953 -82.892308104711788 -20.71064501142202 3.6288585271213862
4954 -83.396903230812015 -20.927728193548241 3.4676351229102322
4955 -83.866848737786242 -21.047171384340803 3.3160518812852584
4956 -84.406372150890562 -21.091847502356586 3.1375203421817486
4957 -84.880364934816768 -21.049783585555694 2.9749535282965809
4958 -85.392990239851301 -20.910645343405957 2.787476969762325
4959 -85.813832626365951 -20.710790541537424 2.6193342538029314
4960 -86.235771076465568 -20.408966887553639 2.432791021130269
4961 -86.529954483429535 -20.099168377006585 2.2607058845135524
4962 -86.529714737803047 -20.099423019712816 2.2591108008854133
4963 -86.782255073109113 -19.724878364510928 2.114075725014545
4964 -86.97420999068234 -19.327126849777105 1.9703102635096053
4965 -87.103633726018259 -18.937299955912874 1.8365252298765624
4966 -87.180877832172385 -18.427375431114861 1.5979576465481233
4967 -87.150322082675913 -17.967004480898993 1.4012478022701569
4968 -87.013562734711002 -17.463422470914512 1.1997308493765062
4969 -86.920945202846198 -17.054644746882083 1.4943260288412716
4970 -86.920832952786711 -17.054827687303511 1.4982922499684237
4971 -86.966696359712572 -16.609190356930171 1.8291331371920005
4972 -87.125313451265214 -16.25462750942927 2.1265547171274197
4973 -87.414129721072982 -15.936006518505994 2.4559741837455369
4974 -87.737371529957102 -15.749273491935329 2.7458031129498441
4975 -88.14458158957045 -15.657723816280903 3.0622467027221991
4976 -88.560180806468281 -15.694773208923825 3.37031267389139
4977 -88.907516335617984 -15.830812554349208 3.6380988722822489
4978 -89.24182566178294 -16.080696727080031 3.9199528793075467
4979 -89.475960110891549 -16.374395851597569 4.1615872735398822
4980 -89.656482943129163 -16.767057462646257 4.4202093418762862
4981 -89.732661723897039 -17.150370113405923 4.6412136884161166
4982 -89.719364978145009 -17.607754336016392 4.884455141546499
4983 -89.638087223289261 -18.034781969917034 4.9608072456412717
4984 -89.638256512472097 -18.035136154157907 4.9620724712950759
4985 -89.565411512962967 -18.4867001889207 4.7835971232495123
4986 -89.565260574854904 -18.486808441451064 4.7812948448026615
4987 -89.557510107755277 -18.944930668183265 4.7069278772576002
4988 -89.597108981676513 -19.487455052003174 4.6268035053593097
4989 -89.692110091930374 -20.05121706699931 4.5483425851612669
4990 -89.826049217091011 -20.56396401421604 4.4784647140877167
4991 -90.031997119872486 -21.143441446028334 4.3942519403749696
4992 -90.268689592501744 -21.655783466871661 4.3103525941260541
4993 -90.593856475144108 -22.216265604995048 4.2040326329324635
4994 -90.935923869504009 -22.689944487579183 4.0988334077949267
4995 -91.369764361105183 -23.175424436475041 3.9685914131821391
4996 -91.802702720443349 -23.560150210488334 3.8391043073891931
4997 -92.342144862332034 -23.927587478016559 3.6797279634129025
4998 -92.990495527700858 -24.230419489867369 3.4928005330595533
4999 -93.777982758116863 -24.404324908227704 3.2780883610321894
5000 -94.587440191819113 -24.388213209018904 3.0423174262362904
5001 -95.264045037336885 -24.208844602541326 2.8072782677293153
5002 -95.922624649982026 -23.835140376278801 2.5012439052925912
5003 -96.356855793160832 -23.374044338431201 2.1821632935905915
5004 -96.615804036584365 -22.767204901866602 1.7660344462952986
5005 -96.610357592316319 -22.257684547584589 1.3431439134873029
5006 -96.461241380471236 -21.855444390407424 1.0385107932298294
5007 -96.232986455467724 -21.573627054153469 0.73997904793571567
5008 -95.884867650820453 -21.364844968308034 0.40616191556494163
5009 -95.519572420240053 -21.279287970464953 0.121452993501053
5010 -95.055347160896886 -21.300897565668702 -0.16072566879388622
5011 -94.642205877956272 -21.367598827917408 -0.21388361110228968
5012 -94.253261757914899 -21.423638541356411 -0.16043814064604195
5013 -93.807551854597634 -21.419806969914333 0.01626447142311363
5014 -93.475125276402579 -21.355412367338708 0.083935340278789239
5015 -93.058697326044935 -21.202799382514932 0.25755215213364885
5016 -92.639059282836598 -20.955526452705108 0.50801535430439571
5017 -92.112773418554184 -20.49570428581179 0.89416018263569064
5018 -91.322012122896666 -19.963160040455595 1.3065442531308602
5019 -90.17775841122284 -19.419619840537198 1.1394028715443738
5020 -89.308846053769514 -18.94330886607904 0.99400232152659118
5021 -88.438000429724994 -18.448866289443398 0.83778761919710054
5022 -87.633085008202031 -18.012288129142011 0.67513942439657837
5023 -86.952158893166754 -17.688171597551609 0.54000806880482233
5024 -86.195048527771149 -17.396680918100831 0.39476568317895044
5025 -85.517003999822748 -17.203418913834739 0.2833057171508801
5026 -84.733668433679114 -17.05379402484234 0.17162488789224872
5027 -84.244893242311733 -16.859940507795606 0.49680716175913425
5028 -83.812290331056801 -16.451636188734991 0.89480488780624046
5029 -83.629044572805626 -15.993726173954791 1.2467065853941155
5030 -83.599084680965277 -15.402924072178633 1.6136181317315543
5031 -83.738003892292468 -14.846688382951013 1.9215939265155229
5032 -84.064460214420038 -14.148703527619142 2.2884891702737882
5033 -84.610363046205293 -13.418984039139167 2.6799867457703836
5034 -85.302061621272941 -12.766280875429111 3.0516690692289825
5035 -86.155805526159185 -11.840405676812868 3.0666414308954515
5036 -86.939924181124042 -11.013863897634616 3.1118700916939188
5037 -87.89190537192853 -10.15662724861321 3.1875840641113622
5038 -88.820626831460814 -9.5503110300341643 3.2843615865590827
5039 -89.928846568493881 -9.1268745500989503 3.4422762010255386
5040 -90.88328557114869 -9.0913788177165067 3.6278430677951583
5041 -91.7802633096547 -9.41658874974617 3.8923536217218011
5042 -92.264057484823496 -9.9207481233546471 4.155218524789734
5043 -92.491493943358392 -10.53699705201004 4.4580389583037761
5044 -92.672666787467875 -11.333666328945705 4.6403445841724826
5045 -92.737815835883254 -12.080025526934856 4.7430222988650614
5046 -92.731992855503506 -12.928509529168558 4.7974810288237881
5047 -92.656457141577391 -13.152281441622396 4.9832865163945161
5048 -92.528668098359574 -13.445620173088386 5.07887366839166
5049 -92.383974646594979 -13.376401533078663 5.5735618031167649
5050 -92.041729281380384 -13.524500940052397 5.7043887885047981
5051 -91.663155765993523 -13.764916339908513 5.6871987403319944
5052 -91.274701387871872 -14.083865330226061 5.4944450101826297
5053 -91.227158203197334 -13.910794247992921 5.5375714331405455
5054 -91.187898916962482 -13.584352334500187 5.6325053168937602
5055 -91.334996854817575 -13.437647342637847 5.6871780450160792
5056 -91.598367262428908 -12.686481085822349 5.686623585556573
5057 -91.785061017456002 -11.924493437146362 5.6758257135851062
5058 -91.86117413861551 -11.358167770705375 5.6416793208833926
5059 -92.436482800440146 -11.017975528853782 5.646220371395148
5060 -92.872432634603285 -10.602868113531622 5.6405996866572616
5061 -92.456465555408315 -10.491941482415434 5.5843171530223934
5062 -91.843763864240202 -10.798751866229097 5.9889077948856144
5063 -90.977621114898909 -11.619567695662132 6.1009856146099555
5064 -90.147472961596264 -12.015005399685702 6.1908265599342345
5065 -89.268384987847455 -12.207523279022945 6.2663133483353981
5066 -88.483987682138235 -12.248705838549522 6.3174274478429533
5067 -87.845274946171173 -12.22705317496796 6.3478924543601485
5068 -87.137297029634851 -12.176629261876531 6.3655849251991325
5069 -86.469375772682369 -12.108966387247664 6.3630890821793349
5070 -85.659497103684132 -12.000214137055416 6.3419794468285851
5071 -84.874666364257564 -11.861243878805681 6.3105926100883218
5072 -83.921143517606993 -11.652901026200286 6.2771690569963274
5073 -83.019691710879513 -11.408075289136711 6.2511204626324437
5074 -81.952188650029811 -11.08381148639768 6.2203389353536842
5075 -80.962839057472053 -10.75857974798882 6.1888916833675296
5076 -79.830227159277882 -10.388618401620015 6.1564100821758316
5077 -78.686715891883196 -10.037205575477133 6.1401344039505243
5078 -77.671465227368557 -9.7494400512687172 6.1337409438014809
5079 -76.550946721101042 -9.4605559095151488 6.145463574056734
5080 -75.587157078145523 -9.2296006273372324 6.1762193119385564
5081 -74.552168067375021 -8.9900712024240477 6.2345139873748021
5082 -73.69338904657927 -8.7948919115922415 6.304190131950131
5083 -72.795518256019108 -8.5758648847599979 6.4020418303350235
5084 -72.060441780530795 -8.3665949812085501 6.5059741790888124
5085 -71.302764977224015 -8.0977517920858588 6.6251946072208643
5086 -70.676602296270858 -7.8234699158367436 6.7198720176088687
5087 -70.005923908347441 -7.4686176789246836 6.8130251428839239
5088 -69.358484713665717 -7.0708697092991661 6.8826636782717783
5089 -68.795584709796188 -6.69145935270324 6.922265567078659
5090 -68.180556119509504 -6.2575919799369828 6.9355133547131782
5091 -67.639885483180748 -5.8749001745265286 6.9293691509431206
5092 -67.034352571852253 -5.4596436316290946 6.9042701932246677
5093 -66.499608943099346 -5.1139131890705869 6.8671776396179656
5094 -65.894500118205272 -4.7545655686107464 6.8189020536863572
5095 -65.35353215963417 -4.4637748197552689 6.7742796822331854
5096 -64.731547769036183 -4.1651608571816006 6.719569251091789
5097 -64.166586592284631 -3.9273412521780373 6.6643691835439487
5098 -63.524889677541239 -3.698927016373271 6.5966584467675986
5099 -62.867738919646968 -3.5152994921091656 6.5157725288418211
5100 -62.276781808997505 -3.4000479845825122 6.427566357889118
5101 -61.600751561117612 -3.3328187765682387 6.3170470334673867
5102 -60.983015175583162 -3.3341588139208373 6.2118631562194633
5103 -60.279230858417918 -3.4115868282762283 6.0860920702195687
5104 -59.652707928050432 -3.5532101180130753 5.9684651620806184
5105 -58.953243654332368 -3.7966321309765942 5.8395368239169239
5106 -58.349374098337719 -4.0829676685582728 5.739519013936043
5107 -57.698585572015318 -4.4758646111080189 5.6407808424812931
5108 -57.166931581806388 -4.8752152374733431 5.5598923898763788
5109 -56.628271204109609 -5.3695142534563152 5.4720604292400861
5110 -56.199364039140349 -5.8512678130310913 5.3939036364027002
5111 -55.988734923108694 -5.9259389053871834 5.5315424391340313
5112 -55.762261266631157 -5.9842400970827736 5.6409189077632673
5113 -55.545487077348099 -6.0226458356530319 5.7066569330902599
5114 -55.352625364430452 -5.8462330363559163 6.0059661419166188
5115 -55.176239377398609 -5.6733953301439106 6.2136698220012105
5116 -54.947771193307375 -5.4458487653550085 6.3437335905999053
5117 -54.718768438889619 -5.1908349420075837 6.3603884811739091
5118 -53.983068688657205 -5.1827055822905503 6.2220477920892199
5119 -53.432305353072316 -5.2184332589980089 6.1065576301111149
5120 -52.874455746909618 -5.3390800702973458 5.9811380643723311
5121 -52.335692375334105 -5.5583059209360277 5.852979823433385
5122 -51.872881708031628 -5.8338126105790202 5.732455130191096
5123 -51.370773157077252 -6.2371674392990153 5.5881499120512137
5124 -50.961165357583603 -6.6711262913172904 5.454968923062264
5125 -50.543496244835012 -7.2436331704481018 5.3182802353308034
5126 -50.230211907383776 -7.7976422445823381 5.2103161472638346
5127 -49.946112260644462 -8.4560187487246345 5.101321644637741
5128 -49.754158437605625 -9.0523886330375856 5.0186795154256041
5129 -49.600593388850726 -9.7105541119109837 4.9404586565369879
5130 -49.501986044604315 -10.296620901667714 4.8827064809317688
5131 -49.420759305904774 -10.950226932036221 4.8327145479627438
5132 -49.366204861661146 -11.540094477753907 4.7945467032459312
5133 -49.212451290415835 -12.296842475334431 5.0442141560802138
5134 -48.880060067732202 -13.001729880951114 5.2686859163292361
5135 -48.452659792085406 -13.561553207700253 5.4591217867429886
5136 -47.852052036167159 -14.092764079541132 5.65546367584738
5137 -47.229835987445441 -14.474396285635988 5.803308667756875
5138 -46.472409858693425 -14.79606702195168 5.9567078879586983
5139 -45.759827809968016 -14.98819743323371 6.082631427375655
5140 -44.931770428264073 -15.107347428159144 6.2064785778788076
5141 -44.188961989019219 -15.133887311650561 6.3041179329073804
5142 -43.342714330735646 -15.086146568834918 6.401720921807569
5143 -42.588540826017407 -14.983159783530546 6.4730418985069456
5144 -41.743584487847372 -14.810217598432422 6.5407235990843606
5145 -40.90492114055872 -14.584850378824967 6.5996107771926624
5146 -40.159814593858755 -14.344068060075342 6.6436427485984
5147 -39.334783918448153 -14.038981245922988 6.6815096985807569
5148 -38.615724922598922 -13.740617440967432 6.7180755679081789
5149 -37.828412284941123 -13.381636542432812 6.7482587053535106
5150 -37.140749586399203 -13.045619105426658 6.7639088065234354
5151 -36.384302144686309 -12.657725587285832 6.7804952981889395
5152 -35.724324025041987 -12.299957151723415 6.8037974899204068
5153 -34.994580108562104 -11.881068430286755 6.8253184909204458
5154 -34.351753319390973 -11.49424682479501 6.8402387256477306
5155 -33.637739544140523 -11.047323281502308 6.8575418055402677
5156 -32.9363872014235 -10.586649445592375 6.8795848327198632
5157 -32.322616195143304 -10.162850042386914 6.9000557500793054
5158 -31.649890733855077 -9.6736706013700093 6.9255834829492562
5159 -31.075065037715152 -9.2329794918768684 6.9477934157286931
5160 -30.462603429271372 -8.7420252047910409 6.9672980573216794
5161 -29.938197784579319 -8.3078567256839033 6.9749476118624747
5162 -29.378470683696591 -7.8332834629328127 6.9881705360693234
5163 -28.906578090498961 -7.4207032125265675 7.0036927638176589
5164 -28.398208825307179 -6.9610475403333085 7.0203203660047837
5165 -27.965267531448305 -6.5596552469580347 7.0243800409989809
5166 -27.500505980320806 -6.1271991645667532 7.0192276164779379
5167 -27.045401502538343 -5.7037065788366164 7.0195901564700964
5168 -26.643565478039115 -5.3262272661343211 7.0244381872998787
5169 -26.191722000422413 -4.8971730105221676 7.0261726523956041
5170 -25.782107411992005 -4.5064980931373082 7.0239671398188799
5171 -25.309401549415846 -4.0583301932019999 7.0187773217375007
5172 -24.877145954469565 -3.6518760855550969 7.0132031727903463
5173 -24.382520451264718 -3.1886392026931039 7.0125053376046296
5174 -23.934981446668235 -2.7699287800785237 7.0136433896420867
5175 -23.425402788135479 -2.2952216642310757 7.0113844163998129
5176 -22.965488077125016 -1.8693653155921168 7.012387029275839
5177 -22.44436109021192 -1.3910141370349733 7.0098125586951259
5178 -21.912001478586394 -0.91236630694233312 7.0018118762078307
5179 -21.427182707776602 -0.49003493108970808 6.9913571891166493
5180 -20.873406906917822 -0.027734519419507234 6.9697687114378111
5181 -20.365550212201754 0.36936885498421124 6.939783058564152
5182 -19.7714327604433 0.78990566105994298 6.8826073549218032
5183 -19.22129071448321 1.1268451200321858 6.816364907320942
5184 -18.570935661841581 1.4528946959454219 6.7161132250012443
5185 -17.967865049236739 1.6771378958304999 6.5975808649576884
5186 -17.276160160743348 1.8300377578854083 6.4298026232813905
5187 -16.661451477962455 1.8611776297495271 6.2536636290778951
5188 -15.965221781363306 1.7864894705791041 6.1178562803713419
5189 -15.302641888358433 1.6166037829816637 5.9490430935465133
5190 -14.745986523799903 1.36572554259096 5.7671099661726526
5191 -14.192304006825001 0.95863999674429157 5.5287713777825234
5192 -13.803553310337001 0.48936390106244965 5.28399102618393
5193 -13.531324924646196 -0.14753838099295069 4.9671124076250823
5194 -13.483555863552482 -0.74136715887925086 4.65948907963151
5195 -13.648772922688922 -1.3721558408102981 4.3063451899879279
5196 -13.959200193442841 -1.8225931791302032 3.9819171807440759
5197 -14.449170759040475 -2.1761012051276807 3.6201463654909642
5198 -14.956936993363193 -2.3381683579890229 3.3191847295564156
5199 -15.724731725404117 -2.5650741798683581 3.595739640434759
5200 -16.344293979200632 -2.9878252465192747 3.9339987090605821
5201 -16.718402967919673 -3.4731508992221793 4.2028751805443179
5202 -16.889919445662652 -4.0427025619444876 4.6133751771974305
5203 -17.229685699850428 -4.1781855468075513 3.4553138459980959
5204 -17.987550133397868 -4.0360056778802713 2.2732470663607187
5205 -18.419589316133653 -3.1270611099067165 1.332013869336147
5206 -17.880367473890239 -2.2500675105097629 0.26205090260659009
5207 -17.701816367302428 -2.0589558667877332 0.80280407466013071
5208 -17.43968093735263 -1.6092089227743629 1.2210693371424697
5209 -17.277079915964446 -0.90832858236339575 1.4406709578860504
5210 -17.287215801000762 0.095233446382807896 1.5444134664342186
5211 -17.477263940658943 1.226410270484984 1.5282314074655279
5212 -17.888821966901077 2.0024993508038875 2.5385933447147551
5213 -19.026482043063307 2.1828013865259712 3.6395083005319679
5214 -19.702341857606751 1.7143425222198492 3.9477591302658013
5215 -20.164553861749294 1.2048864168786797 4.0151789372117417
5216 -20.462468263648617 0.66204864516429351 4.4417261287638112
5217 -20.495264549579808 0.35628058759695164 4.6293593372283386
5218 -20.773879108125108 0.2688240931994349 3.7189625591762741
5219 -20.818365385098879 0.20830252543758082 4.1199212527735085
5220 -20.794413748523041 0.24280503837462553 4.55183262709639
5221 -20.786488237637442 0.27851487562154886 5.0205464609981378
5222 -20.706277367894316 0.19400091156224442 5.577730068237706
5223 -20.3375405841213 -0.050892897716958208 5.882781999515533
5224 -19.593361756227235 -0.319180836103931 5.9491386903769232
5225 -18.910903429646538 -0.44552758995296293 6.2254002878323913
5226 -17.988134575636725 -0.33048592910361968 6.5190159670295023
5227 -17.167233058581413 0.058782879737041549 6.8488502177934523
5228 -16.262067695672584 0.90001660786619109 7.0233661634953961
5229 -15.551551793449315 1.7423952778241021 7.0396366439499793
5230 -14.856845233381399 2.6948982303450286 7.2514490302439905
5231 -14.396679865117873 3.7090791876208868 7.4058560272799987
5232 -14.072137024021522 5.0378741944655667 7.4648335304741824
5233 -13.811372733138043 6.4260056018191962 7.4370620508563645
5234 -13.48420125863198 7.6588898850145375 7.3544089390620648
5235 -13.124132723854208 9.1187151593096409 7.2155907670044614
5236 -12.651561771058812 10.388150476200144 7.0519345637397404
5237 -11.464716836488208 11.350859453787386 5.7989004106127622
5238 -10.504194186949148 10.624524293226042 4.6709056412532606
5239 -11.118803177897934 9.9521128509032035 3.2718273601447008
5240 -11.49564170943896 9.8909161233561704 3.5056805217697322
5241 -12.005865870538964 9.6522303794734103 3.7400905690682169
5242 -12.439299917567247 9.3333896718852909 3.8800384025169947
5243 -12.91723700474545 8.8579917489944506 4.0206040439732176
5244 -13.309677205295152 8.2725176556381594 4.2485652319922647
5245 -13.569248845740297 7.6748435678993925 4.3651332272676564
5246 -13.757975314822549 6.9395180036816617 4.5425449840202319
5247 -13.784696872770148 6.232576488561608 4.7734593758159356
5248 -13.660175252166454 5.4202426809480713 4.9049438975923527
5249 -13.407780253394291 4.6626087220545633 5.037317769578598
5250 -12.850887813207828 3.6437659434768199 5.0938791505635557
5251 -12.094320280484364 2.2799456421747144 4.1962733147046194
5252 -11.46974570202112 2.810290029542676 4.9935782088068681
5253 -11.153328786221877 2.9153973503006907 5.33343813569088
5254 -10.870196296520858 2.6632621276053801 5.1153395496183967
5255 -10.54807312908506 2.3014146537370097 5.3824315930822451
5256 -8.678752202873472 1.5214917157346028 5.2140433742231682
5257 -6.1116945624756713 2.1718761412713348 5.02126439707909
5258 -4.445988699707847 3.4039125216767476 5.2117671529521115
5259 -3.0118214041066755 4.8249271999053818 6.0169802540698205
5260 -1.4569810576866336 5.9414539409548102 5.8288426986799795
5261 0.63225676517775098 6.6748104830766177 5.45439132569898
5262 2.5031597621320434 6.3767084683782898 5.1323247132869447
5263 3.8674387553431959 5.5547838907633533 5.102375183406191
5264 5.117745784199653 5.103909167666429 5.5197939642808072
5265 5.6233539212604118 3.9971556606582652 4.361133249169928
5266 4.8801481441209154 3.2950244915890989 3.1325639641094574
5267 4.6456829056363604 3.6033274759962524 1.8820660875163979
5268 4.2016302407074173 4.1291578071317634 2.581986340410602
5269 2.9707363757088441 4.7710768033636999 3.1158650794365395
5270 1.3336440829431888 4.8024294828577627 3.69970208539246
5271 0.2029079527068155 4.0192995802129072 4.0911318832320047
5272 -0.22113393535901915 4.6923159321144405 2.0922864105464658
5273 -2.2841082871707781 7.6291519270106205 2.8603757349381143
5274 -6.3173902518498037 8.4816199807532424 3.2664691914466362
5275 -9.322408997578691 7.7263805341850338 4.305661944893834
5276 -9.6298399458839175 6.5870886279966712 4.7031707038538482
5277 -9.5649025703766686 6.5586718568197595 4.9329741008851959
5278 -9.499749929888802 7.7805486516381652 6.0393842964271638
5279 -7.8244241228402611 7.3871524743423738 5.9536296570348854
5280 -6.5051588811457401 6.8377857825895259 5.5282459704749947
5281 -6.2542631466441714 6.6165968426295105 5.5795199774587392
5282 -5.4118901030250228 5.9006682843171303 5.52632333235755
5283 -4.4529892009944803 4.9729067371735081 5.371662259098926
5284 -3.7168452659754698 4.0353572691560915 5.217403284046549
5285 -3.0771838834932272 2.8486321553085734 4.9858482456411064
5286 -2.8023524012498644 1.7212515801377983 4.6908393081181616
5287 -2.9635715753967924 0.50986119220412718 4.2106378749190139
5288 -3.6607916457309195 -0.2242816041849357 3.5068691273715307
5289 -4.2457174699857676 -0.42318151582007268 3.4736207910864465
5290 -4.9244173709112609 -0.49403389816557897 3.1292620433904101
5291 -5.499636601877758 -0.41627712330547634 2.9765739300532368
5292 -5.962877687945924 -0.33108450168049208 3.0525430477728301
5293 -6.450776711550736 -0.15014329054440897 2.729960478087226
5294 -6.0569814915490809 0.27200558018025289 1.7354599498967884
5295 -6.016821746994566 1.047484956685643 1.2831132633968905
5296 -5.3093478339928302 2.6968253382927285 0.59554209426661497
5297 -4.7330349708585393 4.371546701742429 0.16852452519425931
5298 -4.1683400133806607 6.566962703070458 0.031528726818301767
5299 -3.5836445658822544 8.7496727495154065 0.2850005432546876
5300 -2.8969734954104926 10.401419454723927 0.78941006094518729
5301 -2.8556043746653055 10.351181600185001 0.69967790334382496
5302 -3.3241431226790641 10.108109887653216 1.074408922736299
5303 -3.0185817926119385 10.229606908638299 0.7103516870263834
5304 -3.4133091218231311 9.877755463949951 0.78921132167042618
5305 -3.8553675245996768 9.4869580107159042 0.96446746379901571
5306 -4.0074415273785782 9.192604087587485 0.93425373200034956
5307 -6.4578726768243895 6.0284687034075972 1.5360620371753619
5308 -6.5065963457335858 2.2265574138147572 1.9969930587783233
5309 -5.5545387754031745 0.67523762415414446 2.2440023282968058
5310 -6.6607688547984285 1.8440978430171602 2.0628293625585785
5311 -9.7075755178847221 -2.9291832742135488 1.2934130457558499
5312 -13.947868226147277 -5.2811137491149269 3.8343064977117365
5313 -17.306315966645357 -5.3187246901883141 6.7936860248082427
5314 -17.811960680774416 -5.731364774735809 9.278299784926114
5315 -18.991847945471676 -5.6277008321709623 9.4153388835883618
5316 -18.239738977349422 -5.8532173173209312 10.012906452147467
5317 -19.307762111988293 -6.4482633312520479 9.5777856889793167
5318 -17.859825929444458 -6.4906028226716703 10.295729646737984
5319 -18.83961820639815 -7.4389918156687731 9.7550820188524838
5320 -17.763372064602358 -7.063871725946254 9.8467061451027167
5321 -16.713935368761021 -6.4963928629572862 9.8078587769323153
5322 -15.062944920635712 -6.0656621237367094 10.714141563452378
5323 -15.818966674677949 -8.3215401949546948 10.103729477769996
5324 -14.760400870552152 -7.831289198760703 11.07937366339277
5325 -13.864353852994814 -11.683295732632118 10.58241933392658
5326 -13.468930305207385 -10.737835130977956 10.46445247500934
5327 -12.502466303255311 -8.7801811144055968 10.049169127053288
5328 -12.385690303994483 -7.4318303077931462 7.9189931060877621
5329 -11.295629397212904 -4.1868063075357256 5.9723676502383194
5330 -11.06509114706429 -4.2059647757297354 6.0572674985119335
5331 -11.40717952575436 -4.2111232230439564 6.0508703952898975
5332 -12.096418592766788 -4.4430711000296075 5.9822134139471448
5333 -12.0388384525991 -5.0209694331892374 5.8567952099767933
5334 -9.2463889539736268 -6.0980376975912911 4.4477255578534702
5335 -9.2330921347549282 -6.2307130453860173 4.5351084457123134
5336 -8.8983458878407795 -6.8264646513757441 5.1618034366413346
5337 -8.2130800054455424 -7.1637359991389795 5.6875519417030187
5338 -7.2596686761707385 -7.3293663424614532 6.0294465641829591
5339 -6.3496940957441685 -7.5166124945381751 5.9597709815088447
5340 -5.5598283839587053 -8.1664249171162471 5.3412470797699489
5341 -5.7841847503839858 -7.7507151971729904 5.4185406097079305
5342 -7.4051496192296424 -9.1780936580238848 2.3512971731843084
5343 -7.7950245854670879 -5.8833474836522184 -0.60109495706922633
5344 -5.4190672027319113 -5.4559759009481281 2.3174628270660511
5345 -7.1848196810143969 -6.4669052219335148 5.4734116972796771
5346 -7.0796961380271561 -7.1049352383440381 4.8108945921287756
5347 -6.7349965705979011 -9.125231141634309 5.1322610186024482
5348 -6.985842282303687 -8.2948781534216618 5.3862517988989955
5349 -6.8894054564759744 -8.2781757927393897 5.5803908263278208
5350 -7.2167384579425375 -8.1235304978735012 5.3789652901137943
5351 -6.7461233608627529 -8.4686947584112406 5.7057561188858319
5352 -5.9421172734172387 -8.9727659443687422 5.7448505750221441
5353 -5.0502394405908886 -9.5003225887473128 5.7627433124387757
5354 -4.1716976738760518 -10.006205733846173 5.7688207985302382
5355 -3.3989661812186776 -10.351047423248119 5.992318766275412
5356 -2.3911584167336088 -10.627288649621372 6.0646225648756618
5357 -1.6054590664482418 -10.652896139825778 6.4773279759724574
5358 -0.71345293433520407 -10.318978903563778 6.8819487809429942
5359 -0.049065222350013926 -9.7400055688821077 7.2046905163229225
5360 0.46956436801528184 -8.8596560266446964 7.542769487153131
5361 0.66398194528773857 -7.9689180154176853 7.8308527691018135
5362 0.55958909254552014 -6.9771149261656804 8.1768491888945825
5363 0.33032021573008541 -6.2039166393910765 8.103899124628315
5364 0.1544248274918705 -5.3373592379127226 7.9981236724421532
5365 0.038092136810710331 -4.4358808874807929 7.9703365821085521
5366 -0.053343884048823675 -3.4901991751804533 7.9310930381232865
5367 -0.15747500432304234 -2.3988642538972735 8.001338058263336
5368 -0.35471414324274314 -1.4610541175855423 8.1752067866005866
5369 -0.012652931737607731 -1.5455006956171362 7.4835767958201949
5370 0.23160390786198415 -1.2670212454140166 7.1320612287634182
5371 0.60401606845273026 -0.91516138668155123 7.0025256354754131
5372 0.67589030667377148 -0.80745788760186021 7.0481041351073124
5373 0.91781086573759507 -0.86708638117641146 6.6583271400294404
5374 1.120349831015842 -0.94573908295677023 6.3500572122851935
5375 1.4122784511273676 -1.035235169428236 6.1510745991721532
5376 2.4323902319486512 -1.0921747336991503 6.3225931930304808
5377 3.3242912312646062 -1.0098496063753033 6.4566278178699648
5378 4.3119978630252733 -0.78243378494153326 6.6026803898238224
5379 5.1467633230272423 -0.45812235094243758 6.7419787247516405
5380 5.2368818607018852 -0.37966266383378566 6.8039660231523698
5381 5.3532219700360946 -0.82180354510229592 5.776723552333916
5382 4.8998463958889751 -1.1027635860507412 4.630240994095427
5383 4.5356295463768461 -1.8288703386696346 3.8337386871603489
5384 3.3186777576659767 -2.7926665622547437 3.3872455136815995
5385 1.7674521838036541 -3.3887606619793305 3.3004762553420521
5386 -0.049731631952422362 -3.5725285175954578 2.9932756827811882
5387 -2.7010685305545112 -3.313083431246902 3.1971149876549005
5388 -2.5117972649893643 -3.2272708665835936 3.0334297878168037
5389 -3.7223889042489158 -2.6969187928917875 2.065477901457736
5390 -4.712032203433381 -0.57264803342595649 1.7088235389416262
5391 -4.7145541449794752 0.12438979719030024 1.4785019199975058
5392 -4.6778842715683728 -0.089956045826907458 1.3479303458680392
5393 -4.7979711807708698 -0.79711961348991545 1.2916642347144449
5394 -5.0252366999440241 -1.7059990990791898 1.2643692221668281
5395 -5.2542425030113344 -3.1354547950158032 0.53166952363832398
5396 -4.4826403533377563 -2.7311169638744164 0.49080703784317697
5397 -3.6712287249205033 -2.2355358052838086 0.94577618160959598
5398 -4.0033103286060925 -2.5691859596502886 1.6447317937721131
5399 -3.8012438152485402 -3.7264436977849829 1.1366638696694258
5400 -3.9463900516055466 -4.174461516214631 1.0642518545430553
5401 -4.028344780141631 -4.367111586707753 1.1665140002263727
5402 -4.1388600658694523 -4.6740138161117395 1.366064050462692
5403 -4.1354775849778633 -4.809718925539376 1.3422612972235568
5404 -4.0786506961732174 -4.6588147267838549 1.2486437027662236
5405 -4.0135868630726375 -4.5184752758131461 1.1981062700998937
5406 -3.9721666330846541 -4.4838438064488813 0.9378869461970083
5407 -3.9530610617057511 -4.4829060015793774 1.1807766757524716
5408 -3.9953706970792391 -4.6494923494635385 1.3101698584729222
5409 -3.9975596525170976 -4.7393124270307307 1.2925517410435885
5410 -4.0016606495037621 -4.8287330861055313 1.2884747568192916
5411 -4.0122971222258688 -4.9455974989430791 1.3087507745302451
5412 -4.0002628045789752 -4.9699676275960893 1.3379996620120471
5413 -3.9914444134058384 -5.0063556886240157 1.35444892719277
5414 -3.9853339015857192 -5.0281543522437468 1.3434060591177219
5415 -3.9795367660299741 -5.0335704314523211 1.342048998930244
5416 -3.977444611915665 -5.0370813672205745 1.3403785893486018
5417 -3.9789449895056883 -5.0383059699436412 1.341679257347137
5418 -3.9834850971627302 -5.0365706475068874 1.335499549944148
5419 -3.989789274110664 -5.0275276121014949 1.3185567453889853
5420 -4.0026632152198509 -5.0501145812065049 1.3227809953691856
5421 -4.0173763306706007 -5.0976421166860391 1.3261018276743064
5422 -4.0325488792963453 -5.1762319301617481 1.3130837766332482
5423 -4.0456235184869769 -5.3200461449969589 1.2332379508533224
5424 -4.0553357910087309 -5.4201137037979761 1.219100745608539
5425 -4.006664256291991 -5.2883473037927198 1.3206708133507217
5426 -3.9297000866226082 -5.0557482200714166 1.3021573128966153
5427 -3.6411812350624184 -3.6735648826318879 1.0233159644100076
5428 -3.4211901623833247 -2.5211792440574694 2.3052694238543587
5429 -4.3672234538946819 -2.0372964326416469 3.5382445853817734
5430 -4.4292260721481718 -2.6375649664117673 5.2665867377573008
5431 -4.0507501236443568 -2.3350529523635695 6.9940297650764851
5432 -3.5689932608130706 -1.0481210485763388 8.8367765582602509
5433 -4.4705472363358085 -0.061619058156539203 7.6510459579131576
5434 -4.1604635885624068 -1.0307335094417851 6.289446425967542
5435 -4.7441072134797375 -1.5178723912648509 4.8051168075963124
5436 -4.360897417434872 -3.182802938912527 5.4204553650803611
5437 -3.8905644448647974 -4.1177436639818401 4.5578816004578471
5438 -4.1638038330848186 -5.4624583213448012 4.0269151591778032
5439 -4.8028023527024954 -6.9222645169987613 5.2510630958900126
5440 -4.8436674220758853 -7.6681653623966985 3.5100251936207028
5441 -5.8439537016587044 -8.0730655839963923 3.6336365460542224
5442 -6.7077691077766115 -8.4738885898500413 3.4897334951103764
5443 -7.6936016242080614 -8.806790464853286 3.4175655860296752
5444 -8.5221445170083427 -9.0436712341953189 3.4127469387083211
5445 -9.2432967920533358 -9.0174914875390382 2.3604782956598149
5446 -9.5881242277351078 -8.4685020397986008 1.4667913118102387
5447 -9.5903385615967736 -8.4670342599005028 1.4571052512496583
5448 -9.4344176907177939 -7.9492923230980592 0.88199528357442447
5449 -9.181649194531591 -7.7923413345794463 0.2773397803478545
5450 -9.1015333032555308 -7.8566418878643702 -0.31919965106538029
5451 -9.1042889643931648 -7.8548702367880257 -0.32664037953775982
5452 -9.1837877456424302 -7.9467657739416246 -1.0277710294765279
5453 -9.3323543176667787 -7.8729262192699796 -1.5801887270387396
5454 -8.9579056811404705 -7.9510531039048038 0.93634873802076413
5455 -9.1148392551058031 -7.653305476876481 3.1613490475599972
5456 -9.8790784502520523 -7.5682936700579395 2.5033922463018308
5457 -10.231966072446387 -7.1927941339527255 1.8417270802429393
5458 -10.171713161870883 -6.890047128855028 0.99891330709128867
5459 -10.123579750225849 -7.0262361982331916 0.28007280454353478
5460 -10.219965677567165 -7.2173292431550573 -0.51729562346698865
5461 -10.219711857700505 -7.4126039698372397 -1.2535079626747858
5462 -10.137620569170384 -7.8408350646345424 -1.5028928544242386
5463 -10.196790273755463 -8.4199271481411557 -1.8662678991946342
5464 -9.5372282421002677 -8.5791714907518379 0.76748642340289475
5465 -9.3998157991223472 -7.2436033793746333 3.7173133642901246
5466 -9.4087684585128546 -7.2912402679040538 3.7889886682932894
5467 -9.4249223570508782 -7.3486172203058926 3.8268423896470543
5468 -9.4213637153656915 -7.3524201956052551 3.7818291651137375
5469 -9.5768754863516747 -7.3766528971763501 3.4935420465213531
5470 -10.763121302434406 -7.7605591225982851 3.3720512011199006
5471 -12.050756312886543 -7.9269432430620288 2.9978277648778624
5472 -12.512991072721443 -7.8673565706730866 3.0234101756209295
5473 -12.64733419250088 -7.8360416118263423 2.9572836321116709
5474 -12.821793628187407 -7.8329527076496888 3.0106578013876248
5475 -12.962743432361043 -7.8674067381613986 3.1627367576264902
5476 -12.586011607859785 -7.8951856165686216 3.2439956839725594
5477 -12.092784424521055 -7.8949325101133372 3.3866737312906201
5478 -11.339671145789659 -7.7465949094926945 3.4579580403437169
5479 -10.587111417416244 -7.3544310218063869 2.9133129886365148
5480 -10.2503433013917 -7.345120778005267 2.6342772791430487
5481 -10.383652115256574 -7.3377496180822392 2.8276863438034421
5482 -10.269127480983947 -7.6697140429848165 3.6147493463772316
5483 -9.5185265938091259 -7.4967759372697307 4.1139761094593883
5484 -8.9255799220360537 -6.4436023398006617 3.6662991025436122
5485 -7.9071926374855588 -5.6747362402742034 3.2583166386990818
5486 -6.9307098136793712 -5.6115339421657238 3.5146749829450421
5487 -6.9710579329111839 -5.57493260225601 3.4472738716796627
5488 -6.8110660693697014 -5.5187229905809732 3.5495716194256692
5489 -6.3762142106193611 -5.0368511092560126 3.1510015333042891
5490 -6.2878651305155282 -5.0149948568148872 3.1945105721056342
5491 -6.0609688643438648 -5.1998932616894988 3.8132315634721232
5492 -5.9045818092078193 -4.7908180707445549 3.8416585245960984
5493 -6.4778670283602482 -5.0406239032612623 3.696309385596646
5494 -7.5915099123297418 -6.0483889119738299 3.0566457839476167
5495 -8.91299549897224 -7.7809258611654988 3.5786808586742369
5496 -9.6655164679468193 -9.9299459983782175 3.7631834152395145
5497 -10.541491450726252 -11.429153403236802 3.6459145590919593
5498 -11.529976739877155 -11.817285413654096 3.298464447680467
5499 -12.033539616742505 -11.601530504649221 2.7318700324469973
5500 -12.102422156070752 -11.058246512071191 1.9212602424625052
5501 -11.801937151563168 -10.61077260542179 1.2054900646683009
5502 -11.190423074998396 -10.131929861706302 0.58136032110040525
5503 -10.38249625899865 -9.7391090570859209 0.25059676157525945
5504 -9.1497288282122966 -9.3657687332717767 0.32194212885937412
5505 -8.0678494407544665 -8.9446120402200169 0.42637705445762281
5506 -6.914232140834379 -8.3513616545521803 0.5500145649435364
5507 -6.704382897773205 -7.7489436886761087 1.4788393947288241
5508 -6.6090266192737417 -5.8479194749651349 1.7127872764635468
5509 -6.7929912090515803 -3.411757230862051 1.4557322335258416
5510 -6.437323475894221 -2.0544360848723877 1.0806715638923781
5511 -6.1670994226334264 -1.3545961126371995 1.230787319360773
5512 -6.033518238794743 -0.25229209930277474 1.8426152831754909
5513 -5.5908661423455497 2.8172509587387728 0.50490365265607207
5514 -8.2289474851182955 1.6403753506982051 1.3253946680312949
5515 -8.7875829646748027 0.45967053260416002 0.98674990449959066
5516 -7.802603102441581 1.7136871082973211 0.71026872957472442
5517 -7.4083356595528498 2.0717085191913815 0.76066761147482531
5518 -7.7481380984019612 1.7354414541340808 0.79570117729281797
5519 -8.2771270071771692 0.69164363073134727 0.0793568149464981
5520 -6.1411213015151613 0.78218773863024982 0.5592819076879556
5521 -6.6544964127809116 0.33324869546356439 0.70269773744609443
5522 -7.0604475091356376 -0.33360523332007785 0.74037980096289457
5523 -7.0957228026204788 -0.76081629449089228 0.76942966219666353
5524 -6.7195574853574707 -0.88208311328835887 0.70657094811687304
5525 -6.06751247969407 -0.58125582497960693 0.57598775820620585
5526 -5.2116702420298733 -0.16151696705795215 0.68352344990992875
5527 -4.8535298490133369 -0.037123108628950546 0.72680277397705639
5528 -4.6303233042033805 0.25313419073880872 0.8057840555750021
5529 -4.4554330022518682 0.75010723850104299 0.95800491602639171
5530 -4.3740144085423101 1.3124020309305315 1.1727623626776411
5531 -4.4455153222062407 2.0218275048671934 1.4706637699050504
5532 -4.6618442264708904 2.6235830299870679 1.7143473768689375
5533 -4.9958038873012933 3.2173883689993348 1.8955458787459236
5534 -5.248364020536723 3.7261133470613368 1.9198220566561146
5535 -4.6421472442009595 4.3562682382843025 0.1146339955793451
5536 -4.4412016033732122 3.7606967015866086 -1.5172435965548476
5537 -4.9665863927597709 2.1688590415468494 -3.0737910074111907
5538 -5.8664270688809879 1.8659631668059213 -2.4430878086811241
5539 -7.1573532924357348 0.51091431467416615 -2.2092799690273122
5540 -7.7281696981280525 -0.77331501987819651 -1.5049421969350902
5541 -7.4539143526243112 -1.3343018827553532 -0.78543019649694057
5542 -7.027666789194762 -1.4014101524830123 -0.042285493598202065
5543 -6.7229530332074487 -1.2564196447774298 0.50551530558098257
5544 -5.8101913681374606 -0.317455417665368 1.4205870385748638
5545 -5.852357770626468 1.2986243802496338 2.070289189422208
5546 -6.8003712839652373 2.5128094230501197 2.5843097124108896
5547 -7.6307923212647442 3.2947357710070082 1.779101027541349
5548 -7.9407587382401363 5.1283482225387447 1.1668344665216333
5549 -7.3339609905498389 6.7522079561775303 0.6736455287765426
5550 -5.967622642590948 7.8960256550911927 -0.022671443163598787
5551 -4.8602728329966807 7.6085273746495332 -1.0149623777598173
5552 -5.0943173249688654 7.9168628741707838 -0.83733004950710355
5553 -5.3726188278222535 8.0607998392101408 -0.83858802234359253
5554 -6.1140226879804054 8.5019551737595656 -1.064574980219865
5555 -6.5575500374929625 8.8765437272236714 -1.0128451141896251
5556 -8.0333096955061709 9.7456784461215538 -2.6064486540341409
5557 -8.7754378264530057 8.3737750804297075 -2.7841131845625959
5558 -9.1341774412026684 6.7807531649260149 -1.4135031351049561
5559 -9.6726485319572255 7.301412960999448 -1.6710518147283278
5560 -9.8556460110275808 7.0582418868093812 -1.8272840246772097
5561 -10.120249168654338 6.8610237339592857 -2.0479181994445064
5562 -11.282800899284785 5.3665786788989251 -3.0494005697237041
5563 -13.280769566439975 3.2028319475342744 -2.0107970471884924
5564 -13.102816514750337 1.5259838248123003 -0.27701959387234509
5565 -15.337679194647064 1.4001297862502566 -2.0479661178588451
5566 -16.156727683319101 -1.1901141530003692 -1.6741083197193143
5567 -15.959853265974264 -3.9320958350726247 -0.95283810847810324
5568 -14.704844213002948 -4.6118554400954404 0.71855532907478159
5569 -11.692080050876816 -1.1969482913302181 1.6411168118339097
5570 -11.696554168509024 0.65557977570768355 1.2300032928649909
5571 -11.295101265043495 1.4204924661134712 0.81847277933369311
5572 -10.656839627416565 2.0264273587348773 0.64858624014925681
5573 -9.8588331216065797 2.6427422537797942 0.63835889801956747
5574 -9.1044077778872321 3.0911824670487058 0.33629736605861393
5575 -8.1640285910866233 3.3905525558566283 0.21320915395793538
5576 -7.5026405813045711 3.6605487443617051 0.57274963885492125
5577 -6.148837966613236 4.3426074112823354 0.16581291457086053
5578 -5.749269821156207 4.4014883427310441 0.11407067671065746
5579 -5.8490899660134756 4.361940832372122 0.081367627365910702
5580 -6.2987904613680978 4.4612593805871104 0.90617382371323185
5581 -5.4256504254242781 5.4440873510399657 0.89409066043828234
5582 -4.4422110736903333 6.2502635809747193 0.089893371136877065
5583 -4.775133447853511 5.8673228946830891 -0.12296916063640528
5584 -5.2701251459382297 5.3727364444834498 -0.33084680996073568
5585 -5.5070490660603406 5.1359887778239788 0.34567120548380714
5586 -5.2536947250750199 5.0387943513701074 0.98160507539450448
5587 -5.0678159821434665 5.8389493128364567 1.3254244841438756
5588 -5.5070215098137103 7.1936707617175148 1.4448513597514137
5589 -6.1524453563099177 8.4690911277546448 1.3342626897762184
5590 -6.4648354988888954 9.9368658513221479 0.94816343060712793
5591 -5.942615059668876 10.635747304121086 0.35685865442536069
5592 -5.5064748414394531 10.181460580851718 -0.53759420852484596
5593 -5.7458890492922254 9.9094842664007849 -1.3280695898547286
5594 -5.8656779507899657 9.4281583180833586 -2.0199978604528988
5595 -6.3511682208028102 8.612806356776229 -2.4643788816112173
5596 -7.1197761066866105 7.964108911193744 -2.706442042491227
5597 -8.228239549611029 7.4884377404489442 -3.4672618209269208
5598 -9.2928346365036827 7.8180720556946399 -4.0979978784764146
5599 -9.8892723632947011 8.6922572595116705 -4.7809867065462228
5600 -9.7051640711738223 9.1730257446204533 -5.5702370908415437
5601 -9.5674872317092046 8.7943262408629224 -6.2894135233184238
5602 -9.7991889471186067 8.4056609486419127 -6.92596158245955
5603 -10.147198974092715 8.1391866351327486 -7.5902387039963486
5604 -10.366999246599208 7.8560097379329665 -8.2730239190466239
5605 -10.791534315747835 6.9715786657816556 -8.5359473465057416
5606 -11.369006257923981 5.7001379770330303 -7.1930007893674102
5607 -10.858361164303323 5.5064884333623443 -5.9023276545366938
5608 -11.161427042928864 5.2486870505596066 -4.3471471208507797
5609 -11.918991480030771 5.9254109641155397 -4.7310372476610274
5610 -12.489985776729348 6.8038093696319866 -4.8375205960418217
5611 -13.278811224845754 7.5685529395730367 -4.9701564886258023
5612 -14.372072876957498 8.407558460684653 -5.1274380645760882
5613 -15.477891972983443 9.1459319441732791 -5.2541597835293548
5614 -16.765618673360994 10.025672954806994 -5.3673693677568366
5615 -17.864438855574466 10.886069266088455 -5.4421898743508166
5616 -19.014970094643221 12.01760975489964 -5.5153456466593873
5617 -19.937067345459539 13.328728824520955 -5.5962537422898828
5618 -20.40581717846117 14.584680461230914 -5.7041463680739746
5619 -20.447622756739428 16.000994709220546 -5.9055677413955712
5620 -19.934235101759565 16.972163107383491 -6.1868562369427282
5621 -18.968529510124171 17.379342950524372 -6.6407818180411038
5622 -18.36960770704551 16.961047686991215 -7.1483865403113231
5623 -18.327553907435153 16.248427146060425 -7.7678541389324014
5624 -18.513749470203258 15.743783928395363 -8.2595231797248214
5625 -18.51631021191848 15.743483098310691 -8.2635886300608075
5626 -18.908174579478484 15.035389056263639 -8.6571333253160105
5627 -19.420513220224244 14.629218635801722 -8.8902304586639129
5628 -19.420454747461484 14.628595040370826 -8.8924611803357578
5629 -20.109793267609767 14.33565707979068 -9.1934599378011601
5630 -20.392745152168132 14.31631461985512 -9.3168275631764708
5631 -20.325073150440407 14.356732849623523 -9.422324100866371
5632 -20.205122860018015 14.397909357753001 -9.6135295821860236
5633 -19.894191395023668 14.334953808503979 -9.6729292819988792
5634 -19.367836506293706 14.181898240939177 -9.7747866102716898
5635 -18.979598711638104 13.925604841667425 -9.8032663870816172
5636 -18.608703762105673 13.571722679205127 -9.7309206577392864
5637 -18.084436945353559 13.243175294009557 -9.7979021785406069
5638 -17.445688144141464 12.716349881107973 -9.889989906982585
5639 -16.929217511061577 12.084137082894362 -9.9575155037447338
5640 -16.482851238514542 11.200958772758611 -9.948702087157832
5641 -15.898706283469128 10.174538587413357 -10.501556139142842
5642 -16.104236612574248 9.8631368510898518 -10.559894469384137
5643 -16.648936556353647 9.8976558840265909 -9.9849932710890954
5644 -17.053262329707856 9.0764859815755301 -9.7645758182536877
5645 -17.602437289218656 8.0721186011186798 -9.7356809337275454
5646 -18.517432187326573 7.5585532427361439 -9.2604017618133092
5647 -19.839936843386006 7.0655171967249846 -8.8391358386817487
5648 -21.378902687646693 7.3580159332437276 -8.2169896618670517
5649 -23.5905599627187 7.8897965102384457 -7.3561220738993516
5650 -25.784001363475795 8.8874080802207089 -7.222461812893858
5651 -28.085893543290311 8.5087100762686099 -7.1736611898264639
5652 -29.651623211842224 7.297147487971591 -7.2286856418445566
5653 -30.355325952595834 6.0162381967921013 -7.3215738342728969
5654 -30.610292306334404 4.6748815120528366 -7.4145756255209205
5655 -30.510589926395156 3.7262704049824569 -7.4652463032844807
5656 -30.260949686283382 2.9015325141028967 -7.4521964336293811
5657 -29.994344122224643 2.3408616747130182 -7.3503918187493289
5658 -29.647336355013653 1.8435430697382866 -7.1404637969285414
5659 -29.265189318806335 1.5121578222090877 -6.8796408006551788
5660 -28.720289223159952 1.3078509142712944 -6.5140018268703921
5661 -28.104910191242588 1.3035330973005355 -6.1323541675858477
5662 -27.236942670637831 1.5326335971175853 -5.6425681589077481
5663 -26.243551783024543 2.0817173540478846 -5.0940231318472318
5664 -25.470991315152755 2.9248585903484661 -4.5849169058429364
5665 -24.99230940524151 4.2215416155150427 -4.0202293163250573
5666 -25.167040351496848 5.4371520618516467 -3.5293026923732658
5667 -25.926339958922075 6.571269661041077 -3.0182252770171294
5668 -26.936309811878793 7.2205188429906855 -2.6063541141314763
5669 -28.307990805341777 7.6158837338321224 -2.1890285258997744
5670 -29.643609734303258 7.6837384275671869 -1.8746346487442844
5671 -31.225854625110316 7.5315583505790542 -1.5718728400752888
5672 -32.689575397586346 7.213470499146994 -1.3320924785059716
5673 -34.385203377563165 6.6918360789153146 -1.1024927150312545
5674 -36.09235647935828 5.9955360856680686 -0.91656011974520313
5675 -37.582877686888843 5.204534204308696 -0.79199569300637984
5676 -39.169953462648124 4.102422142405592 -0.68291960297899079
5677 -40.356756841821429 2.9088766854105561 -0.60467159345390886
5678 -41.373167972954299 1.3755149452325042 -0.53634414750608839
5679 -41.843870664534101 -0.08102200941340687 -0.48747297638760756
5680 -41.84744944887322 -1.6418898160207611 -0.42455791539057697
5681 -41.35246748986539 -2.7140317133434926 -0.3318442498056855
5682 -40.523827611218714 -3.4393929405041286 -0.19852727988103747
5683 -39.81530056907301 -3.6171726086175076 -0.049122144744924323
5684 -39.214846068118064 -3.5538171071091256 0.15395146984207317
5685 -38.680470544336188 -3.4264357118587934 0.34891248707514355
5686 -38.104701630815292 -3.1541668600594317 0.51256093099023126
5687 -37.449569321619734 -2.5036374111274071 0.69583322921376856
5688 -37.15556441148042 -1.4265543291864606 0.81627652562129449
5689 -37.401715248918073 0.082641218086892732 0.9271842838521609
5690 -38.295621570179989 1.4203485374393114 1.0170732397163893
5691 -39.915508149910231 2.6315571818626049 1.1101698279287304
5692 -41.770150466459818 3.2949963377214928 1.1939866729989794
5693 -44.071070181376371 3.6334531803642629 1.3154584917331338
5694 -46.159728863758886 3.6078508353427363 1.4545249633506105
5695 -48.410027290175435 3.3557817033958997 1.6439377901035317
5696 -50.483857107535492 2.9389813521762398 1.847771798029759
5697 -52.180535947608981 2.4784495126516397 2.0313386779007563
5698 -53.940061612960662 1.8964234907093882 2.2399521265038689
5699 -55.371907558887422 1.3293637354669934 2.4201192415878618
5700 -56.866087075292029 0.64709228214515946 2.6218257752455658
5701 -58.064716810071545 0.035982231497738049 2.7992924341440677
5702 -59.278977041400239 -0.61981580893700627 2.9892147567554699
5703 -60.248351623829585 -1.1517173033989492 3.1545656599955878
5704 -61.207920397592218 -1.6826480412107165 3.3460295202420589
5705 -61.938808253796047 -2.1098513634601455 3.5312825802854304
5706 -62.619841024478809 -2.5809220539206827 3.7398466092624369
5707 -63.172036353551384 -3.0745268991319961 3.927119778740972
5708 -63.584047781293265 -3.5608238494391218 4.0720586752091998
5709 -63.96423215854449 -4.1559845112340721 4.2234427164950201
5710 -64.236945034938131 -4.7377502963027123 4.3505670676176731
5711 -64.467586891131617 -5.4382984069935372 4.4723531705328856
5712 -64.612630465524063 -6.0980546100169448 4.547269378967262
5713 -64.690766259305036 -6.5375859679227073 4.5449872259593977
5714 -64.727568085183606 -6.6941261416453077 4.5405094194869493
5715 -64.797980986473945 -6.8623734898903681 4.4369500478767305
5716 -64.822856822250699 -6.9337639441029673 4.451699592756504
5717 -64.860691113917042 -7.0103813037722134 4.3883261173403749
5718 -64.928825636101053 -7.0650564222457035 4.2438946571201113
5719 -65.289114973029868 -7.5193659801089705 3.8578735743188459
5720 -66.002549538984795 -8.065339873140223 3.4092697203388775
5721 -66.886996454194374 -8.8653184483326974 2.9950760584707061
5722 -67.798238615778104 -10.352959677047313 2.8921231077712224
5723 -68.704607086149082 -11.586606875799152 2.8240484351439012
5724 -69.834046818657569 -12.851882827671924 2.7870587601019103
5725 -70.922217779846207 -13.794433811787121 2.7882431114024953
5726 -72.184611818390934 -14.654453074527709 2.8258026095572406
5727 -73.298969229546003 -15.223277222293426 2.8798774957387487
5728 -74.484777705809293 -15.676944694495084 2.9557160011580237
5729 -75.582329960214281 -15.984782292075801 3.0500641557451336
5730 -76.471442700649078 -16.179984035623225 3.1346933570748501
5731 -77.376224834832456 -16.356688537107949 3.2302230838208446
5732 -78.114164001499574 -16.502549767440659 3.3071703773747236
5733 -78.906315172676159 -16.677100034836585 3.3700016206055428
5734 -79.586548102581133 -16.839145829277978 3.4095374447981817
5735 -80.370787872215416 -17.027328171455988 3.4236522735884529
5736 -81.079160123779857 -17.1759855163777 3.3924026716342057
5737 -81.884753614671197 -17.296229857185981 3.3116754642913966
5738 -82.626739459231217 -17.336587354231568 3.2009590298800106
5739 -83.443142803737558 -17.276678576574277 3.0155067258245989
5740 -84.215619981816943 -17.066442735495755 2.7700557142571127
5741 -84.819414570643914 -16.732037860088251 2.5034732519114824
5742 -85.336537167286806 -16.193049671630721 2.1628653205998023
5743 -85.598449435223387 -15.591909077209953 1.8089938406687687
5744 -85.606250359358469 -14.869475339726968 1.3861444956611024
5745 -85.354873044413651 -14.284407639255651 0.99346379586416222
5746 -84.817610277008981 -13.794511609038411 0.54245913172841709
5747 -84.190331820092894 -13.574183161273268 0.16261452705270313
5748 -83.402479880237564 -13.595900934597632 -0.22662638021252141
5749 -82.717094429191533 -13.856649056951767 -0.53276996584386138
5750 -82.053455990774026 -14.383869792506831 -0.84986446386371661
5751 -81.570889632374175 -15.102340646366365 -1.1445186611377198
5752 -81.520143961433575 -15.285211523829194 -1.2099183613823303
5753 -81.443513563889454 -15.489484721818421 -1.2454550778245224
5754 -81.363445949482724 -15.667850283029097 -1.2216297675464212
5755 -81.425423075381715 -15.553758172366249 -1.2765421419418228
5756 -81.515574281860822 -15.258444248071065 -1.3040547967812821
5757 -81.59199122580435 -14.760286076342485 -1.2095054222105412
5758 -81.785449288024736 -14.182808010910994 -1.267825011842715
5759 -81.993722715073403 -13.426253919529989 -1.4053439716040939
5760 -82.000913484691409 -12.809199241886606 -1.3692423861040082
5761 -82.095724187743969 -11.973943166173298 -1.6054500913575735
5762 -81.906137826887189 -11.366825878849504 -1.5555697269692694
5763 -81.872096891457375 -10.65698877348467 -2.1774153114774659
5764 -81.923362914142118 -10.630954376463562 -2.6026974315264648
5765 -82.510320862178673 -11.017438491816755 -2.4618279357959314
5766 -82.994660766807783 -11.165726822112289 -3.073562149919816
5767 -84.679913928609778 -11.007447136479815 -3.0489022055514625
5768 -86.718097187608564 -10.944603699223757 -2.4755225685931208
5769 -86.657822934005154 -11.17401394725421 -2.4127489308555794
5770 -87.113636480195879 -11.688680090612158 -2.3600244822540422
5771 -88.077858374462153 -12.170666105040059 -2.2258244455737675
5772 -89.173407063606163 -12.886392283105332 -2.2798462931693599
5773 -89.804169426962901 -13.416464974460538 -2.537293239766194
5774 -90.550879012319797 -13.75672902439133 -2.7244905570931723
5775 -91.534449585203276 -13.96351576439721 -2.8925321416060799
5776 -92.485377746385922 -13.986764461403446 -3.0133564593945317
5777 -93.594098819734171 -13.869605899908631 -3.1159738577019493
5778 -94.591703967649892 -13.670428776637408 -3.1669311087323009
5779 -95.736245697167547 -13.398034015669982 -3.1841030879893095
5780 -96.755745545522601 -13.166792589021282 -3.1645944692204955
5781 -97.915749095580779 -12.971114869282051 -3.0942677163225225
5782 -98.945739920760445 -12.907462524391267 -2.9932879347973533
5783 -100.08295698036171 -13.015867749024263 -2.8103165716314389
5784 -101.12194382233102 -13.403067355172347 -2.5158748328902334
5785 -101.79134921469542 -14.007262872014298 -2.1521818334295868
5786 -102.09455530240487 -14.878240374183811 -1.6189958531941708
5787 -101.87735510838316 -15.56032940144409 -1.0534431765002761
5788 -101.23043762402337 -15.993471230385422 -0.3779245258955955
5789 -100.58125881300018 -16.247425781811536 -0.42371063671035064
5790 -99.853055880375024 -16.562777425801837 -0.44981984900894323
5791 -99.203233473891657 -16.85473592589144 -0.44745018966526251
5792 -98.453571145696984 -17.174808016565269 -0.41008611633389719
5793 -97.730138716427561 -17.497466527785921 -0.41633316352714828
5794 -96.824807126650427 -17.862516233896827 -0.27340527204851894
5795 -95.91533958392526 -18.052312688779658 -0.089994488102637604
5796 -95.351310227348151 -18.038264020332946 -0.028305338642988342
5797 -94.824513115119615 -17.941960155295035 0.0092065692123050602
5798 -94.305104832208841 -17.794550899317084 0.1102048990745752
5799 -93.506630058938796 -17.592017478462282 0.24967961703164554
5800 -92.546031649149683 -17.575725140317733 0.064733868839097708
5801 -91.5878658673833 -17.649760328900093 -0.12357318512515719
5802 -90.812654104789374 -17.810897321101166 -0.27212772901923388
5803 -89.988417667813138 -18.098980695684897 -0.40138911203428684
5804 -89.273244659904819 -18.440091115117138 -0.4874514195332954
5805 -88.48010264574215 -18.890731632769775 -0.54653764921497494
5806 -87.783044735911574 -19.328472381901925 -0.57801743004348249
5807 -87.001729511918654 -19.836774682422302 -0.57949762080394707
5808 -86.211874182190599 -20.336344334703405 -0.55310189753302308
5809 -85.491722744808754 -20.762990286433592 -0.52058675100488716
5810 -84.653847676928962 -21.211761737875694 -0.46413289470236124
5811 -83.878275395098171 -21.564355351308024 -0.3868868800958114
5812 -82.984099506611742 -21.875741511606485 -0.27909777263060687
5813 -82.168199808806548 -22.062769250483278 -0.1679400474229909
5814 -81.236402981336397 -22.158130055071258 -0.036366544349373107
5815 -80.39838015351576 -22.140765998187398 0.074228788345327396
5816 -79.458486567040623 -22.013640733388961 0.19155545161734924
5817 -78.640552711955962 -21.811372893094283 0.29149325480592991
5818 -77.751464303608529 -21.492097037439631 0.39858567370758013
5819 -76.894910357218151 -21.082938368091167 0.4961418042541384
5820 -76.175463057041867 -20.66067643792428 0.56957072094785755
5821 -75.391658500501933 -20.123410967643377 0.63835825774001909
5822 -74.720280925201394 -19.606096833927694 0.68199819688108487
5823 -73.974667670346321 -18.983211802717129 0.71642596370007172
5824 -73.357599805094054 -18.307745594889418 0.98802096256928873
5825 -72.954601263047721 -17.403474132856729 1.3366019314004018
5826 -72.899222202811359 -16.559670218608133 1.6750940415367392
5827 -72.991994793900787 -15.528891751544702 1.6787129057011898
5828 -73.102263251768179 -14.503582621789434 1.7114961387648413
5829 -73.261437457670297 -13.660239320350756 1.8305077356777637
5830 -73.527974215669673 -12.74471102770481 1.9102236712760599
5831 -73.889231639195032 -12.001813218118704 2.1670243916951342
5832 -74.486955423452855 -11.277422131701785 2.4197850461366839
5833 -75.167442195428762 -10.699075460002739 2.6221000368170273
5834 -76.110587419248532 -10.025653761095233 2.8362426307184636
5835 -77.164097901504334 -9.16255617715575 3.2333904747882141
5836 -78.214871719545116 -7.5677233076389019 2.8931457477034717
5837 -79.130688090229256 -6.7063003244683497 2.6241441933783283
5838 -79.644064404996243 -6.3021138953835845 2.2851627942434227
5839 -80.151563051487059 -5.926140798332332 2.5918851979041633
5840 -80.661340584870601 -5.6880091370334842 2.476053332622334
5841 -81.023903120257856 -5.4409906163522255 2.28509724747662
5842 -81.44301006934684 -5.0897208242352825 2.372504112448516
5843 -81.58016748719885 -4.7921650960884854 1.6748822178391498
5844 -81.544360419552802 -3.9019372071930207 1.4237469714143693
5845 -81.332978015165125 -2.6346541529952954 1.5775810620186617
5846 -81.428450923883574 -1.503321181822366 2.0965762850660283
5847 -81.71450396549244 -1.0859422695009979 1.7830921373480899
5848 -81.932448523210454 -0.17749086131241754 2.0285503560524214
5849 -82.364372164526685 0.4479518286317557 1.9990547659020375
5850 -82.696914049991051 1.2900035613890786 1.9947658339096368
5851 -82.768803259151738 2.8055117288521556 2.1038847418776037
5852 -82.443295928366055 4.8330908925418683 2.4866934545609278
5853 -83.270349613801031 6.0676272288552351 2.9490809470804589
5854 -84.612390689067809 6.2356167466296482 3.6500896275782915
5855 -85.258280138946489 5.4473474403790423 4.4128905827860185
5856 -85.2285601072129 4.1643422234046685 5.2749826544666423
5857 -84.795110730187673 3.2409435683962089 5.125321025034526
5858 -84.500187429996586 2.1273938850901626 4.8966159622483243
5859 -84.571833091009694 0.93560787212388941 4.8556579000856184
5860 -84.912614789156933 -0.47041323957703152 4.7624927617991393
5861 -85.180929192674284 -1.652784042946434 4.7093391969261491
5862 -85.620562785541281 -3.0077496112095834 4.6858603466760309
5863 -86.50119061648715 -4.3974531560670354 4.6410845118470565
5864 -87.486940821536692 -4.9519850803676686 3.0732906381597589
5865 -88.665452704097888 -3.6949816441370165 1.7055086935699735
5866 -88.780563543670752 -2.422512335089186 1.6847089260515156
5867 -89.018312232001193 -1.4181534727308189 1.9910911812460694
5868 -89.173825254868362 -1.0451033151877818 1.8120774736773371
5869 -88.970080330556144 -1.1188843651321259 0.97251859830737897
5870 -88.111771222932418 -0.32278452053888168 0.67149988368656244
5871 -86.464533463803178 0.51313111591006855 0.83173180789058354
5872 -85.407575786337603 1.5338272611588042 1.3868935011086616
5873 -85.403753893482616 1.5309790198554702 1.3924377419543075
5874 -85.074334141422867 1.5064788315769302 0.084601842160039256
5875 -84.188362110438135 1.1411360347295774 -0.97077094815787435
5876 -83.791407932192186 0.37435321054256393 -1.2749358723466864
5877 -83.396573542616068 -0.73552904670892927 -1.2346922468279784
5878 -82.927930569539186 -1.6624875020256158 -0.93786844091055821
5879 -82.930085716134329 -1.665063482517616 -0.93448890175320143
5880 -82.58684578415064 -2.0860960220530429 -0.79601519822763889
5881 -82.268662128950112 -2.3922565040113866 -0.66402909401442645
5882 -81.637005390471927 -2.8618310133988225 -0.62382903458696304
5883 -81.067778039364882 -3.2405382491799291 -0.55603049650491831
5884 -80.323040400425384 -3.4822750308953019 -0.04094447240515732
5885 -80.322801472769427 -3.4824485782583863 -0.036826207526653457
5886 -79.729631851513815 -3.4803887617154379 0.044034692712034473
5887 -79.150980182521209 -3.4250569168730158 0.15576584791772349
5888 -79.151029291339142 -3.4256042872338845 0.15681390315138807
5889 -78.59603455253 -2.8891483398256943 1.7218108767755393
5890 -78.715657750467699 -2.3966986254892024 1.9126536054671912
5891 -78.716881566423552 -2.3965182746004658 1.9147896038790597
5892 -78.882449008449015 -1.9593853844987748 1.9453065125552664
5893 -79.023100228806129 -1.6312025217177171 1.9969516735836288
5894 -79.237583083211263 -1.2971948943167109 2.2450049286197626
5895 -79.50781155891741 -1.0267207544361259 2.440908101515749
5896 -79.683743774759208 -0.84843766962452927 2.3299173674424005
5897 -79.683132185779243 -0.84978975884949715 2.3284762450388481
5898 -79.734097341886624 -0.76474613179155293 2.1635865479842979
5899 -79.733336934645934 -0.76695006213316885 2.1611946320581659
5900 -79.931788152119594 -0.55542753926152266 2.4141628075879753
5901 -80.071033774652577 -0.4576961534268702 2.4526466976969581
5902 -80.164771414272792 -0.4452191521718627 2.5753403732061706
5903 -80.273316892887607 -0.4229075544637293 2.6529534440511533
5904 -80.272071090828504 -0.42503703024842632 2.6534942576403364
5905 -80.331621821232915 -0.43528727048408578 2.7569643622296014
5906 -80.415715532058698 -0.44594398735276752 2.8174758577314147
5907 -80.497464535325179 -0.44614829986141635 2.815574905914938
5908 -80.583591607043331 -0.42716710904960409 2.7488271196963967
5909 -80.617447660855561 -0.44108294699922346 2.7787905829869932
5910 -80.771104914691222 -0.41186702734004177 2.8151036583786526
5911 -81.077377903679334 -0.33349936463164465 2.8761967097328389
5912 -81.458548122737639 -0.28333920968433102 3.0388508690293321
5913 -81.828548502041386 -0.27261900075834511 3.1174382359633657
5914 -81.828133841043552 -0.27433440514771501 3.1180114593138439
5915 -82.264170435636743 -0.27474709755021509 3.1295865487033923
5916 -82.316836047086227 -0.35272319266942276 3.3838886098716476
5917 -82.314399481037981 -0.35580068421551436 3.385970344595691
5918 -82.45402608338938 -0.43567285815385315 3.4930960708762258
5919 -82.667162116502965 -0.52896745571336057 3.4655067078556741
5920 -82.865658128585054 -0.57395857933803374 3.3119809722433171
5921 -82.720606483186842 -0.59914081517316586 3.4934513999829893
5922 -82.633775351172034 -0.60556031019223489 3.7143994763452737
5923 -82.712068084207061 -0.66730738228495379 3.73471321913514
5924 -82.855562636719526 -0.70286381466197212 3.5386743901444468
5925 -82.899278677872672 -0.66310239942009064 3.5578566792530237
5926 -82.928679445540965 -0.59688232364672 3.3813760663669323
5927 -82.728535424450655 -0.45255393882443173 3.4025410841250747
5928 -82.72351266384085 -0.45449071695158882 3.4018069009268372
5929 -82.591876890428154 -0.22399534829748058 3.2200258062162637
5930 -82.483158973685988 0.001457650926614984 3.1576102182098711
5931 -82.633348011707824 0.25584887003519796 3.0240866040889123
5932 -83.089963369199879 0.43147638634395202 2.842476715252003
5933 -84.013645463128015 0.49511092391496647 2.5900772601494868
5934 -84.969222128226335 0.47899298098981236 2.6331809465623692
5935 -85.873628514097078 0.64276197940580593 2.6480561116285659
5936 -86.525495308249774 0.8857687605314799 2.6420924391420799
5937 -87.130162519864825 1.202043377097231 2.6214662788384571
5938 -87.572421666210104 1.4859845369435936 2.5897472505040708
5939 -88.027629528547052 1.8008309261899778 2.5495770610130735
5940 -88.474605947112281 2.1160121638649452 2.5179250375653734
5941 -88.827530967122485 2.4378928467242513 2.268251878393635
5942 -88.827029169844153 2.4377015504748178 2.2659793437597049
5943 -89.130188303973938 2.9107940491608364 2.0052078301229503
5944 -89.30800020058301 3.4128898041981364 1.8039186373747029
5945 -89.395768508547405 4.0252895014489525 1.6059369077929118
5946 -89.377588916622159 4.603509776809096 1.4671454173130827
5947 -89.227929743125983 5.2353758098596002 1.2026133178167702
5948 -88.951710564389941 5.7982807727815455 1.0386947232470949
5949 -88.529860806960627 6.4003517311826554 0.90462001634481115
5950 -88.041029410300993 6.9076415987108941 0.74227617718577921
5951 -87.330219764978651 7.4261498527592664 0.57913176588133708
5952 -86.461927457215538 7.9052671451598266 0.55324946682248821
5953 -85.558968738496333 8.3482835906837813 0.51798079602431846
5954 -84.519256798874807 8.8276361188498846 0.44231471421890445
5955 -83.454544600514041 9.1756255486693128 0.4048232814121131
5956 -82.253193884695264 9.5259142614110157 0.44460912405869113
5957 -81.247002144768175 9.848223448187543 0.48711618721641142
5958 -80.247335243968521 10.24559825797988 0.57948184511826861
5959 -79.422870013131728 10.694003829784537 0.77555464589338485
5960 -78.481751233084552 11.311182914311974 0.85653786566922407
5961 -77.276185281355524 11.662311031661543 0.65099256409570372
5962 -76.05030275444544 11.988517674568058 0.48505330762372323
5963 -74.973347601239851 12.305220491124041 0.40093291213927595
5964 -74.143864503594813 12.606714898512308 0.4046931132486225
5965 -73.331467841611243 13.0002637608839 0.51448887890136263
5966 -72.749050205122543 13.414852220585098 0.71699442941090941
5967 -72.299517358726007 13.953774340718116 1.0592466979495054
5968 -72.114374826762173 14.442174134689541 1.4560075768656187
5969 -72.146275169281125 14.939063970925872 1.964168711961733
5970 -72.347071546539652 15.310245525291835 2.4478680889850852
5971 -72.823500933651502 15.606470732943695 2.9681358709748173
5972 -73.520982977556528 15.597676641897806 3.3557781543915737
5973 -74.51377535087137 15.102407083873395 3.3970683935695281
5974 -74.513580126164186 15.101658762675264 3.3971193454273214
5975 -75.489161670570297 14.07964132640846 3.4076382616945713
5976 -76.117770259446814 12.753269712205302 3.4308251434299013
5977 -76.439062481311666 10.972113727502855 3.5000205622732539
5978 -76.289489792307606 9.2622788538839611 3.6133545893712182
5979 -75.715596554999635 7.3603594466756928 3.8117561927265875
5980 -74.906225543557269 5.8037337536953153 4.0500724097800642
5981 -73.837705020214955 4.2924383038444116 4.3810445348897495
5982 -72.858135747857133 3.186589753275872 4.731068578192108
5983 -71.719002179341558 2.2967741322336126 5.2776493891951581
5984 -70.413104658461066 2.1692774126684444 5.7671468428633013
5985 -69.099244060237439 2.6788190205315612 6.3322520507008333
5986 -68.223920872068774 3.6587661206867592 6.927690097407746
5987 -67.925810335342547 4.6691271878602105 7.4798249487177317
5988 -68.067798231444257 5.6765506064030928 8.123575009700394
5989 -68.537216227918563 6.3096186859822723 8.7128790984671713
5990 -69.244465266707792 6.599341354433709 9.3774657019890366
5991 -69.859560524802546 6.4654815783523585 9.9569098108193366
5992 -70.315892794926086 5.9762771967027453 10.585274293259294
5993 -70.411793244332287 5.3924747395878523 11.107512209423446
5994 -70.220550323714846 4.629825595630841 11.290161818981984
5995 -70.220289981414567 4.6296756513872452 11.291680416784308
5996 -69.950369277805194 4.0103847614058479 11.44146372948153
5997 -69.55173015527761 3.3809953856266493 11.599049647786238
5998 -69.06351570242488 2.9186764005697134 11.999136127273365
5999 -68.501108156933 2.6882931049054291 12.323595810190911
6000 -67.823869686833547 2.6450314900851608 12.655828553621765
6001 -67.24226136986421 2.7844390318253729 12.926748945840746
6002 -66.660134347100197 3.1048003317697757 13.209926306808113
6003 -66.195459597725005 3.4109356403864917 13.048760120776343
6004 -66.195526440530699 3.4114660599889843 13.04700772959607
6005 -65.658750077688779 3.6374130090610177 12.847630540340745
6006 -65.187040097295281 3.732253058979726 12.658212057010211
6007 -64.679462735815278 3.7232202360206514 12.424544594563422
6008 -64.270041681198308 3.6147229418850264 12.195324915064383
6009 -64.270149430809127 3.61530228026594 12.192563871365541
6010 -63.798359806551396 3.4452977245920864 12.22674313686286
6011 -63.333287891511553 3.2872474254611221 12.23484110341079
6012 -62.936271406832454 3.1497021139064807 12.219632555694382
6013 -62.507446684562638 2.9868436218911083 12.179959791237451
6014 -62.233674416074663 2.7896891837615487 11.771461365774055
6015 -62.233959012801407 2.7901201177757562 11.766396561737809
6016 -62.059312820011264 2.4670740510155591 11.301067197257964
6017 -62.039499202221052 2.1521865802929114 10.889478617223123
6018 -62.161153762778646 1.8258144563910235 10.448683090130489
6019 -62.347960330990105 1.6244447546416905 10.109008381313467
6020 -62.347984989463342 1.6250184362022195 10.10445001652614
6021 -62.598714374204619 1.4894733999085836 9.7810187688819532
6022 -62.824484049003843 1.437760125552739 9.5385804854640757
6023 -63.05851434391915 1.4382814859323272 9.3115291780910727
6024 -63.256838417900987 1.4791786920259429 9.1259870109291317
6025 -63.406160894782104 1.5360062674515484 8.9855174278425984
6026 -63.564442295912585 1.6238323457900847 8.832857643473508
6027 -63.712327150595378 1.7385615937989323 8.6690678304493414
6028 -63.880234686567391 1.9239389059581455 8.4648631166572805
6029 -64.007969523579348 2.1397289739223724 8.2630634966319452
6030 -64.096505750640816 2.4092471089181915 8.0514173948430283
6031 -64.124461707341183 2.6782260152629656 7.8392774914193568
6032 -64.079198941487476 3.0015089918797173 7.5716593426497756
6033 -63.956850631828218 3.2822154344548791 7.306629892482321
6034 -63.87865531044055 3.6110480700679823 7.9033628535495932
6035 -64.011946455830184 3.8869669374897566 8.5712645256047839
6036 -64.011306782272399 3.8863299962704159 8.5796927252588517
6037 -64.250968117204451 3.9998897317271034 9.2231173663032173
6038 -64.601955170963592 3.9175377847817598 9.9725368711646443
6039 -64.868594453294236 3.5999608500699822 10.626814495815227
6040 -64.86800133203262 3.5992791067936025 10.6345695033678
6041 -64.891541341905153 3.0360315104887796 11.339170473607824
6042 -64.819265294759845 2.6871743357536095 11.134366648401191
6043 -64.820226624716298 2.6870791920152644 11.132678106418547
6044 -64.811749318228109 2.2807177304003403 10.946363430887626
6045 -64.805714190545203 1.926337971041495 11.096013144676327
6046 -64.74090532009717 1.5532161082168174 11.255422512676743
6047 -64.638965913992394 1.2454937053897799 11.390689331685788
6048 -64.482033881477733 0.92944625766709688 11.534590567345131
6049 -64.291984185009454 0.6517384294030788 11.665279509570839
6050 -64.105555337349656 0.43941736678669585 11.771788925579262
6051 -63.975655631913952 0.21114470052423634 11.38397036765471
6052 -63.93653891512826 -0.0010133500674510548 11.073493223519527
6053 -63.958393334953684 -0.23972217506771989 10.758196378173668
6054 -64.026170040957197 -0.42939597789164141 10.513917857487435
6055 -64.136981830485809 -0.60462837919794898 10.277949301839231
6056 -64.266559042772698 -0.74323410941567092 10.079936144910635
6057 -64.434622734813303 -0.86621476213544768 9.8742143959044064
6058 -64.604786242994578 -0.94809328901918899 9.6955341940023168
6059 -64.842612073645086 -1.0188924638920862 9.5258573864884184
6060 -65.136003565841037 -1.0555524311858879 9.3369115479895513
6061 -65.438819485209137 -1.0356995651800411 9.1098757688188368
6062 -65.810696845650284 -0.91006298215821713 8.7467224452855241
6063 -66.085119143075246 -0.67761049173179655 8.377225105594885
6064 -66.252896205547387 -0.32961729420081698 8.0050350660363101
6065 -66.265346284923822 0.024440576509783596 7.5799361567897643
6066 -66.075240729595137 0.40164247999259467 7.0297737249915588
6067 -65.718570472485283 0.65305162715861131 6.4560986263840681
6068 -65.101462571523129 0.75252210900322614 5.7417645066064411
6069 -65.101984264236606 0.75314646768173732 5.7346680151935976
6070 -64.44456812646402 0.53879353636445582 5.0176190030793908
6071 -63.581960498567888 0.079244453584774277 4.7479373232676032
6072 -62.960752055691351 -0.66894631160432994 4.4407455103521745
6073 -62.743506057496525 -1.4438791917273937 4.1471518081655265
6074 -62.842281943144968 -2.2618862629208092 3.8082118199542347
6075 -63.169958064978879 -2.8251675506679965 3.5020454123752116
6076 -63.683772851612247 -3.2557223434634812 3.169043850630024
6077 -64.198850831690166 -3.4593019227261719 2.8868284288213193
6078 -64.79427993700611 -3.5264706537029054 2.5848381789993407
6079 -65.305483441200622 -3.454972139722456 2.3305338493138876
6080 -65.851571024419314 -3.2533293391281761 2.055860284931732
6081 -66.299751138757387 -2.9699496461813917 1.8168054349991445
6082 -66.752386307438613 -2.5428854095966762 1.5513384491471287
6083 -67.121016454168412 -2.0119488532596259 1.2895188009326206
6084 -67.362362001364147 -1.461699169241218 1.06048228489638
6085 -67.521141647433893 -0.78087418496697247 0.81081787350092216
6086 -67.53472185317608 -0.15376003489370915 0.59682718343639385
6087 -67.408185075454 0.54824710946457889 0.36348717243528661
6088 -67.161086593087234 1.1384270083106387 0.1624994671791109
6089 -66.745790435111999 1.7354915777141906 -0.053359742907379104
6090 -66.272896902383195 2.1529065204539184 -0.23647501973459262
6091 -65.652794355776692 2.4796504382827003 -0.43820802305004203
6092 -65.063856858854876 2.6098014704097423 -0.61389864774951275
6093 -64.403167586655655 2.5812795908776542 -0.81020569378084994
6094 -63.819184933325374 2.3689119460243631 -1.0095202774179146
6095 -63.418787317769514 2.0562849905031899 -1.193167897056556
6096 -63.118533974163824 1.6260690724518847 -1.4045754901662313
6097 -63.0005405546231 1.2307580282182442 -1.5990744365782814
6098 -63.003724536199783 0.82537406722554585 -1.8206041708158462
6099 -63.09635275309401 0.52698566081261577 -2.0147509318263515
6100 -63.26536794941989 0.25456757857769619 -2.2326865845313053
6101 -63.446412484699081 0.078538437412406736 -2.4208051808719779
6102 -63.669753953152799 -0.063068652747698239 -2.6197249907005689
6103 -63.877100725440407 -0.14765698323556897 -2.7846280356281117
6104 -64.113555994778963 -0.20278957469067271 -2.9525569179644373
6105 -64.349752509310647 -0.22231208592183416 -3.1023250886379694
6106 -64.555072473300271 -0.21361618832512241 -3.2217541024020226
6107 -64.777214157709949 -0.17899729843191814 -3.339087585390907
6108 -64.963103057227727 -0.13084888576839027 -3.4297272297169412
6109 -65.157498530906622 -0.062581502278060253 -3.517884326470115
6110 -65.320361976343818 0.0089826950914864145 -3.5875832682108095
6111 -65.495930597725859 0.10115731680604334 -3.6594967094511128
6112 -65.6382365071659 0.18772855225443785 -3.7151520451966871
6113 -65.784724312712967 0.28818536592641708 -3.7687632803980322
6114 -65.906290175160393 0.38059310520314327 -3.8121343255382616
6115 -66.03473417794126 0.48711876501547824 -3.8567395071312767
6116 -66.155733085111578 0.59671358268136432 -3.8982391283413866
6117 -66.270928241191385 0.70969392592993485 -3.9369571514833832
6118 -66.410277653593056 0.85791045125200283 -3.9821288124065539
6119 -66.538876551136909 1.0070309803370476 -4.0224064487911608
6120 -66.690644174466101 1.1982196834861916 -4.0675013229910695
6121 -66.830478485003738 1.3899066403719456 -4.1057600060113879
6122 -66.990449727872715 1.6281155361751209 -4.1460862358512198
6123 -67.103699368206406 1.8139624139938164 -4.1531995821212586
6124 -67.241493717120434 2.0376213730645083 -4.1424775811844787
6125 -67.37553252150785 2.2454377895892192 -4.1124439530841022
6126 -67.542770260387755 2.4790584274889795 -4.0502494482348625
6127 -67.728909225721992 2.6995631164274538 -3.956571018037633
6128 -67.911133640664332 2.875778417353819 -3.8454656541212682
6129 -68.012341291069305 3.0052488030230635 -3.9153601160710436
6130 -68.111075642728537 3.1353552188494076 -3.9489518922490454
6131 -68.229278079654151 3.2915472077731707 -3.9487816853217166
6132 -68.344252957106278 3.4352262361006534 -3.9060159636294949
6133 -68.472720624587879 3.5782615818424417 -3.8172628337596235
6134 -68.578993525408379 3.6879677357560778 -3.7074524593542342
6135 -68.689874380598638 3.788120740772885 -3.5522426319979954
6136 -68.781772662195479 3.8687514924910289 -3.3953708554957069
6137 -68.908433901189809 3.9909630272793959 -3.4253697082474881
6138 -69.026554103127054 4.1198574117242899 -3.4657846586139796
6139 -69.168333686884438 4.2944017011214459 -3.5283655087065542
6140 -69.314847062925693 4.4955683509980364 -3.6136685635958687
6141 -69.4583883057214 4.7159711997542093 -3.7147610519221992
6142 -69.634151698608633 5.0152044997140228 -3.852279818426811
6143 -69.985719767876304 5.2977237009018889 -3.9282451196868813
6144 -70.301977316032662 5.6453255952289689 -4.0249348058854935
6145 -70.514401211447122 5.9670647718479524 -4.11973042358819
6146 -70.696107987561618 6.331705175192897 -4.2273151842950139
6147 -70.820490816456513 6.6517882402090329 -4.3147433394277428
6148 -70.937967272109404 7.0151377721458488 -4.3984659296744644
6149 -71.090298547187459 7.4669083243891823 -4.375415757988498
6150 -71.299071068761791 7.9171313180791749 -4.1478441202576244
6151 -71.660019814179648 8.3735120232067004 -3.8956615671121329
6152 -72.082034694644463 8.7024020326738345 -3.6710167281667241
6153 -72.780861204938361 9.0266690723663334 -3.3834007693999375
6154 -73.60620195421032 9.164126414319302 -3.1047790440030023
6155 -74.500255909733539 9.0339019414614956 -2.7389249485786764
6156 -75.217160039207457 8.6872447052537893 -2.5734808993895162
6157 -75.892068183159438 8.1896006708382671 -2.3508847228038596
6158 -76.21536611953222 7.7572425408757475 -2.0043733077439261
6159 -76.220790839242909 7.7478170888097067 -1.9510861078945267
6160 -76.109835143078399 7.7722619063187857 -1.5359640618970392
6161 -76.125800867918684 8.3320876994793309 -1.4354804956313243
6162 -76.160794379265923 9.0730991032169683 -1.0884435491842459
6163 -76.482787761842488 9.8586308604331254 -0.63766000557478053
6164 -77.296027949189153 10.44827840868351 -0.50645182579807901
6165 -78.119421881914022 11.014660886528929 0.10203382665082834
6166 -78.662520106934423 11.09098230270077 0.50385472530095587
6167 -78.614298557840314 11.139563273137167 0.51014162687142584
6168 -78.432253639625102 11.126721222087298 0.12017919865583213
6169 -78.753136444049602 10.983493977572326 0.075694513470826369
6170 -79.089297434238134 10.830919319583428 0.15311921627868705
6171 -79.298862877526886 10.620196700180784 -0.03697086547573758
6172 -79.357236326443115 10.436291900507484 -0.077401638420690366
6173 -79.394771031658593 10.169648719353059 -0.2882011593729592
6174 -79.355749246217641 9.8061390450626771 -0.64136044969120809
6175 -78.785355918995975 9.4033757024265778 -0.93179215418695271
6176 -77.964574918570449 9.1408555782520118 -0.8616630185289047
6177 -77.232117927587865 8.7500326318047641 -0.80992233692344351
6178 -76.73318133673412 8.3698676101932801 -0.79263272889504721
6179 -76.294760002370978 7.9461779349623525 -0.81508164760961577
6180 -75.990379905825023 7.5895064735885951 -0.87098084213823224
6181 -75.705153282991148 7.1935726986641821 -0.97234302574653531
6182 -75.470957338286652 6.7882952145444548 -1.1080192415057077
6183 -75.297895893026393 6.3864176411427289 -1.2359905925473231
6184 -75.194488470534282 5.6474906600576222 -1.6879799912454554
6185 -75.195084500380261 5.6465178924611967 -1.6914239908391435
6186 -75.425852660686559 4.9909681075728471 -2.2081412909414353
6187 -76.159376397851972 4.2754320730365158 -2.6445638364014643
6188 -76.994128078977937 3.9633623410865741 -3.0236031891587265
6189 -77.62911786953201 3.9677441750727351 -3.2969534394247435
6190 -77.925815837087868 4.0492850897661405 -3.5291310768482149
6191 -78.038856569704635 4.212716901782434 -4.02492365122799
6192 -77.812092035694391 4.0048071146855913 -4.3757431391012984
6193 -77.619374774265424 3.4151252137465491 -4.5410411041745018
6194 -77.536446831852999 2.6308049253232224 -4.5713942255532256
6195 -77.451765954057578 1.9359812868193145 -4.5842676254950252
6196 -77.373812239012835 1.1592073227553241 -4.5835806025422974
6197 -77.218174255441141 0.74195698211673644 -5.1639632104952859
6198 -77.259139626741586 0.33554841477487729 -5.7659882478142954
6199 -77.205457924365319 0.26507815985776206 -6.1658950793779317
6200 -76.589294271277154 0.44071277072163717 -5.7554944468507507
6201 -76.346068654759677 0.71667878211887093 -5.2574229346195454
6202 -76.442513827698249 0.91343368366924915 -4.5531286376297224
6203 -76.476886803229362 0.98936434255927352 -4.4096644047052447
6204 -76.703588458583937 1.4214986551433726 -4.0748412604909676
6205 -76.923237739329139 2.050738153953199 -4.8975732735074438
6206 -76.941493806918956 2.580113208989065 -4.4831724376506639
6207 -77.173615934993038 3.0311514784029461 -4.0408224661772332
6208 -77.520093230378379 3.3054198304303823 -3.6369816681543163
6209 -77.809552155697929 3.252943854513715 -2.9953613579851037
6210 -78.089571122507579 3.0812070794694666 -2.4606487846671175
6211 -78.088247272848818 3.0801360884223574 -2.4559198292746482
6212 -78.398524171171644 2.637388635227913 -1.9468774062993242
6213 -78.539302016679457 2.0065490592464386 -1.5834307559692422
6214 -78.532914784035583 1.2884736453111392 -1.5458504954425061
6215 -78.535991810574558 0.61102139632431007 -1.6466137634969582
6216 -78.661275505601338 -0.10722398588118653 -1.9129813894561123
6217 -78.931181693289318 -0.57612554850094111 -2.2878770598820579
6218 -79.241204836533512 -0.91874414247332925 -2.2780161315943963
6219 -79.239353416984557 -0.91932801093002503 -2.278770493241979
6220 -79.672096877443323 -1.1215554729736836 -2.9111096560168765
6221 -79.860426201498058 -0.93842837632500409 -3.5888073790534487
6222 -79.769803585938988 -0.63107558578945155 -4.4087036191078903
6223 -79.767159615754537 -0.63199282391031097 -4.4162244795738053
6224 -79.872359913769287 -0.3291540163029385 -4.2430022593508872
6225 -80.006673403158587 -0.10082273931812558 -3.9895465541797615
6226 -80.197006294526787 0.2245273812955989 -4.1366717722826101
6227 -80.34292631925328 0.65566712981253639 -4.1708362800527876
6228 -80.443298859139006 1.0933184433118588 -4.0879145145458677
6229 -81.176292087620638 1.8394433741877902 -4.3282617956019696
6230 -81.552574198368177 2.6280489520445967 -4.579651579063464
6231 -81.641459454317513 3.5568467236738344 -4.90640589886213
6232 -81.797659120847129 4.4583021563089842 -4.2293583848363552
6233 -82.385650669665239 4.9814641920646192 -3.5979752074828979
6234 -83.199497910561064 5.051153736006726 -2.8475612208395837
6235 -83.850776484654034 4.5268397423937641 -2.1648950169893295
6236 -83.89067988142574 3.1116247719193977 -2.0631648453319968
6237 -83.73528578658599 1.7697196833560573 -2.0897246737287922
6238 -83.459215756479892 0.22022304853701047 -2.0551141982184182
6239 -83.152884383234607 -1.0467414112067168 -1.6961382545062045
6240 -83.011345713264916 -2.0840182347832981 -1.3738296204592539
6241 -82.794279300126163 -2.6858420413709143 -0.98824410874071933
6242 -82.509290513685755 -3.1107524884575355 -1.021453123297859
6243 -82.208643736223834 -3.5313082053792098 -0.99976582927919955
6244 -81.359415068931639 -4.0651911857254559 0.35009493569064509
6245 -81.856348170561077 -4.2576637859098625 -0.15779671774103465
6246 -81.335029749819057 -4.2076863413724599 -0.44605113832761867
6247 -81.325837415215716 -6.5105658226935876 -0.78794307600843871
6248 -80.917171789566126 -8.0724012551103232 -0.85389177025277319
6249 -81.430253237781159 -7.4543732358849413 -1.1536808877725946
6250 -81.905953897566434 -6.8029488167375041 -1.9987978680314922
6251 -82.197003043885829 -7.0382780765845032 -2.4515229565785082
6252 -82.981165877668104 -7.7297441061675434 -2.3186183894088006
6253 -83.490165727127049 -8.6142402211776581 -1.5955567201178693
6254 -83.496103553912931 -8.6098791101091372 -1.5869751378739405
6255 -83.350927553516073 -8.5608452166284685 -1.4029320027196148
6256 -83.369846730121978 -7.6205060205868547 -1.7352303228023633
6257 -83.488026382226494 -8.1619116888585825 -1.912803915636456
6258 -83.664465541065994 -8.7144450355908774 -1.8730819574926496
6259 -83.865099315536696 -9.315462290308707 -1.9393337572959937
6260 -84.077030439907077 -9.8590007266863822 -1.9587312126994523
6261 -84.303971663355 -10.451854461457978 -1.9586255982791716
6262 -84.439114906057711 -11.002161212015739 -1.7345058240403233
6263 -84.457768744514738 -11.6565897383809 -1.5041015989961435
6264 -84.362992609303092 -12.228839094756459 -1.3281519117661622
6265 -84.151708449583793 -12.861154373848816 -1.1710676598851142
6266 -83.843746912020407 -13.491647741307366 -1.0544396459659682
6267 -83.516766102670985 -14.02793354459163 -0.98706271142245594
6268 -83.109173498763781 -14.61856715161932 -0.94906906650336953
6269 -82.72305078702 -15.144193174751404 -0.94329179745489755
6270 -82.283326718154044 -15.744211178013739 -0.96841139789636044
6271 -81.904669528008768 -16.289698140667294 -1.0133868600058618
6272 -81.508574357258723 -16.922938691577507 -1.0820333211338302
6273 -81.193757674313957 -17.50734834350239 -1.156572026287924
6274 -80.900745824389872 -18.18082201076902 -1.2586337470159257
6275 -80.708199167473992 -18.789843526356432 -1.3646262690181561
6276 -80.576514436710212 -19.493470520028023 -1.5010357029831267
6277 -80.553640891726971 -20.192488289402895 -1.6588777153148189
6278 -80.637531024331594 -20.780997459421584 -1.8227312508871483
6279 -80.851697721658354 -21.389549124848728 -2.0316322649767908
6280 -81.143399703765098 -21.850399229253238 -2.2436300831431515
6281 -81.577667225917963 -22.258051738384395 -2.5117613941735506
6282 -82.024294117619604 -22.484383322086899 -2.7800134075776648
6283 -82.565155100075458 -22.570833864075681 -3.1098243480167871
6284 -83.028695644695077 -22.496602218668944 -3.4112967858244216
6285 -83.499681328503272 -22.258848879492394 -3.7390862962661142
6286 -83.854109950695786 -21.930835219193348 -4.0058940941260337
6287 -84.164669402054926 -21.450875282628967 -4.2611120607366288
6288 -84.367010270201575 -20.889426975759285 -4.4728207981094998
6289 -84.453439208820342 -20.340388481193663 -4.629852385821474
6290 -84.450551981403549 -19.684114433348011 -4.7704255638579651
6291 -84.467421605597778 -19.184267879917318 -4.6254715925363419
6292 -84.567290082698548 -18.633935874824502 -4.4707749305759812
6293 -84.719605284580226 -18.168536544643874 -4.3441327782598744
6294 -84.956845858551091 -17.671110228729727 -4.2074239219843204
6295 -85.220789277908636 -17.257010010848834 -4.0899313243838895
6296 -85.569272433625613 -16.830220566288325 -3.966577765617529
6297 -85.92121616600069 -16.4861706658976 -3.8609749931070776
6298 -86.357475742564887 -16.144899933185293 -3.7453379740227719
6299 -86.837866090678347 -15.850154705801595 -3.6378011130933032
6300 -87.29256362271245 -15.630749256865535 -3.5499413273666529
6301 -87.810943039070281 -15.436660230984991 -3.4627643544892286
6302 -88.276723008066355 -15.305026398275999 -3.3941925875302301
6303 -88.798028491345519 -15.196967723001892 -3.3249377535461768
6304 -89.256001829276443 -15.132734382187966 -3.267566441618611
6305 -89.762938110731454 -15.091357160314351 -3.2102424060579668
6306 -90.220282116312802 -15.076854228674829 -3.16801530882372
6307 -90.745342761559982 -15.080231131718515 -3.1320563442495173
6308 -91.23200091091141 -15.096381653870125 -3.1096160186365922
6309 -91.791645172172366 -15.123289504630351 -3.0966161124742198
6310 -92.366739681602667 -15.152389209549009 -3.1008356024867885
6311 -92.892687742212516 -15.170482096205687 -3.1234470853024674
6312 -93.563056734668379 -15.209858594572008 -3.067165762973262
6313 -94.157703397129069 -15.266445418430884 -3.0274031012726588
6314 -94.834933157162709 -15.347627552188163 -2.9971218759286935
6315 -95.451022043835266 -15.426942429100693 -2.9883090897537437
6316 -96.160688355358346 -15.511433975857624 -2.9971967176479994
6317 -96.804338518444425 -15.570215511648142 -3.0248461721867885
6318 -97.54066979499396 -15.603518360641205 -3.0756555285271236
6319 -98.201966347841193 -15.591794071372997 -3.1440889866811936
6320 -98.940606172407954 -15.515726372153408 -3.2494788730793847
6321 -99.668134874966583 -15.355814394021362 -3.3805800035331508
6322 -100.28751851778 -15.133313090567725 -3.520517485408122
6323 -100.92625322412816 -14.785902284360827 -3.7112503410490243
6324 -101.41914597369214 -14.385604407938205 -3.9156412370302078
6325 -101.83667401128649 -13.85861914910406 -4.1738049053851825
6326 -102.06965830294482 -13.338397163369692 -4.4322679877502402
6327 -102.15116299106343 -12.71976305773029 -4.7558421097765322
6328 -102.05611235365511 -12.208597635292701 -5.0571700600110701
6329 -101.76668988454684 -11.71337006521297 -5.4232174323147273
6330 -101.38107141997557 -11.399038876175313 -5.7576135930361785
6331 -100.85639460442169 -11.224219203149689 -6.127780507824915
6332 -100.27850529407543 -11.249249750088699 -6.489428284678441
6333 -99.789965657922764 -11.437881060036643 -6.7941819892403075
6334 -99.320610232691905 -11.811606143224646 -7.1071625559954894
6335 -98.994764008750082 -12.264300353113217 -7.3547104442111353
6336 -98.754751458253054 -12.865543413628 -7.5949112643601921
6337 -98.611040452359674 -13.428054826325919 -7.6047885861603159
6338 -98.455106969650288 -14.053012717260398 -7.6058633020672684
6339 -98.316935593621963 -14.59268154863241 -7.5962161114104747
6340 -98.155116360547495 -15.191968386466993 -7.5797552001677211
6341 -98.002509519290115 -15.715269235495063 -7.5584537470024031
6342 -97.818660912830808 -16.290587506588388 -7.5306693264849702
6343 -97.615349743215106 -16.863237987470907 -7.493418741916118
6344 -97.416269914290396 -17.36078655110186 -7.4527124129672533
6345 -97.167353057926064 -17.905999277252615 -7.3981855577453883
6346 -97.02323575696802 -18.204234181972343 -7.469031701797622
6347 -96.858261028829077 -18.566821996417129 -7.4767925403910622
6348 -96.683048756146789 -18.904701473236386 -7.4141160182415549
6349 -96.496267665701367 -19.159783357640549 -7.4001306035076464
6350 -96.281514186313927 -19.384268238079436 -7.2826477695237708
6351 -95.986225921602056 -19.596464741764024 -7.1736710079942023
6352 -95.629877513405987 -19.85694981767098 -7.0681878293394318
6353 -95.094534059385012 -20.179606715156982 -6.8756205666808929
6354 -94.382635568326947 -20.58318538472172 -6.6062416876131538
6355 -93.678120645984748 -21.270138090809624 -6.5469044524795486
6356 -92.859516097251557 -21.787006739876222 -6.4645791309110123
6357 -92.15652966902725 -22.045197773081057 -6.3771323261634123
6358 -91.415241934829083 -22.175666668526556 -6.2611424223707948
6359 -90.798553063585899 -22.174867164263805 -6.1422676596584491
6360 -90.157006739908738 -22.065282200347593 -5.9916195558239131
6361 -89.640957382691226 -21.881657954657392 -5.8479983263109254
6362 -89.120957275789465 -21.589074810429594 -5.6756538436734543
6363 -88.721675473394811 -21.257854381770425 -5.5125871530168711
6364 -88.33990413648381 -20.81046839296604 -5.3286880031168922
6365 -88.042083926398647 -20.298430074893407 -5.144699420499796
6366 -87.85530258719686 -19.802038032713174 -4.9849525013610609
6367 -87.735002718784969 -19.215812785002548 -4.8137457251695768
6368 -87.711046621378543 -18.687993289948658 -4.6640141548932883
6369 -87.771557389819847 -18.092087754972319 -4.5042925637643156
6370 -87.902422937430899 -17.575903347255061 -4.365081843336351
6371 -88.129306213944787 -17.015747881887972 -4.2169812145245738
6372 -88.394091093294264 -16.552500492596959 -4.098309569807852
6373 -88.753331938096693 -16.066759095776934 -3.9797645607594552
6374 -89.085657807921763 -15.542773663368529 -4.16810368281031
6375 -89.35957775341187 -14.90451119843541 -4.3462563337064601
6376 -89.538437526136079 -14.230550944965019 -4.501026636463461
6377 -89.626677949176823 -13.610329918525556 -4.614234912154128
6378 -89.664258228712214 -12.898948970175315 -4.70841272137696
6379 -89.657760325566727 -12.274180312637366 -4.757210945753398
6380 -89.629644515699653 -11.60221358302984 -4.7700478760421392
6381 -89.602802494570867 -11.057333421212395 -4.7539837713380662
6382 -89.591396352283567 -10.895257927265028 -4.806535461767198
6383 -89.577943380204019 -10.768085668112592 -4.8302424789232914
6384 -89.564799392964332 -10.643331914955541 -4.8398661633503313
6385 -89.577876488561401 -10.713744749143158 -4.8963363926475791
6386 -89.631130645969009 -10.915601131397224 -4.8964833699625885
6387 -89.677904512908114 -11.081238800870498 -4.8832309783983074
6388 -89.668592490826583 -11.041577973937008 -4.8945114269018246
6389 -89.67742050866832 -11.084651927403424 -4.8901922369530828
6390 -89.682630053880672 -11.117458492431606 -4.8777810710233629
6391 -89.704070542425413 -11.21489727604979 -4.8089838272028596
6392 -89.70668605483462 -11.233984694614401 -4.8281329184241137
6393 -89.697029654406577 -11.160743133029502 -4.7630884905404569
6394 -89.694478007509204 -11.158592730630552 -4.8498069272224518
6395 -89.657966867759015 -10.981491453668397 -4.8884468984121039
6396 -89.633378306665136 -10.865092357914483 -4.8121379477978108
6397 -89.621392140253732 -10.800840768904893 -4.8820025696343237
6398 -89.619957411702671 -10.774804775330912 -4.8019446785246203
6399 -89.627387642687836 -10.818898684725125 -4.8155810104488319
6400 -89.636860734155476 -10.869590753001551 -4.822666277379053
6401 -89.653242588110686 -10.977780697625214 -4.9220720602467845
6402 -89.707394026628435 -11.153583240756248 -4.9055343731078658
6403 -89.73744820160266 -11.217490818031095 -4.8595689622643476
6404 -89.748848199532944 -11.299106857404627 -4.8050068196598863
6405 -89.732971389092086 -11.374952745767237 -4.7538516581329437
6406 -89.690637120823624 -11.453411745457702 -4.6974371316682193
6407 -89.636540001522107 -11.510324372881138 -4.6565762373251376
6408 -89.569799240492216 -11.571581903807784 -4.6318672333805893
6409 -89.518690247171207 -11.653443482807155 -4.6301450481272806
6410 -89.537357036470198 -11.886163408712612 -4.5664905789097467
6411 -89.590960586420181 -11.720163472656525 -4.5010614110575196
6412 -89.646482091847716 -11.656654823027431 -4.359654729456711
6413 -89.720266818536558 -11.646525536559398 -4.18106995027438
6414 -89.833375550338147 -11.534151159373275 -4.0576307694148763
6415 -90.020441209537665 -11.306380409489533 -4.0451507912036284
6416 -90.105310972741847 -11.269694993286997 -3.7600522279018618
6417 -90.145754333158266 -11.358879704379232 -3.5258057157701863
6418 -90.360550278131527 -11.362705124763997 -3.4027999703963423
6419 -90.933413063642632 -11.17627729560572 -3.321146331703448
6420 -90.421698252293439 -11.494804013244064 -2.966107498422101
6421 -91.18007560366749 -11.546438975635359 -2.4967372688044782
6422 -92.937223432810228 -10.940867242594003 -3.0112719406642858
6423 -92.113979985032969 -11.042012413222103 -2.6980802905258319
6424 -90.723140395582263 -10.867402872041531 -2.3569971720270382
6425 -89.566886176194956 -10.572819097110431 -2.0275993544995856
6426 -88.71839104898892 -10.410778530997021 -1.6805639226285791
6427 -88.692999256869371 -11.013450864499291 -1.4343307989931025
6428 -88.553535786047959 -11.814077407187037 -1.2350854021025
6429 -88.376153256941194 -12.631752410936251 -1.1184986208104228
6430 -88.162335194678647 -13.657090229630406 -1.0435737591287377
6431 -87.947489150838749 -14.76128018865683 -1.0319998137644149
6432 -87.754140636918763 -15.737812414951268 -1.0637949464015966
6433 -87.526963352412793 -16.803655355790365 -1.1420347581394197
6434 -87.332508049286702 -17.679334565195408 -1.2451053025624776
6435 -87.172675993277323 -18.580231784196396 -1.426139654327403
6436 -87.127325768300977 -19.28522141509324 -1.6684490981068176
6437 -87.251933581739166 -19.94196233615034 -2.0232862765085722
6438 -87.553283683528093 -20.373808190526066 -2.3953863161307991
6439 -88.123171324733434 -20.64175058904776 -2.8590808667198084
6440 -88.814404536012646 -20.63901133204277 -3.3079017005634821
6441 -89.750496878883027 -20.309335205825498 -3.8386273843260774
6442 -90.747368109225818 -19.587102715193769 -4.3811227764820924
6443 -91.568746947261261 -18.613510827901777 -4.8419129596539436
6444 -92.329997615538502 -17.173653454518572 -5.3348554591270512
6445 -92.749787494534033 -15.652796959716369 -5.7333930762889818
6446 -92.905396140400427 -13.756551064382577 -6.1439415401864466
6447 -92.759293206139688 -11.926217401704147 -6.4694755980113996
6448 -92.312873863596721 -9.7270883011806415 -6.786580116024779
6449 -91.653120719493515 -7.7048906697855184 -7.0301262362880799
6450 -90.653053626803896 -5.3814864232211894 -7.2670154516226768
6451 -89.494244148172399 -3.323028531774769 -7.4462381344997661
6452 -87.890869944754741 -1.1230440623401492 -7.613539186562079
6453 -85.967421701911334 0.82180017278124229 -7.7544771839240916
6454 -84.03164029743094 2.2467346718599099 -7.8648539047953685
6455 -81.689724695342122 3.482469270097865 -7.9548854476221509
6456 -79.517410371368356 4.2364797130324972 -8.0207861909949187
6457 -77.071968409092378 4.7871515984714215 -8.0680723369990339
6458 -74.923483302242389 5.0388280800087557 -8.0744510718980891
6459 -72.552970394661926 5.1180824102003406 -8.0437361934358051
6460 -70.543360585973872 5.0370071995111489 -7.9775867523528863
6461 -68.386154935111009 4.851952699192668 -7.8570856987584108
6462 -66.598107335449086 4.6229503866724233 -7.7028052391714539
6463 -64.76601978885121 4.3373708966368651 -7.4980488594527426
6464 -63.119380164337279 4.0393823772577733 -7.2830144162076174
6465 -61.823415273490134 3.7865691988093806 -7.0873816388274991
6466 -60.515204357103933 3.5515398317470028 -6.8701122427787791
6467 -59.480702282226737 3.4030606845491973 -6.6918974570392624
6468 -58.447184901116863 3.30155187730599 -6.5070852691343726
6469 -57.640510177594621 3.2727656383662174 -6.3488879402400844
6470 -56.816943249508853 3.3298842735825325 -6.1695636264556146
6471 -56.136734651382767 3.4705984642123173 -6.008680217824157
6472 -55.90145821570885 3.4926370430392661 -6.1554513855281874
6473 -55.634035494153949 3.5449002771191918 -6.1977251143659329
6474 -55.288831296280854 3.6522877846527915 -6.1216963028123708
6475 -55.073849637733353 3.8040323315522135 -6.0970371801977601
6476 -54.714538163528282 4.004561291643097 -6.0239505880918864
6477 -54.072110011691542 4.3315556589066908 -5.8113109445418951
6478 -52.931875818136533 4.3432636643810438 -5.8963494041771058
6479 -51.697110578399553 4.3353532008995916 -6.0012548974984554
6480 -50.672906482946722 4.3043514473813804 -6.0988705172642206
6481 -49.553760579745706 4.2270382017563879 -6.219585502128516
6482 -48.595296641479607 4.1203233756797761 -6.3180759067129015
6483 -47.554829104103192 3.9636144165820086 -6.4052960930786531
6484 -46.644232151844179 3.8004810606443264 -6.4608969670052545
6485 -45.641140682383885 3.6001428955470747 -6.5061368254511649
6486 -44.647199209695152 3.3888127091133233 -6.5185045241549791
6487 -43.769944185320085 3.2125129680681264 -6.4857288416120165
6488 -42.792897954337413 3.057579813030733 -6.3994216117999878
6489 -41.920376292438561 2.9711616621790093 -6.2958447008029426
6490 -40.931566193694024 2.944235765441976 -6.1648077576694451
6491 -40.041289741960497 2.9799750145573478 -6.0439906995770247
6492 -39.015086238726994 3.0853982262010629 -5.9082669499798879
6493 -38.05982814493801 3.2258200226407299 -5.7893316087035442
6494 -36.934373372547178 3.4282299636374312 -5.6724683051523659
6495 -35.864881462215465 3.6478452610525274 -5.5898561069543415
6496 -34.6611833735967 3.9403205017320415 -5.5136970385747608
6497 -33.589552490522138 4.276587647222204 -5.4539922300095434
6498 -32.442303767671682 4.7424238635385656 -5.406477771434691
6499 -31.39577591715269 5.2993738833668296 -5.3855424514241115
6500 -30.565627501415037 5.8618796216330677 -5.3810578647568823
6501 -29.745034528142156 6.542626523826959 -5.3568342044776855
6502 -29.156968803853871 7.1791380544830137 -5.2836815169086311
6503 -28.661866597798291 7.9256717907802461 -5.1318335135511095
6504 -28.40096701597691 8.596486502015301 -4.9344860481292487
6505 -28.333319964794207 9.3180247633328879 -4.6246936841364166
6506 -28.487696544538814 9.8504361661027655 -4.2597841714115567
6507 -28.881639472181487 10.23419288208494 -3.7467463174145843
6508 -29.335933992450727 10.302020898469454 -3.227850988581709
6509 -29.876790674993842 10.028345604565905 -2.5672492475847211
6510 -30.244069922155404 9.3914593619051292 -1.869160287016715
6511 -30.294341789185744 8.6058871744583225 -1.2536255096105455
6512 -29.982300067090971 7.5685837628441286 -0.60223710431796196
6513 -29.350478248173996 6.7167978035949005 -0.098712419680724972
6514 -28.291573209963204 5.9058142922124217 0.37239169979518882
6515 -27.146927531751999 5.4529627640367906 0.6843818365523997
6516 -25.742108478582612 5.2474245208738717 0.9177521123826401
6517 -24.530619191391686 5.3872422324573996 1.0388721609518927
6518 -23.338989612494473 5.8195618271611576 1.1095815427691385
6519 -22.501720984119654 6.3942963316085697 1.1482479160791406
6520 -21.803692126708135 7.1507731540752433 1.2110754360671372
6521 -21.400944755864302 7.9232763740335139 1.3345825561814109
6522 -21.261119023995331 8.5542695062594838 1.5004447098457756
6523 -21.292653440784722 9.1455790299087454 1.7760559460089813
6524 -21.425331117673661 9.4872988529809419 2.1211340668837289
6525 -21.621124511095914 9.6658662940770341 2.6085842746750583
6526 -21.764873902975655 9.6666064586451217 3.1099874795832516
6527 -21.884171700364266 9.5222631163089435 3.6913846048853101
6528 -21.937337116131598 9.3179218405831197 4.1628418238800124
6529 -21.879954074264219 9.1246480506425005 4.4638448974323452
6530 -21.824216797650564 8.9651596620237441 4.6805097760839312
6531 -21.778143677250359 8.741517367593195 4.8006822806281484
6532 -21.735156093233385 8.5288048131213987 4.8507512595761613
6533 -21.694874599447353 8.3979160865476317 4.9461800905968722
6534 -21.66043077868769 8.2913726709578253 4.9959336656776943
6535 -21.644718325224186 8.2547665922624702 5.0103816115042834
6536 -21.637754855774446 8.2494573417402055 5.0109888050036266
6537 -21.631252397026874 8.2467587014509895 5.0109189795102402
6538 -21.625374875781954 8.2460206519799755 5.0105721380043065
6539 -21.618973621727584 8.2454223060952128 5.01106731540452
6540 -21.608918270333742 8.2345719431986844 5.0132666680052935
6541 -21.593862446984474 8.2081853247034662 5.0180757452411333
6542 -21.576206709777484 8.1755726550590087 5.0244353509465967
6543 -21.554092863351329 8.1295192496342317 5.0308004459044122
6544 -21.53113261088729 8.0795794644066881 5.0202158155420493
6545 -21.502854870891017 8.0106572988491749 5.0004371041200502
6546 -21.471902418690455 7.9295629932081138 4.9656288096055752
6547 -21.434829529475078 7.8187665354334426 4.8866281539652983
6548 -21.405610163721622 7.7095880640512995 4.716961355951887
6549 -21.348402814570512 7.691471927818923 4.7402855055949598
6550 -21.299993706213563 7.6446375061878129 4.592570105203384
6551 -21.223212247832652 7.6713617303099451 4.4514637923468854
6552 -21.078413186018562 7.7532528436717874 4.3451174223154503
6553 -20.906918054895936 7.8610004516770653 4.1805192719833988
6554 -20.627035622652635 7.9714423277525395 4.0562376865776679
6555 -20.339400259737921 8.0416435743156871 3.8697272377398262
6556 -19.937931180187643 8.0258325535665591 3.8126669326877631
6557 -19.572916524363691 7.9588015055096291 3.7221892567711352
6558 -19.136598540110882 7.8078811712653131 3.6093266975151508
6559 -18.730055631107415 7.5200610683119669 3.5754747926665109
6560 -18.367615125824859 7.1831461657412472 3.5132310494250127
6561 -17.928881860543406 6.7857456453116596 2.9837432679587894
6562 -18.108622006583893 6.5147623199062572 2.6443078873237873
6563 -18.650546439002341 6.7846066944650296 2.5509100081610141
6564 -19.228529505663442 7.3959220312897598 2.7839938647280706
6565 -20.168984462599472 7.837605962452165 3.4402572738055843
6566 -20.831337265139002 7.4869517844553535 3.559233613261708
6567 -21.893582634196399 7.1528517416342856 3.94815783734132
6568 -23.294467856443532 7.2129951173992133 4.2961430078210636
6569 -24.038173165743615 7.080378799607665 1.6338246679724855
6570 -22.635872640957274 6.294977535561828 -1.0724109149411256
6571 -24.370272801823507 5.9895446966905119 -1.8934333377953605
6572 -25.923422858644763 6.1152367590916121 -2.7068707944902357
6573 -26.938698275381277 6.5356684443947808 -3.3484349117687158
6574 -27.658691298751574 7.1891745120722179 -3.9259541232441442
6575 -27.98936094230136 7.8661574900273008 -4.322960248789947
6576 -28.093363901801794 8.6460472819440106 -4.6757277017231003
6577 -27.993401692730977 9.3241151379098497 -4.9184120150365018
6578 -27.720614462871964 10.060942913573903 -5.0952069907713486
6579 -27.371678351806537 10.695702401423414 -5.1881754175346879
6580 -26.889372612589021 11.396522133259023 -5.2438324094784718
6581 -26.322695770797697 12.091249998484525 -5.2197536446183452
6582 -25.761624532462342 12.710751379744318 -5.1823282445566061
6583 -25.073177690236733 13.399862386753778 -5.1274229084081036
6584 -24.373166182304967 14.012195865058912 -5.059248359815891
6585 -23.509387640305199 14.683826907785175 -4.9792975116081202
6586 -22.655747278360799 15.253807610510879 -4.9306710676879995
6587 -21.611258471189075 15.837258127820608 -4.9168602493509415
6588 -20.607302258535157 16.260891858850414 -4.9255633662209242
6589 -19.431002938718571 16.630542978865218 -4.9814360046495834
6590 -18.349346302998416 16.840584038481722 -5.0802369281336262
6591 -17.147193505963216 16.939576526533628 -5.2523689553388371
6592 -15.987748634767222 16.879681789167886 -5.484316210255054
6593 -15.02826215087479 16.69438219114242 -5.7329077046582224
6594 -14.058038132701581 16.361521456287768 -6.0665781882785259
6595 -13.339336462779208 15.990572536203134 -6.4266728006249121
6596 -12.737359506493892 15.538946451191091 -6.8825659569220434
6597 -12.389396577808068 15.116375711432406 -7.3279931545430035
6598 -12.224759071755745 14.673308407267161 -7.8768728000123813
6599 -12.287916057897565 14.370122863980363 -8.4187140152823918
6600 -12.513499711728938 13.933689091986553 -8.2517622628241938
6601 -12.730261613354463 13.379741133034464 -8.1936962236852722
6602 -12.954125028564183 12.736974730493412 -8.1691194319370783
6603 -13.178092867444295 11.87504022936233 -7.966717309532962
6604 -13.273878940619612 10.896455501903363 -7.906632463202075
6605 -13.3152636147984 9.5748760887000053 -7.8077254268824072
6606 -13.22326357929021 8.4548346351115207 -7.5844872292382286
6607 -12.943893832224179 7.3508313229753419 -7.6938712783324474
6608 -12.743593917274346 6.2159668570701161 -7.5289336792353954
6609 -12.302295527337357 5.2324130382978877 -7.0594973064025748
6610 -12.293360794454815 5.1588533952373776 -7.1294846317052984
6611 -12.16240502386294 5.0714128586144094 -6.8332731579154995
6612 -12.369337000770944 5.2624663373393554 -6.2539291414119891
6613 -13.183053790523729 5.1075571197715757 -6.0975470257450448
6614 -14.009686761161417 4.8025650656830727 -5.8466240446626987
6615 -14.558241210689747 4.2097106661144297 -6.2859750503330378
6616 -15.313890620074897 4.236195601765484 -5.6694439933948724
6617 -15.597096574568573 3.949936547470088 -5.2041391987934507
6618 -15.515063173286352 3.9115033215139503 -5.0439825454994667
6619 -15.399931975914532 4.1207129791817358 -4.9720297815003205
6620 -15.423450348381605 4.0705692614151205 -4.8337825177038214
6621 -15.567032666633089 4.8500386067219026 -4.7368187410990226
6622 -16.070796177136938 6.5329499767788555 -6.0935774931292661
6623 -15.341717761308056 6.5033682157746728 -7.4561854431817194
6624 -16.228029408995205 6.7470494534045535 -9.1974782482747806
6625 -16.913480920039923 6.448989001711193 -8.6549047753193911
6626 -16.782050379055622 6.4167566289923501 -7.9993065725048442
6627 -16.564719310246442 7.208625072128509 -7.3208906652748009
6628 -16.944893538988467 8.0459279229486231 -6.6357228680530218
6629 -17.267465580227519 8.333894249430454 -5.8400353064932951
6630 -16.734826865142566 8.6855280269698394 -5.4888767313479914
6631 -15.851483355247224 9.7812419515619666 -5.0892833702058029
6632 -15.299589922895318 11.563702809863132 -4.6663782596885834
6633 -15.35099403388403 13.318505755295467 -5.078218659678881
6634 -15.485225245314737 13.574339725866421 -3.8572255329041014
6635 -15.832028893218348 13.956663452217809 -4.1944913902638463
6636 -16.091275254997448 13.959497971773278 -3.0164320049593569
6637 -16.197510750756145 13.850161101735006 -2.4956854902739964
6638 -17.645193075275746 13.223701202820916 -4.6911117336251928
6639 -17.102744216915251 11.579283182810121 -6.8558185445741016
6640 -14.669797389864355 10.981030865858719 -3.4957738358163777
6641 -13.688479048373482 11.197895985958349 -5.9606354545145601
6642 -13.185786861200384 11.218625495102051 -6.562018782524679
6643 -11.921991469611127 10.918560228795045 -6.7089372821192361
6644 -10.265370902953718 10.394944070255255 -6.4916252695276899
6645 -8.977169048679885 10.335924654510299 -5.9170156557029827
6646 -8.8696577881915886 10.432336911536254 -5.5479760481951939
6647 -9.5408711607346337 10.035969702254114 -4.5199584198055396
6648 -9.2372642922811856 8.0145501150661556 -3.4686760433333297
6649 -8.4716385791299285 7.6184873493268688 -2.6686795026264756
6650 -9.9248167847417452 6.8963631892962054 -3.2701284030440489
6651 -9.145485533679043 6.8023156129791289 -3.0699395091468031
6652 -9.2422473578309425 6.775989722745809 -2.987119107680384
6653 -9.6205100335869904 6.6732556610541751 -2.8910830040637938
6654 -10.166903370146166 6.4893272342571375 -2.8409556587589755
6655 -10.654382590930869 6.3233356687747708 -2.857905349664303
6656 -10.358009631168416 6.3149961814543421 -2.4973296583142557
6657 -12.321870005317928 5.4044761075562846 -4.1326696084985821
6658 -10.505547392978364 3.0997994313248287 -3.8350566382934428
6659 -8.3822170533365519 1.6695516162316815 -3.6260200564914924
6660 -5.9269005267344594 0.85240982073667892 -4.1803621026140032
6661 -5.7100858523100326 0.88392644372247897 -4.570460469687033
6662 -5.6307981589482861 1.1329404444388411 -4.6813203699562367
6663 -5.6353600377142294 2.1100558757793944 -4.8232803832336106
6664 -6.4450358324170685 4.0027893014510187 -2.4737708595244832
6665 -6.6029259349440004 4.9755504419334873 -5.0657781775076796
6666 -6.8516150210449833 6.7808449471814054 -3.1636056772575389
6667 -6.6572697737166528 7.0204228669190805 -3.9337941446382034
6668 -6.2429190588715375 7.1988485016798274 -4.7892153306008529
6669 -5.8921302040210808 7.5762738775435583 -5.3799217311054672
6670 -5.3153072983717315 8.2352467608984092 -5.5387873107417169
6671 -4.5824504642970281 9.1300680019021243 -5.2685747357300956
6672 -4.3733338557813646 9.9262332667669941 -4.6275708203988568
6673 -4.1451490195735632 9.6903107568424005 -5.0763795655308428
6674 -4.1250375408422686 9.8573680236173935 -4.8480969869277653
6675 -4.0186326565548516 9.9824458808193928 -5.0252785234258175
6676 -4.3912649744056891 7.5258039162864137 -5.7775623712929818
6677 -4.0860307832124727 7.9797816706778777 -5.0364630863860409
6678 -4.4926789152918714 5.9725798996652122 -6.1467843652493404
6679 -3.6757481536031369 5.9946620716015664 -6.3559597735384337
6680 -2.0351431507768099 6.3099305859714008 -5.2823949078345764
6681 -2.8917522312510928 5.6092139813823776 -4.9977713223160345
6682 -3.10293160429802 5.4565807179446324 -5.2240668666914294
6683 -3.4525835825442663 4.9744398457291332 -4.9550420194099569
6684 -3.438650169490769 4.6894483821049846 -5.1029025203598914
6685 -3.6484842938911908 4.1426384439066499 -5.0681520863975669
6686 -3.8692603066549225 3.4798694132515595 -5.0414726748951066
6687 -4.0886176859368337 2.7974376887094383 -4.9699707811494758
6688 -4.303905932639112 1.9848683744542737 -4.8358503493746232
6689 -4.3698445330317019 1.1941844372425061 -4.7786199498278998
6690 -4.3682385390964331 0.1040174594639014 -4.7680090743810126
6691 -4.7242811904714035 -1.6850412136633062 -3.7695802674070165
6692 -5.2922676938931072 -1.3647052370693746 -3.5776370813538203
6693 -6.4087623375543252 -0.55980778505548257 -4.3895808962185301
6694 -6.6108372192623213 -1.1439728320917033 -3.0541171788239447
6695 -8.3816717682254431 -1.7345818144141343 -2.0932865286416296
6696 -9.3769431138021133 -3.9024221439968887 -1.5292020853597224
6697 -9.0435960593804907 -6.3971153858728131 -0.77680785147810583
6698 -8.9576754385871489 -6.3953428677940645 -0.72320182845483771
6699 -10.397353986836585 -6.281851935264263 -3.4180883771105481
6700 -10.963662420990318 -6.0543341866811193 -3.5554808675466161
6701 -11.930922525952575 -5.8434951116880889 -3.0885335257534394
6702 -12.335637770618394 -6.295692474673122 -1.9674178820887529
6703 -11.36408672245148 -6.0677124376058718 -0.55224003290405954
6704 -11.461806183814772 -4.8298157730856746 0.51690931357432934
6705 -10.468782417459398 -4.4399629001511682 0.66624453896227365
6706 -9.1006396045683413 -4.2551559611101339 -0.1920912857761809
6707 -9.5345708709152657 -3.1122955745647158 0.91884392161298645
6708 -8.5070181358650778 -2.2574118297942616 1.0920413804712084
6709 -7.239722462399425 -1.6420327363604144 0.16776759100650562
6710 -7.0003401142668853 -1.2914553822037889 0.29876707458460017
6711 -5.784226438396618 -1.3309403477348354 -0.068336937675452569
6712 -4.4735085481342649 -1.7711487264524954 -0.42630762799481176
6713 -3.3074505487310075 -2.544098821107406 -0.76278838431421336
6714 -2.4528761662519383 -3.4777377539198069 -1.0425536540166209
6715 -1.8117316551104039 -4.7554906522824574 -1.3669857912925525
6716 -1.6531002581862211 -5.6033917773960411 -1.3802886015086766
6717 -1.4890778982480342 -6.0183011776877677 -1.2928349586713463
6718 -1.3529938603828249 -5.8254507019446695 -1.1942376240864168
6719 -1.48864702851355 -5.1755470027573729 -1.682095091362543
6720 -1.3393297474824635 -6.0706092727380616 -1.0437880047441017
6721 -1.4095172678874617 -5.9862976475486454 -1.8377826997034066
6722 -2.7376734520506769 -7.2050074900556274 -2.1135368935248504
6723 -5.4453956946819657 -7.7684618019136344 -2.0859899684056962
6724 -7.729849094116485 -8.9571069299031141 -1.7620687799018377
6725 -7.7723409200762683 -9.9715822708825588 -1.4284847631443252
6726 -7.981429709392093 -11.644127849978123 -2.3704826822146301
6727 -7.7550689103265169 -11.422121502263037 -2.3524150709299398
6728 -7.3625652305759699 -11.476211127440124 -2.0142956031140771
6729 -6.846092298376699 -11.319084775762706 -1.4830588835984573
6730 -6.6751474726304512 -10.612574650712018 -1.0626987805437578
6731 -6.6575471078942385 -10.195999971732162 -1.0433481414568171
6732 -6.8422542202614665 -9.8380232010843702 -1.4863667199230959
6733 -7.0446258056517319 -9.3416783612618115 -1.9517253799578038
6734 -6.9370560579094658 -9.0394768472811293 -2.0001236894357954
6735 -6.6727566402826302 -8.6067715075522404 -1.8698375694160148
6736 -6.2912008888265385 -8.1876441144271794 -1.3525727041948488
6737 -6.4159340655378063 -8.511468770975501 -1.8510656512713453
6738 -6.2958064906696229 -8.1802449242733122 -1.7527516946677779
6739 -6.2409400783189355 -7.8432943271739592 -1.8629867666698605
6740 -6.2400344052706886 -7.8100198959821272 -1.8790914344368648
6741 -6.2524072560118134 -7.7174219499922936 -1.9327262582502669
6742 -6.2863008388069392 -7.7304823277176604 -1.9082510696825308
6743 -5.9882600042224308 -8.1366073000360402 -0.51568088972130921
6744 -4.5483255497203681 -8.5498739316266406 0.52609598824322745
6745 -3.397012520814354 -7.8397641704127983 0.60425078811032906
6746 -2.5385862368284347 -7.2277796998117401 0.64757655907144718
6747 -1.8817829714478451 -6.7332703351379291 0.65014618868702423
6748 -1.1731046331304016 -6.1749703115931265 0.70367067690004392
6749 -0.50607961178415861 -5.6890119297507198 0.52200124017196403
6750 0.41558661971130262 -5.0158210658047144 0.81682480426173676
6751 1.0098578159203757 -4.3275309262538961 0.9443432684685894
6752 1.7138682462089276 -3.3011848194908486 1.0279988984015986
6753 2.5134015152859663 -1.6806070221297187 1.4507668379321139
6754 2.5649737511811965 -2.4577059703899633 1.1186758708810065
6755 2.839284805819994 -1.8088169506008611 1.2590515433977363
6756 2.9398822463973686 -1.607828240146725 1.2001977753395505
6757 3.1477303189758103 -1.7033601650379706 0.67574564264213821
6758 3.5753631541269302 -1.4037138072075512 0.68306720982207159
6759 3.8583804168138633 -0.94350240693358522 1.2640655079550731
6760 3.9198077897033832 -0.83049164276552212 1.3929897019423407
6761 4.0525749608429953 -0.12770727371679211 1.4182878037060698
6762 4.3898034639534096 1.8186455200348897 0.72952271740543551
6763 5.9659479269798199 3.2280360643310844 -0.13122509352443398
6764 7.082593108228191 2.7904766404412111 -1.222780659297436
6765 6.2346899785666654 2.6285831379781737 -2.8374168722522355
6766 6.0317905549783823 2.5386933285538968 -2.6502069755220319
6767 5.1225604825115401 1.963208245357241 -2.5040749599617951
6768 4.3421591779902959 1.1093416570930414 -2.0077449292494278
6769 3.5033382790860879 -0.43358428023385298 -2.2101428254649722
6770 3.328266100197411 -0.87005818025136972 -1.931136850989414
6771 3.0019782538291691 -1.8965669128096738 -1.8245357990375524
6772 2.6488100602485538 -3.7035581726724907 -1.610992766742446
6773 2.7664947565415723 -6.8138722915887762 -1.0742298784031412
6774 3.819502854543428 -8.5200290043036162 -0.73934306580222464
6775 4.8895286913196454 -9.6485882551400053 -0.99322916946175099
6776 6.5476553709955834 -11.200367342603233 0.0065316078801816811
6777 6.983248619717858 -11.254677529413616 -0.12608311761384042
6778 7.6893668706036253 -11.064674561464692 0.58415429298585375
6779 6.6865398288747881 -11.119829771883174 2.0904571451999083
6780 7.4769832628450121 -11.081092541410822 0.50357161574286968
6781 7.7928582063526246 -10.664627198192637 1.052110843087434
6782 7.777259325736849 -10.248303628715057 1.6116763740121616
6783 7.4820356001113488 -9.8517485808232852 2.2336084119978734
6784 7.0293976088787034 -9.5567283776550696 2.6948667931685151
6785 6.2484924607863794 -9.3496051400891442 3.0528556525426831
6786 5.3704667984184677 -9.3409700839267753 3.2158901565078177
6787 4.3154792541019287 -9.4396977329880034 3.2310753179064751
6788 3.3769501889085198 -9.4787751242314826 3.09979809463095
6789 2.4613052152432768 -8.6728102409865251 1.3021552421608484
6790 2.6867450142390017 -8.0898990746600425 1.1240309147297172
6791 2.9443864706754317 -7.3893062401048688 1.3139754077254524
6792 3.1296729049265508 -6.7396763402080051 1.2648098201682985
6793 3.3297692942446155 -6.1259761823548979 1.2466423047967621
6794 3.7749838886297469 -5.8092995561803624 0.45335991000191639
6795 5.4713571795638956 -5.1152851619028024 0.39077571560521351
6796 7.4275380391115773 -4.1617770928536055 0.96449604700842284
6797 7.9057620650617242 -3.5381070640637202 0.90114442201682843
6798 8.4609439473081558 -2.9072264464954372 0.83218822324494579
6799 8.8823336819100689 -2.4899386016303287 0.76011927481256891
6800 9.1921011132777455 -2.0695663426807842 0.99012221958287094
6801 9.0812701284999537 -2.1126192805657564 1.0995231374631074
6802 8.8706321542950057 -2.4190026189231633 1.1343038171604343
6803 8.5894901713768448 -2.8582449661837206 1.2066575664866745
6804 8.3477860930886543 -3.3192759050077374 1.2800735387967286
6805 8.109251935861467 -3.8415194036767009 1.3967243764265853
6806 7.8578687672818894 -4.169984607722375 2.1060210752826372
6807 8.131447093356245 -4.7386568078172084 2.2103216162839252
6808 8.3866505610091249 -5.0996857491460394 2.1242293835025614
6809 8.7734021181865902 -5.5704575220604813 1.5729655170168009
6810 8.6405719735270523 -6.3918258208864094 2.0713085131148596
6811 8.9048169733371534 -6.7822657481290305 1.6866375571780861
6812 8.8978419044921342 -7.6967847623374315 2.0128916763625972
6813 9.0527240850514659 -8.1567655511705031 2.1335733238683994
6814 9.1961822062574328 -8.504079960464372 2.3079118367267841
6815 9.2177114814523211 -8.5317005283009433 2.1759103920820637
6816 9.3616873276426915 -8.7803767581587149 2.1099373752948707
6817 9.1346371516441742 -8.4671626762465699 2.3044338470899275
6818 8.7295410138011089 -8.0377500553164456 2.3801476961149972
6819 8.3317613847168275 -7.6457067320083327 2.340147055860784
6820 7.9467994107718773 -7.2479422044257928 2.4056842440664372
6821 7.5473225269672346 -6.8793465583255475 2.4803979098875537
6822 7.0179263287056175 -6.4164997000991324 2.4390345137027554
6823 6.614223687215965 -6.0164964863814117 2.3147452039717988
6824 6.3614723953743511 -5.6185804550593073 1.8835013000124565
6825 6.3890530375082353 -5.7143776322986159 1.3539942529127624
6826 6.2511337479575442 -6.1173554412007984 0.59948149400861694
6827 5.6988542798516555 -6.4094880193137325 -0.34491623805012744
6828 5.7870505412188207 -6.314794606868535 -0.098532717055988428
6829 5.705800629013801 -6.0135911257631367 0.49565977491735758
6830 5.0647087362063647 -5.8242872170608173 1.2659560586310534
6831 4.2572678976122491 -6.2041026722387329 2.1832882019992823
6832 4.2466401457637009 -6.0902012173550837 1.246937930991967
6833 3.9345909780259429 -6.3516772171451148 0.4379240322775419
6834 4.1020247751683296 -6.2624530284060063 -0.23182772955110764
6835 4.4992260040670722 -6.5246724697633809 -0.72061050524525561
6836 4.6461887759712601 -7.3245623790993868 -1.1650210595877504
6837 4.2504473611171383 -8.0578343035861639 -1.5230631197285389
6838 3.5836212547531634 -8.6338710481189747 -1.6426759593463847
6839 2.9280853330036454 -9.0186863361461569 -1.8361496386466398
6840 2.1934731108012873 -9.3052258107644761 -2.13997511408432
6841 1.5747566005007276 -9.4444881935764418 -2.4843999489194859
6842 0.96109970313514226 -9.4883448315584484 -2.9365471558654077
6843 0.48447960872215901 -9.4401034170907465 -3.3957247174479566
6844 0.027073677098698123 -9.3002282683401276 -3.9780019441479562
6845 -0.32053876360941125 -9.0231671448523905 -4.5937770634631541
6846 -0.40872333747917722 -8.629336892439218 -5.1240588311423281
6847 -0.079275520614373818 -8.1946289275519213 -5.6380834922507006
6848 0.63857883517145231 -8.1407544437047257 -5.9859046094625761
6849 1.594351798657315 -8.6687938209342192 -6.242402257181169
6850 2.2914362159270505 -9.6470676256360512 -6.375206565258031
6851 2.8233837216706714 -11.093453885206685 -6.453955495429982
6852 3.1219387081481997 -12.555769201487054 -6.4951007957906679
6853 3.4199343996065519 -14.231133740979663 -6.5333886479568584
6854 3.8268020363570678 -15.676154301469959 -6.5533254840484769
6855 4.5703345064621494 -17.091005719545606 -6.5231174375131928
6856 5.4819444619346003 -17.839433973536526 -6.394688783923872
6857 6.4203049508173233 -17.949476556574854 -6.056528124665487
6858 6.3470936614893354 -17.738127453163255 -5.6516012040731081
6859 6.5115726911414402 -17.520223825559608 -5.4955488812411595
6860 6.8313883610320856 -17.229918289449362 -5.6232256346497591
6861 6.842103926955887 -16.954993156526346 -5.1720837095490406
6862 7.2502240409082841 -16.176993817469533 -5.1979123951471067
6863 7.5293611366146633 -15.541306237378999 -5.0584048585447245
6864 7.7506006249063191 -14.758973338885252 -4.9046597524271647
6865 7.6664261882575397 -14.13918928821318 -4.3523613694673946
6866 7.2460190348645854 -12.910494187480896 -4.1793362027978542
6867 6.7195548432049987 -11.516982528607315 -4.451911138554804
6868 7.3787099345602449 -9.9895138848828182 -7.2366875353094766
6869 7.4109031386797408 -10.077247898439875 -7.364437557615811
6870 7.5210472888779201 -10.193071103710068 -7.2979204216500406
6871 8.2531631104411254 -10.598395891828304 -6.2316525696998175
6872 8.5921390125929857 -10.214516745989432 -5.1865945042172701
6873 8.8084879027630461 -9.604603558675052 -4.9707081131899313
6874 8.8070256105439704 -9.604424943542055 -4.9696358483492995
6875 8.9484666226803142 -8.9875075854897695 -4.9163731373567554
6876 9.0623776274623964 -8.3048406906809262 -4.8507271144641368
6877 8.9727532883625312 -7.7814743112900642 -4.3694001064109633
6878 8.5767720686340603 -7.1300058698222486 -3.9624799699821738
6879 7.9887912670820347 -6.6167204922599971 -3.7188118948294959
6880 7.1784358136688073 -6.1551354472494539 -3.5580453534504355
6881 6.3073494275100535 -5.6996736835605342 -3.7182613103264388
6882 5.6548705333625389 -5.1905158740581783 -3.928723448059996
6883 4.8915584386752187 -4.7800847444750243 -3.1907789848912018
6884 3.9320167610766399 -4.6598115616316269 -3.400018392481043
6885 3.9302992280746532 -4.6600423868852063 -3.4016906007374224
6886 2.9063034283390965 -4.5328389973465839 -2.9448631602084765
6887 1.949786945307298 -4.8123824102677508 -2.6190907878090779
6888 1.022883806507495 -5.4584314913945438 -2.2871141105745356
6889 0.45003108860028274 -6.2475394661807027 -1.9799310125738065
6890 0.17653825982805826 -7.2217363745143821 -1.5737331397266565
6891 0.31171669197736018 -7.954915123605919 -1.1189310184680004
6892 0.53161444025917393 -8.441433006173293 -1.1231080933560005
6893 0.64416360062431877 -8.8994480552316482 -0.98677936804751964
6894 0.91030375671288943 -9.4636062397764622 -0.80224485100218734
6895 1.861780935470253 -9.2985377530734077 0.48140627973923805
6896 2.3542040270318192 -9.1977875664567552 -0.022559975662778897
6897 2.6664201373817211 -9.4034308152389272 -0.57892019975688047
6898 2.8099892455639521 -9.6770258130325555 -1.0083584815270012
6899 2.7278886206977595 -10.196658572022365 -2.0470434819928531
6900 2.4249375037058551 -10.33839534116243 -2.5594242212370819
6901 2.0074097548539407 -10.314332906012627 -3.1175714724228176
6902 1.5530934466977462 -10.08085720714158 -3.8324134652462734
6903 0.78475554996485097 -9.5038793038330773 -3.7659209622743943
6904 -0.0087499058729434837 -9.0665331189291116 -3.5739548542484356
6905 -0.8256103861860512 -8.7411642871731416 -3.5733640909955433
6906 -3.595732343664034 -7.2090516235951299 -4.7160687200148628
6907 -3.2186660876739275 -6.1339099959083496 -6.0381232347057248
6908 -3.3302527939383872 -6.3580779098474709 -6.4215141167318057
6909 -4.1901665080300239 -6.3588440336601328 -6.4300417160637782
6910 -5.1206365574943948 -6.5887748686524938 -6.8106736232237504
6911 -6.2437175320016456 -6.5918889315232336 -7.4243198751768826
6912 -7.2818013429145338 -5.8788662668342502 -8.0926227737215672
6913 -7.3702870941191749 -5.59808709018768 -8.2952926141262093
6914 -7.0153702418873838 -6.2878551721967968 -6.5759509106839875
6915 -6.6014852088402511 -6.8173158157913401 -7.5902869106292048
6916 -8.097285623029828 -3.901210129359213 -7.6447975713360439
6917 -8.0743840465021783 -0.99758950368832267 -5.6183508800663891
6918 -7.6814407556191906 0.27280771911485102 -5.0300327938013085
6919 -6.5846799970216194 0.79890001441832703 -6.0517540439786837
6920 -5.2418932538136342 2.0766823347823764 -3.0113770471444123
6921 -5.5442873262810242 2.0332245458640852 -3.1373478969394353
6922 -5.7324020201344048 2.0041543970588833 -3.1911556817590272
6923 -6.1815101472920881 2.3715318546952542 -4.1557016706131717
6924 -6.1366962545308237 2.2508017368678899 -4.2777990167018727
6925 -5.6318755812780736 1.9525014962061431 -5.3756290206233075
6926 -5.2955426252088049 1.8877137709911433 -6.2759175918979411
6927 -4.1877873480024119 1.6941073173074801 -6.7298625987078289
6928 -2.7402936347969211 0.80641537055926305 -6.9209183412347706
6929 -1.4857528748113726 -0.20461591185517297 -6.8798942909231373
6930 -0.8075319692930758 -0.81909358982898228 -7.1882753795665604
6931 -0.081827880322754759 -1.7733287778373237 -7.1051977203448979
6932 0.87874713790705383 -2.5858145861252146 -6.6172271783555532
6933 0.31434210404742141 -2.0686564009060948 -5.6477888057738959
6934 0.14047380921043853 -2.6641956857705757 -6.7256130479669904
6935 1.2312315917811223 -3.0989907840313307 -6.51145165454877
6936 1.6762571820680199 -3.1665092940972284 -6.3959694796995024
6937 1.6822848472853549 -3.1534045489871505 -6.2852858105325149
6938 1.7615470862770666 -3.2293888029010858 -6.3074532959324161
6939 1.5752805607819855 -2.7343045669852826 -4.8553440987492076
6940 2.4239530527463438 -3.1702438019744332 -7.4658122279588195
6941 2.4603495405092812 -2.3795403914589421 -6.2122544129788002
6942 1.2401729024739427 -3.5217505983741293 -7.562224772236517
6943 1.1017514633084926 -3.5147715201948433 -7.5566093005047241
6944 0.53145262035460172 -3.0603441565574734 -8.0801848186036072
6945 0.51984607160796803 -3.823590140568522 -7.6222357787072497
6946 -0.037736277415923336 -3.1173481757496542 -7.6435954001561699
6947 -1.3977447579235511 -2.0877204645263445 -8.8251911213013745
6948 -2.5645820378385209 -3.1784656916753979 -9.0147290543112089
6949 -3.7351755882128179 -4.4831084172665134 -8.2198715697601852
6950 -4.0585778984560799 -4.9406194732059054 -8.3256611141058325
6951 -4.4004563296569339 -6.5638917903415246 -8.2806596058513513
6952 -4.7891745406873056 -8.5460892113117222 -7.8259133727173156
6953 -4.8450040984642708 -8.9885934810856849 -7.9105780809873618
6954 -5.2600280076665271 -8.6975789208032115 -8.5582959958431992
6955 -6.199089890458902 -10.08441079278256 -8.2142247925287801
6956 -6.4329666017123088 -10.012282754486112 -8.2662342120582739
6957 -6.930292393267754 -9.6752604640056727 -8.7553321438613665
6958 -7.467723721225755 -10.079899208452332 -8.6313659251524157
6959 -8.0655650209474388 -9.962467280460034 -8.0161587093511457
6960 -8.1402300419676408 -9.7387174250298507 -7.218847941951438
6961 -8.3924736516919403 -9.2701754680545712 -6.2097132274669473
6962 -8.4548637851467916 -9.2943368057451057 -5.8105601452129685
6963 -7.5279293918144123 -8.8319216759596753 -6.059519383822999
6964 -7.6568096357919764 -8.8333611889691444 -5.5733282483306379
6965 -6.5860928606499982 -7.7549313717017334 -5.8898995679431545
6966 -6.6199021447209496 -7.7713485908075803 -5.6139712331187441
6967 -6.4426017380478058 -7.7413149874391713 -5.5044203774768707
6968 -6.1079357519049129 -7.6359367888658332 -5.70086432538523
6969 -5.8483623960371247 -7.5058459366711698 -5.6196441416960949
6970 -4.8810726280504841 -5.8013042929245584 -5.6142360269915468
6971 -6.2090792646867436 -3.7574792015298049 -5.6765519079131295
6972 -7.611718088602073 -1.4510316518436934 -5.4174920651713485
6973 -6.8291926428252872 -0.24155317938654608 -5.2715265309904424
6974 -5.4389820341017137 1.1927820295048162 -6.6264905186950331
6975 -6.8158766425912498 1.6697131489412418 -7.0280355786202291
6976 -7.3471748402285106 2.3687886855917357 -6.8495410753632751
6977 -7.3576634587170417 3.0350095316756178 -5.1062071278063916
6978 -7.1753575631539137 2.7177502717417252 -6.4436141256445172
6979 -7.0577814207662861 2.4093527794340122 -7.5189100797311683
6980 -6.873523654935819 1.6982233653726315 -7.7006762824518198
6981 -6.7680540244242957 0.94199192571180701 -7.7275277107732165
6982 -6.7204169518211057 0.42432534661546983 -7.7936123251694518
6983 -6.6820603997602639 -0.13762138479416841 -7.7665172414138164
6984 -6.628310344646656 -0.57339527251594857 -7.6770236005861365
6985 -6.5736067828241342 -0.93832121343001507 -7.7164537533226802
6986 -6.5191870851317981 -1.2508528496824931 -7.6312427602128041
6987 -6.4559292251321914 -1.5217190524495237 -7.6018151907436957
6988 -6.4045641668663578 -1.7114924122272543 -7.5586976905373131
6989 -6.3516169914954608 -1.8864700940913974 -7.5368472887275555
6990 -6.3178060832129272 -1.996023861867283 -7.5302059219908921
6991 -6.2949172563650526 -2.0712192218514383 -7.5261784332193118
6992 -6.2908688666047681 -2.0938610592207714 -7.5656172851104753
6993 -6.2900516300912432 -2.0977163605317699 -7.5395087318273886
6994 -6.2896587424336978 -2.1004496626209881 -7.5162768134562503
6995 -6.2920071900084675 -2.1012837470851951 -7.5191657398461498
6996 -6.2945662828886144 -2.1014659536598841 -7.5216133981478723
6997 -6.3001984836652527 -2.1013261203996199 -7.5558434165924213
6998 -6.3022526845584084 -2.1014665515599384 -7.5543183226222466
6999 -6.3008194949273992 -2.1024682628951386 -7.5200817563551325
7000 -6.3024743236215182 -2.1028394935014711 -7.5150349834423924
7001 -6.304251783529498 -2.1028519379558128 -7.5105842723729657
7002 -6.306381868274034 -2.1028020354392383 -7.5090443791685333
7003 -6.3087415752411138 -2.1026643753886254 -7.509084762796947
7004 -6.3111134048480197 -2.1024893273832306 -7.5090289646144903
7005 -6.3137346910160899 -2.1022652314071193 -7.5114090755146572
7006 -6.3163706906185251 -2.1020978829614059 -7.5136679152455734
7007 -6.3207211785881219 -2.1016712413443446 -7.5306247042114203
7008 -6.3250063571609338 -2.1013954652161222 -7.5493392463105913
7009 -6.3234554234799303 -2.1020241114268279 -7.5142809534457085
7010 -6.324921121337681 -2.1016699522159286 -7.5084545784611283
7011 -6.3267187691110438 -2.1012309175944139 -7.5061730948753755
7012 -6.328664243379027 -2.1010064964314301 -7.506248704250611
7013 -6.3304805926384997 -2.1007904113125346 -7.5063674820485566
7014 -6.3322968685362984 -2.1003808577390481 -7.5064350868834886
7015 -6.3339449221354469 -2.1002987183415804 -7.506034756419834
7016 -6.3358333762160486 -2.0999011088631194 -7.5055225941649093
7017 -6.3376608989092587 -2.0995518204452042 -7.50424093739203
7018 -6.3397265717514193 -2.0995420781346019 -7.5056838062439146
7019 -6.3419286256217857 -2.0992855597349682 -7.5068424233539703
7020 -6.3438617129476444 -2.0993186097072929 -7.5058446705317463
7021 -6.3459491844862814 -2.0989909503457587 -7.504970922758706
7022 -6.3479689512268456 -2.0990049907976909 -7.5047534703675423
7023 -6.3500220880179921 -2.0990713157435845 -7.5046133915768687
7024 -6.3521610218087687 -2.0991021595679511 -7.5053965063944261
7025 -6.3542575586951875 -2.0988214485866692 -7.5052462062886507
7026 -6.3561413595063003 -2.0986140503924213 -7.5045179394535628
7027 -6.3579285909358578 -2.0987694339588852 -7.5037722600118926
7028 -6.3599941073638995 -2.0985900085385971 -7.5040077234883116
7029 -6.361993541826144 -2.098630351483096 -7.5041421592510957
7030 -6.3639598688956767 -2.0983937419548724 -7.5041426643329938
7031 -6.3657360482855605 -2.0985317511906274 -7.5040664367637024
7032 -6.367415488994431 -2.0984453882203136 -7.5017952044291416
7033 -6.3691023480236657 -2.0986824978298317 -7.499829555616663
7034 -6.3711432310819935 -2.0985792115443154 -7.5000231525955776
7035 -6.3730473399412677 -2.0988215657371305 -7.5001428741230969
7036 -6.375070696262128 -2.0988186104574416 -7.5001794981017973
7037 -6.3770646854122273 -2.099200464132386 -7.5003776381449265
7038 -6.3792449957346946 -2.0992606107330878 -7.5005682050715388
7039 -6.3814853469555457 -2.0993096704277265 -7.5007754860364155
7040 -6.3836429702270294 -2.0997814607689422 -7.5009629107944482
7041 -6.386118495775122 -2.0999999522517792 -7.5021576121874984
7042 -6.3883057991617669 -2.1007608322027136 -7.5022430111942526
7043 -6.3906246742510371 -2.1011720429481024 -7.5023588979779339
7044 -6.3930664889911331 -2.1020833699671377 -7.5051790284010931
7045 -6.3955540207643571 -2.1030633478084462 -7.5078890020442035
7046 -6.4006485430501803 -2.1036659072365076 -7.5353269383377093
7047 -6.400035844467534 -2.1046551377968568 -7.509710333802512
7048 -6.4018286775795135 -2.1058128710706732 -7.5084522743061672
7049 -6.4059184186275271 -2.1063001682552813 -7.5260165172374105
7050 -6.4098314082701267 -2.1073290793058952 -7.5466408194197365
7051 -6.4116664508948249 -2.1083749254863466 -7.5450943619293724
7052 -6.4100859118368341 -2.110036539254267 -7.511794805599644
7053 -6.4121154718571347 -2.1106283994008055 -7.5120885366834571
7054 -6.412051156581617 -2.1169730554050825 -7.512599345983177
7055 -6.4072281203423209 -2.1365995910114792 -7.5134567722538348
7056 -6.3967213587690983 -2.1721078006861303 -7.514415549443493
7057 -6.3835332049924745 -2.2148453670089174 -7.5111150771754795
7058 -6.3647009304424405 -2.2726581788091016 -7.5050316324472277
7059 -6.3459066234707988 -2.3313722313000196 -7.5194011835885304
7060 -6.3223812378958453 -2.4068329216599342 -7.5348449923280088
7061 -6.2966248452385196 -2.48539942903568 -7.4973656574795422
7062 -6.2631021163222229 -2.5794951149907996 -7.4848207188115881
7063 -6.2298297729008478 -2.669437448422153 -7.4702161974427188
7064 -6.1868135886653066 -2.7784939685339087 -7.4502438041400749
7065 -6.1400090096341495 -2.8901374982296764 -7.4284266458441079
7066 -6.0867252268050098 -3.0121026261515449 -7.4188638707339578
7067 -6.0156507587458465 -3.1647686455790036 -7.3856943668357857
7068 -5.9477298091821682 -3.2982654297976848 -7.3451340017758637
7069 -5.8794791229779326 -3.4231216635763051 -7.3227213122511188
7070 -5.8448934028062709 -3.4865013114719274 -7.3072556627888803
7071 -5.8425551995051546 -3.4957595867786124 -7.3027512668083983
7072 -5.8442914828789432 -3.4981250215281863 -7.2994848877079583
7073 -5.8459958304263751 -3.5004508169054387 -7.2961257184433954
7074 -5.8477849721092525 -3.5027506131568686 -7.2926424677821897
7075 -5.8501375182163482 -3.505152222185262 -7.292929436495629
7076 -5.8524068261913573 -3.5078606003713526 -7.2921213571242678
7077 -5.8424321070979763 -3.529803395886876 -7.2880811221430077
7078 -5.8245482482207276 -3.5640212929685084 -7.2806942950603872
7079 -5.7966006828115946 -3.6157973576151057 -7.3050425764200542
7080 -5.7510098876195022 -3.6971538051102799 -7.299041261587166
7081 -5.6516683392307341 -3.8558239097429845 -7.2342278643668214
7082 -5.5178166900653727 -4.0498166450192823 -7.2316265123564314
7083 -5.2828360604709816 -4.3734995661493743 -7.189204034322036
7084 -4.9936053339273272 -4.7542428912967774 -7.2123689094563881
7085 -4.5650786660098719 -5.3015170342443181 -7.0653782578722595
7086 -4.1983533449077761 -5.7318052596483424 -7.2403822488539715
7087 -3.617455280674676 -6.5492371143860266 -7.0167009747029558
7088 -3.4065500772021839 -6.7458581359403986 -6.9523884402730651
7089 -3.5400663302456166 -6.6680151130997602 -6.8365803535827459
7090 -4.1388706715354955 -6.495892320972847 -6.8590657468879943
7091 -4.5031279849357704 -6.2040058754390426 -6.4742876322754803
7092 -4.5494567093543807 -6.3852479669312849 -5.8046771662541294
7093 -3.8481486831729237 -4.579228603776766 -5.6835757959109632
7094 -4.106744903369024 -1.5786021809389179 -5.9225238207409934
7095 -3.8508158824980416 1.2214771805487554 -6.4029326604043906
7096 -1.8286218115855486 2.0050241437321112 -7.5716673959176024
7097 -3.7640130485147911 1.7900667889444328 -9.2903339117382799
7098 -5.0212339377119717 1.5488631473353034 -9.140413670099619
7099 -5.4857898951490345 1.4346111983301124 -9.1528393430072246
7100 -5.8929697515459214 1.3221548498913742 -9.0915417858991781
7101 -6.3172513002914501 1.142244937510716 -8.9511685243576835
7102 -6.6392192425053338 0.92694136584920672 -8.7741727936116316
7103 -6.6040059047191084 0.91321802054896661 -8.6438087210449766
7104 -6.3185660386182443 1.4139625964551041 -8.9433240975475563
7105 -6.1883657089133788 1.3751957641485981 -8.6304337428427225
7106 -5.7718877002143465 1.8615196947993051 -8.6585710225844554
7107 -5.3251553319613745 2.289026990629937 -8.5449733435429422
7108 -4.9967713829769078 2.7736050456697021 -8.6167946156134292
7109 -4.7188462950674612 3.0847044662373873 -8.5732512281340103
7110 -2.468398406569825 5.4146474060658321 -7.0561622028138142
7111 -2.7577168583943679 5.6484863229502853 -7.0475699735485771
7112 -2.9693729270705713 5.7963270996873586 -7.1216948984697597
7113 -3.2258203364998628 5.9237654738985883 -8.1659275268055165
7114 -3.2485090249289241 5.7310013433637792 -7.331225026741695
7115 -3.2543866912306108 5.7272777919295139 -7.1640976410858013
7116 -3.2616238476598065 5.7257232777910545 -7.0853492407420493
7117 -3.2676062079650858 5.7159504402136934 -6.9521155603403608
7118 -3.2737481625917164 5.7063745603378697 -6.8188505375971715
7119 -3.2733255661296221 5.7061435157823661 -6.8189155148395528
