0 -0.0095127172626234824 -0.033263294579228386 -0.0068169093468668507
1 -0.02379422296959692 -0.045727912659288883 -0.057109181826711014
2 -0.048966134841839648 -0.057488910347342159 -0.13574997526449706
3 -0.12453236586737371 -0.063618100569777125 -0.37059778452650627
4 -0.20870916274561901 -0.062377945441897342 -0.86835475100841197
5 -0.27134794809722251 -0.025424670054856158 -1.0760904603736339
6 -0.28860200636886901 -0.033405746702267258 -1.0883632543151538
7 -0.27550416379921927 -0.13571487282541472 -1.349865310703616
8 -0.21816124113473112 -0.57107416281408874 -1.5961272869856598
9 -0.26381151380502388 -1.378554467833915 -1.5735425012585238
10 -0.28530000629854158 -1.3866727433869031 -1.5708980634276286
11 -0.26531458663703233 -2.3463409036711695 -1.3355544649389721
12 -0.3091426882414865 -2.3663447414079712 -1.4951670498148295
13 -0.28387738176843946 -2.7012024910808563 -1.3588857247219923
14 -0.46397594228030847 -2.2801536458112821 -1.6760215634553792
15 -0.58284251884785832 -2.5429451467120572 -2.017896824835673
16 -1.0400649199289269 -3.6595038514149323 -1.7849302480817859
17 -1.1039572010244072 -4.1806902351846276 -1.4554805136038864
18 -1.3555169344958173 -3.1186147186880646 -1.6784172097883996
19 -1.4008157792647253 -3.1287532465597252 -1.696767566165627
20 -1.5244572437739308 -2.9657995702632007 -2.1028275184079046
21 -2.0340831366453429 -4.0819810196948794 -1.7272411244885506
22 -2.0412227761727788 -3.758031671074896 -1.6700178561627994
23 -2.0752708690277011 -3.1972306320546906 -1.6452930038143228
24 -2.126078697861967 -2.4899487690454976 -1.5644560636612843
25 -2.7629825259977174 -2.0019251407764216 -3.1086102294244027
26 -4.7033740473920638 -1.8440309400016943 -4.4881114365492696
27 -5.2449549029792806 0.3079221767388276 -5.6567251748177316
28 -4.2857558729195375 0.18871551285709387 -7.471171507032059
29 -3.5078591370372365 -0.35481933776441821 -5.9132890236621449
30 -2.3854430617724489 0.79796558295016951 -4.2013470612701349
31 -3.0790116162022567 0.88874949857658692 -2.5119363368820213
32 -3.7382965395418388 0.38284790323803719 -2.4556625059668287
33 -3.7392381387954039 0.3837007879627734 -2.4549543309877473
34 -4.007980832755857 0.25316811295973451 -2.611791906826364
35 -4.0095747039144047 0.25785287249649258 -2.6111885099151899
36 -4.3274326403393708 -0.019589835266657474 -2.3486181156699124
37 -4.9271779274361514 -0.6618032057074501 -2.2663420412565127
38 -5.7049572805696211 -1.5440854973317286 -2.336520794750987
39 -6.0200571924306949 -1.6633074776610925 -2.6995113929729087
40 -7.0653986792515937 -2.35146922158129 -2.1206881616043463
41 -7.6275723509723647 -3.402560787683214 -1.910322863702296
42 -7.6310456104809745 -3.4030830398554457 -1.9076211882429754
43 -7.6677243212112849 -3.5354743760462597 -1.8534171800516683
44 -7.6026183939459031 -2.9995146055176534 -2.1218617420569914
45 -7.4177315987516934 -2.707711091235403 -2.1146540118878407
46 -7.4500258409335451 -2.9467284686951345 -1.713334909875623
47 -7.3888970815186674 -2.4966968241968175 -1.6931660694125441
48 -7.3331915919631321 -2.1245974443624149 -1.6193504216339099
49 -7.3288570038512724 -1.3838215180175837 -1.7574301528092662
50 -7.2986067476599459 -1.2800665550388715 -1.6884617515047404
51 -7.2818755929887935 -1.1888546443844277 -1.6550726215868692
52 -7.2849101895581612 -1.2420437003726761 -1.6743518303617368
53 -7.2910091545138229 -1.2975065305797884 -1.7066832977774202
54 -7.2945802302147236 -1.3500880423290695 -1.702274572234971
55 -7.2988298061751884 -1.4005962474720377 -1.7150734623163881
56 -7.3001431740161067 -1.4486254767319906 -1.6893547863144014
57 -7.3000692186939098 -1.4789332628370815 -1.7185169983747051
58 -7.2971374352048315 -1.5003456412693978 -1.7250383077082008
59 -7.2929167708447515 -1.5113994571619571 -1.7321614990069683
60 -7.2878486483520604 -1.5158428528620291 -1.7366344957652846
61 -7.2803954232684909 -1.5154145684936751 -1.7371290323797348
62 -7.2712137246976276 -1.5147978369657622 -1.7392867611533718
63 -7.2621240237194016 -1.5140020968944938 -1.7410887777807869
64 -7.2513630820451453 -1.5132177459650222 -1.7437190899716475
65 -7.2385679436419075 -1.5106226867260091 -1.7555372427062015
66 -7.2239737550408627 -1.4971330170893964 -1.807854359006277
67 -7.200492362899876 -1.430481484169718 -1.7285294980723167
68 -7.1681923998287544 -1.3203275547072622 -1.5955601387969738
69 -7.1618203410046561 -1.2196304006404119 -1.5970540677598009
70 -7.1525000621640196 -1.0608613331794388 -1.5745763436602138
71 -7.1502098603732769 -0.86742002925931416 -1.6078877006602206
72 -7.1282216276464112 -0.66464298827665402 -1.5966964379863458
73 -7.0954215951178234 0.1121231211150473 -1.5931049509563013
74 -6.9083945927436687 1.1188117903985813 -0.68479719574473497
75 -5.1891076133629142 -0.23622190890668548 -0.68609485493808853
76 -5.1685368946796117 -0.22624310673049308 -0.69110309307299422
77 -4.9024458942671494 -0.63794446574981833 -1.263078447010763
78 -3.7936684192116381 -2.646556523771352 -0.13415762129259168
79 -3.5526648648398833 -2.7930644148352854 -0.43242719756752424
80 -2.0871700086559812 -4.8689158617952586 -0.29020604738758982
81 -1.1004805302894631 -7.3998698790316695 0.10515587006318383
82 1.0266986570618073 -8.6301382343160356 0.94973537231592531
83 0.89264461655664462 -8.694243862157947 0.87525330598169149
84 0.81488033881134925 -8.4833816737167922 1.1457745042143088
85 0.94765229635037329 -8.207256569007896 1.0008899496924764
86 1.1876541540876708 -7.6967052350089062 1.1931207650489586
87 1.3684953605291383 -7.1588348002971713 1.2435554439039691
88 1.5423292088799805 -6.5789698880157488 1.3146957935391042
89 1.7045180894613807 -5.9676862802384107 1.2910801918725818
90 1.8869531502240235 -5.3763670461747495 1.259206426300878
91 2.0680463517290804 -4.7732649210657314 1.2703171893305303
92 2.1107542207153216 -4.6040331713685845 1.1640812575533068
93 2.1104384736079425 -4.6061435948887919 1.1635986058135763
94 1.8071216525636018 -5.4903871721625421 0.43478973302839874
95 1.6162422624965274 -5.7366063187417922 0.11357440146899878
96 1.8486989602577566 -5.6163351503943488 0.402743210352146
97 1.0499932412685169 -5.9429471929027073 -0.12307075107699894
98 1.0464659934631939 -5.9526082564546101 -0.12273662466785573
99 1.3384113080450248 -5.9918040398148804 -0.27597310965832111
100 1.8019762704302877 -6.1689979624024431 -0.52223659530822419
101 2.3005650485019302 -6.1981590045641326 0.18402776856866465
102 1.1051576907554619 -5.8883483300669326 1.8157502997489341
103 1.1045270969546408 -5.5116347623697521 1.4846387674505923
104 1.0956574138320292 -5.5146237117878201 1.4794512312245889
105 1.4984154619604766 -5.9953924774817011 0.14839222204824609
106 -1.2391804781389837 -6.1614059030627004 0.90684957496889895
107 -3.2587326054812138 -7.4744975989962796 1.2782569478582673
108 -5.6434323558493844 -7.5731695163167103 3.0385280462337727
109 -5.6570071302264324 -7.5711168515599354 3.0470573023317451
110 -6.8148555800098052 -6.749123003603053 3.5162993539275167
111 -7.9683813817299693 -5.3154208765735333 2.5211591156692617
112 -10.624091078013329 -2.3738442182648996 1.4187827592663043
113 -8.7526264754507963 0.58009416136285097 -1.9086742474886109
114 -8.7680056153212789 1.2248921499253029 -2.5381683237344124
115 -8.7640317252253297 1.2290666585453565 -2.5437839450521142
116 -7.8453158570040245 1.8275849285813166 -2.3897586672567894
117 -8.5971059511435755 0.97419694179249916 -2.1188093962907977
118 -8.5923542952883594 0.96633722685207601 -2.1192561307750828
119 -9.7030794922796133 -0.85170936273544839 -2.6054278652545162
120 -10.680118715676734 -1.0673035202793528 -3.7157194189346798
121 -10.90928061923254 -0.77448579717840005 -4.0313773633787298
122 -10.412333909707549 -1.23523636267889 -4.2376318711842025
123 -9.5029966863580242 -2.2667184910051219 -5.2088509005614441
124 -9.436774657635624 -2.7356236808368948 -5.9042981392874667
125 -8.5393676687259301 -2.3687433448051252 -5.88206593855167
126 -7.6687943607695033 -1.7060937178701749 -5.1176736117208295
127 -7.9880392113046312 -2.3171479534806281 -5.0426579935398799
128 -8.2084232732626745 -2.6536541403338276 -5.0043871452098525
129 -8.1059580302137277 -1.8960982878530501 -4.5868687164970439
130 -8.2253592233225987 -0.15032241951472258 -4.6919606900304736
131 -8.5580309064029123 0.93984004771603225 -3.6889213224781598
132 -10.339455379012477 1.6935524616398965 -2.7876600850742452
133 -11.701458751060429 0.89627418425962446 -1.8463998533295936
134 -11.545006069267458 0.38700134999470492 -0.76341629716733017
135 -11.530566017824427 0.31167584643364421 -0.92032643767494715
136 -11.533049964794159 0.31267379023731223 -0.92113446827467538
137 -11.499756331610286 0.2260881368002714 -0.99809124229336899
138 -11.435196997929751 0.12185389883526909 -1.0015760131211069
139 -11.235819705259857 0.58285807317901117 0.70593345869180668
140 -11.171837929697688 -0.046819060320302697 -1.5545922424410197
141 -11.179500122616048 -0.044481280470535012 -1.5753039936592064
142 -11.219922897819082 0.17621349403182762 -1.822133823389934
143 -11.584578171766125 -0.1162486253743964 -3.0301890589465224
144 -12.321091812140303 -0.16857230463681105 -3.1383732622212008
145 -12.967854459204482 -0.054168426055241525 -3.6882670047099917
146 -12.734694256558399 -0.0060705189981291596 -4.6604407951299551
147 -12.639321916972868 -0.79369103686787668 -5.2984843350951678
148 -12.987730394651805 -1.4685036473370587 -5.9527185427932192
149 -13.133770837876803 -1.6006231512002316 -6.4493081283971261
150 -12.6698169600011 -1.7316550209041424 -6.6419774719157072
151 -11.866358627979288 -2.2905132889853235 -7.7966965315281112
152 -11.864694953844527 -2.2977425999113734 -7.8064191995617573
153 -12.110711451795581 -3.4821978397261404 -9.0906361489056984
154 -12.050137525306596 -3.3807468595538523 -9.5821325919143376
155 -12.87044988795175 -4.16795901544819 -5.3110132365766569
156 -12.669371975452691 -4.1775627707560545 -6.2465971712708761
157 -11.836535714882068 -4.3730261310086007 -7.1020620924355953
158 -11.605129078997543 -4.9421901013225806 -7.9915064011142718
159 -11.607119965402653 -4.9447137577914191 -7.9973328709161038
160 -11.920928954932677 -5.7758343995216279 -8.6940081747636899
161 -12.832706698690252 -6.2493051655425376 -9.5846302822975034
162 -13.372435814910475 -6.0806661598681302 -9.9221194230768237
163 -13.741665059620523 -5.7152685453977057 -10.46571494469474
164 -14.373713764660721 -5.5848791021862212 -8.5851565333979405
165 -14.372529428983768 -5.5848933457463659 -8.5680432987102275
166 -14.185758522424436 -6.3307738333100048 -6.4632779371197921
167 -12.886175282071498 -6.7510665065739204 -7.0795809824574309
168 -11.765852535350625 -7.9177788569618386 -7.1059525110791553
169 -10.892552869089599 -9.0613570418786651 -7.5190234425153815
170 -10.700789197767016 -9.6987226514957996 -7.6276907045076214
171 -10.632160006615585 -9.948126721300433 -7.6141637748051476
172 -9.8751153191417913 -9.4851753530706944 -4.9385353081022627
173 -10.444226088830199 -7.042979380799899 -1.9485259423465768
174 -10.361710568124899 -6.8407895994079695 -1.927572752371375
175 -10.40246249145526 -6.8768033039908403 -2.0011797782107217
176 -10.397589804294292 -6.8758601657267207 -2.0033161296349911
177 -10.761953420840506 -7.6583437881888941 -2.0351875631937171
178 -11.268453357998972 -8.4746520705386601 -2.2728770151820394
179 -11.247421979060775 -8.5218964920464799 -2.1459907975677872
180 -11.243384340400254 -8.5218404348093912 -2.1459327230860019
181 -11.381029214123608 -8.6151590369644779 -2.3256550010728056
182 -11.061209629691177 -8.2521996395575599 -2.376252852358113
183 -10.612694507871574 -7.8642862533278759 -2.2992597194153581
184 -10.28988322282509 -7.5308119612154485 -2.2592029059263314
185 -9.6802097459191572 -7.0329028415065977 -1.8431149173475259
186 -9.9202426801839891 -7.2087312500038436 -2.2863453122405009
187 -9.3284311014827495 -6.4768535090705655 -2.3713413693156156
188 -8.6700255692315835 -5.434621367748953 -3.1007017300444479
189 -6.8751040821843077 -5.4954418664748346 -2.7116884542118238
190 -6.8653874373011519 -5.4910257858174418 -2.7068591315545087
191 -7.7122130905436066 -5.7662721986042627 -3.0212138606263057
192 -7.5118557454131007 -5.765241312570474 -2.9911499314615124
193 -7.1856539685190803 -5.7390119669152142 -2.9626559875679219
194 -6.807765067979318 -5.7066342399748748 -2.8932467138306168
195 -6.2901932344129321 -5.6318306666702753 -2.8012698918860424
196 -5.7073560099055847 -5.5286107417803194 -2.6389317253747793
197 -5.1772931724127744 -5.3566090454867776 -2.5135808527702244
198 -4.6698257674675467 -5.2259263413180008 -2.2853737502653719
199 -4.3466544087368995 -5.0580380183950808 -2.2063635767286853
200 -4.5239456848653319 -5.4003434124304022 -2.1769432059517402
201 -4.524679568916774 -5.3976425751013721 -2.1759570559514958
202 -4.6144314284997634 -5.7279947729908542 -1.9725591450609317
203 -4.5205034954857695 -5.8755014936968166 -1.9103711134648433
204 -4.3577420966012852 -6.0514942710899362 -1.6310684144960992
205 -4.1120228653749002 -6.2603526716495139 -1.4154957425708288
206 -3.9986245733117016 -6.9752850860685243 -1.1510133782881371
207 -3.7647230997111585 -7.8096026145421575 -1.0143417217075936
208 -4.0526348166140167 -7.8470205852862307 -4.2770519065042372
209 -4.3711267709073809 -7.7827905681358232 -3.7263351738203276
210 -4.70261250549839 -8.0892137964881528 -2.9960678873381723
211 -4.7145979856820261 -8.4212544858862088 -2.3533516761547437
212 -4.641969901995779 -8.6547895354310498 -1.7374551858464828
213 -4.6393447197247752 -8.6544382107535824 -1.7325478618676415
214 -4.7336366535693699 -8.6325159430300573 -2.3107015185839614
215 -4.6696635513721532 -8.3665928908060749 -3.0565667637749874
216 -4.5558514295368404 -8.3121059209489374 -3.6844032436049368
217 -4.7507153199401486 -8.0990437789395742 -4.2255229254761364
218 -4.930883198328516 -7.4957574808247784 -4.5306853466902961
219 -4.9647125737880913 -6.6686969344432327 -4.6837491285527815
220 -5.0886671209694612 -5.6458702494050215 -4.1827862900209061
221 -5.4871427903827517 -5.1548805273202731 -3.6089754961099976
222 -5.9066711862996186 -5.0832193108349202 -3.0570013140319863
223 -5.649096284535446 -5.1401650415640177 -2.7206032180950857
224 -4.9423566754276607 -4.9927290812190108 -2.0621492713323888
225 -4.3863454668060626 -4.1335372847580913 -1.604853911067972
226 -4.2647426976113678 -3.0414008546327977 -1.191437069506101
227 -4.4846977295513497 -2.4966942954011699 -1.0439815511560329
228 -4.8877195310132038 -1.6934126368842897 -0.7897727455221224
229 -5.4746087399089731 -0.98979641003495544 -0.44537634898575762
230 -5.6560480629249454 -0.95287107125545845 -0.59238948032426464
231 -6.5150661526164768 -0.15913863012144702 0.13028987275318338
232 -5.7103170941785706 0.014050839086621636 0.25886846701950095
233 -4.5373634795731164 0.29318149065871069 -0.14340096704353966
234 -4.8136756319118561 0.337158913541586 -0.18282206969548787
235 -5.4168237857407462 0.44978023212519247 -0.21028418829650564
236 -6.2408730014276301 0.72068720714642609 0.30977063818949446
237 -5.7319299594714224 0.93158965759860735 0.4014699934780519
238 -5.0945110639372331 1.187595247163074 0.082428962750233481
239 -5.4426836735742015 1.1596563182824013 0.027031384237822476
240 -5.9713284924396248 1.1743168521663421 0.1332649399395387
241 -6.37189906936689 1.0972621214655334 -0.071142183832468397
242 -7.1911984068970938 1.1544564980786163 -0.22160786410717837
243 -7.5068894950658347 1.0609725885421426 -1.2977262118828787
244 -7.5133187781986948 0.18605212556555273 -2.3796899379061589
245 -8.6552984994099091 -0.60648070378600494 -3.2710855060257469
246 -9.7937280213867908 -0.21879523044043481 -4.339423408754743
247 -9.6482409778762204 -0.13102391943239411 -5.4480806803507456
248 -10.042651293877352 -0.82751335678814542 -6.8075171293653618
249 -9.8222250690920134 -1.0039666756035928 -7.0395392438430182
250 -9.8291566794974585 -1.0121474410386924 -7.0414271113030455
251 -9.3732322509858861 -1.5116307534726161 -7.0326934516691981
252 -9.114495474361199 -1.8328963669896012 -7.2721996616776483
253 -8.726723528272796 -2.5734067434117094 -7.2911896479762719
254 -8.4370829386975466 -3.1516298513104175 -7.4185003822351367
255 -8.2722345376089486 -3.6533817585376909 -7.6287976915337934
256 -8.2072035870689604 -4.3759343810214943 -7.7893243746226641
257 -8.2513240674966539 -5.0816118554130583 -7.8722484788675704
258 -8.4428308103195313 -5.4376521800137994 -8.8708799278909201
259 -8.9082042075298737 -5.7465362951333816 -8.685298007481542
260 -8.9099088277272891 -5.74702745882675 -8.6821080600836282
261 -9.3449656254484736 -6.1863809220343171 -8.4604633144335306
262 -9.6271279929777549 -6.6412049896376857 -8.2418472766095103
263 -9.805507153039656 -7.1951084401177354 -7.9647807185017925
264 -9.8161457035977691 -7.6675518514603596 -7.6864313510623319
265 -9.6722243153415981 -8.119585534566724 -7.3268146612681235
266 -9.4131823222737765 -8.4076435622552594 -6.921721000228592
267 -9.161923035991606 -8.5012426521329871 -6.5221537470002033
268 -8.9196775380487736 -8.4481759989548095 -6.0373914444868877
269 -8.792821102165135 -8.3156182858758996 -5.5870109252924358
270 -8.7377796771770093 -8.1081340954622618 -5.0850468543925444
271 -8.6568359602420486 -7.8622740530024942 -5.0775916254288287
272 -8.566132264100105 -7.5896284545399197 -5.0935554729862753
273 -8.5422541285435614 -7.3636569616545415 -4.8543844246142047
274 -8.5682196234936399 -7.0745634262367503 -4.6231728545506865
275 -8.6398851094742 -6.795751160417808 -4.4484351839822764
276 -8.7712560778124029 -6.4727221848349217 -4.292916672801379
277 -8.9445644407280511 -6.1517887921725958 -4.178162072915736
278 -9.1255184379106495 -5.8682911143886685 -4.1083487269458985
279 -9.3486534545479998 -5.550635077545536 -4.0646122069098851
280 -9.5547219884717833 -5.2697950337147574 -4.0582083490033538
281 -9.7790007143520654 -4.9574941652036841 -4.0873391723640342
282 -9.9631644326309043 -4.6801734630051754 -4.14269583127935
283 -10.141620871768204 -4.3679100775310076 -4.2369879879045804
284 -10.267806319557749 -4.0924004259862841 -4.3426687439672635
285 -10.367293482233869 -3.7858126267010306 -4.485269399668498
286 -10.413425349325955 -3.5251617019987265 -4.6351177141464781
287 -10.413067315802067 -3.2525378859344585 -4.8306941359249382
288 -10.367383669822779 -3.039276996738522 -5.0280643630397392
289 -10.266391134110712 -2.7001683212067462 -4.9634992017121924
290 -10.266347771731638 -2.6998090691115237 -4.9624755827421261
291 -10.151556845374181 -2.2669175975959064 -4.9575163403099829
292 -10.050303868525205 -1.8829732195217019 -4.9350799426623002
293 -9.9507945291586921 -1.4614392598293335 -4.8918549217046809
294 -9.8811350427555169 -1.0935788770061947 -4.8402512780831755
295 -9.8326218957072697 -0.69722840357115956 -4.7617280735221508
296 -9.8218254870316315 -0.3613581223106479 -4.6722344453950067
297 -9.8227972609854959 0.043953561911649786 -4.7273891164250763
298 -9.8074656428100795 0.42754784428302628 -4.7266254371277263
299 -9.7980213498996562 0.85837616978969322 -4.6722503996769635
300 -9.8192572555832811 1.2584216504442338 -4.5667294772194502
301 -9.8504863411441406 1.5242181329174116 -4.5813018414620714
302 -9.8916588096072289 1.832248344313399 -4.5285484410994208
303 -9.9450333910561568 2.07827490365014 -4.4201195274805558
304 -9.8663117341940847 2.1520338541599955 -5.1426589957342319
305 -9.6042313890289961 2.5201810043772355 -5.7238662999584857
306 -8.8750910267510505 2.8482311212764415 -6.3138336444765022
307 -8.14182182606298 2.8150772546368756 -6.2307228688532064
308 -8.1362647471948293 2.815015999688498 -6.2289994560214268
309 -7.2797254419593642 2.8561727541153203 -6.0918824950995578
310 -6.5345528441681537 2.9933960168273046 -5.9752026396502096
311 -5.7285769269825835 3.2390728043398269 -5.8480884460910536
312 -5.0711087930058341 3.5367432903707083 -5.7331729569913419
313 -4.3798539474728813 3.9484197839690012 -5.6262682013810243
314 -3.7535457328100108 4.3882222795760555 -5.5167014734277569
315 -3.2552844620634787 4.8068996350393007 -5.4146541123622534
316 -2.7627453768285335 5.3102048695150046 -5.2911489064937758
317 -2.7575229589486838 5.3129410058322577 -5.2879850526007193
318 -2.4098663360616541 5.7755053408423009 -5.1593035302486907
319 -2.4049176799869514 5.778362236169869 -5.1557121818315874
320 -2.1106038750923517 6.3143845830525436 -5.0074071190559755
321 -2.1054269062198046 6.3170963112677612 -5.0032441863098631
322 -1.9490420840615528 6.7789333441489674 -4.8545630309145205
323 -1.8921217906197114 7.2731024173463226 -4.5122758320583927
324 -1.9166108093714769 7.4182068732603739 -4.5289084678258114
325 -1.9078843800673866 7.4161443693767097 -4.654611833988703
326 -1.9044067713105974 7.4562953881424789 -4.7378133006746248
327 -1.8970560284785165 7.5319023880411606 -4.7964264355601669
328 -1.8775589738507321 7.4956751179529704 -5.1138454366558417
329 -1.822263282748267 7.5706357557023125 -5.361174621662439
330 -1.6739997326751066 7.7193744667442843 -5.588102537864259
331 -1.5075082950248557 7.8547232898932577 -5.4694619857733979
332 -1.4138033059761028 7.9392633537138693 -5.5342033565187947
333 -1.325057133119941 8.0036548907360014 -5.6478343587951283
334 -1.1761778161851666 8.094963313407078 -5.7375925104438377
335 -1.0332890369147947 8.1574397542384531 -5.927681260951303
336 -0.78895504282452578 8.219793242331491 -6.1111997516296483
337 -0.50911149602829653 8.2429867224965534 -6.2537448431540499
338 -0.14661360920769795 8.222921103620024 -6.3934898577866122
339 0.20569198963332269 8.138096165599336 -6.7344687645276728
340 0.57544452756143016 7.9178164051859881 -6.8171428767737758
341 0.90689528924680474 7.6678534283635713 -7.0944020699223014
342 1.052076001738989 7.4312374907805037 -7.6564522406861908
343 1.0988065474879605 6.964961634295264 -7.7815805007265544
344 1.089445735530461 6.5050893761264348 -7.9092754010552042
345 1.0039582077406166 6.2825529704505811 -8.4874905151404008
346 0.79374526630368791 5.7884542955419107 -7.4818240841358747
347 0.79262738119092546 5.7860591792834981 -7.4662169543534365
348 1.1487334746362023 5.3484151745903574 -6.2242482189332611
349 1.4113225867229957 5.628467271781517 -4.7887376971233344
350 1.5195411506345735 5.7368252176750474 -5.7288350289037275
351 2.1406807147642724 5.8108448005859401 -6.9971281346302785
352 2.5283867732979317 5.1573330462718872 -8.1571583098045117
353 2.0891786598222808 4.8465037686883932 -9.6696507754251257
354 1.9708594955220207 5.1419644451916326 -11.040280054469974
355 1.5437575893305748 5.6339126358709564 -9.0610031917905722
356 1.541486097296378 5.6341666268619974 -9.0429684131387909
357 0.99938921655135005 5.0479915656003698 -7.2890712624251561
358 0.78021682333753972 4.981236245086734 -8.3297634000909895
359 0.76950382278853624 4.9788431484013245 -8.3355708574517777
360 -0.13097409503671287 3.9861723630270518 -9.6115612513865507
361 -2.5974074827259273 4.8897728018772 -10.86336737505656
362 -3.8462479164608467 6.0443870281169012 -5.8444802536840212
363 -3.2464782518658097 6.1470179553491633 -6.4359291842437552
364 -2.777356786499027 5.9015679180592073 -7.0953825756901283
365 -3.1731721024796897 6.1635612392431653 -7.6720117243605204
366 -3.5100044870636253 6.7535514853284724 -8.3561020703267488
367 -3.5395741332312269 7.1350339161100607 -8.8397586910727739
368 -3.7532347933887422 7.083641987537959 -9.0926598102126217
369 -4.1750320571088579 6.9984513755671145 -9.4385448919119099
370 -4.8457264303429355 6.9976628690550626 -9.2936343991168595
371 -5.3028238617119214 7.0910811224807446 -9.9216586407008869
372 -5.7151557616051889 7.284187247044855 -9.7327008320346771
373 -6.2490823198084442 7.2488630719260669 -8.8022054165885244
374 -6.9046084464491315 7.1431012826307949 -9.3584898364343339
375 -7.0715726984285112 6.777593619532297 -8.5793216376630586
376 -7.2254203743474221 6.4407664907024866 -9.0961735073058421
377 -7.3138528761985597 6.009456502725655 -8.3662399982055469
378 -6.619109353692977 5.1793198981772264 -7.3048938984526979
379 -7.6265462736162704 7.5903300007396695 -9.0787837580344011
380 -7.6078098943951886 7.6174122176655885 -9.1079175659021665
381 -6.9931635748799437 9.1621229884883633 -7.0536304762617634
382 -7.5020500069207046 9.2665998233939604 -9.1949758267127137
383 -7.369547437274818 8.7878931612095528 -6.5440178025081446
384 -7.3676202067676826 8.7927146926841431 -6.5072019915595343
385 -7.4268936351571568 8.6575004336001342 -7.4904519139414836
386 -7.5898244276188649 8.6925543979368172 -8.4396605012530763
387 -7.5186654878480965 7.5034113396539794 -5.2240795459946678
388 -7.6820768474305652 6.6519409509835015 -7.109494432683352
389 -7.6875313746419138 5.7676255892474728 -7.1792323861152934
390 -7.4248254741184496 5.1088996241849713 -7.111219371108179
391 -7.090200050569436 4.5095111190385779 -6.8622180997908879
392 -6.7909583423517432 3.8345763146472649 -8.1938702820239708
393 -6.6282723646031343 4.0105985938872379 -7.8439399311088671
394 -6.8730308818707613 4.4948748116680122 -9.5534905349778469
395 -8.712103509785571 5.213414409081679 -10.80018601348317
396 -8.9783793194906139 6.030802986916207 -10.217135196473869
397 -9.7723473677966268 6.7152335406228971 -9.4934754051610959
398 -11.379763545824304 6.9455346522598802 -8.8656372161938002
399 -12.804014128277586 6.228606751825879 -8.2546199612257372
400 -13.041604373227202 5.5588197745868797 -7.7913363579461912
401 -12.926951734471885 5.0902751831965958 -7.3477089740012005
402 -12.722976090218388 4.7380539747947807 -7.2533928715428981
403 -12.451116639766276 4.4546361851934222 -6.9319661206828513
404 -12.312228710327574 4.4958273317090089 -6.4738483160344256
405 -12.241547521022611 4.5441873348056561 -6.3063866198858616
406 -12.251081362252009 4.6023044544807874 -6.1071220404352058
407 -12.615959867962516 4.7829398317784779 -5.213217447793725
408 -12.82308108601103 4.1189628047969222 -5.6848129326376178
409 -12.822662108199097 4.1111305095355988 -5.6894659028752752
410 -12.897785339557657 4.1818396496973804 -5.3107072908023998
411 -13.025588699068749 4.1989200471934822 -4.9024981065380633
412 -13.107018341533148 4.21506706392708 -4.5685639552824249
413 -13.158225840591015 4.5741887275662378 -4.5620157008352908
414 -13.245847616448685 5.0755914409810288 -4.5194652015966126
415 -13.345723846193877 5.7680569001708477 -4.626204692483137
416 -13.373044650942376 6.4066778428880582 -4.7214661879470246
417 -13.358911734642618 7.1958775177481016 -4.7446057624881419
418 -13.301180956284455 7.9211172329140567 -4.8578396799209536
419 -13.143501824498998 8.739131777560857 -4.9704337638404441
420 -12.930080622476879 9.4419162868000086 -5.0611230286515481
421 -12.644623112777396 10.146974196830627 -5.1444311257060793
422 -12.308943850237782 10.801128285621672 -5.2429463172551909
423 -11.985975498264359 11.330312116116829 -5.2843101712900946
424 -11.604522516456491 11.89324070650018 -5.3403799313697959
425 -11.264567087218829 12.359388645694551 -5.3492682914264478
426 -10.928542901868354 12.82999109616199 -5.3179264782350435
427 -10.513098588918169 13.314113671856475 -5.5809103408633405
428 -9.9121363094350627 13.711468377122301 -5.8720433811250849
429 -9.3029490637084962 13.899937392633021 -6.1367586357089001
430 -8.5937581572532764 13.911108161243504 -6.4452118561778891
431 -8.0091119546734291 13.737728106672407 -6.7385780486382441
432 -7.4738535584525252 13.361837031610079 -7.0952049636399011
433 -7.1330746532687073 12.838236953660569 -7.488879119237736
434 -7.0412471445757703 12.314808753688496 -7.8747623397578899
435 -7.2021754271991796 11.749672538990211 -8.3555659148828987
436 -7.3824318814086851 11.029010049685155 -7.772281311673618
437 -7.3828559656622943 11.028056129499589 -7.7669743804610736
438 -7.0997548101952788 10.22060998715223 -7.1937159245252982
439 -6.776585726875112 10.018905982757829 -6.5765732220467701
440 -6.7584314589164478 10.170942165553427 -5.6523051878868174
441 -6.4562077900920727 9.8514992781933444 -6.818074521919204
442 -6.6610230807573387 9.3321560053722408 -8.1197719242258977
443 -7.0686130384877686 8.6024171304896555 -9.1066291902506187
444 -8.0228927635254692 7.8061264819610159 -8.17695599607136
445 -8.5844719951436801 7.1256215344289444 -9.4434090297229414
446 -9.6139052016267641 7.2461236389948311 -10.462316857205153
447 -9.9364076215130552 8.1824999898128823 -11.638720176943568
448 -9.9234614955117948 8.3125399116578222 -10.818285193307872
449 -10.26777267164978 8.2648856573972154 -8.7757125863909167
450 -11.017305771955144 7.4946495497585346 -8.7071764627823409
451 -11.86949246657246 6.7516883497919338 -8.9416809059245832
452 -11.873544004407499 6.7509945656965868 -8.94389376468345
453 -12.2831020861315 6.360579576192734 -8.5223287385802884
454 -12.602672204048169 6.2147496021168536 -8.3309177236718419
455 -12.320322906825538 6.3312999877363723 -8.011058157190055
456 -12.320836539141681 6.3374304195151012 -8.0076363546506766
457 -11.982062964478516 6.8359255068630347 -7.6127355986650418
458 -11.966277057768096 7.6088450327097092 -7.1027884513160844
459 -12.249524743238965 8.0900606166126181 -6.7105415341272447
460 -12.496997990844065 8.2859485432238813 -6.4975966116533952
461 -12.365243356227097 8.3693360065972513 -6.0202427440563966
462 -11.515862379559948 8.7436460388415185 -5.482049253240703
463 -10.731978891730357 9.6601926516534604 -5.1971586898316389
464 -10.061306272314837 10.488690566192673 -6.1171398366608054
465 -9.3628895640102243 10.409296946057339 -7.0420586951742052
466 -8.818640635739186 10.348826062907563 -5.7469765890121582
467 -8.8167303420315619 10.35155516494541 -5.737304370544118
468 -7.9844918607993804 10.529864498570532 -7.01899895707081
469 -7.9619649977072129 9.9228070348475583 -8.5867234684270706
470 -8.2857370079837693 9.5264105624567748 -8.5017387618882037
471 -8.3879929715646426 9.0140001777829681 -7.644109403334431
472 -7.6958123312633688 6.812429786335386 -7.2312251346151415
473 -6.3550778719926626 5.2454299268899263 -6.8847348135902982
474 -4.5875411228866056 4.240591390006216 -6.5750681254834262
475 -3.3656938447101368 3.9858631871129404 -6.299815695984881
476 -2.962091527712083 3.9092221300929708 -6.4199458263339801
477 -2.2943510467819692 4.0473076937810504 -5.6427512248199463
478 -3.4688186464257527 3.1527312021333387 -5.292552898800416
479 -4.5586373948500949 1.6883130907649502 -4.4856858083651883
480 -4.5429209283905791 1.9958896627833269 -4.6326413701252989
481 -4.5963830279293489 2.3877241309366468 -4.5073272266919711
482 -4.7489201154228837 2.6407484330732558 -4.1429370820225166
483 -4.9825651535070108 2.6145866842171586 -3.4999235203011172
484 -5.0038317212904886 2.403470931768048 -2.8201240704572195
485 -4.6895794750109019 2.3395030293852059 -2.3243549068485354
486 -4.6582333242020511 2.2936983012386918 -2.0839002522954653
487 -5.0708718036941391 2.0778948136281343 -2.7232523080651143
488 -5.2418728531751881 2.3131598151811161 -3.4862271724974128
489 -6.1129942561548276 1.7937324901843112 -1.467943907641903
490 -6.7887291226359068 1.957796522252778 -3.5053272248498439
491 -6.7183019655689193 2.8648626939215518 -5.6871302749358623
492 -6.8051329452311364 2.7240901805949136 -5.79856814296412
493 -6.6150007047303276 3.1577771913809585 -5.0005755159240532
494 -6.7972233911289095 3.228488304689634 -4.5689317652458836
495 -7.0819509755133296 4.0118041628789456 -4.1208186338692769
496 -8.0912030533067778 5.4166829849430087 -3.9665084266312842
497 -9.1702514602840495 6.5597316787216258 -3.5868334850432517
498 -11.059850014601253 7.3861473602047312 -3.386670987865922
499 -12.055253570056962 7.5630518954315065 -3.1910261578737513
500 -11.725865231343207 7.7919976995780473 -3.6716595704502542
501 -12.778027184564806 7.9950995300682948 -2.7899816313044328
502 -11.849365967766431 8.2239905886293627 -2.4869757606708798
503 -11.391562958437021 8.6787534826452202 -2.6513832082502269
504 -10.988419618079234 8.886208368270573 -2.4912632005174586
505 -10.410780473030542 9.1257287112585459 -2.0122007287818211
506 -10.666511499150701 8.0346132495504179 -1.2768509841895614
507 -10.365675061701623 7.3801995473815367 -1.0024596950727078
508 -10.025847865339337 6.946545114164735 -0.81951201483673985
509 -9.5873296377002646 6.505230665301923 -0.7494040204629111
510 -9.0989910676767707 6.1085417562685791 -0.59171289806044225
511 -8.5772597211737178 5.4212272154146888 -1.4745384163394037
512 -9.1764217543545215 3.1889850356771205 -0.86965539635998157
513 -8.1733486297094089 1.1151864647228393 -0.051270546501703151
514 -7.1496857555558222 0.95239235449166415 -0.24762319031995084
515 -5.6937179017616302 0.56925385641117998 0.21092079423436605
516 -5.2507807559325173 0.70783772579252258 0.25543998706009319
517 -4.7137406378235767 0.69422125062918383 -0.26805602100098147
518 -5.3138534822327941 0.90244945778669461 -0.58313489848257172
519 -4.9979778024857211 0.57454354045258071 -0.96644717546129222
520 -4.7445545498190711 -0.057164749304888574 -1.3875884441165267
521 -4.7568410522632547 -0.81072048907062566 -1.7935690016025605
522 -5.0537150122078174 -1.5074856957338838 -2.1516529923703107
523 -5.4452412067307563 -1.9307268082533184 -2.4790363113067961
524 -6.0507905542232265 -2.2556871753702126 -2.8163308631882638
525 -6.8528290643392467 -2.4253487523270039 -3.0511739278991135
526 -7.6205622647165399 -2.4270346772679972 -3.2231905199058772
527 -8.5088315957217802 -2.2804474392670784 -3.3769665448197723
528 -9.5524652045487741 -1.9500317583165128 -3.4758958486628293
529 -10.697680020184734 -1.7165894313364731 -3.0528139478941063
530 -11.961519183826731 -1.6921507706766761 -3.0519221766466975
531 -13.357089780639136 -1.4845857378768272 -3.4536862280919776
532 -14.946606554398684 -2.3471183869533263 -0.14588395218421724
533 -13.434444474766345 -2.2111740079734972 0.63608551373292199
534 -11.631809484327079 -1.6075942043811722 0.52529712781349414
535 -9.7862651995059267 -1.6203672408976786 -0.50476617564249615
536 -9.3795412225624624 -1.6154405122303643 -0.11195455867527038
537 -8.3880489485933758 -1.9642883938774105 -0.65204738041237542
538 -7.6799235577271716 -2.6748284617574001 -0.91502057985272778
539 -7.2509146329573326 -3.4385208409484278 -1.1849988197477757
540 -7.0529519719842604 -4.4045808430821722 -1.52350939205136
541 -7.1667282910561525 -5.2696455251216321 -1.8429306567122103
542 -7.6298924292646433 -6.1773334350701532 -2.2052449854635463
543 -8.2691340675340754 -7.010351440051906 -2.2668128616370558
544 -9.0429268406298675 -7.9143357501794753 -2.3057589359179778
545 -9.7629626242218315 -8.7094314661956105 -2.3153197115779989
546 -9.7790146106219495 -8.7687669216423672 -2.2128404786242628
547 -9.3593553933624172 -7.5618719645192982 -2.8077715820565143
548 -9.840592335017817 -8.1926509199088287 -1.942334698216726
549 -9.1323616888207404 -6.7342072426260771 -1.6486654249930641
550 -8.9941774476028513 -5.6155827769599327 -1.4946649010385267
551 -10.858405674098734 -5.3363571124059774 -4.5962240403800187
552 -9.7925089941364014 -2.7964035450331579 -7.3292923113110069
553 -6.1695494867467566 -1.9703465640307769 -0.80856782130196891
554 -5.6842803915766211 -2.4421071907839291 -0.74871880038002248
555 -5.1476732831531162 -2.922150861824889 -0.72879151740499315
556 -5.4475423746610687 -2.6190252687901676 -0.67071849210939805
557 -5.2535705301653284 -2.6575548084862533 -0.45814224265516645
558 -5.1611552705599184 -2.5306144756766571 -0.033701881562855363
559 -4.9124065656070197 -2.7083206312491512 -0.53672798267742905
560 -5.3674753499085881 -2.4928597361513596 -0.66866521618387331
561 -5.6894730902837232 -1.9506442292129691 -0.019693990162267916
562 -5.7666189995674664 -1.788051927281046 0.41357099138344844
563 -5.3193273705778346 -1.6033965836781974 0.3763329663162498
564 -4.7700475954562442 -1.6229018303795328 -0.18664178403700471
565 -5.9289617392054836 -1.5569806007312579 -0.50911899185915654
566 -6.9791126125925729 -0.90523576145125162 -0.35305778621738693
567 -8.1146770267197361 -0.53903607435680101 -0.38276349931241804
568 -7.9249961671964968 -0.88169892495633917 -0.9223083587465839
569 -7.5618847541234402 -1.541192150829005 -1.182602873535993
570 -7.2273689086455484 -2.3551842513518011 -1.1486799042476146
571 -6.7106164787159557 -3.2024740568390087 -0.81297352534861789
572 -6.1274629460881123 -3.5074663957774632 -0.23561246436363326
573 -5.790202863941154 -3.1803848373992452 0.6846760390726967
574 -5.5072376213717895 -2.993088217406779 0.55340763026091766
575 -4.9818922166609667 -2.7023418833249835 0.46571717048846495
576 -4.4123355194590985 -2.4560984244606203 0.3603197169148864
577 -3.6944117634487625 -2.2522964276215589 0.20523689607221418
578 -2.9865409268953869 -2.0899690050966768 0.25090286996593014
579 -2.2386614513398513 -1.5503704620668088 1.0679626470087713
580 -1.8306111213839422 -1.5581529447044318 0.034031974498830886
581 -1.4850083467500568 -1.5725671156891394 -0.083910582243062581
582 -1.6643916582706133 -1.5162673334379804 -0.10779438906664918
583 -1.761351231749952 -1.3393421945413664 0.1800483018155784
584 -1.4119538874247617 -1.5716009523219583 -0.68710736680409901
585 -1.4133579837971872 -1.5750405477209171 -0.69080954458664201
586 -0.67507188866849077 -2.4470014817608146 -1.0920647324720649
587 -0.080027010882481875 -3.9841452962725441 -1.1900252767243922
588 0.53525234386167142 -5.3632075313201142 -0.57556473049895795
589 1.6800543158389658 -5.6774856387297348 0.40871099241958797
590 2.0902809042111343 -6.8052122754401978 -3.0972781226213497
591 0.7777055092566556 -7.6683055111855367 -1.13290404426556
592 0.89539351622907049 -8.4942144195140799 -1.7582654566918543
593 0.49793426543018171 -9.2481070340135005 -2.4927027761307983
594 -0.85435862088682057 -10.136510282573916 -2.9258427160648779
595 -2.3873649690105267 -10.344968729477827 -3.4572102081817331
596 -3.8117534995201581 -10.018564607490738 -3.2839077945174786
597 -5.1277814111531299 -9.7941136449943187 -3.3867506974495196
598 -6.421811587457249 -9.3159406173780894 -3.7806696534424145
599 -8.5172054760204432 -8.1241005354531595 -3.1908479201122137
600 -10.511385055800197 -6.8316837244255098 -3.0411767743015412
601 -11.655943847076479 -5.7710377620582136 -3.4854418905025337
602 -12.183174861067734 -4.6708467140463696 -4.7056624380629426
603 -12.076539171779309 -3.9746916448998633 -5.0579360747501676
604 -11.822384701374709 -3.6503518967424213 -5.5249856963642632
605 -11.293461208908901 -3.271454828898456 -5.7970323136905346
606 -10.704945723106675 -3.0103719262971751 -5.9566904280901021
607 -9.8197154773876747 -2.788855368149612 -6.2038133541800509
608 -8.9249339764085462 -2.894472057140554 -6.8506481545448068
609 -8.2494281030236394 -3.2311526989539985 -6.6177806965571522
610 -8.2471018161601037 -3.2283696789270167 -6.6167086632487058
611 -7.3336195034068652 -3.5500697711603593 -6.6637678000493281
612 -7.1093202048397188 -3.633725178325875 -6.6270891202037898
613 -6.9025122255483566 -3.7313676191743923 -6.6580349987225445
614 -7.1237795384476854 -3.5735822259788108 -6.4160981127929784
615 -7.1123943562886822 -3.6282706023810078 -6.3880333706287784
616 -7.0778035896197409 -3.7253039182785557 -6.5663298773663792
617 -7.6258488462039011 -3.6635287373029826 -6.7995489489682406
618 -7.4144619930111375 -3.6581881519972654 -6.3580481040631058
619 -6.6982721257960023 -3.6449956017703045 -6.1485035272921191
620 -5.867246092914435 -3.5306529488277221 -6.2046674713137717
621 -4.9214799195382355 -3.7231208825878497 -7.2863977759946046
622 -5.0288695845183469 -3.3560446847562559 -7.1766397134094069
623 -5.1733727517111348 -2.9697438646054763 -7.1593866410009595
624 -4.6838510028862785 -3.2349058667640662 -6.3705707419884963
625 -4.3223149742504106 -2.9293156094140045 -5.3761620612793184
626 -4.2736564658920884 -2.4134830765035744 -4.5257944342033198
627 -4.3969089378936275 -2.3973182122325412 -4.1935356277723796
628 -4.7396203494147144 -1.9850650021696765 -3.9467314745782822
629 -5.3386465367835427 -1.5113002462291121 -3.6108204718628683
630 -6.5209415434436053 -1.0516325089412888 -3.2360854602197291
631 -7.9712863969832171 -0.76031096684647537 -3.7103243036668427
632 -9.0142112305538049 -0.40472504292360156 -2.9627140508819902
633 -9.0186230154858222 -0.40879975427618831 -2.9595568128716732
634 -10.739565236981953 -1.1712508764993288 -1.5069764865340165
635 -10.18773549147533 -2.8280749369890259 -0.15178746321009262
636 -10.644015764120176 -2.8503890574594379 -0.37985431911944878
637 -10.649398972514227 -2.8541382492204548 -0.38086712217479479
638 -10.880128868408718 -2.4874674659165663 0.44517162585710612
639 -11.908513611619988 -2.760156421657058 1.173253750240751
640 -11.915025374358216 -2.7633973720626557 1.1779541228183958
641 -11.726285965301429 -2.6580138881757449 0.67843621006453825
642 -11.575369545318445 -2.7786977766736243 0.026598195207198305
643 -11.494574345882604 -2.9147468049138467 -0.53832295683088049
644 -11.29314663415181 -3.1882798014312073 -1.012494672265869
645 -11.075817575606472 -3.6685813047042615 -1.2612466547876684
646 -10.561059602392717 -4.1323116398724693 -0.18523247849158464
647 -10.563611795050903 -4.1326672337326187 -0.17753761012069402
648 -10.097551200339915 -4.0453047082361877 0.24701979415693476
649 -9.5151930842990708 -4.0480169325948339 -0.23152328767047115
650 -9.0324288105173807 -4.279985129847347 -0.65763604228583095
651 -8.635755836477891 -4.764290318169742 -1.1104416224491236
652 -8.4721951015274186 -5.4136896779961461 -1.5403979206119036
653 -8.5646107184236655 -6.0308508151407807 -1.8952961580450531
654 -8.9354159508392925 -6.6823024017131161 -2.2758614930851233
655 -9.3655157691615827 -7.2626707046757986 -2.0462382056215542
656 -9.6780478679285196 -8.0119913916022085 -1.7970447339588622
657 -9.820415720732214 -8.772030544821007 -1.6424190001917669
658 -9.8504176758371429 -9.6860037376083312 -1.5313366841891987
659 -9.781135792378187 -10.534769478988181 -1.4717347548559665
660 -9.6234297364998227 -11.516396988293323 -1.4278730945069444
661 -9.4235141674824945 -12.399252338007216 -1.3986741416618313
662 -9.4232419092976443 -12.40001214821649 -1.3987044535340827
663 -9.1449812119985339 -13.395306049643608 -1.3697869092737807
664 -8.832466746241785 -14.347946882323853 -1.3366607276645881
665 -8.5440534076866825 -15.124985430133805 -1.2998418854266149
666 -8.2176127069888025 -15.912669326075715 -1.2536232292297405
667 -7.9284573461334844 -16.541488837105277 -1.2084432950708848
668 -7.6092614908157472 -17.169305955974139 -1.1553618371108172
669 -7.329879395405321 -17.667366011195668 -1.1051762455686254
670 -7.025947993904353 -18.15832297272182 -1.0480946724426876
671 -6.7691260111665912 -18.535425411222093 -0.99856715687699849
672 -6.5032544598334496 -18.892345518627636 -0.94486613560748167
673 -6.2857678719454455 -19.160437639548178 -0.89948188185200939
674 -6.0725337994874096 -19.403542785056871 -0.85426183894391827
675 -5.8902111182907575 -19.596533319024246 -0.8146655607273513
676 -5.7496050804005137 -19.736334622350341 -0.78359765170654838
677 -5.6211100936499463 -19.857519105759451 -0.75499822277206963
678 -5.5347220169099529 -19.935602559583359 -0.73546012487208912
679 -5.4725619648704935 -19.990138999214849 -0.72089122063428879
680 -5.4483103537419169 -20.011179553710605 -0.71453230011944435
681 -5.4464056623125998 -20.013076072014883 -0.71322937616040227
682 -5.4444664356371959 -20.015018608454611 -0.71177346645603479
683 -5.4434686567790607 -20.016172155779088 -0.7105825605040883
684 -5.4425213426087851 -20.017282825471753 -0.70940867372771521
685 -5.421894245561063 -20.034898240166925 -0.70382634919560505
686 -5.3732745000750768 -20.075287093781526 -0.69244661860143253
687 -5.2821378591490742 -20.148645718058475 -0.67213085786092941
688 -5.1686299355391725 -20.236302726923228 -0.64769931039338291
689 -5.0006043605535169 -20.358988280636368 -0.61238117068646858
690 -4.8044698393454155 -20.492049959716155 -0.57139849318897173
691 -4.5193975765214063 -20.667355081164416 -0.51266401837592435
692 -4.2044475294479966 -20.837201670964234 -0.44776738184963794
693 -3.7802671414947682 -21.028499850611297 -0.35800159397565645
694 -3.2775613739256499 -21.200397814169648 -0.24718307673876039
695 -2.7635329661755819 -21.313144944191578 -0.12497063323464364
696 -2.1175126321639581 -21.360087597817966 0.046831472467944391
697 -1.5133292638381377 -21.290970487916653 0.23987516980469081
698 -0.84767125453451087 -21.047093729396565 0.51562396976033886
699 -0.35459114087310439 -20.665433324320702 0.82671082418085629
700 -0.019476513864091771 -20.082532254610243 1.2621197094903733
701 0.0069150716151469283 -19.549460218619657 1.7271540822128966
702 -0.26390379544341158 -19.065649731051138 2.3239960093519167
703 -0.69612091762448358 -18.829063833896583 2.887620136664502
704 -1.3311021997791528 -18.871639682731228 3.4902652964676095
705 -2.0365241285488196 -19.533845028805047 4.3571172569576504
706 -2.0367698278585635 -19.534401102887898 4.3631209025046758
707 -1.9861835000570096 -19.29029877148173 4.2761760130062854
708 -1.9826866813468911 -19.287630387019135 4.274646640185189
709 -2.0121332846862146 -18.898858564314679 3.8664098199578056
710 -0.78048268915947006 -17.939562720482684 4.1836851109231219
711 -0.35344657247738098 -17.590892594848015 4.5583364436684093
712 -0.34551083521769499 -17.590528552029468 4.5580714225584558
713 -0.56076285098252754 -17.916014413096462 4.1268015452077309
714 0.43329009847461464 -17.145155788122835 4.9886400808888567
715 0.7756545605537184 -18.228300198417628 4.9568035684873681
716 0.78670699167865621 -19.38614256922132 4.0771342722001087
717 0.87110714380911247 -19.278917071114023 4.1646443485695048
718 0.34394645430982962 -20.362938170850384 4.4271396220509631
719 -0.15207159259533398 -20.88832993132786 3.1444632197542477
720 -0.78533337185604069 -20.50197457394944 1.7176945853393857
721 -0.47536964074089383 -20.032758585843425 0.25485639521170089
722 -0.052252243930027475 -20.23735524733425 -1.0965652288712309
723 -0.52983694785740454 -19.125388353719671 -1.0101116394660741
724 0.0034789464875757403 -19.713062426202868 -0.44702854293760641
725 0.013812506429076166 -19.708950657059376 -0.44437042469659094
726 1.7495358544413619 -20.433199887613824 -0.28397683878540469
727 3.5937718648348778 -20.890525541472812 -0.15699163054721721
728 5.7629355704145269 -21.079621225642285 0.13358166316619968
729 7.5538202790285283 -20.697671950671364 0.4944744039608977
730 7.5819455458702834 -20.477091965606036 1.4541968293986298
731 7.4583545951210226 -20.363963619170761 2.2760012152481588
732 7.3699975676345559 -20.382187047453925 2.77723951476725
733 7.30937905294617 -20.452431954368222 3.2803327042221726
734 7.2261318468661671 -20.527809005383745 3.6804334751476322
735 6.7377794080857996 -20.443568869417845 1.965316077803867
736 6.7163662730136906 -19.782304779946344 0.45909530510057395
737 6.8757046269311672 -19.528804768057512 1.3502214392249483
738 6.7959359909373802 -19.374887406703181 2.1610376919224192
739 6.5809612378794213 -19.307654252066754 3.0269062421052055
740 6.3827250077539048 -19.525979985161769 4.653204759914197
741 6.3554818415494907 -19.959589643516253 4.5619977434974883
742 6.4189935603752133 -20.387253581097937 5.2336333389560892
743 6.9605449286724905 -20.984884416815987 5.7651333913699823
744 7.4396985686199741 -21.637473108933108 3.6980673586028652
745 7.3259423334813931 -21.182785970956473 1.7125644304806147
746 7.1178847434276094 -20.716149786377102 2.3214737222106003
747 6.7675982682147264 -20.520224139179732 2.9186828629857318
748 6.1998687325992847 -20.467123057409466 3.19439581318623
749 5.7644055621263846 -20.566972906291582 3.5339515154967058
750 5.4586154612207309 -20.827894006200069 4.0195430064490756
751 5.433622427434571 -20.798875801300554 4.0224475952425891
752 5.4469815781478559 -20.8017345215749 4.186925153434121
753 5.521807754158786 -20.735430465222905 4.4717262826853261
754 5.3912508079368706 -20.577851318794529 4.2048436955496182
755 5.3601139027045122 -20.381850852231082 3.9204081653924256
756 5.3193520918724744 -20.147742441077753 3.1822929805832989
757 5.3213836807993857 -20.145182877932712 3.175711320223201
758 5.1130831670799353 -19.926426818299802 2.4661036703303605
759 4.6395443660881597 -19.363137248280665 2.0512323131767873
760 4.2023597903468044 -18.255077061631908 1.8448886656442451
761 3.9123884459010583 -17.085341487786593 1.8813100796498268
762 3.5704436860391269 -15.84335139302226 1.8207575442467578
763 3.0870319916135571 -14.620315536798358 2.405481409641264
764 2.0738224402194589 -14.172595792156727 3.3508443288139027
765 2.2137439220708899 -13.840958358274037 2.4216899495462041
766 1.6531718866167324 -12.984313099928173 1.7974577567074639
767 1.4115728718807503 -11.159518835930669 1.6526286369911927
768 1.334369187179135 -10.114745985555601 1.6653856764799992
769 1.2134922551103529 -8.6320992434831396 1.6841795145955061
770 0.5926420599547555 -4.6687029797559632 2.6370445027270728
771 -1.0446355406154382 -3.4186700924961713 2.2349334863754646
772 -1.1708521663283804 -3.4571130467311662 2.3866305995620229
773 -1.2476664855447623 -3.4611426571414583 2.2907610614755396
774 -1.2668339892227749 -3.5414036320103932 2.1274351092932573
775 -1.0074044405688412 -3.5590109255050493 1.5353822998230147
776 -1.4617336506179441 -4.3522895882647958 2.4921170516894335
777 -2.1343341581870874 -4.0990674266862754 2.9416967162369509
778 -3.6359887818281322 -3.6316155315708158 2.5138676795209918
779 -3.8318231613818767 -2.949499418750662 1.4339664332582274
780 -4.1532189799750086 -4.0328027689258477 1.5592144195583368
781 -4.0962999653300116 -5.3473335363287902 0.96468925127251337
782 -4.6283452946975316 -6.4873876031167441 0.47405500296415681
783 -5.0467377575061789 -6.6855380363367374 0.51901386952121964
784 -4.7464126883076574 -5.8181414531779012 1.9410251776781795
785 -4.724424169826051 -5.6240272538076113 1.442287276267594
786 -4.4880986229277582 -5.7583998958756411 0.63899229743462538
787 -4.1852784321862941 -5.5103796448110103 0.65746325141960149
788 -3.8633581825446583 -5.2169619472236093 0.69847740108122025
789 -3.3523815566144464 -4.7822372681136187 0.69956903118020586
790 -2.8322175735931197 -4.3675393700278278 0.64699080861585978
791 -2.2284626494761284 -3.9191954656686505 0.6304914056859765
792 -1.694632284491675 -3.5380087838723568 0.6106933676155073
793 -1.0673153820274592 -3.1001030563813856 0.61072186705035714
794 -0.49291452580192896 -2.721845105407084 0.55593588444819275
795 0.10978300191391099 -2.3573556290506446 0.52744180710546162
796 0.66371062556072502 -1.9971230020635886 0.60812619506400711
797 0.53619436108581908 -2.0551884971005876 0.57468419861408293
798 0.37992568888881095 -2.035892545541742 0.76811833101700522
799 -0.31339667153393691 -1.6988794105249099 2.219266043129041
800 -1.0532531048610991 -1.8990394174872449 3.5701019169179631
801 -2.4360360308388422 -2.3760213572016085 3.28189770966405
802 -4.2190231296356302 -2.5738174277091446 3.169089215181903
803 -5.9215204034117477 -2.7596049547801584 3.4499964218931725
804 -7.1472851099427075 -3.0478306879838897 3.2768289872213643
805 -8.1817455354482149 -2.742300941163748 2.3350448626668614
806 -9.0784696803261085 -1.2427664729843002 1.5856134883752873
807 -8.8346721264890888 0.34593256530732219 1.0017865108805051
808 -8.4474444845194014 1.0529218340732172 1.10415121178201
809 -8.2749961140465942 2.6415219800464058 2.4726073649179394
810 -7.2622610575364277 2.5726043753159615 1.1637667235091085
811 -6.7058232293598223 2.7337111170911328 0.22604719082369407
812 -5.0806240912549256 3.016947774531701 -0.038498066342993909
813 -2.9477176868852766 3.0435433994667562 0.15463457774662936
814 -2.5907861319856451 3.1094201164914779 0.20739671669752235
815 -2.9765325886884639 2.9536552683302375 0.073699667372661537
816 -3.6566101889822633 2.7604945555638878 -0.26640203449682387
817 -3.8943512192668734 2.8625912521363617 -0.092336546785985796
818 -4.5319353758570529 2.8816891614890565 -0.11866518627744593
819 -5.3265453098888358 2.9232341570030371 -0.15048132650463408
820 -6.1499508675480072 3.001619577683222 -0.13757294491232841
821 -7.5899484889087887 2.7807987373242042 -1.1558573120341271
822 -7.5714139670182945 2.3212798473662133 -1.6247272783923337
823 -7.5748025065224525 1.0798780964195984 -1.4973000565660493
824 -7.2668279836547356 -0.011469838336040539 -0.80402598842712081
825 -7.4968914220584715 0.14520312751059095 -0.7784239847995913
826 -7.0905725813282672 -0.054040632021198576 -0.21346150105413031
827 -6.9050673467603012 0.028495680205743668 0.37627014930644354
828 -6.921519507890924 0.19245832624239512 1.0762422692416722
829 -6.7870670607122712 0.36083892397533646 1.0083899498498941
830 -6.6312866989091788 0.5511480907729478 0.97616009628548461
831 -6.4958853933354135 0.72023261432452301 0.9881389614591054
832 -6.3576560685059107 0.90812691724453742 1.049500411926048
833 -6.2428746012291612 1.0896628827558317 1.158421511712497
834 -6.2342627456717707 1.2219684126137622 1.5984289923794197
835 -6.3077337161839289 1.4889124291038414 2.0457744688290056
836 -6.5521838764244578 1.815708737242268 2.3797883098679957
837 -7.0256524824889937 2.1409317776768688 2.6660931268717221
838 -7.5644085763563425 2.3391492689958753 2.8533287271812853
839 -8.2250563560211134 2.4727869118966694 2.987822630077555
840 -8.3789814595454786 2.6760996857886568 2.1934556575878315
841 -9.0589422042325722 2.9376446233945543 3.9244021310151345
842 -8.8186795026833948 4.7877651786211217 -1.7754575992437882
843 -8.7128681609470391 4.0889118207633288 -0.72410251151733407
844 -6.9431147175332697 2.8833275580840763 0.34631645753158313
845 -5.8504940406251507 3.511813711868534 1.46494291279671
846 -5.4705330900082814 2.3662358085081507 -0.66586826154321255
847 -4.3879408159288751 1.1069503681728108 -2.3700997079902715
848 -4.9971781341468358 0.14843185088930255 -1.1676322437017088
849 -4.5287296089455964 -0.43664119951315428 -0.054548181824876529
850 -5.2021324830358111 -0.15118687065490377 1.055691386473784
851 -5.5401728154801901 -0.24180632889802922 2.1745090535376885
852 -6.0203920004991929 0.058674240477621709 3.2508950550304423
853 -5.3377037422138187 -0.18238238678652152 4.5120676325642659
854 -4.9243266324553332 0.24277096018985844 5.8713741102663697
855 -3.6325438347357064 -0.025644708078907286 6.8893202336691886
856 -2.3003538589493679 1.0349066179498081 7.3537596389857089
857 -1.9248755928179442 2.3945931906074591 8.8174649400770679
858 -2.2536855918576144 2.256047146435435 10.224044836355363
859 -2.9408510796028224 3.1392736208801111 5.6381327011949187
860 -2.5406004576240377 3.2365752491539936 7.0441019027047407
861 -2.4679949844926021 3.2623723992282763 6.8836767860455605
862 -2.4793812990445794 3.2021630509260248 6.5487387966448072
863 -2.651151271771031 3.0675318559637645 6.0118033403761642
864 -2.8645158042805967 3.0690382985617077 5.5008351780206937
865 -2.5106030012641547 3.1497382627112174 6.1967718853354921
866 -2.4504668879443336 3.4848777327712597 6.7518996408960001
867 -2.5462749911718667 3.8453115824378301 7.235047092892402
868 -1.2141135981474456 4.7399977928063208 6.7577982743983291
869 -0.75277826475430842 5.1095401128845026 7.0775897253560451
870 -0.20655728837757081 5.7740125263074731 7.2533969859551464
871 -0.084522963154462616 6.0981448764026709 7.4313247079817515
872 -0.48896994589387077 5.6941352698801353 7.7871323335744629
873 -0.17648897797031893 6.3609597244953306 7.0753708899307606
874 -1.5683667716987699 5.4230418307711687 7.6683364104886484
875 -1.4365933604916279 5.3153621058311629 7.3993232931485142
876 -2.2229491488685937 4.418787842471751 8.0115136849306658
877 -2.1007575562218541 4.8729721224291325 7.6493641730855249
878 -1.6103620205885321 4.2972969979743922 6.3572311053951189
879 -2.7111707457091505 4.4150412266527681 6.6516372450302628
880 -3.773473080774373 4.0537636300614253 6.7793972864338832
881 -4.1001694875243366 4.0243405799449974 7.0501094400135065
882 -3.5412327580167471 4.0570144717232068 6.2004204735098485
883 -2.3155120858164437 3.7455886483122782 5.8036797850668753
884 -1.3342141027399421 3.2226714252361575 5.7720183613379801
885 -0.31048728690011274 2.4841410118606504 5.4542720443367223
886 0.4754745915077514 1.5944440059013232 5.3966783286880178
887 1.2371032839774188 0.51079405531459798 5.1839512470801052
888 1.7658145400012515 -0.69711334876015485 5.0142552310398933
889 2.0410911794120885 -1.7223610629247972 4.9065911018518591
890 1.8331464368719033 -2.5205515677202754 4.1670330280821206
891 1.8364855089334853 -2.6085388569394325 4.2925909194679823
892 1.7008957213189291 -2.259048530765341 3.7530979837240945
893 1.2578924818038928 -2.7108906778189379 4.0443261933623695
894 0.78356708258403174 -2.7156800133033556 3.2561616689347828
895 -0.47752855344548095 -2.8923589207503966 3.2012977884395113
896 -1.8966965838352223 -3.2965725809444777 3.7639676100972288
897 -2.0906661619094535 -3.9064986800533603 4.8350592442130909
898 -2.5584123460414112 -2.7460268179384997 3.973104853468663
899 -2.8726740124090462 -3.0035484031589021 3.8738336667771689
900 -3.1392068115817615 -3.6116284832324936 4.6195005070638055
901 -2.7854729056537053 -2.6290259232377764 4.9304174866659274
902 -3.0195669286999056 -1.6007445814981764 3.9120491271296345
903 -3.463080879611887 -1.8177272385487839 3.3657763310191804
904 -4.9523584229693434 -1.9386474750037621 3.4957678812007194
905 -6.4355469923889075 -2.445712924346509 4.2243849707042678
906 -7.0400800238388008 -3.1359470973340535 3.8879786765737938
907 -7.9117192779189409 -3.7342398100015828 3.6291225329126267
908 -7.9133825343555273 -3.7339035671618888 3.627580087029239
909 -8.6472549223415882 -4.2227321323678382 3.9697098723571198
910 -8.8150234710971738 -4.045534696260205 3.3431544675977447
911 -9.5986354296131609 -4.1937688480456643 3.3452884928105071
912 -10.486310821582268 -4.2939166667595856 3.2136238005193576
913 -11.499077431138542 -4.3442993447883111 3.2143197452527765
914 -12.743548868292599 -4.5096761993115422 3.4038327815078482
915 -14.023656340988193 -4.9809252323635462 3.7220950760251057
916 -14.872710392013378 -5.7026032234324475 4.1636038578632544
917 -15.17049790357326 -6.6431036425308463 4.8776238610099982
918 -14.853165003849703 -7.0343676102490775 5.7352260516114306
919 -14.778935632727141 -8.5904548766881987 1.6024086649464477
920 -14.47914240858552 -9.0788850760680191 0.65123855742193726
921 -14.552393053024822 -8.3887463529106299 3.0350225307721193
922 -14.969097094749046 -8.5516495856198276 3.9274526649447745
923 -15.039476576122734 -8.6056568475436848 3.8900624535555357
924 -15.297722169786848 -9.1217614957089097 4.926850273229892
925 -15.373009027667454 -10.235390715506298 3.1370171189858986
926 -15.550590995793936 -9.8696718393407608 1.0628242819694353
927 -15.825746927723607 -9.9888357486186621 2.1783492270557447
928 -15.251351636736906 -10.08097005100241 -0.023786696654402917
929 -14.484079765709438 -9.8851067604041134 1.1642475129622456
930 -14.705727450468135 -9.673465258852616 2.6778547763301592
931 -14.001483912065595 -9.8369522391106443 1.9165350634998282
932 -14.21024435927702 -10.15378403599621 3.5030228172576683
933 -13.305223757155886 -10.186668719603773 5.3419598567164304
934 -12.393779906632314 -10.910037600856157 6.8013144773484839
935 -10.276618207829664 -10.100689974926155 5.137209523103258
936 -10.153604744054331 -11.237581622498496 3.4639928357868701
937 -8.989276243864559 -11.126321002475748 4.6344702816373928
938 -9.0031420140663947 -10.159194266386834 4.2950831057811136
939 -8.6999020113115044 -10.817455529457163 6.1702764155177023
940 -9.0225154572819157 -10.642414031846315 6.6280580404492744
941 -9.1267049748183489 -10.562030104388612 6.9576921675071048
942 -9.3482878942911043 -10.460414219623203 7.6813367973746036
943 -9.1451137955753623 -9.3213005817943468 7.7092990422601133
944 -8.8744196863574771 -8.1823396449163965 7.53702774317156
945 -8.3661217385404676 -6.8672497455766575 7.3741970434743891
946 -7.1506675028025768 -4.8747901013131809 6.9571537073161629
947 -5.0869173186710377 -3.539677723909378 6.2188179193449118
948 -4.9944766478450475 -3.4274660016001803 6.5538856984136338
949 -4.972442775034537 -3.3710513086268463 6.7115502549420025
950 -4.8333313138062337 -3.3410691764566138 6.7106552052176758
951 -4.5170485257839665 -3.1564453008531075 6.826879537506378
952 -4.0745784780273127 -2.8579180675661746 6.9008039224400859
953 -3.6604441411204824 -2.5354232791187314 6.9745265651203638
954 -3.1801092901755297 -2.1629605271765939 6.8957090405940873
955 -2.7400278539123093 -1.8429681171338217 6.9168413070105981
956 -2.3405571539734424 -1.5575989591977759 6.8742639453018954
957 -1.9096143413602817 -1.2979689110262598 6.7588082158298999
958 -1.5957877663927889 -1.0781008299487098 6.9826136315674061
959 -1.1690730196662642 -0.69184472157272126 7.0643656841648195
960 -0.77335944209126239 -0.48898988489099793 6.4047400356856352
961 -1.2533058510810022 -0.52962272866828641 6.3824888956867341
962 -1.7423257003858978 -0.5664130827277063 6.141849127763356
963 -2.2732742820185123 -0.21175096570044616 6.6838292971447331
964 -2.3688059448026593 -0.13039650795367663 6.9512010173944567
965 -2.1816100667132332 0.039781116512926928 6.8978937347417979
966 -2.06490596225715 -0.35987042445825068 5.0314317819257495
967 -1.8225823910235732 -0.51062182720340843 5.7555576660996133
968 -1.7510152011922671 -0.88296808752565425 4.5035426777436269
969 -0.90587253480966012 -1.3885618318245037 8.5775812642818359
970 -1.0536201896703972 -0.6000488950366929 7.0857797523016997
971 -0.84008366226549924 -0.77093942581981878 5.6113348872507753
972 -0.78034233226182437 -1.2274786605324124 4.2933810392486231
973 0.17667939436051228 -1.8031137197013152 8.5622401899777749
974 0.11793181114711615 -1.1980572785458463 7.2939944297977375
975 0.38514802834902184 -0.89523357737836307 6.9866292960228611
976 0.85568419738692114 -0.57740249499224205 6.7708570917786917
977 1.4259089347125311 -0.31568078991691095 6.6769172909663865
978 2.0404865198768434 -0.23426010053918844 6.0786874848218861
979 2.984609655163581 -0.60382285631845889 5.6348960769189098
980 3.7620218660361786 -1.2902698172363074 5.5913496675190055
981 4.4833239984489097 -2.1759285869943881 5.5026110780185631
982 4.9938631368568736 -3.0426280004502644 5.3603601720219958
983 5.4026264367138168 -4.0622917937342038 5.0964423939713557
984 5.5010537889844286 -4.9460607117410404 4.4349298722693034
985 5.0233282508974142 -5.8703150158135742 4.0652252058389688
986 4.3292346522662797 -6.4727006545466139 3.7361337938370847
987 3.7737729908692543 -6.8283763896450438 3.7483045406483493
988 3.2138172001203174 -7.2013559961665692 3.7782573175133605
989 2.7167238191222651 -7.5547915821902052 3.8146345332887552
990 2.158874988734766 -7.9880809449572894 3.8675252109933549
991 1.6878812683830304 -8.3980499085303961 3.9245292640596983
992 1.1917246574063896 -8.8929103434843171 3.9992984931089399
993 0.78685705451803045 -9.3690811202441324 4.0791206723246569
994 0.38938184227668415 -9.9379053594710172 4.1806907773508426
995 0.091184769124460274 -10.479032121413439 4.2820342408400416
996 -0.16996894357038883 -11.119869082645565 4.4059654335004925
997 -0.32133571489875123 -11.703192131827421 4.5313729702956449
998 -0.39260644759472996 -12.369026039656049 4.6902490965977961
999 -0.34596525932746403 -13.025792978862441 4.8791105753550292
1000 -0.19529623786064576 -13.581551826993739 5.0743766440629532
1001 0.10221687507910104 -14.146321952037141 5.3156183421134537
1002 0.46460838663620052 -14.557432330218361 5.5468558201192284
1003 1.2916959228817575 -15.371868782197964 5.3301849248455531
1004 1.9913913265401959 -16.25679644587342 5.318905284336136
1005 2.8286654287662856 -17.217541698980398 5.4924095721960269
1006 3.6711358662604781 -17.852977891847587 5.8226971119857396
1007 4.2743651145356054 -18.261224271402639 5.5463935708929517
1008 4.7848874022092502 -18.773329692436562 5.4001816725489666
1009 5.3278378080494093 -19.427948247545544 5.3485023036933255
1010 5.8822548217534134 -20.095918148668289 5.4124692615227437
1011 6.4236713626496353 -20.63347086290031 5.5699227316571926
1012 7.1215764224827183 -21.087536741142827 5.8609730095455035
1013 5.9623947221389813 -20.605265049801829 5.6936451752617714
1014 7.2454765902413243 -21.267072885489483 6.1211989671429627
1015 9.3462031019436935 -21.752038556209314 5.8007894280060865
1016 9.8776269144535433 -22.01814352690981 5.805303435510254
1017 9.7885319514250853 -21.874321547485636 6.028849472250239
1018 9.9009975891351871 -21.98748604538082 5.7499757920690664
1019 9.5733340595086958 -21.77326953639971 5.7720599448459726
1020 9.1712351066097497 -21.531302676223575 5.7941063176900673
1021 9.1327304042759252 -21.214164358584028 6.5640676747070046
1022 9.6984126155207093 -20.85007716974404 7.0432198688914713
1023 10.572606930920578 -19.985965589968814 7.0845288670933249
1024 11.437387890191239 -19.269580750884728 6.7401305253892199
1025 12.156584238553741 -18.911313146128037 6.7219094213823194
1026 12.502339673868462 -18.673836397978192 6.7993152183803227
1027 12.818649596803994 -18.384015828555533 6.8930625767468952
1028 13.089499087159254 -18.094803152294801 6.9556661809467499
1029 13.202039889721632 -17.88307051918305 6.9469893701444505
1030 12.3644787841991 -17.713470465334723 8.1816667227058275
1031 12.427279172996919 -16.05822703440866 8.2500368393505301
1032 12.843162118996361 -14.584713938837268 7.1373761390952222
1033 12.617613183816999 -14.695282430186339 7.0829692868148202
1034 12.607404523778811 -14.689465208708711 7.0783979626004809
1035 12.431340362028209 -14.783037584640525 6.9823441187473172
1036 12.147140739657154 -14.817822324341492 7.1906082610647912
1037 12.205233879373168 -14.850775706577593 6.8013465991585491
1038 10.973735018123683 -14.974918789289958 7.7502266763135532
1039 11.242904953222819 -13.563855537072541 7.4994900154370843
1040 11.236479023035713 -13.560717129007699 7.4954098114349907
1041 11.828140242335536 -12.963891958978834 6.5260857651966511
1042 11.897089285345835 -13.092686290522821 6.0511475024146124
1043 11.880389407120035 -13.232863801089039 5.5367015398472788
1044 11.880100676399977 -13.224419607338419 5.5303914594290902
1045 10.982638098069991 -12.704381213786974 4.7246160444232679
1046 10.785004768652399 -10.427433504749217 4.0287853506050224
1047 11.888423926748011 -8.9080067975925061 3.5454107914430661
1048 13.591349435914275 -8.1033698301926194 3.2158821919709775
1049 13.85542130563725 -8.1459190384423437 3.3160396400669354
1050 14.817625251105405 -7.8835422630652374 2.8849668086734166
1051 14.924855049828437 -8.0244503968290957 3.1270962518776599
1052 15.698652708648986 -8.0762420603938523 2.9427141163652184
1053 16.444720092547939 -8.2015374557436189 2.6783372733760489
1054 16.590420387545265 -8.5113452284957702 3.1650086574325682
1055 17.605325650513407 -8.7411964460722373 3.3350024647061858
1056 18.371977033168704 -8.9324381431899837 3.4789605552142469
1057 18.104735994137002 -9.1770294853608192 3.5280550589248936
1058 17.499197159470619 -9.4305785641122526 3.5173322600005834
1059 17.505827170722746 -9.4437750697184271 3.512046075628203
1060 17.842723503254319 -9.10566642918441 3.1513116992662411
1061 17.848547173209454 -9.1081567863310084 3.1470205073362898
1062 19.212109900815385 -8.5500689271020462 1.9845613425013138
1063 20.826190482527366 -9.6906327428656169 0.62209121972191728
1064 21.652398435933847 -9.2727558209451928 0.070916339453919619
1065 23.517338682309799 -8.3427443126375351 0.47406813407877468
1066 24.15172801426754 -7.3753236758442142 1.7065819043124
1067 24.474648181042774 -8.3163628235230789 1.3609656692577889
1068 24.392300016635524 -8.6719617596548915 1.6052214783073371
1069 24.490002447416273 -9.3640629003333231 1.6009612158961639
1070 24.573133457912384 -9.7046131210298228 1.5903866309776831
1071 24.739904120381873 -10.169624855118954 1.504644023238467
1072 24.74257063568006 -10.174031393561663 1.5045438952350709
1073 24.841291386018618 -10.643517426387959 1.5858283885931437
1074 24.745116258355893 -10.289699403685319 2.0179932733224621
1075 24.299441156594 -9.6646794376471092 2.3463080681466426
1076 23.511169637554296 -9.1495024407266214 2.4915939400193237
1077 22.45560212230658 -8.6741959322778115 2.5163504945924302
1078 21.544211840926501 -8.2193037996937903 2.4211350721398377
1079 21.346747012639931 -8.0809475256317995 3.0361958737466033
1080 21.348565669561317 -8.0809198260029547 3.0408857603305499
1081 21.125932995716816 -8.144284832212378 3.5942251619984358
1082 20.90462965357009 -8.4288201978003485 4.1563806251336608
1083 20.741058497672761 -8.8947830062367075 4.5388377781388982
1084 20.717367743578123 -9.6962095275609528 4.8048501586449888
1085 21.047972498001506 -10.762221014829663 4.9069983771817114
1086 21.771624500834299 -11.794590195785247 4.8953778894777464
1087 23.027471265094455 -12.855114735719823 4.8532125997567697
1088 24.543855940844935 -13.546919469390446 4.8552056458372874
1089 26.553833100877277 -13.895326363009119 4.9772967688619651
1090 28.403920051702151 -13.692421919963948 5.2422438800848994
1091 30.295459307240023 -12.97900484649729 5.7328204323263456
1092 31.59143680891389 -12.10090554109847 6.3373496863362497
1093 32.477849917045106 -11.155831334702142 7.2100893055655835
1094 32.62745795001684 -10.484184736441108 8.1467096964056509
1095 32.306373306663176 -10.418610665376505 8.5500593258077515
1096 32.305691228361269 -10.420973017241081 8.552368323599012
1097 31.940596357238654 -10.240424208489785 8.7731376743572458
1098 31.570753716487623 -10.056065526056258 8.7755004096662859
1099 31.022862499993479 -9.9669288881493969 9.0449963467468972
1100 30.484730656052228 -9.955856132102781 9.1914406150497339
1101 29.509979566185585 -9.7945055642557293 9.4419457497728168
1102 28.55106771401983 -9.3017940673669699 9.0403913050406928
1103 27.802510408653774 -8.7112651844844322 8.6243716949563982
1104 27.38849702089508 -8.1164393923419453 8.2992051382545498
1105 27.111594479394761 -7.2888216856693475 7.9854244453470304
1106 26.969087036482726 -6.4027309886448194 7.7625258719929455
1107 26.887178717684613 -5.2697886623841868 7.5681496981483072
1108 26.917112656124189 -4.0714633693204547 7.4268471691826825
1109 27.090296989551128 -3.0431412379779488 7.3437088763319629
1110 27.430592900805856 -2.0140760420983952 7.2998200532700963
1111 27.801827652893294 -1.2162572237151323 7.3273427630269694
1112 27.868742930230844 -1.0730503582389304 7.4260368156265226
1113 27.868278983974058 -1.075192150566096 7.4271028861421851
1114 27.971056826210514 -0.94016351116893304 7.5628951494519221
1115 28.07649436325314 -0.78276533072209986 7.7332503156735157
1116 28.153418188816936 -0.62285527548209529 7.8690000010723349
1117 28.190531258076007 -0.43969827652193771 7.9961806154776056
1118 28.139159777094861 -0.55456077713290597 8.2205370245839653
1119 28.135955217698132 -0.58954888806471217 8.3400649128408375
1120 28.042844357592188 -0.70747704376560705 8.6381745747699945
1121 27.941509499699023 -0.65269005583806461 8.7043458613017286
1122 27.717682237514857 -0.4999670387582853 8.6991379112159137
1123 27.552458311321224 -0.31704396966588888 8.5897615209887377
1124 27.457113332708346 -0.051541276254198465 8.3490667457254215
1125 27.487786801767371 0.21018973419577947 8.0590423237574882
1126 27.675368389639821 0.50716993026784962 7.6988921357777116
1127 27.953291796393856 0.72974804837670604 7.3829741069163486
1128 28.3782550571323 0.91924136354558073 7.069233155452185
1129 28.815984983771621 1.0392907249071754 6.867594065656645
1130 29.335561315606874 1.1540081122572587 6.778178998869592
1131 29.816313791162862 1.2949680581066616 6.8446646335205266
1132 29.970761564430894 1.2055901692288558 6.8932802110860187
1133 29.970446799752416 1.2024923612403313 6.8942549975538689
1134 29.930896397423965 0.88451884514762469 7.0094048818177637
1135 29.894656915863727 0.56614482314674319 7.2338585298534266
1136 29.548141277979425 0.15928879075931945 8.2538301679042583
1137 29.510968811985187 0.065167120879124241 9.0615145879709686
1138 28.584329198665145 0.15841874175487192 9.5677274384183839
1139 27.218495436764826 -0.36105372198630903 9.6713503543219907
1140 25.569721633844409 -1.1775948235082296 9.5054670069154117
1141 24.080536085533495 -1.4698518382776342 9.1154029800495291
1142 23.092899929263069 -0.87350470568645733 8.2984696032532987
1143 23.001580763794678 -1.7646283301490655 9.1732598441650772
1144 22.495598795954443 -1.766777629485091 9.5733811608323602
1145 21.300007180377044 -1.8945837114739277 9.3810474682130902
1146 20.672706769504131 -1.5981741899879012 8.6181601520536084
1147 20.928514944855742 -3.0649834114496741 10.091755856672501
1148 20.932695875410609 -3.0707707542364631 10.102179507637596
1149 21.362112986438788 -4.3466510742519233 11.209293517208005
1150 21.802468352148878 -6.0406643213348445 11.880991649038767
1151 22.206003886916065 -7.7640703297745119 11.897254045669779
1152 22.636051489044313 -9.401642041733993 11.217074726778954
1153 22.756066964431618 -10.065389158516979 9.9677754495379389
1154 22.52865309577826 -10.480210676737585 10.308729192695878
1155 22.53017497546896 -10.47933671804563 10.310958953984496
1156 22.451404419071096 -10.904879955046738 10.632643722591855
1157 22.456252444693305 -11.33676871774577 10.868531194487272
1158 22.763680297416045 -11.778275924143855 11.395669746699337
1159 23.242054316457256 -12.154386706695703 11.981950235160735
1160 23.989031265498994 -12.598782320373203 12.329466565182337
1161 24.744852249004559 -12.900985362931465 12.425016206615838
1162 25.556602036535836 -13.19151994449885 12.381120477735177
1163 25.920340386554876 -13.132631963795717 12.64441398384125
1164 25.920358059332052 -13.130691615610118 12.646702136770646
1165 26.350908797568145 -13.001011081801835 12.86711610589219
1166 26.524554734527754 -12.780252881904062 13.175042705617319
1167 26.758593080044427 -12.456128064494663 13.419783737715647
1168 27.031984146753402 -12.050320940076148 13.546059804306003
1169 27.365317735889832 -11.493743871482593 13.811563536945961
1170 27.718126726689491 -10.594744294323789 13.941147150034226
1171 27.967408808361867 -9.626476579016952 14.078799717837686
1172 28.042990845493954 -8.6471252468980708 14.229677648278823
1173 27.936475356143617 -8.145819181928772 14.44731666568382
1174 27.763422945654789 -8.1349922074913934 14.791981391727957
1175 27.875684443460493 -8.5733950007782767 15.119081002619488
1176 28.440022195086158 -9.1914191686977063 15.383638955696364
1177 29.968688326775748 -8.8170859657705023 12.214665604047873
1178 32.383902233789129 -9.9063183113626394 12.7294544347921
1179 32.386223100820942 -9.9162261828473959 12.735748828238396
1180 34.117357953539177 -9.7020306820426185 13.10871905919517
1181 32.417830466906032 -10.004676811607851 13.50844461881244
1182 31.149417049404398 -10.717289026233573 13.697252372509137
1183 30.155150319686889 -11.420802551895576 13.919713124569501
1184 29.027420664575857 -12.499914885909959 14.351683316159868
1185 29.090807587768822 -12.94682450235743 14.362787512416617
1186 28.74399483377222 -13.949185810315669 14.397838221856333
1187 28.398964010404192 -14.83497671365339 14.954285089884399
1188 27.869488215671801 -14.252116398900228 14.784254103972966
1189 27.735993826548579 -14.355903264668427 14.922436563760286
1190 27.562999938102337 -14.574705289278825 15.384048492681359
1191 26.523834812090847 -14.030404707075547 15.077270655872919
1192 26.528038244615601 -14.147237409004362 14.954883162136785
1193 25.756477561490563 -13.353616860674691 15.061182586524623
1194 25.75075888139191 -13.355188914088529 15.060547872960555
1195 25.509457500216044 -12.907062584324024 14.230138733861171
1196 25.447339543704956 -12.576713790069306 14.15114324567573
1197 25.412358758095714 -12.311096046046401 14.007441508700072
1198 25.405051145975584 -12.049307182372473 13.929962625049399
1199 25.387194302729149 -11.835629612759931 13.804059663033396
1200 25.407376305084057 -11.632517350419306 13.622513941262184
1201 25.432377992586957 -11.524002120236275 13.556436111114115
1202 25.932967600282495 -11.498320821132069 12.043045276752228
1203 26.506508918672303 -11.942166713030815 11.735645843197711
1204 26.505069946132103 -11.945987114181548 11.7336208136339
1205 27.016820954058232 -12.559858673911293 11.633314585829329
1206 27.511127283130591 -13.340170702950445 11.504755967123383
1207 27.873834988766738 -14.127191540011893 11.372127614405198
1208 28.245028177662633 -15.09134290156257 11.465280524610973
1209 28.577970110856285 -15.800629553011845 11.542868811041838
1210 28.867575042450056 -16.390585059321211 11.387904044477018
1211 29.146252166791641 -17.074653070205272 11.501143061799663
1212 29.536292050912905 -17.641611149882664 11.925747871451772
1213 29.657229437271297 -17.640927528021479 12.235027479783056
1214 29.491931075446942 -17.44079392455231 12.638714934264517
1215 29.00579197322358 -17.322551608630732 13.000399497423931
1216 28.508346865574438 -17.387572651546066 13.414032507750765
1217 27.951951229204525 -17.714308965156334 13.925291041777623
1218 27.716864990275823 -18.074450380039593 14.399899365407693
1219 27.620460798559051 -18.214385684706258 14.77058981503458
1220 27.442355207374078 -18.185656685499254 15.30919974180839
1221 26.937129139598667 -18.098556086702473 15.862469260714565
1222 26.13572241233048 -18.254275659357745 16.187920945136199
1223 25.245819153820037 -18.744247701158969 16.538816608583545
1224 24.529640806790226 -19.50911353806714 16.791147618401695
1225 23.992820619174793 -20.508047220194271 17.054796038659365
1226 23.707028603379541 -21.528986539065869 17.070481286045311
1227 23.247516577114055 -21.807590726762555 14.507310726096808
1228 23.42486326581249 -20.888859393717553 11.635792972291314
1229 23.485683375505658 -20.9399621593885 11.725857312782079
1230 23.519310482306693 -20.87722180193677 12.052810305793793
1231 23.275287722031962 -20.689039152232937 12.226403902593065
1232 22.957952653681588 -20.533197075287319 12.416502838006419
1233 22.577414218083945 -20.445091368990461 12.641499201318769
1234 22.254236833007013 -20.48925733344538 12.614735281082904
1235 21.986115398439523 -20.503943596864502 12.858463476840043
1236 21.980061425450202 -20.500848008217673 12.862330133523429
1237 21.983262423765211 -20.441895289667855 13.409310844614595
1238 22.107782895291066 -20.209286662397318 13.796391476446068
1239 22.198591091115915 -19.789316810174483 14.080625542252111
1240 22.151549399871257 -19.207578881386496 14.42730922956363
1241 21.89390485233875 -18.578007745758271 14.673427631611204
1242 21.427084051176351 -17.878300623263556 14.763939223372388
1243 20.876731975566983 -17.251345014324244 15.045324795193707
1244 20.026145869675332 -16.675147647291652 15.196468638910511
1245 19.198785252044843 -16.284926123822174 15.362218222964465
1246 18.351256003691361 -16.067969022147821 15.559266352281725
1247 18.492801257743565 -15.310594681795834 9.5392219754006327
1248 17.977599040087341 -15.392593273019713 9.5742827691506314
1249 17.573934082110341 -15.478470357005676 9.654191135289885
1250 17.298061723266414 -15.55718922774102 9.7446637502659641
1251 17.05405542009683 -15.641080425435831 9.7802014976044394
1252 16.849405917074577 -15.724375244380411 9.9088088456054706
1253 16.709615411000698 -15.790219303546337 9.9646481160918512
1254 16.618693196215787 -15.846678475717226 10.165389623297107
1255 16.627802068177175 -15.820304309034157 10.334721710912756
1256 16.68688547500814 -15.712642894763462 10.528945246757701
1257 16.780025122757223 -15.4707603987504 10.818797790898326
1258 16.79505325875563 -15.134958729881816 11.046887663948826
1259 16.716075432655813 -14.685388351557179 11.342462881739381
1260 16.458826819788939 -14.239925246987752 11.551179963789657
1261 16.121710151679537 -13.887740475627396 11.798382575465673
1262 15.705153232086062 -13.638693723935688 12.045389330382017
1263 15.364469847588424 -13.55873578150559 12.456561411936436
1264 15.294579218118287 -13.581758177750658 12.809075408513717
1265 15.551998419911797 -13.458012663565938 13.094230445170407
1266 15.898014383579692 -13.090192203347499 13.534068773637738
1267 16.038370472227228 -12.496347350042527 14.392383509489562
1268 15.558624533268443 -11.461426982716887 14.887373446945679
1269 15.553111625167361 -11.454872689270644 14.894462526303363
1270 14.740552176791923 -10.835241774911907 15.177770284553603
1271 13.825192146232169 -10.576094416918721 15.591711314976472
1272 13.269660973017139 -10.676739783709706 16.153390722347797
1273 13.236706427103869 -10.692535974420792 16.802518905159751
1274 13.01312193252852 -10.238442787045187 15.196682844443753
1275 12.443852485436778 -10.194757782560572 15.12009926082597
1276 12.221222935613042 -9.4903601890458731 12.032674115719988
1277 12.47885558114254 -9.6111330486586724 12.177218387762977
1278 12.769204547638921 -9.6624584513992318 12.614619607887162
1279 13.106588515853872 -9.5577404279198959 12.975796331102515
1280 13.461946428386298 -9.2482307913667796 13.347513448485328
1281 13.672555565007357 -8.9155246660805005 13.502818263361837
1282 13.819722535289841 -8.5879165452949451 13.808651562622643
1283 13.999513514507413 -8.334313465109858 13.61649336373744
1284 14.215455238013334 -8.1687862414372319 13.416245392197419
1285 14.499500642291778 -8.058316469926524 13.168822572321488
1286 14.757587519725845 -8.0369647297720235 12.941997499037647
1287 15.052023236641475 -8.0763820696775497 12.690353013055176
1288 15.309524113660004 -8.1500853875396047 12.477709445670504
1289 15.593292968978332 -8.2608489253661617 12.279705123215402
1290 15.866358250553716 -8.3826745408969998 12.137205635481406
1291 16.218130660246899 -8.5708318769206926 12.017938359996617
1292 16.567636364981823 -8.8072211654357773 11.951926077317715
1293 17.003384025218864 -9.1821427574703307 11.916574194813013
1294 17.453702421537628 -9.6970549134731527 11.918561929158068
1295 17.833148567763558 -10.283546835621166 11.941733020219566
1296 18.220334305662291 -11.085525679488228 11.974795631286288
1297 18.494271122007973 -11.93891102361431 12.003987672279573
1298 18.705087299771847 -13.030894135291391 12.029559623245955
1299 18.763053299370711 -14.093512682370061 12.035318209188256
1300 18.692422794926259 -15.337214824160299 12.013264710619689
1301 18.489648684011641 -16.470848357379452 11.959580360902454
1302 18.130782008281187 -17.73544111467146 11.854263017549897
1303 17.709453157914879 -18.813556923862393 11.715373255580092
1304 17.160633868218071 -19.950910030016388 11.497802647268248
1305 16.579619181351973 -20.959488869320211 11.21496609272287
1306 16.056634193883951 -21.736964936716106 10.901137276305437
1307 15.479687195035254 -22.426067835608393 10.488082047688986
1308 14.943421643702337 -22.870821980816913 10.062392137017143
1309 14.679587111408196 -23.189779020995161 10.356832639149452
1310 14.681019016141377 -23.190742608309051 10.359270892872537
1311 14.581084815206509 -23.466725762114976 10.581048467012179
1312 14.54588256933134 -23.814234653572129 10.852872666389048
1313 14.566467673219435 -24.229864068238157 11.114346539330757
1314 14.701854977706731 -24.874878621210172 11.362423175750566
1315 14.979633256647276 -25.536895413553793 11.576791470520204
1316 15.485484361779086 -26.257799345553508 11.841686861578596
1317 16.167087354714042 -26.858105650902928 12.038706413104148
1318 16.803136611258395 -27.20341709738355 12.25903118159014
1319 17.602723237602618 -27.423239311620108 12.509126574815131
1320 18.34845581179826 -27.435389573823755 12.752777719226859
1321 19.038078540134137 -27.276105701358404 12.895683875690747
1322 19.605407042250988 -27.035553315445668 13.085088814957812
1323 20.151837133845106 -26.697613809286963 13.152217987644963
1324 20.617306836335558 -26.388960215740752 13.139986147347848
1325 21.141683336437978 -26.012438564166473 13.22835630274092
1326 21.609789578655494 -25.644390945505563 13.239273564173899
1327 22.124850962037485 -25.240882821307196 13.21756417906059
1328 22.662459638172578 -24.70925366906306 13.535243164572606
1329 23.479658610941641 -23.514916307300524 14.022070110950736
1330 23.476307021276824 -23.506361175860008 14.024147409131402
1331 24.247959753311918 -21.364819059151245 14.000436560976164
1332 24.708314402298726 -19.324876980370732 14.321039232475167
1333 24.616323586692332 -19.459038374969197 14.251895711872203
1334 24.608160113123475 -19.462508185790313 14.248404493204726
1335 24.426436810891985 -19.844444179939416 14.341832447735021
1336 24.280439360498619 -20.188180000736708 14.379772780060428
1337 24.174555498592383 -20.519843015503852 14.385507414807403
1338 24.0434690101727 -21.008416147506011 14.467824160429918
1339 23.746112104482037 -21.594570483540053 15.286265090233881
1340 22.883667544567857 -21.204181030672999 15.459902636088678
1341 21.801511514865538 -20.480813837484448 14.793059700305113
1342 21.618391650920231 -20.914979096953459 15.559030052653972
1343 20.44264396043603 -20.575225607317776 15.563371370374819
1344 19.466042884737092 -20.05178085495379 14.805660121822683
1345 19.051160036170415 -19.642639248454316 14.953550159269152
1346 18.472163075546177 -19.082099435850608 15.010231950427611
1347 18.402404462384837 -19.005479876397061 14.797851678238546
1348 18.007533410392895 -18.662866436635738 15.142547311184458
1349 18.650323756357949 -18.9235496887473 14.369826602807411
1350 18.560796052896364 -17.976587143917385 14.181473883942987
1351 18.585512774027777 -16.517826601338328 14.492120859345485
1352 18.121610692169241 -15.868987303577796 15.329307488456433
1353 18.772710116851599 -16.112840704634834 15.170091290733337
1354 19.299772504502982 -16.451333261251364 15.291841643810537
1355 19.903970774555262 -16.790215321100675 15.654749914028038
1356 20.692773906078116 -16.853580032603446 15.742373923865209
1357 21.316015580288266 -16.834559116392654 15.820380983141094
1358 21.936921978404015 -16.732130251902646 15.843089853141985
1359 22.412341384670341 -16.600445727850456 15.816638505797002
1360 22.8501591145276 -16.449895707578435 15.803092042910976
1361 23.223670747083133 -16.286909321482511 15.763086652579574
1362 23.389720707172756 -16.09065087258216 15.711612220911924
1363 23.170158637276458 -15.947614550825222 15.638169597409771
1364 22.399741026860141 -16.012187348746238 15.390928282640992
1365 21.424378680235954 -16.066508021262422 15.135229557622701
1366 20.536979143347267 -15.883851626513774 14.732894409383086
1367 19.345757494691952 -15.560251415421135 14.258540352890954
1368 18.1465311017174 -15.13231984178951 13.842070229626955
1369 16.686124779694708 -14.433390611545022 13.402410030158677
1370 15.438332354009233 -13.485055128922113 13.026940415669756
1371 14.282395355542207 -12.02225199521898 12.658078240892516
1372 13.764657475645251 -10.442715475199236 12.407639133356874
1373 13.860732577096279 -8.6461195744099655 12.199170867956166
1374 14.67815518634098 -7.1094537188573383 12.069038980066733
1375 15.847761272066272 -6.3566349933183801 11.979489098666379
1376 17.152997604828954 -6.2825069191773366 11.843165916310147
1377 17.84373358517265 -6.7361375490903868 11.638483835620905
1378 18.022855308280349 -7.2788730021763257 11.268009301937731
1379 18.101521969777359 -7.755522071332166 11.072890569905091
1380 18.183465986833831 -8.5219360557769619 11.140855869890908
1381 18.240473873788922 -9.1972591941563309 11.024905470251909
1382 18.15850993673687 -9.8868012364742839 10.719439877503982
1383 17.918541553911503 -10.307413194853609 10.281329123278043
1384 17.6938540943177 -10.471220185991484 10.081040316000646
1385 17.758051159851519 -10.389728007667003 10.004443760214134
1386 17.895382686614852 -10.188430658158737 9.6953565671320785
1387 18.505451390207355 -9.9608111416924174 9.5726523776749932
1388 19.134222805937142 -9.7639310199423335 9.2670951112850926
1389 19.925091755812787 -9.7832375765233053 8.9977106590072982
1390 19.931250921221249 -9.7837386457635773 8.9956840950313381
1391 20.46740437526249 -9.9415748597781715 8.8408417884309127
1392 20.950812733107064 -10.126074536402925 8.6137949391909352
1393 21.224250264138689 -10.326833607574457 8.5456028733409468
1394 21.505294722622523 -10.555054432475941 8.4715263880751213
1395 21.735875290439687 -10.70699368469468 8.2593239712565847
1396 21.8378665939847 -10.803956510839086 8.2363814914157558
1397 21.855036837276593 -10.613277665103993 8.0081373990025781
1398 21.841917123760709 -10.260893450526609 7.9527007507223821
1399 21.760492819970601 -8.5273163382612722 7.209565863623272
1400 22.611270678043823 -7.6543528375517269 6.4070960349533905
1401 23.171505072228392 -7.9658986160773395 5.1705054331023206
1402 23.804167784458535 -8.1381658655494817 6.9957338453384743
1403 24.266381378534334 -8.077977450015311 6.211328084017353
1404 23.635546038103897 -8.2774215179712911 5.4522107504823225
1405 23.437687426508788 -8.3752557088714639 4.8540452851150793
1406 23.479104024384299 -9.0310128304924007 4.6987566170528865
1407 23.56712969494059 -9.9995953947566392 4.9917153768477451
1408 23.586406633837591 -10.362759548589054 4.7421573907815677
1409 23.418020056053727 -10.275600048681866 4.2194507189000383
1410 23.062115477643879 -11.00654695985213 4.3381219219955724
1411 23.742015993428673 -11.453482428020422 6.9666492491751413
1412 23.909298013453792 -10.033712223682599 9.8302073686648157
1413 23.974785645243472 -9.9231258821021129 9.5603913751575647
1414 24.073612759621156 -9.7046074939440388 8.9423192554906308
1415 23.861135722911094 -9.4859658239991234 8.596301840562127
1416 23.460193774336361 -8.9955435842113189 8.4959929542183978
1417 23.058384150300732 -8.5253208760973109 8.6612978130677831
1418 23.172985029623618 -8.3241542958905086 7.9554614105004156
1419 23.205214788985231 -7.492274480645861 7.6161005144305705
1420 23.633855613579513 -6.2537151228538619 7.5241027600282422
1421 24.185235846337584 -4.9637099271467662 7.6747638251347006
1422 24.414417238319928 -3.8381585730222838 8.011414799313652
1423 24.131228783265769 -2.9260985945720392 8.6565680017659936
1424 23.700600852010716 -2.4968434769515255 8.6231769241969474
1425 23.367066937104489 -2.1013081078025095 8.4666658976015121
1426 23.109694762186272 -1.3780219826544595 7.6980287830131644
1427 23.359978431004443 -1.7869841040029968 6.4105245767536134
1428 22.493840602008817 -1.8901924447237946 6.0884846836289945
1429 21.739748865078909 -1.7169831237082036 5.8452372610744332
1430 21.792244189973125 -1.1196247609872927 7.7920615648454588
1431 22.089935057079643 -1.306697649967532 6.6690837094169515
1432 20.551223368933101 -2.2515576154877692 5.2038490720651662
1433 20.694701139267011 -2.5989673781782017 5.0376161061856353
1434 20.784096793158767 -3.1795085115946904 4.7189923106858194
1435 20.627388318192757 -4.3770129716774306 4.8137633825746917
1436 20.596276487263182 -5.0501558604373145 4.5321832784523899
1437 19.973138813753167 -6.0669447501674938 4.4603932534337112
1438 19.113496069625199 -7.2375460761904691 4.5265018590849406
1439 18.888507377895692 -7.9835363607570144 4.4473360491107963
1440 18.319907876170305 -8.9703050320274258 4.4713855137574683
1441 18.047084213867493 -9.6776820318644354 4.3877292349919284
1442 17.714218333125245 -10.424571271909741 4.3719281825190013
1443 17.123929051716487 -11.228179716976129 4.3282839599087888
1444 16.718599648213043 -11.899795097744459 4.2818054051633947
1445 15.807970387420269 -12.641809792999652 4.2540840184671884
1446 15.115757401225864 -13.345333573904 4.2696070949019544
1447 14.239133766953628 -14.106977840853119 4.247427968866833
1448 13.471162396727465 -14.774538508968519 4.2972028612256308
1449 12.46789829540171 -15.864457992873611 5.1960692745388553
1450 12.971754112448835 -16.603850710780705 6.0603153109971863
1451 13.61985719202066 -16.296419373035761 7.1289655143250776
1452 13.681569790083202 -15.698051008750397 8.0926017357562419
1453 13.237853720999894 -14.933710899111475 9.0816229404604574
1454 12.168000887039369 -14.627764146859903 9.9794058445832228
1455 11.461029460511227 -15.205682847639125 10.76075212102478
1456 11.264808316758689 -15.601100892505102 10.477321502676702
1457 10.888163530414985 -16.643070121398893 11.080261040435293
1458 11.123950261435922 -17.886578493984715 11.405029844654514
1459 11.565841816350911 -18.386634685756889 12.154876545431298
1460 10.746211037110896 -18.044349186038772 12.498099500137862
1461 9.9258044388787852 -18.01844552591767 13.169069445639998
1462 8.9490541850408079 -18.646211018037533 13.998406818224794
1463 8.8727540038213277 -19.746385261812677 14.309332889367976
1464 9.0672220636546825 -21.139967793211639 15.211678161585166
1465 7.4233822090739778 -20.178319679114992 14.822439799901028
1466 7.3341187622592372 -20.049802213114432 14.966729473635418
1467 6.7902693476798817 -19.606923080080406 15.00301730840323
1468 6.5601199891973749 -19.398314801070541 15.076905619430391
1469 6.1690095341815265 -19.089797073668024 15.082798763270143
1470 6.2929396098654422 -18.998570356160158 15.043859851221093
1471 6.8887289075785532 -18.950572952648827 14.824192632499287
1472 7.8667531225089817 -17.772777102438098 11.001224698110871
1473 8.9831593590836434 -23.244415641718021 14.084889769473589
1474 8.6504878166946639 -22.160684522733661 14.056140083498923
1475 6.6269806697694094 -19.570257825015958 12.374511170085519
1476 7.0510417320532923 -20.686127446464468 10.469843579964353
1477 6.7359523663825769 -21.050127394090183 10.318222698230613
1478 6.1092283341671845 -21.276237622482739 9.4598062844345279
1479 4.7526035319633024 -21.66132618569975 9.2905107543272063
1480 2.9680487981846397 -22.165580995316503 9.7283286776695661
1481 1.7424041098747267 -22.096693011206696 8.2971405524748256
1482 1.2652841864252196 -21.167767196524906 8.4037021039680653
1483 0.79681944303041519 -20.29561206924042 8.2820487040254775
1484 0.34565324481771142 -19.330535178216195 8.3277630133588101
1485 -0.19478574389276559 -18.433297522530722 8.5669314747279071
1486 -1.0585767340241148 -17.381904381440307 8.5606585127292441
1487 -1.8359161860967959 -16.258216205785232 8.2814797832628599
1488 -2.1997582662006039 -14.928406203158076 7.6939465355171404
1489 -1.6636199529959725 -14.184580075318735 6.654783185295436
1490 -0.85711199796735116 -13.712068465563064 7.1025982197230348
1491 -0.1819904724659267 -12.368096614246895 8.2232747306294716
1492 0.11599338314238139 -10.730987314284647 8.9017877070059672
1493 0.44753489639792576 -8.4811097381365528 9.236787784702134
1494 0.61131462462125796 -6.4071046278697281 9.1334925817828836
1495 0.51193960406078531 -4.2388604517401234 8.6094263066274621
1496 -0.32114377313773446 -2.8582818606240608 8.511095675327935
1497 -1.0164291739241662 -1.7934667251905125 8.3134849411437557
1498 -1.1361719785893314 -1.7184487976646068 8.342187011596975
1499 -1.3091825544775162 -1.4751963654917546 8.3231694260556459
1500 -1.5662233872193383 -1.035544344507656 8.2824470066088338
1501 -1.7187736932822588 -0.44800838812507493 7.8828560026759149
1502 -1.7442054801809945 -0.94571506761674584 7.8513553564690106
1503 -1.9731392173496971 -1.8481364178020243 8.3246181101476608
1504 -2.2618398603625849 -0.95353670809875268 7.8637810732766447
1505 -2.3235331243856763 -1.8784829644969392 7.8621356431256864
1506 -2.5856400684230323 -3.0224153707538903 8.3004742367934181
1507 -2.5636846430402898 -2.7018836895087119 7.9462625976615673
1508 -2.5634265131046163 -3.4958437125779795 7.8864708616813992
1509 -2.7135621918355781 -4.7667294411601802 8.0344735583923601
1510 -2.8474563779430326 -5.7058207375750953 8.431292919527781
1511 -2.7515888076950432 -5.7369052563360299 8.1682440550771531
1512 -2.8919106281146441 -6.2741335140656531 8.4573778928407641
1513 -2.9574802433755991 -5.9725697791005956 8.1765497745264248
1514 -2.5915420063005996 -5.9762401729224166 7.3418660836595846
1515 -2.7657521714053246 -6.2049095920460928 7.2966731362502859
1516 -2.6830133630623152 -5.9732675723215323 7.3703686773222836
1517 -2.6433247498462578 -5.1787235237498805 8.1522922646009377
1518 -2.7294354370394984 -3.6273536362530479 8.025754999690708
1519 -2.3133873668516145 -2.3190629570008241 6.9678754959801736
1520 -2.1355551762668199 -2.1406041564918326 6.9211419744234997
1521 -2.3249550374198975 -2.2138572083222812 6.8845738308428324
1522 -4.0617854621183369 -3.932611001449402 5.2989223133749288
1523 -5.6830971059367528 -2.3728767077376745 3.819164489880178
1524 -7.5591511783995884 -4.2456066600149143 3.5015425767881974
1525 -7.5022762182199898 -3.29251988530185 1.4162127267191771
1526 -8.3193822568687068 -1.7042090376175594 1.2631958435348771
1527 -8.7794648471404173 -0.82852353943233936 3.0959143746747255
1528 -10.197098163232241 -0.65628993260402524 3.0160509746883175
1529 -10.027701626760944 -0.7194918348774948 2.9558157071270843
1530 -9.8808546904912902 -0.85217983007390785 2.9562554704654405
1531 -9.4018637990834009 -1.1379059130567697 3.0598557611486799
1532 -9.5419062596410527 -2.7417996264991302 7.1297697268274192
1533 -5.3062139937598829 2.5823125789580388 6.1069107630844854
1534 -5.7944600123160512 1.6020789836965008 3.3004800416445734
1535 -6.6620716143196432 0.39404952111434 5.8615397686286714
1536 -9.7054742987581335 2.848801410189246 8.5610696371204007
1537 -9.3657765092618348 2.7327174595775716 8.1208656238821568
1538 -9.4525786722951466 4.1542088836154392 7.3708645390073873
1539 -7.9558886415526899 7.1900869554817746 7.4154788280933204
1540 -7.6461400365558063 7.2916196100083823 6.8542941192941171
1541 -6.7695557439758431 7.7848030812668298 6.733953189432345
1542 -5.8074070429384648 8.4769606582224952 7.19605092462076
1543 -6.0552953132881271 7.7795914625182547 6.6814800234782616
1544 -6.0995601676512194 7.7379835128938765 6.6796753777338651
1545 -6.2373334551204493 7.9350994414419631 7.3114995300245482
1546 -7.3101137869379613 7.19929495695893 8.5552534585263942
1547 -7.2827787870450322 6.5450182982787624 9.5327433897551543
1548 -8.6976663400483858 6.2586128090594286 9.8442373988887546
1549 -10.450783927036952 5.7158076400204791 9.379421609616104
1550 -11.517792029322621 6.3699776400306831 8.0170715943741442
1551 -11.324555850546389 5.5379166129586395 7.9680258970228461
1552 -11.305224626657605 5.2850048287902851 8.0767496044464444
1553 -10.663967600107512 4.5263870441289811 7.4589196485167069
1554 -10.297600170261077 5.9763854345901564 8.0952985735987451
1555 -8.515034174495824 5.2753568922163225 5.7711665390194895
1556 -6.6985088280153349 4.8102856148727255 4.392992128277271
1557 -3.98502323949198 3.8927184833974167 3.855768292694858
1558 -1.7403773223218764 1.6066220597280747 3.9622553105555083
1559 -1.4213863401867712 1.2861260919531077 4.9553666330909483
1560 -1.1221760367095897 1.3250764639776023 5.8058171672139451
1561 -0.44894700903759599 1.2755851114156158 6.4933324450344365
1562 -0.2304163610383938 0.97216711706996506 5.3897290795106247
1563 -0.52909059712976614 0.85197431764657949 4.1696944227450583
1564 -1.1653999514115156 -0.34756307285382348 4.8829616827022804
1565 -0.9272787247518437 -1.2980209421786668 5.5217749351509866
1566 -0.31332574200592944 -1.5998930111391729 6.3291370598175192
1567 -0.14968936176434511 -1.7502127827915075 5.5825757021122442
1568 0.08447714068917378 -2.4207039241551911 4.8375876866678311
1569 -1.9672026382470449 -3.1833562030010611 6.1612747490687951
1570 -3.1624702650044725 -2.8253219372347331 5.5648960504279792
1571 -2.8682546666757247 -3.1178791855107448 5.5375860201992424
1572 -2.3591962550480474 -3.5344057479100854 6.067159067501656
1573 -2.9667649286334381 -3.0769743988005445 5.8365737208434307
1574 -2.9462808562798699 -2.8314019719962999 6.0514591637447595
1575 -3.6256808080002259 -2.320936119608966 5.1507686954659846
1576 -3.6432350047394806 -3.7583081121922319 4.7430294937306385
1577 -4.7144657766460654 -5.9257993700067857 4.6223078711909285
1578 -5.7855240643234964 -7.8224439142523607 4.7385832186353873
1579 -6.1079538063611949 -9.6585549292441044 5.1377501714456404
1580 -6.4698716901801419 -9.2398699196899372 4.9062898225173104
1581 -6.4414176356125665 -9.3915562872576928 5.1029503211533793
1582 -6.8690374241372893 -8.7478061143188981 4.9048110690819904
1583 -6.8838445721999051 -8.6389211222424578 5.1451297409671035
1584 -7.6060590517206634 -7.6013469607391571 4.6547908039129826
1585 -7.6791169160745056 -8.0644010379630373 4.572795979775333
1586 -7.7702090718798331 -8.8358357475850156 5.0068321323314819
1587 -8.3020748927375934 -7.6815632433737093 4.4713682432677082
1588 -8.6381455249626384 -8.4912194805829699 4.3325678137746113
1589 -9.2488185042579687 -9.6261098579496007 4.6773032545718092
1590 -9.2049159669766425 -8.9562244573126506 4.8297050662064027
1591 -9.2426188866279944 -7.8047827144587174 5.1354235157564965
1592 -9.3796841064096554 -7.5262052100127832 4.9112761784206551
1593 -9.3746188548194169 -7.5033193457413461 5.1164992068064201
1594 -9.616483302201928 -7.2610466370412965 4.7440816599819584
1595 -9.7155486730375742 -7.2770803471779075 4.6422376242793071
1596 -9.7285178020766807 -7.4638977815948948 4.8548602628419921
1597 -9.6994589828475313 -7.2564140741567726 4.902083339835805
1598 -9.7522622010763627 -6.7101894908867195 4.7747098180344487
1599 -9.8527213203562809 -6.0659840856165701 4.6315602337456543
1600 -9.6336444148598446 -5.0034316035082256 4.5425331929213844
1601 -9.3301879615625012 -3.120436306039025 3.5374147164961292
1602 -7.7806462641599978 -2.5504152099419173 2.6250188311915421
1603 -8.6024355834604478 -1.5066789955722584 2.1834270481013895
1604 -8.3189613925872408 1.3964192631304542 2.3571675334775568
1605 -8.632396962192729 4.557100242883493 3.0845378064885738
1606 -8.8932291638951 3.9332929378898882 4.4172168947538584
1607 -8.4811733703546395 5.4076630696523296 5.2321746523524801
1608 -8.024240743921851 4.5367339061060363 4.9752152568289905
1609 -8.0624863269208333 4.4530422441949611 4.8985313188629593
1610 -8.6455657438032887 4.7702348813429296 3.4541911543098358
1611 -6.337352512120475 4.5784069145789204 5.8994478113534576
1612 -5.7404219785011179 3.0130325801724211 2.1730228872170265
1613 -6.2564781110678069 3.9789455268298468 1.7809546955064413
1614 -6.2863767399454105 5.5331635411116622 1.5120245598493227
1615 -5.7923803004797634 6.8493328250116008 1.2988725750890371
1616 -4.8831349581036818 8.0877709708840655 0.96367334653717229
1617 -3.8687809901516204 8.825076484511257 0.53033335925346492
1618 -2.6721017405337903 9.0946278206592979 -0.14535746758400592
1619 -2.1803344879668742 9.030967444020888 -0.13723782112697247
1620 -2.0957927112082331 9.0357301838655388 -0.13977529623565221
1621 -1.0208877399469429 10.961436631972688 6.0906231292033635
1622 -1.5658142229481342 11.17093128663592 6.1869167586320337
1623 -1.9752045392021955 11.297840494077604 6.1541312261343446
1624 -2.9319024819427852 11.585926256204786 6.0389009454306262
1625 -2.785051212512883 11.899496022697349 6.8371056653410331
1626 -4.9549325997756029 10.570130540015839 5.7991630363877746
1627 -4.5690650215949944 10.172200584525712 5.2264262792562093
1628 -3.9288114652947712 8.803641851099357 5.3329628862075289
1629 -3.4692442278643512 8.2863200815223479 5.5499328181819756
1630 -2.9037690366115783 7.9873050836533821 5.9476577231840935
1631 -2.3695828508654131 7.6870309645166799 5.5882064469982939
1632 -1.872418613121269 7.1100592119418025 5.2622104079321694
1633 -1.5621798591259619 6.4583514402255986 5.050036322083109
1634 -1.4862366497376485 5.5560023542981867 4.4182082131022478
1635 -2.3947290275685305 3.5637678472412091 3.5621312444480662
1636 -2.3288107535758797 3.4899580303274291 3.828367572922903
1637 -2.1578217177016654 3.4991571612643213 4.1804807995312396
1638 -2.0047027252500271 3.9331367918610596 3.8704595736569445
1639 -1.7851033777827325 4.2516294982509919 3.5260084906697609
1640 -1.6795253493986451 4.3465381889664911 3.3679981481982182
1641 -1.647656000864842 4.4922741109714934 2.896257770800573
1642 -2.0587820732309012 4.6408983309053866 2.7297331344555138
1643 -2.6879083589662827 4.8981951400333372 2.8225095194345924
1644 -3.0843272870558707 5.0785463789953269 2.6462573637201592
1645 -3.6407597339540985 5.4402521229809935 2.4551101377661766
1646 -4.230659013043649 6.0110906671599196 2.1665712430368984
1647 -4.944664173828599 7.0789703503366184 2.1366524020066144
1648 -5.213137826357098 7.5265724263675224 2.1025339166823942
1649 -5.3367120755372639 7.7892022291505043 2.0289138635462542
1650 -5.305064384012482 7.7055509435650436 2.0914490761049382
1651 -5.4359185581008376 7.9632155155221369 2.0565023572138932
1652 -5.5954351315354671 8.2353857251661253 2.111125430781029
1653 -5.7573593297167065 8.4522133077194894 2.2288907421787503
1654 -6.0394956713602284 8.848684426347404 2.1620881254757194
1655 -6.2974821332316964 9.2235805756178593 2.1997715556199777
1656 -6.5279036338538674 9.5544382823360365 2.187976871339262
1657 -6.6782198472610474 9.7921844415938182 2.1501725249827688
1658 -6.6199006224169636 9.7805029589010815 2.0489243687143643
1659 -6.460979717830952 9.2479090295596222 2.7225582124332206
1660 -6.1921471596248949 8.9830310621074432 3.3962909619710322
1661 -6.3741535262162046 8.8507041491708094 3.8307946144620715
1662 -6.6568243003460452 8.5484462485034953 4.0863223594652398
1663 -6.9105955092621372 8.0302381759019568 4.2253096039865419
1664 -7.0333319953765709 7.4680576777827241 4.2939402481782079
1665 -7.0804657434262737 6.7864224112143177 4.3392711999590112
1666 -7.0560067543867717 6.1577956478389524 4.3593648852576408
1667 -6.9899091101831203 5.4215425357917866 4.3650723448659079
1668 -6.924608285476225 4.7579114693048439 4.3565396978708257
1669 -6.8816519697351453 4.0101756090710126 4.3281910932634275
1670 -6.9117499635771651 3.3696708483286386 4.275917905804012
1671 -7.0552543859974861 2.7011754745134908 4.1692494892633416
1672 -7.2854820934414306 2.2550544612180659 4.0179087957755115
1673 -7.5068879882891508 2.0160590801423695 3.8866762528710739
1674 -7.7510131728939342 1.8908844916780794 3.3925629405912057
1675 -7.9132493262907673 1.9255615607063845 2.861814877124722
1676 -7.9700192623510873 2.0641069962856875 2.1944462677847811
1677 -7.9232345995637132 2.2010236255733844 1.5687342018182973
1678 -7.7055436200959804 2.5161240710919799 0.45087898756716971
1679 -7.4022951487255142 2.4584852642193482 -0.57591070634990249
1680 -7.4325285904233169 2.159701381020767 -1.7898881028010178
1681 -6.7474853614764072 1.2428398538200724 3.1282833185899079
1682 -7.6979058827386808 1.3472073301092848 1.8471229297454865
1683 -7.7652194648093058 1.9611750503093361 0.69700629720628093
1684 -7.5896290564076878 1.6804257737064461 -0.70464383965984112
1685 -7.6838994770596116 1.9867953579587265 1.3417635377986148
1686 -7.8484827442106848 2.0592020505516189 3.1482637770017998
1687 -8.6331306483600798 2.0088270923750713 2.1845532972965103
1688 -8.8871111796151467 2.4662448273017503 1.348809854173016
1689 -8.6049422884273383 2.8026006284304827 0.30326138011642367
1690 -8.3183927215790874 2.5803454589286048 -0.71332609549851789
1691 -7.7389277934375684 2.1090531300173865 -1.7065863656535187
1692 -7.5227605985691071 1.3202209723792748 -2.6105581290144961
1693 -7.5392406278382964 0.2621559043231656 -2.3675303798717184
1694 -7.0884242502283428 -0.67451898567558999 -2.1604807846595211
1695 -6.3064773366122751 -1.4885138523553962 -1.8809355986814538
1696 -5.4094492928193745 -2.0186501213388226 -1.5225885772574106
1697 -4.6046865692342891 -2.2809700458938238 -1.1084974767511753
1698 -3.7720028139906105 -2.3771217990120874 -0.4914825652781154
1699 -3.172523028016542 -2.3021657555381552 0.21687643971245052
1700 -2.7748886035220863 -2.1398286054985078 1.1903653353071482
1701 -2.6162242455352498 -2.0893845769680013 2.2022365383688536
1702 -2.5211180688828279 -1.6811839487815234 1.5037709023520556
1703 -2.3838535797295464 -1.1406690089550864 1.0115827098627417
1704 -1.8719413837364698 -0.3381413670676352 0.64012447318374033
1705 -1.1881194040402363 0.046666146614938953 0.048686100399192966
1706 -0.3652129287775665 0.55818271827610033 1.4369443975328
1707 -0.76488834875615908 0.98333682568864589 3.0074852178868321
1708 -0.96334103194855913 0.6407914839618698 4.5028762768918682
1709 -1.3106325841902446 0.33116470234185869 3.8123374882909928
1710 -1.5595860299701627 0.42069991728632772 3.2510395135361874
1711 -1.9258976257986831 0.58956789894106265 2.7462410533766013
1712 -2.454150994393288 0.9460525575619414 2.3579133156296574
1713 -2.9753791824465594 2.0952930553538138 1.020725076639704
1714 -2.4230827115175515 2.2022882371460497 -0.30537946125629922
1715 -2.1748965247579974 2.3742213452333232 0.21200095895752291
1716 -2.0789417634919829 2.2309092502722763 -0.35031780903306764
1717 -2.5814707211598602 2.2030050301903401 -1.0014984355779317
1718 -3.397195311757045 2.6345106727017651 -2.3695848965696307
1719 -3.9088574242259 2.0595917672182225 -2.0983512332979126
1720 -3.9664882170007871 1.5248863158073789 -1.376499832157938
1721 -3.6448717080874644 1.391387825233096 -0.59569072855996286
1722 -3.2314386734117591 1.7317112056996677 0.34003723787489726
1723 -3.104390132535201 2.3261073594043751 1.1883541122226795
1724 -3.138395501756591 3.193828816641286 2.0833775606699074
1725 -3.3502896278781407 4.1355211475925984 2.7672708918463789
1726 -3.1759043459871918 5.4668121413143353 2.2025930269776426
1727 -2.8120448053621487 6.3860797427443003 1.4791844330386237
1728 -2.2196833332402832 6.9614340046436212 0.41577273746471466
1729 -1.8433246710828683 6.9705983470883837 -0.15977615228366471
1730 -1.5459192630319336 6.8081284318018902 -0.5132854896856105
1731 -1.7663079800361174 6.5606362604538049 -0.8971061234014428
1732 -3.4155664411946134 7.1155922896930122 -1.0741749718256628
1733 -3.4547555271494872 7.6387611494798193 -1.1619368664964114
1734 -3.0834827204159012 7.5979890030345416 -1.0744908166506444
1735 -2.6519138149189558 6.9865240008402907 -0.69459154948178892
1736 -2.7317278156686626 5.808090790058003 -0.92514956163069373
1737 -3.3177479998835508 4.4134792336165702 -1.0632179008469262
1738 -4.1864744687100313 3.2141023412643506 -1.0997259280633274
1739 -5.3286513454443849 1.9129222557516812 -1.0791332226086143
1740 -6.3705624665841185 0.71464914612295161 -1.0244655644530503
1741 -7.4257487920775418 -0.77804949845783256 -0.91019233969754021
1742 -8.0609380348945479 -2.4071248010510971 -0.70286197959258478
1743 -7.9846671084606271 -3.8037153248122166 -0.37699278677733483
1744 -7.1480561991986775 -4.8507186050698294 0.20206816215714651
1745 -6.1538949715305904 -4.7700036642065413 0.91118015320858792
1746 -5.4510616844756754 -3.7287701092701866 1.884610815189653
1747 -5.0779457678535636 -3.0331511701165397 0.63247096709444683
1748 -4.1653014997909992 -3.2577466715445382 -0.65083251125938402
1749 -3.9462572669042402 -4.2375382961779309 -1.7103921725532554
1750 -4.6642560088407947 -5.1209579787114734 -2.8894431785957373
1751 -5.1635503531687732 -5.2779644813482989 -2.8169713774969494
1752 -5.2253505323318024 -5.3336458256937931 -2.781602000460778
1753 -5.2777733258266579 -5.4012279036042798 -2.6954522607785369
1754 -5.0750409518888375 -5.3681229804053174 -2.6706326823747464
1755 -4.8467109708979734 -5.2883845744611122 -2.5926443983350609
1756 -4.6479778157334977 -5.2055530744734568 -2.4974850830132485
1757 -4.4126322214341229 -5.1211580758690616 -2.3678926256000761
1758 -4.1446749327245413 -5.0547213439094349 -2.2403609959846547
1759 -3.8469323920400882 -4.958115066800417 -2.1608739371946482
1760 -3.588956774154525 -4.9244317412762157 -2.0168485802122738
1761 -3.3726586706616359 -4.9636964339924319 -1.9397793524725584
1762 -3.1588457975908 -5.0258675792297609 -1.8952097939154773
1763 -3.0072933966788895 -5.3045777893597545 -1.6849760543834167
1764 -2.9552690717822969 -5.726084197899695 -1.575515810778604
1765 -3.0736104105594251 -6.259225701328603 -1.485597671920877
1766 -3.0472802451319581 -6.7855336415363325 -1.3420827791394285
1767 -2.9131517696841911 -7.1707150582813597 -1.1751302435350945
1768 -2.6593872972407127 -7.5292016203602117 -0.94061017264013813
1769 -2.3518114512565376 -7.773140108913644 -0.69650268037758378
1770 -1.9072665189948879 -7.9692104830321426 -0.38911702351508648
1771 -1.418335042165495 -8.0664965244097147 -0.088651476547723096
1772 -0.75578283155297754 -8.0818632785448301 0.27026018108608207
1773 0.029246367182182098 -7.9718597529755755 0.64165935222442227
1774 0.82367331456342185 -7.7443024834864786 0.97889701549523878
1775 1.7973365216951436 -7.3085650674052971 1.359286274488718
1776 2.6822515239184668 -6.7224487265618507 1.6954154449249348
1777 3.6536082079018399 -5.8119876968243318 2.05817975168193
1778 4.3724158273506504 -4.7740806955830948 2.3389723808387259
1779 4.9262187680242562 -3.4050895533974099 2.5926585687887318
1780 5.0584107578416422 -2.1015024117394461 2.7614840155633633
1781 4.8293799758961313 -0.70480236368898375 2.8651265160200179
1782 4.3337905487977793 0.34921188074964959 2.8822083914605798
1783 3.5920109499346324 1.2772514523688656 2.8294354508926816
1784 2.8519756921682955 1.8482617517262554 2.755945895475163
1785 2.1468028603346312 2.1029148519115211 2.9415179714221598
1786 1.4079663835369729 2.2223173412697221 3.1453395048683825
1787 0.74927715656410498 2.1893830610219993 3.3432891664603686
1788 -0.15498288376920755 2.0504720934943421 3.3592739505441971
1789 -0.97790975255232127 1.8907071496979029 3.4904957020956227
1790 -1.9787697516307503 1.6345282248252744 3.3765115569976754
1791 -3.0562093657865006 1.4134137715818156 3.6177129976460227
1792 -3.637062795423617 1.2213130496536309 3.3370105115811297
1793 -4.6949782044061834 0.96118939074899856 3.7272502787084525
1794 -4.6195168945717882 0.85454956965584472 3.937109485076796
1795 -4.0982753383917014 1.0879681285976233 4.1766764214473353
1796 -3.3990623746122708 1.526598764554592 4.4443276501635491
1797 -2.7857407250135537 1.8344412933648329 4.7233355580388965
1798 -2.451826423306855 1.475573242285023 5.0594118852594647
1799 -2.5983386089465341 -0.19144605963718675 5.3564063983821999
1800 -2.6966038501780361 -1.6999989670504192 5.7877648912035502
1801 -2.7805031388430876 -3.6929362808969373 6.0823837675016534
1802 -2.9347479579191997 -5.6346243268828218 6.1529761939610044
1803 -3.2692755212490425 -7.8353530535133515 5.9949437985439813
1804 -3.7587278632077386 -9.6606215694059614 5.6396139600536861
1805 -4.4865008710259673 -11.375761087421807 5.0264701492271939
1806 -5.2038988961337225 -12.474798792324954 4.2983491624113599
1807 -5.9187922137409998 -13.14938845815373 3.2914956508171596
1808 -6.2745707542194964 -13.284363571704077 2.1361557131853495
1809 -6.590063684352458 -13.033311631957844 2.3155953240595366
1810 -7.1162262114439301 -12.606938491942799 2.4912273809681
1811 -7.6659524844920668 -12.101936651721253 2.3129458652344166
1812 -8.1401418162719921 -11.429638811704095 2.0571878994759292
1813 -8.3914281500676395 -10.768014824958769 1.7933432099927815
1814 -8.4403812090307184 -9.9984644157076445 1.4574479426069971
1815 -8.5862091941899905 -8.8128989707166738 2.3288525916294622
1816 -9.7903424663221301 -7.9619342315584518 3.2800869426412138
1817 -10.301878941078371 -7.8612375461089528 2.7481565917627995
1818 -11.503514336140015 -7.3200932201971582 2.7442656491750617
1819 -12.736338162646305 -6.6735957876413465 2.5719529278561843
1820 -14.151293248854003 -5.9619689549905246 3.1883080158462436
1821 -14.023860792129355 -6.1235139407296515 3.5123615004441362
1822 -14.315384375968634 -6.2040968786572179 3.4530994413204477
1823 -14.431127561357712 -6.3013090870558415 3.9266944627132103
1824 -14.236067255242958 -6.2126446500067516 4.1304742002707693
1825 -14.053750310628743 -6.0800899784495641 4.27126848394688
1826 -13.837844325922873 -5.8091863822480576 4.3402665609950351
1827 -13.485656176249762 -5.3307044177093985 4.5510543401316017
1828 -13.541817388485441 -4.99371481948846 4.5789469809018462
1829 -13.715259969615019 -4.6277820283710867 4.3325994458538366
1830 -13.649355287282987 -4.0454713994330547 3.78020515015504
1831 -13.230879842108607 -3.7598066556614071 3.6161357885623522
1832 -12.925407227816606 -3.5724102706380592 3.2750613826518427
1833 -13.332496045554649 -3.6121373440604998 3.1191969069796928
1834 -12.489833107818171 -3.0864374363331848 1.612678321113588
1835 -12.122340504343953 -2.1907790850598161 0.58452447722636514
1836 -9.8526519544410007 -1.3967406722736087 -0.11324562143837458
1837 -6.2033439754297888 -1.4732248696963524 1.227624951219541
1838 -6.5750805824767866 0.21197470536414187 3.6009891455581222
1839 -6.3223035513666161 1.2009014502297646 1.362525342085112
1840 -6.1586671447890637 -0.00035282286053472944 0.34701955178297794
1841 -3.3114360008412689 1.01527032525469 0.94639863430120119
1842 -3.3043114261951843 0.74578643975880254 0.54693181354545573
1843 -2.250431788890964 1.183442949460499 0.16896181363589768
1844 -0.9123597668342569 1.2680375424171046 -0.20290011930825713
1845 -1.0045042548025833 0.89483127378581173 -1.100615265346113
1846 -1.331873111338524 1.4181977697616475 -1.2559276192545137
1847 -1.9385020203575891 1.918355344603583 -2.2361839010381406
1848 -2.7830786375317018 0.89514383973713052 -2.3580620628722837
1849 -3.7812686661531387 -0.60505769954782807 -1.5895108150767818
1850 -3.802778325869923 -0.71865750399807382 -1.6070400368165303
1851 -3.8418122849780048 -0.55656926095032588 -1.6782109762486921
1852 -3.8731576587536409 -0.70958176184663557 -1.6761657135632642
1853 -4.0622748253557006 -0.23722272275418277 -2.2924273150468757
1854 -4.7815887342831758 -1.3804569904250457 -1.7943036793683027
1855 -4.9510850273666733 -0.86302051688673487 -2.5344114248878373
1856 -6.6748483389569628 -2.2456899258965421 -2.0783858449355455
1857 -6.9818603982138967 -2.8619343113270759 -1.9571471558625908
1858 -7.0211258007956587 -2.9077225409880754 -1.9333390338455443
1859 -7.0546173288166614 -2.3307341578470613 -2.5712297380922657
1860 -8.4445591685175856 -3.461795836576016 -2.0536766821673975
1861 -8.1899313816979671 -3.1307806271931895 -1.773310381802053
1862 -6.4898004001947811 -3.8646032962037395 3.70499014514259
1863 -7.142044964073996 -4.3007190884143824 3.817672808883362
1864 -7.6577309354457626 -4.7632685076364254 4.0764271904419598
1865 -8.4729216550784585 -5.5531095933553303 3.9528143616869267
1866 -9.2133857362973188 -6.1428439969032524 3.8401517089117494
1867 -9.9164315385514428 -6.8200141765222639 4.3366929321265726
1868 -9.918030624999993 -6.8221034259580762 4.3411800093664734
1869 -10.17580930757336 -7.6328828849961354 4.7501978127997138
1870 -10.059696470865745 -8.4760338451694395 5.1305975279646061
1871 -10.040499022319388 -8.846972990245888 4.4712614231922689
1872 -10.35001257301451 -9.5140018956656576 3.869085362290182
1873 -11.024167561499979 -9.9710373468814169 3.4127213572385546
1874 -11.946715395897442 -10.099200774848029 2.9236215550462328
1875 -12.731988941410037 -9.808957783218446 2.4088693922157471
1876 -13.108689604697993 -9.2388564936726709 1.4158706812415742
1877 -13.11238038763242 -9.2393407516091486 1.4026080974256159
1878 -13.184169334735316 -9.1406491334463738 1.8544044523844265
1879 -13.187517463605445 -9.1422600868071697 1.8579607010872339
1880 -13.34947399608393 -9.053161316043969 2.6090476654667958
1881 -13.855228092969 -8.9150553211157444 3.3507830762961106
1882 -14.520359239102469 -9.144466186068172 3.933033532330068
1883 -15.069200246037276 -9.8922901510838557 4.7477631050074383
1884 -14.935382340169127 -10.537494075954783 5.5289570341824614
1885 -14.770829632947795 -12.042176156831822 0.30195424183885944
1886 -14.426978551771562 -11.897354594076809 0.5375962774537193
1887 -14.19274800047269 -11.676327805673566 0.93268167784055933
1888 -14.188325124768241 -11.505782386402657 1.4630919845913049
1889 -14.110001521242488 -11.77949215916675 0.81850255736619104
1890 -14.01387066104563 -11.867578181579546 0.21080840019363301
1891 -13.203055469772785 -11.638117948415861 0.4561957121635789
1892 -12.535277254097444 -11.216815028759434 0.8805979959351351
1893 -12.3294067525961 -10.841728237550036 1.3983309345578121
1894 -12.500580125061248 -10.452970879913281 2.6867999037422141
1895 -12.249210678473645 -10.766735987878427 3.8208350956346608
1896 -11.785712685276593 -10.671721269263656 5.0841268150743852
1897 -11.688805354422144 -11.152010070463206 4.499214459261986
1898 -11.823969504674167 -10.938596942464017 3.5557685993190473
1899 -11.070964148000378 -10.338918964345083 2.3990665734088354
1900 -11.397131947698604 -10.255677678544188 3.2932268168103969
1901 -11.019689420506602 -10.385393336607422 4.2727220592654849
1902 -10.686348686048404 -10.048014757898713 5.1869740341677053
1903 -10.837146019829326 -10.4140969361316 3.8233166430637917
1904 -10.435037658197167 -9.6694606355539676 2.4116434800567133
1905 -10.333461562031054 -9.277981433077386 1.0054820772693382
1906 -9.6385176201707452 -7.9794253765692602 1.4791209719720309
1907 -10.111647716868475 -6.3395472433704683 3.8236709961904287
1908 -9.4041470506899287 -6.4487453106566548 6.0070003876786098
1909 -8.4328482019375599 -6.0556983630770773 8.296831504757602
1910 -8.8332767204652782 -5.1061155410229588 8.1789416755378888
1911 -9.220179189085556 -4.0963995518984433 8.3965687617877283
1912 -9.3677038356041891 -3.9298993070892649 8.5539053769882791
1913 -8.9783636830699578 -4.3176292528479578 8.4286317638808015
1914 -8.8123185382745959 -4.6591286611166254 8.5637335769231608
1915 -8.1649954583784705 -5.3150930646752599 8.4062391095543454
1916 -7.5869843783278696 -5.994708535894965 7.8173518624858573
1917 -7.5939819186979065 -4.8860260920756602 8.1783172108491016
1918 -7.5088711860498734 -4.3510821178992884 7.382961965989784
1919 -6.5713538485173331 -2.9177884730026022 7.1330610774242986
1920 -5.036089906203344 -1.3155574246109651 7.2326988585594263
1921 -4.2366128752242531 -0.43093125621476247 6.8065522635710716
1922 -3.0478193711437456 0.20525546958051422 6.6395794922161784
1923 -2.0159417762250058 0.5032440034480743 6.3744326435559495
1924 -1.2509801233705531 0.49663423632646442 6.0946947322724423
1925 -0.8011011674167321 0.21742135742790936 5.4938442220433625
1926 -0.35581842712402079 -0.35053040502451438 5.2657729422186224
1927 0.023189967475957474 -1.157836293043232 5.110598612092641
1928 0.27539280035502145 -1.9339280526023188 5.0455487336497606
1929 1.7347579331427596 -3.460826740320428 8.5341129216297595
1930 1.6928958524151483 -3.5537394201545709 8.551679295421696
1931 1.7085576223167749 -3.559953578431859 8.3226967951096107
1932 2.0707879256469113 -4.3300695790607904 7.7107698177731496
1933 2.0023205224578646 -5.1750304455807736 7.0987635869723
1934 2.1178055920259453 -4.3035487816885052 8.97784652252078
1935 2.1895590232100659 -4.46865633318356 9.2040260420969098
1936 2.186156813027722 -3.7459560240580174 6.4709298286926034
1937 1.9422152142881401 -3.4396512558928549 7.6512322507604233
1938 1.4005160555395548 -4.0982901670707719 7.4324587573272893
1939 0.92072411079396943 -3.844695736011289 7.3997771163807018
1940 2.3950187018553493 -3.523464816059203 7.7690226221291852
1941 2.6087195829979493 -3.2471532991617948 6.7800467287450656
1942 3.2058913421144695 -3.1821003929103711 5.8306931319464024
1943 3.7265991248159906 -3.6452475705198992 5.0082637688703562
1944 3.8136289667914696 -3.9925394732699147 4.897398516844464
1945 3.908319667348394 -4.2428841292818902 5.0856892999649839
1946 4.0452687521350725 -4.4712586517069042 5.2278628321132734
1947 4.250478050524606 -4.7354527350077262 5.3429291094493676
1948 4.4634160093697091 -4.9736037695599862 5.4066179132760528
1949 4.7281999137552759 -5.2561979894212527 5.4293671944783197
1950 5.0193368483612488 -5.6590193985412895 5.2450211271996272
1951 5.3396671200269026 -6.3204969208670434 5.0939375612847968
1952 5.5331803505103352 -6.954033188735238 4.9466969299046761
1953 5.7240766224942092 -8.0580060944453749 4.8688264581405027
1954 5.9081026449308354 -9.1948505455667942 4.7936839983439796
1955 6.0888363281438842 -10.217605405749111 4.7281804979661324
1956 6.3300244694610939 -11.380672879355032 4.6898908702004789
1957 6.6161748492973373 -12.432879670141176 4.6931784216637951
1958 7.0357670260698768 -13.591758710523209 4.7783061280660029
1959 7.5259625252586915 -14.542125102199094 4.9419871494312808
1960 8.2189987741515296 -15.447784656161645 5.2447459585247564
1961 8.9537287205890266 -16.017591562569805 5.6494726261433179
1962 9.7841463102599135 -16.250099616622791 6.2777126140701824
1963 10.296160217013025 -16.055962474567082 7.0204019258798693
1964 11.095888450362793 -16.23972254672222 4.9676551024625528
1965 11.299892655399148 -17.145242697279272 4.8705084571419643
1966 11.395916542385478 -18.01003799099675 4.7267267242368165
1967 11.380285111559644 -19.013730214314165 4.628595084667789
1968 11.296252563842458 -19.904611109789727 4.5740121932138464
1969 11.154153757263856 -20.860242340883644 4.5326105086720991
1970 11.00716918447084 -21.671311915535199 4.517470351268436
1971 10.82514292114422 -22.51428061057797 4.4517449380680745
1972 10.65054015401779 -23.175973254113188 4.4425925941738438
1973 10.456587528174779 -23.880522738421035 4.4048724632717535
1974 10.271998657557859 -24.465631020004153 4.3525156540067282
1975 10.038441308856903 -25.074548675961637 4.2773217622105166
1976 9.7734002632583099 -25.621511033685039 4.1878172892647276
1977 9.5108904682051332 -26.050528042983203 4.0981412965448474
1978 9.1671035621008627 -26.504393344479766 4.0253878118910054
1979 8.8434522324517104 -26.90309353520864 4.0571452081485262
1980 8.5221897849613271 -27.273793099068243 3.9492414401657299
1981 8.1673373681901538 -27.652450152935558 4.0220643011849235
1982 7.8791624223234962 -27.978868639711919 4.0098840933732554
1983 8.2122943479736961 -27.56712836188197 3.9899924247586789
1984 8.6274646233062313 -26.980614865845354 3.6627272604653727
1985 8.8698197244817152 -26.832871479534973 3.5693783226299853
1986 9.0603902752197243 -26.813034285039791 3.7678128659948475
1987 9.5574959555696211 -26.648925605424736 4.3254173429765652
1988 10.020252885598126 -25.619107668687505 4.497261795621851
1989 10.351803990712718 -24.328480058150959 4.6882240580418699
1990 10.419863539713504 -23.156612661386148 4.8274142853226447
1991 10.470207563400422 -22.188603901801827 5.4817424905093572
1992 10.517111938550819 -22.131034940989863 5.7627133486440609
1993 10.958012048064475 -22.426626266839605 5.6002580311645147
1994 10.665293348784388 -22.164019904844992 5.643251892570242
1995 9.9914094410145537 -21.479715240461857 6.1144679858905491
1996 10.37642830566103 -21.606177481512404 5.8332192838563524
1997 9.5835528290814054 -21.007234004834089 6.4241470290093439
1998 10.747214798086823 -20.962778796530742 5.9766109574605615
1999 10.010447433737973 -20.692235146363373 6.0148145634783177
2000 9.0377591384880773 -20.186318005012907 6.6279052556145395
2001 10.272080912153321 -19.851532240270785 6.1783442764411038
2002 9.4543906420611634 -19.536765941192385 6.725651932499737
2003 10.532084743045218 -19.153972687398493 6.2650667436146339
2004 9.7529671370958724 -18.789554353141114 7.1520248572492768
2005 10.708301538458663 -17.501647806522698 7.2853754071983143
2006 11.942829781273161 -15.768688253856368 6.7018340974301012
2007 11.831429425768171 -15.794350218126553 6.6649033270698155
2008 11.724736714588325 -15.745921061593648 6.7904285175926287
2009 11.700078203101718 -15.739908067096039 6.7650322605103099
2010 11.732398653149083 -15.726286232150983 6.6808592055233804
2011 11.655510148290062 -15.721703182587078 6.6784098354495551
2012 11.243400376643926 -15.624511463475258 7.3027622029822794
2013 11.26976231554449 -15.30063988835937 7.6420926349946292
2014 11.448835672251178 -14.648678805090739 7.5098641693478898
2015 12.028269261151443 -13.576267733783155 7.0546320185968927
2016 12.645978362019356 -13.31363581398648 6.2785353634656627
2017 13.468249550581305 -13.538598301925475 5.6622340042551125
2018 13.011598288817147 -13.519459454238984 4.68309574084725
2019 13.81917618011493 -10.953800684875119 5.9988191357152276
2020 14.087941213830099 -10.765699064555591 6.562613407598004
2021 15.837920753028286 -10.53805940030405 6.0005945560558835
2022 15.706769389078467 -11.089501925349467 4.2312671728289697
2023 16.340251673773551 -8.9621343627191266 2.3016931635530291
2024 15.680296842080324 -8.3156930875353936 2.5046206643971978
2025 15.784096917147018 -8.1754025243670867 1.713046814473318
2026 15.786127304909606 -7.8192109063074611 1.4711350186806103
2027 15.910712663779911 -7.2889686839867096 1.2204501181339058
2028 16.183484993358654 -6.6674758691938365 1.0983023946003678
2029 16.474239990858798 -6.0933906926718322 1.1232854447365184
2030 16.775181708099616 -5.4852521841275177 1.1256633654929882
2031 17.035959294986398 -4.9732175253304121 1.0682874374496598
2032 17.26601186706587 -4.5235018418843964 1.1255157113257219
2033 17.490988572078223 -4.4953803017631202 0.25870469458945822
2034 18.296553313457515 -4.4198245548172679 -0.2644754059921155
2035 19.531856353569715 -4.8025387051112602 -0.6147120407970541
2036 20.60458617701449 -5.5247133679988139 -0.78019783113087726
2037 21.368131609762642 -6.2401314207895382 -0.79962065840001761
2038 22.025777039342493 -6.8697127312673274 -0.7969625997880776
2039 22.639241464607949 -7.4431164113015171 -0.74621512648464972
2040 23.132141808125681 -7.8689495267219485 -0.72257432624111839
2041 23.677602863572929 -8.3448760361203682 -0.71250951502611271
2042 24.191918753771361 -8.8102295353781841 -0.73480305572312776
2043 24.629252077653973 -9.2349897087443793 -0.78902624841517044
2044 25.086822386688368 -9.7315517920426089 -0.87993197858921812
2045 25.391613723693496 -10.000257772161945 -0.54619267672918692
2046 25.734704582238336 -10.217211355104794 -0.52515134926102691
2047 25.448195441318298 -10.095823795646268 -0.30918025285032025
2048 24.432819272869438 -10.043660924940596 -0.82222797222976629
2049 24.979928025745878 -10.665817490993007 -0.72275529982021114
2050 25.563565207814186 -10.993209920666303 0.056416339606109922
2051 23.711793382054299 -11.132192851985593 0.62689355502936905
2052 23.543245872271591 -11.349403049698992 0.81672262995497436
2053 23.442936653505658 -11.544915569687532 0.92609655764306353
2054 23.414441547753022 -11.699417764145977 0.94376775212140762
2055 23.475120992171156 -11.692177304352839 1.0934821967139157
2056 23.560028697298041 -11.643807810595391 1.1749910830013524
2057 23.642904198913246 -11.466516069399759 1.4653277709586705
2058 23.759279705010531 -11.502848272078552 1.8461023057685182
2059 23.988236612166798 -11.403930898107561 1.8318440162858201
2060 24.171687756373405 -11.11510797556366 1.726848609627945
2061 24.43345898784354 -10.708325603413726 1.4863381617719362
2062 24.314500740303586 -10.099799496719115 1.754988373213882
2063 23.970284946807801 -9.445995578914534 2.0486750392877227
2064 23.491151900906331 -8.9461898289200832 2.2988730697957047
2065 22.815965781776775 -8.5181293692461821 2.5512310650624279
2066 22.055011605841401 -8.2481764398706474 2.7896327245458554
2067 21.350232175732359 -8.1498397948819132 3.0108207739925827
2068 20.567337501726314 -8.2005003578391467 3.2601962607187716
2069 19.905012315361397 -8.3896003424148091 3.4916954069018358
2070 19.239002083635498 -8.7616355629305218 3.7695155894399432
2071 18.739467886806466 -9.2360739927679845 4.0173184116485885
2072 18.331177011934301 -9.9014268422118619 4.3157203615408735
2073 18.156065599048496 -10.572529903906883 4.6094392830639705
2074 18.215343198375933 -11.340857623827901 4.980517142938151
2075 18.504962895676556 -11.932695732119143 5.3574614159031473
2076 19.015234124201328 -12.584852442399779 5.3296035963435369
2077 19.529397610831822 -13.251610745017857 5.3510725414038713
2078 20.039468512919555 -13.913896262082773 5.2575951451086915
2079 20.581874969923511 -14.710607105260095 5.2222574761065061
2080 21.064860135605272 -15.455598220795181 5.1820596081615529
2081 21.617073152902726 -16.288860352110703 5.2187016580929955
2082 22.116771145407753 -17.048924904549068 5.1181914743382544
2083 22.632774990412678 -17.914350319071659 5.1364145146482736
2084 23.109016165927045 -18.616179955304219 5.2633163073907117
2085 23.750893067437886 -19.418191796949444 5.1632520543262705
2086 24.461154206871107 -20.277268746160772 5.11021215857245
2087 25.085199563833648 -21.002437158110723 5.2733085023067705
2088 25.781382287248981 -21.596218192511415 5.6954798674494391
2089 26.322457013578727 -21.853208051322184 6.2574957470389396
2090 26.696279863208524 -21.892742185595452 7.0580204705701197
2091 26.86314685564674 -21.823178398420751 7.8291170706027291
2092 26.819602951555687 -21.613939099198149 8.6289947792801129
2093 26.444864769358652 -21.404931567103361 9.2134780681960393
2094 25.726323725223033 -21.428015912411922 9.7045486915840193
2095 24.997874808188769 -21.724475653099603 9.9777232477997249
2096 24.183656903623131 -22.258314811619186 10.13767118918126
2097 23.391560131400006 -22.882848822933767 10.154331559952297
2098 22.691197337426388 -23.409193537334644 10.053839208126311
2099 22.332691840709764 -23.722519508763682 10.133503870491047
2100 22.416511750171452 -23.661909815893424 9.9384522284323005
2101 22.38253508367184 -23.787893982490431 9.9008156599096413
2102 22.299694298732973 -23.989356356563121 10.048228138160184
2103 22.362913057334687 -24.247357857222184 10.416162272785781
2104 22.641634399179232 -24.304137734108821 10.87800931861856
2105 22.879279949522001 -23.764020999127567 11.009239625625781
2106 23.058935942411793 -23.009731886608051 11.213948428261647
2107 23.216776292200393 -21.824028954662793 12.015611347195641
2108 23.14576398618857 -21.442516543843865 12.456480468636521
2109 23.563951726688753 -21.438723253276521 12.450473985288191
2110 23.998082251774292 -21.613716945975952 11.923266568306829
2111 23.647860533451052 -21.186718503739471 12.063999112310134
2112 23.263725896313151 -20.900353546088297 12.060326018145034
2113 22.920521316035725 -21.098043280167644 10.673087420977666
2114 23.078431879410044 -19.528664426608515 8.921440601384738
2115 21.60652373313296 -18.637464157968836 9.1013771416743587
2116 20.115803655016954 -18.06860468272663 9.1745152246209223
2117 18.909385091299235 -17.723509762334274 9.2662867430720155
2118 17.626505739952613 -18.046829750288751 11.085176561788998
2119 17.217979735611582 -18.425887651684846 10.49970939756545
2120 16.919490912954828 -17.873845487985449 9.7341756036515505
2121 16.839749680632387 -17.724068788900254 9.2691110739075242
2122 16.212136979627758 -17.597092388500798 9.200169329913134
2123 15.383401040847097 -17.509990372002676 9.5466772845559404
2124 15.140596026620976 -17.737216190850901 10.238841921464701
2125 15.519057191212536 -17.332182841798101 10.335607727930929
2126 15.889811959630045 -16.928103437020766 10.578955433369245
2127 15.721558587483617 -16.1747531673374 9.5156393539689681
2128 15.822672611932283 -15.786044946912895 8.6633313757055888
2129 15.409231449618169 -15.132813019212904 8.0670163992659951
2130 14.964224807017082 -14.118053453505468 7.9044293732664723
2131 14.441431890784386 -12.941687782607303 8.1303409169678353
2132 13.790820214710322 -12.172724216291357 8.8161268885626463
2133 13.438088056664597 -12.160418276874054 9.8265039563632399
2134 14.008121150722069 -12.323459805762567 11.302583310145913
2135 14.429236547581077 -12.912540709161462 12.138397476153481
2136 15.621665411076819 -13.331011332265859 12.898552924136371
2137 16.795205235416688 -12.914044552023583 13.516911639157858
2138 17.701840731363347 -12.211771395274411 12.824017663344321
2139 18.995031846898399 -12.270189129285257 12.323010271854388
2140 20.155280576541998 -13.047938218275746 11.701523304780237
2141 20.504492242360925 -13.959349294116777 10.984351574118934
2142 20.662921002518232 -14.387264746572086 11.322489887861419
2143 21.117490858382986 -15.073203227234416 12.047742198531992
2144 22.706334874275321 -15.793832142499298 13.969224818372984
2145 22.867982225583567 -15.804254333884074 13.091341508801044
2146 24.699084882221086 -17.521013344554191 9.476063761778768
2147 25.430839258326095 -18.088603972517475 10.228799328379306
2148 25.678463371253414 -18.401232328657628 10.996789384228126
2149 25.818888080556874 -19.641873925412838 11.811479077053576
2150 27.412673755887198 -21.534934863839979 12.43573919388429
2151 30.193917934123405 -23.111621006432841 12.731382940455049
2152 30.816075539928988 -23.005376799325049 12.776273698550991
2153 31.609277069947893 -22.733815711816675 13.203775771883663
2154 31.38019539014919 -22.712278788450135 13.114352918849594
2155 31.225028260419407 -22.558184688617999 13.201367661368884
2156 31.185716667653502 -22.082316384605434 14.03132368428648
2157 33.181347138120181 -19.540125127044774 10.781226167452957
2158 32.650676948241816 -21.822241448380055 13.234533626205042
2159 29.01464840279106 -21.852569331649761 15.732957594294085
2160 28.717690525767139 -21.794112303473781 15.40997484513143
2161 26.320852637833639 -20.285441015772491 14.533529957834666
2162 25.451041126845823 -16.450002960723836 13.803168111963458
2163 25.794724140443471 -15.381223704682299 14.081684896136444
2164 25.604772698173683 -14.853981873027152 14.533320712450115
2165 25.263455101110054 -13.803435694554423 14.455088487916285
2166 24.995714344168221 -13.243698306944339 14.632883741241937
2167 25.483519727848005 -11.847290652456508 11.937928508871281
2168 25.95248875979977 -11.949251009888883 12.074606986402724
2169 26.740736473763285 -12.248274165741407 12.344498935770513
2170 28.693745110214813 -14.170464462650529 14.501573431062592
2171 28.226628283388294 -13.845826888655694 15.037930503741325
2172 27.594868815125146 -13.608785280590155 15.409123069345648
2173 26.615368749293928 -13.302984536012161 15.696704282951147
2174 25.623861400900843 -12.342442971335402 15.944965653381139
2175 24.363310463314647 -12.104302024589686 16.214193061961922
2176 23.299829770329779 -12.370761681281209 16.427554625955469
2177 22.537045335479718 -12.800331761318546 16.551553702484878
2178 21.815549535401161 -13.366291538661073 16.618360042596649
2179 21.267514481004838 -13.885431677486451 16.623134408306246
2180 20.68411520375669 -14.459099843323713 16.573491813837631
2181 20.168473401934534 -14.935086137522774 16.483213446113506
2182 19.556152008344021 -15.403093359379369 16.32366486664349
2183 18.966147508876915 -15.725554455073507 16.126823977526616
2184 18.274137593902864 -15.921351250073286 15.83814530180771
2185 17.682066853293833 -15.90590234798583 15.516233241072921
2186 17.138737230027502 -15.658419965684629 15.0689255330173
2187 16.859424384852034 -15.247315293686484 14.52487038327725
2188 16.85527155045606 -14.889646448718423 13.984623419698638
2189 17.066784266845858 -14.552356711559867 13.370172351653789
2190 17.437953757494093 -14.33860294734987 12.849991146894263
2191 18.041036565750055 -14.330434660299204 12.311019418080114
2192 18.610977621113953 -14.626557982554147 11.875912814201312
2193 19.087294536717252 -15.26122129515926 11.410229835496443
2194 18.87739922037963 -15.245081605473473 10.28646010075304
2195 19.090627250728737 -14.743960606921831 9.0616324865093762
2196 16.869016051318383 -14.666832828806037 12.755521768900373
2197 17.807886561997208 -14.83372654326439 11.687647924691813
2198 16.861427808585717 -13.976316602795237 10.381572243844868
2199 17.399232548682434 -12.915876156361776 9.230647391772127
2200 16.744359814819134 -12.569002502882483 8.4438444935450239
2201 15.310228097065604 -11.077799554728898 10.610781157653562
2202 16.276826159967769 -9.9305302078341526 13.034903816453097
2203 16.590342961527575 -9.837864141919141 12.555144362617895
2204 16.292875338784995 -9.921562808731835 12.093443336036827
2205 15.48740235634984 -9.6141169305431333 11.601153782126383
2206 14.656289848356941 -8.6575720002996377 10.925079156410249
2207 14.519278069127559 -8.0581269633445345 10.222564045136625
2208 14.569298481224763 -7.9523974603087879 10.226304515952094
2209 14.612972506022132 -7.8407960579829137 10.178543353246127
2210 14.676009247995054 -7.7321670437873706 10.09192128105374
2211 14.834475814825566 -7.5328196711316195 9.746518296921689
2212 14.564997656050167 -7.7804835695725956 10.623417660220724
2213 14.536060479092029 -8.4532388008399266 11.592690481977321
2214 14.718252822944407 -8.9610218248169247 10.848787461219734
2215 14.43660393963588 -9.6422278425493744 10.002955683635491
2216 13.845534413453969 -9.8379241676628055 9.1995725929758763
2217 13.440944032588209 -9.9735449037188175 10.133115707276776
2218 13.286040154733136 -10.375183086227082 10.991796073386789
2219 13.413139070114653 -10.395632691627043 11.102100470544091
2220 13.483151588562635 -10.472008771575247 11.029092686741595
2221 13.487809947580367 -10.500506722332545 10.861348784240407
2222 13.466817580644832 -10.426652194032386 10.5096541364678
2223 13.590573003223849 -10.252101102520527 10.253557075685174
2224 13.809686556125705 -10.041081845123983 9.8804314424220809
2225 13.955587946412969 -9.9747315669852412 9.4910208761514685
2226 13.960294906296603 -9.9872005483072712 9.1852644015857621
2227 13.91390888778507 -9.9729773128284762 8.845516621211134
2228 13.979461778378869 -9.9912976921978611 8.3406658330432251
2229 13.865014841113798 -9.7393469456731339 8.0969265257263991
2230 13.866291222170233 -9.4843096094972168 7.648662537745837
2231 14.110167749821251 -8.9698104012209114 7.1871630294208
2232 14.738190278286787 -8.4869308021052916 6.654633756856585
2233 15.698385619365922 -8.3681041749144072 6.0993311227986933
2234 15.473764226583548 -8.3068375800538092 5.5302407435631284
2235 15.492892912427095 -8.2668956888370531 5.2219131548164555
2236 15.672805110136949 -8.5699211963742528 5.1718789059293488
2237 15.837720896441972 -9.0023753220964124 4.999477943642658
2238 16.875642088251844 -9.2821517089724921 9.4468941542797449
2239 16.546452531687684 -8.6407451488381923 6.5802917519321262
2240 16.792894718558827 -9.0820046728022987 3.9976622704544638
2241 17.08681736599388 -9.357340928779962 5.2910493846149276
2242 18.016032483378147 -10.72628325434178 6.2802427045601581
2243 19.760646140819034 -10.831389832019141 7.1025010437135894
2244 20.504304647891388 -9.8212028087977785 8.2889014598242241
2245 20.361779031205693 -9.8852317911767216 8.7033504264199504
2246 20.436426295827879 -10.379669239743691 9.4380601097003165
2247 21.02794031553524 -10.727875234082148 10.184941146617202
2248 21.276887118818252 -10.65317060581458 9.9391281865043162
2249 21.621084396773526 -10.524718731427726 9.5101640940114915
2250 22.239905978445655 -10.530737261658771 8.8707251757905308
2251 22.500287776954487 -10.790392648679642 8.3137012795788863
2252 22.575107990989281 -10.784397859168536 7.4784497297254209
2253 23.013849187748022 -10.216819722821327 6.9086625159823187
2254 23.833605905480965 -9.931428908772773 6.2871739478220814
2255 24.8858660938795 -10.221464449378914 5.7067095504233842
2256 25.739077200075947 -10.574778707118156 6.8410049962117201
2257 26.670572652292776 -9.7778606417130902 8.1049415132392468
2258 26.244768545251574 -9.3494863012237488 9.3383943668060745
2259 26.078369694831224 -9.2228281778403129 8.6601002198776342
2260 26.140090190669973 -9.2237214722038345 8.1037707432454997
2261 26.177313279506649 -9.4844129743948997 7.7060028475857294
2262 26.065599351265753 -9.8214125733964295 7.387608532195399
2263 25.922916327426194 -9.9914761840755943 7.2437603566730981
2264 25.692272768690152 -10.152823891752661 7.1049914302143602
2265 25.519617035411393 -10.463245394879493 6.3383587495569076
2266 26.1268272287139 -10.585647369724342 5.8753039584042508
2267 27.172398762827278 -11.06776348699691 5.8706560576808586
2268 28.43080731416336 -11.482370845598552 6.3283351532752423
2269 29.015756819654264 -11.213174380013015 7.1515971041208273
2270 28.644281860711175 -11.392429045438945 7.2586621788211954
2271 28.076851613049307 -12.02037479133358 7.0416741882673595
2272 27.426251048644012 -12.450950045773851 7.1699796707338423
2273 26.727264673807142 -12.977426043346384 7.6347029112911837
2274 26.495574494105483 -13.270165529411059 7.8639586338261083
2275 26.735935523141038 -14.17463165976153 6.8019858105054034
2276 26.66406021269858 -14.56976959579768 6.0107719507420541
2277 27.406660345500804 -14.927575802978225 5.5795460280616478
2278 28.393021960755533 -15.656132995701057 5.6066877119028549
2279 29.530737567509419 -16.284948179224926 6.0404984893543627
2280 30.107060328369073 -16.222057303101039 6.7795511937458803
2281 29.674429808244717 -16.178408515004421 7.9391849147600091
2282 29.762811943998962 -16.68042800267105 7.9468812143135938
2283 29.894469123077229 -17.118950786821443 8.0285056856710639
2284 30.125283096376336 -17.34084376433141 7.9522213164385711
2285 30.364487430714654 -17.305883825656721 7.7866092757156995
2286 30.491383321352316 -16.897890220597972 7.7729788667220596
2287 30.218389308481612 -16.099791769167382 8.0729828083611448
2288 29.793047046452592 -15.308546549244014 8.3841565709048993
2289 29.302274181560861 -14.680247452187814 8.6508688527868554
2290 28.617310032841388 -14.054619556520748 8.9161828557189757
2291 27.898475039079457 -13.573538445561894 9.117186782678786
2292 26.989530525961143 -13.12589661077557 9.3101866667374509
2293 26.089898697411847 -12.822269402450686 9.456420531344385
2294 25.013310398290407 -12.609029823180435 9.5947594474558748
2295 24.040073537765231 -12.554880624053538 9.6947076984060558
2296 22.924372510151372 -12.660061531238071 9.827147012081566
2297 21.893442995776319 -12.980226258496245 9.9983572809590129
2298 21.139239164429085 -13.44906706970896 10.215088132529804
2299 20.564520582615046 -14.128012510876971 10.555596399134565
2300 20.344366332290903 -14.721133367042228 10.744836448908835
2301 20.133569193951594 -15.551362286753147 10.78701154335225
2302 19.934830979790476 -16.269201295006809 10.688190844424799
2303 20.832048247231036 -15.715839246163725 11.561862841691887
2304 21.359089278243992 -16.584829296190406 11.755360563452371
2305 22.155306383619561 -17.944040313604191 11.2545543541321
2306 22.455744572568648 -17.743556228732828 11.610219161584096
2307 22.727506743073711 -18.169263303004087 11.339403669221815
2308 22.845368670153057 -18.797517168220168 10.966987429663824
2309 22.865353284147524 -18.954723410468532 10.855905331875569
2310 22.947732938821417 -18.729053649772922 10.816460818422945
2311 23.087329736126073 -18.365043995895618 11.11666581109084
2312 23.005864300788097 -18.45438177684639 10.742797239291786
2313 22.788729452589166 -18.415361273694145 10.618805552365563
2314 22.359751650615884 -19.055016722811303 10.199465400968311
2315 21.833151089953567 -19.301143504444454 9.7689695687051419
2316 21.150349306157324 -19.259172677431849 9.2458983558503398
2317 20.535775216858241 -18.933987992188037 8.7825708239602314
2318 19.851282579652619 -18.248005024349595 8.2890006709364634
2319 19.191116295074011 -17.260039829338311 7.8590570859113846
2320 18.623111289960065 -16.1698348681021 7.5125382911511966
2321 17.977031981327841 -14.730534176451485 7.1652535481409387
2322 17.417923386873255 -13.297389853256206 6.8931912140982092
2323 16.864644688970976 -11.542121661148599 6.6291157394443196
2324 16.52791360506022 -9.8921859433520751 6.4324858233243987
2325 16.428781000810893 -8.0177521213806955 6.2571844601453837
2326 16.690392809511827 -6.438602134729706 6.1559464279344134
2327 17.359317387713531 -4.8955577205331053 6.0840234940912659
2328 18.230204748751206 -3.898187815728221 6.0804357063258152
2329 19.317260606899524 -3.1995534455523682 6.1534288385498934
2330 20.331295668023628 -2.9139244816522023 6.2746740986935183
2331 21.051688965755332 -2.9941952746328724 5.9457839217493103
2332 21.799870092857418 -3.3304193754368328 5.6660589465698097
2333 22.360947493735914 -3.757225344950669 5.5167066999084104
2334 22.8928415062773 -4.3208633141811532 5.3006393286635571
2335 23.212497753593318 -4.8840457121349914 5.0641420612104735
2336 23.311291063402273 -5.3726122432202317 4.8206176222754458
2337 23.319532705286846 -5.8338058396743691 4.6610432077050792
2338 23.201078455958779 -6.2489781490503731 4.3327895029862544
2339 22.986198786727201 -6.6468890267369289 4.1251456164652343
2340 22.640122161231929 -7.0606166812705169 3.911261053513523
2341 22.285071295236886 -7.3426365546192045 3.7432380778945094
2342 22.086861331772411 -7.4351598464371449 3.5890072929325756
2343 22.140594539235707 -7.3612002014743894 3.4486149290583525
2344 22.428098285877716 -7.1756711939430744 3.1902399089825848
2345 22.68832011759217 -6.3052834523312242 0.63706590487235015
2346 22.390379803782281 -6.931947997431962 -0.17338246423549153
2347 23.287672369154208 -7.1046629651931994 -0.35390411038498382
2348 24.461219292305074 -7.236057449978702 0.19332363715841061
2349 23.999316767551306 -6.8157921741670719 2.1295282293572355
2350 23.765861829003164 -6.1950032486118545 1.6453410106600215
2351 24.416443507020084 -6.150335348588527 0.48655641528605709
2352 24.339778810310918 -7.7463342214349069 -1.016701681457622
2353 24.408318631353172 -8.3047496056465206 -1.3434802561306549
2354 24.284564673858004 -9.0968495039207653 -1.9037592639358589
2355 24.075272242126054 -9.9854884942364492 -2.149897480694015
2356 23.797961071665274 -11.029690882412069 -2.1147961119789911
2357 24.28346215930295 -11.886663539229303 -0.3380726686654163
2358 24.960514473989168 -11.365493280102029 1.7561920826544926
2359 24.902507744699804 -10.428767642545523 1.3621455714362503
2360 25.293759186807574 -9.295423184515613 1.0168202943000684
2361 26.088055174118896 -8.161650570103717 0.78894754149202062
2362 27.051109609850268 -7.307842500250473 0.58395022084019965
2363 27.53776211432028 -7.0465463785550639 0.39311749486086689
2364 27.360406726239304 -7.1250660678909554 0.25846236793061783
2365 26.713357530757989 -7.3101302279815172 0.070065014949649784
2366 25.708118952858435 -7.2593159071125939 0.27097455450408203
2367 24.984234676401442 -7.5229329116408081 -0.12694907416421675
2368 23.854864221911583 -7.3222759869459679 -0.19347592571025229
2369 22.548833318384126 -7.1353442967329528 -0.51836292573595855
2370 23.729016023871495 -7.9470370896812454 -0.88036591976084977
2371 24.620767065769847 -9.2874455807012737 -1.2505962651026061
2372 24.814782622439608 -10.065428653622646 -1.447846187061743
2373 24.96565407975438 -11.205061308928293 -1.3591134385036303
2374 25.028880548165418 -11.435633731652302 -1.2670410899027247
2375 24.37411865156956 -10.686688082917001 -2.4374767640772426
2376 22.535040033880499 -12.052812971202812 -2.6879589461126128
2377 20.226857924650574 -13.161197023846896 -2.345273556805417
2378 19.359597158248285 -14.004752916339768 -2.3732804774793506
2379 18.511717397177023 -14.802137007512854 -2.3938546471536188
2380 17.282614691157633 -15.688351562721579 -2.9592964989823871
2381 15.744120599018984 -16.615611305193596 -2.513034383613483
2382 14.409997620903496 -17.300579127457127 -3.3741802068192595
2383 12.383442593081071 -18.228995606753642 -2.642960647277377
2384 11.523673207730276 -18.690918736952611 -2.7390480462909106
2385 10.709124927284236 -19.064143937413576 -2.6914482504353776
2386 10.797717111663268 -18.623203373975102 -2.6753374194554005
2387 11.17701528285545 -17.177186062572204 -4.0361890476640045
2388 8.9696657638128698 -17.415045683379418 -2.7997950370938818
2389 9.4847418014555487 -16.876282155823603 -2.7547624703031603
2390 10.406697325084934 -15.747029082809533 -3.8373693942280456
2391 8.1467736464560119 -15.528174020358406 -2.8462519788010305
2392 8.9439792647426373 -15.278166542005621 -2.6382695340877267
2393 10.506365066441802 -14.435575736327692 -2.1329557631616205
2394 11.716568570741401 -16.044232440512545 3.8137676757213894
2395 10.424382997678947 -16.324793933883754 2.087325510554078
2396 9.9585455634585145 -14.55569954182107 0.47960919480123509
2397 10.257504594046047 -14.952607535570962 -1.1270846317886227
2398 10.244905864470724 -15.024789748505711 -1.1753590597823278
2399 10.34203110663956 -15.113760975266089 -0.93555677456880959
2400 10.402391207532162 -14.956734478263201 -0.41102597521290729
2401 9.9817414981951913 -14.676342443706943 0.039216885137252744
2402 9.0585563731075283 -14.610580352532693 0.54281750604857937
2403 8.3368501877194277 -14.94722198268812 0.9759886154238625
2404 7.8206287490340642 -15.641500775514189 1.2460325814684465
2405 7.5213223332830523 -16.407358952268083 1.5473404740052847
2406 7.4017647848246497 -17.373269865310704 2.0673628566735602
2407 7.3481137078689684 -17.237115391410654 2.0021779563868671
2408 7.6044244391273352 -17.320831285958661 1.2651006570038228
2409 7.3059482991259372 -18.301608727076541 2.0184667018954423
2410 7.421837697777292 -18.672072694736443 2.4981684875160726
2411 7.155162946070206 -18.494646422781329 2.6023050317349821
2412 6.876159759621423 -18.489391401275682 3.1628522614332204
2413 5.3613587317338585 -18.711237423792085 3.2906617116852144
2414 3.7942507030643142 -19.024155782920687 2.9625783118479689
2415 3.2111143487939771 -19.146153933816947 3.6462140154407465
2416 1.7594630647603324 -20.126663305695502 3.7821781767598077
2417 0.63381607570634912 -20.90765057277109 3.5195087765703237
2418 0.48636672960496696 -20.940563954138909 3.5304940213506613
2419 0.26258513171893583 -20.906210894269293 3.2965062071291209
2420 -0.10425725872565295 -20.957993992964447 3.2095954978655499
2421 -0.46399212892060859 -21.017005059039462 3.2730903502804041
2422 -0.20351019054196229 -20.778845485685238 2.8101130508715655
2423 -0.60914534486963134 -20.621214132479935 2.7426906459959302
2424 -1.1984331138067148 -20.492688308417797 3.1002992147602408
2425 -0.60178927089549461 -20.306156423032832 2.4747705795870512
2426 -0.96341556274660434 -19.922613207199802 2.2349866574362238
2427 -1.5387434581996757 -19.018259545630897 1.9966694000260863
2428 -2.2035368985716275 -17.4944636620274 2.2277891539682182
2429 -2.0751005061811867 -17.685853412100954 2.1152488022248099
2430 -2.1187650144127304 -17.592346381111113 1.9769578045662959
2431 -2.1707475533224141 -17.468582679351854 1.8618033148087285
2432 -2.2257338471088133 -17.338610035068655 1.8035465926859633
2433 -2.2960674866463222 -17.177766677605547 1.7931560720794901
2434 -2.368771945783422 -17.034118912146852 1.8373008963977782
2435 -2.4712069048687937 -16.887866680618046 1.9467536594745987
2436 -2.4889696012586597 -16.526942942062163 1.4695711284374227
2437 -2.2969214621416114 -15.979038339610312 1.0146448785623989
2438 -1.8562526611486589 -15.456993836333439 0.69497917697622347
2439 -1.6140775237060296 -14.692753542551671 2.1051225358321082
2440 -1.4408961452553228 -14.075996544291755 0.45234193118807831
2441 -1.1929125673207892 -13.27859607894581 2.2743592830924939
2442 -2.0404217360651984 -12.464906906045357 2.7550225667543748
2443 -2.2259401694742991 -11.654515279562744 0.43320315118549457
2444 -2.2206670868911544 -11.561853034687616 0.34940947576919434
2445 -0.80972110943596931 -11.035032498073406 0.91796449752413323
2446 0.69801410209808523 -8.5350981773104024 2.565913757387924
2447 -0.40424382656169655 -7.6496768160102704 2.4704843565402514
2448 -1.5484111310749995 -6.545002655234768 2.3879498288007701
2449 -2.121058205521706 -5.3622977577624624 1.1261300236797012
2450 -0.78597660657345614 -2.5111095570091351 1.8731362405541114
2451 -0.98805257912232491 -2.5417934252693897 2.24277036142285
2452 -1.3422866622601077 -1.9937582005647556 2.0184197875176628
2453 -1.6314189120058131 -1.4226754789585527 2.0052572204494967
2454 -1.7436788355170876 -0.67564112954956101 1.3953709494730835
2455 -1.8847281846956605 -1.1470225816567137 1.4113163267098696
2456 -2.0440907169546136 -1.6920030971016899 1.506954876992509
2457 -2.1333265179953429 -2.254982446365446 1.5401387835465881
2458 -2.2005162240913165 -2.859999126855655 1.5600360838975762
2459 -2.2747999307414375 -3.7081588704937047 1.5848212184894501
2460 -2.4662540079216058 -4.6641035265434283 2.0171236584866845
2461 -2.4477255196807022 -4.3432303837530952 1.6416810371538855
2462 -2.4815502802227343 -5.1771451105108355 1.689473313096987
2463 -2.5190605414766623 -6.083579144468402 1.7660834689277438
2464 -2.2227058361695953 -7.020444345024984 1.0408211345453875
2465 -2.3366306076099619 -7.0718705659986512 1.1205791757719246
2466 -2.321800023312889 -7.1350886010360881 1.0360251775794074
2467 -2.2248671044045807 -6.9358165272013252 1.008172394278221
2468 -2.0461349178993515 -6.5539172494027724 1.0779128189389997
2469 -1.7715227228239883 -6.0391828738366655 1.0604976819883247
2470 -1.3968978256406359 -5.4281784094771979 0.97816044993567197
2471 -0.97932131833742631 -4.8777548903140087 0.86880425966088604
2472 -0.48328505522597709 -4.2589639603138068 0.9265940527926344
2473 -0.15107830750305595 -3.795874303584128 0.92934808961406334
2474 -0.2583815780697023 -3.7560783438680403 1.0417507473846195
2475 -0.022870591135401241 -4.0063215916968176 1.2745370492654056
2476 0.38711648438771817 -3.9903039491306345 1.3946817042955537
2477 1.3452866237559391 -1.6037207864645069 -1.8216422086593846
2478 1.1629163672255203 -1.4226204274862724 -2.577708265944362
2479 -1.925342046088943 -1.787079781958397 -2.6232641625048592
2480 -4.8045461977070971 -2.1173144318341599 -2.1232888049042336
2481 -4.5205560564000535 -1.1399971678485983 -2.6421177903093676
2482 -4.2476887363518046 -0.87646729178315752 -2.6629685415709212
2483 -3.0897288786094066 0.50850733383013136 -3.8306694960280332
2484 -6.5076760375474976 4.2524280055651786 -3.4386133725657371
2485 -8.5527366572556218 2.5303409567592752 1.8903364576000179
2486 -6.0627398765847573 1.7018009381628403 -3.0698187906526884
2487 -6.159041762303886 1.3600069163343349 -2.1995293909101536
2488 -6.1760714031265849 0.73192158398593676 -1.3881349834441812
2489 -5.8378240810247917 -0.18153886379596429 -0.90335955898635412
2490 -4.9452182193204663 -1.2092003172677579 -0.60072849318088117
2491 -3.8807331953218522 -1.9825901626101441 -0.485656286782298
2492 -2.5861452117678567 -2.7453538863052671 -0.46844213993649975
2493 -1.4236091961086288 -3.3927528625303438 -0.52264869954465865
2494 -1.106593225196292 -3.5813457433185221 -0.53755188788276675
2495 -1.2771614789137544 -3.4755138698649901 -0.53210429439455365
2496 -1.7746592589683985 -3.1786172409296114 -0.53633135854491787
2497 -2.2828672432277273 -2.8786446761294329 -0.45735644897943839
2498 -2.7583810708166112 -2.6264809181835886 -0.33375311456589696
2499 -3.4220776156880248 -2.3985100186900752 -0.35530188441172517
2500 -4.0476223652848375 -2.1406681294583478 -0.3158621683450793
2501 -4.7587948956938675 -1.8798458729239655 -0.29383892387209776
2502 -5.4162527396159135 -1.7094288177922081 -0.28277832144029103
2503 -6.0460612386201262 -1.4734457072984313 -0.217599388004174
2504 -6.3531966846477985 -1.3809722011597998 -0.23014397253631702
2505 -5.5365482859323691 -1.9756502098475934 -1.1764376557268175
2506 -5.6031745304798193 -2.7345591810291907 -2.1171534638332363
2507 -6.3511979896028095 -2.9949267744856272 -3.2560772741192734
2508 -7.0537447645602214 -2.8594153938057403 -3.3388655781410996
2509 -7.8052100852081594 -2.6507655729559403 -3.4840013485064483
2510 -8.6735451718901544 -2.3169347521250856 -3.5414354218425936
2511 -9.4632612386513273 -1.9989411901341398 -3.5054789571446778
2512 -10.3908628569841 -1.7104308845543059 -3.3680736207776958
2513 -10.977684036925382 -1.5575015550536975 -3.3989598637240404
2514 -11.331693499582414 -1.2333589792781723 -3.8902738371257684
2515 -12.380100183797623 -0.37668906262599222 -3.5975011833105599
2516 -12.471000900671712 0.40707176927072197 -5.0754357746670751
2517 -12.088049432852074 1.8428768737943457 -5.895177475093039
2518 -11.306483136589236 3.8753414433869295 -6.2451060175958872
2519 -10.476396413632386 5.8952444472242149 -5.9780216266739323
2520 -9.9195604945710727 7.505769783404439 -5.2358689614625558
2521 -11.643362303284817 5.0587756783152784 -5.3179041412829307
2522 -12.693718799907231 3.9994434852337122 -5.3048544262905697
2523 -13.734747371965597 3.1234633843790434 -5.2591440763118893
2524 -14.720114022066753 2.4213036524110265 -5.2221482092336124
2525 -15.907060099540757 1.8896264561047644 -5.1146155632383827
2526 -16.897772823938226 1.3331132548556113 -5.9152121583099611
2527 -15.802781605190916 2.0856953751465426 -5.017182442842012
2528 -14.301768004595658 3.5289369139225926 -4.6319315197362947
2529 -15.002811467717777 3.7294785894927927 -3.5252228208249368
2530 -14.37963286382336 2.8684925129174985 -2.1514852385020786
2531 -14.738041855895489 2.3147440085016626 -2.1620584703606789
2532 -14.907560290488391 2.1105995147232406 -2.231868053852704
2533 -14.763470279581185 2.3787897375675229 -2.3505166165264861
2534 -14.390260310853449 3.3438547153763807 -3.2062847847804234
2535 -11.411099514191847 2.9327956754844138 -2.323290106669913
2536 -9.3915883272003953 4.7344969382639164 -1.7140359255011557
2537 -9.7106514754390503 5.0751625648638949 -2.7957110077016383
2538 -9.8069359975480381 4.9867928505486816 -2.6872324249206829
2539 -9.9427039755302928 4.9491807511378667 -2.8266436630106644
2540 -9.0809555743058752 5.1678129986740018 -2.6470956963656409
2541 -8.8746569065981475 5.2685651881784636 -2.7268625808831666
2542 -8.0150246618209735 5.6749155788776449 -2.7077140576708176
2543 -9.6276878412233486 5.9968667861119371 -4.6186802190528828
2544 -9.2282363292351022 10.309222000865937 -5.7981540019774496
2545 -9.5252140130347129 10.390833020958269 -5.4612054830865038
2546 -9.2299047898849835 10.53614401489272 -5.7834855525532713
2547 -10.767831844481861 11.014109429290926 -3.545686542060372
2548 -10.353756183775914 11.33519174399877 -4.6015289778347261
2549 -9.6423367405022589 10.553874833637622 -5.9613329334251812
2550 -8.9510076614879779 10.768445142373693 -5.9893365085745884
2551 -9.4900295026917831 10.192142216463637 -6.9972647113039139
2552 -7.0497384865418269 8.4707225332123102 -6.3701495613064791
2553 -6.8615385835904874 8.4784570271794379 -6.3628498033567347
2554 -7.352868538035068 8.1380594183120039 -7.3421271918156084
2555 -5.6290010964505086 5.3264295374156703 -6.7551871096870357
2556 -5.1711315860908655 5.0833245946125629 -6.7600675400726358
2557 -5.1970887241562593 5.1069523276314612 -6.7591264669486666
2558 -4.6850688725794782 5.5876302818975248 -5.1154491473185679
2559 -6.0332864053146125 4.1052949851468767 -3.3177998968269544
2560 -8.4006083603176194 4.4627999996742105 -3.1928035933799759
2561 -10.676223875533339 4.4753856879311371 -3.4093867570563474
2562 -12.884921323114327 5.1034723501967107 -3.9850240930869902
2563 -13.724069417326945 6.1234954741325822 -4.1622719302171092
2564 -14.237935336637491 6.9718074574545312 -4.2069836589303797
2565 -13.458742132097029 7.8971454028486363 -7.7165133837932434
2566 -13.403648826952377 7.5341052986511841 -7.6633604780273945
2567 -12.531489767168864 8.5954519038439798 -4.1886509385200634
2568 -13.155132145120433 9.7114167410161656 -4.2987795191496856
2569 -13.664248911097161 11.100312984083359 -4.6458807336097276
2570 -13.844474149056907 12.633367547304942 -4.7253660694461139
2571 -13.799386855000364 14.356653379825588 -4.9919043317149274
2572 -13.282337264533595 15.624019785510654 -5.7121830646712795
2573 -11.928095706259654 16.227269196644954 -6.5849835285125291
2574 -11.382230541216245 16.474016172469845 -5.3908459982485546
2575 -11.382662037866226 16.476002351970664 -5.3818998868227972
2576 -11.042043214350883 16.542716683739542 -5.962628269933921
2577 -10.584877623047703 16.482980532818857 -6.5361802916485416
2578 -10.154334849274449 16.406933878135973 -6.3991938679208875
2579 -9.7181719255518431 16.452252301321479 -6.0987083696711348
2580 -9.3807923173492611 16.515716478671692 -6.048571936995276
2581 -9.0170092181866153 16.730737509300752 -5.5545033696166612
2582 -9.1690593893564483 16.635698739808674 -5.0966955944493968
2583 -9.3754833132568365 16.13193122133336 -4.5543569675870197
2584 -9.3223165311911202 15.772555959284318 -4.0556970294305836
2585 -9.5902908829472153 15.848942147626559 -3.36032751263838
2586 -11.279327174803086 16.346640935045286 -4.2711954492729962
2587 -10.845826482331915 16.47899615767173 -5.6282565314130117
2588 -11.4371967725356 15.054107294097918 -7.3985108974764113
2589 -10.663682873467991 13.833933940140653 -7.2285233334123751
2590 -9.675482825962689 13.143847391944206 -6.2184616242087847
2591 -10.455872052875179 13.052493715374567 -5.7558435145281805
2592 -11.726582689009859 12.381373581949134 -4.8145919665287966
2593 -11.851137453015014 11.412180629728539 -3.9072155178545254
2594 -12.303620214560141 11.674476794166566 -3.4971296405391774
2595 -13.154964205631728 11.694764640616128 -2.7162206138216276
2596 -14.891690940825214 10.414463158513925 -2.3355536161430854
2597 -16.126948487359556 8.5814214241054287 -2.0711544001678246
2598 -16.635472367572959 6.7738553873341374 -1.3800375780522514
2599 -16.072619135700677 5.5398948018822836 -0.70008801729131376
2600 -15.493929701060893 5.3513969328366784 0.14123895219436111
2601 -15.403477653753953 5.4396926058206674 0.68236325223936234
2602 -15.385040806323872 5.5289092550798102 1.2093833111819343
2603 -15.350471664331252 5.8312125930938805 1.6547170873361807
2604 -15.439808143159581 6.2265244404122768 1.9501379730421649
2605 -15.448119382820124 6.8099957997568339 1.1778546867734061
2606 -15.116176824600302 7.1149571913060328 0.45708707684086125
2607 -14.589172087096841 7.1039340011124779 -0.36560904437015296
2608 -14.14824888864743 6.6884163961907461 -1.1745517331325757
2609 -13.698629251003183 6.1842120861630292 -0.34727014759261454
2610 -12.872996084099555 6.2059515154933109 0.61724462723245566
2611 -12.539637728656402 6.7196804160771961 1.4476286866433377
2612 -12.803205424033621 7.132461424274652 2.5016215602287133
2613 -12.916900070412169 7.5399253358900182 1.6516691134062427
2614 -12.569584804971953 7.8193110620490245 0.6262245119472114
2615 -12.0575856188388 7.8532875541678493 -0.23720026350810386
2616 -11.250911660498474 7.3761824575461503 -1.0701916124729092
2617 -10.891923585408591 6.3677748955544757 -1.7157834623670656
2618 -11.294599345063034 5.1814213025631943 -2.4563144324742812
2619 -12.281957656069949 4.7697970300284567 -3.3415989101955721
2620 -12.374199374711225 4.7050673427571752 -2.9847475252379971
2621 -12.387878034099657 4.5699030960572316 -2.4785760402002119
2622 -12.277115193405422 4.6661880157239466 -2.251101945324208
2623 -12.058258940356069 4.9506239306004858 -1.9723130085929355
2624 -11.948647673663061 5.3035583597745131 -1.760838366398521
2625 -11.822605346020339 5.6994494221862055 -1.5456274618790635
2626 -12.177423510291931 5.7658755587036694 -2.3669605056849776
2627 -12.625907881871285 5.7974088101955914 -3.1011149498632031
2628 -13.439937848620502 5.876877958170212 -3.4398709390154671
2629 -14.546718872018033 6.156949054727761 -3.4424409149864097
2630 -15.624140889111828 6.2570918981202936 -3.0396758814128928
2631 -16.183651602838836 5.9652269265033908 -2.3046196890740291
2632 -15.970107780754688 5.7133267285243221 -1.1216133726218596
2633 -15.777542633560444 5.6054116884288305 -0.49287992941579351
2634 -14.75449239712745 5.3439409342380912 0.028738108372484916
2635 -13.640651833059479 5.5643660914518591 0.33606400491939681
2636 -12.041367895604452 6.3415589810846313 0.43125546873643295
2637 -11.101648634481791 6.1485144212783922 -0.9040931812652957
2638 -9.2471947240410088 5.7342323503289094 -0.85648896393474416
2639 -8.2488433576841373 5.6703976412711654 0.5907693639514715
2640 -8.5536860764760547 4.4193227705700764 0.28143710658096577
2641 -9.1696751238784771 4.3023266105030586 0.3211768697151296
2642 -9.2267055029526261 4.3479508679774526 0.46337168776927307
2643 -8.875649803433987 4.5889531488455759 0.5911823943319412
2644 -8.2957440031929934 5.0065321319557796 0.64409891773206773
2645 -7.5849053357058835 5.6986077500487937 0.89821894958037252
2646 -6.7629844808573694 6.6070622026730206 0.66039333284705926
2647 -5.9586418574751576 7.3186421640643999 0.78524507371706687
2648 -5.2263703144698184 8.10721492765542 0.85484534258091216
2649 -4.657781378023941 8.9356222794643685 1.0663253228390097
2650 -4.3115044848401851 9.626497262977864 1.1237861976430921
2651 -3.4075819563081495 9.668862222354548 -0.40456518963246602
2652 -3.2857504241246431 8.8257854358979699 -1.8680145090361537
2653 -3.7237755464221607 7.344291181647101 -1.8056270066670557
2654 -4.1910550905420507 5.7184288858299652 -1.7325367388709676
2655 -4.5571154411148598 4.3000843331517657 -1.7075387914619937
2656 -4.8620273888342922 2.747963312049805 -1.6770543171218053
2657 -4.6311973687755597 1.7410614869906169 -0.83204273028978282
2658 -3.7041222328096808 1.3696905802756447 0.23041012274553596
2659 -4.0502659591512042 1.2540200761934415 -0.65861795750659446
2660 -3.9463080453054999 0.95814617918858858 -1.5048499036473411
2661 -4.3659016330024087 -0.14421722858810426 -2.3763498337910951
2662 -5.7966566771607972 -0.74213308860873894 -2.9384429834826573
2663 -7.3356404546753424 -0.71946061227355074 -2.8607233033005848
2664 -8.6657130210446951 -0.603459841719868 -2.9701848755394828
2665 -9.9952790586307003 -0.22831570670646784 -3.3312458111417431
2666 -10.900930805765569 -0.095983003003709655 -3.0130027744847832
2667 -12.045789150567145 -0.036628985825743143 -2.9357938278402163
2668 -13.047577046569472 0.37783037143681497 -3.579104874596938
2669 -13.730605774274409 0.98958848091217533 -4.0961881327117853
2670 -14.082948476661244 1.654200656764246 -4.3638133560561432
2671 -14.356470380124506 2.4822575514170637 -4.4496042756003611
2672 -14.594331015566041 3.2111698929251418 -4.3465519609453267
2673 -14.971245104031681 3.9092975183319822 -4.043183500230449
2674 -14.663411401790739 4.5229554560859526 -5.3117683267318849
2675 -13.943038276615141 5.4988379518733836 -6.0766200192913828
2676 -12.713621313578614 6.8119675279237342 -6.4880677153877073
2677 -11.488634730609562 8.0261137945801622 -6.4427088278913143
2678 -10.33269364964238 9.2615830662182645 -5.8903512892967083
2679 -9.8282992725128508 10.286356702048394 -4.9415823146133295
2680 -9.7830231363862481 9.9344176275305074 -5.1190888445837199
2681 -9.9244271142709977 10.252698314677751 -4.42811194807412
2682 -10.642942055106062 9.8796647499849328 -2.6876994420084652
2683 -10.168424796242562 9.3895105542273853 -1.0976210186220228
2684 -8.799034100275918 7.6914563458445144 0.24057367614845626
2685 -6.9023560342749022 8.6500869225008472 1.5719943681435673
2686 -6.7247974948685396 7.9272474266965389 1.0209971594180569
2687 -6.7763279041323017 7.6927009745128672 0.82929199161104838
2688 -6.8260267909953996 7.8397765975224871 1.1980839377876951
2689 -7.8636449526198646 8.5694537917403366 4.1692791131505844
2690 -8.9779204668263617 7.0935551209344467 3.7775652546011802
2691 -10.493769792669298 6.4808272745331905 2.8901141169562576
2692 -10.5617633475036 6.9236001349398535 1.6043656818699699
2693 -10.01143008000335 6.1706605290286802 -0.054245425858928442
2694 -8.8838096246879417 6.1313932317365811 0.13025033603710945
2695 -8.6054117728796484 6.3000619561394302 0.34186914013994762
2696 -9.0603567120522399 6.4833442915372785 0.66909937066296932
2697 -9.6622871213541686 6.4515352052297175 0.59993226120205057
2698 -10.077987044560928 6.9976374663232974 1.2651238007393375
2699 -9.7478422186385814 8.2337750984350606 2.2798343270696382
2700 -9.9945213787878373 8.9374661082609066 1.5405085280336106
2701 -9.4340395551611635 9.37491593617559 -0.057633728749897362
2702 -8.1557950195964395 9.3782628599874585 0.32621553064708175
2703 -7.6044505850609028 11.521096441213906 5.7005260952818935
2704 -6.4148314820096459 10.317772955952904 5.0961172382105921
2705 -6.2772636779473743 8.3568828785436438 3.7240697780139316
2706 -8.3428908860145583 7.1553739549723048 3.6535593533739519
2707 -10.159223611776127 6.2176171727250988 3.6928270803162206
2708 -11.296168078353901 5.5689879595330041 3.657255599152009
2709 -11.835606289558839 5.2660081026842818 3.5559919172319567
2710 -11.703033539555648 4.6473509579821695 5.0162323346843021
2711 -10.425489632778707 0.62515313852150456 5.7493550729866243
2712 -8.2808893251531543 -0.47605836435199933 6.0632682280982317
2713 -6.247320219747337 -0.87775238300408631 6.0981191359574929
2714 -3.5999035035857645 -1.1726136281666868 6.1968537463251749
2715 -0.77876464093482411 -0.82779236158334868 6.560902393361375
2716 0.58121456566443896 -0.58010591514474186 6.0547805515428932
2717 2.4806602808054521 -0.76338291384914214 5.9512537424722645
2718 4.4757876968718335 -0.99159018975572621 6.249373051999461
2719 5.589596347840029 -1.4385163108903782 5.1786978189053325
2720 6.1212659303394474 -3.4385574874529823 4.2327548020912626
2721 5.0947868761781194 -4.5271830628970662 3.2767639050161157
2722 4.5338538462320912 -4.0301437106762421 1.8267677736257228
2723 3.2050402205857864 -4.4395702894921669 5.2876975996948428
2724 1.9033612775864555 -4.2320903220103787 3.0972207377974748
2725 -1.3336195735282388 -3.6207750246532981 1.5795391942194592
2726 -0.42824899170832964 -2.3646573092542837 -0.65001693592762511
2727 -1.466683144668508 -1.8752102961420292 -1.1830010439659095
2728 -2.1790788257814455 -1.2035954138143552 -2.0919132860554779
2729 -3.1089937636716911 -3.1686285250628572 -1.7213152565585168
2730 -3.2648755190171244 -3.9699708017274844 -1.7632675857495217
2731 -3.3751175292582474 -4.9524504143174539 -1.5202699958681536
2732 -3.5274548549206344 -3.6180471467287703 -1.5293031704073168
2733 -3.4579524856255119 -4.2556304096565896 -1.402061305081947
2734 -3.7110487834389545 -3.6592060664599728 -1.6825590095016438
2735 -3.9920958286602826 -3.584699777591311 -2.3631279659330211
2736 -5.0331505448029361 -5.0336948810369648 -1.7901323613160889
2737 -5.2165880852092243 -4.6622459956482061 -2.4150567309434789
2738 -6.0489987114456483 -5.7974598507292541 -1.7504360174484814
2739 -5.9667257738601478 -5.191151256103538 -1.8475538690442437
2740 -5.780471265607602 -4.8223939253996519 -1.7888686008234163
2741 -5.7591689004889588 -4.9673917505668896 -1.7098779120829102
2742 -5.8036633938712754 -5.1711899412244406 -1.8409783321732993
2743 -5.8590447188117167 -5.2451006218113321 -2.1186565555591579
2744 -5.8840875081500315 -5.4517966754718969 -2.0099928049185212
2745 -5.9421216664241996 -5.6585485633696493 -2.0396966034668442
2746 -6.0179983909633137 -5.8531059810270278 -2.2019401514892096
2747 -6.0324008725370106 -5.9581537039236849 -2.4466805055038625
2748 -6.885969673969683 -7.1825014257013322 0.0040340390277298077
2749 -6.7473543936394407 -6.7770852438104612 1.5327247242565782
2750 -6.8142387085877232 -6.8575160270877831 1.7289616716683018
2751 -6.9234140063273912 -6.8692187523987087 2.0869428882824455
2752 -7.1173263414228813 -6.6869903976277953 2.3686741345984701
2753 -7.5406499108494245 -6.4231688911877995 2.7201760068722147
2754 -8.2739896935859178 -6.1470364575558278 2.9493760148407566
2755 -9.3641789302849077 -5.9890505316485161 3.2165763642702703
2756 -10.371118059189115 -6.0468935189608999 3.376553405441471
2757 -11.456848900360001 -6.2665635407555982 3.4976539844282586
2758 -12.324221072658887 -6.5797824180494047 3.6569957248448031
2759 -12.326784681702023 -6.5807353528956867 3.6578107615514295
2760 -13.173020432003895 -7.0710835572476469 3.8430483094730636
2761 -13.902745143631222 -7.3737410909745904 2.6843372979308771
2762 -14.316710432114604 -6.8393279536481799 1.3437388345024841
2763 -14.243426350103135 -6.6512465350888874 1.1369660326739535
2764 -14.346851466202821 -6.4068406061496717 2.0609199408820427
2765 -14.334745178982885 -6.0183534169196662 1.0287901566083764
2766 -14.421545450788088 -5.9886332559543121 1.6295022324927593
2767 -14.542934284700721 -6.0363527839891873 2.4324380557119034
2768 -14.714206893406512 -6.0137635603506965 3.0998754326079374
2769 -15.144133437285916 -6.110911408368068 3.8029639181795236
2770 -15.645467254898549 -6.4107345997647514 3.3191693759064669
2771 -16.286104520223859 -6.4231889450650783 2.7114204596706943
2772 -16.612997736724253 -6.5249995570959953 4.0786415137877654
2773 -17.101709335209378 -6.8453873740689346 3.0011293352590958
2774 -17.010901141053921 -6.742739322954705 2.4725184382088106
2775 -16.918583491619941 -6.7046454852477808 2.0122902261190312
2776 -17.283524771375866 -6.5491292382504582 3.3426380396628579
2777 -17.318042838580311 -6.7877091270355407 4.5854952990590929
2778 -17.288719326663411 -7.3268036942855304 5.0659851505977134
2779 -16.959287384187803 -7.2640617261399569 6.8082996375660487
2780 -16.232965449176817 -6.9798069077097296 6.237376779676775
2781 -15.670867253392245 -7.1303027639731695 5.6380743531276618
2782 -15.453844744193049 -7.5350882499092364 4.8445326848577341
2783 -15.294284657447122 -7.2839353426063838 5.7708282239586639
2784 -14.693151903209852 -7.2152646381916128 7.0872171817414999
2785 -13.580373952949259 -5.9648083509571563 7.3863297887680943
2786 -12.781499727906322 -4.2283186914684023 7.7370239375351684
2787 -11.744610644817442 -2.4228766806962625 4.8715835881188436
2788 -12.423777416323887 -2.4018415359201697 2.3173192040175188
2789 -12.143814830706091 -2.5850222204057474 2.1044140641190454
2790 -12.411241418640998 -2.4148858394241586 2.6870740901166794
2791 -10.963137820230244 -2.851750167695414 1.9366639257048499
2792 -11.095927909213927 -2.4441996224410474 1.9152071170839244
2793 -11.534927776101398 -1.998743893555087 2.7780077371302232
2794 -10.541328218294083 -2.3538172064851182 2.6657628929192771
2795 -9.9691070212116131 -2.7773629898298964 2.9632733524920836
2796 -8.9947774697062925 -2.8951836583189561 2.8257514998555582
2797 -8.1649200160979376 -3.0656546071956683 2.5843976136420705
2798 -6.4694228705324974 -3.9290685118202475 2.1276712988663995
2799 -6.2687374703525052 -4.1515043605889872 1.9528445128871486
2800 -6.4261613263507655 -3.8645890374392025 2.08377499477821
2801 -5.815169777954452 -4.3779289401074024 1.2232198672700934
2802 -4.9574301493775152 -1.9942138416024022 1.4563180100494817
2803 -4.6879450641748264 -1.0823372474948911 1.0022688230131562
2804 -3.6474645777709895 0.19906287701016367 0.62097919348063435
2805 -2.7143142574656594 1.7742457576483304 3.2244864463232554
2806 -2.1619420385910502 0.66105745458318665 6.3148842874247677
2807 -2.6138774305336909 0.55154476446227818 5.6111910367517615
2808 -2.8197442613470542 0.56959653445348835 4.9717451820164058
2809 -2.3666822033057997 0.2068734198043245 5.9179451680974182
2810 -2.3966543213443856 0.19138323492525444 5.6480212903242446
2811 -1.4881906444410475 -0.12142066734369905 6.6127286087480783
2812 -1.416029287411618 0.30262706123744465 7.7206806251821076
2813 -1.4732257028522184 -0.12574785716307701 7.3553047843952486
2814 -1.2684354848420583 -0.76044315394781847 5.2658274544853914
2815 -0.75200221934969136 -3.0346893670206612 3.7033000152129301
2816 -1.5501941494750326 -3.3758772844328035 3.3222068283362134
2817 -1.4368770080573796 -3.0387529293673055 1.881677390103413
2818 -1.1847757025235666 -4.022769291428034 1.2462336613296752
2819 -1.4194891031297487 -2.3521063786482443 4.367457483509682
2820 -1.1230809564241611 -2.9018079717081946 5.8214704410493621
2821 0.75762546529117003 -3.7165586881609158 6.7482760498425254
2822 2.1146639364628186 -3.7280661713580798 4.8374152506609516
2823 2.1658468383933638 -4.1354795822960284 4.6944272742964035
2824 2.2341506964649227 -4.8397474753924996 5.0802462261322017
2825 2.513221860688077 -5.0784238210419801 5.5693679290076616
2826 2.2928857796837718 -5.5245019220556912 3.8241015019233329
2827 1.4408109744120878 -6.3476847612881642 4.4599687951937632
2828 1.1611067970719517 -7.7492431025774806 5.1445998187981257
2829 1.4054231847056684 -9.1795763323007975 4.4199995407516992
2830 0.16505597646067827 -10.824520885902857 3.7227069925074296
2831 -1.4449021012904382 -11.129454249776131 2.8332774293325222
2832 -2.1435784969415295 -11.277004861807185 4.0495922930673913
2833 -3.1664680332270763 -12.09581095200258 4.892678976807959
2834 -4.2922246497502954 -13.211503990102756 5.1836119571592647
2835 -5.688848291868922 -14.553270386850926 5.0248642853552941
2836 -6.7099732810347774 -15.57614155526619 4.4551745456975649
2837 -7.6339301410672675 -16.032786349353216 3.2675200914232914
2838 -8.561311528290517 -16.18284733224715 3.2783921011575696
2839 -9.3107910280407253 -16.296400030396427 3.2730356151925175
2840 -10.413867553853024 -15.333200288195684 -0.38548532122065815
2841 -9.5504590769605713 -15.809352905862056 -0.82378485381603328
2842 -8.6352214395041571 -16.650007216471977 -0.97475830387457441
2843 -7.8136325805272193 -17.476657054243404 -0.88880456006075459
2844 -6.8212432022992289 -18.21027588189574 -0.54126858335462869
2845 -5.9608297933777976 -18.441193980735491 0.021538197109870261
2846 -5.1816822803439067 -18.418512535050979 0.0371170216850083
2847 -4.3869122718065157 -18.356609263533301 0.091127971187169976
2848 -3.618136351665143 -18.296308166146162 0.078342651589087708
2849 -3.104411403210662 -18.287883500969699 0.080635825972594333
2850 -2.9745598691551507 -18.42727600210776 -0.028059399682174746
2851 -2.7259596162813011 -18.399414766897351 0.2408265694147147
2852 -3.3504284720776525 -18.32748688831532 1.2828147750382275
2853 -3.1160922391927386 -16.983570198655869 1.6384496935721651
2854 -3.1656085201730662 -16.429194776052157 1.680792058421972
2855 -3.2503320953009691 -15.804741160386129 1.6993705054052533
2856 -3.3299131848063084 -15.24542212708559 1.6902722926311453
2857 -3.3987107567762038 -14.607359549764624 1.6491998698711021
2858 -4.6365640004266098 -14.069747134018812 5.0845840395716131
2859 -4.0023351228112318 -15.552934289000774 5.1614158231912599
2860 -3.1954278534498499 -16.700581750443433 5.7553988719146423
2861 -0.6884367162170264 -18.461155168160502 5.4217626011329285
2862 0.60595366327670774 -19.547858575356059 6.1626269037885777
2863 4.3281270140519581 -20.538597795338845 5.8619043526184686
2864 4.9646013136151623 -20.63661802433657 6.2854763086805843
2865 6.1127735274014015 -20.812243479781529 5.9326344668011579
2866 6.5172656095240669 -20.895265742922277 6.0301538692541268
2867 6.8375497571039574 -20.555375654842791 7.2974574464297159
2868 7.4602738766117156 -19.628655743015159 8.1691863742654682
2869 8.0351017029722769 -18.568522637758548 8.5091032167261993
2870 8.6122657895267665 -17.427882785671812 8.5155198438780957
2871 9.0409742469820173 -16.615789672364102 8.3051810133257824
2872 9.44831700780896 -15.945578357461315 7.9322977042356344
2873 9.7706132597605233 -15.544476751600669 7.5397512969654006
2874 10.137912210958291 -15.251890771774782 7.0426948162930643
2875 10.534007898273359 -15.099187181536692 6.47861444130859
2876 10.543668702971814 -15.057938072390414 6.6726401653751424
2877 10.760406204025429 -14.943493050059871 6.731319440262296
2878 11.040439098515037 -14.81489360762086 6.6011719939426676
2879 11.064579756272096 -14.789938865816083 6.5988267961982618
2880 10.933590514742427 -14.793432968668796 6.7136839902453067
2881 10.977101516671304 -14.798815919936857 6.4550469503969659
2882 10.525584320960625 -14.869023178688082 6.3124215875348177
2883 10.188468703533275 -14.931307636634173 5.9558770660154012
2884 9.7512625414147038 -14.830548670537667 5.5250856606311025
2885 9.4418361192622271 -16.494750582156257 0.89811548760411331
2886 10.349742578313986 -15.733927947707187 0.24642544949014811
2887 11.789957874840631 -15.528978984195291 -0.12820682152232887
2888 13.357918060369549 -13.69749621472883 5.3606057626723871
2889 13.086245206776915 -13.682427206736733 4.5905603866528129
2890 13.075870456119056 -11.225147861338954 3.3287907292381345
2891 14.427080541711909 -10.707278199359152 2.3972207813834405
2892 13.246777955726536 -9.6725884094357184 2.6282634345596358
2893 13.089262927322139 -9.4745045012743674 2.3474352709326252
2894 12.699793436159673 -8.7840672586949324 1.8238793735965446
2895 12.345298118091989 -7.8755458080606928 2.1841349740896301
2896 12.001632799347909 -6.4400040696151279 1.1085946523154044
2897 12.431830924949594 -5.6256549047533895 1.0668932128242652
2898 12.917380813890439 -5.0560561197445679 0.63469056029031456
2899 13.567364991202403 -4.6546512533813029 0.45668337523438218
2900 14.257521234597377 -4.357572279929272 0.34761531036622539
2901 15.054738812877172 -3.9916638833438469 0.55804371118638807
2902 15.874074490321352 -3.5940152503563922 0.24211324536162238
2903 16.597594758961208 -3.510885717715496 -0.024335643250735561
2904 17.247001149025188 -3.5886705733386748 -0.21946035048514423
2905 17.94735055495152 -3.8143374560542185 -0.40341317560613321
2906 18.522621673540471 -4.1100839150177535 -0.54396618072495206
2907 19.103845398226611 -4.5156671431189181 -0.68435913830306516
2908 19.887712798120344 -5.1587949332790117 -0.78644631012698696
2909 20.594840101799811 -5.8021353142415535 -0.70578842844566259
2910 21.307555431022802 -6.5118326682008956 -1.0946406568630116
2911 21.968035836271692 -7.6493283242457153 -1.1321491776403683
2912 22.475914204514506 -8.4617103502133517 -0.89187447993699465
2913 22.777954400288618 -8.8719419637063623 -0.95171824945390382
2914 23.23663282075043 -9.3792158488251687 -0.68819170564509502
2915 23.536305478072411 -9.633827343733941 -0.624237376948376
2916 23.890844131913575 -9.9559486303199023 -0.73614495616861753
2917 24.454289076619244 -10.355004108553388 -0.41924334370557848
2918 24.4900674821886 -10.540389376865704 -0.7092747668298709
2919 25.293821794211059 -11.080363904057734 -0.31796285255483525
2920 24.547200941989146 -10.990046213753971 -0.11006668701285705
2921 23.870241110915888 -11.008934676435437 0.30753214401963369
2922 23.494592868460447 -11.756302032346774 0.0051361041960302778
2923 23.450853432208113 -11.856351351121774 0.32745793305294901
2924 22.909249959849717 -12.262415899938539 -0.020092402330070591
2925 23.028264861417124 -12.547601692797826 -0.097542451843143585
2926 23.997330822856171 -12.391812009906083 -0.1521689383781708
2927 25.130645088897143 -12.239317077863099 -0.23304716200663211
2928 26.17367416402282 -12.167911602553012 -0.32856384151138895
2929 27.019126633055905 -12.191929545846463 0.065657215537785252
2930 27.779552641338725 -11.909906416661272 0.51162431606342196
2931 28.277581525933002 -11.438165189006419 0.9525852849733889
2932 28.544025306489097 -10.748714121671 1.4884434790874597
2933 28.440444216770253 -10.068057523465114 1.9825508072989102
2934 27.882227596924039 -9.4439471830904296 2.5142675607195724
2935 26.989946919964552 -9.285615776863871 2.9528053175925333
2936 25.925625216340379 -9.7746038232690395 3.3978714588366117
2937 25.310871548010667 -10.818591181546019 3.7751790622181982
2938 25.276249581560656 -12.268999560840655 4.1989786207171917
2939 25.877933318172246 -13.456653242723149 4.5900343276121021
2940 27.01314293450752 -14.409809104355155 5.0662427016576315
2941 28.334949220527406 -14.814360784589276 5.5734831175537494
2942 29.432750433488266 -14.774426183124966 6.0586285333829837
2943 30.409480665549538 -14.42346985015385 6.625489748480982
2944 30.988475363696296 -13.935768545272509 7.1329609401463072
2945 31.28221267865554 -13.323998301813575 7.7213656574987848
2946 31.23407759957238 -12.805898044696157 8.2291509066001733
2947 30.898590277051554 -12.364863899553789 8.7669616408590834
2948 30.468687921017533 -12.171876913135812 9.1987127599587062
2949 29.956689690816965 -12.173132320045198 9.6301859018441043
2950 29.562914134046778 -12.325932492843791 9.9650618540508589
2951 29.233001916817869 -12.590031014562975 10.27476329666116
2952 29.110705083411929 -12.841255394396647 10.551715372955959
2953 29.038635329891392 -13.057481503593003 10.736204339296807
2954 28.994255189839393 -13.275605731868019 10.881599051172561
2955 28.979425251805353 -13.433101512051579 10.970189714914966
2956 28.977304184517351 -13.556418974121499 11.032736662871137
2957 28.979675463645393 -13.614614070286017 11.062088642300793
2958 28.981266128605938 -13.627438687425155 11.070754065009343
2959 28.982530571843526 -13.630292774026614 11.074847294814539
2960 28.983861453050757 -13.6327326174032 11.078679471007074
2961 28.985573153162136 -13.638582260306045 11.083974214670839
2962 28.989179314625304 -13.674616822521678 11.102198425955947
2963 28.996397325052911 -13.738102929669573 11.130999532535203
2964 29.008717750604781 -13.819584525736353 11.168010487605359
2965 29.03782120873295 -13.968782903377864 11.232933812046745
2966 29.09683665744214 -14.177269737266855 11.320485601950679
2967 29.22632634077857 -14.488083411369352 11.447555757215198
2968 29.430585995091292 -14.817265485896627 11.584237814446125
2969 29.789851975862291 -15.207870910547385 11.768549574784068
2970 30.242472506399018 -15.515421418477501 11.959625289152143
2971 30.88737135159019 -15.752214222460779 12.211795498295769
2972 31.529904081651026 -15.801622689372458 12.48621965138614
2973 32.209287062110874 -15.650334083354814 12.897422060993978
2974 32.703077605474753 -15.312355227595255 13.408391772142098
2975 32.912261491266392 -14.947362961944641 13.952513676917478
2976 32.858171500589194 -14.604384589605317 14.6755087813006
2977 32.642729551600716 -14.477787940179709 15.356094469348399
2978 32.313836101238927 -14.581293691393135 16.112696220488605
2979 32.031423228700682 -14.902284018943007 16.736869042697897
2980 31.861697874443344 -15.55492029630193 17.337514959886608
2981 31.99801973202414 -16.30144152047432 17.77699803723776
2982 32.511196575750731 -17.113131517612167 18.185808095287271
2983 33.24503991966516 -17.667913785325915 18.502168431577097
2984 33.592847681029717 -17.642433317115142 18.679311589367327
2985 33.402071086401897 -17.333358124415213 18.84867926433532
2986 32.772892909581024 -16.81761509892327 19.606056975268309
2987 32.826973005269437 -16.439969212032601 20.056575227534239
2988 33.21741342058202 -15.628826641670763 20.02567376899135
2989 33.775344601295679 -14.872403389345301 19.506307819483112
2990 33.400682150264103 -14.854557246704708 19.561769825662864
2991 32.769054492749483 -14.962118710232595 19.595496132866312
2992 31.991945849967458 -15.188426916344319 19.615827669654802
2993 30.823521994853365 -15.623908820452648 19.616376016632373
2994 29.21238650137294 -16.097040712474296 20.216832969164628
2995 29.488523855862297 -15.488409615698778 19.706772096830932
2996 29.909603122820485 -17.316628488084319 13.650474468731186
2997 31.431629496082657 -18.317941663610718 6.7651257521638195
2998 28.705657560686497 -18.974596778935343 6.8291016812453309
2999 26.547942543506153 -19.592302885427038 7.1411558719150046
3000 26.181694555471495 -19.592581941523676 7.4964182526543599
3001 25.532516089313788 -19.956057935028959 7.8034272849666397
3002 25.388673861949151 -20.013081759787092 7.814103539012236
3003 25.299294140131039 -19.969964543281506 7.9881768242834843
3004 25.207281343620629 -19.735168921648423 8.2419545940763044
3005 25.070694280728056 -19.363032086477531 8.3080383736950072
3006 24.91964613582752 -19.015385679662856 8.4121819658900545
3007 24.776818473065653 -18.748412209786814 8.4745339829371318
3008 24.691849090179389 -18.616523888077253 8.4949429600458668
3009 24.662004772476813 -18.585517544361338 8.4932459090267667
3010 24.64730507974857 -18.581109191967542 8.4925430749106674
3011 24.633367243031387 -18.577489272727021 8.4887570868107147
3012 24.621235100888008 -18.576157968849984 8.4820418054602218
3013 24.609519772626129 -18.574736263206944 8.4754149418746696
3014 24.580642896380766 -18.540734411388918 8.4552850813701994
3015 24.510593602367159 -18.422386966030416 8.3955101612537018
3016 24.47746247156708 -18.375978829562413 8.4501096120271537
3017 24.420148326299298 -18.302768240337159 8.5289178913615764
3018 24.336347084719463 -18.194782977353412 8.5202471656647631
3019 24.247257280952418 -18.07692431291224 8.5051928419830674
3020 24.13382380692785 -17.919724356885304 8.4783306081451144
3021 24.092497192320664 -17.945384219369778 8.6074510117746712
3022 24.034500665042401 -17.969011909886632 8.7595533393847873
3023 23.964025138133948 -17.970885114015459 8.8588374469009281
3024 23.856796875868156 -17.959915398561847 8.9516884396565359
3025 23.779323038662838 -17.936887774464807 8.7765337166958588
3026 23.814874598027707 -18.129569078079442 8.8610373767959398
3027 23.854024997189288 -18.293269953799594 8.9030602583837215
3028 24.005112724932026 -18.707036809047892 9.3614214415354056
3029 24.104372041140245 -18.889715224576037 9.747254288327138
3030 23.937186223722872 -19.017299360137571 9.9719889264316031
3031 23.555741589632742 -19.272475899080348 10.057445562137321
3032 23.157066768997957 -19.534178695780241 9.9642830555302879
3033 22.79290410843247 -19.689296880924594 9.6344253272972384
3034 22.892961525775299 -19.882490473541168 9.7251069739054454
3035 22.988754684965592 -20.173341803607713 10.008505417416044
3036 22.918527211095473 -20.362747006934761 10.136401353416833
3037 22.794260107542428 -20.595760534547068 10.086695805060732
3038 22.819360402291103 -20.927320770946082 10.124144693012971
3039 22.35353935728763 -21.13258780363573 9.3767218425233345
3040 21.840233567532437 -20.919470198515853 8.6438884248500329
3041 21.560524470960765 -20.37304371485007 8.021449863628499
3042 21.700177959909553 -19.565106899525972 7.3531808986377314
3043 22.261438574675608 -19.024435411171481 6.7632495223540143
3044 22.975328575061994 -18.596208938964253 7.0183284828922705
3045 23.56508002599135 -18.08099815756951 7.1893900454314927
3046 24.149881474804694 -17.386529510281093 7.3370321493075394
3047 24.572671108585332 -16.664275388624397 7.4819793584506389
3048 24.953603072412598 -15.771155051701299 7.592656415713428
3049 25.235643939013848 -14.900021295026391 7.6775752109140383
3050 25.523400911180104 -13.869766017723002 7.7799693587037435
3051 25.701396585770745 -12.792650344867582 7.9029796792845781
3052 25.772820591422374 -11.815170455988184 7.7818009117619376
3053 26.07322839805326 -10.616709005590302 7.4868340770658977
3054 26.869450516882814 -9.1707746298508575 7.6795706805284709
3055 27.276629459352932 -7.7018362409084951 7.7127559920165289
3056 26.578508854319082 -6.1643671769288488 10.800131016016243
3057 27.93596869852253 -6.6533956227053146 14.183887718107716
3058 27.783183027961009 -7.1371224101257056 14.262335244676242
3059 27.825450756780903 -6.8804782187333053 13.883616100907643
3060 28.01223896595927 -6.2033321164725947 13.908590905575112
3061 28.084204281174024 -5.4243932356095357 14.298912024623391
3062 27.750147579080092 -5.1120220293488217 14.985132568114189
3063 27.686919493533075 -5.24994113766612 15.112311949044283
3064 27.55523047221314 -5.2850237458438976 15.112050981668911
3065 27.40540703113281 -5.3444832224601946 15.276178842868468
3066 27.129257281393308 -5.3452878523029881 15.418046231019121
3067 26.816193957888125 -5.404861626969069 15.775025406893121
3068 26.026943842558651 -5.4563650400077002 15.878576962193684
3069 25.21439019255736 -5.4940510087098318 15.673684513235026
3070 24.737823882589545 -5.6100762914092712 15.975972771512437
3071 23.96506025518098 -5.7557764432164724 15.911679710191322
3072 23.372848464113517 -5.9473161378882686 16.098839309625177
3073 22.722513375129587 -6.2364701114709469 16.193258877635323
3074 22.237490390565348 -6.5579777735961855 16.36435548389796
3075 21.831949001970798 -7.0053645211354798 16.600597945840541
3076 21.600532620452569 -7.4841809970599584 16.899957777890116
3077 21.077746540691436 -8.414443748138595 16.721833716341926
3078 19.976036462990031 -9.0698552161188211 15.198922044787086
3079 20.824563172761266 -9.077384823201406 13.144374468779329
3080 21.436706462841933 -9.2739127635863028 11.416370557689957
3081 22.113012684552452 -10.736355826627499 11.806782821149213
3082 22.757223962053445 -11.275735434428249 12.089351648881028
3083 23.510703162905173 -11.506812177333515 12.556692849729345
3084 23.861131199916869 -11.377216411915185 12.9480778029893
3085 24.081992679959185 -11.096951878573321 13.440765498994772
3086 24.183744527828381 -10.739446729484804 13.849437334872947
3087 24.757327938591843 -10.226843343238521 12.38015207170873
3088 25.344492793608275 -9.6421116680122978 14.617181987633387
3089 25.412811415960419 -9.1918937696007532 13.588275101616977
3090 25.375780543985378 -8.8267827571260824 14.287929576409875
3091 25.167698444994087 -8.7377354914432033 14.960547079584497
3092 24.885796648474297 -8.7717741345029623 15.678920017299731
3093 23.942012628770641 -7.5299933083288408 10.816021775722614
3094 23.71014577878141 -9.6777527293262366 10.824918192651484
3095 23.915312670689659 -11.509198027776286 11.053149346647187
3096 24.409276454221107 -12.672162421677911 11.491721189565663
3097 25.120300096093501 -13.32036234294727 12.292168403184352
3098 25.17411745042763 -13.284292933733866 12.541656656206481
3099 24.851679863954175 -13.145040815431472 13.151890292116114
3100 24.11966121014985 -13.474277333661504 13.691785780769514
3101 23.592833188255433 -14.370419514743865 14.013666743714122
3102 23.434978597913549 -15.242688308366965 14.342165048807709
3103 23.540725909863028 -15.897856131714377 14.489424063225632
3104 23.709289953686309 -16.28300616190846 14.686824174275642
3105 23.812722657154389 -16.435420993400058 14.9472736435516
3106 23.701433713415192 -16.313704336378208 14.888377540057533
3107 23.692000978590599 -16.339118321958466 15.273210398845249
3108 23.216438424126565 -16.165122422733766 15.357128302957635
3109 22.915101864165081 -16.118415141085947 15.691810046787268
3110 22.193496424580339 -16.189812671094906 15.842327464815668
3111 21.788097057940412 -16.131492973017693 15.072531142061134
3112 21.731188865542556 -15.783784289979373 13.699474452441851
3113 21.97298222916578 -15.696771010157249 12.51294790037376
3114 22.331571539323697 -15.912397227166565 11.281189239434514
3115 22.480257731870019 -16.097864244175547 12.000195931139139
3116 22.610542624390334 -16.064536201356965 12.813788307530121
3117 22.630207835134414 -16.000055457550744 13.41651426009545
3118 22.721800367321507 -15.77223186938879 14.016128804223491
3119 22.655017773717518 -15.260020468861967 14.70846502096429
3120 22.226095294344233 -14.81194145587218 15.288489420433285
3121 21.469135877082969 -14.624857075228277 15.742525077259494
3122 20.869224424496501 -14.768564557011935 16.273928412040188
3123 20.599741738529822 -14.612147838635572 14.681701223113301
3124 20.172345785901278 -13.823281356051989 13.320153632154703
3125 20.806878319495688 -13.400494420225925 11.716540960122348
3126 20.43985244733134 -13.221721762138291 12.155584500234866
3127 20.177305833409328 -13.283292699086509 12.566577330985975
3128 20.271036954025853 -13.323532614357948 12.996565254417087
3129 20.601403120211174 -13.020664052180127 13.366614145037563
3130 20.799578827405419 -12.460446152798831 13.707854870310094
3131 20.710131097721401 -11.816883603497033 13.980924713015414
3132 20.517785076507892 -11.247042533790804 14.168572652702952
3133 20.287522188362836 -10.732076537215423 13.894994030029441
3134 20.113454303323479 -10.055528031585627 13.639250131074059
3135 20.078160131480871 -9.4084044945592709 13.452407499735596
3136 20.181410927675827 -8.6477655573433481 13.281890437700941
3137 20.427193919749847 -8.0059649840630129 13.153493231338848
3138 20.855214018571203 -7.3719445235068406 13.019155130788505
3139 21.403087560087094 -6.9147367016338137 12.875178509163428
3140 21.928897052155669 -6.6951415563674708 12.710501103372312
3141 22.460029849960435 -6.6456418519977944 12.467979967781663
3142 22.799543115480688 -6.7227031458898949 12.199758358519265
3143 23.050250880677716 -6.8702378591343063 11.821849745594637
3144 23.168011733240697 -6.9865361787833677 11.423546959506083
3145 23.220457078263557 -7.1021418781240691 10.927993436788608
3146 23.218759226625835 -7.2057234159010761 10.472614860960556
3147 23.318942973382384 -7.5377794464731451 11.342134977256164
3148 23.589203045522503 -7.7356394671211959 12.099928598030141
3149 23.835200150143983 -8.0175228412925676 11.358862040869562
3150 23.847090933935561 -8.3533667234480902 10.707458851833142
3151 23.601145542242271 -8.6764190510855386 9.9892591133443958
3152 23.145521639148178 -8.774358418280201 9.2729766809301815
3153 22.796342728083367 -8.8909981139717686 10.002503569445443
3154 22.479472946985275 -9.3046809534639436 10.773670461986413
3155 22.43323313562518 -9.9201176437902951 11.420541046934449
3156 22.839742220048251 -10.613424464989322 12.107407271874646
3157 23.585611454023578 -10.977626429476327 12.575084645576542
3158 24.386893697630242 -10.88731325985929 13.204529075684022
3159 24.543973334084363 -10.633466828773578 13.46458199506251
3160 24.550593689677754 -10.744975297551488 12.597014787117903
3161 25.070735923204317 -10.678985419215877 12.844886723932724
3162 25.753362533300887 -10.50108172150226 12.875672345542073
3163 26.397777200940205 -10.250798019262117 13.107842298475166
3164 26.750137612911075 -9.9254579368444098 13.495130001833624
3165 26.740950112713556 -9.5836616529883329 14.115169067720771
3166 26.489110323577435 -9.6138957689610152 14.783643923516966
3167 26.489070296576791 -10.022649737117938 14.99001741532728
3168 26.632146467396929 -10.473381992773419 15.149991750413449
3169 26.909422840849132 -11.059108202400225 15.423150155995444
3170 27.050495831002159 -11.221597073703972 15.379368181644335
3171 27.435420297399645 -11.67347244691587 15.36826647947372
3172 27.905618253383743 -12.169633266277319 15.261966159597774
3173 28.4690708261381 -12.275038940055062 14.607849437487143
3174 28.444495635086469 -12.889712162952108 15.425077263449218
3175 27.982107863506045 -12.873530732017972 15.69728257155862
3176 27.375350675102972 -12.899363780595529 15.722300476688282
3177 26.986236444075921 -13.141291643105454 16.128508172973557
3178 25.701830082850179 -13.285408858001649 15.983460568089178
3179 25.208691541672096 -13.470169084221482 16.026770037771783
3180 24.811485583028613 -13.851912127026186 16.395702395180919
3181 23.748689991257265 -14.196393252736623 16.228968463181292
3182 23.335534996220687 -14.528902317639258 16.236853375088877
3183 23.062925751504977 -14.859067181312096 16.285650707653829
3184 22.772281878664444 -15.253189975897193 16.330567271415017
3185 22.413861275982924 -15.628856505283057 16.347515047221179
3186 22.311030622806186 -15.863412288562166 16.393191677118772
3187 22.210420202780092 -16.130707742198691 16.456884959272806
3188 22.002373424871763 -16.47412525401942 16.53237685970959
3189 21.252456661988461 -16.769232703073506 16.711164919633525
3190 20.50571086387874 -16.990409505595025 16.633274124705544
3191 19.813498896043683 -17.287753176757548 16.53339841409344
3192 19.31524147819939 -17.561435472328604 16.434485716270775
3193 18.83295886261444 -17.845148044100405 16.310407486412949
3194 18.454091220898377 -18.056927062190866 16.190996797938148
3195 18.045996358119915 -18.241029280452906 16.036068995999209
3196 17.640994321215075 -18.354788573332087 15.854436954279677
3197 17.269015916241159 -18.382707105284574 15.660074848119597
3198 16.852792910143961 -18.310297418716786 15.407657200599306
3199 16.515819483241174 -18.148037888608819 15.154348190968399
3200 16.210846708216877 -17.855704210444884 14.834673509030829
3201 16.040079197831808 -17.521647185681665 14.52536169258099
3202 15.991156743541239 -17.111912619630928 14.15855876795699
3203 16.065944084474296 -16.770862218462462 13.833503508069949
3204 16.278934473649496 -16.428705647091213 13.4655295317806
3205 16.591223422449154 -16.159563469143755 13.148881876919178
3206 17.067746130920273 -15.940432465672103 12.85884618876155
3207 17.651291998960861 -15.833591207648801 12.64008141367267
3208 18.235449578444978 -15.84120293884493 12.494049113285588
3209 18.95770519277238 -15.992256449552812 12.257105538202541
3210 19.573415706901287 -16.300548670648688 12.065477313113957
3211 20.168698492378219 -16.785785626695798 11.83728352718331
3212 20.595305721671053 -17.317816816240473 11.611225927010826
3213 20.812503961186763 -17.485588580133609 11.595842069108368
3214 21.071931466990414 -17.865847815365662 11.507196964222489
3215 21.238989473995623 -18.128665910370216 11.347967599347133
3216 21.374725336059669 -18.169189610314945 11.434352213626413
3217 21.766572795190839 -19.044264291009625 11.512986963500826
3218 22.084901483507714 -20.011819921245838 11.069014541717847
3219 22.111763540194794 -20.139863928999247 10.878406962286483
3220 22.239263743466573 -19.850049809665954 10.789199445993679
3221 22.29635514038776 -19.52421438183795 10.480798826628838
3222 22.616342891010873 -18.956993717967904 10.347480968846661
3223 22.798551596789068 -18.532496239009312 10.154990413119455
3224 22.813035224455582 -18.23627573940378 9.9566653936348839
3225 22.500591646264269 -18.206497304430258 9.7288730350192658
3226 22.037043472032629 -18.065879427153597 9.4916935878200928
3227 21.13320109498288 -18.292827340520276 9.2304136355258386
3228 20.111855313222549 -18.211320693163984 8.982441441721015
3229 19.229096600543969 -17.818635332785043 8.7513469962818995
3230 18.628212863017765 -17.289772361979701 8.5311217489085074
3231 18.184259096206404 -16.571417054343016 8.2267730299901949
3232 18.042099806318078 -15.909448761788859 7.883808957868208
3233 18.185357220554849 -15.227088637098475 7.4169616984679729
3234 18.556604110640222 -14.808200701811558 6.9286847715344875
3235 19.142486948590538 -14.666647545553062 6.3252557669751948
3236 19.629403005031072 -14.865103022599264 5.76599205831522
3237 19.995557137484113 -15.382298178175219 5.1470517579104698
3238 20.05845932905072 -15.957194712561481 4.6352349389586927
3239 19.827285820880881 -16.637501177280519 4.1277049571452729
3240 19.619611511471533 -16.904804966438412 4.0134769943859956
3241 19.409753838548063 -17.203343789808294 3.9926659228375811
3242 19.031241777383322 -17.71840107941189 4.1207560270874399
3243 18.056574928506087 -18.4810300333871 4.3971437270584479
3244 16.37077272583354 -18.719122956311217 3.5544776721992148
3245 15.383256783541142 -18.309086694927174 2.5849086529186858
3246 15.18270354874074 -17.733000237673366 1.1944413178614388
3247 15.405248601199368 -17.182798117526424 1.1712970065222228
3248 15.664479852911128 -16.617213172879062 1.0925025363729564
3249 15.926872990083837 -16.145098525658696 0.98196410404224288
3250 16.270916884227475 -15.676445574083246 0.82557916910042195
3251 16.668039303364388 -15.30452198784274 0.63756591141215146
3252 17.394018967264273 -14.767234645753419 0.50732779450950805
3253 18.352676016438053 -14.284888877482906 0.43176808462764438
3254 19.234275434392629 -13.909445082624003 0.41581952591925386
3255 19.236541451959937 -13.909531090263769 0.41580747483796898
3256 19.615261126840835 -13.788683471874563 0.34380833485493856
3257 19.986923438382931 -13.634509388687206 0.46321079952394317
3258 20.511651045805884 -13.360820696746039 0.52245477470741264
3259 21.035198379913055 -12.754423091379699 1.4400067056020402
3260 20.603035010626726 -13.071066599103943 2.8482217873177351
3261 21.431313295073309 -13.203830630080446 2.1251949526726346
3262 21.659739745119566 -13.418832427994396 1.5427400086850875
3263 21.744214772177799 -12.819682433123106 1.3433762560610676
3264 21.93513208357831 -12.001979557246784 1.5383391237527428
3265 21.765681561050108 -11.362505771451353 2.1956011698994811
3266 21.723653771440389 -11.836322573654016 3.1480330510280856
3267 22.424334259967289 -11.783672325346444 3.1529904576211747
3268 23.049398486139147 -11.741944546120465 3.1651131192839594
3269 23.463028858117575 -11.338574147823024 2.0753267599616745
3270 23.305581974034467 -10.925332627489531 1.8477285741289862
3271 23.217832800839822 -10.400299381686864 1.6604742801355128
3272 23.267208812670024 -9.8592417400872563 1.3349197643157105
3273 23.547690274650272 -8.8280297504609422 1.3652207179549549
3274 23.828261240933493 -7.8132751110488314 1.250224596250848
3275 24.26692247747123 -6.6639549270382901 1.227839674378898
3276 24.880147557589893 -5.1189607317904517 1.3135298563224262
3277 24.33959239011676 -3.9085646808524785 4.1991944036465343
3278 25.168797690547791 -4.7569430193127573 7.4362375541047276
3279 25.327459299864614 -4.3406860324630685 7.4760186057919489
3280 25.497829885944668 -3.9189445641796823 7.331568902457323
3281 25.685387546915031 -3.6500288606661684 7.0457915210865361
3282 25.391458050170996 -3.8179762642266013 6.9350460797748443
3283 24.749339400717503 -4.4181684279951554 5.9740390008793662
3284 24.32488724625863 -4.2287707954873639 5.0553459298390395
3285 24.375366025919739 -5.4627055658960444 4.6649459932516377
3286 23.912688742728339 -7.0158543279474372 4.7442769667761224
3287 24.099062053976159 -8.5562751579488747 5.7669194817091318
3288 23.253378644449327 -7.615383499289706 4.6743406795718592
3289 23.151294631173457 -8.1354467878431365 4.2796294186740029
3290 22.307406269338237 -9.1705842973407243 4.3961603560800144
3291 21.928555155113727 -9.9995480367033736 4.3743858991943938
3292 21.698053597960865 -10.560948666623332 4.2039303579695915
3293 20.74902443627041 -11.293742201074849 4.1652137083692979
3294 19.787390445492022 -11.931718351443578 4.251133157792423
3295 19.315031826771474 -12.639834725918234 4.1417072347764776
3296 18.191542257101055 -13.337830762375773 4.2394557775688435
3297 17.484839388520072 -14.066711612124038 4.276035401539791
3298 16.594883641247122 -14.905203791527271 4.2805538652515533
3299 15.76128802381173 -15.64327465680384 4.3158651283176068
3300 15.214526464433959 -16.338310136834963 3.9842638164558597
3301 14.276623122746074 -16.981303503229896 4.5034075484657174
3302 14.083591265179596 -17.61599136185832 3.599676662214411
3303 13.553265798369459 -17.764163328155121 3.0137024245920543
3304 12.711184698905058 -17.364754002696742 2.6449543680023551
3305 11.969954216586153 -16.645141637268168 2.560833610652149
3306 11.136836364024582 -15.903572035317723 2.7191815567530515
3307 9.7611114646553112 -15.795286628638735 4.6313178203589036
3308 9.6916556171262762 -15.895446138156672 4.4735593983178497
3309 9.6409040761995861 -16.116962989983307 4.6000432327587371
3310 9.6838913359885268 -17.073854404454011 5.1368017840822784
3311 9.3371381449076907 -16.11513430076235 5.5695872752336957
3312 8.5782998632268139 -15.35865830939585 5.9757650310417878
3313 6.9603371109478331 -14.652167598798158 6.6332348434467994
3314 5.9232989940573262 -14.867955342280212 6.957508260794059
3315 5.1971363951528069 -15.26260897042593 7.3361724217020283
3316 4.7682585740123251 -15.771330692409975 7.6597599918554327
3317 4.590608719406152 -15.89214610887862 8.0365815618967975
3318 4.1661632717586876 -16.27512131067283 9.3153312315731753
3319 3.5418949009155369 -16.771177561165885 10.280519233468377
3320 2.5912571151483839 -17.722556985131405 11.000633270494687
3321 1.6681728730958518 -18.933259970383233 11.280048733299443
3322 0.65453723209103742 -20.354543049146798 11.150913506169774
3323 -0.22711597872999079 -21.39573720847477 10.641986454055669
3324 -1.320148123497809 -22.028366271053358 9.6559837253761867
3325 -1.3740963879837302 -22.046894760472043 9.7105557516518388
3326 -1.3450342333985894 -21.975781619308179 9.6883696920352271
3327 -2.0854387394338403 -21.985880735643093 9.1042944571472617
3328 -2.562538435553023 -21.757069491060179 8.9948956179252129
3329 -3.0168111990711211 -21.499913169549444 8.8980247449318117
3330 -3.3983646182311809 -21.236195771780245 8.8185063473090288
3331 -3.9811566265435872 -20.880832764888666 8.9388760870332238
3332 -4.4896087690845405 -20.600484302526723 8.8996650592415385
3333 -4.9768141565364914 -20.246069352691663 8.6961048289702596
3334 -5.2530632346971728 -19.894714658521053 8.3872061876945381
3335 -5.3137654457209749 -19.504537485910902 7.8966147500315458
3336 -5.3702570567124823 -18.984413567385388 7.9756968003988433
3337 -5.4486387466534651 -18.369218644783274 7.9663068037359928
3338 -5.5397650851969829 -17.483136930335263 7.9696055748241079
3339 -5.6112355572658572 -16.454734159567323 7.8655751003321814
3340 -5.1022034004932451 -14.901254085027915 6.6416760550059513
3341 -4.1416791397747659 -14.57058964514664 6.6579078806725924
3342 -2.6452182957732262 -14.137154638433259 6.5304786185952928
3343 -1.3852782935999812 -13.801032877245689 6.7327517005179534
3344 1.310833430289442 -12.570716478828487 7.2984257736081952
3345 2.9483460518872135 -12.726172593847352 3.5059778244708921
3346 1.8593552297287275 -14.86816074562492 7.4476420445837759
3347 2.5344080036007668 -13.871375295348571 7.6283264357842917
3348 4.1565852326948232 -10.939050876010313 8.0357055803213147
3349 5.3980252961214106 -9.1190328281465156 6.1381161334815921
3350 7.0064451125887857 -11.37448771949127 3.8721764334551212
3351 8.3074569685898538 -10.931806395545934 4.2060952581269255
3352 8.6899142178128486 -10.251088047675367 4.0989947270698588
3353 10.132128584529958 -10.98516981693048 6.5530643524174508
3354 11.021595856018365 -10.74484464800662 6.5318877460993292
3355 10.997117548009371 -10.740707441277067 6.4889218755245892
3356 10.501077576554827 -10.893993328225434 6.2844949459286399
3357 10.140507100073137 -10.717370394128395 6.4133003501678596
3358 10.133482196155171 -10.693697832557291 6.3189702513655908
3359 11.233681330201357 -12.652416835783256 2.4493870514064469
3360 10.465335910542755 -11.851876912901062 2.224760409243725
3361 9.7632217419088576 -10.71323491931291 2.0992539593454165
3362 9.1678994795517852 -9.4925743333106425 2.0741996863292975
3363 8.6233163096269436 -8.4383338884967714 2.1375293917470302
3364 8.1062355495254224 -7.5075429361176731 2.0289431518658674
3365 7.679031327180752 -6.6396437121432257 2.0610670917699414
3366 7.2508983809610754 -5.7510594028073996 1.9876537073078353
3367 6.8703881500520652 -4.9304140670617755 2.0518849811963014
3368 6.3708710317687505 -3.9405046256169953 2.0630137100489749
3369 5.4110992813623113 -2.4681305655004593 2.6633630403210411
3370 3.7609879232351844 -1.9611258268276117 3.5747195491181278
3371 3.3682547131471736 -2.6908469509999122 4.7376425159694664
3372 3.2529843682211776 -1.5367904016643621 4.5006631315261583
3373 3.4442360649554686 -0.66219162630619621 4.5697338921007109
3374 3.0509294344761884 0.33304681645839196 3.4406360986383229
3375 1.4267911803966129 -0.11430222813994817 3.2954209249489734
3376 -0.29693549353019222 -0.75615475381772512 4.1133525335830647
3377 -0.10014199980174254 -0.49850758474383383 4.1868225437831157
3378 -0.24739778568299897 0.47599444481538455 2.8032029230797928
3379 -5.3579080939248485 2.2745095542005487 2.8253763822596474
3380 -8.3838549710955661 3.6947204601199957 1.8387698119927585
3381 -8.8629496627445334 5.1598001196903027 1.9949704246423581
3382 -8.3751136336475085 5.1811032840069942 0.91163548860980193
3383 -6.3888635102355451 7.9892613663834879 1.0207905886654265
3384 -5.8073238315513507 8.4085912995305137 0.43684828971562428
3385 -4.3425584966582846 9.2805913340136783 0.76581733116983752
3386 -4.2123670455646689 9.3790959797254203 0.74911906495613323
3387 -4.4556678368456204 9.1230971319593976 0.72859746118648516
3388 -4.9507069042718967 8.5887452175931713 0.60058247087502536
3389 -5.4979939929345392 8.0366321312796458 0.23535427058970626
3390 -5.6083430529479088 8.1336128741687048 0.64660638025486961
3391 -6.2321169697373477 7.5931274547796193 0.55323795512162999
3392 -6.8639851033886856 7.0627974118052066 0.30697467047402593
3393 -7.243182924725474 6.9797532270297324 0.58961723680125733
3394 -7.8456736483410197 6.4791554575159154 0.50092796898487091
3395 -8.3761579822051004 6.1451837653653598 0.56552940692935572
3396 -8.7872544031481254 5.7515010049962001 0.45532743298540268
3397 -9.2543152128026236 5.4535889514689586 0.61176302747463129
3398 -9.5098769117134196 5.0522206675906318 0.50843040656113558
3399 -9.4176134893577483 4.8645194680147199 0.45016429126883217
3400 -8.5857840090927482 5.3483075996128093 0.28225483714175592
3401 -7.2572485962043629 6.0382334043717663 0.55555501896399573
3402 -6.2594785666115058 6.5198789900699978 0.14186779503466784
3403 -4.3019272827094852 6.8424242488164992 0.21175794980559548
3404 -2.7780137200827539 7.1318015011521823 0.037460506840258034
3405 -0.76412767335027354 7.2422830038782706 0.087346686513738447
3406 1.3021788377587313 7.6549954303366974 1.0440405438688769
3407 0.56796492156787792 7.450293614773642 2.6973049337931911
3408 1.813892358503594 6.1795712543045198 4.6916858700985653
3409 1.9423897816036941 3.9406638426494851 5.0306729990267627
3410 2.5510559092014375 2.7605371724064867 5.6300097424119713
3411 2.2479921911156708 3.1759054972378635 6.2889247931999002
3412 0.27352605406215957 2.633965727124675 4.8437329267687801
3413 0.013737105650420744 2.2624442809320016 3.72381786542529
3414 -2.3018003699125842 0.99101070747801145 3.094630983118301
3415 -4.8108299653933102 1.1831481319135406 2.7418554885835498
3416 -5.052371849206537 0.93168244436085956 3.9806053448861167
3417 -5.7009960031047626 -0.28306481863143063 5.2880845284502787
3418 -5.1008662546391861 -0.89580226423953491 6.1308877464475415
3419 -5.5508244156540911 -0.42912069693166188 7.6182415998535244
3420 -5.822050749182111 -0.48499966192373734 8.5979482903762516
3421 -5.7781522762546444 0.22704246634032188 6.4710591118787804
3422 -4.0503045811029494 0.14156934425372469 4.8293579177858943
3423 -3.9905419290654862 0.86594144801959771 5.6842044914852217
3424 -4.087160153853219 1.066732470082556 6.4064888182611277
3425 -3.446514356401039 1.215783994071856 6.8571512910609957
3426 -2.7676854901817336 1.7309245565555216 7.4574669925201924
3427 -2.3147073374611722 2.8241643215881993 7.6181103088361084
3428 -2.1242210986305707 3.846352683677452 8.5702175521751656
3429 -2.2675234840990726 3.9404182757928083 9.0674368663921889
3430 -2.1099910167998672 3.7318929690063527 9.8600077683254028
3431 -2.1033957301170574 3.6316717001072902 10.520276370992764
3432 -2.4855069464485666 3.5487387402956188 8.2545427966188392
3433 -2.2912445785307796 3.7644127572799277 6.1137450405940292
3434 -1.6252701583055114 3.7691530861812481 7.0514559699528006
3435 -1.685666319314862 3.921544093460767 7.9686476212103834
3436 -1.8897170090838529 3.6290369726051921 8.9778094699613931
3437 -1.9517752274163342 3.4476825833883566 9.8664695281131536
3438 -2.4991803532152232 3.020459454596562 10.752827356387364
3439 -3.1253285032202882 2.0698405708497916 9.4072379561895865
3440 -3.7115847196227776 2.3701714259907476 8.1042333779602487
3441 -3.3617969344668523 2.227129569517615 6.4448615536136744
3442 -3.1131857523073592 2.4144735351319895 6.8364962415465422
3443 -3.0946798732008034 2.7070705683437382 7.1436342663217074
3444 -2.9192023880818425 3.1533728077417891 7.4417641831815846
3445 -2.1188838258069325 4.2093491482226995 7.8258275106323509
3446 -0.005766755238909127 5.737650221434393 7.5459168925854776
3447 0.23604643194543939 6.4184645066536774 7.4880666510528222
3448 0.12499412769442131 5.9639993414982513 7.4034848900189267
3449 -0.016969168320770223 5.6575945882665195 7.2486787823037488
3450 -0.15368722781983024 5.4509901476694296 7.1582102223682238
3451 -0.3423077580346785 5.2113985606056872 7.0713804520510211
3452 -0.9108933058478641 4.7661477483044052 7.2072172546035222
3453 -1.3963968535101685 4.1019846284261945 7.1220729594889871
3454 -2.0060108900161993 3.3785316666822212 6.9687836404160421
3455 -2.5165520081638135 2.7981297268098757 6.502310503664166
3456 -3.101496536639317 2.4352774024131776 6.1829944303477991
3457 -3.3091892939908689 2.4739779777858644 6.1388390734513099
3458 -3.1667264277977694 2.4856162832438855 6.1177776806886239
3459 -2.051178222855512 2.4468861784764755 6.5998441489234629
3460 -1.4178559175401801 2.4538452979502097 6.1548205285530688
3461 -1.1370705691906835 2.1785139613633504 5.5427554848660003
3462 -0.31493393132308256 1.3620163879618445 5.401643883271781
3463 0.69105970711407849 0.46627155470257264 5.8373311858723342
3464 0.95666708429234859 0.15421992278935193 5.3909857555197416
3465 2.0378018838675871 -0.95914657784427959 5.8191937827939331
3466 2.0170048051926983 -0.91612331495453247 5.9031940476057985
3467 1.1959010265440213 -0.73436681211150301 5.4059757987327739
3468 1.916014563745378 -1.4333419399807923 5.9154010928484162
3469 0.73437897519461615 -0.90254315811621666 5.9927695680266275
3470 -0.89317615227261626 -0.59667278832493764 5.2713994057060916
3471 -0.15130228375282684 -1.7221151363856819 5.6248125195948111
3472 -1.1179129076908936 -1.1774237332746225 4.8357604832446937
3473 -0.92518207491580995 -3.7309622756334164 5.2193303291672226
3474 -1.2203711539073225 -3.3784784983731981 4.8191610176194084
3475 -1.3650341205801482 -2.3288075328186011 4.6244571140590871
3476 -1.2911819660240837 -2.1820423746321325 4.7853960644322093
3477 -1.2859672928817361 -1.7931294505077489 4.7807189306532258
3478 -1.1327625945115187 -2.6797278849763444 5.0889510546599492
3479 -1.1855642182654407 -2.7335388315555633 4.6406536201182327
3480 -1.3114681699987898 -3.5073322452665252 4.5070043286668717
3481 -1.389573374419939 -4.333211262616345 4.9180477878854472
3482 -1.5087976672192411 -3.8857599831929406 4.4666174146408775
3483 -1.6293057178834403 -4.4541314754612955 4.4622043339803845
3484 -1.793288223949034 -5.1472707590693858 4.4590221583602476
3485 -1.9992366434220088 -5.8733836827414905 4.4034734323594691
3486 -2.2866139019182725 -6.5179168362114126 4.2268174331084722
3487 -3.5886445090436894 -7.329825809523328 4.3263498425628528
3488 -4.0983899552370531 -8.0337892451319846 4.1505864402593167
3489 -5.7110904059230592 -8.5336205095049706 4.2255373946067296
3490 -6.4761340233598759 -9.1551256268788563 3.9554838306783067
3491 -8.3843791436206914 -9.0847906926848481 4.0156400131665846
3492 -9.5641678748117016 -9.481958913506034 4.012288393634269
3493 -10.454814935208105 -9.9521316510224409 3.6344154614588442
3494 -10.795974148074436 -10.252886098400054 3.5463845119235122
3495 -10.880708693185838 -10.444625629554025 3.6761273118412117
3496 -11.236532162813347 -10.644469478038516 3.7117663868994972
3497 -11.471261237980414 -10.820780781129997 3.9156898152344066
3498 -11.566716849202976 -10.992645009561215 4.3041539746733148
3499 -11.524765314056609 -11.017905576101384 4.7582321459196883
3500 -11.453688551351533 -10.919527325037237 5.3058668906866089
3501 -11.431749201517874 -10.84319565860352 5.7592692506774412
3502 -11.333115223263377 -10.812390638519801 6.1892786844906018
3503 -11.252611705991271 -10.794759069041618 6.3746568535515058
3504 -11.10848938398027 -10.750626460870137 6.4757410408577218
3505 -11.102290412662356 -10.637267737935247 6.8762475322753565
3506 -10.967956838011474 -10.430819603601876 7.2204736508752498
3507 -10.890904060010925 -10.168528929635983 7.5527745802449004
3508 -10.742726055094934 -9.5796472356074958 7.7985567569974368
3509 -10.738488689528111 -9.1201162464292906 7.8773191317302107
3510 -10.690435895358334 -8.822581898725872 7.5551743229812409
3511 -10.528592759643345 -8.61276874245047 7.1123438754641537
3512 -10.563177631635668 -8.5883539532921134 7.2153535581282711
3513 -10.455678967758729 -8.5891066881959688 6.7769979979216792
3514 -10.46032064294711 -8.6899125571897997 6.3191625130898448
3515 -10.200615921553933 -8.3839615664934968 7.3982881436348524
3516 -9.8612010626812321 -7.6172166423896499 7.6804370700618918
3517 -9.8151565205257043 -6.5993788901089943 8.3559668958299991
3518 -9.6211017822787284 -6.3751446550533188 7.1837542184016314
3519 -9.1334772591474831 -6.1735690118777313 6.1934393801745795
3520 -8.6158552362666114 -6.3005311514835682 5.9156897334500815
3521 -8.1793812598928639 -6.5389034171733584 5.671400230679323
3522 -7.754411762947413 -6.9378816012476818 5.4088797261066883
3523 -7.4586136907385168 -7.3892732435955963 5.1908639702896959
3524 -7.2324360191908852 -7.9840142936860516 4.9697454528664888
3525 -7.1315374133931755 -8.5695487877213736 4.7970714713432621
3526 -7.126908377564547 -9.2584087398383588 4.6343130351453556
3527 -7.2075231769695449 -9.8822079141494044 4.5206577054302723
3528 -7.2079699072628785 -9.8823117528911837 4.5195629718325616
3529 -7.3714369057139493 -10.588728015760665 4.4333154352906163
3530 -7.5875849399145352 -11.298136378564607 4.3851751416532139
3531 -7.8020078906479853 -11.92273818028589 4.3700429449511482
3532 -8.0535788047722434 -12.640682138980509 4.3787570759398413
3533 -8.2705851294097101 -13.288474544688981 4.4054203819458415
3534 -8.4839157177429314 -14.004960329442767 4.4526116787082781
3535 -8.6386274379914596 -14.638299203813204 4.5102425956106682
3536 -8.7614307654601191 -15.350272071444209 4.5941727196162336
3537 -8.814001567827205 -15.97185311319231 4.6852343367168547
3538 -8.798571489130012 -16.669499999891727 4.8090044590022547
3539 -8.7989049659416594 -16.669632787864415 4.8098061739543585
3540 -8.707286895399946 -17.278314072022738 4.9392731968833594
3541 -8.5015790487507985 -17.940886676352335 5.1113595371869565
3542 -8.1766300832464367 -18.5487270015268 5.312494067536802
3543 -7.783694525918321 -19.015724753700027 5.5180705190740529
3544 -7.2368634671637722 -19.418738466495327 5.7750259722442117
3545 -6.6752870854549258 -19.639102874244259 6.0281529535744625
3546 -5.9938730294892935 -19.700383928269133 6.3322320118854591
3547 -5.4081111298884679 -19.580838512419888 6.6042867701432826
3548 -4.7977144896391479 -19.253065227625086 6.9129861711178364
3549 -4.3523874771835125 -18.816305328135684 7.1790126612649807
3550 -3.9888658973630413 -18.192033192467406 7.457701020549699
3551 -3.806411225135065 -17.550834427279341 7.6893076800997449
3552 -3.7704696284773291 -16.778424989451707 7.9245869138063973
3553 -3.9058437597017388 -15.997777077147589 8.1286291065975469
3554 -4.1574568818227533 -15.31568273152871 8.2883981358303416
3555 -4.5709136888341249 -14.5833438107273 8.45072049527956
3556 -5.0408079100554346 -13.975823832528818 8.5794493464686425
3557 -5.7799172596216408 -13.564814490968189 9.2495603046393224
3558 -6.4207901426929794 -13.701100171878068 9.9035304983624179
3559 -6.8541228609917937 -14.282211671940075 10.661444810976604
3560 -6.8391128269880994 -14.973570117282094 11.307631531283699
3561 -6.4556157152339892 -15.788079706399657 11.567139758179165
3562 -5.9303195974499801 -16.589142823648189 11.575537026020577
3563 -5.1863574783135959 -17.207287452294494 12.215292351037245
3564 -4.0340918760313258 -17.583866174074132 12.308282986839759
3565 -2.7185368926199658 -17.997867199674403 12.144599154978057
3566 -1.2679152037809729 -18.672058715905436 12.079731522411443
3567 -0.85322624713728601 -18.869488572705762 12.162918688699387
3568 -0.46237142151029786 -19.090617076670341 12.070416356911924
3569 -0.012707005417311734 -19.484810851590723 11.705038249777122
3570 0.88429485249822903 -20.403003267033171 11.952895806849977
3571 1.1353612585907058 -20.617351782076483 11.866667357769741
3572 0.96527622805315616 -20.466900080085338 11.859329950819154
3573 -0.36215269856094778 -19.275340753687004 11.826008643163739
3574 -1.7935983955558044 -18.01042508706584 11.675248448168478
3575 -2.1863108874880552 -17.540296169051246 11.62203433525328
3576 -2.1875310562443175 -17.542394090395518 11.595543920728797
3577 -2.0296592318566766 -17.788937330029256 11.538922971150235
3578 -1.7905575864665622 -18.161411199975532 11.576976637294621
3579 -1.3983824284582909 -18.735767631940874 11.615944803749045
3580 -0.78975301009543131 -19.331851874762989 12.271245522296843
3581 0.92137549274105623 -19.711021407472657 12.753865504665656
3582 2.6973939500284914 -19.282861751960581 13.078410222286598
3583 4.8077877423464912 -18.391935480276615 12.417720218529553
3584 6.721041686378463 -18.870399037706136 11.738811952032547
3585 7.3108265814264328 -19.909461843798454 10.899509889796851
3586 7.2820466820688523 -19.215486380279003 10.178844894089771
3587 8.293972769516877 -18.239990000413059 9.1592711952069585
3588 9.1762505579961271 -18.402650475034733 8.3002219243536022
3589 8.87507316500146 -17.367919770635694 7.9931703192865591
3590 8.4478263608302271 -15.456960933187474 8.7998915974131542
3591 8.4178676805006774 -16.150675783438949 10.535161548931967
3592 8.4864713531070279 -15.389621848614652 8.8874514758843723
3593 8.6332948472993252 -15.128104377134378 7.5081002345086052
3594 9.8650759005417754 -13.612073887194413 6.4024626390775126
3595 11.699855030877934 -13.966064303548592 5.4656657666559081
3596 12.026432180632902 -14.968458353667756 4.4250704726921164
3597 12.129377400380967 -15.326828379947308 4.5588901480025923
3598 12.391222655165883 -15.745611865923308 4.4875186290072264
3599 12.70242971735555 -17.184028075026447 6.1600449281654619
3600 14.026212297877642 -17.275430562631755 7.5774670858810662
3601 15.628639098212695 -16.01106440469681 8.8886225946549402
3602 15.165654009837574 -14.917366590135885 8.645844566475283
3603 14.890566491737637 -13.687563475386654 8.5002350867008829
3604 14.841354492850691 -12.50314392539093 8.5021227877868935
3605 14.784761645208341 -11.226267805695301 8.4486283303186092
3606 14.784575610018585 -10.103827256713188 8.4052307560108055
3607 14.921942793057973 -8.8277090461157712 8.3066217768083561
3608 14.784819256905102 -8.3579330570267985 6.7078947854284614
3609 15.043057356160034 -8.398980557471333 6.2711990071440837
3610 16.037713443275329 -8.6006909702275607 6.0546341048136565
3611 17.105048575520442 -9.1294127238293612 6.0923734679338288
3612 18.281826775119498 -9.4611248092568445 6.3762451967066163
3613 18.773803435201515 -9.4061119477101585 6.446708756238241
3614 19.232299604367867 -9.3310843513511657 6.4971967081253297
3615 19.461403678558433 -9.3856766144960915 6.2381847990767518
3616 20.346572358696108 -9.4058515624628427 6.3921147029919059
3617 20.390283448778256 -9.5774834356744307 5.957437685955183
3618 21.583924440418862 -10.264956629557702 5.9203407447528384
3619 22.913968349342362 -10.925944025738133 6.3633851658298024
3620 24.053993454321613 -10.815687774415338 6.1815108441379198
3621 25.264597466270047 -10.944223706290934 5.9272310218482573
3622 26.133900002007621 -11.310309111267721 5.6087277987106745
3623 25.467478788076406 -11.040355570384122 5.6237677356104916
3624 24.983488535342886 -10.87796942853187 5.7138602587215175
3625 24.577288822601659 -10.880966604929384 5.7677041366680264
3626 24.527673202705969 -11.06090705582632 5.8107339865507335
3627 24.468215032991765 -11.300560762640004 5.6689589876536299
3628 24.992189314918633 -11.742709254622696 5.4307428965107718
3629 26.084371655009406 -12.265457897262323 5.4282553997336649
3630 26.961441700867724 -12.986950838927839 5.0145223963249315
3631 27.139125850209496 -13.72391147981736 4.8519854223050238
3632 27.180117751520555 -14.70790475895069 4.4289081016861598
3633 27.327796822630944 -15.577034626692374 4.944986609260372
3634 27.731454440286214 -16.281137431423836 5.4681936843388073
3635 28.252200400301604 -16.660308047327369 5.8740234462121137
3636 28.940355922571527 -16.819444252330925 6.26070988071071
3637 29.604735132731932 -16.733572749324779 6.5483970814769172
3638 30.35836715849716 -16.400686965445111 6.8014777337545755
3639 31.023860593933549 -15.878270378254676 6.9650624673663479
3640 31.705383704947721 -15.066521849512114 7.0932704920248764
3641 32.252253532539754 -14.019455906207938 7.1923653563396002
3642 32.549307901481825 -12.885156088031678 7.2964533476424531
3643 32.588396312782322 -11.490851509443573 7.481158407469545
3644 32.283648194570944 -10.240528726500465 7.7294917627454645
3645 31.572261931578325 -8.9942890449113975 8.1153701176831081
3646 30.654782770340404 -8.1960478124444762 8.5458880180435077
3647 29.513139913542631 -7.7544821576712195 9.116390537015814
3648 28.554573939880314 -7.803344047223554 9.6778679731615149
3649 27.787617084452776 -8.243763361646181 10.325173563758451
3650 27.135113684933771 -9.0651017699564562 9.9024755990709963
3651 26.088310794826754 -9.7909550218419241 9.5888624033985934
3652 24.867809237928228 -10.258343720745131 9.399209416623016
3653 23.747960373986672 -10.491501213083211 9.3057957790159307
3654 22.488618811021965 -10.630491026776653 9.2586712993969762
3655 21.391152752305885 -10.677784161772607 9.2490960906812987
3656 20.191097072184732 -10.680368215175037 9.2468917088198026
3657 19.140714845867336 -10.639760406618166 9.2423549143601136
3658 17.971892001815405 -10.552950948381799 9.2285962615047623
3659 16.951778204583022 -10.42735478105979 9.20321950664251
3660 15.812255930582452 -10.214501614757602 9.148941119328363
3661 14.823884101298006 -9.936708979885438 9.065625622144367
3662 13.753461165413071 -9.4959448978095864 8.927713440944558
3663 12.776791213666584 -8.8815380677942812 8.7184306729622563
3664 12.070043670390916 -8.1678414205322269 8.4511896997392242
3665 11.777903206934297 -7.7766604153920724 8.6317740318156506
3666 11.483302253771242 -7.520921834326856 8.879942104140266
3667 11.443944378309624 -7.3799531080866956 9.0377096105389576
3668 11.502821250300812 -7.2366141076050781 9.1967599316770929
3669 11.479852512888741 -6.9907889499742311 9.3027924035797227
3670 11.033343754097217 -6.7944531221750282 9.4243327132384032
3671 10.31245096175887 -6.6021364683934465 9.3865407243919066
3672 9.2974934871782295 -6.49006231061405 9.1338987721293172
3673 5.9641306292874674 -7.2657436626824534 6.2087419258195613
3674 7.2572219840184005 -8.8172505341252361 3.4192283579811207
3675 6.5025039364633841 -9.0144254380867181 3.3843942226552368
3676 6.3812723739869739 -9.1164797964538309 3.8339858949149139
3677 6.253360043599443 -9.3491657830128858 4.0722748188293565
3678 6.0123972482466002 -9.6932890069772881 4.0764177777393744
3679 5.637115211906206 -9.9865204563077015 3.8312221693758701
3680 5.2870888907401365 -10.109142865095983 3.9248521187379346
3681 4.9335029488376279 -10.387668939287757 4.1671242332937926
3682 5.0498200553426642 -12.15959557458995 4.1702607937743377
3683 7.0567706732731637 -13.558794489149399 4.0537978084525221
3684 10.177940833297754 -14.052708803425283 4.039672062755109
3685 13.37470788783348 -13.906131718055178 4.2700134550979847
3686 15.903579805242373 -13.96000956238246 4.6983185570285695
3687 18.125837397098522 -14.45758799944403 5.3620727896454667
3688 19.411061922021034 -15.166492291371739 6.073690677541169
3689 20.891671499045827 -14.61304403117353 6.9165426507656171
3690 21.242818434131891 -13.880124778784158 7.8773582578156489
3691 21.051378634307127 -13.636796953991215 9.2189999915479106
3692 20.975668670515077 -13.954687977928316 10.488301113882327
3693 21.224483165208909 -14.178604556311562 10.866085732335579
3694 21.349844073777135 -14.486841315966778 10.894374219250814
3695 21.674513326648594 -14.659293938741428 11.251643449691034
3696 21.875335120030144 -15.05597666285923 11.114320795706918
3697 22.225080550487959 -15.502179597574909 11.638732566536213
3698 22.761021896720536 -16.511870579493284 11.566239070078758
3699 23.303221587471924 -17.109628063032922 11.987501404181014
3700 24.147548517923653 -18.033843835981116 11.917936484742174
3701 24.87385737577867 -18.674910613115252 12.211648861840807
3702 25.774189981413755 -19.336601507632373 12.188691107342963
3703 26.953011509711629 -19.934763945493977 12.97739968040446
3704 28.495675326818514 -19.888892953046529 13.61467068803147
3705 30.011623044991637 -19.664549569309756 13.812351869085074
3706 31.553409589961298 -19.14309749503493 13.806435330927217
3707 32.856871686421492 -18.507799771779595 13.571427983623302
3708 33.225356859118243 -17.800595190664303 13.903071005492484
3709 32.942963059645393 -17.255323174046602 14.244135216712747
3710 32.63510486162356 -16.937434459316727 14.490638415157019
3711 32.282439038972548 -16.445657069288991 14.86402573660258
3712 32.360365684574596 -16.000615986585878 13.311966697245728
3713 33.252701664516316 -15.938045324975718 11.668758409881054
3714 33.312385565481996 -16.691219922442237 10.226909820698184
3715 33.131368876881922 -17.08037814372409 10.592482205282364
3716 33.286507976086313 -17.237684271662197 11.096992410633032
3717 33.542870737415718 -17.103218431340203 11.598387586638927
3718 33.965968093138059 -16.405843934346528 13.571426327642207
3719 34.254071992453241 -15.368508347555725 15.158531446499524
3720 32.983229118187644 -14.740058320547433 16.167787486044393
3721 32.399982078906994 -15.151628997228798 16.815264782341742
3722 32.585912672839683 -15.354295711491879 17.579783444192472
3723 32.626087945835252 -14.396553130864106 18.103150326236353
3724 31.948666577232302 -13.214628195232265 18.7889629232874
3725 31.153279089757845 -12.884853166484021 19.263284308458495
3726 30.325271345114224 -12.916857007934979 19.616198927234251
3727 30.308933646972243 -12.789012359189741 19.789382683526753
3728 30.217269262647875 -12.725223917723746 19.860837418519214
3729 30.000879071094189 -12.797836786509471 19.927028118325708
3730 29.748976301324937 -12.946190297935722 19.978704727065548
3731 29.344727385776487 -13.198039632906358 20.422471489607283
3732 29.360351958545301 -12.751168222835751 20.543800735404368
3733 29.372894333023631 -12.120404208188702 20.463446404620832
3734 29.399894947850612 -11.766608370503519 20.274251595658903
3735 29.34033439875634 -11.730735495293608 20.307355092117419
3736 29.290506056708217 -11.698777046666869 20.338213518540488
3737 29.252681396889329 -11.651497581246922 20.298984372441758
3738 29.2022258784936 -11.654859802688684 20.315056235186425
3739 29.155106767923257 -11.657359155751315 20.340225492878709
3740 29.120470044037816 -11.650328845164275 20.347001385966294
3741 29.094116270033858 -11.643822619770816 20.347908898557915
3742 29.070404590435103 -11.638027437056905 20.348089107695181
3743 29.047043033671791 -11.632415455158771 20.348172515585617
3744 29.024008894280911 -11.62691319890012 20.34817914943622
3745 29.000966650615865 -11.621496110227753 20.348192834978718
3746 28.977426588579405 -11.615789572049728 20.345578637804334
3747 28.953334364829814 -11.610575625282578 20.349246057841256
3748 28.92894179692405 -11.604857545574497 20.34979653497912
3749 28.903390000225258 -11.599207379385341 20.350604335496111
3750 28.877535578788098 -11.593619256713886 20.351305254286935
3751 28.84665139217519 -11.588799286037215 20.351637410823624
3752 28.80747880377924 -11.589552532120322 20.359054339914202
3753 28.754978104878809 -11.601199467499207 20.384095842294649
3754 28.7054931085896 -11.600122706540695 20.388707953918534
3755 28.643462884678861 -11.61500906641313 20.422173928172594
3756 28.594930327997055 -11.60435957983492 20.420745800113451
3757 28.540926082989408 -11.608685664712766 20.436193629565285
3758 28.495036044255698 -11.608885608583456 20.448888130788905
3759 28.455086234839754 -11.605758869850852 20.455807701786846
3760 28.422257939269315 -11.601272527883893 20.458173534233453
3761 28.391161828903492 -11.596361027179057 20.457921399979497
3762 28.359468581828551 -11.591434950621419 20.458289850341874
3763 28.327703454078865 -11.586573781391422 20.458670286209241
3764 28.29134440645862 -11.583195307106244 20.457266710358425
3765 28.250403416221779 -11.577957203641326 20.419622458443666
3766 28.194086664768058 -11.603231431824277 20.41052598774192
3767 28.114302270916063 -11.669848550801383 20.418473555786672
3768 28.028503593728331 -11.748556143794637 20.430335098199969
3769 27.929614071540875 -11.851600364103028 20.44778162136506
3770 27.84026423049216 -11.936335510942833 20.451961822175562
3771 27.741490189789545 -12.042752769935881 20.499544653893228
3772 27.673199271272289 -12.063720945564434 20.47990470799504
3773 27.59783842797566 -12.116629609253962 20.494059316644439
3774 27.535664117267359 -12.13972493582687 20.507847744491084
3775 27.478331067687364 -12.146542699044353 20.514042834465727
3776 27.426728741215527 -12.137103561421 20.475196618981332
3777 27.371994662232744 -12.15035900898458 20.474492483220011
3778 27.312891472431353 -12.172133016179046 20.480951019120823
3779 27.252660123978067 -12.19242195708923 20.488472318955502
3780 27.189722924578227 -12.212699336252939 20.502598771716411
3781 27.126953496932458 -12.225577011517721 20.559456688428632
3782 27.065422009490014 -12.170321185822957 20.594851251026647
3783 27.00276129399559 -12.063264041358195 20.591502462394899
3784 26.939397664800545 -11.92842133435019 20.544061260843002
3785 26.878749417808919 -11.848947063799052 20.561711280935185
3786 26.816284609565002 -11.75572433505149 20.58389469601974
3787 26.74828953471431 -11.62261117979434 20.573659917728961
3788 26.683384895655415 -11.524568182651663 20.593580348916802
3789 26.608709974040181 -11.366151890790611 20.591634953907437
3790 26.531398195764773 -11.179348945298031 20.539879667822326
3791 26.459152256862936 -11.031862249887567 20.621447999027328
3792 26.355680964444232 -10.747136156509029 20.608619847227885
3793 26.254375984588371 -10.441684865969023 20.494704465306558
3794 26.195860858202266 -10.329333282979498 20.452908830219592
3795 26.144747722228388 -10.266937895631756 20.443093222986185
3796 26.095486548434486 -10.237084434811251 20.405366169015977
3797 26.046761315506124 -10.237189621149739 20.374509210875679
3798 25.997389427073308 -10.239818984850906 20.369026271314468
3799 25.950323282126583 -10.242099657918232 20.367339282950052
3800 25.905263863403128 -10.243667604594776 20.369183931501375
3801 25.8619389157505 -10.244266536599177 20.371295529378088
3802 25.818669665822661 -10.244110808643875 20.373945395677694
3803 25.777235421083198 -10.234139714962204 20.37651521717255
3804 25.737790564578695 -10.205734768387913 20.357327377227914
3805 25.698807267404668 -10.183937688941903 20.329332342354903
3806 25.660303744336673 -10.177777069971931 20.336753302646642
3807 25.621481203278613 -10.174030300465056 20.339973983899259
3808 25.582439801546968 -10.173016714835434 20.341526906316439
3809 25.543480284765089 -10.171930780507083 20.34287404396829
3810 25.505584962317549 -10.161243994803314 20.319371499092568
3811 25.469996185164213 -10.144555952015459 20.334308879370212
3812 25.438068004688724 -10.094533508080438 20.323862332923245
3813 25.411156721414457 -10.032013407372119 20.250868155924238
3814 25.377658382406189 -10.046970041860057 20.194211669439465
3815 25.330326317792185 -10.133442077607064 20.129135173390445
3816 25.170530279235223 -10.379168982461245 20.736623995861294
3817 25.054105878601284 -9.5481676982594621 20.004196292226972
3818 24.810070886383755 -9.8724298897248417 20.177141243311837
3819 24.73730479113005 -9.9749465731233542 20.082922332383383
3820 24.568286968794077 -10.342855247596411 19.623127380696463
3821 24.155016781125255 -10.560495903990358 19.705059768380096
3822 23.769351430228525 -10.820855034185641 19.562134352169988
3823 23.151787753177459 -11.118547531767803 19.20414025022988
3824 22.591126885646041 -11.063694820526578 18.907908448553538
3825 21.987301324275634 -11.009686338443984 18.504102910215877
3826 21.16494100141076 -10.69474161946318 17.942429981567102
3827 20.707883177652981 -9.9355743421022922 17.808281855188774
3828 20.127153071907351 -8.8796294980795167 17.217032161226093
3829 20.189244875346944 -8.3417075968424896 16.902898133360036
3830 20.24729252038653 -8.3653192597667996 16.994099784925741
3831 20.112749565193326 -8.7031988715740098 16.846386466948413
3832 20.174178586696115 -8.5289313541441771 16.532699693350597
3833 19.851240876075749 -8.785014554001279 16.259205288795663
3834 19.464556912355917 -8.9747197809595249 16.072042052443614
3835 18.619664813015959 -9.2303361413551386 15.950574969111509
3836 17.864427946207371 -9.3495855717692322 15.789642049986927
3837 16.92487326078615 -9.3635498502434871 15.669560747672389
3838 16.189769068333199 -9.2945804103032756 15.559163465578699
3839 15.621273663542794 -9.1725436823295183 15.403512187109127
3840 15.437282157515945 -9.1741997716197972 15.459935585405338
3841 15.092997290370761 -9.0755639684645644 15.344195741239078
3842 14.69363753469527 -8.9533227472307999 15.377352538683725
3843 14.368708924432653 -8.7243625152588322 14.84420409516046
3844 15.030806693969971 -9.5922336530624932 14.768514248393846
3845 15.613336778940628 -10.468565029182713 14.451606710501418
3846 15.839217637603703 -11.217355391225126 14.354017172786643
3847 15.885938867569813 -11.912586495148133 14.233308662513224
3848 15.837772178685178 -12.661618832240023 14.102364972905953
3849 15.775868276879287 -13.314950979308321 14.005196293696384
3850 15.800979829511547 -13.733170879476617 13.94029449550237
3851 15.822598161505063 -14.156897303838392 13.88556117527663
3852 15.924341481177244 -14.198180905505254 13.82351089066889
3853 16.101010436784236 -14.225831046212065 13.734894782541993
3854 16.233439925900413 -13.571575423754396 13.616370166505263
3855 16.296388346792256 -12.679936563325072 13.421555694399322
3856 16.184275196786366 -11.789538436233599 13.22282386031134
3857 16.114446734790249 -10.938479375881343 13.211435054709229
3858 15.987728160609286 -10.210142282947487 13.217090639041352
3859 15.805075203832153 -9.4579219469910782 13.244111670086312
3860 15.621694141839797 -8.8706286527758067 13.275460050954651
3861 15.393702615573531 -8.2448389171722027 13.317126443818259
3862 15.124154184322737 -7.6017173068600101 13.373860327981687
3863 14.850970033476127 -7.0309658772504662 13.437609363043046
3864 14.510517296732193 -6.3879738893931659 13.530091171329856
3865 14.183694041913359 -5.8243291963544834 13.631633081190515
3866 13.807865071406937 -5.2214819135074038 13.765824112964081
3867 13.478353264127254 -4.7230095543576738 13.903180333626795
3868 13.119196499470092 -4.2138192111322326 14.078301454794145
3869 12.855873535377185 -3.8709096733334434 14.219303475541903
3870 12.645005860453232 -3.6165590005166877 14.335989023084437
3871 12.420977971122106 -3.3662737837527743 14.476882132829653
3872 12.140026000960873 -3.0957997924734286 14.676490799868571
3873 11.884181509994278 -2.8919308892277797 14.864083155044066
3874 11.662466419932215 -2.7457997872125475 15.031547826314794
3875 11.425392223101539 -2.6257215774407427 15.216011528982117
3876 11.233647889489689 -2.5561685717930658 15.37969317461101
3877 11.081172096443538 -2.5191043844417038 15.520342781492268
3878 10.98815288841076 -2.5054379388806183 15.612132329722648
3879 10.867072814785786 -2.5005839696145244 15.732120657695432
3880 10.743869538422203 -2.5098593890844825 15.861927890222431
3881 10.604317756181089 -2.5407603716839162 16.021964430439347
3882 10.586650575870294 -2.5586097322708099 16.071274128233117
3883 10.569493980705147 -2.5847501220206937 16.13876153415103
3884 10.555278973934747 -2.6183200936066982 16.219491228979091
3885 10.544927698891037 -2.6459377238374344 16.285916034646988
3886 10.537668748543865 -2.6706645656520891 16.341474106398586
3887 10.532645353191221 -2.6959621051483111 16.395236238459873
3888 10.549587383371829 -2.712618956646665 16.425069688314938
3889 10.595684992605186 -2.7045789868002998 16.461792710683078
3890 10.653667751634501 -2.6875523261397376 16.536319827433147
3891 10.696939975518575 -2.6741901106487234 16.591586697057963
3892 10.743541530335975 -2.6597299775952337 16.650617268793344
3893 10.800850058143212 -2.6419262530771732 16.710774206098094
3894 10.874120652301251 -2.601414564360212 16.775310287256346
3895 10.939552253093453 -2.5679869549857841 16.810121314209798
3896 11.050122691903127 -2.4860350038928658 16.95200597692083
3897 11.138199723652029 -2.4135494590366022 17.074690566680964
3898 11.18658219929668 -2.3808713134782664 17.131731009293595
3899 11.226007822510624 -2.3637615216606491 17.12872215646852
3900 11.265106902158195 -2.3402083580827195 17.078597100008235
3901 11.349897298596595 -2.2667249626838384 17.114098983444073
3902 11.420780761663785 -2.2045189794511941 17.155126675831298
3903 11.489637330212943 -2.1393081989733389 17.18783699472344
3904 11.536254453703279 -2.1055423976094545 17.154549066282307
3905 11.466836646213181 -2.2695838119341403 16.535627596589414
3906 11.503093031066598 -2.3108887162357377 16.65171596617926
3907 11.50661487581128 -2.3111276787072228 16.654985289792755
3908 11.533836900806293 -2.3588784272879195 16.755964564265522
3909 11.560026415849883 -2.4330922223183649 16.856272649084737
3910 11.677601270642391 -2.507951112856901 17.542696010402452
3911 11.813494065745886 -2.8562526635256376 18.061836889462029
3912 12.125318511466659 -3.1595396723369618 18.561355088602404
3913 12.690449517298688 -3.3182135455167696 19.171350220621328
3914 13.200503927332065 -3.1336985732247058 19.767044072602843
3915 13.492131920946377 -2.6287690709609848 20.527276619843128
3916 13.322436139518281 -2.2621272061476105 21.303266829294518
3917 13.271564823061496 -2.190426519237306 20.68695720975952
3918 13.264007967651075 -2.0312799116312306 20.095736460258575
3919 13.398129255808854 -1.8546030687584647 19.436678152933116
3920 13.782631732946783 -1.7390519133510054 18.900470213576313
3921 14.170083708788752 -1.8280631243653431 18.492649834602474
3922 14.507011482530004 -2.0660075551909358 18.210690180453106
3923 14.716052265343407 -2.3188591939679952 17.987993674807683
3924 14.895733552488736 -2.6891872605248608 17.691080533204218
3925 14.954859464691495 -3.068177767879277 17.371512113759039
3926 15.303811978089826 -3.3203269761544476 19.935568158811471
3927 15.483523452646708 -2.6721844194444202 22.44927384378304
3928 15.372578908690009 -2.7302719905280668 21.992348008670994
3929 15.376597392937754 -2.7782864373895251 21.388440719168848
3930 15.378729119169385 -2.8905613051833683 20.795034691482922
3931 15.283919434132301 -2.855938802223065 20.298036977770373
3932 15.351848766125187 -2.5847660911875607 19.828101066033931
3933 15.844481828947174 -2.2073876399725521 19.41647681869194
3934 16.600026303326672 -2.068177376197383 19.162310166452023
3935 17.519526678176938 -2.1013715087104856 19.055752157177828
3936 18.288353027063081 -2.2065149792476149 18.886971394492541
3937 19.068334025812305 -2.4121657512362162 18.80910203384898
3938 19.716809886387907 -2.605792048991546 18.773275180215073
3939 20.439293549600436 -2.8187093517688027 18.780133543805825
3940 21.160897865990307 -3.0189204571978792 18.800659506358564
3941 21.79732961541864 -3.1938734390121226 18.788254869751775
3942 22.531552436178927 -3.4127198009756938 18.810264071249765
3943 23.217058045550324 -3.6344123060171682 18.831235445290702
3944 23.993531532348221 -3.9306073985950434 18.783798010369964
3945 24.737115003628361 -4.3194161685129302 18.8421636436202
3946 25.549482033937664 -4.7513913507315237 18.800527668120282
3947 26.209311386116831 -5.2273588133881788 18.493508692558798
3948 26.789416611377391 -5.8906369124821083 18.181297181378532
3949 27.16355996061413 -6.5575406572069568 17.921892945809191
3950 27.436769126159049 -7.3484385849966003 17.65719392471901
3951 27.56676387564368 -8.1689990496565201 17.406365270314573
3952 27.565653760042579 -8.9194780933361244 17.197481768685236
3953 27.550637994430602 -9.6877799743321731 17.368443185500919
3954 27.550222501918782 -9.6888283064124181 17.370360063193484
3955 27.676213625664339 -10.308044805702224 17.650559852057608
3956 27.949838108416728 -10.904743502128284 17.784888268643982
3957 28.23870525489739 -11.380728018084469 17.871981545391474
3958 28.622940154041427 -11.852712930743166 18.057659697894451
3959 29.086541532885313 -12.234860202423292 18.293517823951319
3960 29.699973920965384 -12.587828998838887 18.379356990123547
3961 30.353301890475059 -12.896719837238606 18.469942021889473
3962 31.194917536291314 -13.190737193602203 18.621690875306577
3963 32.05545194554729 -13.365351890561485 18.719913322822777
3964 32.667350964799077 -13.533742350978329 18.386743494521092
3965 33.602699564792729 -13.921804799245578 18.419359366843388
3966 34.438376269203076 -14.150581383937322 18.80518043016033
3967 34.714205454754634 -14.239553999487512 18.55929854881704
3968 35.323676996088871 -14.358261259078645 18.824200743548204
3969 35.135187456242249 -14.527348012590693 18.145396837504514
3970 35.914849108046653 -15.185874447116291 18.079120852604696
3971 37.017565724509495 -15.990497003815079 18.630663119272441
3972 37.044055872713308 -15.928032526545209 18.677232866346941
3973 36.899736276032129 -15.776610850466597 18.743729340971917
3974 36.775795779994439 -15.611253477967807 18.85156977870696
3975 37.079758678256212 -15.509072458893399 19.059159831979272
3976 37.330652315211182 -15.309828595064374 19.357447570202623
3977 37.458187531957563 -15.095546453441003 19.656074397109279
3978 37.523243007040257 -14.818908277215158 19.985040262781464
3979 37.543322648038917 -14.545682085895621 20.23556109631194
3980 37.519774940471613 -14.191384080752925 20.443700465722927
3981 37.466446061323957 -13.830465247811631 20.545016549604611
3982 37.390957850432727 -13.401272384623553 20.558440465016336
3983 37.342189891468941 -13.023297614845404 20.479791101000622
3984 37.347263516561142 -12.625192670194494 20.299195683222052
3985 37.426799160330809 -12.305129207354085 20.034488966876332
3986 37.379075162224026 -12.216209000483104 20.03470713258406
3987 37.377030190191718 -12.217871344223568 20.034520535878016
3988 37.25028799979156 -12.221381094894554 20.051684035764765
3989 37.100577437078059 -12.265933914579819 20.103968447532857
3990 36.9533371154672 -12.322022081874991 20.118862785390291
3991 36.829716553418322 -12.295076145557033 20.224783102880735
3992 36.706949474018941 -12.265519160736076 20.297381688764524
3993 36.63705420324311 -12.048293884523545 20.442087602866756
3994 36.535292395815539 -11.80088304494177 20.568286058879025
3995 36.41124106925772 -11.277229696414139 20.827265059242478
3996 36.123385236396288 -10.783704289152951 21.141337577127562
3997 35.70667206537145 -10.438599725049954 21.499734300407162
3998 35.290719907109576 -10.299111503755412 21.841852032536423
3999 34.840709920508232 -10.324965656613884 22.230797293146601
4000 34.501826065544535 -10.488008200486561 22.58852338243948
4001 34.233153408201403 -10.79021929565782 22.998537026392647
4002 34.206293955562401 -11.035447484779255 23.444012276155739
4003 34.33585658085768 -11.249125618273979 24.020424281375693
4004 34.543015924956819 -11.415471780127078 24.515242303476882
4005 34.941299151449705 -11.563854712586362 25.052783987305951
4006 35.405149125630437 -11.492412196567855 25.754279637575095
4007 35.641889929346959 -11.120339223245054 26.645483702308852
4008 35.455674711037716 -10.918947897333041 27.56094344519704
4009 35.299467231678435 -10.57601702447252 26.61597966509084
4010 35.49619858388381 -10.505168131413157 25.487718017370053
4011 35.576117420441783 -10.63006627764149 24.484766494846752
4012 36.192293923254894 -10.889369627403624 25.478727292268712
4013 36.278505659637744 -10.673974255936258 26.450542381280393
4014 36.023228416506278 -10.840872608364904 27.351432923623072
4015 36.048150462898107 -10.7623194693805 26.780534215411866
4016 36.186226101168764 -11.008411581887657 26.001590295921872
4017 36.05078023103782 -11.312769618979559 25.319197606961051
4018 35.936758609142473 -11.448434159417118 24.638882363616084
4019 36.416148955670252 -11.622490924619086 25.109068919140661
4020 36.586336755264419 -11.813890346597816 23.762514671949987
4021 36.375355175201861 -11.969819257607625 22.248208160134112
4022 36.036074516500804 -11.901039166563038 21.049538564444454
4023 35.851060797111479 -11.793081968481602 21.730310022145098
4024 35.73587401314785 -11.824452127990227 22.302925448199957
4025 35.613694757083543 -11.943047040225466 22.931395250679103
4026 35.541156924160354 -12.096677736486797 23.191747382736633
4027 35.640087006027073 -12.219714883131161 24.137792488594041
4028 36.082178459557277 -12.778098844349628 24.528348701806632
4029 36.990158129273922 -13.314935253083831 24.85431357521788
4030 37.829357962155598 -13.49789541875063 25.061852237908994
4031 38.427797910467653 -13.541195001993145 25.029781558935131
4032 39.038698297275936 -13.539038376571668 25.26377935575476
4033 39.182413053855484 -13.547645806604237 25.346845434265319
4034 39.10978251916746 -13.698919784440449 25.212957184351382
4035 39.104236787792622 -13.776562513557479 25.36573158509519
4036 39.103738085741504 -13.784938530770347 25.369493544764836
4037 38.904864592014725 -13.999155476283391 25.401086037938509
4038 38.717420502042025 -14.252709914132026 25.365548656492848
4039 38.590233982889671 -14.502739161982191 25.372762609274332
4040 38.571165014132049 -14.742777361671969 25.280529736512499
4041 38.761339657740152 -15.344955856786285 23.844895778029489
4042 38.689163454705948 -16.021194137768248 22.652378028870306
4043 37.716425687479898 -16.887856206744132 21.448216842172243
4044 36.492940765430369 -16.381168324157812 20.259294565878537
4045 36.772058150018232 -15.696737959228201 19.107885021200076
4046 37.415048045145255 -15.619358661050768 18.588177395121157
4047 37.943282882581144 -15.789381157285547 18.155434831277702
4048 38.43084828025026 -16.180666030935726 17.69521061969709
4049 38.73569573143903 -16.699915809535838 17.276455639277366
4050 38.88204929668116 -17.415534561441802 16.814173895366086
4051 38.788009325161177 -18.101336238174255 16.409851091049852
4052 38.450827022368529 -18.828442749595283 15.983996018618736
4053 37.895890519565725 -19.452816403053546 15.583347034673295
4054 37.236553467129355 -19.88842628090589 15.239712039216954
4055 36.320325150500381 -20.236275961458148 14.861284203974858
4056 35.374115654122619 -20.371465998363647 14.532213750544507
4057 34.230373091514188 -20.317154366551364 14.181728001073786
4058 33.200207848448379 -20.065907781728541 13.890365415514815
4059 32.056839132604281 -19.571524539187294 13.583286523478183
4060 31.067198526410841 -18.890562090881076 13.312375454536721
4061 30.066265813573608 -17.841462107438062 13.011105858976872
4062 29.41352654765511 -16.628376195462749 12.736894235879525
4063 29.083617182451889 -15.041052314332589 12.417546345328752
4064 29.348991337076299 -13.542905142982491 12.104468137005075
4065 30.307073937279156 -12.108995748761259 11.718584815334161
4066 31.885584421762786 -11.338991192582199 11.276506135365679
4067 33.393479598550989 -11.54875822402748 10.831938044510093
4068 34.719242440570547 -12.659671327831845 10.27633864688385
4069 35.122259949016033 -14.151587266591193 9.7441800770646481
4070 34.707282510190851 -15.905800177321652 9.1368754109295587
4071 33.62082905379895 -17.214282795846074 8.6068826197672053
4072 31.809723964345096 -18.297968183499506 8.0396807409355269
4073 29.839186456456794 -18.746653734779869 7.5769021731525257
4074 27.357342181416691 -18.638434248294999 7.0964848249141568
4075 25.185264834334788 -17.806578409509527 6.7111745370262383
4076 23.172892725959699 -16.044242162535852 6.3282991139052456
4077 22.237098343419504 -13.574540626146614 5.9881514140604466
4078 22.778048490868365 -11.478057317770904 5.6875511532041045
4079 24.523575434565402 -10.187339641645664 5.3039160584231126
4080 26.03246860195037 -10.587470403711322 4.896527495994647
4081 26.654696127407298 -11.865589511964586 4.3818104249456304
4082 26.321815650943542 -12.757056407620524 3.9382284130392069
4083 25.60222872704621 -13.369963982303091 3.5054245168946672
4084 24.851941470041538 -13.5886309190101 3.1835110972979326
4085 24.467438377870472 -13.518256051441568 3.0209089084997522
4086 24.468361588625463 -13.515741804590363 3.0203813757285225
4087 24.516566554609113 -13.275851343853688 2.4027956652704905
4088 24.073538778618961 -12.716536889774986 2.0577896556324973
4089 23.682807723187679 -11.854902722456274 1.8345877276605371
4090 23.374054821611878 -10.887499305544075 1.9083068097422959
4091 22.917497302570297 -9.9714461314360605 2.2555380839110999
4092 22.660422705830548 -9.6433368975140041 2.2702137067021848
4093 22.183599922939578 -9.0784655018931275 2.249108574055267
4094 21.801509652920757 -8.6277398303772728 2.2895578215502344
4095 21.628041096748078 -8.3806897314874789 2.2520621622341341
4096 21.451227258385941 -8.1744129090219459 2.384643499056958
4097 21.188076780445599 -7.9583385050054147 2.5548265816219153
4098 20.997107976788186 -7.8226846032258663 2.6190692102072806
4099 20.809183839627984 -7.6610871409802428 2.5154832481811678
4100 20.551029701324545 -7.4996158383985829 2.7317071355893834
4101 20.291108454123517 -7.4147652615367932 2.9825958770934928
4102 20.415161718796426 -7.3665792276922772 2.8717780910406816
4103 20.158128088077838 -7.3201416753629971 3.1142809801111611
4104 20.203615941888209 -7.2066900334132953 2.7693953761597037
4105 20.019383808752863 -7.1184275054414385 3.0927848571823233
4106 19.959250194465618 -7.0954489844755102 3.2082622409134505
4107 20.138919533869924 -7.0202468906090942 3.1498173117215948
4108 20.290857849806613 -6.9858253196788738 3.3804157802250874
4109 20.79547161401883 -6.8253266036199847 3.5555619219644505
4110 20.916713628361371 -6.7693116060580323 3.6917018700830724
4111 20.977338750663819 -6.707878217673148 3.6707765548069329
4112 21.05066216438977 -6.645126371431175 3.776124639277084
4113 21.247120396836017 -6.5085100691506739 3.793212777607863
4114 21.365825155365705 -6.3491578078606494 3.8120586067091171
4115 21.412647133196401 -6.2534536358646662 3.7961553636096781
4116 21.376304306488052 -6.2271134100522332 3.725876715641137
4117 21.329519717198927 -6.2039894865577807 3.700733942606881
4118 21.239366450879842 -6.233259003434874 3.7349564478481803
4119 21.155552404349656 -6.2726622613495024 3.7640822674086127
4120 21.0958739792394 -6.3088632325796539 3.8000310678470886
4121 20.927125801179329 -6.5233872104068524 4.4469908294511242
4122 20.935617807380638 -6.7652040883959756 4.485073983138971
4123 20.932840322398626 -7.0420454137319624 4.5872078326002761
4124 20.914653313085857 -7.4607011443007636 4.790848546459463
4125 20.684438812445215 -7.9554141183137475 4.7595643202409637
4126 20.459024242707514 -8.4582269813103892 4.7224196952821238
4127 20.265411841689698 -8.9032231078323605 4.6859259876636958
4128 20.061018159471558 -9.3825053195071746 4.6462821881147889
4129 19.889985617469378 -9.8022330158052142 4.6161306705782863
4130 19.702482467914052 -10.278332180682789 4.5890113625680371
4131 19.539880455678443 -10.709669247376638 4.5679931374186502
4132 19.357995668037709 -11.213579202996357 4.5473298913995244
4133 19.187612771911539 -11.724974719600894 4.5374092607201746
4134 19.043916709806624 -12.198683467690522 4.5328833884612152
4135 18.891340007904084 -12.761056965578483 4.5425882455354465
4136 18.778358346664028 -13.277816575805502 4.5721148181123112
4137 18.686029210583044 -13.882857450731201 4.6296920851475374
4138 18.64860070974855 -14.442697611878792 4.7094941654941067
4139 18.677159053632423 -15.086432557276034 4.8382866896509178
4140 18.789046051792539 -15.660760543141492 4.9966144090952316
4141 19.04119105431031 -16.276981792791268 5.2320161055485972
4142 19.397577638318111 -16.761762350228665 5.4868587521785468
4143 19.934066222700153 -17.164638571051611 5.816138270856742
4144 20.56722083866827 -17.348310280603272 6.1960743817948529
4145 21.151625153070817 -17.287753053392144 6.5772540610876469
4146 21.75333329962649 -16.955058176559369 7.0382917411890027
4147 22.125079514060928 -16.454334680564585 7.4653420346852855
4148 22.315007118535227 -15.726520542258676 7.9475628831499563
4149 22.229554475641066 -15.033770375707363 8.362950597153926
4150 21.861746104420519 -14.279985532480865 8.8109851798247867
4151 21.29817902416314 -13.706376787441279 9.1964479371367336
4152 20.442297812486657 -13.224984709359042 9.6047439308585183
4153 19.497166081923481 -12.996847142086708 9.9608100191393021
4154 18.270800639973722 -13.001394325356017 10.340301714443006
4155 16.999069882786017 -13.330481916491159 10.685924465462973
4156 15.887358458214578 -13.91373570780253 10.972204034041258
4157 14.75683425089187 -14.878202258551013 11.268323806335273
4158 14.015585219715469 -15.981740615952546 11.521154705645241
4159 13.576712609912249 -17.420694828850792 11.810111034873975
4160 13.687114281559907 -18.679032531845593 12.071570278499175
4161 14.31786032640445 -19.880824109012252 12.381932229825777
4162 15.214417481012802 -20.483315798784822 12.681870271677035
4163 16.284164814172897 -20.586467493425708 13.044482780356009
4164 17.005903854626212 -20.220669949106217 13.397469025149517
4165 17.45793709693227 -19.568644992964124 13.806831301037857
4166 17.54442288689733 -18.858865803513588 14.224173226579458
4167 17.375833084821977 -18.304085689092844 14.582719430642443
4168 16.97329416928013 -17.774013072923282 14.964297576411356
4169 16.461034976758185 -17.430746830734265 15.279053609232777
4170 16.366397185457473 -17.598014957081773 15.558752251619195
4171 16.257400311263602 -17.711291687944879 15.713311137929027
4172 16.557366136989785 -18.006676856033721 16.129699504097061
4173 16.551028216895453 -18.136597545559837 16.253088434935908
4174 16.396421507028847 -18.233006074810412 16.046458752025792
4175 16.703954147335814 -18.325310637055743 16.162790867376074
4176 17.12013781183559 -18.448470712955711 16.455146570344748
4177 17.122393841645753 -18.528553065023161 16.286198048884586
4178 17.416836477180034 -18.627854926094564 16.455136484845891
4179 17.541742092630855 -18.670892327888311 16.276310222403097
4180 17.448306171053382 -18.840852201134986 16.115380466725775
4181 17.316518665745861 -18.946598816900519 15.904980763935479
4182 16.827773468973596 -19.066184696912309 15.877691614472553
4183 16.758545890796896 -19.128195754053621 15.714339860505907
4184 17.089308810552311 -19.263527533725593 15.615071292996484
4185 17.446282096761969 -19.494585323662321 15.578772216899393
4186 17.968699496125865 -19.821189469328537 15.606281918719864
4187 18.567635897621315 -20.025281206041385 15.381811802285661
4188 19.077641367445395 -20.527632837905472 15.470416055350753
4189 19.571786911391627 -21.026175082386914 15.567830036358604
4190 20.152449021881559 -21.417630966089916 15.469783308562061
4191 20.523806634812104 -21.962530916730771 15.499064005422449
4192 20.687491338575384 -22.562994241896845 15.552322294849628
4193 20.085037863237531 -23.495249410332178 17.583042093747455
4194 20.354892446887462 -24.513033765662939 17.662005725075293
4195 20.753451822285783 -25.136847957815561 18.156582527554406
4196 21.3526243843353 -26.258005971724032 17.769970154967744
4197 21.888846977179035 -26.360947089289695 18.761170817570978
4198 23.191904071026507 -27.402652341622485 18.873188870907509
4199 24.37720010458473 -28.617690277440666 18.03063565633132
4200 24.714712289292429 -28.735955379675346 18.060348721819363
4201 25.058019437164646 -28.598100187023292 18.102136456964544
4202 25.325865804091464 -28.27340894191714 18.083920409778585
4203 26.001116661103289 -27.085728212860467 19.668682565087103
4204 27.139942979482669 -26.813940841802179 20.201351574778997
4205 28.633208509411361 -26.727990035487345 19.790448462338947
4206 29.649173379478214 -26.956352104766808 18.513769610561809
4207 30.035732517998305 -26.819411629388021 18.571878345211388
4208 30.343213288900159 -26.588013194242841 18.640766212274482
4209 30.717691381170738 -25.761115739395599 19.607349356641237
4210 32.157941326549235 -25.529284113018036 19.790936456709765
4211 33.489750218235294 -25.405839176977281 19.26371941119406
4212 34.30670007845498 -25.084983184142587 19.440984218838643
4213 35.048166269665487 -24.78517705532861 19.275811020348453
4214 36.292700740166808 -24.331686412150624 19.98518888558824
4215 37.038189169138526 -23.532853526311904 20.489038701171111
4216 37.745998717794649 -22.383788296564646 20.81693974596477
4217 38.256454327248846 -21.180147035950412 20.893898322482084
4218 38.822646692340598 -19.805349813289894 20.732269155264305
4219 39.435177891466154 -18.759280257154082 20.355571337664557
4220 40.208013898234732 -17.966914270479762 19.643991914086939
4221 40.986265839545496 -17.483622824237258 18.652301332811092
4222 41.8085330912023 -17.753159214688075 17.71028634996209
4223 41.560874475813392 -18.821158492891257 16.839614364530561
4224 40.094352167533501 -18.952783656534272 16.309427406889419
4225 38.421893437131089 -17.962636048184955 15.918284871234009
4226 37.221205920827778 -16.667643649479011 15.672338640766798
4227 35.942953240695275 -15.359427008903076 15.49427802924766
4228 33.926260985826133 -14.175469338982552 16.000182459516548
4229 31.422929865648932 -13.950575567538287 16.760075502942229
4230 30.625281984014123 -15.111072289334075 17.817953004094921
4231 31.538796107627093 -14.453589879593082 19.448080565003849
4232 31.472906952887797 -14.265001102138697 19.34227655548753
4233 30.826334239269791 -13.989884285368447 19.941733173169851
4234 31.26389586625578 -13.26213248497529 19.866418151413605
4235 31.702560118113944 -12.921201302750482 19.129523863919317
4236 30.766171754856732 -12.645401826223498 19.318372965932625
4237 30.180030392630709 -12.636703850970818 19.164338980864848
4238 29.344724044648274 -12.197276286318726 20.02992706725805
4239 29.08884790659636 -11.948005987432467 20.541089446505584
4240 28.98752095400901 -11.287801258813872 20.738161887873531
4241 28.833384720737619 -10.646541141367962 20.925324208376061
4242 28.556979611026875 -9.6506769243746504 20.871140030089073
4243 28.316676844604856 -8.6581360583298945 20.61816232641257
4244 28.309910316416051 -7.9314993590484164 20.245988992106042
4245 28.498680921763665 -7.5112702791266344 19.687249653513526
4246 28.504999545387591 -7.5637541787050608 19.077219078968373
4247 28.09435357034819 -8.0087683680794015 16.341965949010451
4248 27.360893366743568 -8.5128142395571729 16.74825816512746
4249 27.054202489672008 -9.0890140994920259 17.27640015859204
4250 27.126400485921053 -9.2651725041925062 17.80489113443566
4251 27.153749156566661 -9.0707082543549262 18.380334161769554
4252 26.812009806682852 -8.9737362399870051 16.79503067427633
4253 27.026474576066612 -8.6887860793958254 16.419473316408496
4254 27.230476523354625 -8.5859142691290415 16.393554677857523
4255 27.331265851083643 -8.5409618313583451 16.344605081948146
4256 27.386303092757466 -8.5262972224316087 16.391498766141556
4257 27.415186431993867 -8.5163671860797834 16.416399961550781
4258 27.42755339110569 -8.5112263997202859 16.426832569904604
4259 27.432482864990554 -8.5085099460725644 16.427200530625768
4260 27.435864071545467 -8.5062593571772709 16.427824454587842
4261 27.438322817904364 -8.5041243994380835 16.427770391541181
4262 27.440207504561812 -8.5023338448403294 16.428907068819456
4263 27.442089504741624 -8.5025410491558731 16.432381012236462
4264 27.4389597833962 -8.50851335735166 16.444853653975883
4265 27.426137361751287 -8.5242948997098438 16.512442115513529
4266 27.407853312460652 -8.5521966566446324 16.614018432574738
4267 27.393288136730945 -8.574491606354016 16.543043821431169
4268 27.370887379810064 -8.6020893829421112 16.458669921578366
4269 27.334170921368226 -8.6359880314241337 16.395629240672854
4270 27.267274004626856 -8.6922583766103401 16.426699464097034
4271 27.195667583240052 -8.7544740087276125 16.487279626722035
4272 27.113806095844978 -8.8289762839783776 16.482694231371703
4273 27.036433590569033 -8.8988119887777941 16.48238948445281
4274 26.926172276597356 -8.9969220873444371 16.495335971791601
4275 26.845281926100725 -9.0822343602680107 16.587302087468437
4276 26.791979579408419 -9.1513656529970859 16.670784354762851
4277 26.758428807810233 -9.191328486748418 16.525524324157224
4278 26.713291170001014 -9.233031884190126 16.55010363869566
4279 26.68096228041199 -9.2611348690189317 16.558941701047843
4280 26.664431958797991 -9.272477077359973 16.564330421322538
4281 26.649421956354317 -9.2836207009475515 16.637050576596977
4282 26.644152444767755 -9.278639266587426 16.592467927868391
4283 26.639269695263202 -9.2745896875134477 16.585339880843421
4284 26.633884496767656 -9.2713705062061038 16.586928944099142
4285 26.622817854003657 -9.2742893082993874 16.591491036991705
4286 26.592962089347097 -9.2984616077000695 16.607251628491142
4287 26.550063149580012 -9.3396948406846008 16.654405745670012
4288 26.473412932287673 -9.4332495390671767 16.757212080600482
4289 26.412922243884886 -9.5398050283434515 16.911256886972332
4290 26.381791435106265 -9.666237403007969 17.191924238211687
4291 26.4133421637937 -9.6742080852293952 17.481601376553563
4292 26.439320083594907 -9.5051847874436248 17.720021429992563
4293 26.40447574880433 -9.2715379450810929 18.010410793998638
4294 26.225080410927873 -8.9284994825073909 18.296851793807228
4295 25.963280623193398 -8.6661885228876088 18.549379745231718
4296 25.653181018499588 -8.4971339328419049 18.648145260107277
4297 25.452335520956353 -8.408158843886099 18.758420460256623
4298 25.369183976531204 -8.3779755446409752 18.8817922299774
4299 25.314806313827233 -8.3674110453673904 18.795906042668854
4300 25.307002993708863 -8.3674417957659841 18.848313519226394
4301 25.300313605177152 -8.3680556539199671 18.891540530391339
4302 25.292032984685932 -8.3671817017263379 18.897435505151883
4303 25.282699626513413 -8.3654252806486511 18.884831676797976
4304 25.273409521863449 -8.3636545421761923 18.872540765314959
4305 25.261240329183238 -8.3640063040377726 18.888080920844587
4306 25.240416420972331 -8.362621993574038 18.914203392443483
4307 25.198887727511874 -8.359332670672643 18.936038475947427
4308 25.156082107290374 -8.3567711913835012 18.957846822350525
4309 25.137754543924899 -8.35704894496061 19.018652651332516
4310 25.10710238157403 -8.3591145577990744 19.016075667804614
4311 25.058565075939399 -8.3606328785984374 18.862636847170315
4312 25.046514735147113 -8.3626494225645445 18.962412687502713
4313 24.989619310464633 -8.3625038216819263 18.948046293725284
4314 24.96754804679172 -8.3624104729042443 18.948781161178797
4315 24.898060863769814 -8.3607819353623398 18.853823978314249
4316 24.804570596319138 -8.3505357028111717 18.717127054023983
4317 24.713537360555904 -8.335444683254849 18.445708782987026
4318 24.70196332273369 -8.3456181631956667 18.114557593270682
4319 24.803514922109983 -8.4891088585889065 17.786255641943526
4320 24.959937285574981 -8.9480597880068729 17.378203244694262
4321 24.92160144339973 -9.5565386747891097 16.931434701021807
4322 24.496152456377573 -10.339843476583759 16.458892729113103
4323 23.821798698614771 -10.822267717352041 16.046479953448269
4324 22.993402412031543 -10.994336949142053 15.554596867476404
4325 22.445918137510233 -10.866057136020729 15.371887092041565
4326 21.943926427508657 -10.638926959962468 15.081677712883431
4327 21.645389766375672 -10.360867784269175 14.670739507671485
4328 21.630818248699498 -10.307596681032251 14.448753979830897
4329 21.659292609599404 -10.322428670363159 14.297337596976892
4330 21.699319575737789 -10.350335367841609 14.133038095882222
4331 21.757005096971767 -10.402952316158647 13.927155376722451
4332 21.799349041003808 -10.46380426878909 13.736475230566555
4333 22.14912998396407 -10.272881733195192 12.547250918069519
4334 22.480656994581345 -10.493395017509485 11.452993069679739
4335 22.449072830391401 -11.089734300692825 10.219830546841287
4336 21.935094748495693 -11.469337080785664 9.8589382577941205
4337 21.1751584796367 -11.660064998059923 9.4465293857543493
4338 20.354286266245495 -11.511428487627683 9.0000870703069769
4339 19.766763166926161 -11.088092205921711 8.5478536730752435
4340 19.463268469558884 -10.408318867032733 7.9402027041163947
4341 19.595757541824874 -9.9187929945831996 7.3001820516109497
4342 19.904840748388757 -9.4655912038287795 7.1548329738345195
4343 20.304386859945282 -9.0566345662785182 6.9833732796801087
4344 20.659554854668862 -8.7051240215631509 6.9916277867958936
4345 20.856960392557639 -8.4308963612094914 7.079351991942989
4346 21.235908616662982 -8.095714688858223 6.9655518175846041
4347 21.069173016534464 -8.0656177484116398 7.0136444946287444
4348 19.465670618962239 -8.2376270200538499 8.731172665573963
4349 19.902385975434406 -8.6846987503795532 8.8300481802309836
4350 21.231591630185726 -9.643699335765433 8.8672973931187826
4351 21.943996391596912 -11.042084964123561 10.943189315236086
4352 21.289410116052462 -11.514888145181715 9.0348758286526234
4353 20.345289702792126 -11.137431859455361 9.0746259092402095
4354 19.357420171556882 -10.873278873133955 9.3721898924993194
4355 18.097201249041898 -10.886622354563457 9.6193500145050859
4356 16.968111618017918 -11.145630889686032 9.7960245717758827
4357 16.920036808586588 -11.183090927422057 9.7142239089305509
4358 16.857389861790423 -11.243677961140293 9.7441760725120758
4359 16.34889755804074 -11.485951012988963 9.9337999761079416
4360 15.727455167282635 -11.684479931111355 9.6073258149387595
4361 14.81850197708588 -11.847038919061831 9.6437196000763343
4362 13.86666746295483 -12.205737893989564 10.057408825982426
4363 13.271601899049337 -12.629488493165027 10.051117038502882
4364 12.63427131184396 -13.078386050425593 10.053457931576082
4365 12.389877378286464 -13.05421780586336 9.598102661385461
4366 10.91529379096556 -13.459779626609162 10.059151931500546
4367 10.639966827867887 -13.726620908173189 10.243299439046639
4368 10.316210551452322 -14.324000039292883 10.704249612279764
4369 10.169089771277996 -15.096755172295303 10.960532445844445
4370 10.181386656968257 -16.057893918264227 11.096236602865577
4371 10.269913883841333 -16.895741699700352 11.106426054412712
4372 10.348669516364986 -17.764953254109528 11.033826790432819
4373 10.476831173697541 -17.50674166769565 11.577787565347537
4374 10.615895872614828 -17.613941919540309 11.835367582352609
4375 10.955757838204937 -17.800043053029327 12.226871082606845
4376 11.332761908064379 -17.879350083251751 12.484734166321578
4377 11.394768527360224 -17.827915721773252 12.789995374365979
4378 11.032147501411661 -17.87542145915134 13.065254568792936
4379 10.270806369141308 -18.349383113241586 12.975005464453616
4380 9.565018159879795 -18.728498507653413 12.926411307046136
4381 9.1033517582891736 -18.9978401589226 12.862051330195399
4382 8.6197358253276963 -19.243925583675917 12.876640722334685
4383 8.1649353825794613 -19.495167821226545 12.962098406298937
4384 7.6595457618734315 -19.882194632141875 13.113491742475809
4385 7.4123797906754501 -20.095433109946626 13.821554424218705
4386 7.2385192270652805 -20.434710251501798 14.632378604498436
4387 7.409582489383574 -20.57357943101573 14.653297720050938
4388 7.7958142950556155 -21.178539985380908 15.192243802950408
4389 7.2827649234077523 -20.789059780956293 14.823956309569351
4390 7.645497063941125 -21.148611378033195 15.474214152879535
4391 6.5382845184988252 -20.737660569801093 14.901579022215204
4392 6.9844024659308719 -20.685128798542522 14.734960111787551
4393 7.7791498115630358 -19.351644210079726 10.902225541930706
4394 8.4269438287692289 -23.701125732419072 14.185448072219152
4395 7.8959964421122173 -22.505525020296517 14.277099656082029
4396 6.3113651953671184 -20.290544017270861 12.697822273681417
4397 7.3835723164777267 -20.724827669386741 10.701378195842471
4398 7.1611485914890292 -20.047987537012418 9.6846746768604177
4399 6.3693229414757013 -20.106515995658413 9.1994015028588763
4400 5.1959920209148507 -20.312466990885326 9.3886982336977276
4401 3.9648496455796423 -20.880790780900725 10.296378151850746
4402 3.763546061925382 -21.210569366677888 10.345784330662703
4403 3.400018953627189 -21.719835044650125 10.349291257688026
4404 2.732970157234675 -21.956938791691869 9.1690151606859107
4405 1.6137691205698523 -21.528158166459406 9.090314161541345
4406 0.50788596705585931 -20.991949784572228 9.0365510854413387
4407 -0.45411557985129392 -20.465401529103943 8.9895210069305147
4408 -1.4678969309603822 -19.877673682632746 8.9276720166812211
4409 -2.1854762323646 -19.24644561626863 8.4196549171579704
4410 -2.4453001958637621 -18.315634259938349 7.7747343944212659
4411 -2.1501122597267184 -17.402554349653613 7.2303105995893286
4412 -2.071728321069628 -16.649418299549922 8.1994835989952239
4413 -2.5662299513340834 -15.842662998370969 8.956897593661127
4414 -2.9888244757712705 -14.862248401766053 7.1635672612977839
4415 -2.5115545638012229 -14.110917426811596 7.5061954379868876
4416 -2.1559760000573043 -13.291202278883475 7.5799634273279981
4417 -1.7142792174351449 -12.355797925048158 7.4014580979958833
4418 -1.3229914312980178 -11.609385495368116 7.3890891199328657
4419 0.51298257510618583 -8.4712680527891848 8.2689718471110307
4420 -0.59890865801896354 -5.9347120531884343 9.4514882950185601
4421 -0.13760562536579712 -5.9242510579754821 9.0599265546240897
4422 -0.69967804557290236 -5.8642410027282779 9.4492988501572128
4423 -0.45266735548084114 -6.0620444637742708 9.4773652040106899
4424 -0.53805611631805306 -6.2288597943447428 9.4997820637524644
4425 -1.2163294740178685 -6.3129785713082356 9.5428617165573879
4426 -2.6536424216289447 -5.8995994998799119 9.0547785173767537
4427 -4.2120156363809258 -4.9067824265179922 8.7561027840653001
4428 -4.8800244887807409 -4.3709662576963808 8.7514622526756298
4429 -5.0007185807783863 -4.3001747247340774 8.7539939816477474
4430 -5.1140272803664359 -4.1761422519075637 8.733305000565192
4431 -5.0557141675253909 -4.2237672371308719 8.6121875885738017
4432 -4.7323723369428592 -4.6833794119838075 8.6450284358649974
4433 -4.3839387357873072 -5.0274601186841323 8.6252973846708585
4434 -4.1686005338509666 -5.5087223275387629 8.7760582238952107
4435 -3.8159599065342995 -5.716840104699358 8.8641535887945064
4436 -3.4046473562615525 -5.8236457993150594 8.7991484217659561
4437 -3.0094475949653159 -6.0316883081738979 8.5872654273603981
4438 -4.1736899227276893 -6.3273018935961289 11.140806488430014
4439 -3.0545700275954175 -6.8980640700358862 13.686558176024011
4440 -2.6571214455107395 -6.1414285119861631 13.601566619828724
4441 -2.2437004512107954 -5.4456740818017977 13.567144580338507
4442 -1.9658707304950589 -4.6986546833808376 14.01221143899663
4443 -1.3878816449128522 -1.7409601554974046 13.218440818188032
4444 -0.50274986021202039 -1.0533407148154197 13.332469366027938
4445 1.4251020167954209 2.5177115299450321 12.238484177196135
4446 1.8189035093625705 1.358993828721708 10.110344655890501
4447 1.5110761654064291 2.8532269518761666 7.7418723307804953
4448 1.934693247386079 6.9488412360591809 6.8314736257709896
4449 -0.80666404500745159 9.8154353524578397 6.2064991374578486
4450 -3.6424707604761011 12.963472585079458 6.971417693880916
4451 -3.0712022709285947 13.563717475799592 7.2066595501793103
4452 -2.8691288584663752 13.47412276005214 6.7408660763858812
4453 -3.6356766548820403 13.196986312321343 6.9558401299903689
4454 -4.499178305077919 12.364968460880817 6.7537264920871589
4455 -5.2954115483234574 11.980470817833407 7.0787720978115054
4456 -6.5496740894865226 10.732476460077265 7.2158403826852702
4457 -7.7385995017719296 9.3253301397033539 7.604741344286758
4458 -8.4047222750030883 7.3366810357354524 7.993750472332847
4459 -8.4944052428143308 6.5342145832929361 8.4697895448755816
4460 -8.9802796943210552 7.3745313413815268 8.2846360926814899
4461 -9.1965068503960907 7.875084348998513 8.2769242003933119
4462 -9.9930974625770403 8.6723156058263839 9.3656739377683191
4463 -9.2941693136138639 7.9296410462715841 11.146219045376416
4464 -8.7672083686094453 8.051309545008337 12.639992807147436
4465 -6.3834939863787952 8.6898975980108446 13.810546564171041
4466 -6.1423619405048555 9.4329090098752744 13.843382040231946
4467 -6.0954099592036499 9.4940355420213081 13.786914150669189
4468 -6.2230509163917347 9.211840605678276 13.873194124438323
4469 -6.3343471215674683 8.6539713235987676 13.784424786194732
4470 -6.5442984763738963 8.0759820709675836 13.781939474238817
4471 -6.802868955422106 7.4141149473925338 13.80527458444414
4472 -7.0230304698278445 6.7330378840518108 13.745817027423655
4473 -6.8229934962461201 6.1207094093741716 12.477692960445092
4474 -6.5608487001895597 5.6706943266302829 11.259218797665962
4475 -6.6064071395188293 3.9658691009909859 10.479326957984695
4476 -8.1144761568792774 2.4998446393319114 9.6464279821982828
4477 -9.6407334889344583 2.4974550416780659 8.7045208463842432
4478 -10.138771974669922 2.9634188060363584 8.7230618562117694
4479 -10.731178406705688 3.5135575948605577 8.5624848471062869
4480 -11.339501254550882 4.2515952805420056 8.4087801458244584
4481 -12.3312822028564 5.2317284188393955 8.0960987322899935
4482 -14.389258985895871 6.7172057815915878 7.5212047175060679
4483 -17.134049175613299 7.5939805821499817 8.130887784053316
4484 -17.343995616499662 8.2933950026782242 8.174278047378742
4485 -17.377952058043732 8.6640212697870709 8.118404017843309
4486 -17.418547538254927 8.929191458153511 8.1185073995046597
4487 -17.516773795288721 9.4136134131186822 8.0464211499194906
4488 -17.769966861050868 7.2645713887657877 9.2357364656501524
4489 -17.39622427566119 6.6697481275053292 9.9889279216998705
4490 -18.9381989719028 5.9146951457416463 9.6785419523143048
4491 -19.860449701274817 6.3203717625462161 8.1526836105131579
4492 -19.561010323208031 4.7301601508811046 7.0653644673159537
4493 -18.909100909173688 5.0748189787533704 6.4216929173266859
4494 -16.263352767912586 3.8604279014702882 6.6477132753726522
4495 -14.208862513303224 3.9858092831928218 7.5084416437419019
4496 -14.90921150412764 2.8720104461622924 7.1926033913181868
4497 -15.506905413806734 2.8485197407837575 7.4987352599691857
4498 -16.199717481651319 2.130020115520864 6.7841282635379176
4499 -16.000870646968089 2.3992171010932282 6.7418100934120595
4500 -15.172260942739271 3.1171217576976318 7.564799953359822
4501 -14.090038038561474 4.2062089840000993 7.6678512140346999
4502 -12.21975904950353 5.1569418911401925 7.6613195770792668
4503 -11.341986214894305 6.3713035544463281 7.7275156590837391
4504 -11.162240627815308 7.5822026832324099 8.0218292890027936
4505 -11.510668393431544 8.2210419645644492 8.5814987355869725
4506 -11.826502664718191 8.2610572324175422 9.2598332815545845
4507 -12.025593327398909 7.9627376409292481 10.088448731314358
4508 -12.22942876175776 7.7486030367705609 10.126210900954067
4509 -13.087780075413988 7.9819567939562148 8.306127289233812
4510 -12.456944230595852 8.1312420945156703 6.5878246605055697
4511 -10.926766419075136 7.9341292100958469 4.9303781074302915
4512 -11.055302745205168 6.3228296608352395 3.53529774299707
4513 -9.8165368345566719 6.7510147498264246 3.7358428010195226
4514 -11.03138568872501 6.0230898450507055 3.586318663696737
4515 -11.406396608670022 5.9266984352585439 3.4348635367228386
4516 -11.099126959694757 6.4389630699504465 2.480669033295781
4517 -14.115269500023189 9.2098895121073241 2.9887735855590183
4518 -14.439702984444011 9.2739648818112386 3.0138799385767889
4519 -13.729154211817615 9.1891873232977304 3.0648287509057432
4520 -12.532593630541967 7.3864793985785298 7.2750821798292478
4521 -10.069243447757685 10.7820254762198 6.8705917551796283
4522 -6.6478251959936188 13.088466489918005 6.96656192837718
4523 -4.1725186297794323 14.911635053178827 6.7627357575239859
4524 -3.7530001036746512 15.063296452819685 6.6504619223928554
4525 -4.8629349296533064 14.707596622036888 6.7954520948147845
4526 -7.0770845105265323 13.539804796950719 6.8051122347193314
4527 -9.224876717204296 12.50315103966463 6.9727338901023224
4528 -10.72895366424946 10.754249443517111 5.5322776632944315
4529 -9.6147610376527126 10.557436252184488 6.5784397461486712
4530 -10.219448907726317 10.163162988161858 7.0004815243236678
4531 -9.5965474590432365 10.7765447859895 7.0874002130577907
4532 -9.2816404420057239 11.377388788234697 7.1418190813415379
4533 -7.9902653610704135 12.086300179168759 7.2206822110213142
4534 -5.6413849123689488 12.301194692492629 7.3283871219167391
4535 0.35684124051135768 12.09284368953098 10.989842296172968
4536 -0.14829754816182117 9.393239844502375 10.782032889810985
4537 -0.69148365299807324 7.8859485289183624 10.605293986577463
4538 -1.163941813983385 7.3569829910358209 10.022300572377391
4539 -2.5548958968820585 6.2340686185226133 10.491434430375557
4540 -2.7235210604379034 6.4486082816539181 9.7446850638594356
4541 -4.4031021613945143 5.626687969984232 10.304328940091667
4542 -4.4256339989589009 5.564986651406997 10.303280152387648
4543 -5.6235163336253606 7.6773518593457339 4.4759131597349171
4544 -5.7513488750021082 8.0974564378179679 4.1190838097930307
4545 -5.4752850461635916 8.5713371121269972 4.0941842197396436
4546 -5.2951978047369579 9.3036025796877766 3.4365718953203643
4547 -6.6744787636026643 8.6758889575352782 4.0563151815558207
4548 -7.4475203191633739 7.6617239836379554 4.0953088832210867
4549 -8.1899461209671074 6.5773253641127098 4.3184017689915386
4550 -8.5387582968358942 5.5600749607810087 4.6617437235157961
4551 -8.3620804410340952 4.5931882852418653 5.2370292610582929
4552 -7.9377084010618404 4.3119447064887595 5.9008395694359361
4553 -7.6084718514118492 4.448704962746092 6.7227551421735061
4554 -7.38755840129663 4.7342720102629983 7.4097374641959348
4555 -7.0939715874195599 5.2252322716878723 7.4064802252549988
4556 -6.8194904427897001 5.4985097134543537 7.2920261600032603
4557 -6.806132163545584 5.4794692976753083 7.8100007195662897
4558 -8.3566566310409343 7.0726982415304747 7.8260387853794562
4559 -10.948705235432186 8.4261812967835965 7.5999103875655347
4560 -12.038170529785233 10.568570464656631 7.0497063037357304
4561 -13.015975290292431 9.7605971773017757 7.9807779950588351
4562 -13.333650898323739 10.647423809336573 8.3436530809026763
4563 -14.486884508862403 12.067123672333196 7.9235683907809662
4564 -14.123393508300822 13.065869951753626 6.6350556174749062
4565 -15.17034131932499 12.541334461371889 6.5027073427500994
4566 -16.220410855931817 11.821226190401717 5.6833632074434561
4567 -16.433574982777131 11.856139829359364 5.2403074294412537
4568 -16.077815748824449 11.313524009734664 5.3399695428421428
4569 -15.858986306681317 11.302095413767518 5.9882674203337114
4570 -16.280019906066386 11.028022036820488 5.8217179899858635
4571 -15.817340467525909 10.509793115865051 5.4033234816403315
4572 -15.030788979238068 10.20286553883389 6.0229225048770836
4573 -14.188559426480424 10.364530130375471 6.7073940977870894
4574 -13.68770346092623 10.856246921575973 7.2903115669713419
4575 -13.517132725348802 11.598025046366899 7.9107679722235833
4576 -13.739622750336665 12.235767018443227 8.4452254779398839
4577 -14.341495017120977 12.729499999723373 9.0433055837771334
4578 -15.045876744877859 12.82359530104651 9.5758943208302423
4579 -15.781838217841141 12.491173943823412 10.179512276623466
4580 -16.201953118381226 12.162365789552865 10.042146097606137
4581 -16.200922939640606 12.162080195760069 10.040727352097138
4582 -16.69753833575254 11.923637739356025 9.805778715111888
4583 -16.919774390612488 11.872186921912487 9.773713896681258
4584 -16.971229043486204 11.945132957833749 9.5893646671977777
4585 -16.950881067209707 12.084415906439659 9.2758137748070055
4586 -16.771540928899384 12.134155990561283 9.174566733365646
4587 -16.582593093856232 12.159286463527508 9.114308806335206
4588 -16.366445704393527 12.229577281265904 8.8827549004701059
4589 -16.197602334321161 12.242129807946213 8.7101115315574891
4590 -16.130262918812704 12.237595733845637 8.6803144823009504
4591 -16.066740121438372 12.210807040419667 8.8115613117585436
4592 -15.925665886502543 12.370912600809987 8.5514794579259057
4593 -15.921968238789418 12.37146706929272 8.5497815320751567
4594 -16.253927204269161 12.948553098189478 8.2654106840104511
4595 -16.731335453545853 13.921203735339333 7.8875976647468224
4596 -16.960635295289848 14.979076200245828 7.6944232525467413
4597 -17.037358354184491 16.259526966671444 7.6109968684686073
4598 -16.983218071638248 17.418173413907567 7.6327026815799357
4599 -16.808930048951581 18.887057990734775 7.6272575267320093
4600 -16.700221033755938 20.18593466104852 7.5869807659469952
4601 -16.50274087735545 21.603798811974201 7.507008064643836
4602 -16.181636901764307 22.722071558336637 7.4064087220732322
4603 -15.811961895961929 23.598446770918969 7.3582541134108883
4604 -15.516111170780263 24.1151660866459 7.2210334594170789
4605 -15.278574921713059 24.290848413016505 7.0751704191461418
4606 -15.286061951481585 24.292801316827394 7.0719233303934548
4607 -15.059691784392641 24.26358813149929 6.8910986242501586
4608 -15.06728902780597 24.264921152126789 6.8876046558527797
4609 -14.933787349049894 24.112769360098781 6.8050375030732724
4610 -14.673831712901915 23.83816129517453 6.3678380104851584
4611 -14.180870571849766 23.694440195132302 6.1716768120552885
4612 -13.743029554982769 23.825402828414667 7.5567302773955447
4613 -13.670854497771558 24.512558353814001 7.7086595507593021
4614 -13.671803867515024 24.512511376040692 7.7101092474789485
4615 -13.695516077465498 25.308128524175174 7.8299951085184443
4616 -13.827760240327393 26.070578614527079 7.8819807135452624
4617 -14.098302803757207 26.981748634026303 7.8835601055692077
4618 -14.472263399045744 27.843336594608672 7.8605130123389841
4619 -15.082743821276239 28.868308073288404 7.8229001548672858
4620 -15.971543814447699 29.894712780641441 7.7733810635788796
4621 -17.065690201263578 30.734813963165408 7.7310455202733088
4622 -18.626149650592254 31.506459771938381 7.6816161506777636
4623 -20.321571803879777 31.894352205892801 7.6614490033233995
4624 -22.484683403454653 31.873890188865516 7.6809884108888973
4625 -24.488558989311315 31.240073545197816 7.7531365615143173
4626 -26.580046475291454 29.830093895148678 7.8867949133747928
4627 -27.95093218208774 27.968949436218168 8.0529147425450667
4628 -28.812732180674999 25.463296377094224 8.2988252035429095
4629 -28.813014371415107 25.463621796335786 8.3010548493911838
4630 -29.283131707404806 23.260224639388042 8.5265375106700461
4631 -29.595118275874796 20.867342620808301 8.7400242536658617
4632 -29.678478322062773 18.55001868905606 8.9275546878544265
4633 -29.575263350633321 16.523877193078334 9.0583188631277878
4634 -29.343212713080845 14.291884320578532 9.1852254167382554
4635 -29.060166360698076 12.347941423232811 9.2824109606142002
4636 -28.715385293046694 10.196230083023096 9.3675711424595605
4637 -28.435830730287051 8.3000198855804683 9.4199703680728035
4638 -28.184705216089469 6.1824427498044088 9.4578495759861099
4639 -28.048083241415924 4.342095726537508 9.4730165751460689
4640 -28.02851933440283 2.3078988360030337 9.4563126994971576
4641 -28.182077276144412 0.55411893293506864 9.4271217703917092
4642 -28.541168141253763 -1.3219251693753336 9.3941112149172614
4643 -29.100806110575007 -3.0761934841623031 9.3566313781314925
4644 -29.784063353609497 -4.5014438202522626 9.3087151955569052
4645 -30.735526197407296 -5.9483808825297046 9.2382317097522755
4646 -31.724718694790255 -7.0767718413669911 9.1755885563576545
4647 -32.950943582107612 -8.1640727721658095 9.1167522926108209
4648 -34.120997807989568 -8.9376654399177937 9.076213109315308
4649 -35.459586752384354 -9.6168894325329006 9.0677159259158504
4650 -36.645064663768096 -10.059553816063755 9.0713501668829633
4651 -37.951867259595218 -10.429802013865071 9.0910751041683149
4652 -39.060548599865257 -10.65803722825332 9.1268296604595793
4653 -40.251006329942811 -10.841619122008353 9.1727297973835178
4654 -41.363470217253422 -10.989627241399873 9.2586211129365061
4655 -42.266012122748322 -11.119589402973247 9.3779065751830561
4656 -43.160168813689637 -11.278278244421074 9.5182419772159417
4657 -43.853310123053205 -11.438466613917612 9.6239094586051657
4658 -44.552157937311648 -11.648585190995291 9.7273591825296286
4659 -45.110372361493773 -11.859858966831837 9.81771701336001
4660 -45.673413435090481 -12.123782791620599 9.9194501159313049
4661 -46.130677641326201 -12.383292896661089 9.9973692628390189
4662 -46.618793990511648 -12.704846009716618 10.057944732436868
4663 -47.037735712487176 -13.010003680454332 10.095800903360049
4664 -47.493825431043462 -13.370254264646903 10.135856098362783
4665 -47.940075171985654 -13.752426653534641 10.173315366853259
4666 -48.32832426202333 -14.109111184280835 10.201316093813727
4667 -48.758277501859027 -14.52479703229443 10.216775759532378
4668 -49.137000207523243 -14.897425175624335 10.212758118015756
4669 -49.576821634029812 -15.320806657942185 10.192247542546419
4670 -49.986084029812844 -15.689893759239482 10.149260492906752
4671 -49.985657459626452 -15.689802564132975 10.149127596900644
4672 -50.499140914403966 -16.126986883811668 10.122054856447795
4673 -50.975647027242076 -16.502595792611487 10.073259368951511
4674 -51.547647935108472 -16.895894547668718 9.99413918520629
4675 -52.08812140598431 -17.20233714363458 9.9036215917722856
4676 -52.747542150857896 -17.487191934925008 9.784285750115064
4677 -53.454224844957139 -17.692423838342265 9.6589075259573303
4678 -54.116929733586545 -17.800250479347426 9.5436969113933507
4679 -54.884867021468153 -17.821508488267 9.3950169091902289
4680 -55.573527851053342 -17.733490575604819 9.2369129041279123
4681 -56.346642877717954 -17.497611933062117 9.0486321083489205
4682 -57.007565298042522 -17.16993932737337 8.8895216912512041
4683 -57.696432096955903 -16.684173032914927 8.7195267459594934
4684 -58.240989329813345 -16.162150933080667 8.5798854376571576
4685 -58.755870381952093 -15.503347483657549 8.4305654667664385
4686 -59.105212762142372 -14.881883179850931 8.2934054520500808
4687 -59.381883605021159 -14.162661173705089 8.1448855120383037
4688 -59.581720220339662 -13.437060513080525 8.0867703401347768
4689 -59.581841784944004 -13.437417724182325 8.0863123874044192
4690 -59.74739028660602 -12.746923972356811 8.0208765780621079
4691 -59.875040933401323 -11.947732847257527 7.9193851098734314
4692 -59.93141579351996 -11.332131038232276 8.0641300444937727
4693 -60.124761472473352 -10.585203041771024 8.1574657261891357
4694 -60.400380270058463 -9.8511812474466751 8.1611854425354142
4695 -60.750638872987992 -8.9451414522244903 8.0689339632841737
4696 -61.01077014303695 -8.1010198669182216 7.9997514697123027
4697 -61.158031399865052 -7.1650528213001081 7.8862237845832563
4698 -61.139224555886244 -6.3980395844378393 7.7528807173363301
4699 -60.967559566589955 -5.6172378190466645 7.5747404931180036
4700 -60.663984125578054 -4.9618979004677612 7.3768339202937234
4701 -60.323073619665706 -4.5038361127900828 7.1930879224475248
4702 -59.891042910843083 -4.1148874468946843 6.9888757493029017
4703 -59.481392488750146 -3.5596799414773272 7.425390410918066
4704 -59.481363316001818 -3.5589558009226607 7.4287482944608421
4705 -59.33720082365258 -2.8353990518280483 7.8735846893724784
4706 -59.480293549227923 -2.2137006443596192 8.2660291641388568
4707 -59.901809015701474 -1.6575098466530847 8.7206677277253011
4708 -60.300576860553633 -1.3790198814405983 8.9459475150776822
4709 -60.743921046921201 -1.1945474297874483 9.2668125154923509
4710 -61.24915210269009 -1.1021568679681337 9.3170819852883522
4711 -61.915259716389841 -1.0539117455985263 9.3781273701846075
4712 -62.832580604081414 -1.4246067859177884 9.508173969457884
4713 -63.58157646255566 -1.7416746997244417 9.6397713088053791
4714 -64.349788285476592 -2.1141933616103046 9.798630355442576
4715 -64.968112866235401 -2.4679257261577732 9.9357362896816266
4716 -64.968637897707026 -2.4684386464778072 9.9372306490085247
4717 -65.593210281470505 -2.9033417973126348 10.099820125105429
4718 -66.115002512757542 -3.350173150971429 10.237503603724809
4719 -66.688202774619128 -3.9325721895862955 10.376839225430539
4720 -67.200983332617511 -4.5159453759217456 10.481394328651152
4721 -67.79968147865722 -5.2369218199326042 10.57135687413045
4722 -68.370593484113471 -5.9296563948663987 10.626308668254767
4723 -69.054520015648791 -6.7445049970248903 10.658804482217798
4724 -69.779564717217056 -7.5719001606935024 10.656188031938491
4725 -70.454306215633125 -8.3069665708230929 10.624280107274876
4726 -71.22888844520773 -9.1028888564628403 10.556378616245256
4727 -71.924576379166979 -9.7703261008208671 10.470674261331425
4728 -72.716297366278809 -10.461177058919105 10.348832103562652
4729 -73.417540562829714 -10.998121065259483 10.221146735221334
4730 -74.215330057958511 -11.508986701615072 10.060175257580958
4731 -74.929031983403263 -11.866268608033792 9.9058200017162239
4732 -75.734624905725298 -12.148309840593939 9.7213260208780916
4733 -76.462795793243771 -12.28837119862969 9.5490864944392158
4734 -77.295434495780711 -12.314463917794527 9.3540014807036336
4735 -78.139146007093728 -12.196096328994926 9.158750336765177
4736 -78.873979306470062 -11.968925033010251 8.9890442591682831
4737 -79.669771576857215 -11.574591577975454 8.8000067927610388
4738 -80.315754727164119 -11.102751035671702 8.6315746400882549
4739 -80.934911700607728 -10.45014283502725 8.4355754781112147
4740 -81.342257837628239 -9.7850254643308432 8.2458093485349799
4741 -81.605450117504262 -8.9762796496201105 7.9988716206239374
4742 -81.628136923031576 -8.2763664756752462 7.7370357324795105
4743 -81.51520996378315 -7.5102469627538113 7.6683248168299514
4744 -81.516091483883088 -7.5100538800263195 7.6675760411633718
4745 -81.344793362931711 -6.8399050605506346 7.5274248772673431
4746 -81.075868503805054 -6.106379234070161 7.4691487381122919
4747 -80.762330365630447 -5.3725998282412348 7.4227709010165412
4748 -80.458495302514677 -4.7437987311710117 7.3778401988497642
4749 -80.118402216921368 -4.0936075219899948 7.3623930574478891
4750 -79.820437515854849 -3.598455972509413 7.2658767165131479
4751 -79.227699324017152 -3.1613913022286226 6.620593923679654
4752 -78.590790767434498 -3.1586898402593846 6.0253628899279015
4753 -78.506476079426619 -3.3668245110589652 5.5974361664593717
4754 -78.508855131767604 -3.3669858608323722 5.5950199969192882
4755 -78.617966535201305 -3.4122832029694763 5.3353269288882341
4756 -78.760579770454626 -3.416818775237239 5.0795671631494503
4757 -78.805181011120396 -3.5483576475934271 4.8794610230180364
4758 -78.858620328818688 -3.901880244927483 4.6493007743635832
4759 -78.98754984687227 -4.5122030281825189 4.4587756246380064
4760 -79.191318327834239 -5.1341325343285575 4.3636104032204788
4761 -77.897222719835554 -7.1452824152721988 8.7317153367821376
4762 -78.954661473860511 -6.3673570557859733 8.7081371616529335
4763 -78.956897612889776 -6.3674983113435104 8.7072547588920255
4764 -80.734923556392147 -3.2649846144598982 4.4474796556925131
4765 -79.48355661740348 -5.1329531789617135 8.4134485080872849
4766 -81.507563596331721 -2.648942475413925 6.6393639406015783
4767 -81.629391962427491 -3.0148826100675379 4.9787166380483709
4768 -82.110724044538443 -4.523462533783551 4.7377372605896362
4769 -82.333090518131968 -5.5714722263328156 4.5662694611930688
4770 -82.586080987742776 -6.5372386218227163 4.389954486735423
4771 -82.883358252587044 -7.274625521437919 4.2486893887264081
4772 -83.320848686756136 -8.0218173852998547 4.1061738169562183
4773 -83.866424344066161 -8.705196168844779 3.975094367139949
4774 -84.426467092156656 -9.2505187708880072 3.8600784148047218
4775 -85.125702923305226 -9.7820024563336858 3.7336363816544855
4776 -85.794478569310456 -10.182028281619303 3.6331446303792996
4777 -86.591170346417442 -10.558910265298998 3.5349346888565671
4778 -87.330892798565969 -10.834737669367257 3.4578210407503569
4779 -88.194875331759789 -11.086218855493236 3.3854503921329702
4780 -88.97680473606718 -11.264902786062031 3.3399859401538929
4781 -89.869054131574273 -11.438464410177396 3.3220079300203729
4782 -90.65020491091181 -11.588084967768367 3.3360685877389358
4783 -91.514364643135906 -11.783449248993549 3.3907878679525334
4784 -92.343695483278083 -12.03608546299705 3.4892955487886033
4785 -93.039216598703121 -12.333157093460891 3.6178753915196502
4786 -93.762779955241399 -12.78186530852463 3.7992785392844759
4787 -94.3258804444134 -13.285729901455895 3.9790632128534424
4788 -94.837266556456001 -14.001576557772175 4.2246665569065884
4789 -94.83688485948673 -14.001558309030194 4.2259206032424048
4790 -95.151085690495051 -14.720766188557747 4.3912544398899733
4791 -95.5457581108451 -15.621378197195114 4.1639513439092752
4792 -95.837948256536777 -16.323989242989626 4.4698455018234498
4793 -95.83829922544902 -16.323695385571625 4.4721057451689674
4794 -95.872149771412921 -17.173487857720353 4.8609207427561838
4795 -95.560390654755793 -17.963324202010739 5.2894304223887332
4796 -95.560471008336208 -17.96305523605119 5.2923442327014811
4797 -95.145462716885163 -18.453890199712305 5.3797034660938534
4798 -95.145239079093813 -18.453161551789208 5.3802607769730839
4799 -94.581461943531536 -19.149151081761829 5.4492678850118708
4800 -94.06686873476076 -19.671575348296543 5.5108273093264941
4801 -93.450979162379497 -20.218915907639627 5.5807679947749076
4802 -92.858974711562354 -20.690231044085948 5.6383865975657663
4803 -92.133629923800299 -21.216463514929323 5.6837094116869373
4804 -91.440365905606029 -21.687524034923268 5.7019069938387545
4805 -90.618188056230679 -22.236447454610389 5.6925405738970447
4806 -89.868378619115589 -22.759585414795993 5.6528073600059763
4807 -88.988848439751592 -23.281775287152197 5.8461674725732031
4808 -88.017175515399714 -23.615813611824763 6.0663974914985186
4809 -87.11400407117759 -23.718075446645368 6.2801828106273625
4810 -86.111751565678901 -23.592795069549499 6.5331814510380788
4811 -85.289381283459505 -23.272368569410951 6.7683061847032562
4812 -84.493299719967581 -22.687003434969323 7.052581670098526
4813 -83.958352597648002 -21.989667958720371 7.3282000161399665
4814 -83.61407671101415 -21.05769637353912 7.6538156243157989
4815 -83.578976574409126 -20.182535706224112 7.9529805430217042
4816 -83.845585417612938 -19.229019585928654 8.2837587701833755
4817 -84.31599763300872 -18.50192795197934 8.5584560203299418
4818 -85.051531834937578 -17.857394582951727 8.8442559850684166
4819 -85.829450903570205 -17.46856369521997 9.0765052380980222
4820 -86.661974946615913 -17.096453750849523 8.9594215467289082
4821 -86.66179142391465 -17.096617816359558 8.9587205961063496
4822 -87.461202059165515 -16.620395492740791 8.8496730944859241
4823 -88.122953321591638 -16.121643586506416 8.7472523363339931
4824 -88.768721724387689 -15.297241019159131 8.2491865970811382
4825 -88.856380939302198 -14.493392952171721 7.7547257475103581
4826 -88.726479831134839 -13.666843741712075 7.6829158879605073
4827 -88.725603225624127 -13.667164749977093 7.6829140744717277
4828 -88.520067914222807 -12.987653336724865 7.517313674676922
4829 -87.933923306629623 -12.393745339160223 6.8275925219754914
4830 -86.991865012301702 -11.956410764505865 6.4621698767877316
4831 -85.683528923819523 -11.698801276240527 6.3063900924306227
4832 -84.466965832424279 -11.543710956216149 6.3642070744270258
4833 -83.189383015882299 -11.209720441577613 6.6358535060376296
4834 -82.268866514556606 -10.972554556044177 6.4116248803580413
4835 -81.523533731660223 -11.013551462229437 6.159981375000652
4836 -81.523348777516162 -11.015059907242751 6.1588161079205834
4837 -80.616814608519775 -11.171175605544242 6.0748938296565589
4838 -79.818116648904521 -11.217552131886702 6.3864190791436428
4839 -79.817896227668513 -11.218841541471999 6.3890625749417538
4840 -78.924070352188835 -11.188027689549781 6.2941815185864343
4841 -78.142175136064253 -11.064873970753975 6.6041711742546987
4842 -77.375632804978835 -10.780680696498226 6.7745760846112963
4843 -76.843247159900812 -10.425581198511114 7.1062678044813152
4844 -76.281800694172432 -9.6797744065355751 7.288142586101114
4845 -75.912515822976729 -8.9614396524874138 7.4607174292743226
4846 -76.184857472296642 -7.9796410027296503 8.8553273803001709
4847 -76.763728379869008 -7.2360017768195846 8.2219867049600133
4848 -76.816773971769976 -6.3925172479432248 7.6447864004431665
4849 -76.815849187079834 -6.3925482721608304 7.6407053353751451
4850 -76.351445647614128 -5.4347769044401826 7.0191793953477646
4851 -75.62497223442324 -4.7482872871430324 6.8379004302701851
4852 -75.221842614352113 -3.904204666879723 7.9625586758827289
4853 -75.801429327763628 -3.0080645027291411 8.8599746703903541
4854 -77.086566537302247 -2.8714191667353983 9.8163972767989307
4855 -77.747908494441504 -3.6078697341250621 10.758290833651344
4856 -78.308534107949384 -4.2839743415299161 9.9558116228944726
4857 -78.310613925415822 -4.283392244897346 9.9523712447916495
4858 -79.539616072735157 -4.7989349223026707 9.2390021045992157
4859 -81.470080708493839 -4.4420098129367283 8.7037584966204751
4860 -82.91336788487709 -3.2602010788914768 8.3330453030199685
4861 -83.476554837169687 -2.2831395891743824 8.2405166643053906
4862 -83.714674497959322 -1.1249139391155865 7.5595474056572334
4863 -83.332565606200745 -0.59968060843205251 7.1067165544635911
4864 -82.430879235698001 -0.15021815582663578 6.2419320842327135
4865 -81.491144165085132 0.43898244770984007 6.5786300683950385
4866 -80.768821682750513 0.76521187410557445 6.7613492089953677
4867 -80.347517230047316 0.93881441041738611 6.7852930983745035
4868 -80.326883683107923 1.5191847447705449 8.4066695647294001
4869 -80.328068319834898 1.518414917255658 8.4192936131244824
4870 -80.920160526265136 1.7664805976931994 9.7681784658177158
4871 -81.585049108210143 1.0761424620267093 11.178219509558041
4872 -81.621600007467407 0.40008411916752706 10.617761514596296
4873 -81.937823701351817 -0.33207993416631254 10.299161830990167
4874 -82.567493005395562 -1.1357822839859075 10.08892986910379
4875 -83.45418902922907 -1.8323259859227186 9.9388232556822658
4876 -84.148328043814104 -2.2045889100763638 9.8565465875417928
4877 -84.148572739507358 -2.2071976256329258 9.855644797788095
4878 -84.792667095531442 -2.5025210578323005 9.8019610643350354
4879 -85.529370397858571 -2.7323138965287797 9.5298815989461261
4880 -85.967870750274301 -2.6871226759950027 9.0813316251891365
4881 -85.98896763459831 -2.5075893680792802 8.3627387871156245
4882 -85.85196603196232 -2.6362494546495689 8.1237085276772056
4883 -85.779845297101332 -2.7852733932420684 8.0433527878748414
4884 -86.087473296012803 -2.6090759620664592 9.2331444081103022
4885 -86.634797972263584 -2.7077781946596744 10.219412244310774
4886 -86.941190170700878 -2.962806360121931 10.044021019944157
4887 -86.940635202563584 -2.9629149970376147 10.042272074380126
4888 -87.238902792073418 -3.1355713003690404 9.8833473020285325
4889 -87.583099413978715 -3.2635609452966534 9.7133529397117861
4890 -87.887978012459342 -3.3248364604982257 9.5694610247734282
4891 -88.214561563817085 -3.3382305757842445 9.4095560598546903
4892 -88.483572191801585 -3.308072261631736 9.2691928652241913
4893 -88.769990487767643 -3.2290195940407287 9.1062985943859687
4894 -89.011744625218569 -3.1164682020233947 8.9457693722728848
4895 -89.261041080552445 -2.9374016021148996 8.743300812555038
4896 -89.440478953452242 -2.6949777719784258 8.3977119478532423
4897 -89.543787766765547 -2.4122661677023061 8.0984107745655187
4898 -89.648600593737626 -2.0482487199411317 8.1756498678081631
4899 -89.765640332507246 -1.729234174198421 8.2411804787539662
4900 -89.806639497318315 -1.3792720026951493 7.8033694738075141
4901 -89.806074139928455 -1.3795242882017256 7.7994333078637723
4902 -89.716422482377908 -1.048937426748715 7.4260680278031472
4903 -89.472059391822427 -0.70764151838399769 7.0314774497343535
4904 -89.14837514619586 -0.47892291039192614 6.7074332912609229
4905 -88.706837982274436 -0.33762575421373597 6.3765588094880581
4906 -88.34950672908252 -0.31263439536174431 6.3087512526938561
4907 -87.963963861686324 -0.31264783101469718 6.2392353003768566
4908 -87.599186484282882 -0.3376325289926605 6.1747734462224138
4909 -87.289909342968144 -0.3775487737315224 6.1218065789192799
4910 -86.95169380522384 -0.4403744868268511 6.06572362286078
4911 -86.643297263932254 -0.51518237845968429 6.0145374766337998
4912 -86.276295698919796 -0.62675591156074617 5.952769327531481
4913 -85.937213880575854 -0.75264854517229551 5.8949252648177239
4914 -85.547464502402789 -0.92589656646860163 5.8280545602040128
4915 -85.191995862623145 -1.112035630224419 5.7680904572890093
4916 -84.786281463882972 -1.3586002190750186 5.7014527955886898
4917 -84.421286764109951 -1.6129029416934486 5.6441037262119718
4918 -84.008086770965278 -1.940023699196562 5.5798835852614097
4919 -83.59682859451344 -2.3106766043464262 5.517242141155517
4920 -83.234294014854726 -2.6776533839665113 5.4648466010277872
4921 -82.834753808954289 -3.1262218789861009 5.4146351991708546
4922 -82.485938347545641 -3.5545190925934698 5.3771605092394843
4923 -82.104071656683502 -4.0617161071859726 5.3389009226433615
4924 -81.778007213119622 -4.525596227088581 5.3122773714285749
4925 -81.424223568529996 -5.0559914756845146 5.290477294402768
4926 -81.114394667037544 -5.541981838951024 5.2710799956550787
4927 -80.77646799488528 -6.096085668197329 5.2506975931791651
4928 -80.487955264614044 -6.5908516386124383 5.2314275292677692
4929 -80.180728240652101 -7.1453847733566853 5.2063460878659598
4930 -79.887765226379273 -7.7081502926899148 5.1789431402446588
4931 -79.642205631113157 -8.2125335479906987 5.1520158270829306
4932 -79.388411371226965 -8.7735647311316214 5.1219579634801882
4933 -79.179098153969491 -9.2740112729677975 5.0941261118738836
4934 -78.961199623308303 -9.8430056056300401 5.0606551136821523
4935 -78.786775535972112 -10.346293056587964 5.0295554433525034
4936 -78.609156937937954 -10.922403823246976 4.9911889419362048
4937 -78.469689393916028 -11.444502722788647 4.9532566046520223
4938 -78.337321984824925 -12.035605740178482 4.9095642410358256
4939 -78.24142672964031 -12.567711866821078 4.8691494837012783
4940 -78.161991180405593 -13.160013043070464 4.8194980598190718
4941 -78.113420652764518 -13.75439114889158 4.7657895863673074
4942 -78.098251105785579 -14.280923441156096 4.7141980518053161
4943 -78.115303887974534 -14.862488491345713 4.6495232795880934
4944 -78.162687853015257 -15.367728583790701 4.5858393250648612
4945 -78.256828638102888 -15.928479180404546 4.5037407930099294
4946 -78.379237396798061 -16.410987887133089 4.4217479130220889
4947 -78.563122244899745 -16.932092174979239 4.3221964335188066
4948 -78.770454511973412 -17.375959782506204 4.2265737297956241
4949 -79.054030111586059 -17.846572716535874 4.1119484590081798
4950 -79.348452146816612 -18.231016347998676 4.0044428347559542
4951 -79.728768228540616 -18.620861346348853 3.8738028366304551
4952 -80.160147658781398 -18.956562802346809 3.7324812450227576
4953 -80.577971113452378 -19.197981674473269 3.5994821830163568
4954 -81.079489954392898 -19.396195296188758 3.4388070087720433
4955 -81.543908233252097 -19.4997790571515 3.2861695503401327
4956 -82.072840775560877 -19.527093641483191 3.1052501857538575
4957 -82.53287847470034 -19.470609052808477 2.9389506794913229
4958 -83.026993176575786 -19.316884912645754 2.7484929984729956
4959 -83.429864042604436 -19.106881407636006 2.5799191842902447
4960 -83.828533338359023 -18.798690510290598 2.3935523487560628
4961 -84.103160681074883 -18.492027176779679 2.2198258843629795
4962 -84.102974751370425 -18.492314492122254 2.2181337308495479
4963 -84.346345147356232 -18.111391965347956 2.069076000518038
4964 -84.524424528514487 -17.70903080826039 1.9176718311316909
4965 -84.633226058110409 -17.319256943537884 1.7766772153637875
4966 -84.669023217084288 -16.817051404620962 1.5058494443824531
4967 -84.5905418946613 -16.375541936258323 1.2781289123509589
4968 -84.390857947829886 -15.914720994101238 1.0349700076676012
4969 -84.252691050937301 -15.558376698872213 1.3464448791107984
4970 -84.252838090008026 -15.558607522050057 1.3506070884521009
4971 -84.236025030495284 -15.129431916027936 1.6890400634438798
4972 -84.340953005111231 -14.75493435658003 1.9831850542997005
4973 -84.581378352464526 -14.383010595873138 2.2972750959384429
4974 -84.882446446729915 -14.124120215362531 2.5647417601407074
4975 -85.292966196391745 -13.932151404678894 2.8500648547772585
4976 -85.742696567169901 -13.860469318977277 3.124745680812957
4977 -86.151500216934608 -13.90066402271114 3.3602922558238699
4978 -86.57275605933944 -14.051358445908942 3.6148453818995501
4979 -86.903673163672863 -14.269942271439284 3.8365553442363431
4980 -87.208199306774475 -14.594608865391528 4.0821173286604484
4981 -87.404035152281153 -14.936467094062635 4.3004597392666426
4982 -87.531421864795419 -15.36441968246498 4.5471342043328651
4983 -87.580485464611172 -15.774162340123279 4.6308126037426254
4984 -87.581090626844286 -15.774285801831706 4.6322049642864576
4985 -87.659870222289641 -16.18895381724623 4.4378945164154562
4986 -87.660149913243544 -16.188849512377502 4.4354365661512407
4987 -87.803886144482732 -16.58703844292053 4.2748944743602681
4988 -88.047134383628816 -17.031025284880208 4.1072582048999475
4989 -88.372376879937718 -17.458465976122952 3.9544934869786115
4990 -88.724228171457526 -17.814879464047962 3.8318213176107587
4991 -89.182061965604248 -18.186119380147304 3.7113609300871628
4992 -89.638990304339757 -18.487477824913533 3.6206928363636388
4993 -90.200508639842525 -18.795622557636825 3.5397014602364969
4994 -90.732744039728317 -19.040457716374046 3.4843627189529158
4995 -91.350566411509135 -19.282476807979393 3.4372621083653971
4996 -91.91728650567245 -19.471900314676262 3.4057413822387641
4997 -92.574489957272789 -19.666315768563962 3.3870596033361124
4998 -93.28129333469704 -19.79309499911064 3.1109134257121731
4999 -94.124960624182222 -19.72858780855676 2.8313041848738667
5000 -94.965333547678512 -19.440682992838852 2.5673728247688432
5001 -95.6379024816992 -19.009192220354876 2.3398152526487777
5002 -96.254890815038351 -18.357051198319809 2.0691169091266222
5003 -96.610376666062194 -17.665071578413595 1.7958691695911142
5004 -96.738126060166081 -16.832382602569972 1.436829596085369
5005 -96.57096683337744 -16.186850383948645 1.0596679415364818
5006 -96.221059549464968 -15.718465710842715 0.83934569535563863
5007 -95.841874744186129 -15.408825666332032 0.60467011519621838
5008 -95.36677305825026 -15.207548339876368 0.30938014265236191
5009 -94.937487139832001 -15.165659973255742 0.022129892127287221
5010 -94.471025704966365 -15.274061909541278 -0.31638399051704091
5011 -94.09413551023016 -15.43171112457965 -0.35033799841453117
5012 -93.75411149721802 -15.569690496566462 -0.32392184290634241
5013 -93.375789746966376 -15.700110297979155 -0.23569172014731876
5014 -93.026206317026066 -15.839806978463656 -0.29768237395858321
5015 -92.616347509935451 -16.055110989013762 -0.35259975608381744
5016 -92.189158167229635 -16.299271714804558 -0.39603758977941972
5017 -91.563925096839938 -16.596292536679329 -0.44868700246742144
5018 -90.581166408117582 -16.625418036043513 -0.71771275962265246
5019 -89.274756943574346 -16.253396968552835 -0.5824757865837169
5020 -88.20303039772557 -15.982485281898484 -0.45307663805000331
5021 -87.089365658655566 -15.714341656508804 -0.30571190655186342
5022 -86.063197765651864 -15.473925441439278 -0.15057974517336614
5023 -85.231304169089242 -15.265167815849416 -0.011467709629132017
5024 -84.373206003933376 -15.016215208530987 0.141287807687978
5025 -83.683300971973694 -14.775776217320644 0.27844804823031843
5026 -82.967545622878873 -14.455891693289335 0.4228316652793378
5027 -82.616111375486497 -14.267904697806099 0.69717743978171764
5028 -82.289988457549981 -13.950801979816227 1.0107790598584216
5029 -82.082967419826218 -13.678525917535705 1.2632110013449234
5030 -81.912172382896756 -13.275476829594488 1.4851174274048846
5031 -81.870221340427605 -12.724740037754476 1.5827238617808383
5032 -82.012841330589765 -11.969164536532382 1.7005118903315584
5033 -82.473958285391859 -11.120762033026974 1.7854112580767669
5034 -83.182794407745462 -10.398239575338444 1.8215987392588655
5035 -84.19981874985632 -9.7419734874844437 1.9888942623976744
5036 -85.082791691433954 -9.248446872706328 2.1823497353861843
5037 -86.066681078238076 -8.8415817960836023 2.4465028056887661
5038 -86.939218873259591 -8.6545522865153899 2.7307277983258285
5039 -87.857557070079821 -8.6726668070915807 3.1114713506430665
5040 -88.55853476150935 -8.8924639217984591 3.5071471588478369
5041 -89.124432106151232 -9.315282235765288 4.0181483455906433
5042 -89.375811901881633 -9.7676163076648521 4.5223033672246977
5043 -89.345858023017058 -10.248381361033381 5.1405093300532325
5044 -88.954754722696123 -10.951004917731446 5.2904294587116762
5045 -88.514079217850963 -11.513907094937636 5.4163763823920714
5046 -87.954744301382505 -12.065981548906706 5.560273117649273
5047 -87.916540108835363 -12.055529597009212 5.73070184704111
5048 -87.831982777443585 -12.108838399420648 5.8196744432399869
5049 -88.145251610430051 -11.862509016172595 6.2286772155027705
5050 -87.970202186881039 -11.824574457127341 6.5232251888917157
5051 -87.52774438024835 -11.722370025607226 6.5073312661888529
5052 -87.027527568421505 -11.721710384608627 6.1531299972892652
5053 -87.263535043334429 -11.741960114989247 6.1753036264706767
5054 -87.658440282872164 -11.661654782560923 6.4749428740108703
5055 -87.631571682389989 -11.713296276143893 6.2827034226215224
5056 -88.449177147724384 -11.695023549323615 6.2092275076066645
5057 -88.725869686374182 -11.977380830049192 6.165282957008638
5058 -88.972640550754306 -12.172615887570714 6.6385330718153943
5059 -88.63923269141975 -12.145563989457202 6.6071523350298946
5060 -87.983883466997185 -12.068582103696237 6.0477275357888081
5061 -87.297181061493973 -12.308364782034175 5.9473607189396258
5062 -86.455306076670922 -12.512129227934771 5.6461966946136606
5063 -85.105748490585796 -12.26572315476767 5.7821744816313636
5064 -83.987033956886933 -12.095249791703161 5.9048345967750722
5065 -82.834685345838011 -11.936762990274623 6.0390522972852247
5066 -81.79167444466384 -11.787379519021542 6.178860499193183
5067 -80.953781721557931 -11.647964590350419 6.3113866144181383
5068 -80.093705915844168 -11.453266012639283 6.4655608079180915
5069 -79.397397280579128 -11.23749254529821 6.5938780535344454
5070 -78.67160752708989 -10.939183038968594 6.7183989364208347
5071 -78.054104032442837 -10.620902318382441 6.8167568374525329
5072 -77.372571153125108 -10.200637518606698 6.9159376454650632
5073 -76.772715748416942 -9.7791104589036664 6.9876838295121608
5074 -76.090734359909987 -9.2553229858051722 7.0505358803983267
5075 -75.468486960532886 -8.7566594999954077 7.0856528492216677
5076 -74.757384730811111 -8.1810426431264531 7.1032460746872417
5077 -74.031548123339434 -7.5997498509892409 7.1068743388821494
5078 -73.3722981858011 -7.085565423561313 7.0984805441347048
5079 -72.623202466839274 -6.5238939833482021 7.0708258061527367
5080 -71.961306175361216 -6.048351133722015 7.0364054518886539
5081 -71.224942951873999 -5.546491721415876 6.983986613127577
5082 -70.580610733297675 -5.1358653830008336 6.9321604692610954
5083 -69.859248722147669 -4.712767866597467 6.8698216483805625
5084 -69.227030637020988 -4.3703465948257687 6.8183154714255405
5085 -68.533166700603175 -4.0216189422846895 6.7662494552554753
5086 -67.920994750855755 -3.737163084431522 6.7243298504310776
5087 -67.233835281818898 -3.4450983928360515 6.677297114363081
5088 -66.548321724875052 -3.180263967366642 6.6364199132730386
5089 -65.931866638263983 -2.9654147628834977 6.5935556155103292
5090 -65.23283368416071 -2.7530916858945602 6.539552293709054
5091 -64.608968223566876 -2.592479710206419 6.494173778757018
5092 -63.906481237242673 -2.4412794316697415 6.449548409736412
5093 -63.284134233380854 -2.3304342048162567 6.4137318444961524
5094 -62.587905932481277 -2.2311699958564617 6.3779584426007032
5095 -61.979152812114421 -2.1669132117175849 6.3441288905374256
5096 -61.294500651470088 -2.1207055529651626 6.3042724948420661
5097 -60.683481938226976 -2.1040017263981383 6.2702921935077338
5098 -60.007263229506918 -2.1160508765727286 6.2224956522651098
5099 -59.336854640087012 -2.1679881645194712 6.1616540685014254
5100 -58.750307661015199 -2.2529057644436392 6.0991989517683143
5101 -58.106505074151016 -2.3960925796951642 6.0177529548121402
5102 -57.549062254548261 -2.5735763854830367 5.9257830397084854
5103 -56.956061086184548 -2.8390107988571032 5.7945322513126403
5104 -56.474140332632345 -3.1393798271910924 5.654413887604222
5105 -55.992754130277262 -3.5569617845997215 5.4809680273973393
5106 -55.634606268449232 -3.9905327508332249 5.3226660799927101
5107 -55.330107746267686 -4.5354566798749119 5.1216661717423051
5108 -55.169147996051493 -5.0509792253029815 4.9150815007721276
5109 -55.130322582666309 -5.6515680704417264 4.6590580071239653
5110 -55.236394431856468 -6.1730189135235207 4.4066641887277349
5111 -55.355040825120795 -6.3692315597359936 4.4794453719939833
5112 -55.490729246748657 -6.5919412513149496 4.5169483749367227
5113 -55.64389126040669 -6.8281913400603003 4.5057861809133062
5114 -55.845408417728663 -7.2226419805833189 4.4625581645531369
5115 -56.084794280447056 -7.7442684278559852 4.375771250503818
5116 -56.350301622654058 -8.6141984357088575 4.1892622223368061
5117 -56.451997245086091 -9.7360110846120591 3.9068049364335309
5118 -56.156444997968066 -11.267729690239563 4.0239061089449848
5119 -56.128852306226889 -12.488204867699679 4.1106545458694708
5120 -56.265558070760164 -13.679229285601807 4.1735941909083234
5121 -56.531996987274141 -14.698171392609297 4.1918030401866373
5122 -56.834841047346032 -15.465478493848025 4.1826424350490194
5123 -57.223548637806374 -16.22063186805957 4.1421489335399961
5124 -57.603774390294262 -16.797736654937637 4.0692662761559335
5125 -58.086034658162703 -17.364828818239346 3.9462612407331994
5126 -58.561880435057702 -17.783381587025829 3.805910044685521
5127 -59.168857507265727 -18.15442896416387 3.6113836865163105
5128 -59.768096014472718 -18.370490245844536 3.4115435764935738
5129 -60.50416578533455 -18.468592896085042 3.1624180531645374
5130 -61.218670546608763 -18.406361141953752 2.9191676693167068
5131 -62.070032367738861 -18.146830207500841 2.6180235945720058
5132 -62.870535591653606 -17.719154899077168 2.3204241889152994
5133 -63.813660276481158 -16.975430834509552 1.9038654598055844
5134 -64.684428619045434 -15.912027076398815 1.4893804176260979
5135 -65.332249384147502 -14.692126656497095 1.1102909428280352
5136 -65.881526259191702 -13.039460983080417 0.6969776967774326
5137 -66.146043184603741 -11.359548874380422 0.34280427367675159
5138 -66.16634013528332 -9.2727415004848552 -0.045326756133245993
5139 -65.880831911845917 -7.2826629724789029 -0.36832944722743122
5140 -65.227120285868068 -4.951466885333673 -0.69123914413261467
5141 -64.317470793855335 -2.8905366826337087 -0.94678485656131173
5142 -62.918795843632495 -0.64950777626977185 -1.2045837837796647
5143 -61.350452773120196 1.1827043756071589 -1.3962317969407803
5144 -59.286005559127886 3.0084686811452883 -1.5754735876945851
5145 -56.971129356185315 4.5364308385059076 -1.718321261595797
5146 -54.737066777079804 5.6309437875659398 -1.8151997397701791
5147 -52.133359933341751 6.565379074249293 -1.8706328978759768
5148 -49.80647890802399 7.0960476136723827 -1.8723422866347939
5149 -47.266549367246142 7.394053623642634 -1.8378201386692332
5150 -45.108576036605399 7.3959918495696257 -1.781972721264875
5151 -42.848954112490503 7.1784842429639042 -1.6950156628054316
5152 -41.004794344588703 6.8062702761290268 -1.6075455355832204
5153 -39.127821858100077 6.2502022759806266 -1.4935561099889973
5154 -37.638465722654303 5.6667093446104673 -1.3883263914847319
5155 -36.15046630376807 4.9639070376197765 -1.263789834388966
5156 -34.850174888419531 4.2415523902002406 -1.1404043605852294
5157 -33.824660844625583 3.6129874025637179 -1.0343019384849796
5158 -32.802151366549339 2.9496628134499474 -0.91778150175377249
5159 -32.001358697458954 2.4157162776308212 -0.82341742919633631
5160 -31.200368802871992 1.8877686359323604 -0.73161276911155326
5161 -30.548367653992841 1.4706067208709186 -0.66545632363059681
5162 -29.87042570054345 1.0621342003138352 -0.59265838860275721
5163 -29.307466054481836 0.74659384357953229 -0.53875622117786648
5164 -28.701743005437095 0.4357080242708804 -0.48002986924194602
5165 -28.187524106586636 0.19653601802345122 -0.4315589095051422
5166 -27.628378780779599 -0.038275823793611607 -0.38906501631358026
5167 -27.078058289852777 -0.24820811833744472 -0.35304636041052007
5168 -26.584924282306673 -0.42112166559468278 -0.32738552219549888
5169 -26.027199714496959 -0.60291898715526315 -0.30329263007246254
5170 -25.52179640855087 -0.75527580760395097 -0.27949692588393305
5171 -24.932339164225766 -0.9159943647635771 -0.24656713394026042
5172 -24.391879221908255 -1.0438606649078821 -0.20942573726993885
5173 -23.765264895029787 -1.1645502678099149 -0.15884920220512555
5174 -23.19254710357859 -1.2471788300435236 -0.11217558394423932
5175 -22.538029870166355 -1.307104602748538 -0.050801600024758642
5176 -21.945324022562744 -1.3252983157236145 0.01364236239832195
5177 -21.27162453488495 -1.2985384947038341 0.096043403906946878
5178 -20.588318708204497 -1.2109997870085181 0.20030486798752634
5179 -19.979171986299633 -1.0703755881537944 0.30892399466299025
5180 -19.299121108094624 -0.83347679039849254 0.44475915422145107
5181 -18.708297374502365 -0.5440351665064469 0.57709434969117801
5182 -18.057746308543585 -0.12037147089725408 0.73629419155727405
5183 -17.502376454509658 0.34794162072373069 0.89608582283629801
5184 -16.913394247154372 0.99719964499195157 1.111040476060662
5185 -16.434994062897857 1.7022147545326476 1.331084428230735
5186 -15.97626844036202 2.6491772865249601 1.6146559075021543
5187 -15.665066637029383 3.63735833095825 1.8965905709648716
5188 -15.489397708464793 4.7479879762839943 1.7666049488057993
5189 -15.354062362339903 5.7670507140459648 1.7020936663345498
5190 -15.298320334959641 6.6196000446134207 1.7008994870826371
5191 -15.329771688233166 7.5283004671887852 1.7617550489581468
5192 -15.469491422427751 8.2765435125934346 1.8654846561580474
5193 -15.757180783044902 9.0587985371419535 2.0142774856630403
5194 -16.116762417627825 9.645336794643157 2.1580746459009941
5195 -16.594797073906136 10.180511737649553 2.3091024359629593
5196 -17.046092365866969 10.552136996513738 2.4256218007960442
5197 -17.556914798596296 10.885098376065088 2.5315717624801879
5198 -17.995775326731064 11.144905224631486 2.583302104842903
5199 -18.695576652551978 11.461045947315597 2.9035549523591868
5200 -19.476689077649127 11.55515646740136 3.2054173259622551
5201 -20.191279045290173 11.433205072243709 3.483851089190293
5202 -20.853055680056684 11.072368336636714 3.8624493855186692
5203 -21.308598753039689 11.092949445194137 2.7394084189344428
5204 -21.867991991062041 11.727445033647314 1.5738691698110099
5205 -21.597034111491581 12.578290183086182 0.59971823333249485
5206 -20.754787838670893 12.749384662592888 -0.52434364169507486
5207 -20.552404490207977 12.783494350767768 0.0094577104120592281
5208 -20.189207192011224 12.897612891733274 0.40818320125290075
5209 -19.695132486584157 13.17944712494625 0.61507272975005201
5210 -19.062357334860877 13.730764466701544 0.68812017546499327
5211 -18.372821566122809 14.479592798531939 0.59047564920173201
5212 -18.075108409912417 15.155088221266851 1.6757518986261211
5213 -18.698173691281795 16.129678409137171 2.8014454824322153
5214 -19.603139509301712 16.354424549686598 3.0995915698168357
5215 -20.449310887361094 16.382356081767142 3.120011502356796
5216 -21.267247499677296 16.289706738152745 3.5425790992165549
5217 -21.717441105563523 16.05420244783457 3.6910399751328091
5218 -22.122015153284678 16.148542913094985 2.7190950302216503
5219 -22.341843830760979 16.236836347238437 3.1253449543445093
5220 -22.475318071946276 16.258240094151887 3.5440133496012569
5221 -22.632118764885291 16.21495001464757 3.9997953674936149
5222 -22.823886500580244 15.983896553482538 4.4920484562974501
5223 -22.896204927045005 15.488541996284511 4.7817000901242306
5224 -22.771155546190698 14.710849726356486 4.913059202395945
5225 -22.495239249872071 14.01798780735453 5.1846394465399079
5226 -21.88633286546613 13.288863814863817 5.4717250665116275
5227 -21.125352186047564 12.807327698503428 5.7736809541120593
5228 -19.995782361479684 12.515002197664558 5.9693497506756898
5229 -18.961331106772548 12.385308718370766 5.985354379534142
5230 -17.865032739891092 12.315247589543844 6.194857443317348
5231 -16.85818952735238 12.451822027931655 6.3383219040134602
5232 -15.645118880352129 12.888169240642867 6.3959281067546314
5233 -14.419012864345518 13.436031229771828 6.3965498894683659
5234 -13.329034909922711 13.834065152131757 6.3333840731877018
5235 -12.015250525828719 14.464127253219203 6.217882874869197
5236 -10.766756993665638 14.965010218718021 6.0693953958015605
5237 -9.2645501123793395 14.813286642155248 5.0793093234285767
5238 -8.8434458287210589 13.698442700797585 4.1914954438894778
5239 -9.650339280513748 13.003421294729179 3.1304345057473597
5240 -10.137383763538935 12.993454182625783 3.3689874915239368
5241 -10.726524585969713 12.81057907081231 3.6257578012642711
5242 -11.247387406362378 12.516828991905555 3.7445256595078842
5243 -11.809423171304047 12.096792961962336 3.8863110376130594
5244 -12.252638371608981 11.596360052855061 4.1550614914035044
5245 -12.573915607644125 11.043426157065966 4.2345019372276793
5246 -12.847207662390929 10.369394138070305 4.4166997675285469
5247 -12.937190974785096 9.6889491533121657 4.6960116258796596
5248 -12.852358425237128 8.7859016512969959 4.7677316496811422
5249 -12.564891451504508 7.8242603188651856 4.8644937010665696
5250 -11.820226270401974 6.5079018137923015 4.8597673229972873
5251 -10.701811282748821 4.9453632558988545 4.0669484518300276
5252 -10.092216525817975 5.5794694527414492 4.8759955012428415
5253 -9.9411306678055951 5.5389708650056946 5.2023666281203695
5254 -9.6965700161283337 4.8893408186324052 4.9167279815598262
5255 -9.5449943209546859 4.277210398268835 4.9948045870158087
5256 -7.274152131547055 3.6064823401365516 4.6939241293094884
5257 -4.5611924235529671 4.5542651153396889 4.4773691351927347
5258 -2.6757273946611519 5.9715551229362518 4.7379088834738976
5259 -1.0316418203031787 7.6052354588750291 5.6601385329650284
5260 0.35062833434309937 8.849408959345169 5.4932266040928255
5261 2.0917704542684987 9.9902054280617278 5.3247065757573857
5262 3.7391323415411932 10.395235164404227 5.2593194246737855
5263 5.2406103812756442 10.261347139275216 5.393819235983397
5264 6.334921661166959 10.002546488194042 5.7416943956497271
5265 6.7318169533340892 9.2674347265780455 4.5041801079625303
5266 6.1581783200669236 8.632360737010913 3.2584138780368495
5267 5.5715457576771712 8.9214264973138597 2.1034958579636047
5268 4.907934796753608 9.5671342335401164 2.8123405949859377
5269 3.4586799425250092 9.9408751721022668 3.3240683863038942
5270 1.7855929475451831 9.5750566690918788 3.9276315096202987
5271 0.90871920241193038 8.5735733092674877 4.3222760064843699
5272 0.33835429877328238 9.134678852089877 2.3534698095871809
5273 -2.3799724572836567 11.446063561009368 3.1146101780820024
5274 -6.4430512510946585 11.314147903308509 3.5087582396322246
5275 -9.1889061545044797 9.9151330930325514 4.537958283626577
5276 -9.2348973682919677 8.7543942367522334 4.9314692603629116
5277 -9.1897128902987788 8.914450769289715 5.164540519742566
5278 -9.4599107745734443 10.276660955057395 6.2302797960489986
5279 -7.7108200459805403 10.186045653026468 6.1835345770698673
5280 -6.2187526346340007 9.9399825481621349 5.7772204360190429
5281 -5.8233784177905363 9.7362905466366954 5.8340373219508663
5282 -4.6147125950367354 9.1516176116635108 5.6748224719756646
5283 -3.3989147858995068 8.2563595810764525 5.5874226927272197
5284 -2.4281435951699564 7.3387580490324353 5.4722968252750501
5285 -1.5172503238031823 6.1544988592363268 5.2516583092066433
5286 -1.0075778979694974 4.9829012770728696 4.9376740891799233
5287 -0.96814891401402292 3.6666584799670261 4.3903199661777359
5288 -1.5855144998002402 2.8756548269544169 3.5634330536174641
5289 -2.0980736421129507 2.6357325277391794 3.5536271232980763
5290 -2.741311261373113 2.5093992317063396 3.1755816132781494
5291 -3.2816708217957284 2.5314790615690868 3.0220961210423862
5292 -3.7451959695904691 2.5075928151573237 3.1543708027940776
5293 -4.3516402168538377 2.619551753326931 2.7953285189785291
5294 -4.1386819650315942 3.007979062049742 1.5448121525770366
5295 -3.9596314419059411 3.6428429734550321 1.0919662770689653
5296 -3.2832711369390211 5.0876079723601322 1.3347625530985399
5297 -2.7293556850114271 6.4069545720632846 1.4005477047808412
5298 -2.0104796650493171 7.8280756658842563 1.2639588109499122
5299 -1.0815024414322068 9.0396134784869275 0.88718956048366593
5300 -0.034649629519378777 9.724736557598618 0.31461172774639579
5301 -0.093745535868450247 9.6740087856562127 0.22419997629965227
5302 -0.32766242113562782 9.7308031352580997 0.46798851783900908
5303 -0.20249755360515564 9.6700916531211192 0.22693549860252205
5304 -0.54075160401310995 9.6200954256390219 0.29101789155861102
5305 -1.0540752913699833 9.5488425620975761 0.46140863800599341
5306 -1.4886917828307134 9.3484821055895111 0.47703153263943765
5307 -3.4013778375538948 8.6719483071323111 0.81728149614297152
5308 -5.2244553832860845 6.5581486663099895 1.1283434226206683
5309 -5.9241622601590933 4.0735087697002825 1.4885344350262661
5310 -5.513431329703451 3.4748163504954448 1.7146912281114357
5311 -9.8907873427586992 4.0435310637601276 0.90581406545199172
5312 -13.119902089974033 5.3189733357172599 3.2024842850622228
5313 -13.74603514691438 5.6628699085173366 5.5886519557238827
5314 -15.01628399921961 6.0335610892389582 8.2601130003639973
5315 -15.12085508305951 6.1410206797995386 8.3756720643197884
5316 -14.748426365582205 4.9734853040390306 9.037228069025165
5317 -15.784830750618312 5.5533053109915045 8.5285055593387433
5318 -14.991292533957264 4.1496618223217752 9.2960675179494814
5319 -16.452587306472424 4.4949065020948353 8.7128185897360986
5320 -15.541317785493661 3.7683753294761573 8.799012111540069
5321 -14.49870163325393 3.1714339613263576 8.7576120152708175
5322 -13.308438653468286 1.9948280022942129 9.6675294715939373
5323 -15.747667510790947 1.4337868961119398 9.0686529657459509
5324 -14.853711054233287 0.80691629166938128 10.042866983156156
5325 -17.724442441184095 -2.0769975699341501 9.56845008668585
5326 -16.79855639310999 -1.9030466445973389 9.4640969273699103
5327 -14.873058261232487 -1.6294355013459381 9.1076810441262968
5328 -14.327135022684857 -0.79290797787362521 7.146029518218004
5329 -11.570383721866563 0.40880500630629513 5.2865323370970412
5330 -11.478490558169028 0.43291267431357028 5.358864162023087
5331 -11.82330092925335 0.78485305729029164 5.3375237580957648
5332 -12.564291051640041 1.1171329790341815 5.25454352247319
5333 -12.975972660402306 0.65025334599508255 5.1042399335073423
5334 -11.701021195040454 -1.8351447142707684 3.9204439628528593
5335 -11.994022763980951 -2.031679306237038 3.9882000947050669
5336 -11.998691225386068 -2.7659135587159653 4.8946193195427323
5337 -11.377730427511878 -3.4527567558954786 5.5494065911803574
5338 -10.236156903369817 -4.1042540706069133 5.8847668401063906
5339 -9.0317157359519769 -4.7328123624392333 5.7224160016132046
5340 -8.0906435713136062 -5.9329140404343832 5.0127206421603576
5341 -8.1413094416793967 -5.5360187198219819 5.0897121350195489
5342 -10.126041433089284 -6.3391574458422326 2.0271771427175498
5343 -9.3997574549296985 -3.1207662173463007 -0.92295997677110986
5344 -7.0454318740029862 -3.4336159409303377 2.0093618694644908
5345 -9.1283858686382899 -3.7252800974825391 5.1693215795426815
5346 -9.2642304145091146 -4.2866514169882919 4.4747978516933467
5347 -9.5660345840010592 -6.3135307200073214 4.8365098731064888
5348 -9.5302061634624664 -5.3153744482056311 5.1104285602380797
5349 -9.5263532934196888 -5.0586198352434337 5.2773892847408606
5350 -9.8622240922992432 -4.670412277548138 5.0499471489760799
5351 -9.5307689193813303 -5.1134863722600983 5.3898556798864563
5352 -8.9764287580432693 -5.8302567115070474 5.3599014375921614
5353 -8.3820272284545467 -6.6200217989169516 5.3671318953084386
5354 -7.7822585275587954 -7.377600685760541 5.4129630663546466
5355 -7.1981590435796221 -7.9649139464104337 5.605626294342323
5356 -6.4169155824165927 -8.5541625301562192 5.6949886119948214
5357 -5.716703467377954 -8.9165916040195725 5.9497494304764187
5358 -4.8708683132834096 -9.0774692776920745 6.2593642779175385
5359 -4.1406371296413482 -8.9869502022328049 6.560386849637811
5360 -3.4178457693302846 -8.6281765040280618 6.9301113671701708
5361 -2.9548565418704484 -8.1233849021828348 7.2888488561764806
5362 -2.7087013608763755 -7.4202728501819593 7.7224668870017723
5363 -2.5925419781987884 -6.7281281057650233 7.6553675349105212
5364 -2.3795826420890052 -5.9155803733877121 7.5389091323160873
5365 -2.1036176534338722 -5.0914064335884461 7.526420826866917
5366 -1.7647524902141072 -4.2212017679710527 7.4373379864646889
5367 -1.3476920980716329 -3.223418922394103 7.4965782897607722
5368 -1.0753447403372789 -2.3092559181799572 7.6930644894845148
5369 -0.91489428390381988 -2.4791844430779406 7.0226129847348711
5370 -0.59937366243440238 -2.3398920825483174 6.6918289034113103
5371 -0.18849696619465561 -2.2084149492688709 6.5604431004917467
5372 -0.31056792492987739 -2.1512662050489837 6.7185185112475825
5373 -0.074121102902260816 -2.0688967417796391 6.214235207280999
5374 0.22648690726190779 -2.1366711060952355 5.8558014898161375
5375 0.64899107502692033 -2.3685992594418508 5.6400716098484862
5376 1.4944848056411715 -3.0095652477913291 5.6986401074501289
5377 2.2638581504400861 -3.5024001904297961 5.7879602663355332
5378 3.1790725959446604 -3.9347863602109783 5.9606044566322609
5379 4.0283030244207296 -4.1486771780436413 6.1775106805881608
5380 4.1487133259901228 -4.0441124605283676 6.3149471543657745
5381 3.8670151058927402 -4.2696908227921995 5.1989229393077814
5382 3.5175679112396239 -4.4735179044077711 4.103815293377199
5383 2.7103926585537508 -5.1822673064366995 3.5170636192470539
5384 0.97275876526323657 -5.3216708479591546 3.097302767290576
5385 -0.55431534083309231 -4.7967974697365037 2.7710461790732817
5386 -2.1189298144315458 -3.9575325651630919 2.4599932421560631
5387 -4.0816635682351432 -2.3017475415902879 2.6951474545402121
5388 -3.8203738440875767 -2.3293593708262392 2.5308691820976925
5389 -4.568456216554388 -1.3130414263387991 1.5541372487769474
5390 -4.4642641012555444 0.94842054583554614 1.2041560681373191
5391 -4.1377855993198409 1.5280723317281399 0.97336658710942991
5392 -4.1891042216620775 1.3137085916820013 0.84019494427617314
5393 -4.6134938041340661 0.7259369499497268 0.78134157286850936
5394 -5.2431780727729347 0.0050367063950886859 0.75336202290103582
5395 -6.1398077932342687 -1.1867818686147587 -0.0058770582784637426
5396 -5.3456724201144326 -1.1910043417608449 -0.037467941751225808
5397 -4.4429947092028641 -1.1236877396938496 0.44935014986774569
5398 -4.8895758926157455 -1.2604528658625895 1.1207901546823038
5399 -5.308596722832533 -2.3422409618476081 0.64087998989093364
5400 -5.6173372900950937 -2.6203958167162966 0.54839492790500266
5401 -5.763790757781905 -2.7394846699576476 0.64994462654701746
5402 -5.9944682363754893 -2.9371931520757073 0.8567049717569013
5403 -6.0562480671965062 -3.0469346434296938 0.83283002169925169
5404 -5.919717523620605 -2.9379579261208164 0.73181409432828737
5405 -5.7719937997905433 -2.8388748686817848 0.67790847646774566
5406 -5.7099721589741108 -2.8267981392072272 0.37552962725439798
5407 -5.6770860802391709 -2.8301240372981624 0.65572316319019919
5408 -5.8228887709103958 -2.9589897771902827 0.80074410397317486
5409 -5.8804286546025111 -3.0396978578363019 0.78298905222301318
5410 -5.940931212791682 -3.1210311203026322 0.78069567343331325
5411 -6.0252301402584152 -3.2234145827442546 0.80652924990393515
5412 -6.036193163796888 -3.2516042182035108 0.84292063851943411
5413 -6.0563138125284723 -3.2863484146777751 0.86368429088875676
5414 -6.0650175798616601 -3.3063612591228093 0.85485579868339556
5415 -6.0623301624721506 -3.3148292532184485 0.85387942998196031
5416 -6.0621432702186908 -3.319498336014675 0.85224160925139092
5417 -6.0639812061226337 -3.3200013927201724 0.85332434890804088
5418 -6.0676123542848117 -3.315153830618442 0.84662258643438193
5419 -6.0698564825697261 -3.3016168140833315 0.82579254438006977
5420 -6.0976563402899515 -3.3134413774508857 0.8312043931942279
5421 -6.147110102133226 -3.3461665407625958 0.83608102731677647
5422 -6.2252749440685662 -3.4069627932325943 0.82296966502472113
5423 -6.3628701481925773 -3.5297897194328982 0.73874024910488867
5424 -6.4713309972748689 -3.5992718988560171 0.7316603966312929
5425 -6.3981617032660409 -3.4842900964447097 0.84717578096250978
5426 -6.2904240605030139 -3.3275985978035294 0.85455879840328741
5427 -5.1802014079629402 -2.3733448426012274 0.42475577695927402
5428 -4.2231900017720676 -1.5720693466551836 1.7085825765838507
5429 -4.6750256637028755 -0.57826421100844527 2.9563452113163402
5430 -5.1176591143810839 -1.0969959005183227 4.7117151585551316
5431 -4.5536488746377941 -1.1296888482168015 6.4560472999895868
5432 -3.3664357282175033 -0.3023765597496606 8.3244251197746841
5433 -3.5510996977273237 0.94119091776960317 7.1345524638987232
5434 -3.9485485780892233 0.024719962323274558 5.7834120438778491
5435 -4.5147622403170828 -0.0403620615497573 4.2967765330927357
5436 -5.1819489040869016 -1.6855458126874225 4.8723167869708002
5437 -5.2868742827937396 -2.8220435506178205 4.0847082965753883
5438 -6.2982034463498664 -3.7792316432255859 3.5806966517851997
5439 -7.6261255153876917 -4.5808679376976329 4.7626814894375036
5440 -8.013746643891686 -5.2316789827651462 3.0236006144181662
5441 -9.1274158442017637 -5.1178808631000834 3.1787862504672084
5442 -10.10602311089427 -5.1070257264622683 3.0461759101294401
5443 -11.166227444216396 -4.9444630309823197 2.9659836551870455
5444 -12.033241073336704 -4.7560796649966619 2.9358937865370915
5445 -12.693159368267324 -4.3922696753822379 1.8809597030948271
5446 -12.73474940198394 -3.7813027325231872 0.98892665107371158
5447 -12.736277044815147 -3.7794132801849685 0.97909637587247289
5448 -12.412726620592899 -3.469023425140648 0.40876255851324084
5449 -12.203579726638218 -3.4786965804160275 -0.1999543778946582
5450 -12.211800756744005 -3.5511230095031294 -0.78863482007368946
5451 -12.213965814440407 -3.5487299947741064 -0.7958992767271913
5452 -12.322446005492878 -3.5629408790068737 -1.4719764063793175
5453 -12.385559981473122 -3.4641166215878059 -2.0183402453028001
5454 -12.109213380016705 -3.7872077862321021 0.49362688478917915
5455 -12.121123147844109 -3.4411038964128977 2.7157434617010905
5456 -12.719554858666278 -3.0403362705323786 2.0616298003330593
5457 -12.848040869490426 -2.5949303471672067 1.3993704141324983
5458 -12.681746621122834 -2.4118367783677854 0.5607656429754293
5459 -12.695720871955857 -2.5407835399965393 -0.15874603313009583
5460 -12.753351895454813 -2.6776479859799167 -0.92659764869315131
5461 -12.733974313814031 -2.9619856655133958 -1.6239261908852485
5462 -12.830340379885641 -3.4640759648490871 -1.9306796688684873
5463 -13.122878414426353 -4.0161229657380204 -2.2257363151188385
5464 -12.557734824166829 -4.37850367482244 0.4116832266643442
5465 -11.870035945131491 -3.1278903833101026 3.3646198650928367
5466 -11.821301945145443 -3.1452934794590988 3.4501200773582181
5467 -11.802872605715244 -3.142116404484824 3.455953664722152
5468 -11.759695412205588 -3.1149215670824617 3.4041675429292271
5469 -11.867390549150258 -3.0530190342221601 3.1168549965185548
5470 -13.073837459334641 -2.9972630558830247 3.0179721397704733
5471 -14.327891194236258 -2.7349172525648271 2.6453374994868972
5472 -14.739415185284585 -2.522602778249194 2.6808340202609475
5473 -14.854897602225186 -2.4603703926054834 2.6650572886348032
5474 -14.977253698311436 -2.4100122600846987 2.7134892511235975
5475 -15.084900334082576 -2.3865822260316634 2.812862086164277
5476 -14.796211979205523 -2.5049435793497992 2.8975589593591629
5477 -14.393054682239644 -2.6463602710663849 3.037933690463833
5478 -13.725391099370249 -2.7443305732010117 3.1097106623544604
5479 -12.995916640600669 -2.6597025654684501 2.6940097652384325
5480 -12.567741831162543 -2.8016222205518204 2.4899442663245339
5481 -12.484928480685724 -2.9449266594487256 2.6577347499402317
5482 -12.241730810220346 -3.3567317669757983 3.2985977293348565
5483 -11.461276905546761 -3.4493152962164686 3.777877921869115
5484 -10.69290144795589 -2.714317493401154 3.3686699967618914
5485 -9.5587082782339081 -2.2891015863898474 2.9222956688922301
5486 -8.6435357083229292 -2.6104882304383636 3.1873386393992136
5487 -8.5982233678821274 -2.6079915417159611 3.1210812278008784
5488 -8.3140827450627555 -2.6937019956211259 3.2389399885167607
5489 -7.5044037236331249 -2.5325942711201321 2.8313433300621611
5490 -7.2511729867933497 -2.6712429646677265 2.9083657298949759
5491 -6.9767637073597442 -3.1391033508500925 3.6363537670275869
5492 -6.2412496082407927 -3.1379624395703729 3.799896578786309
5493 -6.2320857601998512 -3.6249622188022954 4.1604834371071471
5494 -6.1533515185775514 -4.3061684354817942 4.2275600703655165
5495 -7.4575518561339749 -5.4022622137041765 4.4893253563627766
5496 -8.6057223419531965 -6.732111430487663 4.3377781608117685
5497 -9.6684041320971374 -7.8170950809728765 3.947406425927066
5498 -10.59791345459891 -8.2942628562405503 3.2992937258182287
5499 -11.489477689874647 -8.1759882661848167 2.6960114962282686
5500 -12.141903186757631 -7.4952003803612683 1.964321550503338
5501 -12.183574716027493 -6.7534554640608349 1.2877757823125942
5502 -11.693495598488582 -6.128128009512551 0.50971161958468691
5503 -11.021118550493497 -6.0136299448352304 -0.18348486236348283
5504 -10.310807666825042 -6.1104605055100194 -0.14501274729867752
5505 -9.6647152904503457 -6.1664513874465285 -0.073099558709924128
5506 -8.9579820516410678 -6.0760715096614319 0.24164031608769143
5507 -8.7658009917230117 -5.6517049877025443 1.0638362318301748
5508 -8.1259962167087707 -4.1901007870694684 1.2616683221562255
5509 -7.4948475178788954 -2.1422758576793228 0.95602699089420629
5510 -6.5286598054517384 -0.98274157758757497 0.40355284967738481
5511 -5.8380995084498437 -0.61706421042978832 0.54575864450804268
5512 -5.0383963359946904 0.029452357159755138 0.82488418601607449
5513 -3.0991878950436842 2.3190255453747284 -0.22381865472735596
5514 -5.6159510298228241 3.3357313925997403 0.33968526121474518
5515 -6.9565579151132937 2.378380707527441 0.24590862973219396
5516 -5.630359723527576 2.5703720262091281 -0.019955908631417163
5517 -5.0889646342151309 2.5884037663319361 0.034451968233326191
5518 -5.7341833518173502 2.6560021468897617 0.084709570277329505
5519 -7.1928469205934817 2.2764225772175735 -0.92434879181650276
5520 -5.4690116631770422 0.91531042793650386 -0.12521489543714459
5521 -6.2557562173955432 1.2585288816590605 0.061782641008866435
5522 -7.6400678667994839 1.5957192610916593 0.20135673094275841
5523 -8.7591986504272796 1.9397946865307745 0.37644135558696545
5524 -9.6536891022222591 2.4095444142414806 0.56708103499259011
5525 -9.6960083878186367 3.0168686218727316 0.78781566021002547
5526 -8.6666034074548435 3.5559177831974864 0.43601108931130739
5527 -8.1458047178639674 3.7946450169877153 0.32860517495611141
5528 -7.6483934572851098 3.883326408944896 0.4093423796175939
5529 -7.127287724052394 3.9567380534899712 0.61366612541562837
5530 -6.667528105369982 4.1012713163434569 0.85396718322854515
5531 -6.2339939051360886 4.3766971698469206 1.1233038599309548
5532 -5.9425866848971793 4.7068835392459221 1.3049242565560597
5533 -5.7177911349774178 5.1027329639515528 1.4254692060071648
5534 -5.5919085987490718 5.4246775705931043 1.4406283923359773
5535 -4.7809169022731481 5.4886671362755521 -0.39600239771276069
5536 -4.6286688924064094 4.7662499664081395 -1.9845908770499707
5537 -5.8636741832410877 3.5252169292963345 -3.5424155404426272
5538 -6.5982113933120843 3.5639988024265392 -2.8590565370190535
5539 -8.232442992600923 3.0215181668637001 -2.6563122522251095
5540 -9.267020372055299 2.1592194392040369 -1.9474464168197576
5541 -9.2704311571838502 1.4880954643328153 -1.2251918989124055
5542 -8.8438803170096207 1.1316896275315855 -0.47326579737450247
5543 -8.3381646193226118 1.0813955659231738 0.08953493384141531
5544 -6.5712251361469782 1.5742173967061319 1.0515958983480145
5545 -5.746076732393874 3.274706178111046 1.715016136357157
5546 -6.0921602717355512 4.8939987074192572 2.2298449172754218
5547 -6.6196938947496022 5.8970339732422588 1.7592111141364741
5548 -5.5974221306042722 8.3245932586006006 1.5972037400184327
5549 -3.8522838225418923 9.346895002107118 1.2747888816428823
5550 -2.3824044616285818 9.6634935036009608 0.35091163981091267
5551 -1.8222747692957455 9.5022368880575812 -1.1834286279184778
5552 -1.8821100212781801 10.020654690011099 -0.91354836526730843
5553 -1.99911888225067 10.262740288987288 -0.91647684236625038
5554 -2.4686127709401404 10.932494846161148 -1.1214556920854442
5555 -2.4688239799259435 11.256309339054781 -1.0811732562048175
5556 -2.7856599993354081 11.854926144750095 -1.4751473372990067
5557 -5.2788095865358855 10.466331578578547 -1.4961443803969914
5558 -7.7894207190889091 9.4682709029233081 -1.297964940312677
5559 -7.7045529218194986 9.2892650849281324 -1.6069242875007803
5560 -7.789568647975571 8.6713667306801767 -1.7747079565619166
5561 -8.1862113144513984 7.6997945255930915 -2.0570229649935299
5562 -8.8432200563605932 6.7026083317130372 -2.2521332592849963
5563 -11.965797789376168 6.4857668046662127 -1.9021591921987704
5564 -12.611947292723755 4.512715426264009 -0.56787305817576161
5565 -12.527368962657789 3.8423945595272642 -2.1308860540558032
5566 -13.684015629815534 2.1855987313283549 -1.8135514457612549
5567 -14.230018470189179 -0.44003212013933535 -1.1712530911898837
5568 -13.092924061480645 -1.2384311226784632 0.70301670348770173
5569 -9.9214974775663904 2.0258807181532177 1.8304958041574455
5570 -10.022846498728484 2.9709972161892892 1.4712703129374685
5571 -9.8214220380103825 3.6431352887654214 1.0393856604894487
5572 -9.3629666022645495 4.3121415543517116 0.86739599069620255
5573 -8.7120390912142653 5.0789137489708196 0.84407625697273092
5574 -8.0772728177284989 5.6547393798462622 0.55602000632142445
5575 -7.1807707469291699 6.1745375507889264 0.43799729523793118
5576 -6.5193122152768979 6.6158122217237008 0.78824309471803478
5577 -5.3226991238766601 7.5601214537853423 0.40314577914269867
5578 -4.8701264516113838 7.7586262820619538 0.37217852486820835
5579 -4.9376074303442152 7.7405412817185493 0.33833895673387682
5580 -5.4255196792180129 7.7870437198129991 1.239015305642635
5581 -4.8542532259262146 8.8746914916048354 1.2190962622335011
5582 -4.1071919621691393 9.7708666616618984 0.3228656351517305
5583 -4.4337051549019293 9.3318816416291668 0.10178622052610464
5584 -4.8191131810079071 8.7900867647655616 -0.10811625994615026
5585 -4.8861927028375192 8.5406867494925223 0.43944006997210927
5586 -4.7896306372925608 8.4139206886485454 0.95550614613837759
5587 -4.5666733618481601 8.6427369291662899 1.2410089807467273
5588 -4.3572064351703546 9.2314120517195306 1.3159749913138921
5589 -4.150193236018481 9.8471713497972928 1.1333921528868736
5590 -3.6843983594452823 10.293345199525106 0.63190472169064371
5591 -3.2904107005507512 10.095922502213085 -0.020927983032363429
5592 -3.2826998713166233 9.5453371913719707 -0.83907871372063791
5593 -3.4133261249861846 9.1515349293711097 -1.6142206728195849
5594 -3.6240857403299174 8.462851036195417 -2.2850624913659008
5595 -4.2989417289203402 7.6598748408255517 -2.7500200605779113
5596 -5.2085242898155286 7.1566197308370363 -3.0523930913369659
5597 -6.3700283113014109 6.9901843569794835 -3.7874749874625566
5598 -7.199782335316911 7.5237485338923307 -4.4363399945290265
5599 -7.7977098833887908 7.62059688528376 -1.9488508504086197
5600 -7.4927480103021651 6.7840265481559356 0.17696830493346383
5601 -7.4206838454662716 6.3680421869265729 -0.53257005386015788
5602 -7.5701638741601585 6.0137937517341982 -1.2027611000200213
5603 -7.8258231688528781 5.6638386222545023 -1.8902381589704933
5604 -8.2264449494200278 5.3087001906476416 -2.9235643803909603
5605 -9.0470850296354115 4.9713399028355809 -3.2912955775114949
5606 -9.9385360780819383 4.3436766742213706 -1.7966501905803622
5607 -9.4658028111235524 3.645824529716549 -0.45278978575330342
5608 -9.4687668434891918 3.414720130955061 1.1999573839583455
5609 -9.5237780350394416 4.2592595832279017 0.71625463398810574
5610 -9.2668057467521976 5.3759128579917217 -0.099211904011553997
5611 -8.4063461871510867 5.6035391193695716 -0.87659391892508864
5612 -7.6439007310918328 4.9806884912386238 -1.7899769848346647
5613 -7.6423020268203175 4.1128668813473155 -2.5960635075581848
5614 -8.2860333949196274 3.2791473014513315 -3.4256000589120337
5615 -9.2423209217590454 3.0550597177651184 -4.0831423693601554
5616 -10.269290617954653 3.5816948671940168 -4.805994012924474
5617 -10.461016910250805 4.6187228382197532 -5.5650030299649185
5618 -9.8860096691519743 5.1336667599005068 -6.2859710918587677
5619 -9.0808724194527315 4.9603151050534393 -7.1488524518356016
5620 -8.7619865743082244 4.3254640104958639 -7.9305722979765179
5621 -8.9442210108120719 3.4612855389791548 -8.7693910094669523
5622 -9.6091202560559168 2.8930723591944059 -9.4652702881397186
5623 -10.716002363932233 2.8415855932529155 -10.218488995748109
5624 -11.386457421829704 3.5010741364277465 -10.904987553050226
5625 -11.387607299735549 3.5008140590108496 -10.911788983186192
5626 -11.29095608214098 4.4069873441352456 -11.751089062878245
5627 -10.996355374035687 4.427924358397803 -11.978379146132013
5628 -10.999322623637767 4.4269400328584823 -11.981056533922768
5629 -10.692468728851253 4.2367815760810572 -12.379597877650248
5630 -10.862079145144975 3.8034461255037684 -12.542861854843245
5631 -11.265253533776786 3.3680148258729616 -12.715551020562494
5632 -11.811797700363655 2.9554094020505772 -12.906622305992757
5633 -12.430845833208451 2.7119461261478079 -12.99669894288272
5634 -13.242430078162272 2.4420838623791497 -13.284244888865512
5635 -13.800226930243667 2.4360412941394429 -13.361671210874491
5636 -14.315968196104052 2.5372403524368394 -13.162671067338305
5637 -15.051144893408207 2.4898780120464039 -13.278218952701966
5638 -15.877185922392215 2.5066491987558948 -13.43543760595589
5639 -16.561008753090078 2.6057471486530801 -13.581386646380386
5640 -17.263625202392575 2.7887219747779 -13.678021453543504
5641 -18.188799665517649 2.9256003359267595 -14.384978140527402
5642 -18.41113365879886 2.4210886336586555 -14.600735033192269
5643 -18.655834322164509 1.5354866499729667 -14.237819434033597
5644 -19.017089649369126 1.576780779878618 -14.27852021585695
5645 -19.538777630399807 1.5218853179090672 -14.578292429994233
5646 -19.850668244078634 1.329420004171368 -14.559941994175794
5647 -20.436574608980465 1.0883625924826106 -14.754667121820678
5648 -20.99640707360382 0.64111893073845749 -14.94545915279066
5649 -21.745520076381439 0.098284395722359363 -15.161486505440028
5650 -22.185625881343896 -0.8563279232903227 -14.823278943954499
5651 -22.546570185653167 -1.5855828863446249 -14.399084001662668
5652 -22.624005177938301 -2.1162237256607597 -13.911344042169912
5653 -22.421016285905182 -2.4775085012504263 -13.426651531152043
5654 -21.879960233421201 -2.7348287009634191 -12.823234844958527
5655 -21.194561424566473 -2.7066507663307249 -12.247227074533971
5656 -20.355643523593926 -2.2563406881236858 -11.562419975601991
5657 -19.860904217147663 -1.4323099152273926 -10.920423031285223
5658 -19.837187410535847 -0.21869320180390162 -10.19363476338361
5659 -20.408126698979231 0.79626632661910435 -9.5798714371843179
5660 -21.572905431282692 1.568426339640169 -8.9735138099494769
5661 -22.817740689490392 1.6488955835397689 -8.5093863755524239
5662 -24.12554702404276 1.0883027256068942 -8.0694034261845911
5663 -24.843319887161869 -0.011091702334553588 -7.6636817047538131
5664 -24.770200845694973 -0.94197320112614591 -7.269688984495863
5665 -24.226696122228503 -1.5317231315042648 -6.7543669775794264
5666 -23.73912005418245 -1.5564593674140497 -6.2279074149465785
5667 -23.370154684988279 -1.2811228182951879 -5.619017189634814
5668 -23.209087704570067 -0.90882859293706986 -5.1047713984891914
5669 -23.189157922391786 -0.3476409195083221 -4.5858859361235531
5670 -23.349017139119184 0.23942835698481701 -4.208822734287704
5671 -23.735375748922877 0.92139994079055043 -3.8844515055744004
5672 -24.237207408171002 1.5015874886291556 -3.6813394856411783
5673 -24.91899491463252 2.104521641222675 -3.5400074969135957
5674 -25.676519711660575 2.6594826415521453 -3.4915981101021316
5675 -26.390584957057627 3.112766032514287 -3.509179206204589
5676 -27.227763387036731 3.5818464326029869 -3.5689137329751297
5677 -28.003740176613775 3.9310108335235583 -3.6293908392893002
5678 -28.960899825401185 4.2450496802030813 -3.6881272860295233
5679 -29.936197743394047 4.3865978589486048 -3.7099254890246627
5680 -31.147309769179031 4.3374489407837302 -3.6782607778455674
5681 -32.279940020078243 4.0571261396374183 -3.5775149981056238
5682 -33.502617582815532 3.5195786504268938 -3.3986311577002031
5683 -34.482908546410215 2.8899736243598539 -3.1710452760473569
5684 -35.408576789592217 2.1004080256031301 -2.831769885855973
5685 -36.07953213857715 1.2652793483611049 -2.4175523797887877
5686 -36.427067080804648 0.50981804339419057 -1.9797765310995423
5687 -36.508738539139273 -0.28541018050837863 -1.4187609431990893
5688 -36.320535909721173 -0.86113524098122696 -0.86459947826320871
5689 -35.920617729171482 -1.2323301844135557 -0.19586731200818441
5690 -35.547742052000018 -1.2616851665653996 0.4274663531334415
5691 -35.290732654865678 -0.94508397445741821 1.1185329512884206
5692 -35.314273919548214 -0.39818378665796672 1.7123818660121888
5693 -35.682049014196366 0.48801906127879136 2.3404352798470711
5694 -36.31693049070941 1.4819375067913541 2.8651890690564663
5695 -37.339301070915354 2.8044425425560178 3.4189798144440715
5696 -38.661840330675119 4.2500975767833182 3.9237539574490476
5697 -40.105341345048373 5.5272929728093487 4.3206128537399806
5698 -42.02462887094228 6.8577318056738505 4.7000641920673534
5699 -43.971686637999341 7.7547370360847339 4.9728193529051943
5700 -46.367837421740603 8.3505150764217859 5.1981180860678364
5701 -48.486452297911143 8.3477421247043111 5.3131780354147597
5702 -50.685441909968972 7.8374083646545216 5.350840772535113
5703 -52.312978314488873 6.9744315693284875 5.3145998651661444
5704 -53.744288242667182 5.7752281035719761 5.2052870108068898
5705 -54.649231056278325 4.636364448378842 5.0572668710824047
5706 -55.381028267488631 3.425229063777735 4.868740013815728
5707 -55.91820263568556 2.3371922318381877 4.6842819457272089
5708 -56.321559757809354 1.4674015449539723 4.5251395492378963
5709 -56.763717855343373 0.59845152427276105 4.3536912817665545
5710 -57.193321979928271 -0.10957781169540226 4.2029526265095205
5711 -57.738901705220229 -0.84085143690349184 4.0504029688098777
5712 -58.290792311447973 -1.4442101355272854 3.9334048912440807
5713 -58.65094129029481 -1.8265824901915693 3.9400429083506854
5714 -58.768094371461501 -1.990124609129083 3.9579988422771155
5715 -58.935419731635989 -2.1554258389834615 3.8564932124618521
5716 -58.958350757058753 -2.2332537945215734 3.9003375391656849
5717 -59.030996927388685 -2.3022592790700571 3.8389067948316336
5718 -59.13036825401025 -2.3190716386718293 3.6678712660947066
5719 -59.577424250094623 -2.4710929793496206 3.3580354721564323
5720 -60.344310933914159 -2.5108585385147251 2.977130210803077
5721 -61.386435892141151 -2.6338722802227181 2.6068980741993206
5722 -62.795780779166023 -3.3186939661247408 2.6329393449975882
5723 -64.009772659075622 -3.8677824948965878 2.6794223552100433
5724 -65.336464480199538 -4.4187294722925969 2.7482328206388154
5725 -66.464792049940712 -4.8348268260572524 2.8276175498728247
5726 -67.662761246481267 -5.2408176118346432 2.9374879714692756
5727 -68.650133649954881 -5.5453847570285291 3.0431452816789788
5728 -69.664081371165594 -5.8501301645612074 3.1578510871751355
5729 -70.594446504010563 -6.1300270372853021 3.2594441452268548
5730 -71.35601414159504 -6.3709545568909363 3.3500370565121784
5731 -72.146419900314868 -6.658055373474383 3.458481528666308
5732 -72.795877006785219 -6.9363202246667726 3.5524115119007069
5733 -73.482049061177861 -7.284690823637689 3.6441036180456905
5734 -74.063856971247901 -7.6223726138326242 3.6998330355153319
5735 -74.709438586376024 -8.0241475617424811 3.7274526061592814
5736 -75.284712989769702 -8.3849731956173343 3.7291316431978156
5737 -75.95234966866434 -8.7824393035285766 3.6979365971347633
5738 -76.578321548328944 -9.112325580808843 3.6242126357700553
5739 -77.30597934149327 -9.41104646546232 3.4829013642980602
5740 -78.065897972537897 -9.5913511377547991 3.2841887147767999
5741 -78.743330078949271 -9.6160764395464753 3.0635950321906202
5742 -79.448703437794904 -9.4580031084039433 2.7578209262005231
5743 -79.988880993205839 -9.1367441869799819 2.4459929464061085
5744 -80.421793481683352 -8.5980834486063742 2.0745649974278422
5745 -80.60945129414938 -8.0099692108495333 1.7301920038022667
5746 -80.557868447959436 -7.3005174635976147 1.3286892626920794
5747 -80.280521503189448 -6.7140368351390407 0.97994379512482155
5748 -79.742120335175571 -6.1852803821542039 0.60555872345210737
5749 -79.12791002226021 -5.8977713076961322 0.28814814713321368
5750 -78.355043409909229 -5.8009076282522756 -0.038960385064333636
5751 -77.566469721428831 -5.9419730751443893 -0.3295721657356312
5752 -77.42478067161386 -6.0500606288529468 -0.45417457239124048
5753 -77.238376180231 -6.1747725609094033 -0.48925676753481873
5754 -77.051503395990437 -6.2623100318847591 -0.41257768279068952
5755 -77.17590665664153 -6.2591618447708441 -0.46916090233640606
5756 -77.457249520421811 -6.1613718932489334 -0.49932799081701695
5757 -77.889007323527579 -5.9331708554631746 -0.40907355738098983
5758 -78.459475402683836 -5.752830266528477 -0.47306715328814497
5759 -79.195263639123169 -5.4940095374243114 -0.62272585207656572
5760 -79.710186966033234 -5.1662262232736111 -0.59180048285528053
5761 -80.508206629229619 -4.8091781046661524 -0.8396557616046163
5762 -80.993331259814511 -4.3455247830697772 -0.805465603361321
5763 -81.796520255575331 -3.9368895747249724 -1.505564719184409
5764 -82.017247057875664 -3.9808975373967925 -1.9471312802051493
5765 -82.244835719953983 -4.6834604735679832 -1.7987166116172295
5766 -82.619928636584717 -5.155275232706984 -2.4478485461104791
5767 -83.898837924861709 -6.2709765721017945 -2.4429347178487077
5768 -85.200068602358158 -7.6760824049614698 -1.8766806235924229
5769 -85.391964511209267 -8.0207310887260164 -2.0276884832137605
5770 -85.728780906765962 -8.4707229171797422 -2.1893606161263639
5771 -86.0676739652896 -9.2861789223912865 -1.8869547196253929
5772 -86.242703060845031 -10.302287209831498 -1.6843801530692413
5773 -86.46682979973184 -10.838806788485826 -2.1715517184758957
5774 -86.913560176919987 -11.287484265014541 -2.5334311566418828
5775 -87.655081649745199 -11.660201014630431 -2.8498056363997075
5776 -88.464105046950976 -11.821007050655638 -3.0637787768652398
5777 -89.465342488600072 -11.817748796719989 -3.2291903131230906
5778 -90.389051657885716 -11.679994648148465 -3.3140504630695755
5779 -91.458837610545231 -11.43183598205556 -3.3586798943202343
5780 -92.4194330335053 -11.17468796093678 -3.3574043006948848
5781 -93.521796335335182 -10.905343563631412 -3.3045180165102237
5782 -94.515136125658785 -10.743645924926795 -3.2084710515120376
5783 -95.632116645501924 -10.714852938932992 -3.0418289831509249
5784 -96.696830502100795 -10.930870947468421 -2.7757537166396515
5785 -97.458652218829798 -11.369515326208266 -2.4264948068701138
5786 -97.937291096565559 -12.077617536118517 -1.8964737958720645
5787 -97.928407313642936 -12.676774750102219 -1.3085075599547675
5788 -97.515369213907775 -13.105340517402595 -0.57568701646843001
5789 -97.025626527188479 -13.456822325446382 -0.6608369283256863
5790 -96.487378000171873 -13.894768974629578 -0.68908748834884026
5791 -96.006444283595215 -14.282219201512149 -0.66243222488035114
5792 -95.430478261384451 -14.684572075126773 -0.57857140422040576
5793 -94.839042329471766 -15.069528001320421 -0.58414678394647845
5794 -94.096428694493397 -15.520678032082216 -0.50453156011215539
5795 -93.318365380509135 -15.87457828307862 -0.34696041698378899
5796 -92.851438268575066 -15.991551954699425 -0.30504062284742695
5797 -92.455693363736714 -16.03183446020514 -0.29714174507214208
5798 -92.082722307670821 -16.019081161676503 -0.23627338230147199
5799 -91.504703445071442 -16.011999873758739 -0.16269057859549862
5800 -90.751134324755839 -16.195819165598515 -0.30357643197240192
5801 -89.977904944106626 -16.487496475703225 -0.44150505902963966
5802 -89.344649112173101 -16.818336227942901 -0.54425647179859959
5803 -88.66806885567712 -17.266666117588777 -0.62938155827496489
5804 -88.085990174284689 -17.720099869995607 -0.67592216878244082
5805 -87.437388588813818 -18.269065939838384 -0.69845758668206903
5806 -86.85062704454748 -18.775959665279068 -0.6918069460618721
5807 -86.169495553953212 -19.338267555793976 -0.65095369921462698
5808 -85.455291701809657 -19.865500593978936 -0.58037806547226767
5809 -84.781673111873872 -20.290277840832992 -0.50070128272871117
5810 -83.97847113518749 -20.703979728630394 -0.40245634829434973
5811 -83.215994894449068 -21.005115543138302 -0.30380142984367708
5812 -82.341409267672631 -21.249984327956724 -0.18960197377902843
5813 -81.546377996723265 -21.382149072565497 -0.087106278430862494
5814 -80.65103027079445 -21.432884875918212 0.024291695375172173
5815 -79.861677869765529 -21.392327540157055 0.12453871502626912
5816 -78.999141706733568 -21.252883166977973 0.23455729299430716
5817 -78.261581317506327 -21.053229959589018 0.32474356265095916
5818 -77.471231260790944 -20.7592355434506 0.40981838341278287
5819 -76.71209277358497 -20.407194871321281 0.4751412064333671
5820 -76.059643781281025 -20.061759849983886 0.51280678279221825
5821 -75.329568400214512 -19.649288808390352 0.53199225146717533
5822 -74.679691821000546 -19.279546120826964 0.52631171257421849
5823 -73.90863349525354 -18.862570556027052 0.49564739414370562
5824 -73.326903955280486 -18.417849384937682 0.8346236087533736
5825 -72.906174907042129 -17.72067844179233 1.2169239771964726
5826 -72.770543496177524 -17.006738009348823 1.5451353988368117
5827 -72.771790182741398 -16.026497928500504 1.5791141312763588
5828 -72.789081730906645 -15.044318830913358 1.5785027360015653
5829 -72.830322245625368 -14.289263416329 1.6887067567133509
5830 -72.921746193648701 -13.41029250684311 1.6596772582015213
5831 -73.024596972351873 -12.72928807845399 1.8386309767279041
5832 -73.289385733774267 -11.867352810348105 1.8648946328995883
5833 -73.649552877734479 -10.965672465952146 1.7581695782535158
5834 -74.174104160576476 -9.7383149195759557 1.4951396599000226
5835 -74.875862604174742 -8.4494735734309252 1.3248522183805038
5836 -75.895599880789803 -7.1851946542033502 1.8467670283740034
5837 -76.622623959200567 -6.441740974353138 2.4469265029801122
5838 -77.062500251287261 -5.8749833461345862 2.1536029795184168
5839 -77.323885001514782 -5.4694726648275616 2.270710423875093
5840 -77.62794107029454 -4.9558214355809653 2.2691524418748212
5841 -77.829638957265516 -4.458910395722663 2.0826178709359153
5842 -78.045697267916466 -3.9764459045297169 2.1020507460188429
5843 -77.955472000098638 -3.3766473232046632 1.5110764563810246
5844 -77.843123151831463 -2.4678752845218739 1.28136752585494
5845 -77.584944418194183 -1.2737015033495975 1.3510962826227619
5846 -77.554382501864453 -0.30551870232476119 1.6959134073465001
5847 -77.32914795994111 0.27456624135826146 1.3871756879349577
5848 -77.188468831963547 0.95433829347455656 1.4558280745232608
5849 -76.788567674410615 1.5044014109679527 1.2349119690320753
5850 -76.216101045214401 1.9818864660673885 0.91688269037444847
5851 -75.293144746096274 2.5638086082435105 0.62524322533569565
5852 -74.716945033610415 3.5409993574332042 1.3598340371773743
5853 -74.689734368790397 4.285737767629902 2.077569176371231
5854 -75.067743337999246 4.7702012792479298 2.8924736828913113
5855 -75.716688039665755 4.7960722888996976 3.5402533882195257
5856 -76.484485504651673 4.0922407325584711 4.1211272014216807
5857 -76.911642171740681 2.8773165313201705 3.9143286866991538
5858 -77.724936315323674 1.5947943261367925 3.5420834159041661
5859 -78.727392059710624 0.76212366607341142 3.3808847208472752
5860 -79.908122026845433 -0.091875197024084088 3.4318481258050202
5861 -80.988091093612013 -0.6982514103095081 3.3053701603846903
5862 -82.390117778912639 -1.2997940800560048 2.9951248746621379
5863 -83.915293379646016 -1.8136529807190396 2.9926542916319745
5864 -85.49738279600092 -1.6208666363773467 2.2609385851052979
5865 -86.195020420902949 -0.55516711545665665 1.6261273717790043
5866 -86.273034821506116 0.56571297682259036 1.6031970953520374
5867 -86.410228357856013 1.4847019651881439 1.8445065630085051
5868 -86.32267586645338 1.791027593626886 1.6308956458908714
5869 -85.672516568692558 1.7085176742714712 0.61889638954823156
5870 -84.809311797715907 2.2198176555365681 0.22263138892563483
5871 -83.467838432218173 2.9085082787488279 0.39966544140633253
5872 -82.695573176386986 3.6605809510343477 1.0908927851847519
5873 -82.691036114831675 3.6583690898383736 1.0976325803927292
5874 -81.972889451049113 3.6906386089875713 -0.0058879079290996561
5875 -81.054082590777028 3.3212262428453112 -0.90915245300992842
5876 -80.630542465695129 2.6234139472499933 -1.1504871314267646
5877 -80.183797844033649 1.5620831083327431 -1.1106042768387447
5878 -79.65898166920951 0.63530875101969109 -0.8101162242314468
5879 -79.660956277958661 0.63314807053938971 -0.80706960545691353
5880 -79.207856270461861 0.28670412094049524 -0.64528150208715607
5881 -78.825847913379306 0.1484594170608684 -0.42001207886401515
5882 -78.243274245007285 -0.059839052961823569 -0.38537450898052539
5883 -77.730699922291421 -0.24509486487991161 -0.39818485010620464
5884 -77.049970267535343 -0.33537404282180461 0.092115322726523008
5885 -77.049786923648014 -0.33446790600357446 0.095630871730600919
5886 -76.440286021144246 -0.25357962644999255 0.18368773413205775
5887 -75.807998056255585 -0.10565307703846027 0.30041381033093106
5888 -75.807898367487198 -0.10495726647250248 0.30121772425204885
5889 -75.101642660261447 0.45125668445031764 1.6373787920247258
5890 -75.169965715759844 1.1052395335527017 1.8096554938756695
5891 -75.170465411299318 1.1065365899948283 1.8116925478034487
5892 -75.315838803400126 1.6935386499623348 1.8463088727257886
5893 -75.453918083020483 2.1499805937633081 1.904813216925008
5894 -75.674110234301224 2.6393491203901966 2.1246958440869097
5895 -75.95656977934587 3.0201480340261035 2.3233468635083065
5896 -76.128775193810014 3.255027921453971 2.163053527023123
5897 -76.127628989040403 3.2545159629282221 2.1612472733393697
5898 -76.204153480256622 3.3761871777310457 2.1188719715014566
5899 -76.202921433622663 3.3747342213823881 2.1183495312020648
5900 -76.462284515279435 3.7133819966163983 2.2510780863569892
5901 -76.624041563487893 3.8930068383748271 2.285841579261831
5902 -76.758179677199593 3.9905586003135447 2.4013552055331138
5903 -76.904778815777462 4.0821428465595115 2.5068252465628911
5904 -76.903610207111996 4.0806439760079254 2.507903341966391
5905 -76.969434738448285 4.1040238515134462 2.5629145470159127
5906 -77.044127920876036 4.1414736414061224 2.6001316617203774
5907 -77.111792399262455 4.1848045212164937 2.6061533680989886
5908 -77.185261504235541 4.2407064495948621 2.5776319104153949
5909 -77.237731338545672 4.2575549601097684 2.6142985518174173
5910 -77.36012475851085 4.3119125884222207 2.6466141337882783
5911 -77.571958567270499 4.4112617841294703 2.687760322928904
5912 -77.856500540868595 4.5118911442396463 2.8204254209938942
5913 -78.128458830585842 4.5767068452122111 2.896183326674949
5914 -78.127641591301327 4.5754333214288998 2.8968508403541673
5915 -78.438854862383465 4.6270546692245649 2.9291925068894149
5916 -78.495960200404596 4.5215271631880949 3.1402268026516538
5917 -78.494107196306658 4.5189572567745397 3.1419431326006304
5918 -78.612726659160074 4.4536856045618851 3.2307157183646447
5919 -78.778183654044398 4.3962695995759358 3.2170607728652749
5920 -78.91216465129736 4.3655095874644996 3.1075099435511264
5921 -78.831631954060583 4.2129420495682091 3.3395514677126186
5922 -78.814478352998094 4.0768658047691542 3.5101493487162609
5923 -78.879370505108298 3.9448663953341114 3.5617321280828143
5924 -78.944626561180996 3.8383602839528219 3.4706161806220561
5925 -79.032202885756135 3.6806566327431351 3.4191192627335947
5926 -79.107698436991029 3.5743815910082866 3.2899521184488885
5927 -79.101711486729329 3.3947697265515622 3.3068836712659353
5928 -79.098930795940106 3.3934195965970453 3.3068523015276545
5929 -79.062291809022014 3.1728482896974697 3.3276847476859728
5930 -79.142537488108061 2.9148143736551155 3.4134514187456193
5931 -79.417650096947369 2.6054081837816394 3.508987815303084
5932 -79.89194291181407 2.3326784020606688 3.6395680754554047
5933 -80.738263044439975 2.0666482077728805 3.8594702707083002
5934 -81.66953181280104 2.0012846751141247 3.5848391743664041
5935 -82.604111991448576 2.0342703013776386 3.3151865227767243
5936 -83.34507821603917 2.1387537627273865 3.1094184324979079
5937 -84.091006227310899 2.3230538266462943 2.917617030241896
5938 -84.680174434987066 2.5302183596692593 2.7823736862665904
5939 -85.281498672712615 2.8022139680136888 2.6766165029212727
5940 -85.845262712480377 3.1029702764132736 2.6229543543501936
5941 -86.251102699632355 3.4037028322493619 2.3456477934015361
5942 -86.250251601184317 3.4040170702649242 2.3432627984076184
5943 -86.62686789464982 3.9011687324492499 2.0855305954833283
5944 -86.87349893276793 4.453282446606444 1.9070720464340165
5945 -87.030330596415396 5.1255547450912253 1.7088359644195212
5946 -87.063569812428298 5.768442205585675 1.5675613288449899
5947 -86.963615091232697 6.4616623154039807 1.3013852090214864
5948 -86.724716928261131 7.0759888725910507 1.1377437082152351
5949 -86.347790482873506 7.7290021734341607 1.0039914609624638
5950 -85.902030966764798 8.2798136819021373 0.84155081309965996
5951 -85.262358454831514 8.8365413704552331 0.6756256556508794
5952 -84.502970152562767 9.3454013840960037 0.64348046721329244
5953 -83.738034735094729 9.7952826273212246 0.59194610585782559
5954 -82.843145291439072 10.253304935785586 0.50492286684916166
5955 -81.965608607299117 10.592839007870371 0.44014106666920327
5956 -80.981372581804806 10.926215708612627 0.44670530123603491
5957 -80.129124884881264 11.222289318054685 0.46425574451258322
5958 -79.197076972802407 11.585869103389211 0.54507178979447035
5959 -78.28258411385832 11.959442948155644 0.68941346851923613
5960 -77.022405842519078 12.430122341546632 0.9351754630107656
5961 -75.614231745185251 12.69149713214091 0.87085962616589185
5962 -74.203089975220138 13.109578861033114 0.83163795647194538
5963 -73.014547921369314 13.671929515668815 0.84512922516025224
5964 -72.198169664733612 14.275673055607225 0.90863430185019656
5965 -71.541872121950476 15.030563046807188 1.0498584058941831
5966 -71.226459219829351 15.694617765852783 1.2541771237896828
5967 -71.135037111917114 16.361111316948012 1.5844274918970194
5968 -71.224727402176057 16.836203050239206 1.9506188598788894
5969 -71.481566917233678 17.248322981198005 2.3997554463987987
5970 -71.851492935388194 17.516005253107338 2.8006204581424394
5971 -72.411894367545926 17.629150251810362 3.222663439536015
5972 -73.005458362892327 17.510007225901113 3.530372809604136
5973 -73.696544835556352 17.105746915977875 3.7879550400264419
5974 -73.696116650689447 17.10537490103809 3.7896642330176986
5975 -74.314970919457579 16.479628351956865 3.9682450742084185
5976 -74.779995445781694 15.758276049330835 4.0777342426629222
5977 -75.187727518483342 14.786531001909768 4.1580577693277991
5978 -75.411759631189142 13.778599990888921 4.2038248983172215
5979 -75.489367433671731 12.509514373716389 4.2550881257373732
5980 -75.343361944806631 11.286979923749154 4.3189049647716207
5981 -74.921393251102089 9.8952523969904362 4.43337862403237
5982 -74.280682691145486 8.7151131865256382 4.5863521215222995
5983 -73.308761733190408 7.6779728881003564 5.1634380300836362
5984 -72.083275214306184 7.3569051151660041 5.6774250057044657
5985 -70.758994133427549 7.6817812673296331 6.2663376399192501
5986 -69.820141415020316 8.5769929237190219 6.8703757855242316
5987 -69.473138912610693 9.5836509166883523 7.4185729994387692
5988 -69.588070176632215 10.63158228989807 8.0468661910246908
5989 -70.051960882683758 11.320550861528623 8.6069028984511302
5990 -70.784351948243142 11.695605207271942 9.2185357977186939
5991 -71.460258796349351 11.6498666858656 9.7476799515617003
5992 -72.049324065692815 11.238562408902368 10.324018397733413
5993 -72.307275109120326 10.670737310065316 10.812725442152541
5994 -72.345661791753543 9.8696279274593941 10.988245638949419
5995 -72.345599309787673 9.8692812379743806 10.989774277830119
5996 -72.264222262969909 9.1783976515672201 11.139997566997975
5997 -72.057379537941358 8.4449776806072059 11.308845637785495
5998 -71.702915616461937 7.8432942443411022 11.710904066944508
5999 -71.204904920061594 7.4599308401162645 12.048526376679346
6000 -70.539721741356232 7.2503528650332392 12.407869316999591
6001 -69.936580080591526 7.2687748227976137 12.716913270501989
6002 -69.326706587092218 7.4877419869853341 13.059930631851383
6003 -68.829594729988997 7.7193306452073642 12.878621578792298
6004 -68.829631930737918 7.7195313214734682 12.876680875539968
6005 -68.242236108389022 7.8707335470205848 12.668766899091448
6006 -67.726180192340365 7.8910133955996287 12.452371990441586
6007 -67.163093886564312 7.787825740830975 12.200559013111029
6008 -66.707283482041632 7.5843261684408247 11.965067156055111
6009 -66.707439826887523 7.5847300395021051 11.962244898243908
6010 -66.209514843761227 7.3323895362284546 12.101863764261182
6011 -65.722325574219923 7.1437926850597151 12.225993232623198
6012 -65.305179302768067 7.0236770496265635 12.319210133328403
6013 -64.846172681277807 6.929583343391748 12.404268356618482
6014 -64.545616147299484 6.8059402183440199 11.989614123800898
6015 -64.54598967843242 6.8063396013618132 11.984488471267873
6016 -64.313040388437486 6.5425679506700547 11.516209198241853
6017 -64.225222505030246 6.2484994439774439 11.103906299157218
6018 -64.270419761067586 5.9085241863014772 10.664469490693936
6019 -64.404342137290428 5.6705366140356119 10.336901194446853
6020 -64.404529267935345 5.6711049599231984 10.332488306654284
6021 -64.617240209426342 5.4772725152873605 10.015165943247517
6022 -64.827649124036711 5.3707969281427168 9.7768510431113373
6023 -65.060639394704566 5.3135760669330168 9.5544507576539122
6024 -65.269155647303165 5.3052795432335031 9.374004664915244
6025 -65.433207351801911 5.3251337155897858 9.2381523634960896
6026 -65.613880029395574 5.3735274316697854 9.0905067413445551
6027 -65.790633094344557 5.4513674288238647 8.9313649086826459
6028 -66.001852330623478 5.5939690931306814 8.7259721520462534
6029 -66.177736671879444 5.7748634242271848 8.521588012173769
6030 -66.328813821060749 6.0102228443694443 8.3232439930421549
6031 -66.423869513961463 6.2544666085852043 8.1209403080233038
6032 -66.467367502553003 6.5610631387587759 7.8617637701393495
6033 -66.43418262499425 6.8419203099493515 7.6011443156898748
6034 -66.466517955923024 7.194794729453406 8.2210921593549617
6035 -66.720464841802624 7.422866704679727 8.9144354030141351
6036 -66.719706234862116 7.422112209528386 8.9231541734771547
6037 -67.023423090474765 7.4177452688778089 9.5899909708059621
6038 -67.358331014680772 7.1639596026323176 10.364693103544809
6039 -67.511685404928926 6.7260842988261658 11.037281061614049
6040 -67.5109092183435 6.7253063147881704 11.045148524547113
6041 -67.356304568207875 6.1179149109480164 11.750630915699162
6042 -67.120561602933208 5.8278522578441851 11.584299959470393
6043 -67.121494402585427 5.8276542204187507 11.583082427382344
6044 -66.910863547868928 5.4568409419694461 11.439696907383382
6045 -66.722940253052556 5.1075737786242144 11.586578110958923
6046 -66.466510848023916 4.7619539640181401 11.739939457086894
6047 -66.208627691352419 4.499987353617442 11.866221354632497
6048 -65.894288233610254 4.2544532151702157 12.000609107174421
6049 -65.571543074149872 4.0649580796236364 12.126103784785688
6050 -65.290061808343054 3.942392597277987 12.231336420742881
6051 -65.08076089558125 3.8317999148400332 11.855159315397108
6052 -64.940284133440258 3.6770934821546462 11.557684819262779
6053 -64.84547102172499 3.4579777611340603 11.250108780386771
6054 -64.822179777328955 3.2515129809299026 11.011687124448622
6055 -64.851671018317163 3.0368666786284564 10.782376786421812
6056 -64.925255028771886 2.8495490863730453 10.587757848328126
6057 -65.046020821970174 2.6651634067494072 10.386045879642761
6058 -65.18646487656784 2.5229091300989595 10.210214987015188
6059 -65.40029139439693 2.3727714373716111 10.048120561875475
6060 -65.682415130020473 2.241903445401519 9.8649272842600713
6061 -65.988046768348795 2.1684188370332578 9.6507121703226453
6062 -66.379939094479681 2.1774162846848952 9.3143042446574569
6063 -66.704565435884547 2.296671532916335 8.966686075994982
6064 -66.979513666127488 2.5042391438628044 8.6450434124136635
6065 -67.150797704747646 2.7316773601982902 8.3086486680534257
6066 -67.249021606608054 3.0027703673609096 7.8639845422787076
6067 -67.22787393047733 3.3002632681961188 7.4853315649565113
6068 -66.952226215480522 3.68991676209275 7.1499704688829793
6069 -66.952434143489853 3.6894564354211496 7.1473090022844685
6070 -66.377297764656902 3.9224199084342501 7.0249000039198286
6071 -65.540471157901422 3.8536727699901263 6.644313049836577
6072 -64.76713607870407 3.531682967523075 6.2367013971575149
6073 -64.230976959099138 3.0579482097421149 5.8745201337987858
6074 -63.856038161082395 2.4265939373157792 5.4876518170735729
6075 -63.734129628727501 1.8377566701067209 5.1672242548949727
6076 -63.795762778119055 1.2232076466632833 4.8393532827144989
6077 -64.007327174496226 0.74645550435076302 4.576017842846797
6078 -64.368682161451446 0.31837131474106428 4.3070182872906102
6079 -64.779058431109192 0.049663344419265343 4.0898300030651225
6080 -65.29748968879467 -0.12709937117480763 3.863437244656212
6081 -65.79789761214974 -0.16226934386208569 3.6685205482786065
6082 -66.372681525953524 -0.063860321122973573 3.4543685964243664
6083 -66.92333975873683 0.18383482987803035 3.2473493803738007
6084 -67.365402887705557 0.52956119630998799 3.0603020217278853
6085 -67.773619829628998 1.0233456595959005 2.8474993031922882
6086 -68.033392352060474 1.5337806336571411 2.65583837126416
6087 -68.202790972859489 2.1523236001887085 2.4306505173877131
6088 -68.236233487185331 2.7229391257845279 2.2189031417916656
6089 -68.151655848466419 3.3524821749944209 1.9673883489938859
6090 -67.972355673422612 3.8698474779009011 1.7346112782905703
6091 -67.674381487820796 4.3879145370075108 1.4595525269070517
6092 -67.337003759816042 4.7732923639916969 1.2019441796581631
6093 -66.900846835724352 5.1094364657119904 0.897551259857023
6094 -66.435750617851042 5.3278406866446666 0.58178044593995892
6095 -66.025780212848673 5.4242313123673291 0.29348145854572039
6096 -65.596732394737899 5.4290004334139148 -0.036123668805801756
6097 -65.259898433499345 5.3468210034580892 -0.33058903212105051
6098 -64.956979914219545 5.1859896823298648 -0.65112302974580416
6099 -64.755203757062944 4.9981066050044696 -0.92246189114690935
6100 -64.603345312382118 4.7520925076647025 -1.2157461333012218
6101 -64.535015865517735 4.5221970352092384 -1.4592665887904399
6102 -64.527591636237617 4.2617727438883577 -1.7126363081183307
6103 -64.576713154219902 4.0382725928491325 -1.9230602717932328
6104 -64.680911274493013 3.8134037624882886 -2.1352060666797801
6105 -64.826137004565183 3.6194839312157434 -2.3276445757021413
6106 -64.983799548824436 3.4738747414155284 -2.4816673596583705
6107 -65.178363753582502 3.3439164382918314 -2.6341029208519693
6108 -65.359326486107108 3.2570182299812842 -2.7551435558111157
6109 -65.562464856399203 3.1885383175449604 -2.8731351633789188
6110 -65.742737297065915 3.1488704457277237 -2.9664668770373943
6111 -65.9479832643066 3.1242722623962926 -3.0630440407511177
6112 -66.123778930608751 3.1191658195856782 -3.1383865687707306
6113 -66.312807159842208 3.1280210143028704 -3.2130371049068653
6114 -66.473938778484495 3.1467937894968507 -3.2754555182511691
6115 -66.648142080502595 3.1784080476155303 -3.3417513406486385
6116 -66.818595592916836 3.220957244753329 -3.404248592319334
6117 -66.983483896927865 3.2732512584310278 -3.4650561497287793
6118 -67.185203701229142 3.3521815039065714 -3.5390530093179002
6119 -67.373406421478634 3.4413583609194411 -3.6095415704764626
6120 -67.59330898091423 3.5666409039303737 -3.6934874660713861
6121 -67.794125969531734 3.7039097337714573 -3.7749345015915825
6122 -68.01977380373809 3.8882987137905936 -3.8726491558931198
6123 -68.189214590276748 4.0376372717786673 -3.862427546655443
6124 -68.398637169934588 4.2143914487844292 -3.8346472629083763
6125 -68.604039332928409 4.3749019410070993 -3.7934722647670336
6126 -68.855334735273232 4.5495750886032482 -3.72894341730116
6127 -69.126397541396528 4.7075924158420612 -3.6424236879069594
6128 -69.382909763999606 4.8251222625038253 -3.5430000535003918
6129 -69.562216700894425 4.8884052873200048 -3.5437128238432396
6130 -69.740602948799562 4.9381677191694706 -3.5213665825976883
6131 -69.968027540725927 4.9827008498359753 -3.4662733582889351
6132 -70.190968244812282 5.0021306324966908 -3.384776811515366
6133 -70.437628208660001 4.9874342083287502 -3.2685566122444785
6134 -70.653850943816423 4.9419557518961987 -3.1482318807600582
6135 -70.880543110096738 4.8517064494472351 -2.9974154189094242
6136 -71.055903405236819 4.743440274404346 -2.8517538033518259
6137 -71.246943785299464 4.6195667791053552 -2.7913203260774826
6138 -71.416411510431161 4.4830480089803721 -2.7411955950872802
6139 -71.612527770483609 4.2967133659013754 -2.6830091799481854
6140 -71.81665574768283 4.0844739465513662 -2.6231360753368538
6141 -72.028465975135987 3.8587391675246252 -2.5599382849800154
6142 -72.309816111758167 3.5649356627227604 -2.4736862738364618
6143 -72.737521978846004 3.3871453481854701 -2.8136247728536627
6144 -73.206811123144789 3.3378654797986762 -3.2125746781553861
6145 -73.588855497755873 3.4296826596310908 -3.5850495149213444
6146 -73.924818342064597 3.6695539005943658 -4.014246480571626
6147 -74.10972355078988 3.9814855482747546 -4.3963444179849249
6148 -74.159723130975223 4.3855585893458731 -4.7986748931557202
6149 -74.12174780113773 4.8651528991339248 -4.7816821913220711
6150 -74.131853961613828 5.358133549154342 -4.5450282479440851
6151 -74.278890012933218 5.921873690416259 -4.2927606577335276
6152 -74.535000423007574 6.4073471210636725 -4.0785987904944419
6153 -75.03487502908618 7.0064750477844626 -3.7915618243877329
6154 -75.729369573526938 7.4968770652570065 -3.5072541305169409
6155 -76.622368221043857 7.7811894750708888 -3.1487487352568948
6156 -77.447191827935683 7.7805291149449225 -2.9833884131730448
6157 -78.308454644406766 7.6167400621620303 -2.7602383974321003
6158 -78.827331141467283 7.3374965851345344 -2.4092864339251943
6159 -78.857907408285953 7.247764830829567 -2.3464159702749607
6160 -78.768389921000335 7.1261573532357616 -1.9353939008157059
6161 -78.507457625628874 7.5053761639273162 -1.8281768567891086
6162 -78.154472225715509 8.0221715409268839 -1.4809861000624225
6163 -77.973291020990459 8.7486793601414234 -1.0234316678924769
6164 -78.205908736445508 9.5215988857999072 -0.88211350193115035
6165 -78.39319734422331 10.201829969055524 -0.38285628788460802
6166 -78.661593790464764 10.550382214490963 -0.012366998476709412
6167 -78.653893473789054 10.640772289480225 0.057530075278530379
6168 -78.625494197133008 10.683442801406287 -0.16271590972537986
6169 -78.753364846095451 10.890113969780515 -0.1381513889860031
6170 -78.733480779369572 11.097348052799976 -0.044683739186544003
6171 -78.708955768519985 11.298744594171115 -0.02965995783645603
6172 -78.455758024650379 11.418132852220818 -0.0083950008302400292
6173 -78.115035123219798 11.566213286247539 0.047870067747478817
6174 -77.669784839881856 11.686726209740119 0.13851086003010771
6175 -76.834526713945522 11.534883396689683 0.36601449692919763
6176 -76.013513492872619 11.270392992385506 0.16997609486773513
6177 -75.197672977482583 11.022859309965753 -0.041704812149018888
6178 -74.565011756392295 10.829805654828693 -0.22507778015095692
6179 -73.956232759620434 10.606830127994648 -0.42987213921217426
6180 -73.511078166659445 10.395306589350344 -0.60909422729861262
6181 -73.11067389188203 10.123799728411853 -0.80811839820987696
6182 -72.817408055829517 9.8056708221248314 -1.0082102966376554
6183 -72.615132787553506 9.4507970853451795 -1.1189370417815159
6184 -72.439931747879967 8.7656669697770582 -1.5684805438941072
6185 -72.440510844256863 8.764778080863735 -1.5719238241290401
6186 -72.590526364484262 8.1148696065275203 -2.0931853430405152
6187 -73.223972855727368 7.3450790909103638 -2.5343121146621419
6188 -74.013776639440891 6.9545987737033528 -2.9293123273567243
6189 -74.676221833240348 6.8946689131837715 -3.2003020683998304
6190 -75.016799372030391 6.9528722468594175 -3.431024808906276
6191 -75.170723094432375 7.0983227495813068 -3.9156268134668188
6192 -74.977592506943552 6.9145980043838513 -4.2601489239315313
6193 -74.81550961181712 6.3869906985040572 -4.4156179391388939
6194 -74.777454857826243 5.6976466958865366 -4.394873122638626
6195 -74.781330173372396 5.0834384725290427 -4.3614192061253743
6196 -74.852715383242085 4.3952724112138846 -4.297665573943128
6197 -74.8775131240305 3.9496243254617447 -4.8477582635342502
6198 -75.1419541157195 3.683792797208298 -5.4062949349492353
6199 -75.065303673623333 3.902679990293894 -5.7521115908028886
6200 -74.073158675052326 4.1554803769478461 -5.4275612680859844
6201 -73.669207999836075 4.6603440588495104 -4.9716450131692209
6202 -73.881227243135726 5.1406972189004136 -4.258706900683622
6203 -74.211056889252959 5.1923692563202053 -4.0298066561487484
6204 -74.590641661792432 5.5462985265361837 -4.0482361017745294
6205 -74.701019399444789 6.0275808505154096 -4.9357066919967796
6206 -74.722069685163206 6.4612072279361001 -4.5242780838231784
6207 -74.917693750729526 6.8002470140684466 -4.0693263122390748
6208 -75.197454800874098 6.9939389039854696 -3.6549582542701309
6209 -75.430675657410404 6.8837560626444798 -2.9693775124588644
6210 -75.688765637888423 6.6748766384067189 -2.4186292733039956
6211 -75.687302928729764 6.6732148013057362 -2.4138249559302132
6212 -76.001703095866176 6.1906086333761188 -1.9136005730372587
6213 -76.178339472587709 5.4975809182824023 -1.5901521463436641
6214 -76.181579736523531 4.6655474532874877 -1.5005389833863534
6215 -76.161950730977381 3.8825094223300383 -1.5595127056369105
6216 -76.242556467396994 3.0482775519081464 -1.7877200352942744
6217 -76.471203374173228 2.4750311474058151 -2.1408148737289707
6218 -76.755548578368291 2.000310476243186 -2.1088581198186205
6219 -76.753734019266233 1.9990764738318205 -2.1095216983289049
6220 -77.117593898199814 1.7018387673626911 -2.7451003951995174
6221 -77.276290331236552 1.7624223632969702 -3.4341958914576809
6222 -77.220099426793382 1.915528283806978 -4.2765093073351181
6223 -77.217780742781684 1.9142206392167083 -4.2842669040066994
6224 -77.441362381294795 2.2228738714665077 -4.0828242696817671
6225 -77.753899075988343 2.4493916102859643 -3.8336209260551017
6226 -78.051960401176871 2.6130239286372898 -3.7259770060394892
6227 -78.590696210044342 2.7949525773233965 -3.4829700949631972
6228 -79.271692585479514 2.9112679575828899 -3.1362863097031877
6229 -80.246929795633278 3.3792365846779298 -3.5191879727345743
6230 -80.921675141333864 4.0126059212958012 -3.892914933272861
6231 -81.363062775275282 4.8754841168923768 -4.3710661167806908
6232 -81.865984378941647 6.1656270831211799 -3.439846409238843
6233 -83.052221482188259 6.6477015126058987 -2.5725350338531294
6234 -84.371135185964107 5.9644015785337992 -1.5010493613374032
6235 -84.528166199890762 4.5608483910201336 -0.4472001063764659
6236 -83.694589376713111 3.2424689307441241 -0.23790847931012049
6237 -82.803529444717583 2.145815679024988 -0.15309219198712265
6238 -81.811482852041038 0.7404763985453382 -0.054885197257203089
6239 -81.061944639606224 -0.63302553995822564 -0.31292723087948682
6240 -80.269910239011978 -1.6253979335131543 -0.78002599314885002
6241 -79.825408709316136 -2.1818889752742798 -1.0287482930328671
6242 -79.662519524494769 -2.53786706943791 -1.1084537884048853
6243 -79.501512214918847 -2.946992956663113 -1.1366540217379364
6244 -78.784813439994721 -3.3736720141478251 0.24679701040319468
6245 -79.132931413425325 -4.076671435944009 -0.97619016351673915
6246 -79.726732148037001 -4.9035389458578145 -2.0377193816442567
6247 -79.924583986563192 -5.9759723414490384 -1.6428464841604309
6248 -79.705024570373638 -6.6665481281359362 -0.91612937656369731
6249 -80.311070914946839 -6.1918233804847773 -1.2037036724788237
6250 -80.870481044179073 -5.5977500107292126 -1.9797882305029635
6251 -81.115359538919961 -5.7769649861913113 -2.4287614641890469
6252 -81.809133745040441 -6.3935996987123893 -2.334723039427546
6253 -82.213853235047623 -7.1227224030633582 -1.6948235042788715
6254 -82.218964944284721 -7.1184909217161252 -1.6871502914861471
6255 -82.236317707053871 -6.9842263727888572 -1.5462244474728686
6256 -82.622502939077577 -5.9780948524792397 -1.974928662852883
6257 -82.914671532508791 -6.3474143448692661 -2.1747534105607098
6258 -83.212709317745066 -6.7455687702744047 -2.1456929215348008
6259 -83.579738299648938 -7.2346027381083964 -2.220211514123938
6260 -83.934691158507434 -7.65576814880556 -2.2654702017029269
6261 -84.353904975780068 -8.1249465313543201 -2.2830468609397485
6262 -84.659601249940209 -8.5958595530831108 -1.9898984763747727
6263 -84.835339762373877 -9.2310111459907507 -1.6861449383642184
6264 -84.83392253641037 -9.8354623400409675 -1.4527226925087739
6265 -84.676650328083454 -10.517942803370628 -1.2363239421808627
6266 -84.376244876776695 -11.185865299022499 -1.0551971416243955
6267 -84.021231457697354 -11.73763347433591 -0.93189460961620529
6268 -83.55295590368867 -12.314171332634302 -0.82433377984659817
6269 -83.091008141718447 -12.794652066219509 -0.75508399251523883
6270 -82.540943081613534 -13.310626429502056 -0.71014049951439162
6271 -82.041231436053607 -13.757377396047424 -0.69630260686996515
6272 -81.487283521135453 -14.257892352293787 -0.71338302830889155
6273 -81.01617423389078 -14.711276396840031 -0.75734496123403661
6274 -80.533873150984107 -15.234937129489232 -0.8398281660979281
6275 -80.159857101022027 -15.721289150597922 -0.94109787332237715
6276 -79.813588109556932 -16.300122497573071 -1.0866675995785666
6277 -79.570254196919819 -16.901392265382157 -1.2674654406639512
6278 -79.454440258902281 -17.445846285315444 -1.4493831223908629
6279 -79.449185328411204 -18.042943129574784 -1.6856753509548028
6280 -79.559525365797114 -18.532344863576803 -1.9271497226273597
6281 -79.814556434513548 -19.007512076164254 -2.2303511325425163
6282 -80.132611864938568 -19.317355861599971 -2.5442107748014702
6283 -80.574285904437644 -19.506504670840105 -2.9325734051398529
6284 -80.994327416030075 -19.515924038870306 -3.2872364027812253
6285 -81.436870414121671 -19.344751439937625 -3.6804212556464453
6286 -81.764065202382668 -19.052017431708283 -4.0072213776552648
6287 -82.020140827883807 -18.599255724466776 -4.3305426749756988
6288 -82.136067813492616 -18.070868900794107 -4.6178772148758718
6289 -82.120278368159831 -17.570811727265053 -4.845450548582269
6290 -81.976714868451865 -16.998636392231901 -5.0709336614695566
6291 -81.837060596170787 -16.511226170100549 -4.9005453377526056
6292 -81.783118478083125 -15.950994333856862 -4.7042624942029967
6293 -81.827657189579 -15.461985582807998 -4.5259860833679575
6294 -81.98161282254047 -14.931171041610519 -4.3257445863035455
6295 -82.206009774039728 -14.491195087420405 -4.1522384847213871
6296 -82.543080730441972 -14.051611778404464 -3.9653700036463517
6297 -82.908915826638676 -13.713106425519523 -3.8134487097837226
6298 -83.375870058135931 -13.398336823800761 -3.6563466498822113
6299 -83.892283510146612 -13.1518119970005 -3.5127357521409053
6300 -84.379778598274541 -12.989313007185839 -3.4007643099154965
6301 -84.930924532368877 -12.866796457459362 -3.2971126159646529
6302 -85.416416083655946 -12.802479098722522 -3.2221028067914261
6303 -85.953202625999594 -12.767864802382547 -3.1597271861516258
6304 -86.420340265998661 -12.761020141943547 -3.1215020195159688
6305 -86.933709240465717 -12.771219274007024 -3.0920352855933917
6306 -87.394507658465685 -12.791245926896451 -3.0785457075139897
6307 -87.922643671161595 -12.817687188614762 -3.0835628488444922
6308 -88.413663057242132 -12.837460132103502 -3.104558631848878
6309 -88.981190697372739 -12.844329060137991 -3.1460250729465518
6310 -89.567552785445642 -12.822002656061759 -3.2108869371039814
6311 -90.1087245752488 -12.765632069845093 -3.2834763124783883
6312 -90.769070319776148 -12.659767459638964 -3.3279655664885492
6313 -91.358798039171901 -12.542092408932284 -3.3730266156167179
6314 -92.028557715265109 -12.375632825605194 -3.4326403412350857
6315 -92.627482623323161 -12.19245381540221 -3.4878995985637395
6316 -93.295661945835519 -11.941794828370561 -3.5609364758627624
6317 -93.876480994315031 -11.674302794923399 -3.6343180894016953
6318 -94.503108444813194 -11.316710735587606 -3.7347382138907648
6319 -95.026662484912606 -10.940409905945465 -3.8412521555091592
6320 -95.558926868066351 -10.449376820893399 -3.9768651615432002
6321 -96.010039289520051 -9.885904980987803 -4.1349389565224985
6322 -96.319148561932309 -9.3345662374761318 -4.2940109481458641
6323 -96.542845958368389 -8.6712120761900451 -4.4982888419863336
6324 -96.611685149248501 -8.0603523898045069 -4.710036312534041
6325 -96.52655299216093 -7.4037041526963208 -4.972814873618252
6326 -96.309178784423153 -6.8825218880504053 -5.2312441000214598
6327 -95.908898606739854 -6.3958704744713586 -5.5458486778915628
6328 -95.465871096460489 -6.1083442872597615 -5.8347542574296583
6329 -94.886975757663265 -5.9606832285799456 -6.1800245205262998
6330 -94.360732986525875 -6.0043610692712406 -6.4914467186881879
6331 -93.822894209430274 -6.243445143182214 -6.8387123593014616
6332 -93.382727725351117 -6.6651583343176526 -7.1826627984746239
6333 -93.117876781618463 -7.1519640729155185 -7.4711377852988221
6334 -92.978710257126011 -7.7769480156980251 -7.7645309181073294
6335 -92.995007000256976 -8.3641356101233058 -7.9911634340054016
6336 -93.152620296777826 -9.0223587547696695 -8.2027596209779432
6337 -93.35676600504263 -9.5934957939943217 -8.2169421451211306
6338 -93.582357750955424 -10.237190030037297 -8.2071069573569133
6339 -93.765459011085341 -10.817714187227907 -8.1750773317099075
6340 -93.938039297150851 -11.478448901780354 -8.1146046741980236
6341 -94.051631237489829 -12.067676615530154 -8.0376767665922007
6342 -94.120475780253543 -12.722822183394896 -7.9272402163114126
6343 -94.11774509990326 -13.360799565999251 -7.7931641684056743
6344 -94.04872378067148 -13.899171009218119 -7.6583927859816736
6345 -93.888551166125865 -14.4693220828566 -7.4963120451837657
6346 -93.794036694407311 -14.760094960426244 -7.5615989238793286
6347 -93.684874691063271 -15.114508546140151 -7.5713761031128781
6348 -93.564695501489268 -15.441124946848873 -7.5193957569695149
6349 -93.44525710699034 -15.67066984654905 -7.5049595700830052
6350 -93.296410916422701 -15.872550915104661 -7.4021985872549854
6351 -93.092054941323113 -16.046081392687167 -7.3046683856300723
6352 -92.84690172104763 -16.243821916712228 -7.2379887034943096
6353 -92.456261389886862 -16.490277946071632 -7.0889742329874288
6354 -91.910161618340396 -16.782224813126643 -6.8547050151351847
6355 -91.336046948984404 -17.386849967048178 -6.7963645049463066
6356 -90.679471465595384 -17.864293934029831 -6.7149109727034615
6357 -90.1180325184975 -18.139061707378708 -6.6268646926055137
6358 -89.521285916393254 -18.328399793397594 -6.5112832292486251
6359 -89.013409132657529 -18.414376595570992 -6.3959915086842951
6360 -88.470724641370111 -18.429534399942387 -6.2508054175768155
6361 -88.015936753607377 -18.376918034069945 -6.110773925849017
6362 -87.529444006269841 -18.246530567042814 -5.9505249488829204
6363 -87.124823318721411 -18.070016680672079 -5.8004306616207764
6364 -86.708249979100628 -17.800661125317287 -5.6225039370747334
6365 -86.352865201147353 -17.466082338123442 -5.4377341477882748
6366 -86.102241316122388 -17.124967429771779 -5.2633672997162186
6367 -85.901760382780594 -16.700404101685223 -5.0670742713515038
6368 -85.794817544760917 -16.296428997878014 -4.9023838311841352
6369 -85.752887412540872 -15.82332752221275 -4.7296131291401533
6370 -85.783302795502749 -15.401598949309736 -4.5795876170114678
6371 -85.89022228055677 -14.933890830863533 -4.4221418002539981
6372 -86.043768502826254 -14.528205832445551 -4.2934587292897959
6373 -86.27880697326961 -14.084255842654379 -4.1622720397333204
6374 -86.56203153451338 -13.557911024575997 -4.3489026915113094
6375 -86.807974420402189 -12.902271163319455 -4.4938451100569772
6376 -87.005001314541346 -12.202534064492788 -4.5708817473442886
6377 -87.161395148953744 -11.568594746832524 -4.5798123681220098
6378 -87.351008798433639 -10.864392608136782 -4.5150749715541316
6379 -87.555611542198051 -10.277151216140744 -4.3942114681161311
6380 -87.840699977910162 -9.7046139468618406 -4.193805758752573
6381 -88.133147404486266 -9.3080701556750611 -3.9793048674038665
6382 -88.176372867522616 -9.2173291662474099 -4.0535048603420201
6383 -88.212576475375101 -9.1394137725884548 -4.0755324752310207
6384 -88.252822431655318 -9.0629199427353058 -4.0688586434160303
6385 -88.171961836568187 -9.1338675167478982 -4.1273171504608612
6386 -88.018530313670965 -9.3236412269957327 -4.1384101173726933
6387 -87.893441692415536 -9.4793793610430583 -4.1310067394361445
6388 -87.899893663946187 -9.451461980541275 -4.1287551686106259
6389 -87.854822922002143 -9.4952879788727813 -4.1252964051137226
6390 -87.8191984596113 -9.5279879435702099 -4.1141263090730806
6391 -87.740735349154988 -9.6186855868490824 -4.0573894231204317
6392 -87.716514591498822 -9.637158141387637 -4.0771031584847268
6393 -87.756612133072394 -9.5858936882819776 -4.0025362519821623
6394 -87.750941887138794 -9.5826500068892742 -4.1096730131147368
6395 -87.855488045241316 -9.4395539460212561 -4.1282910640188373
6396 -87.917360008075661 -9.3537889899198348 -4.0516442128093502
6397 -87.947509534074385 -9.3085812090279916 -4.1218783076069245
6398 -87.943029942425255 -9.3126660164087411 -4.0424981089126
6399 -87.894791501447855 -9.3611443474711322 -4.0524240292295595
6400 -87.838606134646028 -9.4185665120966604 -4.0641510750228882
6401 -87.736054492251185 -9.5261197508287054 -4.1647479829696135
6402 -87.579274474056206 -9.7442530664020168 -4.1581838834915086
6403 -87.493089253640647 -9.8805546833422255 -4.0274853593882227
6404 -87.394269904845714 -10.013645128668699 -3.8879998766540087
6405 -87.315047031350161 -10.105657988360079 -3.7773915102712174
6406 -87.24403050556856 -10.182409273690268 -3.6861903046801547
6407 -87.206628528605336 -10.223005811416186 -3.6553980060570312
6408 -87.175574102674659 -10.246631587433008 -3.703826603047454
6409 -87.111393505400144 -10.266312424291414 -3.8624732714493311
6410 -86.853397370545224 -10.462493016109732 -3.8601863599764408
6411 -86.915381715836418 -10.416703753979711 -3.7517707748026772
6412 -86.885717058901548 -10.445393546294341 -3.6195262108525785
6413 -86.788132126104898 -10.502776425870934 -3.4642575746107851
6414 -86.812279237062512 -10.496912981358179 -3.3439343364957068
6415 -86.795417746376529 -10.502392053145392 -3.1831861395130581
6416 -86.768853192063489 -10.521540536919105 -3.0196365608607634
6417 -86.871300354264662 -10.53558592128838 -2.9013158969190034
6418 -87.02732089197184 -10.5619822813089 -2.8264298699988846
6419 -87.29349298934045 -10.686751353099105 -2.5784993005648555
6420 -87.370722270658746 -10.715894943229223 -2.5041391190242575
6421 -87.488902622224089 -10.818417125920504 -2.2743765320430875
6422 -87.521733396672317 -10.811212735992584 -2.1222130727732331
6423 -87.441980644929913 -10.469229646302182 -1.9030332557707341
6424 -87.543244933847063 -9.9288414725314524 -1.7671464164295823
6425 -87.828710289069846 -9.7456441561327622 -1.7196970049089102
6426 -88.098905722930994 -10.177510984848531 -1.7893759948766377
6427 -87.734653314391238 -11.078601015780428 -1.1796606291590548
6428 -87.155346949868033 -11.795238651931882 -0.61635454200176731
6429 -86.465484196451257 -12.262102418417797 -0.25355837586165197
6430 -85.499647162274414 -12.719974699025286 0.015149472126395835
6431 -84.375897937341193 -13.189815680653894 0.13926402552183514
6432 -83.329135724742201 -13.650606270299946 0.12443335743500228
6433 -82.173717679186524 -14.237353959189761 -0.036963569152316467
6434 -81.268269179363443 -14.820263277321423 -0.31502908499092186
6435 -80.501459649827893 -15.531511617105046 -0.7788333417322777
6436 -80.125600648746627 -16.175307957161714 -1.3033538061631251
6437 -80.122296754369643 -16.801516509993391 -1.9915427501383061
6438 -80.485442328908476 -17.130835118252421 -2.6829303652000469
6439 -81.221687428955448 -17.074919579233267 -3.5024678974658858
6440 -81.986348021722137 -16.540631224647996 -4.2278272023020929
6441 -82.761208258065153 -15.380335001050597 -5.0016511029130495
6442 -83.221363541552051 -13.717237562768226 -5.6962467260120935
6443 -83.264354869796676 -11.956205177962957 -6.2251033526206436
6444 -82.931766971924588 -9.7645603885843144 -6.7264590553714179
6445 -82.354674643368583 -7.708595136226208 -7.0768466885757295
6446 -81.477944594420592 -5.3360371868877152 -7.3670249376228352
6447 -80.534540203139557 -3.1521435914452383 -7.5541390225656144
6448 -79.331534110297127 -0.6140800117688201 -7.698942634095852
6449 -78.099755908461219 1.6245286883729335 -7.7711340398273387
6450 -76.510716606110265 4.0253556790723621 -7.8029613695631284
6451 -74.852497254006948 5.9319677235790067 -7.7935809417632846
6452 -72.775182021517566 7.6968875001277652 -7.7464102038989413
6453 -70.562179317282897 8.9231292918053811 -7.6655323433376559
6454 -68.613279688422864 9.5079900910705675 -7.5841020725120414
6455 -66.556903691775858 9.7460576023945293 -7.5074326470850998
6456 -64.888797550417706 9.6588494401234541 -7.4540889646168154
6457 -63.191862233785656 9.3689104116444355 -7.4189917816104556
6458 -61.810612952511406 8.9864303600853717 -7.4121603858674394
6459 -60.322726981401189 8.4829087260657019 -7.4117392668782092
6460 -59.063046160239281 7.9924377775348745 -7.4066615794824804
6461 -57.676663297722939 7.4078153344328328 -7.4132838381151593
6462 -56.455143416460061 6.8678476919655935 -7.4311474152896757
6463 -55.090123812277 6.2449165321353348 -7.4509276853965876
6464 -53.733045426715421 5.5972339980169679 -7.4577234849989615
6465 -52.550461912555335 5.0159203892371593 -7.438078990000287
6466 -51.245701876020718 4.3654571217392544 -7.3905728392121635
6467 -50.146374115898681 3.7994448753780361 -7.3243888257509866
6468 -48.992160848364222 3.1992573847662982 -7.2013960026416033
6469 -48.068159797160178 2.7314483924316875 -7.0283659293664993
6470 -47.127879820031552 2.3379354354956163 -6.7503507013226276
6471 -46.350867353463087 2.1528506363192008 -6.4418053910244577
6472 -46.054841156879917 1.9901008754148108 -6.6215029928353371
6473 -45.780787805111004 1.8097447475804671 -6.6989107272618851
6474 -45.466273041239901 1.6056568314137323 -6.6611705115697255
6475 -45.285093304760466 1.3815028359371126 -6.7503958093815388
6476 -45.069299296652446 1.0816311795575189 -6.9388497120810761
6477 -44.814711753646662 0.57243006501420979 -7.096920766195618
6478 -44.110691497551613 0.11982561355686983 -6.9012233455549534
6479 -43.421997421823676 -0.25007579040801886 -6.6849234095538659
6480 -42.856330533670359 -0.43495961270427586 -6.5028478331223187
6481 -42.166133858051978 -0.51374061087217626 -6.3207134056347449
6482 -41.431589936968805 -0.51986485538068195 -6.1743916561393775
6483 -40.435647143213686 -0.53519703102755045 -6.0277129568006345
6484 -39.35427405366724 -0.67545014082809729 -5.8942946362650481
6485 -37.969486433796817 -1.0353604686108397 -5.73320918464076
6486 -36.435230801364384 -1.6662706070333684 -5.558047916051434
6487 -34.987778539384919 -2.4514915641219233 -5.3921246969355892
6488 -33.29127177232499 -3.4946404291919038 -5.1983699588940446
6489 -31.706706805296847 -4.5346236870339354 -5.0072283487911537
6490 -29.814114795882205 -5.7349283148510182 -4.7769438652841405
6491 -28.012148894750851 -6.7595433242190808 -4.5737438511767099
6492 -25.826697712398385 -7.8007442114316916 -4.3475680841893034
6493 -23.723245947561509 -8.5352031985294161 -4.1258521374430011
6494 -21.189042022454373 -9.0558139934497035 -3.8463638891851488
6495 -18.759476190742106 -9.0967593740384416 -3.5599914954477612
6496 -16.033743547969465 -8.6101736639601825 -3.2357614693539922
6497 -13.688342289153127 -7.5968060443245946 -2.9532655384733992
6498 -11.36305580341741 -5.8622563689738172 -2.6503524246911354
6499 -9.598091332685641 -3.5690311063422939 -2.3698139371051621
6500 -8.6191007829662567 -1.1918709901537028 -2.1705128089955537
6501 -8.1578936233708532 1.6283717000032851 -2.0075511715146277
6502 -8.3623729083751357 4.0774666508587245 -1.9185663819988648
6503 -9.1499168250180389 6.6048440657710898 -1.8706255068854638
6504 -10.311422541129929 8.4661641138147985 -1.860825958590592
6505 -11.931760631560735 10.080961471175016 -1.8799109192154244
6506 -13.535435961947428 11.005712580567348 -1.9056799402059355
6507 -15.343855205200583 11.537519551398134 -1.9199788018950947
6508 -16.815885625751662 11.555823013461293 -1.9115134230946662
6509 -18.291726703268722 11.195420397630699 -1.8620809366263504
6510 -19.436755763475816 10.503725432176395 -1.7603234800432652
6511 -20.138738261481535 9.7004979699963485 -1.6235483641194453
6512 -20.626098677032331 8.6752045347470244 -1.4268727921832074
6513 -20.75105664179361 7.7751065304396292 -1.2313426947958099
6514 -20.626503880541208 6.7867950626619802 -0.99020796294844082
6515 -20.293353518312102 6.0178850989119042 -0.76121382145727789
6516 -19.723702238292049 5.2651811796477404 -0.49932754498018816
6517 -19.085253560492902 4.7463466816242601 -0.2816598385638347
6518 -18.289417225916594 4.3402227472589843 -0.064232494092273384
6519 -17.55568022252146 4.1421695288418476 0.10693643186016466
6520 -16.727567165584389 4.0733418881715551 0.27402293450099791
6521 -15.9296448662096 4.1453228235813242 0.41780360977153208
6522 -15.25915711197564 4.3096330704416204 0.52301345143857603
6523 -14.552288885748965 4.5811792070809929 0.61970221098195832
6524 -13.975844452060784 4.8852293860833171 0.69056899166523422
6525 -13.381465124483725 5.2746888303473369 0.74986968691463662
6526 -12.891366545100993 5.6524911701388518 0.77916595456839621
6527 -12.373479451956456 6.0892888749362797 0.78120960154461772
6528 -11.95460040947134 6.4597905674142737 0.76435765491886087
6529 -11.738437416095451 6.7842372186798414 1.067749828309875
6530 -11.65822949952431 7.0392352119186938 1.271916266575734
6531 -11.597761892010396 7.337708223264201 1.4129660159714219
6532 -11.564837158522323 7.6050592098230965 1.4650453959444669
6533 -11.559015308782108 7.7732028566937643 1.5593920394799579
6534 -11.561674805481516 7.9033615874503624 1.6111194867747094
6535 -11.566360544092731 7.9467156043121392 1.6266831656306424
6536 -11.570887934893307 7.953644356909976 1.6272773195905605
6537 -11.575695620827275 7.9582117980986382 1.6273078453039171
6538 -11.580499146057576 7.9608722966451992 1.6271995886953108
6539 -11.585813434682677 7.9633958250265238 1.6277124428711982
6540 -11.592015693441397 7.9794123833143047 1.630022585486528
6541 -11.599265816479971 8.0154817578561861 1.6352252919161181
6542 -11.607389530317761 8.0592718815774518 1.6420167357750484
6543 -11.616779961561633 8.1204349414949633 1.6490443507692256
6544 -11.626383559290673 8.1878169286956037 1.6398981623011051
6545 -11.63596526836389 8.2810031084978064 1.6207275267551142
6546 -11.64379015719544 8.391271185215075 1.5865884861030843
6547 -11.645830069817009 8.5459181077540691 1.5094284952201997
6548 -11.632602388102953 8.7044310613976634 1.3410663960555689
6549 -11.654811195068788 8.7621013677048296 1.3660296835416794
6550 -11.655914937850042 8.8530309125899578 1.2182941049916591
6551 -11.702277162624796 8.8454467131348764 1.0749018191969886
6552 -11.840070205874895 8.7538795607757933 0.97645402158432315
6553 -12.015625258491298 8.6287201450153717 0.79339491455741129
6554 -12.340706144261475 8.4714963680085376 0.66027506905404243
6555 -12.70253791427993 8.3407728921251376 0.46226678337977489
6556 -13.236173416381149 8.2830329782161058 0.3899255536077697
6557 -13.747625064100561 8.2695497503418665 0.2941042414856474
6558 -14.385356917236408 8.3061676781925939 0.14720527013356044
6559 -15.052151304792915 8.4852283016795482 0.087964903925180415
6560 -15.692742299418342 8.7076888043722533 -0.00245283068943003
6561 -16.510757778101237 8.9801061502976296 -0.51494764154172401
6562 -16.890072037150418 9.4008905620320249 -0.86963695264288976
6563 -16.914906604128873 9.6893080531562745 -0.98554817291057173
6564 -16.739730018574363 9.8129908192636606 -0.753516686791599
6565 -16.495693763518517 10.272374245324336 -0.08501344056772453
6566 -16.817949482925144 10.854501545472552 0.010626829470320232
6567 -17.158965123713784 11.586910117482326 0.21191419347198348
6568 -17.021799192454125 12.128667206362351 0.38715458347644649
6569 -17.342844679375048 12.122487468716166 -2.4155387661503394
6570 -18.557193910284496 13.006938759307452 -5.2583912097409264
6571 -17.552887176291335 13.528915192560468 -5.2200304999969216
6572 -16.377841048439564 14.105912637321353 -5.2107548073341796
6573 -15.246631849913143 14.565098157587435 -5.2247978838718154
6574 -13.925596183933692 14.969871822524489 -5.2674718578410982
6575 -12.708030818349101 15.206955062953746 -5.3145315342803201
6576 -11.327094483116497 15.362347320395848 -5.3863929848862284
6577 -10.115847054304339 15.415187584059154 -5.4744254193562334
6578 -8.8221642805432055 15.411800855014775 -5.6013945857845115
6579 -7.7328104713485573 15.349565546555354 -5.7353464745375859
6580 -6.5896507572049927 15.219006043171767 -5.9300491096636243
6581 -5.585283777475837 15.011137986667919 -6.1743811756654949
6582 -4.803263057036844 14.734069579680018 -6.4224517664600675
6583 -4.0852803332233236 14.32855016013054 -6.7460475490670575
6584 -3.5948066558907215 13.869520514852006 -7.0746842383618223
6585 -3.2382983834170602 13.301023079752987 -7.4775158831861823
6586 -3.1147674826560205 12.742046800741157 -7.8504129820541166
6587 -3.2029571699948178 12.136567461371826 -8.2692793667335138
6588 -3.4837401551351377 11.682833718767299 -8.6188254501278294
6589 -3.9427603630756778 11.334474717567581 -8.9763952691894833
6590 -4.4264467827812553 11.181125397842102 -9.2455919633596491
6591 -4.977298551040235 11.156053562059029 -9.4908054208201804
6592 -5.5157371900891405 11.250960852061681 -9.6616011089528566
6593 -5.9696777438815332 11.390374111133497 -9.7459902291241303
6594 -6.4593318464299614 11.563344553065917 -9.7754227885530618
6595 -6.8617849196524787 11.692641166163014 -9.7439343504319744
6596 -7.2753199077100703 11.783416230891504 -9.6397302848721331
6597 -7.6006689051513661 11.799069740903505 -9.4816750550175684
6598 -7.9050622282132395 11.731615121221239 -9.2352682409419771
6599 -8.0974771789144597 11.623452267777523 -8.9731763370756905
6600 -8.4408577351514111 11.412433147978902 -8.799265501544788
6601 -8.8490718747492565 11.10959316154748 -8.7739902040951598
6602 -9.2976614055752691 10.747633901244043 -8.7102328847703987
6603 -9.8347463529868833 10.202086604582433 -8.5004050200220256
6604 -10.304038386327221 9.5397931393357851 -8.4303431611843749
6605 -10.857028808495215 8.6162704054885921 -8.3350866608397371
6606 -11.209573760899303 7.7998675742798014 -8.0704178625992942
6607 -11.391031885972723 7.0652451593412593 -8.1644683651060355
6608 -11.589294545924986 6.3010756040065132 -7.9686493309901421
6609 -11.531791749133987 5.6955084035454746 -7.433351032892956
6610 -11.708062452292296 5.946356408711253 -7.3805415416230478
6611 -11.907819627597803 6.3127751401693644 -7.0362916858235494
6612 -12.418212987802917 6.7643325606596534 -6.5202778424490591
6613 -13.351860784281001 6.8434084928654073 -6.2777596692846611
6614 -14.183739069849508 6.6669303146768755 -6.1118336253279528
6615 -14.920601742374828 6.290659388323391 -6.1989358381094473
6616 -15.784786261645422 6.1521791958596737 -5.7043306985554478
6617 -15.862655602253312 6.0168660851283988 -5.5089631301498549
6618 -15.793303562143763 5.9535015627027548 -5.3510868230214736
6619 -15.723043969762386 6.0429752395056511 -4.8856989152581285
6620 -15.613152889349294 6.4086135495389129 -5.1001002884278215
6621 -15.541367699000801 7.1108707466487004 -5.0279150196202007
6622 -15.5323441913539 8.6570120538257385 -6.211700144392827
6623 -15.284746338078691 8.2497288590022038 -7.4952989591918913
6624 -16.090510168536269 8.4676628407914052 -9.0499289334608282
6625 -16.835525220284268 8.0132054541428204 -8.510179143826381
6626 -16.757230861170939 7.9371182785121022 -7.8538552388290572
6627 -16.680568996746899 8.6617366188985443 -7.1665601668043442
6628 -17.1341448110214 9.3538713060451499 -6.4778348906855241
6629 -17.408690767124966 9.5631355852760436 -5.6900271592026987
6630 -16.930005345876197 10.00248392182796 -5.3254143668791993
6631 -16.229618916112486 11.24440851049377 -4.9290818053835723
6632 -15.97314346624205 13.091815065342971 -4.5119527664541046
6633 -16.281629096820552 14.753662464718261 -4.9042935739857914
6634 -16.46816182186322 14.914254793420227 -3.6910153985789727
6635 -16.778707090439013 15.177276145628525 -4.0083447546546216
6636 -17.003004382771053 15.096367871588029 -2.8389713322291201
6637 -17.038244481896612 14.981468052645553 -2.3085680596046929
6638 -18.34939070096118 14.115208017603905 -4.5124575425044835
6639 -17.555511180546404 12.567691560413778 -6.6801511760203471
6640 -15.093903213225587 12.387246359244145 -3.2968015344363417
6641 -14.163720411495746 12.752672234202322 -5.7605147909654528
6642 -13.621419826900762 12.906016332188827 -6.3597124630240938
6643 -12.359568239246897 12.886179072516256 -6.5055704043046472
6644 -10.694589982265569 12.758307574481989 -6.2889570860962056
6645 -9.4370721511193381 12.966387853947822 -5.7182773138542053
6646 -9.2992631201113056 13.132461352593623 -5.3629692167396747
6647 -9.8952748701948394 12.705023510438664 -4.3181470632011969
6648 -9.278105726690427 10.624337939106354 -3.2559346660571387
6649 -8.4529027769802383 10.379751083960031 -2.4581206619146294
6650 -9.7104412337174608 9.3654100882896216 -3.0738648831194308
6651 -8.6041780471342975 9.3478966007778155 -2.9011273653394998
6652 -8.3670529219329239 9.351285613321707 -2.8417945169098626
6653 -8.3390195572777941 9.2972161490172738 -2.7751391433088668
6654 -8.4571484321604657 9.2071883976202713 -2.758932988217115
6655 -8.2701514876012823 9.2655695439648156 -2.8340805860653813
6656 -6.8531526115235408 9.5533615181812621 -2.4578114620296487
6657 -8.0875580561973948 9.3834233825708395 -4.3923696123561928
6658 -7.0566777543322132 6.081908856153845 -4.6504871478413925
6659 -7.3128801642521637 3.9521018873458615 -3.4819232296422324
6660 -3.0725883641746066 2.7884650579412664 -4.3048832680621238
6661 -2.8505194327227912 2.6467242936378881 -4.85038378450324
6662 -2.7324686510769709 3.4874626122143155 -4.8145986552029552
6663 -2.5099198061092522 4.8441591983519743 -4.9436075807628086
6664 -2.3643955947191557 7.7054742844018165 -3.3735400128529749
6665 -1.3512286438538581 8.0975088060308025 -5.0020303337815335
6666 -1.1743130541410665 9.9173165203196163 -4.0218193016279242
6667 -1.2847407442451129 9.9116399189485946 -3.7431009487845945
6668 -1.4873908469751882 9.9489807742223633 -3.6314351728193923
6669 -1.6909604400644866 10.050513344229003 -3.7758059258878607
6670 -1.7588511084072707 10.159652478400176 -4.1029058307067352
6671 -1.6505710192621734 10.240799731736161 -4.6218812549488488
6672 -1.5141212323045181 10.247341805837436 -5.0963511219220843
6673 -1.4620883108720761 9.9255892795181637 -5.502623980702996
6674 -1.4016161421331503 10.109637645370881 -5.3186059884203996
6675 -1.3364484955899911 10.106332658753772 -5.4703365097124106
6676 -2.66472789130313 8.4457884340705078 -6.2772696471118419
6677 -1.7618590096322748 8.7071954987847988 -5.5830163962767738
6678 -2.7697233004350892 7.161282232759504 -6.6283356003204164
6679 -1.8164070556835838 6.7170714045863065 -6.8767847648413802
6680 -0.22495763839000915 6.1243194166992652 -5.9699026487704376
6681 -0.98295233414302174 5.5361067687782963 -5.7938377755408546
6682 -0.99277444340032162 5.1409989595533716 -5.769281188394892
6683 -1.7158474433911977 4.8808572530941063 -5.5350036198691859
6684 -2.059807999912465 4.4706860214161566 -5.6380134985967238
6685 -2.6603005511229867 4.125176640965563 -5.5957258432722954
6686 -3.3081976138502114 3.7347190375416943 -5.5606001980567914
6687 -3.9442933721689712 3.3573537262872719 -5.4783420245146095
6688 -4.6569576411274625 2.9139825865324411 -5.3304106536116835
6689 -5.2459070729913719 2.4198522194869128 -5.2555251343534666
6690 -6.0027232736508438 1.690754864459322 -5.222527320920662
6691 -7.5224613260949127 0.63580242271304144 -4.2737114753245535
6692 -7.8162958895358656 0.98617529163850293 -4.0527323255960201
6693 -8.157322058906658 1.9415315594824847 -4.8148492251193202
6694 -8.9297600287943055 1.4920798232777486 -3.4963930661862195
6695 -10.472028785034723 1.9023647684480238 -2.5684414600142871
6696 -12.66348152304036 1.0015103101492429 -2.1507808451953707
6697 -14.348092997593938 -1.0985179011208999 -1.7054516639238917
6698 -14.409614012141503 -1.5611402733564574 -1.6500647060651301
6699 -15.22224862941988 -1.1704922902794834 -3.6696663343826135
6700 -16.13692593157657 -0.16647450838422628 -3.9794418104118643
6701 -17.163579074480396 1.4603707892221252 -3.7659401556844996
6702 -18.282900170947386 1.9470840482997005 -2.9300987699248182
6703 -17.505989708755777 2.0172258713504334 -1.7146472180867367
6704 -17.724624737107661 2.2658234022444788 -1.0567066377101408
6705 -16.090421612346887 1.5421798859892277 -0.96450348717446666
6706 -13.867842159093868 0.80270336088116778 -1.3854811648389287
6707 -14.00245256971823 0.70302337532123715 -0.77881308835767182
6708 -11.626193637647447 0.69561040707823452 -0.65463300184014184
6709 -9.2663208870181109 0.97212301128406864 -0.97073420070698813
6710 -8.9886359829666276 0.37497924482512701 -0.98788865557649386
6711 -7.7352365268977792 -0.55816719098181977 -0.9669378592176967
6712 -6.4273500532293326 -1.6875530860377523 -0.97099315488097293
6713 -5.3364339228205324 -2.9492030663949294 -1.0780180894413665
6714 -4.7001002191599355 -4.169564459668905 -1.3118411116070634
6715 -4.5491269013044757 -5.5189870088531023 -1.8222601266359242
6716 -4.8011307826788823 -6.5192552916426791 -1.8707090992495892
6717 -4.9920320570846002 -7.0886415099290332 -1.8170946103370789
6718 -5.0834075960415532 -7.0307769389469712 -1.7642175968614586
6719 -5.4504199100108224 -6.3770379745529056 -2.219386558207125
6720 -5.6196351652846204 -6.8453621349349874 -1.6954389877837142
6721 -6.6256124563386152 -6.0149480484207345 -3.0019953818589289
6722 -7.571537450542337 -5.8180393275948461 -3.5924397217909916
6723 -9.1304867556588079 -5.720687572048746 -3.3347954872008234
6724 -10.205806183452751 -6.2359278360400197 -2.0660589716552784
6725 -10.496618960325549 -7.1120399732045456 -1.7136660022713945
6726 -11.148441290319255 -8.4237279743976075 -2.6410245347172272
6727 -10.829295466311606 -8.2821502047982563 -2.605668601336228
6728 -10.371696139332471 -8.1985585254688829 -2.2385677670918014
6729 -9.8817658562725796 -7.9190387595305083 -1.7408496284611252
6730 -9.4823184374281766 -7.1534586445431216 -1.2427663918980469
6731 -9.553950453661173 -6.9459269850945873 -1.20130357623548
6732 -9.8773536223701512 -6.8703206535838603 -1.7633162913956522
6733 -9.9575050459064585 -6.3625468591411618 -2.2316513619648597
6734 -9.7964582567248044 -6.1501287395050213 -2.2903421919990894
6735 -9.4146318776421367 -5.7969430281572727 -2.2114297142829047
6736 -8.9065920206042506 -5.4303971520408822 -1.6267367195024836
6737 -9.0994203679931047 -5.7773674557047059 -2.1227104785005171
6738 -8.9014001761839552 -5.5620552288300189 -2.0806781078199608
6739 -8.7520509760027778 -5.3093044782172854 -2.1180393075075865
6740 -8.7568644266552269 -5.4205283010144569 -2.096782696590556
6741 -8.7201817284221761 -5.4986843483705172 -2.1022936354301178
6742 -8.6928801212914095 -5.6507557789418286 -2.0241419957899147
6743 -8.5301290983915408 -6.3059722853323876 -0.81675130707671251
6744 -7.5306578572408966 -7.0625332844081754 0.11874186843459089
6745 -6.3557649540913701 -6.9245854076359024 0.19125328767824468
6746 -5.4004741330611239 -6.7422544076699751 0.23188517372148953
6747 -4.6311498263941644 -6.5718290769981138 0.23353914812651522
6748 -3.7833488685863301 -6.3631711188861289 0.28613483278918617
6749 -3.0008000778047972 -6.1827058604936269 0.17304378168537493
6750 -1.9537252247046126 -5.9531802682609509 0.39168959259368763
6751 -1.1325756633407593 -5.5880230274925395 0.51848360955135009
6752 -0.074181226201403661 -4.9818033461509401 0.60059777314022833
6753 1.3064453186954381 -3.9550829558933174 0.97160148914660649
6754 1.0341582390675796 -4.447751269704213 0.68090242585286354
6755 1.5014137055567005 -4.0186811625613643 0.81120977290169782
6756 1.6104402553139892 -3.886374732135863 0.75946110721436577
6757 1.4522601660178509 -4.2033363020867114 0.31500560861250015
6758 1.9496731834857428 -3.9874156887314598 0.3313257259835829
6759 2.5729915331812094 -3.4927305490925278 0.91049348959027165
6760 2.4512103609933718 -3.2659398012313261 1.0859199425309294
6761 2.7884970103635283 -2.5067096175374104 1.2157844139909686
6762 4.2168897894144663 -1.1174639950320397 0.53360211832649584
6763 6.1031835064998745 -1.109008072261588 -0.40107701253768924
6764 6.5003375754805575 -1.7211114600477231 -1.6128757759397936
6765 6.2727090151974494 -1.2495740974950138 -3.3296055382572876
6766 6.0273398995250602 -1.3194544986139363 -3.1734888457972277
6767 5.221230204108366 -1.3374440194331498 -3.0793059429377525
6768 4.3907750913547261 -1.5748500298274735 -2.6388671093751825
6769 3.059281253422796 -2.2303473570711958 -2.8027310068139504
6770 2.7670965603058733 -2.4575505472991495 -2.560970077308836
6771 2.1629002558501043 -2.9087709588582129 -2.4570069701764052
6772 1.1021938383120755 -3.8345374524915883 -2.2740759702112641
6773 -0.58652625625228438 -5.84205261390224 -1.8567257352103019
6774 -1.1228125410959251 -7.8920659903435535 -1.5444502435561613
6775 -1.1564202281631992 -9.6738747213636884 -1.6225261779437954
6776 -1.3221544841083244 -12.300269378744247 -0.81206149923161375
6777 -0.68312303419912723 -12.983278240118779 -0.77517102372030067
6778 0.41718941430687551 -13.718429877829806 0.032145065344306722
6779 0.29312022417417438 -12.822793654173495 1.6181393790983707
6780 0.64729188312804808 -13.307612731184349 -0.21168666206678699
6781 1.8332068486612911 -13.707825514476411 -0.45868897851424384
6782 2.8470840426462587 -14.21104980205746 -0.5965932857962164
6783 3.9675528044061821 -14.844606190111307 -0.66404689373669878
6784 4.9694165103270507 -15.391842810454136 -0.63822762077499462
6785 6.1266696230071602 -15.904619578682514 -0.49674209538108194
6786 7.1690522945731345 -16.174253592114098 -0.25134606645756641
6787 8.2736036345280013 -16.153484568226617 0.17558752822954293
6788 9.0529737695257495 -15.78280710772853 0.7138929733591457
6789 9.8716885075872938 -16.071167488297988 -1.0186170274398147
6790 10.233545829627701 -16.871366913943973 -1.270174478892264
6791 10.635813386310502 -17.785433772180852 -1.0412379426615779
6792 11.046546118890433 -18.559703156058646 -1.1110065659177772
6793 11.39129541537153 -19.296538469500007 -1.1501711683629603
6794 11.287130261536333 -20.107861943533493 -2.0508395654305698
6795 10.910236101498214 -21.678942627560076 -2.1384767364696744
6796 10.692402706652388 -23.52919688371199 -1.4642526150908486
6797 10.74862331795606 -24.32470071055414 -1.5351621164869158
6798 10.71775239933379 -25.064035654054948 -1.6080038472174936
6799 10.613164998862203 -25.509285967714362 -1.682120150266682
6800 10.585150538994071 -25.836550951654232 -1.3992683959075563
6801 10.602147003097997 -25.929015310739032 -1.3177627443946598
6802 10.547046982305858 -25.809202775154489 -1.308499635244921
6803 10.430014227825666 -25.446026379838457 -1.2527685474038104
6804 10.264733381933837 -24.998122270025988 -1.1871685329120885
6805 10.005759390174319 -24.379811505467956 -1.0623564109381998
6806 9.8643882688041913 -23.759954457008092 -0.09101504676824046
6807 9.5796603418812083 -23.696123230078769 0.10928810986738258
6808 9.5846793230213905 -23.706369600241942 -0.02535394613430908
6809 9.3640145570378479 -23.870188775217002 -0.89147392198499054
6810 8.7099262283460916 -22.884685400720286 -0.058044174171153706
6811 8.392948555958526 -22.993932714622986 -0.77849560953880959
6812 7.3392320152264858 -21.879063787389015 -0.29148437040300168
6813 6.5115298105879162 -21.573902433781967 -0.035057199354294521
6814 6.0172045091167092 -21.507727893240684 0.19504718726697989
6815 6.0734290041780241 -21.506803320901781 0.00098068772712345265
6816 5.7060850204387066 -21.515705325123037 -0.12394280761861687
6817 5.7878410318350859 -21.508051010225671 -0.0080321233804472314
6818 5.9126811202411886 -21.49426805832374 0.056919589205483234
6819 6.0488942652558819 -21.483047504019851 0.061101547056827243
6820 6.2560554766621976 -21.46280167338557 0.098387051229734901
6821 6.4933587321853281 -21.427250109843271 0.14632153169963513
6822 6.8500335796785805 -21.37732085933078 0.073862596858926155
6823 7.1155684885910944 -21.376602893405362 -0.089284659352331097
6824 7.1995448188269222 -21.468098685245025 -0.54934389205682699
6825 6.8113569631290147 -21.392912718615747 -1.10904776382284
6826 6.3955312755934131 -20.986997284693217 -1.8815578440004872
6827 6.3133818195592539 -20.38859386773845 -2.8417604463520334
6828 6.1061286419508463 -20.449732867318914 -2.7319775631036922
6829 6.0489649820945885 -20.534583087769192 -2.2431806826656029
6830 6.3532386723645686 -20.186071722782145 -1.4919362847104591
6831 6.2860458464945452 -19.218606207297341 -0.47833432067459025
6832 6.1301763581753619 -19.455454765682475 -1.4992751856804651
6833 5.6621223635150102 -19.056490021019528 -2.4362308354655067
6834 5.1807448092844766 -19.130546140783963 -3.4395771205813448
6835 4.6498006282277231 -18.901525036600674 -4.2388518026922988
6836 4.1287058458428874 -18.285337919446619 -5.0516381511681363
6837 3.9349773352399211 -17.492635040247137 -5.7085571772049706
6838 3.9522588704919883 -16.441613344486342 -5.8868294141155992
6839 4.3855563752542253 -15.858547170724478 -6.0817516176178739
6840 4.8750571525546036 -15.744292314252306 -6.382928579769068
6841 5.0075443787351048 -15.848990924072325 -6.7174625749283354
6842 4.9876900478008679 -15.8631117329966 -7.1287739212303443
6843 5.0690659451413183 -15.861751183979123 -7.4838161337578573
6844 5.187025518678297 -16.092160345936605 -7.8254977008396196
6845 5.0415146058362268 -16.613684281632061 -8.0722320921076633
6846 4.5213715105351184 -17.127246189907083 -8.2059279312844087
6847 3.5560364835287714 -17.5651992254964 -8.2664965349735695
6848 2.4350625095566727 -17.742151689509996 -8.2727581432123944
6849 0.9884480615257587 -17.735594647592023 -8.2614889783174803
6850 -0.40194250890530725 -17.592494434699802 -8.2450347342184358
6851 -2.0604119247314543 -17.399000670641357 -8.2305372023832604
6852 -3.5893893188925574 -17.336985630688361 -8.2182949979251667
6853 -5.2440869705186515 -17.539685593954033 -8.1719653220506956
6854 -6.4990564817817358 -18.112654050105249 -8.0705990598551658
6855 -7.3557789061641756 -19.135195215729908 -7.8204170150646455
6856 -7.275134972348468 -19.904467040359663 -7.4193812182690593
6857 -6.8113566427695673 -20.025824424983256 -6.782598707421764
6858 -6.8936455193515371 -19.894883468617934 -6.191725390085586
6859 -6.37779695169192 -19.803580946980929 -6.037312821244825
6860 -5.5232766748472386 -19.685128184795133 -6.3502297130336487
6861 -5.26264211535306 -19.604489536346279 -5.8524493341094734
6862 -4.1499436619339463 -19.014773872982147 -5.9243248592953481
6863 -3.3806849039657152 -18.631324623056742 -5.7870746628482861
6864 -2.607123174108267 -18.100309230099441 -5.6316856514704812
6865 -2.2126856017252123 -17.604024026429471 -5.15332544651275
6866 -1.8419551339057136 -16.285054737266563 -4.9948080504657435
6867 -1.5555840324435621 -14.741317951171055 -5.1908599254926786
6868 -0.15452154991663747 -13.615701700603296 -7.8612646923656069
6869 -0.26520638237346361 -13.709007143066486 -7.9974415137579165
6870 -0.31526159327964365 -13.850512337716083 -7.9531035231424685
6871 0.032278497843435616 -14.474477252749949 -6.8348693071533955
6872 0.48348787990204301 -14.337594235200157 -5.7544374779143439
6873 1.0212521925434146 -13.925182792289633 -5.536292995661686
6874 1.0201865965366039 -13.92405607358225 -5.5351782059741232
6875 1.510534652284349 -13.440185898287666 -5.4788476567465478
6876 2.0086432595582835 -12.880060702483291 -5.4073874352136553
6877 2.2390159616546157 -12.345031710400548 -4.9276406655552929
6878 2.2732658456990293 -11.500667731496776 -4.5378494525275643
6879 2.0457969567430894 -10.666481140134067 -4.3138008409722115
6880 1.5861840458435381 -9.7456495768342677 -4.1722539345125345
6881 1.0668477459975634 -8.808887684353806 -4.3358704299394217
6882 0.7765452812453475 -7.9492023744944049 -4.5468527394589211
6883 0.36651543873441028 -7.1367684908820763 -3.7975360780944909
6884 -0.44895208062959568 -6.4470811889836455 -4.0158919524976842
6885 -0.45082159148884671 -6.446219838536706 -4.0174719046911083
6886 -1.261131026720534 -5.7356078132380333 -3.5578274945204136
6887 -2.2508091199406977 -5.4127861970974607 -3.233005717522504
6888 -3.4125281650811701 -5.4294666356819903 -2.8831383824392294
6889 -4.3275349305457667 -5.7772731198055283 -2.5343822414405626
6890 -5.0687729792661855 -6.4597563611133637 -2.0630015945202196
6891 -5.3112265766334588 -7.178789501783541 -1.5453939299671582
6892 -5.1485919270326974 -7.7948983751463459 -1.0562846539814243
6893 -4.6320304319000911 -8.451294101888891 -0.36897145133261589
6894 -3.7713776448884744 -8.9029329614122332 0.42486039252806052
6895 -2.6940672412239337 -9.289333127870691 0.035855680807972412
6896 -2.4044769540528819 -9.3916073600844925 -0.47648245705968284
6897 -2.2581357394645636 -9.6159104111889064 -1.0201123586500103
6898 -2.1654950163681406 -9.9431019411519799 -1.4370679737284462
6899 -2.3850082361823581 -10.510421535820569 -2.4251141655077628
6900 -2.90404897487781 -10.781115137661857 -2.9059836162140691
6901 -3.5528058194948926 -10.765009440583015 -3.4341571663880321
6902 -4.0259388576195647 -10.343816660256465 -4.3524821625234704
6903 -4.3853666041765962 -9.5546804908860281 -4.1508484194537187
6904 -4.8701383479666163 -8.8043358939687266 -3.9923432756219448
6905 -5.4002725283697544 -8.0669794573757088 -4.1228855980080796
6906 -6.9370445496968216 -4.9487390814049945 -5.2945979010234741
6907 -6.0678476688581497 -4.3080213499859497 -6.5687967844412958
6908 -6.8618022938740921 -4.2180676513850131 -7.0097547096109274
6909 -8.0147982841108103 -3.3342620777364118 -7.2032476890361625
6910 -9.5455988412848569 -2.7536221130611409 -7.7856230056932842
6911 -10.843841813717404 -1.5740280154865331 -8.5120331572851491
6912 -10.982440053922772 -0.31219533216929563 -9.0063690888517911
6913 -11.24304416272264 -0.32059190323661824 -9.2225289579178966
6914 -12.335626075402416 -1.3807747132100872 -7.0209968760941068
6915 -13.455552439667002 -1.4539925738307602 -9.1367930204531369
6916 -8.8724699362955164 0.35938816352052072 -8.2673840292722467
6917 -7.2245893241063186 2.6947672053060785 -6.7931305818505443
6918 -6.5118516091748972 2.5624957559784605 -6.1661489745663047
6919 -3.8633518537023122 2.3748668401545103 -6.6938380886945641
6920 -2.5222027940909868 2.915706599426386 -3.6148029960154302
6921 -3.1933980173112104 3.3011515907010391 -3.7113475972748526
6922 -3.62590920250517 3.5930360042244445 -3.747593042647126
6923 -4.0805366661116693 4.3332307298280739 -4.6576182401667596
6924 -4.0224311317959973 4.2728446109675815 -4.7916961388925943
6925 -3.648280327994911 3.7810650623155198 -5.8389163038784009
6926 -3.6231556275236585 3.3795815121736439 -6.7802286208486624
6927 -2.9618688716381598 2.8215168916861444 -7.2769701229310852
6928 -2.1818717720038876 1.4914585188983835 -7.4401466972546118
6929 -1.5346673231071293 0.13045602165155401 -7.2898989301448411
6930 -1.3004458091118636 -0.53741856963767987 -7.6876410641279733
6931 -1.0797526366591228 -1.6704653871456969 -7.5864597934180846
6932 -0.55174432389159733 -2.7286881954483704 -6.9714929105459102
6933 -1.0471490498712228 -1.9825835032714849 -6.2502251781839995
6934 -1.3125334841334677 -2.3463673930002358 -7.0803058904971943
6935 -0.42940612104592901 -3.1527239239680114 -6.8555848147582132
6936 0.07462122245257774 -3.4086729239728299 -6.7272374054887658
6937 0.25022106473954864 -3.3698201497774392 -6.5271013821729946
6938 0.4590983560969164 -3.3693755410867254 -6.5925650322695128
6939 0.6806651883995869 -2.8316608180391825 -5.29295210138448
6940 1.4829063055165932 -3.1709577725856377 -7.7745056580512637
6941 2.1383859165546824 -2.4741356710021591 -6.2674414375398886
6942 0.85249411941407516 -2.2750741587690015 -7.7983394240458548
6943 0.97458199497921782 -2.4053755608565837 -7.76162555954987
6944 1.0046751208612648 -1.8611845763013548 -8.2336440079462072
6945 0.73079976913930977 -2.8708000648921654 -7.7436036824240553
6946 1.0466249879093823 -2.3483575324696915 -7.6977064824988481
6947 1.1342747868164054 -1.5239962441173986 -8.676930319127262
6948 -1.24360091013736 -2.239081951227007 -8.7953083616140795
6949 -3.8314533291405439 -2.7104292362502349 -8.2474393880052723
6950 -4.2875148032615868 -3.6046682507834191 -8.2225294239663036
6951 -5.7559786302290092 -5.1764789844742438 -8.4018525603162413
6952 -7.2772114575619469 -6.9708913577907481 -8.1563975378889744
6953 -7.4201739792755177 -7.2650705309959278 -8.2214072408956902
6954 -7.6333769393523596 -6.7831835829900911 -8.8930466377399657
6955 -8.776261227589913 -7.7387988410617652 -8.4634434396922877
6956 -8.85243824129671 -7.5131570097525184 -8.4795781845572833
6957 -9.1260520187990437 -7.0268586603971812 -8.8988418572953591
6958 -9.4646454187149232 -7.0382753240889713 -8.7302756599049562
6959 -9.9646952444579426 -6.6570271481975567 -8.1465936895112776
6960 -10.166840846410906 -6.2592864844934866 -7.4889734361779823
6961 -10.408038379559827 -5.7927376424740089 -6.7377550149081431
6962 -10.669050144143256 -5.7367954593072454 -6.3750698876279213
6963 -10.431027841711085 -5.9197831502344798 -6.653899330977727
6964 -10.718522589216803 -5.8977434058818972 -6.2125481021525193
6965 -10.187455957164531 -6.0295124209236235 -6.5755307186656209
6966 -10.444818916165531 -6.0962541135485537 -6.1895443336899465
6967 -10.394736811244712 -6.3094717347921687 -6.1178787272707007
6968 -10.130057750232112 -6.5852591951271791 -6.437946285878243
6969 -9.5293675068615471 -6.679783310075436 -6.2825553674516659
6970 -7.4734823532364771 -5.4383853335499168 -6.4141795144248857
6971 -7.6003755973141836 -2.8550797598383326 -6.5236843574302021
6972 -7.6094052610573613 0.042758561939336914 -6.1794363007368469
6973 -6.1115061618864956 0.53661397695105961 -6.0309435981458508
6974 -4.1168498371458213 0.75054821349380063 -7.3603405862834999
6975 -4.7882322579931724 2.1496647902085897 -7.8259030403643992
6976 -4.6217844188096819 2.8867205804317848 -7.5840414228774442
6977 -4.1304213161275527 3.4249330203540467 -5.8527551130726021
6978 -4.3210612197371745 3.0239890562940559 -7.1853865750245198
6979 -4.4331346406640648 2.7347931057068706 -8.2379044855634316
6980 -4.7850375780732293 2.0567747548464013 -8.4249230677687859
6981 -5.2404753285484844 1.3992449242687144 -8.4475552924468538
6982 -5.5558239827375075 0.97363384824421928 -8.5208839680814741
6983 -5.9143479601046067 0.52190391076460685 -8.4959679557561625
6984 -6.1733742748589862 0.15383011767210064 -8.3965746760673685
6985 -6.3724025977104191 -0.15939696890613675 -8.4367322880419238
6986 -6.5416243015442035 -0.43434343178122958 -8.3514077721819042
6987 -6.6736340325618073 -0.68254248830851338 -8.3261847533378557
6988 -6.7600444244255016 -0.8595849474278765 -8.2796384966750765
6989 -6.8354961368362979 -1.0246973968016562 -8.2571271833037621
6990 -6.8826760820114998 -1.1290380696947864 -8.2504789357943586
6991 -6.9158767542012072 -1.2006403941362009 -8.2459892039944336
6992 -6.9282237101695046 -1.2200222706218966 -8.2855649171254022
6993 -6.9313731810109971 -1.2228585399338101 -8.2590657786804655
6994 -6.9340212980368392 -1.2245401305894461 -8.2355478403850064
6995 -6.9373517861579899 -1.2229864710634359 -8.2383687209792047
6996 -6.940377142667586 -1.2207638605719495 -8.2407092682540029
6997 -6.9453299209500585 -1.2159504823766554 -8.2752545233696289
6998 -6.947865223656521 -1.2139224913073008 -8.2736348388409588
6999 -6.9484015525744098 -1.2151633482740323 -8.2389664258664261
7000 -6.9505460120143709 -1.2137011196990244 -8.23410242950035
7001 -6.9524017518500898 -1.2119178771853569 -8.2294388135567758
7002 -6.9544238590912073 -1.2097936705252721 -8.2277107661106754
7003 -6.9564992560679855 -1.2075814860424714 -8.2273860976651605
7004 -6.9585198722664074 -1.2053257841334784 -8.2274091765895232
7005 -6.9607024962685387 -1.2029493056980556 -8.2297888382617153
7006 -6.9629246684235966 -1.2004692269945849 -8.2321075718829277
7007 -6.9663443365968192 -1.1965719540156243 -8.2494258144281645
7008 -6.9698093236705461 -1.192775199608775 -8.2680825614509139
7009 -6.9700017142700688 -1.193718594905306 -8.2322744872739833
7010 -6.9718592105498089 -1.1916549222869719 -8.2264973184878301
7011 -6.9741353813155911 -1.1892040231434748 -8.2241937161489602
7012 -6.9766265511202619 -1.1868447925600094 -8.2242647939922815
7013 -6.9789931927577982 -1.1845170835735246 -8.2241097332055269
7014 -6.9811658585874454 -1.1819750829807276 -8.223864773570325
7015 -6.9833107724281547 -1.179792535540642 -8.2233049756728498
7016 -6.9853650905216114 -1.1774688899260894 -8.2226614879158895
7017 -6.9871211283461605 -1.1753688474110504 -8.2212104904163468
7018 -6.9891398482235445 -1.1733313687383884 -8.2225678754199141
7019 -6.9909187297444362 -1.1712110927320509 -8.2236744768083074
7020 -6.9928466230314825 -1.1696984637328569 -8.222562620541094
7021 -6.9946342965111796 -1.1678383592076784 -8.221650556431424
7022 -6.9966614895398607 -1.1661967457538935 -8.2213650176677966
7023 -6.9986793753963639 -1.1644949791063226 -8.2212426999980153
7024 -7.00082691983053 -1.1628127940188477 -8.222033586963402
7025 -7.0029615243705621 -1.1609299584126234 -8.2217301162739567
7026 -7.0050145435078832 -1.1591767937481592 -8.2208047381903491
7027 -7.0072440768604451 -1.1576482089293023 -8.2198771574292842
7028 -7.0092545048629802 -1.1558510438117224 -8.2194400708348496
7029 -7.011492558194476 -1.1543433157106193 -8.2191374826002104
7030 -7.0134377534298267 -1.152422459901473 -8.2192815216855664
7031 -7.0154652870185714 -1.1507780264004879 -8.2198712383261885
7032 -7.0171862529799114 -1.1490892303401949 -8.2176252020901366
7033 -7.0189743929894917 -1.1478829342578933 -8.2154917006219677
7034 -7.0208790566732944 -1.146095114594516 -8.2152970876054994
7035 -7.0226969953695857 -1.1447179241378933 -8.2153474125540047
7036 -7.02456581042469 -1.1429138891332116 -8.2155778747413706
7037 -7.0264095930336907 -1.1417512185877001 -8.2153702624551173
7038 -7.0282741433391038 -1.1401835161094596 -8.2154489008925378
7039 -7.0300514550662569 -1.1386362054415429 -8.2158543599863876
7040 -7.0320517160757845 -1.1375131924812791 -8.2164935214269903
7041 -7.0339752341662063 -1.1360322669670069 -8.217832077634295
7042 -7.0359472006091153 -1.1353273437905784 -8.2178662689099262
7043 -7.0378173373849791 -1.13411879698306 -8.2180573122791394
7044 -7.0400115287513074 -1.133311065614663 -8.220764877041006
7045 -7.0424667545720183 -1.1323191181273558 -8.2234775689023465
7046 -7.0463744279153104 -1.1291352792500504 -8.2513862938857141
7047 -7.0467046747008055 -1.1300974357114484 -8.2253015070257334
7048 -7.0488940598948489 -1.1292930672236565 -8.223942176324206
7049 -7.0524546925880713 -1.1263812337405454 -8.2416575783773496
7050 -7.0562338903754664 -1.1239382724650255 -8.2623275090797517
7051 -7.0585741348189117 -1.1231285859787903 -8.2607819552542292
7052 -7.0591241567522047 -1.1251568694216871 -8.2269650829483894
7053 -7.0614757883616619 -1.1239640546669278 -8.2272452280097994
7054 -7.0662636290230694 -1.1285447605022796 -8.2277761363772921
7055 -7.0759764377902741 -1.1465740350903957 -8.2287581884904526
7056 -7.0917629610022459 -1.1800790427193988 -8.2296604460551279
7057 -7.110427534045499 -1.2209976694221183 -8.2262190216284612
7058 -7.1348139521230962 -1.2770435525695376 -8.2199913171793533
7059 -7.159729327070977 -1.3333503217196068 -8.2346930451814764
7060 -7.1918143990108092 -1.4049998609206256 -8.2496720662605902
7061 -7.2248092693464798 -1.4805261149311661 -8.2122654200867551
7062 -7.2617874837001466 -1.572933634942089 -8.1995009200085658
7063 -7.2963625078733969 -1.6616717042973903 -8.184601637656586
7064 -7.3359168130503463 -1.7716615041851469 -8.1645380374688425
7065 -7.3736133454328296 -1.8852163926851802 -8.1434183051673799
7066 -7.4142713458151093 -2.0105462738855522 -8.1330096162641006
7067 -7.4619858260960825 -2.170195018183577 -8.1007592101404988
7068 -7.4987877075735128 -2.3123519364969241 -8.0587228977718546
7069 -7.5294481165943523 -2.4469921539834729 -8.0367520970235358
7070 -7.5452389953447607 -2.5149780613683959 -8.0198255441692901
7071 -7.5502541995406887 -2.5226254933276664 -8.0150791899120648
7072 -7.5541631492833687 -2.5225932782693832 -8.0115789285349877
7073 -7.5582305148050466 -2.5225569469840394 -8.0080513869779129
7074 -7.5622215781951638 -2.5224827541322128 -8.0044453949418077
7075 -7.5668293597198897 -2.5220193059532221 -8.0046777002817855
7076 -7.5714890853860197 -2.5218968147042489 -8.0038034954193407
7077 -7.5799127554117547 -2.5441506887476066 -7.9996532172097972
7078 -7.590369377929818 -2.5814982283785213 -7.9922548307298946
7079 -7.6050720016880575 -2.639495773376666 -8.0166561038207291
7080 -7.6279792718850956 -2.7334629447664867 -8.0105255612956086
7081 -7.6650615707295628 -2.9244280775699565 -7.9465106096752915
7082 -7.7004268393332325 -3.1674535749910149 -7.944373177113869
7083 -7.7540247713322685 -3.5875386868082302 -7.9048946659296151
7084 -7.8118783880021283 -4.0912861099967159 -7.9514430668105192
7085 -7.880352710548749 -4.808530266850596 -7.7872029650388415
7086 -7.9164663857215203 -5.3538760904596927 -8.0241135000442796
7087 -8.0440739550299725 -6.3407686188510155 -7.7335571880349807
7088 -8.0050837928863814 -6.4536216802772799 -7.6354791216365578
7089 -8.018173203885965 -5.9424933654966168 -7.4452403662741302
7090 -8.3928820644322286 -4.498028135022679 -7.5271198585138919
7091 -8.4804539673974091 -3.0846418099518615 -6.5787715577753296
7092 -8.1851351120729987 -2.0851006963181504 -5.3628014033774383
7093 -7.3964481381599967 -1.2933054975668057 -4.7934832770599964
7094 -6.3249415989535862 -0.20313163077361196 -4.8911423634998563
7095 -5.6349153213897125 0.58088513060150149 -5.730286542840302
7096 -5.7066697504960189 1.2431558503727871 -7.5087199426211484
7097 -5.6367343321082046 3.0549371166713115 -9.7820300495979886
7098 -6.5834657725807517 3.3445580833173665 -9.6294562538352793
7099 -7.2404905761509326 3.5289082246718237 -9.7237239915164917
7100 -7.8677822677022675 3.7079642419580665 -9.7104947458841835
7101 -8.6011591588695069 3.8447005000433734 -9.5727999745425123
7102 -9.2138989890190146 3.8390295891973807 -9.3542516485759624
7103 -9.2750914855718918 3.8035974207263763 -9.2340105290173078
7104 -8.6647329782298073 4.1380826351179536 -9.6729735435970614
7105 -8.9934400325544175 4.0717147677957826 -9.2547864901420276
7106 -8.1530305967382333 4.2700922342828278 -9.2634276673928682
7107 -7.1649482953629899 4.4294554967545565 -9.1156482391622955
7108 -6.0113233153350052 4.871777106320863 -9.2511302500156898
7109 -5.2328309122113126 4.9988053940916188 -9.0560488260490004
7110 -0.8982058176972032 6.1703208504086007 -7.1699532982280108
7111 -1.0611214988443862 6.4347964512179914 -7.1565562497516364
7112 -1.1661036909196412 6.5879917941747408 -7.2429020167261839
7113 -1.3779158635832971 6.7762925003581955 -8.451629692564536
7114 -1.4459521905642987 6.621084297048867 -7.4786727617132787
7115 -1.4524468762049025 6.6267685886196119 -7.2838488366378122
7116 -1.4596239782638918 6.6299909464527786 -7.191976343995278
7117 -1.4688630220565813 6.6221120821417685 -7.0506444312875178
7118 -1.4781562130213786 6.6144520042766857 -6.9091102900603047
7119 -1.4777680012949759 6.61415565550368 -6.9091109096164427
