0 -0.006656737588291415 -0.032383913738909052 0.0069047121679252019
1 -0.0188687427862183 -0.046224976468438685 -0.036584803494781562
2 -0.040011249971300025 -0.059785790832524922 -0.10471201647776394
3 -0.10251239799385581 -0.070842988227100459 -0.30802295543947222
4 -0.17243136063198869 -0.08101013004893845 -0.73722778633243269
5 -0.24864961289976964 -0.055617884619858081 -0.91102833820630313
6 -0.26428249251598468 -0.066654351678371401 -0.92114630082148186
7 -0.24839075990308701 -0.14537161082527977 -1.1310539795405758
8 -0.12023745679956638 -0.4877301950343596 -1.3114154956913986
9 0.029171110178709464 -1.1138915034929797 -1.3102084019882183
10 0.0098400543595822225 -1.1259453745228596 -1.3081133848671274
11 0.23574804363278773 -1.8919996035879596 -1.0942726475720792
12 0.15749720112082496 -1.8629239569613496 -1.2518753665619575
13 0.25280974629870467 -2.1560010567390262 -1.1159204477167473
14 -0.025722474359587341 -1.7991773828114399 -1.3611772656054453
15 -0.084903102075144191 -1.95044367709191 -1.6933082810777194
16 -0.20123468115023152 -3.1277169261031479 -1.4570868067622376
17 -0.1264654411377199 -3.4834744864161857 -1.1780879422562258
18 -0.64006111932711718 -2.5642386000929287 -1.3447416358592852
19 -0.67624671212266285 -2.5431051163157532 -1.3517169069828565
20 -0.84370395249990604 -2.3693900588671082 -1.7693247647430148
21 -0.99661220278594387 -3.6462547066621624 -1.3789386826713248
22 -1.0845042269824561 -3.2826574177035819 -1.3134213917720654
23 -1.265892995311795 -2.7043313355866374 -1.2812058746280082
24 -1.5046284558041381 -1.9923211263011391 -1.234367816183404
25 -2.0916195370909438 -1.8308595284878797 -2.7358042607069417
26 -4.161865521772949 -2.3335877847208932 -4.0750939273814746
27 -5.1755916362616281 -0.54793625682175506 -5.2742682728794907
28 -4.4331802500449671 -0.67609837486394853 -7.155542037647483
29 -3.4513189155042943 -1.0785895361142439 -5.6607662425453826
30 -2.7574992746796192 0.21102294747184558 -3.972775159299057
31 -3.3893149959241744 0.087228793718065828 -2.3111029126398859
32 -4.0294390980202071 -0.6455707418781127 -2.2536690602738574
33 -4.0306666540670966 -0.6454697215150289 -2.2527719295290005
34 -4.2853802283098279 -0.86583768169004083 -2.3864711338690254
35 -4.2875367300086653 -0.86207761188948018 -2.3859531039491961
36 -4.5512956334560348 -1.2076196065151044 -2.1571423143232096
37 -5.063676959069257 -2.0188021235140132 -2.080167701092372
38 -5.7104445301308981 -3.1137542901266664 -2.148945261952846
39 -5.9992078519236074 -3.2963760670417113 -2.5009050364993874
40 -6.86764648290929 -4.1514593885099007 -1.9415422593524747
41 -7.2414488307911249 -5.3183794965761768 -1.7240521010901
42 -7.2444290817882537 -5.3197101654118413 -1.7213775214846267
43 -7.2605996325991979 -5.4728390742133053 -1.6676138957001714
44 -7.3056952134588204 -4.9540176684060917 -1.943328671355276
45 -7.1766559112620021 -4.618103156390041 -1.9434447091669858
46 -7.1611500476043792 -4.8474882503416357 -1.5286471269738993
47 -7.1890963443821985 -4.3787773651966022 -1.508134167610091
48 -7.2143270638748067 -3.9889254847923965 -1.437096704061666
49 -7.3545767608944388 -3.2426906492783432 -1.5807462450018981
50 -7.344622420392664 -3.1317942647921608 -1.5152031043902099
51 -7.3477391889586192 -3.0333079968246439 -1.4780950118596621
52 -7.3427702818881206 -3.0833872262110256 -1.4990489177901085
53 -7.3400290465021971 -3.1361981065620399 -1.531232038508666
54 -7.3352945358253496 -3.1870385618831669 -1.5293437595259913
55 -7.3314825735361175 -3.2354004242576293 -1.5393375503243845
56 -7.3251147501680975 -3.2801728037554509 -1.5133679412301195
57 -7.3207903341919156 -3.3055459149208271 -1.5418582857803966
58 -7.3152102169711855 -3.3236802125267864 -1.5487276621667787
59 -7.3101223130916093 -3.3324144318398585 -1.5551079694008254
60 -7.3053493233654434 -3.3349701122820199 -1.5590485620516035
61 -7.2995033361213411 -3.3331135774411114 -1.5595631618176489
62 -7.2923026666676822 -3.3308433470224745 -1.5618981667733958
63 -7.2851482537015162 -3.3284879296310619 -1.5638417971764853
64 -7.2765134681449037 -3.325886587415285 -1.5667062316326166
65 -7.2662504645439379 -3.3212012772380959 -1.5792381814081713
66 -7.2558829376471632 -3.3053532100010283 -1.6337492681590653
67 -7.247057083254214 -3.2471698913472391 -1.552929033332441
68 -7.2355068698984493 -3.1431402842843097 -1.41819889015503
69 -7.2499101560746828 -3.0392849111681355 -1.4199121215086068
70 -7.2715479977981916 -2.8839463798732803 -1.4094625133276395
71 -7.3030043612343087 -2.6905578150509095 -1.4335578436409888
72 -7.3167546110599382 -2.4811272050021298 -1.4191139228745386
73 -7.4110603583036818 -1.7357784754498038 -1.4070168694971419
74 -7.3568540227517465 -0.71822854660262991 -0.30458971351408842
75 -5.073076540730554 -1.4413321388863263 -0.29305923127947303
76 -5.0567855745280035 -1.4271225636671439 -0.2972067695163404
77 -4.6939433794135974 -1.7262346079399651 -0.99726275021260058
78 -2.831426162896721 -4.0522876535289267 0.30232590063750481
79 -2.868159653797735 -4.2755181494484154 -0.48893022956777149
80 -1.2162210073600068 -5.1811996933904121 -0.67985352073532423
81 0.52358978764529596 -6.2627603345385552 -0.19518183311730253
82 1.6149412232008709 -5.9927180134571545 1.1954364731431004
83 1.5017465886435457 -6.3100244484254526 1.1394216803930228
84 1.3238636477623795 -6.5088327185552517 1.3917661477058871
85 1.4136059202855542 -6.239070629499607 1.2711890599907605
86 1.4711916669625706 -5.884803581176218 1.4361724880073499
87 1.529466038933446 -5.3365304147805057 1.4865929023096567
88 1.5616603650249989 -4.7391422356283872 1.5567543314553791
89 1.5823402830648226 -4.1093959242500997 1.5344409102262033
90 1.6205973504636579 -3.4942416694843277 1.5016090355656677
91 1.6606037346857374 -2.8902692565689456 1.5142982578054203
92 1.6956704723802554 -2.6530013515489705 1.4060217506745956
93 1.6949561587690576 -2.6546987595446327 1.4051558535154878
94 1.729980528707419 -3.4766967855371571 0.82658237969205306
95 1.4819455639684318 -3.7905735396912688 0.48188923334465733
96 1.48550578062342 -3.6737988366243104 0.60978563695686205
97 0.75351731876657535 -4.2444509571224218 0.12380730057108764
98 0.75192777282372725 -4.2537605393272013 0.12391330973685177
99 0.80290326801080969 -4.2529343077970294 -0.050084526062753751
100 0.92227040462043186 -4.2782316373694664 -0.25583061795708401
101 1.899212975504573 -4.3723317635754926 0.43937411415046157
102 1.1142167514623129 -3.7058467078204589 2.1074085143491139
103 0.88435240477695132 -3.1688432156522763 1.8248623588537456
104 0.87594709748468857 -3.1734874846439012 1.8199133568798693
105 1.328758259466303 -3.1535933538165519 0.46092059183623335
106 -1.4312670103135541 -3.8602458909487867 1.0959303304523274
107 -1.8719659822364652 -5.2874328575571887 1.0545307052374797
108 -1.7660105807213657 -4.3646746992869803 1.7156483016740798
109 -1.7802961710213161 -4.3662831585145598 1.714687431459105
110 -5.8507407708630765 -5.0792173053468765 1.7707988748171886
111 -9.2220434253655323 -6.9451295186756825 2.6843539803677348
112 -12.451723200962563 -5.2641677615240381 1.7170633250329654
113 -11.713894987417635 -2.5848657754594564 -1.3532319731523554
114 -11.921553855665797 -2.4705821864109532 -1.9465518229454029
115 -11.920764446152113 -2.4670474617335589 -1.9514625638715544
116 -11.607987809396251 -2.0733252371698225 -1.6574860744166484
117 -11.600641124551634 -3.7605695389473945 -1.2787212425580736
118 -11.591221176238657 -3.7655027905485894 -1.2787688881416732
119 -11.483436043184845 -5.9322638137955277 -1.7401777854079319
120 -12.032629749239321 -6.6423052690705493 -2.940264190333866
121 -12.589377692040811 -6.6262554784593029 -3.2752591606858448
122 -12.009232859139264 -6.5666084542613072 -3.4876277296874276
123 -10.689768413656081 -6.6159411175287204 -4.4121423737148584
124 -10.302428168766669 -6.9130236338166942 -5.0812094545712547
125 -9.9867936173168133 -6.0973706747240293 -5.0703057123883024
126 -9.8998033712766809 -5.1475380350290623 -4.3597639319700479
127 -9.5609350833182845 -5.7071408945196502 -4.3272991670683112
128 -9.2658831653051497 -5.9386028640029123 -4.365272446636852
129 -9.7005871007392095 -5.3479352762295855 -3.8128986321475207
130 -11.134091929539503 -4.4147050636021836 -3.835808618138751
131 -12.278857546594134 -3.8436194888934208 -2.9966838803263398
132 -14.108106560753663 -4.514338465145987 -2.2505669982714704
133 -14.785501991380789 -5.9638324494962083 -1.4414634600962368
134 -14.436817235345194 -6.5782522654948927 -0.47710272021221639
135 -14.159171111978987 -6.7776956921153753 -0.62960484080446399
136 -14.161187475792824 -6.7791039110399343 -0.63008371119696949
137 -13.88073627346599 -6.9975998340925187 -0.65154855383965227
138 -13.555963511553911 -7.2185650955207326 -0.55098652247262847
139 -13.477198957225934 -6.8194210752784796 1.1562122851054444
140 -13.144891622876909 -7.3479735659719774 -1.0805429976180625
141 -13.151774099355364 -7.3496795997471498 -1.1005493139152993
142 -13.31146262741253 -7.176961144778863 -1.3648989474164688
143 -13.500269329115524 -7.640310358155328 -2.5635383672121366
144 -14.0417094315496 -7.9818221232863014 -2.6295337529400933
145 -14.639517353861347 -8.1983231316148988 -3.1681992875103373
146 -14.421152180874762 -8.0058938244904887 -4.1666814294452141
147 -13.859865930130054 -8.6482742729009576 -4.8081374166434561
148 -13.802093255869202 -9.4143745127819489 -5.4446455062530124
149 -13.785983361735134 -9.5306135700854515 -5.8479134014485714
150 -13.38357484741951 -9.3738739803518065 -5.937968622473492
151 -12.559740185270066 -9.2996592378569325 -7.1119445136388642
152 -12.554588088741372 -9.3041364656412124 -7.121782210931821
153 -12.004914940848707 -10.301638170441754 -8.422140239212478
154 -12.115321283563903 -10.223224514024164 -9.0546742143674201
155 -12.350373235691031 -11.335140287921991 -4.6880571933029209
156 -12.206662699924895 -10.845410089262314 -5.5175875304356214
157 -11.50644099691487 -10.334319926725001 -6.3459690506677591
158 -11.155125723731041 -10.590998912681336 -7.2217672570370324
159 -11.15562527149204 -10.593149217708504 -7.2277195532974492
160 -10.879033852966614 -11.164724060690332 -7.9293773541332131
161 -11.115185747258433 -12.10145871970907 -8.8235266241889345
162 -11.883080952565054 -12.510842015070528 -9.4429656787562912
163 -12.640267084799687 -12.285535459130537 -10.262297749246867
164 -13.31029394508912 -12.233339432025815 -8.4348562447451965
165 -13.309544725120807 -12.232700421299688 -8.4181086294605834
166 -12.997599406985467 -12.89071499176235 -6.3307223228313587
167 -11.693604085200404 -12.957301537160722 -6.4723078554196887
168 -10.646781983069832 -13.323744557996289 -7.0736093629766552
169 -9.9084476710471598 -14.22499219390115 -7.5088134536365079
170 -9.6371221986623432 -15.04144486831035 -7.5933769130547093
171 -9.509191124614901 -15.460665905356526 -7.5424304596953702
172 -8.8074014808938781 -14.961826302915053 -4.8922955394023928
173 -9.5518351265591299 -12.902673895674811 -1.9409939168705654
174 -9.4970285243812231 -12.756170910225226 -1.9212309451466132
175 -9.5142961871248648 -12.756599369690459 -1.972758646965419
176 -9.5099277913308331 -12.755275899881436 -1.9745587934531177
177 -9.6659654642148318 -13.130664383465954 -1.9326421792820458
178 -9.9160722821949321 -13.554905140827541 -2.128909117403222
179 -9.7428607870987953 -13.355249004784369 -2.0300092607906945
180 -9.7385620446723742 -13.353506984275691 -2.0299944217798962
181 -9.7213836511893668 -13.146947731705316 -2.208818312537062
182 -9.2991140547676014 -12.547380643777265 -2.2745819553143143
183 -8.8191257131120686 -12.034285517971208 -2.1962769003462901
184 -8.5218610750022243 -11.655499310584515 -2.1553428406150759
185 -8.0024786105137995 -11.152314539261274 -1.735005617132976
186 -8.1942818298437459 -11.336788076211784 -2.1755110309611156
187 -7.6722830666026613 -10.560136451646894 -2.2524021362095983
188 -7.1102663207147554 -9.4670436353435132 -2.9810458301937439
189 -5.3103789758634674 -9.3111954590802792 -2.5838892557329149
190 -5.3012665050824204 -9.3055846631517607 -2.5788878317730997
191 -6.1277251427610251 -9.6967332172974636 -2.901500273951803
192 -5.946336558177916 -9.6713975697125871 -2.8734265462612072
193 -5.6538967968051521 -9.6064318530412773 -2.8479759187897802
194 -5.3204473602568081 -9.5272409946176975 -2.7826539908095125
195 -4.8833638015700531 -9.3873511193900789 -2.7000553962549056
196 -4.411084979334789 -9.1993972280303442 -2.5521043711994471
197 -4.0440428601047635 -8.9514806387349548 -2.4540806618061644
198 -3.7681617151439224 -8.7428224413865365 -2.2559588540980018
199 -3.7009161506445394 -8.5649283786599213 -2.2290849896027187
200 -4.046825524359706 -8.9666040030305325 -2.2325671499819331
201 -4.0487382170502064 -8.9647325353359566 -2.2318489769009533
202 -4.2965518363723136 -9.3229447429068451 -2.0585752313813672
203 -4.4928032394377606 -9.4894610746115013 -2.0602801889376985
204 -4.6142002027311015 -9.6499744142992547 -1.869168550370413
205 -4.8114410953919364 -9.8036629159807305 -1.8002502043286897
206 -4.9641566148094824 -10.303265337858447 -1.8161262290076716
207 -5.1299303178550222 -11.055368864640245 -1.9968856819819787
208 -5.5391312708573608 -12.731972104099096 -4.4130051015772267
209 -5.9058935259608667 -12.136023093846399 -3.9069196764840939
210 -6.0296734532422054 -12.098028924075521 -3.057535541812487
211 -5.6760415609748929 -11.999537982109935 -2.1474422387946155
212 -5.3851045305711986 -11.572902010590566 -1.5162306795711049
213 -5.3816348784827985 -11.568739324252022 -1.5112532003135302
214 -5.6320524405710888 -11.386866963062969 -2.1163121886916549
215 -5.6434406408347479 -10.678450718731851 -2.9555845058129364
216 -5.3221218955519589 -10.249076200471103 -3.6611194139567309
217 -5.2566948674786529 -9.9459309685617274 -4.2165649174979585
218 -5.4935542547014267 -9.4465753774900882 -4.4492130202717668
219 -5.8228076803101754 -8.6460590120532643 -4.4281925003395148
220 -6.3141531837725315 -7.5747340696770795 -3.9620863939237774
221 -6.7935880688296963 -7.2641796728179209 -3.3500920743998863
222 -6.9946841450845954 -7.3217202954448908 -2.7883094099573906
223 -6.5241011037251493 -7.1479808491732868 -2.439673534736551
224 -5.739632168207379 -6.6084564679928999 -1.7677974465732671
225 -5.4578710929577454 -5.5018212155009234 -1.3062309478529996
226 -5.6825706485880607 -4.3623538539436373 -0.87023478898570317
227 -6.0356198950107522 -3.8494969030797863 -0.73999315603550497
228 -6.6556276878453646 -3.2042263743053576 -0.48456646010601134
229 -7.4149886888390713 -2.7117923051145922 -0.11877040160038577
230 -7.6294926782065762 -2.688952280219989 -0.28707332819502018
231 -8.6932519659746603 -2.1902956694432687 0.47494670829916152
232 -8.1045774854863666 -1.8677986542912202 0.58790006924415417
233 -7.1560443308068136 -1.3964560585752435 0.12227843014423771
234 -7.467229796170515 -1.4435573873796166 0.076025905590493159
235 -8.1484965207659119 -1.5297530947748244 0.037710892668568613
236 -9.0821234181459474 -1.5469036066905686 0.57654420551244423
237 -8.9329047269251838 -1.3975108827871758 0.62734410562090148
238 -8.5576113626950541 -1.1796589677496756 0.21388714244371362
239 -8.8985676796545548 -1.3814460263206612 0.13744326768294521
240 -9.4260902965099387 -1.6084092934899625 0.23537928441953859
241 -9.9310039071444471 -1.9092192591846644 -0.049564917323005775
242 -10.593484863373254 -2.3079648223406495 -0.2408537378587961
243 -10.720118810760569 -2.6971273061765739 -1.1943284615528591
244 -10.570654879528213 -3.3281539879145519 -2.1731574864910059
245 -10.995792080901404 -4.3710360142899018 -2.9600649148930662
246 -12.183816903073751 -4.798879157346331 -3.8427750987425182
247 -12.449180754999809 -4.4093962518416747 -4.7332039704748237
248 -12.234204568317134 -4.8302131159703068 -5.8601894109040567
249 -12.238193237814986 -4.7862843354316364 -6.0689606363464019
250 -12.238972723401094 -4.7988137046768777 -6.0701800952289258
251 -11.884502422943815 -4.7116467612788835 -5.9883909383243124
252 -11.821276165411515 -4.6706203931991226 -6.2348939359461282
253 -11.293601581692203 -4.6786730347674714 -6.1324919620455702
254 -11.121303172372986 -4.6189003363366208 -6.1741119901340795
255 -11.173180781480212 -4.5756339171537839 -6.4422580475305713
256 -10.978401599687571 -4.5974142215510367 -6.4985232479977348
257 -10.739696002455894 -4.6161391815191131 -6.3200301887756876
258 -10.608009868200933 -4.2374809198262691 -4.646890341491936
259 -10.655728694245489 -3.708005616010543 -4.6675562947908853
260 -10.656800388153245 -3.7065539402394343 -4.6677970803700033
261 -10.681195144358371 -3.1031686462973536 -4.7092839408688425
262 -10.667055504406516 -2.571542081446621 -4.7710624824327299
263 -10.601732583990366 -1.9816026156998576 -4.8714075484029564
264 -10.490658608612055 -1.4792408654484639 -4.9876447200980971
265 -10.297045111258374 -0.94572956092418914 -5.1500701476780311
266 -10.031096330740176 -0.47803800635013327 -5.3442497763320391
267 -9.7365106573371669 -0.13450867639921227 -5.5476472826123882
268 -9.3468302456016481 0.15211866800667151 -5.8149554185384895
269 -8.9760637609250793 0.29005941794243495 -6.0887484349401957
270 -8.5756101945496361 0.29961645493272271 -6.4331681007786692
271 -8.325120026653785 0.23793323794034249 -6.4812967399860941
272 -8.0521167575313566 0.14263810544223909 -6.5811089622789138
273 -7.8891068850852744 0.10442586159807904 -6.3034035696124668
274 -7.570809103578279 0.12392828344248341 -6.0528557675065855
275 -7.1898025922048214 0.27753472425595543 -5.8827833040604496
276 -6.7408190217881341 0.61005631497807722 -5.7498092856408682
277 -6.326175994929109 1.0816337342320026 -5.6677751322456418
278 -6.0005311986823786 1.5794646649441191 -5.6252800805711525
279 -5.6687595169165901 2.1867747182381634 -5.6064485908303929
280 -5.391363668120162 2.7469281316229655 -5.6109716162569283
281 -5.0792311062683977 3.3668360911087776 -5.6357455077901424
282 -4.7832986766123202 3.8891230580849667 -5.6765569387755779
283 -4.4168733709692738 4.4186462993473112 -5.7462096180266453
284 -4.0582757803492289 4.8070860542242819 -5.8293897217666597
285 -3.6251206526018485 5.1426158772033048 -5.9495396012093735
286 -3.2430495949501252 5.3213555917995903 -6.0846699195728444
287 -2.852497840575559 5.3939902913774267 -6.2720975692822618
288 -2.5956441687114928 5.3600077040910765 -6.472673291911927
289 -2.2476765340496847 5.3064193148491929 -6.4145774534982731
290 -2.2474099778430201 5.3068463385666451 -6.4137552366793464
291 -1.7953554169408108 5.2572283565460056 -6.4303968650537628
292 -1.3976976807142361 5.212885837001128 -6.4222945007295129
293 -0.96501715877874583 5.1738722181718657 -6.3885110956131488
294 -0.59249467527506205 5.1552668655704004 -6.3355468478629229
295 -0.19267772225020702 5.159147029272007 -6.2543913603540346
296 0.14872067781277587 5.1889270624099595 -6.1616659343986848
297 0.48937717044818085 5.2265315443698332 -6.2000181643798706
298 0.79792711091283008 5.2553618299694591 -6.1927127662192119
299 1.1369107376247904 5.2964427446659714 -6.1373031848802144
300 1.4476082624276327 5.3565324342489298 -6.0359089811013158
301 1.6498081359408157 5.3990433678641585 -6.0300995205556287
302 1.8686164210555205 5.4558285411010745 -5.9577278779778657
303 2.0286748262101537 5.5129747879526656 -5.8363177152471417
304 2.0827677311045689 5.5330627989475394 -5.6879249722190393
305 2.0580368989977296 5.5010202473118657 -5.486205558166044
306 1.9645019873034164 5.3700559358569233 -5.194464624636745
307 1.9329995477437254 5.1510634378978288 -5.1327561509584658
308 1.9330589471488655 5.1456155181336936 -5.131196126284312
309 1.9202816228267632 4.9058851329902602 -5.0839384856692691
310 1.9232519640192953 4.7158614268309078 -5.0400469848054339
311 1.93518281111885 4.5117950187637614 -5.0136747400708934
312 1.9556812720239749 4.3615400987412887 -4.9648353525597484
313 1.9701416641987759 4.2164151585786271 -4.7748618757359607
314 1.9957539731241569 4.1351544642806006 -4.6341372305708788
315 2.0177438932013962 4.1079397442222527 -4.5494818015871221
316 2.037537775215021 4.1118156180475305 -4.50138507042535
317 2.0335384068285283 4.1076689809434885 -4.5009109446459918
318 2.0501392999883485 4.1275173740822302 -4.4970834618589501
319 2.0462919164252806 4.1233625815281867 -4.4975046283923321
320 2.0694693211791901 4.1528924518443784 -4.5298796318227339
321 2.0654589124787677 4.1486684632579021 -4.5313164333496569
322 2.0917334148034956 4.1753084004391248 -4.5924074058166644
323 2.1440493570299193 4.2537683249119826 -4.9765073033198233
324 2.1744775595368022 4.1637461534704947 -5.0451851636771705
325 2.1971137983577691 4.0181726253705756 -5.1183411135372623
326 2.2066123875540247 3.8840471908274554 -5.1978681081694162
327 2.2081699765320666 3.7285399018955574 -5.2985470214615598
328 2.1895891369292673 3.548115425529117 -5.3823527896458092
329 2.1528487904749638 3.3891043587489271 -5.4622325456843193
330 2.0982759864990599 3.2184553139420817 -5.5513252287679684
331 2.0832489913369501 3.1021260140488782 -5.8888784320109737
332 2.0774055468240249 3.0229537993387301 -5.987396158580613
333 2.0713428562633549 2.9520203872941977 -6.0826167068123702
334 2.074072828678871 2.8821506913836603 -6.1706705341887895
335 2.0673429221994204 2.8096478358516772 -6.3250397053332543
336 2.0832414903447303 2.7425121177266454 -6.4826364959960987
337 2.124523193738534 2.6889334097550197 -6.6106144287828759
338 2.1980579114946188 2.623533888821592 -6.7390455924130581
339 2.2624162303392197 2.5388320159427415 -6.9456843205081054
340 2.4125365818201421 2.4124545803348116 -7.1349463573910699
341 2.5223286369976705 2.2459555685587791 -7.4125182439090542
342 2.4867336990781737 2.1237793392476796 -7.9232697350895718
343 2.4770030338444373 1.8160779662779869 -8.1162555195400419
344 2.4226778356911831 1.4882532820129786 -8.2769558210365428
345 2.2581565398686396 1.5243376180978727 -8.5309801154802152
346 2.1132530696121332 1.1386336535563459 -7.6226759641330357
347 2.1118539968616368 1.1377232468156824 -7.6083077455951527
348 2.3560603411163603 0.88685570572406813 -6.4681999221802782
349 2.4832629363557581 1.0067655401975741 -5.1761863328474584
350 2.7319036847503471 1.3020594368444602 -5.726275612762536
351 3.4817642181578394 1.5053967878299501 -6.9600715830552389
352 3.836227249263179 0.95463433075614823 -8.1369169207309948
353 3.448005204484681 0.82340998249069264 -9.653284108677699
354 3.3388233966881149 1.1323668376860792 -11.000229828414431
355 2.8840150532333482 1.765600884473574 -9.0068987934993352
356 2.8821956889332818 1.7666117837550335 -8.9886217354677704
357 2.5018125503224011 1.1842449079947883 -7.2000432951234634
358 2.216171601463873 1.1172152562631068 -8.2659461582318077
359 2.206606196508023 1.1139672785801384 -8.2725001879055231
360 1.4896898682448065 0.12504414046517037 -9.54119461120378
361 -0.93728382760904427 0.668474316916014 -10.781999666250409
362 -2.3224917015243345 1.5905797725646702 -5.7473723222241517
363 -1.7031156667776612 1.7699669119667392 -6.3516773836930795
364 -0.735076482660866 1.5452975773331961 -6.9904035448234332
365 -0.38838612888293556 1.0896060236200624 -7.4959440043823466
366 -0.38047187056207932 0.59129124866888172 -8.1189346372313036
367 -0.57684888402482049 0.35928712444305777 -8.7178343186031224
368 -0.90712614393099855 0.34661345230797336 -9.4110385100806973
369 -1.4067480143708351 0.38722576429106192 -9.5308832561611325
370 -1.7503566573478566 0.5333373587503778 -9.7610078576450423
371 -1.9307641440787169 0.79937468587661886 -9.81545757253528
372 -2.0943212106297331 0.86713355573284767 -9.8438298208934523
373 -2.1966703141468584 0.98606040378385629 -9.8269253298855386
374 -2.7326538255096713 1.2981034685480326 -9.7570837899722669
375 -2.8576830576246453 1.5332385045362904 -9.7094964663598926
376 -3.1588001221373148 2.1051441072295782 -9.6879257029993369
377 -3.2324114790143663 2.4139435891121934 -9.5543932488371137
378 -2.4500328256878743 5.0858920387439372 -7.2619621197259345
379 -3.1455845254209249 5.2810575526222738 -8.0559330401534091
380 -3.1405729707723404 5.2990383350401444 -8.0703381768838707
381 -2.5978776398183241 4.9393815446737452 -6.922129227121947
382 -3.4240064470123279 4.7551268411106378 -9.1121467134526419
383 -3.5920011067513991 4.1809673412331039 -6.3844996585374041
384 -3.594904932524531 4.1887647523231708 -6.3460328006129965
385 -3.6773666212152691 3.8830410839206859 -7.3751489652251045
386 -4.0482748556919725 3.9671286772150283 -8.3898844941701025
387 -3.8696630642541243 2.7273602717700349 -5.057652098165585
388 -3.1795498445273687 1.6311871716361823 -8.610102689842531
389 -2.8357451432337299 0.54716014549164138 -8.3335403236946437
390 -2.7842981012376344 -0.16470755123896785 -7.8915843664165326
391 -2.8032288194243922 -0.45975626914503681 -7.3603683465936021
392 -2.9837245719147298 -0.81226675630908962 -7.964263509100971
393 -3.0290025727272787 0.042364906552840087 -7.7782909619499607
394 -3.9765063204850217 0.87061090781979966 -9.5756499027859263
395 -5.9412478358014535 1.0298047093128435 -10.895358025817945
396 -6.2992907784775536 2.0461299406551055 -10.309848826634182
397 -7.3765095290692866 2.8933931740306917 -9.6684844654142292
398 -9.2374482662677782 2.8937229992645581 -9.0557932558049536
399 -10.433731407082421 2.0053184434020812 -8.3128675079760708
400 -10.606814323717867 1.4212825173421333 -7.8534971102343096
401 -10.513265805132487 0.97310206839953661 -7.393575658868607
402 -10.324323751135056 0.6085580049850825 -7.3312604485360335
403 -10.114894569313218 0.34322241468597436 -6.9992735617889767
404 -10.107153450133479 0.38747453082365901 -6.4882203754510606
405 -10.240161415776111 0.40036636441477869 -6.2982818585320119
406 -10.458986207860713 0.39628006560576168 -6.072449095467654
407 -11.06845349340977 0.45339688867381084 -5.0375912854523213
408 -11.187587436559348 -0.31882202099570145 -5.6055756778733565
409 -11.18724997940812 -0.32663063413865012 -5.6117114960937906
410 -11.319895584117837 -0.32153334541415335 -5.2183512940030541
411 -11.491137227275006 -0.44494306134014683 -4.7652769046652139
412 -11.579983593938193 -0.5606504836973486 -4.3896403032912019
413 -11.680242223682672 -0.28834379694022749 -4.3796739842461019
414 -11.848872960175857 0.15254079721959041 -4.3351042777150717
415 -12.070650114021399 0.79735017452698576 -4.4298175492107879
416 -12.212657126252923 1.3989805862632023 -4.5347968714314586
417 -12.340261480282933 2.1646033109705676 -4.5565079876550119
418 -12.419795755545037 2.8881075997617653 -4.6545280945084659
419 -12.418813579616804 3.7092496419804446 -4.7819220731277676
420 -12.33708255130732 4.4299970124759973 -4.8718247897387226
421 -12.189880153216947 5.1745190635592202 -4.9443847950155941
422 -11.985203396214398 5.8752179443373569 -5.0534776387623301
423 -11.769995935566158 6.4544525256826821 -5.0820769122670111
424 -11.506434743710026 7.0733625965431397 -5.1509262468554429
425 -11.271348386704799 7.5723442109088834 -5.1577594666581712
426 -11.076571441971842 8.0198069390755915 -5.1205214482230321
427 -10.893827317652711 8.3228332387604773 -5.3322533929649376
428 -10.59869114178003 8.5773323627841691 -5.618049203749047
429 -10.279877600338958 8.7023677557053141 -5.9015800741467093
430 -9.8913285005001459 8.7080508735425646 -6.241358814171714
431 -9.5735146672503468 8.5979690032372513 -6.555747714451825
432 -9.2506082134667089 8.3665537076363528 -6.882844476332755
433 -8.9775633135118404 8.0456737089190487 -7.1755082375384909
434 -8.7666505698076023 7.6832925760912607 -7.3933592870766365
435 -8.5703810864502845 7.1712979572011104 -7.5724663671465864
436 -8.2427595888431213 6.4335020856605496 -6.9887292664948673
437 -8.2444051234961702 6.432391428639292 -6.9830825527316334
438 -7.6340742505238062 6.1529309748314658 -6.3854187734943881
439 -7.4569849093537952 6.396739646531179 -5.7189550514687149
440 -7.8280118537265828 6.6955510928336182 -4.7772906847731376
441 -7.6718576623962225 6.6702215869121062 -5.8583453276118318
442 -7.9009380381882943 6.3945794734516186 -7.1440013251425443
443 -7.7910724661940076 5.8757006840015187 -8.128950627565743
444 -8.0940030815528576 4.5975574175368061 -7.1967068065628448
445 -8.1069451600288485 4.0642985448840161 -8.4806364128884688
446 -9.0698562913937337 3.5029921597701517 -9.4503098845360594
447 -10.070189111524668 4.0368877980865605 -10.544823711196509
448 -10.498532128856658 4.3201710508246762 -9.6305230934423545
449 -11.286928999096149 4.0092209521178903 -7.8058732275750735
450 -11.305418623802474 3.1071154267952794 -7.6250927442519645
451 -11.165666657783582 2.2189620542219637 -7.4770182810328532
452 -11.170027934684407 2.2171286457013442 -7.4751890560100298
453 -11.013035034779412 1.353426911597402 -6.933182039813925
454 -10.825799473424293 1.187043840435811 -8.0207028526651012
455 -10.646911372196415 1.3613234021734719 -7.7296578111680487
456 -10.650959175705243 1.3669851521542915 -7.7260498941461249
457 -10.579107485282831 1.8359444735478634 -7.4881605628381962
458 -10.697183257620914 2.4976627288395195 -7.0464741574526277
459 -11.11325157278524 3.0285994028940539 -6.5999388158747267
460 -11.637275755680138 3.2972103181322261 -6.2108165429704361
461 -11.735179834286791 3.3989617308162563 -5.7092249407492126
462 -11.288051797882179 3.8697176941690059 -5.1151439503123859
463 -10.951103520382036 4.8500561005695193 -4.8095768946906254
464 -10.655668759790718 5.790085969810824 -5.6880508919626571
465 -10.163547937130732 5.8745387834259262 -6.6216047732254761
466 -9.8442015208043703 6.1104344606907244 -5.315060359364046
467 -9.8448037832236341 6.1132740228101516 -5.3051979184017535
468 -9.2649156992646553 6.4544945992076874 -6.5654338208510907
469 -9.177350038700915 5.9861592317202552 -8.1030733895547389
470 -9.3023895380760688 5.4241683996271863 -8.0496652477193642
471 -9.1696559006433969 4.8877229951111758 -7.1720956640533515
472 -7.8366987415556002 3.4493725439255076 -6.777161977868432
473 -6.3268253471443003 2.7445150410166361 -6.4073386663840193
474 -4.8022459537325615 2.6614811162087069 -6.0409091720894867
475 -4.0901272084651339 2.9336873094497777 -5.6885339388733422
476 -4.2064512622352641 2.8947358635803426 -5.5960778844337957
477 -4.5668588602211697 2.9197996154517143 -4.8263394348413744
478 -4.9543677537442035 1.3346233627211419 -4.3561635077721972
479 -4.5902125762920445 -0.16825850311497303 -3.8750598908989504
480 -4.5642840110600265 -0.28370768850613615 -3.7491693360566685
481 -4.4929348989580395 -0.47138363767942537 -3.453390787446319
482 -4.3242054364972473 -0.63560762577842844 -3.1030547123173693
483 -4.1164718573336589 -0.73678161659685304 -2.7373506689477818
484 -4.0647835301270554 -0.75902191953780174 -2.5506853119742936
485 -3.6372046217595781 -0.66841580398213873 -1.9658173356324848
486 -3.6832747809366895 -0.86142095185535517 -1.8284310964564898
487 -4.100521808464392 -1.4897156513726366 -2.4724357046606378
488 -4.3510972305122149 -1.2157674420711877 -3.4489063215076405
489 -4.7788807299352678 -1.8225976813839626 -1.4852082334839891
490 -5.5434404506599613 -1.9878576016872276 -3.4091464601743029
491 -5.2458132960131447 -1.089754998271756 -5.5454677433000406
492 -5.2232871747779122 -1.2444133614259929 -5.716801156152286
493 -4.9407617951539384 -0.73745357250479338 -4.9093593790236749
494 -5.039252879782631 -0.56599590704911995 -4.4739132690515451
495 -5.4133838848852323 0.23312610294368552 -4.0265627368103853
496 -6.4997243082492107 1.4730209943478854 -4.0095776512736521
497 -7.5254630540109044 2.2084689887774585 -3.476650285697509
498 -9.0747464898393115 2.5769393264187577 -3.2234273575951704
499 -9.8189477654378337 2.5599145231272233 -3.0027162997583892
500 -9.4201599141895738 2.8253396102650141 -3.3169129473385426
501 -9.9884333913321548 2.6121913204498002 -2.5305407648427645
502 -9.1660109126475753 3.1109235268515203 -2.2285178753262644
503 -8.84612388832692 3.567462034456014 -2.1689897455057032
504 -8.5091830952041327 3.926088817700963 -2.013208259544184
505 -8.1536615843921361 4.3742464644591061 -1.7790561717027602
506 -8.1531444008573022 3.2246259033248319 -1.0766020028798207
507 -7.6749290181704675 2.5571628804562057 -0.79881656802099354
508 -7.2219884150118556 2.1675094234566612 -0.61507237807290027
509 -6.7141756891832216 1.8292144149442635 -0.54537985424103086
510 -6.2285129541993189 1.5800915190046965 -0.39204315650608851
511 -5.8135631048303988 0.95546086640570715 -1.7107140322938517
512 -5.5882186030168235 -1.3237034262723428 -1.0056181337798062
513 -4.1466736885497868 -2.5309756853641612 0.087093881723216679
514 -3.2588417993266461 -2.5170129442773006 -0.13016900931316977
515 -1.9739579530130451 -2.4923916753469739 0.35867078089693538
516 -1.552434870413558 -2.310003370222653 0.44454811710185882
517 -1.0296100807122714 -2.2590038319248373 -0.1445888135898554
518 -1.6359347458478315 -2.3911384567574121 -0.47380035245527757
519 -1.4886742723232422 -2.652320813197985 -0.85280399501882487
520 -1.3264063389802168 -3.1252592548346176 -1.2630179263715231
521 -1.2866460459287892 -3.7496651628319508 -1.6627799343187606
522 -1.5015502581149196 -4.4024492837487719 -2.0118968117287226
523 -1.8517088255911394 -4.7645350935385933 -2.3936987952525253
524 -2.4481019553259431 -5.1512914690343212 -2.6565644323218889
525 -3.2026095356523445 -5.3417910162133255 -3.0748735634607289
526 -4.079815799222505 -5.3576227527986742 -3.2289818597540791
527 -5.1600892765615365 -5.3242035697748342 -3.1575900954987932
528 -6.379279882218861 -5.3051550702050712 -3.2476090012812167
529 -7.9828282585246395 -5.1954300724634699 -3.2933622522499491
530 -9.4777641410610887 -5.5468661328042996 -3.2920822987821023
531 -11.117915246967348 -6.0736648578064294 -3.1217817719066536
532 -11.685652675149672 -7.5615149143810578 0.50509594633405008
533 -10.705837367251434 -6.7628253862636676 1.0466455361907088
534 -9.6270784764321693 -5.29212794655185 0.92424772375832176
535 -8.0964378897976292 -4.1326815246513062 0.13117400692138062
536 -7.8592982630006771 -3.8573282812684022 0.46134428422487117
537 -6.9941005510487173 -3.6538250148139886 -0.01278242393726374
538 -6.228960287422149 -3.8935017967713872 -0.49887052118629727
539 -5.6888475987619982 -4.4231462141618456 -0.91836827675355304
540 -5.3433431207896138 -5.2834804528080639 -1.3431668719233505
541 -5.3044857572191715 -6.1566568362259462 -1.6501409347720986
542 -5.5193995227173893 -7.1952275389795393 -1.8856846039431396
543 -5.9564614110649661 -8.3764412503540058 -2.0183895963552385
544 -6.5842080812544275 -9.6785727239704613 -2.0598025271838964
545 -7.1729912201942367 -10.841378427680137 -2.0273490621804577
546 -7.2435377821516624 -11.063036259161496 -1.938951139604757
547 -7.2381982959736053 -9.8742076419466702 -2.6154266794522223
548 -7.8336901792004667 -10.736677734219702 -1.7159358418846231
549 -7.4944519524930246 -9.2449771913214533 -1.431667582361102
550 -7.6044147250202823 -8.1264030936598548 -1.2790430532441115
551 -9.4852261433509604 -8.2300827910820686 -4.3789475076830575
552 -8.9882244746491793 -5.5022235209812882 -7.1021657381705516
553 -5.632234990946043 -3.8905687811374388 -0.57142477807855641
554 -5.198767365142654 -4.1828001342260057 -0.58323885469388193
555 -4.7306560601424037 -4.4833411522852389 -0.56315719550046739
556 -5.1729564354320532 -4.1719238956807558 -0.49112994881734212
557 -4.9704067631915763 -4.1770252156048979 -0.26904454157800595
558 -4.8912025296694761 -4.0280498898154642 0.16250598248996864
559 -4.6022993831089822 -4.1540865306204955 -0.33853785138217624
560 -5.1425121877327173 -4.0256850592447755 -0.49766159827783313
561 -5.603022574376654 -3.505290354296525 0.18002765819432889
562 -5.7333260289398211 -3.3548946967446196 0.63544459564899036
563 -5.2978633504160531 -3.0475137883981058 0.59415893131513065
564 -4.7099473358176169 -2.9312512106656556 -0.0034948755082612019
565 -5.8799192488262451 -3.0731224814199747 -0.32234267632554731
566 -7.0605680132718476 -2.5623095124053776 -0.16815019600286593
567 -8.3060059547624085 -2.3686785816493612 -0.1591179768205519
568 -8.0335156596804769 -2.5938007095665196 -0.66364443062242306
569 -7.5940965125049287 -3.0636885513096068 -0.89280785284649999
570 -7.1414327143392837 -3.6006125116676664 -0.83702314776875197
571 -6.54798364229576 -4.0473626541262169 -0.47102327105125058
572 -6.1120517216404551 -4.0553897432460122 0.11260875524540789
573 -6.0383824746772463 -3.7114236574049739 0.98005843300777629
574 -5.7964937912947807 -3.4179402882956946 0.84810671875967347
575 -5.3660916166799391 -2.9750248292037309 0.76028708326662953
576 -4.8856513385316198 -2.5671959205012578 0.65531226336858328
577 -4.2710257717196827 -2.1449016273192885 0.55378318735860022
578 -3.6824201760808348 -1.7864693929049367 0.53943677700726278
579 -3.146546245110597 -1.107900339791529 1.2762711831267965
580 -2.7004711407229078 -0.92531998214037126 0.32174586650691894
581 -2.3499447543234915 -0.8384929455735648 0.20687550278124023
582 -2.5203962955951908 -0.82431864143164713 0.21725780243124987
583 -2.6928893843792681 -0.74092781253410067 0.4466887631328102
584 -2.1529877865619267 -0.83838077633238528 -0.32814848702708155
585 -2.1530797444186267 -0.84097694804239498 -0.33173416562380625
586 -1.3071155574936957 -1.3225427949509432 -0.76876276209306016
587 -0.44040264046623906 -2.3434164833356923 -1.0028688383281812
588 0.40164077235398399 -3.0956995262420475 -0.21304995079775596
589 1.5823577014335617 -2.9828988959959344 0.75478818917453949
590 2.662012803232253 -3.6403774553568202 -2.797484927386257
591 2.3119825827007796 -4.6944320728740898 -0.71913337543195999
592 2.8385158606433381 -5.4839667690330769 -1.3339023186071446
593 2.8147181485569921 -6.2606376342817498 -1.9223925052181514
594 2.2143599787247878 -7.207331123071655 -2.4205326128495561
595 1.3573258989396899 -7.6905808182441424 -2.8754402863566595
596 0.78893723673538219 -7.9869059511518579 -2.589000448340284
597 -0.21046499462977142 -8.840063445232456 -2.6614263671059408
598 -1.4237845275785266 -9.6438114977476452 -3.0450596601651569
599 -2.8237002263755309 -9.7135146992587114 -3.2052811218969337
600 -4.3359498224620818 -11.417079535739065 -3.4820619642433481
601 -5.2903476873051662 -13.12920442991385 -3.5110747277300716
602 -6.8059430297444772 -14.80680918157015 -3.2983033694487776
603 -7.7320166175361393 -14.523202290494066 -3.7969350775272637
604 -8.4161556308518595 -13.945398299513206 -4.1860696493143372
605 -8.9628309252766218 -12.900185243401623 -4.4969247775890144
606 -9.2104057965985646 -11.843435633489568 -4.7102503618068594
607 -9.208143223270616 -10.559471855296243 -4.9993259704323094
608 -8.740625319880662 -9.505336349432131 -5.863595200394867
609 -8.2944125524985708 -9.165080619494411 -5.4269572356886853
610 -8.2982414606650465 -9.1601512027013516 -5.4249421197831262
611 -7.6283360810118879 -8.2529515578605359 -5.5014507748063179
612 -7.4683937579505599 -8.1326048326190463 -5.3772537913275222
613 -7.265100907938689 -7.97174987241669 -5.4802210820935189
614 -7.3331983503956844 -8.0272541305560221 -5.025465861998482
615 -7.1945134627900558 -7.576190123993606 -4.9917153593250649
616 -6.985519191889777 -7.1195264361409745 -5.3195374474307124
617 -6.7621870841442462 -7.4957000461210859 -6.1892434889671568
618 -6.4370377568145036 -7.3638349344601437 -5.780645301895003
619 -5.993813376073839 -7.0130348606585642 -5.4420417466319311
620 -5.607990384052429 -6.4906534204327349 -5.238575166449845
621 -4.8571329570152146 -5.6564063009976593 -6.4712743954253931
622 -5.1597043913348033 -5.6925455291329001 -6.4207069703915725
623 -5.4940380729362976 -5.7711926968823386 -6.4597081188919896
624 -5.3581748722462974 -5.682194051098608 -5.6086631371490441
625 -5.347295162926561 -5.3975623356625819 -4.6337402866224728
626 -5.6297792186871689 -4.6524726454430478 -4.0533444066867128
627 -5.660247402241791 -4.6964355572628484 -3.7246910794052601
628 -6.149399380835022 -4.4691889212798603 -3.4809391172412516
629 -6.910221116462484 -4.32549063660265 -3.146937635842467
630 -8.1894393740255094 -4.4864611361559374 -2.7734692305994804
631 -9.6097444305478081 -4.9330051710103993 -3.2469650182939178
632 -10.676296545461383 -5.1134074457886367 -2.5041488787496422
633 -10.677909147814935 -5.1196086606320872 -2.5011285308168882
634 -11.850778637194249 -6.6507258617125729 -1.0523608698294198
635 -10.482933176734582 -7.9284930081513503 0.3927811062103278
636 -10.841068169236864 -8.1922935336542402 0.043168378307150056
637 -10.843638256101189 -8.1985885514967247 0.04123656552630714
638 -11.139479369725946 -8.0174017040568515 0.84346261244225884
639 -11.939109534692999 -8.715586000301446 1.5851596701340331
640 -11.943103749857288 -8.7216128404481985 1.5900456045933491
641 -11.739855662020375 -8.5063853213863467 0.96449843339717112
642 -11.444062526411988 -8.5005276275214641 0.24608310643421416
643 -11.10992387321371 -8.5882046777247592 -0.32838445154785612
644 -10.658185413350189 -8.9729223168051782 -0.99458018275247762
645 -10.324950524816083 -9.7164541035234979 -1.4385722349189918
646 -9.8093170213579892 -10.496343711727807 -0.147215122050078
647 -9.8102478459144873 -10.497184138770992 -0.13854114605758797
648 -9.3707547034846268 -10.514188502064581 0.12371813589640923
649 -8.7613769516070068 -10.529379319578585 -0.16026415533347682
650 -8.2620604472171291 -10.696364819468217 -0.45603529276535348
651 -7.8051402665733347 -11.050246478804029 -0.81047365296089835
652 -7.5087752600333371 -11.545476890465403 -1.185709520125402
653 -7.4119346792341512 -12.047437082768687 -1.5144965621120321
654 -7.5036105569856941 -12.655515345838891 -1.8719118106108361
655 -7.6064198276498782 -13.232661939870429 -1.6295501911360379
656 -7.4890467577396373 -13.922969749394735 -1.1780747869076025
657 -7.1147158530829175 -14.539760932545207 -0.85195746114662529
658 -6.4412777685463247 -15.127901844690177 -0.56754134057972294
659 -5.674805645459589 -15.510133895348078 -0.37098138759160915
660 -4.7053612762143269 -15.767639970409384 -0.18197822847202635
661 -3.8052153505886084 -15.832964739496482 -0.021610443356500059
662 -3.8043581114802469 -15.833054681273657 -0.020614964604158903
663 -2.7914015516660866 -15.720422652625599 0.17166848304797355
664 -1.8799460606601568 -15.421575332933594 0.39039666925869665
665 -1.2239664767448071 -15.032830284758239 0.61400057169618305
666 -0.68776654279766369 -14.508024730351684 0.89354352224449629
667 -0.39827620887427151 -14.015819678532885 1.165236806002337
668 -0.26683641538507497 -13.492643959349083 1.4881232523032626
669 -0.28944187101847685 -13.094997531234487 1.7879306444679615
670 -0.42351904889217784 -12.755514526583092 2.1231886822931991
671 -0.58824550008669019 -12.554622226629267 2.4086157614322925
672 -0.78445011518324947 -12.425541698700643 2.7015061130552391
673 -0.94783441950546821 -12.371703798257116 2.9373167268976355
674 -1.1060747216183331 -12.358661297637083 3.1608296304467842
675 -1.2367824845498399 -12.373937955948302 3.3442990247809674
676 -1.3341777773858661 -12.400632329088522 3.481396529375786
677 -1.4200238855173746 -12.436348098840099 3.602835144217964
678 -1.4754672220632949 -12.465884747108571 3.6832742152694036
679 -1.513948510782019 -12.489910214933868 3.7410590618428374
680 -1.5280651781239127 -12.499830046581796 3.765892332309944
681 -1.5280607362290954 -12.50038898611559 3.7715703465323132
682 -1.5280789132131452 -12.500953494081028 3.7773357752062986
683 -1.5274541938551762 -12.501075139349009 3.7822578639353615
684 -1.5268102648196509 -12.501141477600866 3.7871929951765062
685 -1.537852237564389 -12.509633106460134 3.8087675907879599
686 -1.5643465557330298 -12.530829206762881 3.8528424615385877
687 -1.6122284295504339 -12.574214740998633 3.9298595304976938
688 -1.6674142001922128 -12.633545177629596 4.0210379089330317
689 -1.739612127763549 -12.731261006975863 4.147706012853881
690 -1.8092073800412762 -12.857893874310369 4.2863116062321875
691 -1.8800452136693382 -13.059998887923268 4.4706065608968997
692 -1.9173746088463466 -13.302642458704049 4.6557927126901477
693 -1.8987329708752836 -13.645467241873181 4.8798880639936124
694 -1.7781682405979649 -14.056314375791507 5.111696645433442
695 -1.5500469564789239 -14.462080283729795 5.3162828922691654
696 -1.1356261173100548 -14.922992756493866 5.5350611295859142
697 -0.61645321780209184 -15.295325585706069 5.7131967250721125
698 0.11188859445767579 -15.630590991920819 5.8956610312074984
699 0.87245546086393322 -15.826920237429865 6.0442478463078873
700 1.8176619581497886 -15.921232728492683 6.1984117798410576
701 2.7082245026278762 -15.882065579242809 6.3320080778430503
702 3.73934774076662 -15.70202837189364 6.4807867090105429
703 4.6597182573944131 -15.417698748802142 6.6201598518781823
704 5.6610870707742116 -14.961114796774538 6.7926340107683911
705 6.9714880799150247 -14.32689258392076 6.6039529343514758
706 6.9728562688752733 -14.324972168534934 6.6023867128826428
707 6.8126362601631332 -14.331950918334295 6.5780746789595099
708 6.8084251506487625 -14.329170209564817 6.5766147314916026
709 6.626362368613667 -14.505585047492447 6.114636887369941
710 4.8313217438768756 -14.282025321955702 5.5590107067712902
711 4.5845793163736257 -13.948361134782592 5.6062425519231507
712 4.5829382815480715 -13.944224061538677 5.6057985943008628
713 4.3119298012020106 -13.737149229836476 5.440234382014526
714 4.2067632986590295 -13.074947561619087 6.1719819913429363
715 4.4603213306417437 -12.979598222079259 6.4414573784596936
716 5.0699398492034176 -12.936676743373276 6.2621957824629275
717 5.4762446393569952 -12.908696470725095 6.3573569587074816
718 6.8142068871854988 -13.021719800413891 5.6658951728818812
719 6.8241016925435378 -13.457435410224104 4.2447985263782515
720 6.5547105297246819 -13.025912676647703 2.5953518710707617
721 6.1530188136473463 -12.314991008868345 1.0704093325236268
722 6.9553267281273383 -11.452447898146573 -0.25450852154915005
723 6.1396335807043769 -11.603734858063497 -1.5845886267431923
724 6.4063504858048939 -11.4648442245268 -0.40022875841546518
725 6.4055324557435807 -11.461178194115112 -0.38883249869237091
726 6.6234952121678656 -11.207648503294131 0.89818812140655102
727 6.9003783493227626 -10.720697463447394 1.2762825150197739
728 7.0891278723522095 -9.705002686096714 1.7342736463970674
729 6.8553525001506035 -8.6706747013821488 2.0541409839417955
730 6.5636454147550882 -8.5932025940218058 3.1140874622167445
731 6.06543874560042 -8.7387326560548235 3.965478646340566
732 5.6219388336291409 -9.3830449487663081 4.5169615433450998
733 5.5669389116783519 -10.200631172112553 5.0384409996752932
734 5.8479372535830452 -10.784929316257163 5.515658792670739
735 5.7643172037097763 -11.146937913778656 3.8308266159199285
736 4.8736532328079809 -11.565230680317557 2.4099169632198336
737 4.5467549598039119 -11.51021476476155 3.339573624426003
738 4.2255023310607962 -11.710288883860697 4.1310577193204558
739 4.1258121971262458 -12.169573179494284 5.027830315763163
740 4.4928265055418262 -12.435608264584564 6.7268600436265249
741 4.8432607118426203 -12.293099362334646 6.5846582901504593
742 5.2002958841457403 -12.065713092340753 7.2579135414878468
743 5.5433199473265695 -11.377200109942395 7.7997328587722361
744 5.9670031751424322 -10.890989525926052 5.7086390120166515
745 5.7916381480893602 -11.213895343077334 3.7285802845359823
746 5.6019870762586885 -11.507517096540752 4.3616911494020894
747 5.5911347026933882 -11.888831607769577 4.9178825352250968
748 5.8094198751622113 -12.468179360935903 5.2890410662265186
749 6.1920433936511747 -12.916042724383191 5.6105297492391042
750 6.7910739973730117 -13.264808139425995 5.9665503568899183
751 7.2587990637135631 -13.413107563206731 5.9863922454937111
752 7.8082469036209616 -13.555000380453379 6.0702339545049435
753 8.3009891665883178 -13.626217366344774 6.1997301517232994
754 9.256472108781491 -13.95507731672479 5.4037307959859788
755 9.2080627784998494 -14.459948902412428 4.3493965053207591
756 9.04994738496422 -14.350946532492136 3.7008468895626625
757 9.05123733777992 -14.34825510452244 3.6947761294026646
758 8.8768009600115914 -14.166770243633716 2.9996306229655172
759 8.4962350496961534 -13.952994096147101 2.5356949660094563
760 7.8824330968011234 -13.404403966461542 2.2610762074346797
761 7.2873502750930816 -12.687197935469248 2.2504632360426284
762 6.5867318490102305 -11.775792630391445 2.1871383887388895
763 5.7288277653811077 -10.914182132443614 2.7842571130293794
764 4.7369122519157889 -10.93383643573547 3.731192185161722
765 4.681383469389254 -10.612102170003919 2.7917269186856837
766 3.8662749596641164 -10.033019149330469 2.1497079836558832
767 2.9402606635572908 -8.5442445379775318 1.9820824766576677
768 2.5379547416766393 -7.6301155368780904 1.9834798981081729
769 2.0095596193267 -6.4356932775819713 1.9817425364415782
770 0.12412323270205497 -3.1118548994784283 2.8784727015153742
771 -1.5872815284342934 -2.4805546185928038 2.4922533724561724
772 -1.7444548275798832 -2.4054754827413483 2.6052272031502941
773 -1.8704452330257015 -2.2307728961672777 2.4773904728426444
774 -1.874405796667411 -2.1362883619637456 2.4302378537230571
775 -1.6668791464247077 -1.9691173961238539 1.8927902595878117
776 -1.8456637247379788 -2.867372532394481 2.9345208834203387
777 -2.745159104108128 -2.9080163825342153 3.3715168591852347
778 -4.4517997703403598 -2.9843905015320908 2.8690906648472718
779 -4.8910877146609639 -2.3787477728784174 1.6676050868062937
780 -4.8452142867247225 -3.5988695667203165 1.789776744708319
781 -4.286580946089753 -4.9398174675246809 1.1224615659765589
782 -4.6789873231515795 -6.1157146085182923 0.5985938368447411
783 -4.9172240969272956 -6.1776687977490896 0.73960887636896711
784 -4.7514395133192924 -5.2465399152679613 2.1044432830694446
785 -4.5769497797172694 -5.2201712704179979 1.6269102311102679
786 -4.2883210095557951 -5.550214435285449 0.89954427184014518
787 -4.0511755061286525 -5.2524224934609185 0.85231248262914738
788 -3.8064266727608946 -4.8909135327239595 0.96267856265194796
789 -3.4395593822842301 -4.3526674361532267 0.96420258937429815
790 -3.0418084011771875 -3.8487122654228436 0.84691817146884807
791 -2.5435970705062503 -3.2578911116827194 0.90123760559471899
792 -2.1333485540740158 -2.752263103096849 0.8822041839342426
793 -1.6488701455685695 -2.1676985135505555 0.88240325864695934
794 -1.2109689459487953 -1.6674762870077071 0.82671505667977963
795 -0.73657238747530351 -1.2210182181580296 0.69506811336186558
796 -0.2322361349325574 -0.70609393416313371 0.89342367118083832
797 -0.44353299560239823 -1.0164867767562129 0.64805615544086081
798 -0.57014688876236608 -0.8634216166808818 1.0675996008207522
799 -1.5736060055768502 -1.2825693542988308 2.4103805392182407
800 -1.5065025873398132 -2.261946802957191 3.7341828026707673
801 -2.8240111883751045 -3.0688051255940705 3.5755359671775593
802 -4.4632945268319908 -3.683109006702582 3.3060714679385614
803 -6.0635460525445994 -4.1022820151345014 3.5912487631007015
804 -7.239289593601292 -4.5573344073040962 3.4053775595262441
805 -8.1876950660963352 -4.3622227966190046 2.4770160525365146
806 -9.1936717812206812 -3.1060665016791309 1.7507574926665743
807 -9.2272505130304978 -1.5685798749721742 1.2229802928494686
808 -9.0060662921078531 -0.7769004766019163 1.3350017744645939
809 -9.0849555472501109 0.91098578270048525 2.5717453901427723
810 -8.1449387037796797 1.0133599097554564 1.3129764288697221
811 -7.6190835804337675 1.4556631732950542 0.46410862442613149
812 -6.0967628876687883 2.1060258517416122 0.25470706012865879
813 -4.13373250737411 2.7121130417537023 0.48913704073878278
814 -3.8726929489734063 2.8669423927869855 0.54419214908163549
815 -4.2213862997752551 2.5873612111393163 0.412452017839123
816 -4.8354149313103152 2.1855103202991462 0.075298125838977048
817 -5.1089960788492812 2.2293653856329225 0.25334155140522679
818 -5.7380276531071077 2.0620413639053905 0.23177610829416556
819 -6.5259584518684246 1.8777563625382918 0.20624074505178627
820 -7.3451247186553319 1.7304882589398227 0.22734744868618612
821 -8.6278933036627077 1.142854187051078 -0.77735900356879672
822 -8.4279216209510999 0.73434610011738854 -1.246185106628686
823 -8.0234250267790532 -0.46260600086932824 -1.1188936260240114
824 -7.3558351245606817 -1.4163442380506162 -0.41357835203483451
825 -7.597812325339226 -1.2659076625118444 -0.36271315803746185
826 -7.0135097300469349 -1.3238496426672852 0.17862854217423488
827 -6.7708735148410906 -1.1352728731075201 0.74274947398069169
828 -6.8014713057543581 -0.92387214527235451 1.4322473058793797
829 -6.7295111591876653 -0.74788751199790071 1.3317929452925257
830 -6.6454113746175336 -0.531424939295564 1.2836092065537779
831 -6.5737720407302556 -0.33295871659161946 1.2932059247322953
832 -6.510079885906233 -0.11172684349459894 1.3697972755290591
833 -6.4754943869853268 0.08517949162864924 1.5105937411247385
834 -6.5318881993052811 0.13178892095648298 2.0316459446567863
835 -6.7223219584661882 0.29924884760444226 2.5458514867747253
836 -7.1252618071895029 0.4713480494367312 2.922525555891013
837 -7.7774680978120321 0.51248808262776968 3.2464779155467007
838 -8.4386289634741338 0.36638507210489629 3.4567584954700248
839 -9.1814300389570125 0.053447715533607054 3.6119706718415214
840 -9.5436897695836951 0.08108787215003721 2.744235681501789
841 -10.376332653383162 -0.032045034926207805 4.5529786972490607
842 -11.338652077823195 1.4474237620596566 -1.209818980911169
843 -10.879472627824518 0.9359641287342334 -0.15266094999102559
844 -8.6937301291721738 0.90753330394653975 0.90962688246027879
845 -8.1763507982581576 1.9564290998068745 2.0285037300880684
846 -7.1406048295438236 1.0872267204660315 -0.11189655468792203
847 -5.541858507723985 0.63254095390626985 -1.8137032884125248
848 -5.5302248709499864 -0.53804150991713817 -0.61728992248571102
849 -4.5704550755043059 -0.93621392976458562 0.46329104310624381
850 -5.1430155790097816 -1.0750764188010606 1.5424611520625151
851 -5.2620484856491361 -1.4722835187272352 2.6091820513816213
852 -5.5571451840910076 -1.5470439417404693 3.7906755376960128
853 -4.9558285520715515 -1.2482380393858019 5.0815430983460281
854 -4.81714147114754 -0.89253305687289675 6.4283217408878093
855 -3.6281516655850785 -0.44320328340615178 7.4612546031184461
856 -3.1198724015513548 0.93577271308555765 7.7252797058883766
857 -3.3854741925868437 1.8668645665656141 9.1611917678003767
858 -3.1643429422417579 1.5771124782665795 10.54849740553556
859 -4.3129623550575378 1.8544359599804361 5.9401685530946642
860 -3.5375040762670591 1.9277775186090556 7.3056289948008795
861 -3.4228186141186714 1.5732047263595574 6.5997453673357338
862 -3.3982661894469315 1.3169159102100421 6.023262225615535
863 -3.1206776861719172 1.051413141618277 5.6239008698436086
864 -2.6177640443561514 0.64838855810466667 5.5717343156788823
865 -1.8875592277106716 0.3050737902244548 6.1660934122380029
866 -1.5364983606734959 0.29029197984073762 6.465478198528599
867 -1.4254695085474296 0.28574638163381627 6.9214497823138927
868 -0.35389395034398757 1.4741134745807321 6.8431071931941245
869 0.15355832048353346 1.9166353180633826 7.1402368247081025
870 0.64822242845979572 2.6071305747954607 7.332382270289977
871 0.81176919104923329 3.004213215689469 7.4926454257997284
872 0.65976469302574225 2.8486183748320135 7.719876387210892
873 0.85599166817184402 2.926879924431415 7.1022014382566807
874 0.031863697387858381 2.2768931359791167 7.4945208307282867
875 -0.17786130249020898 1.7996656342416002 7.3201445709591422
876 -0.3391872233820854 1.5807433682164462 7.4103031223568863
877 -0.45063181635295646 1.2749721602832169 7.0203262605912728
878 -0.79612289575737005 0.81265012128773684 6.3761285608288203
879 -0.77846642407079358 0.92017562415881915 6.5704195448436273
880 -0.69896198008110111 0.88577786520525237 6.5553423036890068
881 0.30650395439966838 1.6260213393906093 7.3939249643960396
882 0.48264602154629538 2.5706799023411344 7.2286668620403347
883 1.1317476690969048 3.4586168824606824 5.4184829972459898
884 1.4020494799160579 3.2663121668831776 5.2953918218467706
885 1.7784304239843844 2.9777933191588777 5.2322804914104148
886 2.0224848889399971 2.4130553611560686 4.9416688467403578
887 2.2856228073983909 1.2652751789888956 5.0726085528623104
888 2.5694648222902199 0.35645188207126388 4.9561963818236432
889 2.7434106220684851 -0.5818755061155223 4.8827985727817289
890 2.9025501879334525 -1.5042741917424949 4.8674583678997649
891 2.9850933859418229 -1.8145106599874161 4.9898365906404347
892 2.5565129056976987 -1.7863841607262301 4.2149510204057332
893 2.1110964943950927 -2.8300873284715844 4.4951551191106009
894 1.7482813248973184 -3.1138128128721423 3.8435134953479855
895 0.12061895867202013 -3.9600344052105614 3.8619358743464858
896 -1.8351819302577952 -5.050600232914741 4.3546790554118191
897 -2.0671451148510465 -6.2676559254042692 5.2879821007055474
898 -2.9791813766329711 -5.4624227521316158 4.3748916821970267
899 -3.4348196343258799 -6.448159556135411 4.2520220827070787
900 -3.794940978831892 -7.6299272568768339 4.9941767699688837
901 -3.9737880647986707 -6.6258456592894914 5.374127792657843
902 -5.4896398655032845 -6.1413142618294234 4.2565067602198345
903 -5.9132186388517329 -6.1423563388906501 3.5589358671505424
904 -7.1185094347721414 -6.8588341845605205 3.6637329566620913
905 -7.8950301360274935 -7.7667785258755018 4.4997993700860537
906 -8.0983756908992035 -8.1305455423359305 4.3393414827662378
907 -8.3288075409315478 -8.5776727181056884 4.2666660903149287
908 -8.3298947371007852 -8.5764816824626084 4.2667149388040784
909 -8.4266683561075979 -8.9739097533629852 4.6073767028267651
910 -8.650698869943179 -8.794237535286868 4.0140573314040919
911 -9.0066235341788126 -9.1562147576105097 4.00640435575938
912 -9.420708105677015 -9.4255390550372979 3.6868872046437446
913 -10.129721251537301 -9.8315808995648677 3.6064029550146341
914 -11.145821408500153 -10.357969796941285 3.5955826694313995
915 -12.271417834067334 -11.005857414304257 3.8258756731870069
916 -12.977090805618055 -11.763177431196624 4.2913066584888284
917 -13.045662011492091 -12.577593259320402 5.1145285307398272
918 -12.701367528237023 -12.608127432941668 6.0999904261023099
919 -12.240302339677005 -13.928515941333448 2.2270746515944086
920 -11.951386858280056 -13.693190130365709 1.1798737929696559
921 -12.312997173806869 -12.714533082483321 3.8544262277837351
922 -12.433612186399046 -12.928815987530609 4.4365877309387702
923 -12.446327524087829 -12.701667614747048 4.278625654404542
924 -12.412485498635821 -13.113327625583459 5.3277941308034347
925 -12.04708887872799 -14.004428632877657 3.5218652297029047
926 -12.488305204063117 -13.779426090128357 1.4633726757786387
927 -12.638127239990903 -13.970834460952954 2.5879371882536493
928 -12.242939591909305 -13.673882788069717 0.41651774646555695
929 -11.735853106728468 -13.204950284657416 1.6193133444749432
930 -12.016265728195936 -13.07970678483478 3.114274057284026
931 -11.419369572798139 -12.901794361234309 2.3012544306365381
932 -11.582151291754622 -13.153655638505329 3.8759247680363238
933 -10.774462929863034 -12.857235211714109 5.6963942340548428
934 -9.8142346816342609 -13.118925621670693 7.1583782463748875
935 -8.1684491546046143 -11.62472663599136 5.5041299451822754
936 -7.6908125535937488 -12.56376386161125 3.8271007059612838
937 -6.7093979581264938 -12.077141168642353 4.9765255487081488
938 -7.0554830355039675 -11.181733743507145 4.693485638933506
939 -6.5366681156828284 -11.60236486080961 6.5108550024364886
940 -6.8074875677740367 -11.552438905480027 6.9728520021408649
941 -6.8556532199963858 -11.458497848177293 7.3089371055697256
942 -7.0954149956083761 -11.384465352933487 8.1298960183257449
943 -7.4860040682260944 -10.093467013535179 8.0881577424591278
944 -7.8332392072377717 -8.7258465184423102 7.9004499757904645
945 -7.8700324576870999 -7.1937632736069341 7.6842459252422035
946 -7.3246982717733475 -4.7656226634004986 7.2514840231104207
947 -5.6757754636792228 -2.9066471817163757 6.4105719611070651
948 -5.5723984554851906 -2.7131629967107576 6.8006981746859712
949 -5.6266319930703821 -2.6888120495684622 6.8776683640482297
950 -5.6722274087096558 -2.667979655561838 6.8935179971095897
951 -5.4324343527575518 -2.4334657430000473 7.0091396522216538
952 -5.0700730010245696 -2.0650068985443237 7.0822643118293964
953 -4.7149961643161253 -1.6827084774580159 7.1133052165351494
954 -4.3383850037136398 -1.2801488137795665 7.081302155088105
955 -3.9650270289596321 -0.88708550648954998 7.1030876053776923
956 -3.6310360195387723 -0.54359645558395409 7.0616038217634696
957 -3.2620902644744869 -0.21748653990050423 6.9466892586106272
958 -2.9825679174597584 0.060494671741655626 7.1485258069161963
959 -2.6798478043617528 0.47339211973982726 7.3032766277693417
960 -2.3450703165391 0.74158046467813965 6.5990471242415598
961 -2.8671703072797663 0.66221341365203057 6.5471370102959181
962 -3.3312904759681872 0.54695887507330965 6.3769261008580749
963 -3.8231283639855631 0.66527818206469058 6.8521812735334526
964 -3.9642907191515073 0.65903577117582302 7.1153414014975693
965 -3.9102098516472097 0.7489140772598657 7.1346394338172052
966 -3.757212928567514 0.34074485371095853 5.4108931679012162
967 -3.5040662230619772 0.23957562779108971 5.9837224745847681
968 -3.2318209097686066 -0.17011080857957167 4.738196103881096
969 -2.3023083509639641 -0.43870956399082056 8.8386226568431816
970 -2.6588404571462441 0.2605067590803215 7.3386858113003699
971 -2.3332624852737132 0.16645434783304702 5.8715291245952521
972 -2.1496458566627479 -0.30220671977389379 4.5031781304127056
973 -1.124794371509207 -0.61321097273834524 8.8382702874217607
974 -1.2584086915536108 -0.10340952107653195 7.5628227005594146
975 -1.0831531572963957 0.18324848236205538 7.2210693062729936
976 -0.7307844639487806 0.54386503594073077 6.9858565524526215
977 -0.26586397055701577 0.90402670503564886 6.9035329627586561
978 0.29395620943342593 1.1174790872488269 6.3024977221104157
979 1.296542345749446 1.0078949435181459 5.8506213463785688
980 2.2354356439657406 0.53168354349471791 5.7017786614771468
981 3.2237055202122007 -0.11823748316028937 5.5607367327255472
982 4.0486593660867163 -0.80224888989571852 5.4445333569290977
983 4.8804560106631012 -1.6913555823352797 5.2993875184220256
984 5.3109555067131664 -2.5825471346383981 4.6233227613093693
985 5.1398152415992477 -3.7428313703007992 4.2212276886624522
986 4.614148852332649 -4.6603013340376256 3.8713735070452691
987 3.9812149447861378 -5.326220011762552 3.9121412223984144
988 3.3596476458094817 -6.081669970680883 3.9033487094004657
989 2.8109549718030777 -6.8250260045032363 3.8632415856675921
990 2.1835991013764433 -7.7494289033557164 3.7975662617009807
991 1.6438213358610327 -8.6544443384062522 3.7286901364262963
992 1.0682540371874318 -9.775511320371864 3.6612578851493884
993 0.6164285745801622 -10.890208909474213 3.6306983694478463
994 0.21680679332439726 -12.230036318248027 3.6538357239633825
995 -0.014854807683699012 -13.481477202481228 3.7438450928154143
996 -0.11969802594126422 -14.882805232149156 3.9352467292575382
997 -0.053239518763918414 -16.072265985033827 4.1976738760953989
998 0.21455207470763421 -17.265917389935595 4.6101269298962464
999 0.70119464552908006 -18.198134156773229 5.1589116742210797
1000 1.283910807285803 -18.696901137507243 5.7670055207195601
1001 1.9314905669485325 -18.772488224277726 6.5931112352137466
1002 2.2040170191920492 -18.490440814479978 7.4353627952357986
1003 2.649055083189539 -17.815325629063512 7.0631930950627968
1004 3.260336605616343 -17.163530662114251 7.023726053529403
1005 3.8778519820143895 -16.384030349112585 7.2979724038677389
1006 4.0893585449349761 -15.71251397163973 7.843007867394741
1007 4.2018271220859917 -14.983396081432261 7.5525307478047905
1008 4.4688421847935373 -14.295291916773559 7.3933274199477754
1009 4.8743780981485996 -13.522686860850738 7.3234217290031838
1010 5.3075821532057814 -12.737143488228877 7.3677141389008112
1011 5.6355214865408927 -12.01277838580479 7.50635397340504
1012 5.8383890285984741 -11.164444022305137 7.779549150428589
1013 5.7108285700866261 -12.13958221711127 7.6676470725367611
1014 5.7872140829378402 -11.05724624975552 8.0350636166014269
1015 5.6195915119782285 -9.4213688811419054 7.763705075507132
1016 5.6111280068380855 -9.0775775924914246 7.7868702644551666
1017 5.4743992073492356 -9.3097147621075589 7.9711475257812383
1018 5.5184775939136861 -9.3472151616359405 7.7551672819021151
1019 5.4031067926727623 -9.741456440315309 7.7873588608934288
1020 5.2984088408367622 -10.128794242397655 7.8151145479445008
1021 5.0521517213466725 -10.060161268549034 8.4296651661067816
1022 4.5630719451331956 -9.5772928221454627 8.7919826286736456
1023 3.705595017473327 -8.9372999076591988 8.7598938633310404
1024 3.0530036262473974 -8.2683798503773183 8.3980755114740298
1025 2.7290615475923561 -7.7344491167907128 8.3641193585276419
1026 2.5351601466476703 -7.4805590201407046 8.4324048906025766
1027 2.2856462287758617 -7.2028633064868188 8.5206833661747012
1028 2.0046866890414039 -6.9117259441620593 8.5831189410149022
1029 1.7478775858072921 -6.6473450463218215 8.5855999142601984
1030 1.6416625099966777 -6.9606309027651623 9.3931152683019885
1031 -0.11359866459516862 -6.9568449443418379 9.4806135826894913
1032 -1.8428399593428344 -6.8577755104780609 8.8468987021074224
1033 -2.2383533509605238 -6.6130848012263295 8.8819286076417043
1034 -2.2401162245144235 -6.6180788350631001 8.8802605126489702
1035 -3.373930695870766 -5.9103032168621032 8.7857627908015861
1036 -4.6649672194525209 -4.9452305963042527 8.6523353902042217
1037 -6.1573364779995243 -3.8757953406896672 8.9314962878557491
1038 -8.073331418476581 -2.3544885469573664 7.0628990189551422
1039 -6.4293956528494771 -0.96617382978663746 6.7587410016548723
1040 -6.4304429148334057 -0.95807672568611379 6.7543599341636913
1041 -5.0597784871127063 -0.70315643923394666 5.7057228366782446
1042 -4.9574233565500831 -0.96663023607090492 5.2098997828323599
1043 -5.0922799694965208 -1.0072130384175502 4.7195402983305836
1044 -5.0850382952787951 -1.0004430818689429 4.7128797067303081
1045 -5.3424665215756653 0.22964627809046934 3.8557794132416219
1046 -3.3856461653057099 2.1616278698411477 3.1418746161830726
1047 -1.3177315655079396 2.2691001744765971 2.6588102549013048
1048 0.39468985351193486 1.4577358967416205 2.3282400960924003
1049 0.69555760461276539 1.1039196154359296 2.3444053003739675
1050 1.6787790023764373 0.346431667291203 1.7738075092688335
1051 1.4906457526784982 0.62933514174858385 2.1207256257865588
1052 1.8358357088895016 0.00096516670127100301 2.0370111930886097
1053 2.3545478985732879 -0.77358045929293084 1.6581696109158317
1054 2.1307994328720303 -0.70275384913200922 2.2114573478194868
1055 2.8657841535929296 -1.8700222024658875 2.4070171521437276
1056 3.8902378043038381 -2.9629278284937586 2.6062039036225686
1057 4.1616757355062006 -3.3807477233067784 3.2269300953670066
1058 3.8519395640925511 -3.4187848161542114 3.1915790616571154
1059 3.8543890891067338 -3.4319612573557836 3.1862763011134718
1060 4.0574953930790487 -3.3357097856120062 2.849295055111301
1061 4.0610885600408002 -3.3399575584384724 2.8453647685300121
1062 5.1947360257503368 -3.5083988200675349 1.8574126234844153
1063 5.1166437407579712 -4.5476389308694323 0.83252007843935671
1064 7.1462352793221564 -4.139417700457928 0.51449578191426459
1065 10.233094423953411 -5.1494888462446555 0.68501697283131457
1066 12.423047409498025 -4.6350608499081565 1.2814199113542888
1067 12.299035315671487 -5.6237600540079287 0.93911138299852526
1068 12.086311872709597 -5.700167248036724 1.1848451248045766
1069 11.827643961280266 -6.3686512067440955 1.193986790767009
1070 11.663965295190382 -6.736313483652685 1.2492214571376759
1071 11.493543632790281 -7.1324503605826468 1.1714704184786049
1072 11.494174923662559 -7.137613729569404 1.1715596587786601
1073 11.215524255094499 -7.4690089328248188 1.3044857917129025
1074 11.065925106224769 -7.0696810291793755 1.9484358415523779
1075 10.610281499039502 -6.4082262451047018 2.4260618996396808
1076 9.9572266669538454 -5.7712565468126877 2.6126410670039926
1077 9.115964383768242 -5.0367467943857385 2.5552536590709103
1078 8.36809708391851 -4.2945002656659979 2.2851210502115742
1079 7.8823685782689843 -3.9886107767578101 2.7891561542606347
1080 7.883575622244086 -3.9883668818060087 2.7931523584479341
1081 7.4604078098801425 -3.9886744576678081 3.2945899057895756
1082 7.0604334589542841 -4.2551175742344043 3.8729197751059048
1083 6.844480376220293 -4.6709112503984809 4.3569496603198887
1084 6.8188233633421147 -5.2856092658462357 4.8300217259452882
1085 7.0582559233664268 -5.9555087362063359 5.225469802952146
1086 7.4826436415229427 -6.5324163091500598 5.5077985473304985
1087 8.1386751118330913 -7.1237668434518371 5.7297655986156766
1088 8.8368923947705689 -7.5999541626488334 5.8458398519782815
1089 9.6850892952836212 -8.1044587156257482 5.8732086801900545
1090 10.431677488664304 -8.547668837879467 5.8167907258818499
1091 11.214055066387864 -9.0998475779999293 5.6504668653593351
1092 11.789067267034378 -9.6688050334187139 5.4108721760311935
1093 12.217633527423889 -10.430968833065663 5.037884560409406
1094 12.303318101380677 -11.177910482513996 4.5987668013682814
1095 12.320955685887633 -10.856579226870359 5.1617756927662555
1096 12.323452636676361 -10.852393759263421 5.1644784502512717
1097 12.406923163662448 -11.132507009280801 5.3018862652668606
1098 12.587156634283865 -11.68354741850904 4.9974073484309685
1099 12.427665298679988 -11.958873550475385 5.1936129832120903
1100 12.578795529894906 -12.627631205818517 4.9010935183006303
1101 13.154183788552286 -13.748376036637339 4.7946818183749151
1102 14.039379270822888 -14.686475048168882 5.123888909144048
1103 15.004284191554977 -15.487593435367829 5.4358408440887445
1104 15.823543520606599 -16.013945691348344 5.6575302644493242
1105 16.728158093884474 -16.451430669071616 5.845833520072051
1106 17.509914997029128 -16.739630514402425 5.9522754215825833
1107 18.372558658082358 -17.006117293241598 6.0015037757209706
1108 19.217081664390662 -17.265080062016949 5.9800859162023929
1109 19.944568977036838 -17.531199503572477 5.8989111917567758
1110 20.705008968394278 -17.916495662400536 5.7296417874717305
1111 21.296526483294109 -18.373509711263761 5.5013410774541436
1112 21.430742868591039 -18.418922653918525 5.8579158049105313
1113 21.429146901009585 -18.417226571881905 5.8604561516589779
1114 21.616177883698889 -18.377878947739976 6.1176196674655259
1115 21.880100943574753 -18.291449152165992 6.3025121006090252
1116 22.160138803269941 -18.229638046617758 6.3440900729582133
1117 22.529139550035282 -18.24592008419998 6.2200024844914932
1118 22.674080740611423 -18.244651607770241 6.4864852094891381
1119 22.992047263824613 -18.205682156125256 6.565852798988141
1120 23.431773649684732 -18.023516177576845 6.8693185796693754
1121 23.928886696717623 -17.686823104969857 6.9413050540651318
1122 24.681536116554788 -16.970442675743389 7.0187577069119573
1123 25.334383442776385 -16.358135308962172 7.0833587349301066
1124 26.074453496616339 -15.67333705141446 7.1149366682336064
1125 26.780853396610951 -15.077347682516953 7.0951654701170055
1126 27.62636236769259 -14.477851270442502 7.0001909091350258
1127 28.435276833883943 -14.047269796389024 6.8610787141203655
1128 29.361125242443194 -13.728128808616615 6.623832279918588
1129 30.165624986059537 -13.626363560176427 6.3547411492687669
1130 30.967540748857378 -13.733161392216569 5.9755882085008167
1131 31.580336121304871 -14.07808859813661 5.5271552704113072
1132 31.811715707740554 -14.193188887835708 5.6085227572773082
1133 31.810697187712588 -14.191822260099334 5.6091732805854724
1134 31.966345894044387 -14.064160179655319 5.8663603132602216
1135 32.118301139512397 -13.898728081426883 6.0743202880170433
1136 32.362172478056564 -13.221637379947415 7.5197693691006258
1137 32.212991092616221 -12.288583708959257 8.6971743554002803
1138 31.292363543040963 -10.929137277761376 9.7417672991703359
1139 29.649011714785392 -9.9807458331765844 10.438009714989285
1140 27.2327226340905 -9.8411966931481629 11.070670690242713
1141 25.882912583790716 -11.241180183193794 11.670120312529077
1142 26.775791501265761 -12.325544256106177 12.611347116148107
1143 26.954416629901289 -12.711429426205331 11.002710630092581
1144 26.751331379173205 -12.50587843514225 9.4834263591933823
1145 25.664360094433913 -11.8789661031969 8.0508057432255775
1146 25.889966709238159 -10.172583968745153 6.9353764755265086
1147 25.309685335040612 -10.225505468574447 7.7673223968797487
1148 25.307846409805112 -10.230050271663595 7.7742123137839263
1149 25.491299425667439 -10.00837439485022 8.4379609569270251
1150 23.560515720718989 -9.5893782924983029 8.7330028422260657
1151 21.397939158010246 -10.707081479557324 8.7467803519066418
1152 18.962830915326595 -11.996138597915788 8.6875935834125908
1153 17.122119837204984 -11.689003142248025 8.4196177761849356
1154 17.009508858621587 -11.781179344017982 8.7945730532770945
1155 17.010763077124508 -11.783765905866296 8.7969291367704052
1156 16.867183552885489 -11.850951037071814 9.0975805026514376
1157 16.665503083602694 -11.833256576846523 9.2269319928018643
1158 16.433625924227062 -11.900892340225798 9.6537723347382887
1159 15.979997315270149 -12.198557958951907 10.289381750316448
1160 15.440435891152708 -13.10393999747154 10.642907225112191
1161 15.185035448930977 -14.093163658007906 10.742160440224946
1162 14.979752375592717 -15.159442157904234 10.699599122634195
1163 14.928711676037993 -15.519292746340184 10.992190039863692
1164 14.929903973640499 -15.518918685075922 10.994848704715448
1165 14.990494852923835 -15.960399440970196 11.258602936828131
1166 15.09513693404269 -16.136474318403753 11.563889532011514
1167 15.318681075367444 -16.381871393994906 11.836849248252872
1168 15.670806889921405 -16.641248793467444 12.01020720881769
1169 16.205102643952827 -16.891335137792254 12.285258858063017
1170 17.069535725302 -17.101309833854902 12.423849030030638
1171 17.964961146523073 -17.20192306730042 12.569594081685365
1172 18.812632115233573 -17.163509806976684 12.733479291534913
1173 19.231256851688009 -17.029410129817702 12.957290623649888
1174 19.201111908420856 -16.87749545748801 13.304712823259585
1175 18.754620760749084 -17.036905059425546 13.634449999515567
1176 18.12876032402524 -17.702663025036042 13.899890834530865
1177 18.554892154496802 -19.376750302347507 10.723062460595576
1178 17.875544668663235 -21.891887122137529 11.229901622536151
1179 17.864812230972856 -21.895449539786437 11.236409524453576
1180 18.273416712501025 -23.231729071022595 11.615899053720044
1181 17.451301639178656 -21.46771045825815 11.984196572329807
1182 16.216874594250889 -20.414046055156835 12.142515368192493
1183 15.053958030593023 -19.739162376638077 12.336008837563416
1184 13.71517070874842 -19.151990506929909 12.985019168450957
1185 13.447872885463813 -19.103741835425787 12.760955945036894
1186 12.987150687233495 -19.142516644849781 12.835840470796247
1187 12.288648386122592 -19.033983915127774 13.497692792461471
1188 13.020095754539348 -18.26604237458853 13.257811883628715
1189 13.003739778311731 -18.134966498733409 13.402409374003652
1190 12.744235018351384 -18.033093126913283 13.899512014759278
1191 13.232846366012682 -16.837193757090276 13.554337457627733
1192 13.071633109358514 -16.938036203209911 13.408845021248686
1193 13.824362157598616 -16.129871157820794 13.520820606785263
1194 13.821829652233363 -16.123700522505963 13.519993256851411
1195 14.239800361707395 -15.921289327585049 12.639094235846809
1196 14.499865836589146 -15.881863144258142 12.55719609090974
1197 14.715900619950952 -15.896747592761418 12.413111893860862
1198 14.925267403611672 -15.897617128650738 12.336651947882542
1199 15.092895859044809 -15.948056749493807 12.214345347651884
1200 15.241823440527345 -16.021875444781795 12.032886608205182
1201 15.354765351594597 -16.019220838961736 11.968704458940914
1202 15.359615939934063 -16.497166464359051 10.392557023765921
1203 14.778475782906376 -17.103513643494747 10.093581500503795
1204 14.774696644770479 -17.101921655531715 10.091574940615143
1205 13.978901570900554 -17.570743805017962 9.9809767547729482
1206 13.073141520233479 -17.994934717613862 9.8521574802261043
1207 12.198648197089497 -18.271161746224188 9.7317449741446183
1208 11.093214010474618 -18.494836271065253 9.8089999508258146
1209 10.300543237483243 -18.744779097075266 9.8860659341733381
1210 9.6221263829831916 -18.984795145114873 9.7428966604804295
1211 8.782793716189536 -19.170713331132642 9.8522149551734248
1212 8.0119805055294666 -19.512576144138329 10.250771561968731
1213 7.9610758284423522 -19.684623779309092 10.558424262810071
1214 8.1734464995489748 -19.608184708790112 10.962496360162922
1215 8.3797207364641366 -19.192946216440362 11.325795504234987
1216 8.4205391443711477 -18.722022384611886 11.733953622953058
1217 8.2105581431371188 -18.114304636887518 12.257716428368232
1218 7.8893360105115198 -17.783289475658901 12.722940366732098
1219 7.6999170656065754 -17.636229301458915 13.102094195789807
1220 7.6673573684939296 -17.466898970470957 13.635821395508104
1221 7.7683647219604319 -17.028773522238041 14.191948868932634
1222 7.7297306685285143 -16.243448048852485 14.509674655538829
1223 7.3862004655061861 -15.306163606794735 14.861932535865503
1224 6.743172602344675 -14.475028163267835 15.125853622908718
1225 5.8268759461238107 -13.756026301429284 15.378352554539747
1226 4.8088384891543878 -13.264510751158522 15.388153781772111
1227 4.5605148312212975 -12.750925236683067 12.820544066606033
1228 5.3301599698846571 -13.100311588916147 9.9380001858094555
1229 5.2192527260188522 -13.196665083889277 10.019505191246108
1230 5.2138779794256207 -13.316280858192055 10.357072650803275
1231 5.4571394208220587 -13.204369231145314 10.540710736692988
1232 5.717717234058652 -13.033303938766586 10.739233848309308
1233 5.9765459143643218 -12.77591283321868 11.000804820960692
1234 6.1417557450494176 -12.524998970996382 10.96886760823371
1235 6.410698079796199 -12.219437759826818 11.306546738504631
1236 6.4160917360079788 -12.21415585840308 11.31241771438177
1237 6.627214644028304 -12.13566845871873 11.757137587556723
1238 6.8396936486927302 -12.163891856073276 12.144270143245144
1239 7.1677476059685716 -12.264055896224434 12.421047177271925
1240 7.6505553092690057 -12.293328194408543 12.783085857127492
1241 8.2686260753091165 -12.212806982681126 13.011003388693259
1242 8.9877862820292318 -11.979980171279976 13.100239983916044
1243 9.6384096914130364 -11.670955005551603 13.388080773850687
1244 10.364328622352446 -11.108210886700203 13.54346577220678
1245 10.956127943386349 -10.50571498053278 13.753330528004145
1246 11.45888750086262 -9.7910573047917246 13.926979588307237
1247 11.975642172823843 -10.181891339951413 7.8921562721705678
1248 12.110122802923971 -9.5348023651168692 7.9554080804828935
1249 12.201379097486132 -8.9938775249432332 8.029523994847553
1250 12.237480250592927 -8.5951896548274611 8.0988568369284319
1251 12.235321533930144 -8.201967917174267 8.1338078069459652
1252 12.212938963429252 -7.853315426071493 8.2631935614199961
1253 12.139244043459897 -7.5430030962353207 8.3164604655304295
1254 12.046528808847857 -7.2939520265387712 8.5217595650426965
1255 11.920184831529442 -7.1662398629130699 8.6887277943748558
1256 11.818521776152059 -7.14771773136777 8.8892172370647025
1257 11.751962415806659 -7.2484986236436741 9.1912667382172248
1258 11.77458702278474 -7.39141534572894 9.4287066635940242
1259 11.912860070260367 -7.5998823049542654 9.7526801141220716
1260 12.096585224386416 -7.7623011620590949 9.9954328851959939
1261 12.247484343063999 -7.8878529335739493 10.251776867466125
1262 12.508244811712293 -7.9878732914815522 10.585843667689206
1263 12.775850420220229 -8.0437830145306712 10.973906978741963
1264 13.098415877399489 -7.9767127418665034 11.425169149166406
1265 13.346940380178408 -7.8736367834507703 11.704460274334934
1266 13.603677238886808 -7.6778889704372517 12.112594376933217
1267 13.72157791205292 -7.3729744370902051 12.549244266191943
1268 14.06989658193512 -7.3149824486313628 13.080001660940702
1269 14.071729981670547 -7.3100492781848043 13.087298000816318
1270 14.592457971037057 -7.0467059169560784 13.58088033992783
1271 15.092788925960011 -6.4803821282948455 14.106275367535899
1272 15.299038939993853 -5.7158085828320981 14.625474319009763
1273 15.11513678655059 -5.1137344417017587 15.117793028804403
1274 14.88473813163931 -4.8023727484785494 14.466187321029629
1275 15.355943991110959 -4.1328504294064823 14.64874992973515
1276 14.814648161289426 -4.4167176608581258 10.575395722118905
1277 14.459193735659014 -4.8376123778495703 10.764443025946909
1278 14.197506803439719 -5.3864245019306054 11.197913196207896
1279 14.208809370599582 -5.8611144910982533 11.625814151079364
1280 14.46648774580688 -6.2466973230052352 12.161690105726102
1281 14.784743016489127 -6.3593051459298042 12.429566217704057
1282 15.192231414337419 -6.3612855893046429 12.878202010611815
1283 15.506850465955306 -6.0944188081409489 13.378663277944897
1284 15.517849305012499 -5.7223830533898727 13.871161296682457
1285 15.305645908646177 -5.3264562659161294 14.433210757696083
1286 15.015355971520847 -5.0194482235754183 14.906243525483365
1287 14.579623155724585 -4.6583418685818394 15.387652596622846
1288 14.072869648802438 -4.3183193012144523 15.752270662465698
1289 13.398411607986873 -3.9558177436882334 16.060487879154273
1290 12.710904595327719 -3.6512727347768981 16.250816398741218
1291 11.852571219993262 -3.3250114089851737 16.368753669111157
1292 11.051019347057423 -3.0549171925771788 16.384539453536185
1293 10.11416668955027 -2.7507875369748582 16.302179446428752
1294 9.2032611823628088 -2.4330539993713756 16.108132162977366
1295 8.4686636952218279 -2.1158682783426972 15.829761651584141
1296 7.7820790088760345 -1.6960400810188441 15.393853020431772
1297 7.3304651208993103 -1.2950168956379375 14.885955517156948
1298 6.983834654820182 -0.86254787042271053 14.191222951607507
1299 6.8527329308083376 -0.40558367792090388 13.52346316890725
1300 7.0843518474660314 0.047676201371142479 12.795239777284184
1301 7.6503135003322251 -0.01712309389298472 12.219817181778431
1302 8.0830719407171738 -0.80539482813297525 11.69819097969118
1303 7.7935757856220746 -1.8462332993221673 11.330014594722535
1304 6.8312459134009007 -2.7935845117770128 10.946806602461145
1305 5.5460317053482431 -3.2226599494708958 10.538304355848878
1306 4.4302342820498843 -3.2291492305555698 10.083977727311934
1307 3.3996931183283627 -2.973733665268417 9.465343093205572
1308 2.7146040631629855 -2.5658443474085706 8.7927930954861964
1309 2.2719486269975655 -2.3512475105714561 9.083268187531587
1310 2.2703067864084079 -2.3533729301646851 9.0856446926597254
1311 1.864959021497991 -2.282913773684295 9.3127172942452088
1312 1.3528493084060491 -2.3126091423264921 9.5951417217198891
1313 0.74039042900489416 -2.4743189601165456 9.8687941100723755
1314 -0.10848645040668414 -2.9211411762529775 10.137075605372907
1315 -0.85952084546424301 -3.5965038027012755 10.371925458273747
1316 -1.5298735330266253 -4.5989610123500224 10.661230337491167
1317 -1.8893816686775113 -5.72332566674707 10.878583427986513
1318 -1.9880905818035328 -6.6647066447506464 11.012456252284689
1319 -1.9594071344700559 -7.7300792800660689 11.280413560583488
1320 -1.6628422344373859 -8.5393013269242175 11.664094173670271
1321 -1.2196081502307363 -9.0785353906839781 11.73180070815863
1322 -0.7452966093819049 -9.5013248479485792 12.010211166028414
1323 -0.28297585923012825 -9.7629218551086794 12.076051001743185
1324 0.13091967518643477 -10.026379506585997 11.949881725899715
1325 0.80757857670554545 -10.440521896837565 12.169355371325066
1326 1.3197844462053647 -10.656426055313279 12.180902353857514
1327 1.9571553842201006 -10.932060075291741 12.158974351418875
1328 2.8629132306406464 -11.209524115675345 12.514483874362734
1329 4.7533095574331794 -11.181188631740909 12.846828188277819
1330 4.7591561516943512 -11.177806241608168 12.848931961935474
1331 6.9560113761705287 -10.259106635107642 13.062027434195295
1332 8.7100840862167725 -9.1029157067748638 13.456158889141554
1333 8.9768702995159533 -8.8523499651251498 13.340079613189882
1334 8.9721552104374869 -8.8504808418949406 13.337428511636729
1335 9.0383426373757985 -8.7544749479938773 13.45447973589666
1336 9.1643883089762088 -8.5740097328429865 13.523778861318029
1337 9.2795816549609977 -8.3959283510120564 13.562455528818733
1338 9.3525387503658131 -8.2161446217606358 13.677398328167184
1339 9.2851081056792921 -8.0069848379318156 14.179532687613797
1340 9.0091698571904004 -6.8004769742439644 14.339621420209815
1341 8.5336814387130246 -5.373234169231309 14.080630387249387
1342 8.4174997645250489 -4.9720629379953092 14.519818778179191
1343 7.601827553109711 -3.7506488931839779 14.596329898637304
1344 6.8351252807769409 -2.6129356118148293 14.348457942558882
1345 6.6454905692797501 -1.9595448913167819 14.486775945881668
1346 6.4936966125763025 -1.5996843609892213 14.568215977269439
1347 6.5951703234465686 -1.7232708977933042 14.435504997501466
1348 6.5182966214928415 -1.7273333123089607 14.731471111520234
1349 7.0621702110550952 -2.2548718809092385 14.135436384888072
1350 7.1107207840179179 -2.1113693543512682 14.006409611572295
1351 7.070027658754249 -1.7360611214684563 14.350859816615756
1352 6.8715946847854426 -1.9359164901290209 15.157287956827748
1353 7.4125584446938806 -2.3686089214171249 15.192829696446616
1354 8.039029535161303 -2.8428359370600429 15.320115764342461
1355 8.6557755965631777 -3.216901164058604 15.482096293804867
1356 9.2783990234759699 -3.4942071786452589 15.575895564964167
1357 9.7872573575708532 -3.686591081427522 15.668744822981798
1358 10.305788851178495 -3.8452527418968012 15.7148495159528
1359 10.713411762748724 -3.9735254338281289 15.718140461604774
1360 11.095941764075917 -4.148851852421588 15.760913859184246
1361 11.435373562883102 -4.2992179004380802 15.773130276716259
1362 11.625327884596604 -4.5267720398762687 15.828807426237507
1363 11.539414333599503 -4.7574287567179088 15.925991348451344
1364 11.095056502065262 -4.9000339082851418 16.038746482702393
1365 10.428582828847134 -5.0867743510225694 16.245004669588628
1366 9.6358126632984149 -5.0501842113565978 15.914439830455754
1367 8.8346421806258224 -4.8072467235385776 15.558243947930846
1368 8.2301069589732094 -4.4173203571133559 15.263699874261933
1369 7.7003852584692822 -3.8143568980866824 14.947285952306762
1370 7.4042136731817614 -3.1437820192609469 14.663224528493892
1371 7.3116702409461638 -2.315216130831431 14.323899442481451
1372 7.4653412995645301 -1.6037332595814329 13.984206683059709
1373 7.881840875145425 -0.93869915249853708 13.560823442086521
1374 8.5064027832546003 -0.49834868255989084 13.064176076101678
1375 9.1135863966915931 -0.35608459233029821 12.548761889865583
1376 9.6880922175858402 -0.47237604876277617 11.907821970107614
1377 9.998624962110183 -0.75418767054255875 11.289712952528774
1378 10.012395283670099 -1.1315545304763501 10.571146805398003
1379 9.7288963927221008 -1.6258848829423651 10.376935987866259
1380 9.1660742545206144 -2.3761797552597024 10.355310022893068
1381 8.6280341580710154 -3.0178095117082044 10.234693776552717
1382 7.9349032646231361 -3.6104222565869262 9.9856504773567529
1383 7.2677348454706099 -3.912366454656409 9.6621908442940025
1384 6.7005320010080069 -4.0009656363255957 9.4953704457410399
1385 6.5354794562298659 -4.0179042024088423 9.447186786501943
1386 6.5475585299938688 -3.9595642207064055 9.1625852385768134
1387 7.0417537165070341 -4.1238139322884608 9.1321845878847547
1388 7.5208970328994091 -4.1911790292787758 8.785320362342727
1389 8.0597716286852243 -4.582729810532479 8.516220763104716
1390 8.0632225631220997 -4.5875455805748988 8.5135592780457259
1391 8.3670959752277394 -5.0126884192450678 8.370311395379618
1392 8.5986607086902218 -5.4323817880250962 8.158532210823159
1393 8.6505860600651037 -5.76626210166304 8.1046179452438274
1394 8.6682739935806108 -6.1189435006585962 8.0520572422660539
1395 8.6724881902760149 -6.3825060729553593 7.890001635666442
1396 8.5917372754167207 -6.5670800897165513 7.8755151555620992
1397 8.5563808812175779 -6.443613926025999 7.7190654201069471
1398 8.5255774481378168 -6.169766538516634 7.7053252546064694
1399 9.2763371710210389 -4.8080749458247816 6.9162611711694675
1400 10.327221819062745 -4.4613340503841385 6.0704442463841151
1401 10.722381139989013 -4.9102699588288967 4.8300853380104369
1402 11.27883920954265 -5.4663318044042049 6.5940378625728151
1403 11.739952713538063 -5.5717502623790747 5.8116254292218867
1404 11.174280068227272 -5.4372551901877726 5.0422804025760204
1405 11.092128366229163 -5.5927148416735593 4.4583828111645412
1406 10.77134702500461 -6.4179739715059689 4.3052107716631509
1407 10.278316767472786 -7.5367409910468615 4.5695845446039121
1408 10.149690025727505 -7.9615575416669477 4.3368373889307428
1409 10.013555935242126 -7.8845439753823303 3.8376390601297534
1410 9.3811336964005907 -8.4461295663502032 3.9484539870158217
1411 9.3748981458109633 -9.5780675918762057 6.5255962403190422
1412 9.8257663352382796 -8.4459001847090587 9.3771624343343003
1413 9.6031423133981324 -8.37460044320893 9.080053433187123
1414 9.3945026429100231 -8.1774089973703354 8.6455919840532083
1415 9.1989511677659248 -7.88084406162581 8.3578443704906569
1416 9.0062181553981535 -7.4170277749408449 8.169431304703453
1417 8.8600826510427986 -6.9283048838400836 8.1225617045084029
1418 8.9360602455815172 -6.7213120655566962 7.6305620496417275
1419 9.0927688710846155 -6.346691116432515 7.3282590315423795
1420 9.4576438398294638 -5.8315719346503485 7.1596066957400311
1421 9.9301996437680575 -5.2920323811993768 7.16364844405956
1422 10.313485105572349 -4.7909508318846177 7.3078206954316984
1423 10.550512133734479 -4.2248551340727545 7.6378463985218419
1424 10.609653488243424 -4.0109816184406375 7.5579230358587344
1425 10.647062482771522 -3.9946556649650118 7.4077149584833455
1426 10.236577912092189 -5.1138860187123303 6.8759317478462592
1427 9.2936771950226937 -6.002933704916809 6.3168363171923341
1428 8.5279706577657031 -6.165323939725269 5.9907388345544117
1429 8.00820064245762 -6.1481990895478429 5.7180225515871612
1430 8.00623244214629 -6.0980704668958969 6.0264384595382783
1431 6.5379953274141256 -6.1281441488908612 5.263449719759401
1432 6.4862722244173092 -6.2722014140243809 5.0999862626877306
1433 6.5832797642081049 -6.6864749800415684 4.9322477799048556
1434 6.6007452990998443 -7.3794153417978867 4.4918628418090307
1435 6.5097449629431576 -8.6704963606898406 4.6665188841490322
1436 6.2942416974162203 -9.5322378153881253 3.9902953149995835
1437 5.6401235724802721 -10.821035553334074 3.8678017676292256
1438 4.8471126437036451 -12.422987257796537 4.2610237722406774
1439 4.3875997619040854 -13.449597960101007 3.8882512660135089
1440 3.6420724285551316 -14.83866523552202 4.0825817349600957
1441 3.1148891071865545 -15.806718404399032 3.9150682079315673
1442 2.2917096966246637 -16.756190597668798 3.4278530462061898
1443 1.318417506548438 -17.766129782761887 3.6610988188078064
1444 0.49298542952704061 -18.338070562809555 3.1750604067732997
1445 -0.55414871591531156 -18.993776188607544 3.3942848899640619
1446 -1.3371810449478043 -19.31960221333479 3.2982628800656939
1447 -2.1158493405969709 -19.321818886181163 3.2081558856458714
1448 -2.7408081467491652 -19.110340732826675 3.1963827826255682
1449 -3.1821415028771227 -19.557475643943206 4.7651493682615733
1450 -2.8107927697583537 -19.978908065293481 6.1320809736856967
1451 -2.2265605821685748 -19.581928529128739 7.6484001758787388
1452 -2.5053597760148376 -19.036514955901993 9.0231555749344388
1453 -3.0516660938744447 -19.262970481441531 10.591354357356163
1454 -2.804833546977259 -19.83791421248144 12.180486244609915
1455 -2.1895977105350246 -19.688813895290618 13.56459658131147
1456 -1.6973574427991158 -19.1971743045994 13.113465666979023
1457 -0.74609549940243325 -18.478907203473089 13.714435491812129
1458 -0.23268573707222581 -17.196689181494744 14.072000244670877
1459 -0.36417884455376032 -16.405709459876366 14.784864853611728
1460 -0.21878709444431879 -16.931886128718162 15.277802779036405
1461 0.62103963601706369 -17.602889429998612 15.879002582422926
1462 2.0687748261116914 -17.727169828313233 16.640599013267373
1463 2.91923823707402 -16.912589569025332 16.959095088042709
1464 3.7421281892701024 -15.748728316205085 17.843337917507423
1465 4.6132889780786268 -17.488690958307934 17.497899205902684
1466 4.7212404944983319 -17.495676240333346 17.650004563901657
1467 4.9428844816777264 -17.9101975170861 17.685231775366422
1468 5.0618998254939074 -17.962449851943372 17.761597380821332
1469 5.1729402130537609 -18.029086369597511 17.75331732511286
1470 5.0184705578714857 -17.552523056142363 17.700690501244026
1471 4.4968624557881283 -16.328472989761689 17.421179131985802
1472 2.9282605429520636 -15.374254405592508 12.980577096895411
1473 6.892965920386577 -12.350544772086238 16.840794839255878
1474 6.8576135772213194 -12.464640042085465 16.871194642442656
1475 5.468453808221077 -13.759141857861245 14.630639264471979
1476 6.0679113657830612 -13.08211229261909 12.325790907489365
1477 6.8348237201482211 -13.344057404652951 12.143850507364814
1478 7.5129589555521745 -13.922458126479833 11.488032668128445
1479 8.1293701148159165 -15.431244461694048 11.283029760468741
1480 8.5853211026827143 -17.429217672597339 11.355671707556978
1481 7.9932692347509908 -18.292602557460622 8.7267148206155412
1482 7.2476189263034252 -17.711510380531671 8.8286124934467036
1483 6.4959512692417949 -17.145287708976142 8.688094161470989
1484 5.7749363279843795 -16.509073067958195 8.7325057612975776
1485 4.982193300586423 -15.963285983869007 9.0031562558060934
1486 3.7204916152228558 -15.403381196243608 8.9941462282110685
1487 2.5208582020138581 -14.720132039382317 8.6674666993958152
1488 1.7802574442309294 -13.727494580784645 8.111888595307482
1489 1.9686943689569192 -12.847468867407512 7.073774811947672
1490 2.7857060856192799 -11.817087116181167 7.4671106659752491
1491 3.568584246793562 -10.151815640535487 7.2084053453960575
1492 3.2960442946313346 -8.2590172014532559 6.9905329251736257
1493 2.476305528315307 -6.2629919596216652 7.0958131995873082
1494 1.5737210941239326 -4.7226667884938864 7.5687087548007552
1495 0.62306530148488615 -3.5691238788287301 8.5441161837656203
1496 -0.91766737309021584 -2.3549445754780325 8.7995120043618336
1497 -2.1376699316033587 -1.3538268882237108 8.5712999079914827
1498 -2.3603518715752512 -1.0959184701148907 8.5740542116169181
1499 -2.6540949302628176 -0.73536097064669392 8.5226224311424552
1500 -3.119782990781276 -0.097291496655640852 8.4173963042128754
1501 -3.6857669760567631 0.8847113188863196 8.1203077930543976
1502 -3.568232625847723 0.32029993112550292 8.0906660368768684
1503 -3.5823415157483716 -0.60120741576235281 8.5959984858463709
1504 -3.8368979438007229 -0.056983939948382162 8.0930878797663404
1505 -3.6764989517923343 -0.92732966215277524 8.0893937008900352
1506 -3.6576406958254144 -2.0257685503463434 8.5397913060356672
1507 -3.6148142854722445 -1.9084177185942994 8.1679214723511624
1508 -3.4104111662429251 -2.6215882353593183 8.1073013820443158
1509 -3.2101576215930421 -3.8242900057319429 8.2405727782100886
1510 -3.0539868853102203 -4.6926742248243576 8.632138561553699
1511 -2.9054162950127624 -4.7236579652993838 8.3483389947384072
1512 -2.8327833754019562 -5.1813769682514721 8.6892286540298187
1513 -2.8845239654940107 -5.0301213700092271 8.4313429444723464
1514 -2.4850657266785854 -5.1695308203022696 7.5886300005911114
1515 -2.6078938277198498 -5.4978603430174733 7.5483848847095381
1516 -2.6018658933011269 -5.2999673850494391 7.6219277378708057
1517 -2.6788928108809689 -4.743112094092278 8.0706161012322379
1518 -3.2028671117973904 -3.2149226335463816 7.9315147181988541
1519 -3.2520032310781883 -1.5572939951709841 7.2009517692790581
1520 -3.0337673431465726 -1.2673659621659052 7.1539964937313982
1521 -3.0438365922867514 -1.2504422540207705 7.1144861324868751
1522 -3.8336944226654075 -2.878440787826972 5.6144427531600956
1523 -5.0690884425178053 -2.497090596076899 4.3135008474729251
1524 -6.7414950084938061 -4.9084528864233805 3.7265614287933193
1525 -7.4094486516112319 -5.1377410099523573 3.2509682898943648
1526 -9.7196599985860601 -3.3865859642167386 3.1159027907427896
1527 -11.432565421329437 -1.4000371411240224 3.0081324141668353
1528 -12.588693615213577 -1.1575701706241919 2.7911397187405789
1529 -12.1373781776753 -1.2898612872851101 2.8616807288897794
1530 -11.101199943968957 -1.5397642143540295 2.9356260253890825
1531 -9.6298132093286064 -1.8419893856797405 3.1432818550044122
1532 -8.5281792478241734 -3.3945745768866868 7.4574714859462823
1533 -5.7688155792083986 0.68240964904024204 5.7331814148349967
1534 -7.5666130269313525 0.73563276857128646 3.1958839557100003
1535 -9.6419239849987104 -0.54360712615408802 6.0474129318426613
1536 -11.264875518977231 0.99027859808826391 8.8072945913464391
1537 -11.135102731947093 1.038676185792123 8.5166508006269694
1538 -11.725175220990032 2.2815708907551597 7.8250986476045075
1539 -11.617306647436795 5.4106585868700421 7.9101304940389223
1540 -11.307361062422725 5.3164548099215372 7.2069448607861775
1541 -10.620836381923073 6.1040764625145423 7.0535170656045461
1542 -9.8637557073331248 7.2086800930146362 7.6428826126171279
1543 -9.764708718723476 6.2544883362035124 7.0021448808797322
1544 -9.6513754127355345 6.3272488675337124 6.9786532877763339
1545 -9.7081455333411117 6.6639231702398769 7.7344404913086597
1546 -10.368288776099909 5.5046745910336128 8.9554354922379744
1547 -9.9090699686145438 4.8307106830652558 9.9561220674005479
1548 -10.99890013262311 4.0086714992364838 10.281070212428869
1549 -12.34018809325811 2.7399194827446349 9.7914310076225917
1550 -13.468167831467504 2.9814117576098846 8.3631972331126949
1551 -13.013839210747859 2.2053159960175508 8.3180423008858604
1552 -12.963280658464219 1.934238375447159 8.4579057484547935
1553 -12.215481461444631 1.3992568169910888 7.7481142273602455
1554 -12.12766614270245 3.4861016397526385 8.4644433424281385
1555 -10.640451482455324 3.3678878011223836 6.1770058550010276
1556 -8.8277688784598123 3.7227047254018464 4.8925764562369629
1557 -6.0922081850437131 4.0180909450256639 4.4242178024056873
1558 -3.1251984526432381 3.3241268544146374 4.652170055725378
1559 -2.8367669110369906 2.6141651276963911 5.449420658940916
1560 -2.4319265661552105 2.5227056168075617 6.2209007700036878
1561 -1.9789587600235832 2.7716027014703721 7.0266188067402524
1562 -1.877478226664635 2.3065859777253372 5.838715057005663
1563 -1.9798439574818103 1.8689167765254531 4.6596350507339723
1564 -1.7866019425652251 -0.015272101099314705 5.3504028364976612
1565 -0.69949806304582784 -1.0478025752858469 5.9370256901415104
1566 0.47310232650549955 -1.1857716671090546 6.7373750778945327
1567 0.77210924762684452 -1.4887448135362193 5.0384597500417376
1568 1.203424338869886 -2.5212723357989764 3.3671958063952045
1569 2.2332639598396016 -3.5732729733966595 6.3998305942114637
1570 0.21620811767864639 -4.3234527757873895 5.4946588317443288
1571 0.33761700407162393 -4.5972064007891218 5.468671875854211
1572 0.64411861832318795 -4.7599903653260709 6.3212531144705837
1573 -0.64945990928971919 -5.0235971542532027 6.0255411676193642
1574 -1.4192844631636241 -4.990486142561755 6.3248553725445831
1575 -3.4208902814476008 -5.5010698061275223 4.8507963902910785
1576 -3.6036584445782887 -5.9585934433786143 4.1351565810796487
1577 -3.2836071074348165 -7.0514622101426276 4.0375133765760607
1578 -2.816794094496978 -8.1912262341567388 4.5223517175325085
1579 -2.0290111916418878 -9.348417348994321 5.6526312673677852
1580 -2.2659142029090029 -9.1469027784387773 5.2771197630564881
1581 -1.9000974827471959 -9.7124233045291444 5.5778453308777465
1582 -2.4014519259091314 -9.1418647683731411 5.2313495312449696
1583 -2.2905790442677612 -9.2581089517449513 5.6119838795872834
1584 -3.2558729631240428 -8.2402080112910987 4.8429558203874006
1585 -3.1750970276715749 -9.1591229514719164 4.7151900108216278
1586 -3.0377158167627383 -10.566954282504536 5.3654296762989144
1587 -3.7053329300252331 -9.5423988142867628 4.5900923216367948
1588 -3.8620988891339323 -10.724000901897725 4.424725985671393
1589 -4.1288225629757411 -12.308510010087129 4.9704476468299585
1590 -4.2343639931599739 -11.852595299578205 5.0906099013977197
1591 -4.5565185532132775 -11.021253764812581 5.3100920316211493
1592 -4.9955870558594269 -10.583653461108129 5.1418897314974297
1593 -5.0077091358956087 -10.490753122074519 5.3920702353213619
1594 -5.0346593638305377 -10.538912215517238 5.088715146777024
1595 -4.9553115735364912 -10.791043772106168 4.9549324094362364
1596 -4.8427859017303909 -11.178540674023722 5.0212537417626617
1597 -4.9519770834571908 -11.002596893067679 5.0646685786989449
1598 -5.2358342013160017 -10.537669774021557 5.0047176222522092
1599 -5.5606500162580286 -9.9151085897286233 4.7871498999999389
1600 -5.8606974362847506 -8.7395661516093277 4.6871693802101646
1601 -6.4266574831538872 -6.8092370929757164 3.6483340232667238
1602 -5.087123559222392 -5.2385534000866381 2.3830448683088599
1603 -5.0137355018441712 -4.6848315627637325 1.5826886627138603
1604 -5.7645087934788615 -3.2852625973396723 1.6910419051794245
1605 -6.6125505005445584 -2.4391873583001846 2.8527420436360957
1606 -5.4163749585230443 -2.5756372985190739 4.7874931379154617
1607 -5.0668754932739084 -0.52359430734686785 5.5657572529885311
1608 -4.6848508760926668 -0.95002520220738118 5.2934467993022736
1609 -4.8463129280074613 -0.71845400711959884 5.1129533780037022
1610 -5.6557660551097007 -0.23353277646313955 3.5287472645138309
1611 -3.3466988724431985 0.18177411656920212 6.1570174427649951
1612 -2.4808514876591889 -1.1855076856160829 2.3668311781950644
1613 -3.1461067983769682 -0.34150800577866602 1.7652920012983395
1614 -3.5017022511788349 1.0474896148392059 1.2732838597568055
1615 -3.4292612554283415 2.4072073720637541 0.95605628004693299
1616 -2.9461349580549605 3.9452397581242691 0.65740263592092263
1617 -2.0958081011770293 5.0536321225886933 0.3697040430998102
1618 -0.88994611846265137 5.603486414305654 -0.08781088944875079
1619 -0.53487961900306114 5.5568203242302472 -0.075599473549858159
1620 -0.49103715235463596 5.5153602190107218 -0.081280718785511311
1621 0.26088938367921299 7.5184288709360931 6.1376176684130188
1622 -0.22644595190415107 7.5093051847058465 6.2056535766585164
1623 -0.43224574324091924 7.4076817273097575 6.1345710350299587
1624 -1.4091754635021345 7.2755919726258398 5.9965474441421618
1625 -1.577848255188905 7.5251589391224654 7.0655056317521145
1626 -2.3847349458479168 5.649029447594077 5.6598845897149808
1627 -2.2223419984383579 5.2472715898418922 5.1854489808603548
1628 -1.6620457483015145 4.3177221459613673 5.2261038166277913
1629 -1.4748122202198699 4.0510181705528687 5.5084235843516032
1630 -1.2476551814006736 3.8752424252725466 5.8478564391804708
1631 -0.78345776307190518 3.5471274137643167 5.6262417443529333
1632 -0.42867182598834963 3.1051002439913855 5.3353332342205526
1633 -0.22826648522038318 2.6737218210586153 5.0813667486106366
1634 -0.21295348650676538 2.0256051927268799 4.4550104189260606
1635 -0.99623766488190801 0.085156060045452675 3.6373829687874122
1636 -0.93398222539882081 0.058352340824220805 3.8394145046289778
1637 -0.66355433968668087 0.11437435099240056 4.3414596617859731
1638 -0.38359092527930283 0.9145671724610871 4.0591131283117026
1639 -0.044763277876796792 1.4358374712376034 3.6767937336273553
1640 0.14073481610481198 1.5514441063703401 3.5839239210120732
1641 0.27698213817709139 1.7384186355466404 3.0269984121932585
1642 -0.23982148575868623 1.8458730732244009 2.8634271443816917
1643 -1.0506386079040908 2.0504526827443703 3.0434019802307657
1644 -1.4864528442409286 2.1411250715408183 2.8681029266931253
1645 -2.1335860263671007 2.3934287532846694 2.6749478798419921
1646 -2.8568642077390556 2.8738497548812356 2.3530106400805479
1647 -3.8382616032216692 3.9478209131109874 2.3446145948231734
1648 -4.1946314064006618 4.3397074050450932 2.3124667626266091
1649 -4.3507581305633298 4.5385479145464682 2.2229409734490249
1650 -4.3033920837837139 4.4107463094880135 2.3094667145819145
1651 -4.4791456568169741 4.6398625440523649 2.1894401590156307
1652 -4.6889943913907342 4.9154149967613696 2.2499728197912674
1653 -4.8995596731244637 5.1066886714869284 2.45440321817156
1654 -5.2126047740573913 5.3839431449303623 2.3801504568139058
1655 -5.5101535792221839 5.6518781944386909 2.4415442840327248
1656 -5.7987095705248359 5.8962772110069288 2.4316082695792613
1657 -6.0084644300557262 6.0818286404966591 2.397315097404491
1658 -5.9961298260753315 6.0698942412383019 2.2925421960912038
1659 -5.8275323748620966 5.6055618512751337 2.9536463801050128
1660 -5.3999174110973938 5.2937345346935052 3.675564316222133
1661 -5.3063855993561306 5.1853492161550294 4.1892861141546707
1662 -5.32470513152475 4.9231645074052057 4.684968613832738
1663 -5.3021299702535476 4.5246909158876161 4.9997603971710589
1664 -5.2212190894598525 4.119473014962975 5.1882156968459272
1665 -5.0738812543959231 3.6298566176430036 5.3259376196521204
1666 -4.9052936936050582 3.1783702675314065 5.389987049561574
1667 -4.6918763403959147 2.6468293236368314 5.3961197537534096
1668 -4.5029796240325073 2.1641888012338075 5.3404630940536748
1669 -4.3219723128597627 1.6194334145846367 5.2050193553937909
1670 -4.2161020016082089 1.1520439259682189 5.0083242917657289
1671 -4.1901365848221364 0.65992950116124827 4.6797646790012877
1672 -4.2673029587558062 0.31615511744443991 4.2844447225906039
1673 -4.3291651322242508 0.2136576313156221 4.1036153438250507
1674 -4.3383042232793088 0.27649465506303139 3.7573520713225905
1675 -4.2156276778292296 0.38999060505478278 3.3541271105951771
1676 -3.9778463164909477 0.45874693594034088 2.8459666695184755
1677 -3.8532424379329475 0.41458134377592337 2.4037822593896983
1678 -3.8931663912176937 0.68338741381264667 1.2715886970347507
1679 -3.6125001482566352 0.98644191727487029 0.27374252601686261
1680 -3.3857967704056628 0.8707391840132358 -0.92998069463230892
1681 -2.2794775261394902 0.34864796526351505 3.9975446880920886
1682 -3.1168763847790757 -0.022241635216878164 2.716895117345592
1683 -3.5672467266656462 0.47612632478430461 1.5965407327391969
1684 -3.4889984993654286 0.31206584845185215 0.20244388286124443
1685 -3.7961568503016072 0.8547337936084769 2.5706254576888501
1686 -4.2954853333753009 0.67134415385074364 4.6619800336053778
1687 -5.0192260670051354 0.22183642072983756 3.2038502234840522
1688 -5.7025546089676986 0.45451166111913466 2.519916252250475
1689 -5.8844578804931675 0.78980660122244828 1.5752067160935201
1690 -5.988303036359869 0.61238727642467849 0.58183298484116386
1691 -6.0077330004378826 0.72995013384273744 -0.089451299673003581
1692 -5.5985108384143585 0.52590675678370369 -0.5910075274655886
1693 -5.2297333232863314 -0.41277809763441109 -0.58276433162475527
1694 -4.5074204943078024 -1.1098305883568726 -0.63744847181114739
1695 -3.6084214270097039 -1.5101101664061933 -0.64113103487102463
1696 -2.8564497819695016 -1.648716747482764 -0.50919297798199814
1697 -2.3227295532906354 -1.7015113001788311 -0.24223387442667188
1698 -1.850284070944384 -1.7231094716882835 0.25965908307942409
1699 -1.5877434743036911 -1.7518896653367624 0.91520454388699946
1700 -1.540963272134743 -1.8683901236763591 1.8744493718902671
1701 -1.5586050943405891 -2.2041111754901115 2.8735493048219429
1702 -1.2896780959420184 -2.234914119442216 2.0587284565429975
1703 -1.3053455799919642 -2.0398356444465184 1.4710713903524637
1704 -1.090679290181152 -1.3442827257055669 1.0875616792201783
1705 -0.6333752184314656 -0.84875198789524475 0.49705699390041891
1706 0.24672155149832836 -0.027842005151065718 1.7871200616921696
1707 -0.31176221772926355 -0.059848610105610822 3.3898678588724871
1708 -0.2146269119688278 -0.55292620793838498 4.8901604197695905
1709 -0.33221495851005722 -1.3014774148897261 4.1529080309306963
1710 -0.5708437689856003 -1.42502104128636 3.5744983792286158
1711 -0.85298894953214033 -1.4051698663100509 3.0575107613242389
1712 -1.1066539459887312 -1.2788416591171299 2.630560170671687
1713 -1.178196583176562 -0.65027924765815104 1.1259228951133777
1714 -0.67509401691964377 -0.62927650991090178 -0.24818446975382591
1715 0.090379956236983694 -0.59754995576471293 0.35512175700588849
1716 0.48638545735757627 -0.65025592116901121 -0.18897281942433469
1717 0.35913608609567149 -0.88612413570427873 -0.82294908178690351
1718 -0.40664253959635743 -0.90202932125353374 -2.3360496983901702
1719 -0.75854457382334373 -1.4473598932861709 -1.9187602148815197
1720 -0.78391410067371792 -1.9562482522786702 -1.4054100335250339
1721 -0.77081849812606329 -2.0159607831471065 -0.84942690985161828
1722 -0.83775892979834832 -2.1448596575869945 -0.24318476960325086
1723 -0.43879942732605126 -2.2217564627908324 0.21331667224662731
1724 0.17433280956674579 -1.5611443213753535 0.6036020633684267
1725 0.12416143201660601 -0.4021722064527069 0.86841538485237235
1726 -0.12164137262207619 0.82889706456536549 0.62431042186371477
1727 -0.10588984148413627 2.022902268424736 0.57771978870311091
1728 0.36427368242778591 3.2671130294312842 0.62510032127834625
1729 -0.38738034333449389 2.5458900690726907 0.30715158335953879
1730 -0.67721050763188817 2.581767309371608 0.13604261562020803
1731 -0.83933773111232013 2.7734741790611848 -0.14382285430592967
1732 -2.1739204616075432 3.7966964150911156 -1.1017123989538156
1733 -2.5734641144143238 3.785226763318164 -1.6865628881839649
1734 -2.8970689181814828 3.6085137103613016 -1.9355514477240354
1735 -3.3489937820552309 3.3876582850610766 -1.9156148029731419
1736 -3.7476119682753644 2.7585405746808291 -2.3566790957812511
1737 -4.3649136703542268 2.1093303122911342 -2.7433601139629706
1738 -5.04281617883158 1.5498627510181677 -2.9666526523175349
1739 -5.8939239928016454 0.92922500809892117 -3.0720377202723923
1740 -6.6847690645052982 0.36648852295887091 -3.0293189431477425
1741 -7.5310328889152061 -0.28429699120926144 -2.8087990593699335
1742 -8.218166339619426 -0.90968378794103488 -2.4106749343549012
1743 -8.659087126255999 -1.4195008972593666 -1.9000677046778016
1744 -8.9614589487439122 -1.8757694990621006 -1.1911187354872665
1745 -9.0946117227938075 -2.2652309741324732 -0.4983019927758634
1746 -8.8653445650444773 -2.6293463990446506 0.25350535339371416
1747 -7.9163865096820016 -2.5399976718266437 -0.72002610757600838
1748 -7.2678653303198058 -3.3198798204297635 -1.7663263546271621
1749 -7.4562073297745659 -4.3250988231721337 -2.6297010434718859
1750 -8.4767673391138096 -4.7316698049020935 -3.6011463446493468
1751 -8.685946643308144 -4.5893828338293368 -3.5370720669887334
1752 -8.6032021414355988 -4.5360308561970459 -3.4996581472621351
1753 -8.5151254055705046 -4.4766980270530761 -3.4477565311136709
1754 -8.2507745036602351 -4.4211013335965204 -3.4138087107938784
1755 -7.9577489006294115 -4.3437031844677074 -3.3553215856749268
1756 -7.7086984581789268 -4.2346146897247561 -3.3024409522774643
1757 -7.4614604088685699 -4.0586858177958636 -3.2601791489504688
1758 -7.2565297000893851 -3.8505837534176366 -3.1934513384563443
1759 -7.1148967312484466 -3.5504164403367051 -3.2079871627066012
1760 -7.0962275540434803 -3.2791078872901456 -3.1832483145382549
1761 -7.3272466518644457 -3.0142893079321533 -3.2880339687826821
1762 -7.6280083500449445 -2.7554017409469953 -3.4408239395779243
1763 -8.1912968234513777 -2.6045440059908529 -3.5215919444855559
1764 -9.0251149295610134 -2.7331843218289249 -3.7567666253617569
1765 -9.7466514871338923 -2.8391619193986566 -3.5427472349961988
1766 -10.507453326314415 -3.1232271228814348 -3.3198457196507727
1767 -11.119684975591996 -3.5539605615147734 -3.1342919953856656
1768 -11.694564576140465 -4.2569103905527186 -2.9396894751225933
1769 -12.008266854279618 -5.093237034756787 -2.7857604991810616
1770 -12.063045587857134 -6.1928039107114472 -2.6222361851976985
1771 -11.736523941073582 -7.2347954243969905 -2.4736680433564286
1772 -10.958433069086279 -8.3068416463120514 -2.2918869416081167
1773 -9.7667978240145601 -9.1005376381729075 -2.0751274696474704
1774 -8.4483503518260754 -9.4245418917413328 -1.8371570977566845
1775 -6.8814120805741803 -9.3240308789053472 -1.5172298878053505
1776 -5.5626246502015579 -8.7883296237895401 -1.1855489886351385
1777 -4.2963216293421365 -7.8138320769644558 -0.76063516126555619
1778 -3.4758743825054812 -6.6881574109762107 -0.35629066457097958
1779 -2.8782591654093679 -5.3404473497883407 0.12896607808239091
1780 -2.5903705259339711 -4.1870323802551326 0.59278957774840269
1781 -2.4690746833719794 -3.0678977192247427 1.1224565224636589
1782 -2.4927662407454654 -2.2792998808759606 1.6019628036576172
1783 -2.6488577364264678 -1.6517094855271475 2.138312849242185
1784 -2.8974278143904222 -1.3336739980808536 2.6240453912436306
1785 -3.4452325217630588 -1.0833016854879947 2.8063958249964474
1786 -4.0113266554192233 -0.95018792311050215 3.019519603995573
1787 -4.5064272377765917 -0.94594848192844605 3.2468770057346292
1788 -5.3245205252372774 -1.0482987009146389 3.2526567312050698
1789 -6.0461476270879988 -1.1844787684914662 3.4113126973978796
1790 -6.9240842754807792 -1.4101016063600109 3.3144967589770742
1791 -7.8122531023580111 -1.6558878131844468 3.5695736919342345
1792 -8.2949839555709755 -1.7765435600712338 3.3564125896893016
1793 -9.0974398002730172 -2.0611228204997016 3.712693719934983
1794 -9.0898615568270227 -2.0518975285114398 3.9017940915649123
1795 -8.9167600760792318 -1.7901435063374473 4.0686220083082434
1796 -8.8837783342296497 -1.4891325299593008 4.2116914399709628
1797 -9.0955834958517343 -1.4616274176414343 4.262368393254703
1798 -9.4031311585416315 -2.0176430793829399 4.2270426380502268
1799 -9.5479671494763885 -3.8732157312910118 3.652549177733369
1800 -9.9035585395560339 -5.385576084384267 3.3890500557436627
1801 -9.5132297370366352 -7.6580817361544167 3.1000713441283643
1802 -8.5578927028564902 -9.8699333220464212 2.8832674049449358
1803 -7.3676952493102608 -12.507725477075363 2.6933763039333103
1804 -6.8211416664494227 -14.996899558283598 2.5744043650126365
1805 -7.2763647866891805 -17.628897443607904 2.4592600969389697
1806 -8.7764697826051226 -18.871863408169123 2.315518304898367
1807 -10.408770732052909 -18.620457032173761 2.0634285251538289
1808 -10.744876442428843 -17.707306487612819 1.7285034499183334
1809 -10.903294018242461 -17.089078195703738 1.9127974690448872
1810 -11.210404636284537 -16.418293732043161 2.0866554732421054
1811 -11.409616107848784 -15.826819866215457 1.7731808731456626
1812 -11.454431992420679 -15.050886783177276 1.5050476615975865
1813 -11.348300818756398 -14.317012872102316 1.3428565641168009
1814 -11.118429626173391 -13.47113145581339 1.2534276019561668
1815 -11.001450203813167 -12.151016903649158 1.9732677838883339
1816 -11.871731484328196 -11.157274786646116 2.9026508003757825
1817 -12.051922040729126 -10.929161200830244 2.5058202619620102
1818 -12.782530453843959 -10.433800419819576 2.6034723054288529
1819 -13.348832419191142 -10.008643128578989 2.4726260503149478
1820 -14.266992247982884 -9.5945969671645077 3.1392897070933738
1821 -13.477236291421196 -9.6398495129588397 3.5182123951512252
1822 -13.523038177972083 -9.6713374650960535 3.5960812263719366
1823 -13.556166039314725 -9.9142610111672305 3.9454344472827829
1824 -13.368149441592875 -9.7607460866769085 4.1416827484552572
1825 -13.249181380504966 -9.5898285638930467 4.2834132269319314
1826 -13.172177146635967 -9.367455752626352 4.3622239981822393
1827 -12.989964704577419 -9.0146147913344929 4.6418513944541555
1828 -12.870825280787782 -8.769067167184371 4.6613993452258082
1829 -12.846797365992932 -8.4811991400117375 4.3717860926173779
1830 -12.914962034684388 -8.0557200584659654 3.8143048465856118
1831 -12.601304029489542 -7.7349641916632512 3.6397182651850724
1832 -12.454556508022069 -7.5188813006312323 3.287412914660492
1833 -13.080369224801183 -7.7621629164993644 3.6857096813822232
1834 -12.635994200532187 -6.7494909677893373 2.1989244263505894
1835 -12.500628017276332 -6.2474535540243572 1.0830868730705037
1836 -11.213307611609903 -4.4439173027473977 0.47110028596232978
1837 -7.9301656994090095 -2.3108785723314025 1.6550869714559902
1838 -9.0418749342990559 -1.4448604596200283 4.1494216902443615
1839 -9.4618151470429108 -0.45743085405296169 1.7026167057971349
1840 -9.3205343064643991 -0.58116275496775505 0.87421060848982335
1841 -8.5710351413674815 0.87293567308320563 1.6235027865980702
1842 -8.2929892533065317 -0.17273905496435224 1.2853476102330037
1843 -8.2890987000410963 -0.7058380697736083 1.1420513749729153
1844 -7.9090589537914147 -0.15969521614798843 0.87592151859755174
1845 -6.8141236261520648 0.3998222478257239 -0.3026810450459243
1846 -7.2518415297395267 0.36017434395089326 -0.48070098526428184
1847 -7.8499232749365868 0.11557323348312637 -1.3620101246767189
1848 -7.6330030855930371 -1.0538421931244455 -1.4913239031363796
1849 -7.1888994139162152 -2.5715977006005333 -0.84928139932536595
1850 -6.970089304490612 -2.8889837551559476 -0.86817250634249121
1851 -7.0545054889692489 -2.9493372513167904 -0.98740425397244769
1852 -6.7980113623130913 -3.3975300199065632 -0.9913966707066435
1853 -7.1631673050059694 -3.3338873790024826 -1.5514563684657348
1854 -6.96502079855824 -4.5035651923534941 -1.1622322287237865
1855 -7.2403930402224059 -4.6076077852415489 -1.8462153052381742
1856 -7.5131420757746277 -6.6377526110460732 -1.4133017444208145
1857 -7.5437117578940995 -6.7605448987137535 -1.3412354555715753
1858 -7.5409291576822586 -6.8851682575263586 -1.3279313561385926
1859 -7.9292712259814078 -6.4574142568336717 -1.9821803927916744
1860 -8.5318964107245669 -8.3765170994788889 -1.4604308159700861
1861 -8.5623793507230186 -8.0185598659528328 -1.1828586021390817
1862 -6.7951468690237284 -7.5656210558363659 4.3789995988349366
1863 -7.0934811565893394 -8.4609067505789177 4.3011697170117609
1864 -7.2870750226535641 -9.2105960375139322 4.5761716418968312
1865 -7.3824016151523146 -10.25008357872186 4.3017468968055086
1866 -7.708934755335906 -11.150948506010911 4.151232908844622
1867 -8.0854139899231239 -12.101042081687973 4.6775284391717697
1868 -8.0866299783131481 -12.103503615580467 4.6824760081109904
1869 -7.9736760477128383 -12.888019239035518 5.1521484986229433
1870 -7.5807955325425453 -13.492804931477517 5.5147405271220276
1871 -7.5380589508133449 -13.770924838409275 4.7762869093389213
1872 -7.621440144240708 -14.420094755664222 4.0923004365866635
1873 -8.1219662036660907 -15.047964677485433 3.5784627686069741
1874 -9.0050231964349479 -15.40765093747245 3.0376118745320824
1875 -9.8293947034905429 -15.240957317511748 2.4713333869158896
1876 -10.169653944089859 -14.834003337502516 1.8456989977151181
1877 -10.172765533421423 -14.835790068104394 1.8368385541924743
1878 -10.339342309776121 -14.557206374987945 2.3188910134523453
1879 -10.341661990240777 -14.558548859825242 2.3229743393100968
1880 -10.667475976752886 -14.383381563213568 3.0042530732662733
1881 -11.189169648603606 -14.463593174431455 3.7365268068748274
1882 -11.548972946356885 -14.839770818401059 4.3719321566298976
1883 -11.579229245460711 -15.35637339764323 5.1783685428431285
1884 -11.318447034604475 -15.607657747112643 5.9338479435772502
1885 -10.60836042019343 -16.85681650617504 0.84151603787197204
1886 -10.303496542903169 -16.434227246988794 1.0997774921287256
1887 -10.138246094737605 -15.929966894205247 1.454844087247005
1888 -10.175758568998621 -15.493239839281193 1.8933738963066853
1889 -10.015639157946504 -15.514691000792958 1.3028612870328198
1890 -9.8442717930404875 -15.43045554997162 0.7229904263250837
1891 -9.242456251133941 -14.812797223829103 0.97954890229106584
1892 -8.8799482984446509 -14.076075017911332 1.3718141083911228
1893 -8.8635752807508901 -13.558817351632822 1.8298967796030192
1894 -9.2293724010709273 -13.128880922372788 3.1132698933544534
1895 -8.9888840749248118 -13.287246371186772 4.2262904870388143
1896 -8.5952121903438403 -12.985523163560153 5.5000413919116591
1897 -8.4014905242924502 -13.3047645744411 4.8930887364438185
1898 -8.639429662321783 -13.059584698070552 3.9537813434197306
1899 -8.2472652732168825 -12.265037759055001 2.8471927009318585
1900 -8.5455115196034992 -12.325132410532891 3.695895554679586
1901 -8.1024605813529167 -12.243788094565856 4.6693878142836773
1902 -7.9221929482187514 -11.700994489667906 5.5915641326620111
1903 -7.9421313841788717 -12.089467855422559 4.211940866676037
1904 -7.8175229881016151 -11.181901072142274 2.7880143356238278
1905 -7.9744759226441406 -10.74651308677365 1.3980490159707255
1906 -7.8483204151260511 -9.2168612964743382 1.8721289770726417
1907 -8.9605712605008936 -7.8170002600107757 4.1641558304408655
1908 -8.2426531283797484 -7.6313841088382075 6.3224396094797264
1909 -7.5867688849683868 -6.9692924239901908 8.5842807408097919
1910 -8.3973321239615011 -5.9879196777599724 8.4949105941263792
1911 -9.1849311140214329 -4.9494678377586014 8.7280289609033233
1912 -9.4316994275136583 -4.7679128681257623 8.8166160766713748
1913 -9.1835724171455606 -4.9708883324782978 8.7497569650228577
1914 -8.7498417354222369 -5.4221849870046608 8.8268766718530838
1915 -8.3338622636674913 -5.8464140095573613 8.7661441350671385
1916 -7.628429315804695 -6.4487798072766864 8.2145414133639818
1917 -7.9952129990422343 -5.437101939858823 8.6070724006387831
1918 -8.0236387916560563 -5.1325291152449068 7.7269965375462517
1919 -7.4336488612967067 -3.5226945518691135 7.4329111468747797
1920 -6.1423831985874351 -1.5927225594243317 7.5202844586601278
1921 -5.5354870365044704 -0.54573039863218042 7.1154320863705998
1922 -4.4706783015719118 0.29563716465299694 6.9473012353864503
1923 -3.5395484817818326 0.80849995366321648 6.691433899635479
1924 -2.812909287753663 0.99511037511761158 6.4222785694658207
1925 -2.3687108535827193 0.88149516293044072 5.7230051737776808
1926 -1.8815734387180107 0.48667535439338361 5.4685586291128265
1927 -1.3860630019754534 -0.12523332710708635 5.3098891822930012
1928 -0.98860901460553796 -0.7516662540416198 5.2722079193142379
1929 0.77878092825448975 -1.9007837381408161 8.7744839956095184
1930 0.7398510900652151 -1.94950945226093 8.8421996024380878
1931 0.71083068481621847 -1.9201807759166021 8.6169333940555948
1932 1.273130868450665 -2.4133070305226227 8.0123446760170403
1933 1.4875379443918273 -3.2370020607114052 7.3555183270720752
1934 1.2932924211521304 -2.4232186541202867 9.3569813778825388
1935 1.2307057645845538 -2.4776312342720561 9.4527130550956286
1936 0.9414384585455583 -1.800738519689884 6.8725816047608248
1937 0.39711574326836341 -1.7567750202020491 7.928050121791923
1938 0.083020766038619964 -2.5989121278075729 7.6766779934769076
1939 -0.47117022586613055 -2.5438482244751448 7.6120583600984082
1940 0.83047655075914717 -1.7698046449506604 8.1519028095562334
1941 0.94765703813377167 -1.4392485184077981 7.0841236617518906
1942 1.4709722563324457 -1.2400754542619348 6.0357439269856608
1943 2.0603632646043275 -1.5503485441696843 5.1227708360524753
1944 2.1776208000385679 -1.9032744222985774 4.9566076051593448
1945 2.2576694474136167 -2.2424191568749738 5.0544652948705142
1946 2.3703655436205482 -2.5321372918296441 5.1795262115037506
1947 2.5559311410585215 -2.831013593459895 5.3651765476298907
1948 2.7702161219830774 -3.048730701984832 5.5688942456635981
1949 3.0702048267738289 -3.2161814421455333 5.8435622877559386
1950 3.3276434956201157 -3.3614226746610743 5.6832652774630334
1951 3.6207513569908585 -3.6073316106241071 5.4943967323564964
1952 3.9053746998922811 -3.9145135833391613 5.421864597127386
1953 3.9881159043048942 -4.1856993477805604 4.9149734146453268
1954 4.0087766696092455 -4.7730343728552018 4.5789456805941882
1955 3.8730199405816768 -5.4618442590235805 4.4335331034073437
1956 3.6323268343439596 -6.3094929556924519 4.444989583038419
1957 3.4670985158175966 -7.0878883887504074 4.619356893112414
1958 3.5104448200129066 -7.8903162298646903 5.0158597518257002
1959 3.7868913337478132 -8.2963130999655625 5.5538289191424353
1960 4.0955583196268055 -8.2261805502014873 6.3538170154243456
1961 3.9806497321853906 -7.9652029605495729 7.1795862488331785
1962 3.7640460549971619 -7.7361431330078227 8.0450508956791893
1963 3.4779638960832182 -7.2170272977783103 8.6643131734904593
1964 2.7482681482414155 -5.5691200162237262 6.6057474773193352
1965 2.8859776238842372 -5.5181986230892646 6.5504605044391537
1966 3.252821255332389 -5.4450736097774861 6.4343942664373763
1967 3.9036366187427518 -5.4012683415348404 6.2775222993878677
1968 4.5736675827602919 -5.3989604698913514 6.3179633006906482
1969 5.3248005335603512 -5.3890348190520774 6.2906011826848234
1970 5.9929125080521288 -5.3927811190967816 6.2866796755558356
1971 6.6446908603110302 -5.4114909851225335 6.2343133762653702
1972 7.0281173762363585 -5.5284411187498055 5.8553227582179552
1973 7.5839115097333414 -5.8587679652968907 5.6207938979277952
1974 8.0932857905824349 -6.2756217422108715 5.5601450784074267
1975 8.6546528155174602 -6.7497315402113989 5.6239660374007983
1976 9.2058545792178652 -7.1259908814707851 5.8062445030331427
1977 9.6610070153889556 -7.3110957823647782 6.0555387055653931
1978 10.02387809955421 -7.4190508394696408 5.9672031709498592
1979 10.403385424418268 -7.534686282442836 6.060564581822188
1980 10.660736814883077 -7.6179314108446849 5.9562942734328015
1981 11.003676490104386 -7.7256336625772564 6.0749871649588929
1982 11.148981254756972 -7.7561327768497073 6.0809238761553424
1983 10.679766609141632 -7.6271338962794299 6.0705598397432743
1984 9.9868854814157064 -7.5277053638957687 5.6311749473626858
1985 9.934775164351306 -7.5076390476627202 5.484300524477927
1986 10.111272040280534 -7.6175939190777537 5.6818521507903501
1987 10.081094150905717 -7.3806206299200587 6.3197658039451126
1988 8.9509223154934574 -7.3312067265531367 6.4915659928114628
1989 7.6334814113658194 -7.5005752779047539 6.6757839431694022
1990 6.5172433940392214 -7.8739597740522589 6.8156730567406649
1991 5.664040153142321 -8.1330304144486458 7.4240382733264703
1992 5.6746045383458279 -7.970503986829673 7.6242609652441891
1993 5.8772373726365359 -7.4154650922855865 7.3408215031700479
1994 5.6143774359470644 -7.8412542791024045 7.3799285051771246
1995 5.045723712567284 -8.6728956444725736 7.830267396248507
1996 5.1150944087306849 -8.3987327949165014 7.5584450704606887
1997 4.7111944892587081 -9.300051276401101 8.1187940391622213
1998 4.5606854170432118 -8.3427810401103919 7.6822607691996874
1999 4.4999424585476611 -9.0735765398725423 7.7204066149579189
2000 4.3056752046791109 -9.9911788648055193 8.3238181732856962
2001 3.7916266748443217 -8.8602429210922509 7.8819591051026814
2002 3.7488628326007181 -9.4216106341349999 8.4190021780201238
2003 3.08363776908647 -8.3375102020894598 7.9992035407649489
2004 2.9696247896991279 -8.6379667175065329 8.7518464354669341
2005 1.3541035936681303 -7.9418977017125574 8.8823765685336316
2006 -0.74913037637681934 -7.1934558479678739 8.476687947585452
2007 -1.0892719940824427 -6.757807858697106 8.5418422136875503
2008 -1.947739807530241 -5.7912043134684952 8.5092818288272021
2009 -2.8655644026084852 -4.9054633731495407 8.8029706086288826
2010 -3.8184516507801707 -4.3038383992033014 8.85361573685962
2011 -5.0278330135292455 -3.6660569179253959 8.9564047576169621
2012 -6.3625142147411768 -2.8871181345997088 8.1732219219256752
2013 -6.9901553758202555 -0.86513931395056087 7.4106673118050175
2014 -6.1708414123225133 0.360466800034699 6.5135943190937997
2015 -5.1089252494759521 0.42929811705425169 6.0581323836147023
2016 -4.6578092540124407 0.088354114891737834 5.3006941021084684
2017 -4.3547032561177454 -0.78296176237566539 4.6636405499600242
2018 -4.5831802172816847 -0.42572131802723417 3.7167766208546147
2019 -2.0693323157699601 0.39265778363354675 5.0859574382426187
2020 -1.6538926055848311 -0.022730540312474123 5.643243243633143
2021 -0.23800905468744304 -1.4474308233688655 5.0998588825227893
2022 -0.59954697261854617 -2.1135360196592572 3.3901335312658611
2023 1.4693912610269924 -1.0903650237914544 1.4138187267883811
2024 1.5574891973328462 -0.23672472484197959 1.549615110684037
2025 1.7645172717323669 -0.17900752445117796 0.81768761476776197
2026 2.0928320053396203 0.054881247698970403 0.57190436200257921
2027 2.6110980570123701 0.30665893892614204 0.34818703107408583
2028 3.2884642038842236 0.50540045018790714 0.22253143651727855
2029 3.9223005181715731 0.64168513448869169 0.21030456804311121
2030 4.6051304291055439 0.78399395206552969 0.21004501254516972
2031 5.2585516413985021 0.90359159861168137 0.15671818552533442
2032 5.8391485641982106 1.0069170660127356 0.212595110181937
2033 6.4970786506423588 0.96419623776102503 -0.39802756976465525
2034 7.3744187975484428 0.49221631375469332 -0.74866374075670294
2035 8.2757832339570818 -0.44310140363361356 -0.98378692642172971
2036 8.9028424262284673 -1.4713852322394367 -1.097587302082579
2037 9.3174090778498613 -2.3480337103303066 -1.0990113685766498
2038 9.6756630810720381 -3.1082872959472372 -1.1118819096746735
2039 10.029375356047993 -3.8383650230136186 -1.0599047771940397
2040 10.3440852158817 -4.4272236925159794 -1.0557184796843146
2041 10.707681095647475 -5.0823580955221672 -1.0737250665156908
2042 11.051147606922507 -5.7208637974683274 -1.1115293265072776
2043 11.331328756346727 -6.2977486126076734 -1.1633633034881403
2044 11.593187661117112 -6.9525891257369237 -1.2501382958784584
2045 11.780375639389417 -7.2963329230762524 -0.89882432489039421
2046 12.078726528032801 -7.6818166591794652 -0.88317071017539661
2047 11.990168990581267 -7.49064531744314 -0.66759090381679542
2048 11.251241140601964 -7.0322608262925854 -1.3135189199364354
2049 11.51044328411948 -7.9648207142935874 -1.227181286039444
2050 11.927867923964323 -8.5923264605633385 -0.36097396964752759
2051 10.033261363172961 -7.7766378218556769 0.30486365629298834
2052 9.8062648472502048 -7.8134621051482842 0.42354484684583482
2053 9.585599808765167 -7.8986413403402453 0.55880307969035337
2054 9.3872231143993812 -7.9808213864249566 0.68301956000244557
2055 9.2136963360249737 -7.9858036932887231 0.83977983538089396
2056 9.0713858014201261 -8.0193310842031238 0.97461602897731647
2057 9.0453661025364092 -7.8425449615924636 1.2977195940068882
2058 8.9786330763324056 -7.9388625470351446 1.6729235877048851
2059 9.0645201862334535 -8.0055728252235969 1.8915860804207485
2060 9.1044563149112712 -8.0357690826218615 1.9135630642081591
2061 9.1485528656424187 -8.2112655759090334 1.7178011723275677
2062 9.0020882337895962 -7.7681516811804086 2.019579330549492
2063 8.6809716951963729 -7.2387120985036937 2.2937971551709047
2064 8.2674635881538645 -6.7698435318690162 2.4718880116982906
2065 7.7020051003189671 -6.2639711564586067 2.5923711347982827
2066 7.0737644839843119 -5.771333684423996 2.6297539944310109
2067 6.5027043164499778 -5.3263816980971779 2.5902514276352564
2068 5.8995720319727827 -4.7955504010347738 2.4590722472207354
2069 5.4388778749420297 -4.2726655601892762 2.2613109680897323
2070 5.0779527536088613 -3.6239833715772951 1.9465027718575787
2071 4.9568963086432234 -3.0168045015309222 1.5856559265825565
2072 5.1052219837737338 -2.3796573055149275 1.0930950076807908
2073 5.4654432089575558 -2.0179978684668542 0.56643932742031455
2074 5.9484947443279976 -1.9749338863666046 -0.11437461260468418
2075 6.2521096526131625 -2.1678882309666285 -0.76159720652343732
2076 6.7792310847024257 -2.6795092647636936 -0.78522500659986183
2077 7.318346952249974 -3.2119165207719358 -0.77380280229055121
2078 7.8978265170069708 -3.8852500803083396 -0.79950204009084413
2079 8.528455820592292 -4.6751185236267006 -0.85319866156874657
2080 9.1145278374280689 -5.4866853262256248 -0.77428873046547331
2081 9.8161866325562102 -6.377570635092388 -0.77156285662032054
2082 10.423712695370446 -7.2276024430693759 -0.79972942734075148
2083 11.103001340296263 -8.1183520604675401 -0.65528351338299706
2084 11.802461051361492 -8.6980398898392313 -0.38310699757664723
2085 12.666475736895967 -9.1241458275013159 -0.30148191487976472
2086 13.812287746584747 -8.8077382487110789 0.82050166730297547
2087 14.482984201364307 -7.6258989734251212 1.8998091482888337
2088 14.825245984236277 -5.6823989406831181 2.996761747059677
2089 14.545696100643388 -3.6262992074186204 3.7800138809563872
2090 13.450774046547108 -1.3187963239007987 4.3795432435025745
2091 11.713924138064566 0.17650670464183871 4.658810002472495
2092 9.3158005022608812 0.78945167494543211 4.7699868192394801
2093 7.6473416618645356 0.027169473177621084 4.8633762713530073
2094 7.199380903238886 -1.2872149306944896 5.1694441678379484
2095 7.6739370465957126 -1.5202841093549346 5.6614777781319896
2096 7.8733083803108048 -1.0729946029097148 6.3571950182926251
2097 7.8085213269390428 -0.75115309774679573 6.9992024758811047
2098 8.0236729473796142 -0.39503089356700039 7.3778075373973957
2099 8.1919839992965642 -0.034685079803648405 7.4628107944067619
2100 8.1749782036815191 -0.10323894835234733 7.5443052608931218
2101 8.0472581641256049 -0.12295484385956713 7.6747319416567112
2102 7.8850858756863857 -0.13393648374942829 7.8306035475900391
2103 7.6936597100626933 -0.18086275152913014 8.0238541869047886
2104 7.5860768739002555 -0.24251619007938521 8.1782108847424695
2105 7.6746069043090559 -0.59589321240314352 8.2864563630392709
2106 7.8739984865998096 -1.1501503781694502 8.477527583947909
2107 8.2388657067742486 -2.0458095849129938 9.1917390250628248
2108 8.389147475459664 -2.2101430445523453 9.5811568664925328
2109 8.0028666881839712 -2.2845496183417304 9.5900350500703428
2110 7.6064513369278872 -2.2264912608701484 9.1305420937113801
2111 8.0116228274726442 -2.4701258674981075 9.2812796984073422
2112 8.3875603407395563 -2.6477632486380291 9.2996702945669174
2113 8.6389144201933785 -2.5156583338002072 8.2175341760951248
2114 9.1987839333128036 -3.3398552755752222 6.8319036010123844
2115 9.7634502091333992 -2.950417125338721 7.0435096413815108
2116 10.139656657942226 -2.5443208541129883 7.1762204967454881
2117 10.297452561811973 -2.2587308499117564 7.3451017746475173
2118 9.7625502661828261 -1.5832497237585592 9.8014337452705842
2119 9.4019451070120663 -2.1989360405178924 8.8211517461557882
2120 9.2919488609306171 -2.5425871782763814 7.9768631057694819
2121 9.3201963821325879 -2.5688974232385786 7.4099677222197906
2122 9.5970431912731868 -2.0579547526532194 7.3329275957938673
2123 9.8756590741290964 -1.3342696747267666 7.7490927232886948
2124 9.6145530975002238 -1.1418903696593936 8.5700466817605516
2125 9.7598632805450727 -1.8936547805737844 8.7071250926917543
2126 10.021056788823572 -2.623884997738835 8.9846253746956712
2127 10.646700253722003 -3.1422303761637975 8.0547194008872651
2128 10.555218564240459 -3.1915548006931518 7.3879328750090938
2129 11.555658551643431 -2.405658877483408 7.0364904615829591
2130 13.401581432397032 -2.3302436017866985 7.0175486553961228
2131 15.655445904060361 -2.5364416942840657 7.1971589084733347
2132 17.68224529057548 -2.0818123526147589 7.6301600831970759
2133 17.982586380946291 -1.108151630884286 8.373365732751008
2134 17.456319532231145 -1.8134826704799054 9.5819436157268676
2135 16.642941411877853 -2.1903511944608205 10.432916364115925
2136 15.956214931217648 -3.7823407257176465 11.144167271969371
2137 16.413175759298408 -5.2476587930315866 11.77562292447139
2138 17.060866245360145 -6.2665745316067714 10.91031966446522
2139 16.994612172880572 -7.8529376913667228 10.400178527507272
2140 16.104455322771244 -9.5652745726629433 9.91595896476497
2141 14.756424511561526 -10.366952684229933 9.3959956098039132
2142 13.920326754973713 -10.411223724303428 9.5710437595671785
2143 12.717695873924152 -10.915774182697271 10.316728674646169
2144 12.523941984130317 -12.252873833039065 12.416278968924191
2145 12.193087404925803 -12.762286499768797 10.763987276086189
2146 11.250036456585276 -13.731956871833937 7.884743076098049
2147 11.025372827563361 -14.326487266908988 8.6189177192042017
2148 10.420633002848312 -14.042073252896266 9.3739237808949376
2149 8.2625906368088042 -14.266710370569154 10.20343258825608
2150 6.2818359241046631 -16.388469357738614 10.560344636790518
2151 5.6665361323098349 -19.395487349888899 11.086838109529699
2152 5.7150103237744565 -20.063108916240537 11.073773791140255
2153 5.9182689588601711 -20.648128331541095 11.576201101404569
2154 5.6880539769976046 -20.318858942984306 11.492793828222608
2155 5.5209362745592507 -20.00940791364922 11.671853477884024
2156 5.8182665818240897 -19.961153559446572 12.31036079973337
2157 8.6534078651463879 -21.616532759875778 8.9419021096555369
2158 8.0687200448823493 -22.254060824765538 11.5981157531322
2159 6.8754384683004295 -19.171063358616816 14.261787283706832
2160 7.0400089000295214 -18.605357555584046 13.623940115608917
2161 8.851273260665641 -16.110446281133608 12.808640716423508
2162 12.321693851499964 -15.408640285714018 11.866494491158846
2163 12.398246494506219 -15.236721708491407 12.178482217601132
2164 12.01832588858896 -14.702322728435256 12.804952265538571
2165 13.204817665835431 -14.474945760495 12.577958799730999
2166 12.871641245642291 -14.363215303060276 12.711844649465705
2167 12.639113022981507 -15.371049230830009 10.027194943201835
2168 12.342061749150618 -15.505278408138718 10.02057032511479
2169 12.091727376953161 -15.491354904648171 10.046195171048648
2170 11.99843514208904 -16.770740134393204 12.536358283968857
2171 11.928789669692954 -16.759123690866641 12.665830076672558
2172 12.342705670183786 -16.869175015864158 12.54061776679246
2173 13.383905874882554 -16.836967359143291 12.078998678477779
2174 14.316262622623729 -16.711056752493338 12.747901076702332
2175 15.030987067448907 -16.205697892005606 13.345955888566351
2176 15.388824310322068 -15.418188553729982 13.792598739573283
2177 15.402357358006018 -14.58673499796749 14.077175183384
2178 15.159186814722256 -13.639771049268059 14.292079236673484
2179 14.78603567087062 -12.830414648081966 14.400790386641589
2180 14.28003114599 -11.942970728925008 14.460235534721789
2181 13.819458673501117 -11.168986943988649 14.462475432476364
2182 13.351339353166999 -10.284908891184317 14.401286295466575
2183 13.058954073711465 -9.4830564658093301 14.268244494369311
2184 12.960496150139617 -8.6185189128771427 14.016393196994724
2185 13.119734715662698 -8.00085688968454 13.690928774521959
2186 13.499268365262513 -7.6035638349569172 13.19541454776517
2187 13.876208320728372 -7.5722937316398156 12.585024855484306
2188 14.101097870316314 -7.7166732468219053 12.001878059849638
2189 14.280839410367262 -8.035547096616753 11.381601932539738
2190 14.331772710776999 -8.495986875891484 10.895200201651502
2191 14.117173154875738 -9.1431714648984315 10.429381100579901
2192 13.637551939463783 -9.6865514641586969 10.082032078400607
2193 12.834552459527174 -10.122255457513454 9.7404644529061102
2194 12.60989679932732 -9.9458990076837761 8.620232616738523
2195 12.884523499149882 -9.8933182067608687 7.3696649775332714
2196 13.137873667603163 -7.897744646629512 10.920161597774586
2197 12.79702642708464 -8.4038173880593803 9.8517452273221817
2198 13.657344408736233 -7.8680858598338679 8.512935965885033
2199 14.08786856553462 -8.2953713468573671 7.4107548382840243
2200 14.710613184926679 -7.6120943382436232 6.6321130236331491
2201 16.575716774398263 -6.8355262736274049 8.8103585428443782
2202 16.84291123171014 -7.9739903891626644 11.23119181639442
2203 16.864214989417231 -7.8731904155060288 10.760380541308104
2204 17.254869567939821 -7.1785683200137234 10.268008692306886
2205 18.200389342926023 -6.5262129878306139 9.7693449570300555
2206 19.543323675063125 -6.363322225198524 9.1755296195403631
2207 20.077578094323759 -6.6725174098660816 8.4868817812993722
2208 19.975915607662252 -6.7729616581183487 8.583135055454223
2209 19.816887537896108 -6.8827061254465898 8.663333247519212
2210 19.633642928904287 -6.9874138297928781 8.7317592008698881
2211 19.419971783983897 -7.1063072614190421 8.5796335536120409
2212 19.104403697614433 -6.6086391251295646 9.1732653354846843
2213 18.443482506836595 -6.4060059484019138 9.8511821353366429
2214 18.049097978860331 -6.4234813266850894 9.0802183081732135
2215 17.526578868110011 -5.9721306820778297 8.2437265668316275
2216 17.484552636979256 -5.255492319017784 7.4933007187518479
2217 17.509372706997496 -4.5769192330969997 8.5048461710021552
2218 17.022528985358118 -4.2700327007983949 9.4438609536497093
2219 17.012604973889676 -4.3499423874720051 9.4269926027272888
2220 17.007485969419633 -4.3971286024981016 9.3147281835074072
2221 16.98080435011887 -4.4034157934528002 9.1070110132494122
2222 17.012359371537169 -4.400643104274284 8.7994497467806685
2223 17.045330214913843 -4.4446397177046286 8.5737163313033342
2224 17.131825616019384 -4.5358545078852011 8.2258033212071311
2225 17.178355836868221 -4.5993323173162937 7.847221952906569
2226 17.189066284749664 -4.6072016160983127 7.5372826186733271
2227 17.22796326704718 -4.5823481276700386 7.192700588400867
2228 17.244058206981002 -4.6641679651555696 6.7025063305447734
2229 17.450423687959042 -4.6111825930904065 6.4378113623322344
2230 17.676229207270971 -4.6674272747052887 5.9874701839252591
2231 18.093694791727913 -4.9195358014125636 5.534713137337512
2232 18.471319302354186 -5.4645478944520871 5.0190096104405777
2233 18.554778905480127 -6.2878283491490432 4.4866656443398281
2234 18.589868609992628 -5.9455531504981236 3.8966345279588039
2235 18.630688594224729 -5.878919993156412 3.5551663609358517
2236 18.315060659850424 -6.0265614010679354 3.5918704708179439
2237 17.91980901231722 -6.1733342046254336 3.4238712093035959
2238 17.667942843369151 -7.2055938068973822 7.8830668497955845
2239 18.321992572264005 -6.6183039241368498 5.0378726812423311
2240 17.853886086028005 -6.8285749897849763 2.4708397168151652
2241 17.558458382737882 -7.0881825932862474 3.7629332112982294
2242 16.333016678353598 -8.0711604709300424 4.7844746729003882
2243 16.447506717386538 -9.6706954489118839 5.6574247060379612
2244 17.412376300646887 -10.094429603498487 6.9035377484838039
2245 17.349646704452979 -9.9336179381530307 7.3064971827544127
2246 16.943478294141766 -10.121674208502784 7.9800373249039849
2247 16.831728656589629 -10.633412980627163 8.6307352876210448
2248 16.926844724953479 -10.655594585508247 8.3771653257477965
2249 17.139084105187756 -10.775357117899677 7.9416967182836613
2250 17.407798617443611 -11.19569397149694 7.277013346698304
2251 17.444115724192827 -11.480884668594587 6.6881751072519062
2252 17.590915305781341 -11.69330193337883 5.9118253596004013
2253 17.926727790419928 -12.014439201940617 5.2789494229387168
2254 18.038187175415437 -12.46397450661904 4.6764014938650753
2255 17.842302925876488 -12.816722817087344 4.0928766762321906
2256 18.029302835576143 -12.92455787140012 5.3182985129316469
2257 18.260956537323995 -12.650916169613771 6.727687836798542
2258 18.721991452028895 -12.125561828989618 7.8446725044405952
2259 19.000813359854767 -10.689570526900315 7.2539164982893727
2260 19.514521008981951 -10.200629419091179 6.7389565715789113
2261 19.515128512903164 -10.254944706679879 6.3473515231501514
2262 19.018602396287463 -10.219777905525438 6.2245083648746595
2263 18.360111255969382 -10.16270893019944 5.8825935686333279
2264 17.51564410848513 -9.7113458133936952 5.7654394519622283
2265 16.504573115529663 -9.2339333357877535 5.0905574523600654
2266 16.27388317304187 -8.6944241500458173 4.5985445574823354
2267 16.27916807351593 -9.0083024571569688 4.6167503052844223
2268 16.509607698393214 -9.3382214161618844 5.2565816428351013
2269 16.469151178683855 -8.4552206924466535 6.2841420511087689
2270 15.415256847367216 -8.3657215294551737 6.4459183657608312
2271 14.345368028098644 -8.389668012992189 6.9054895798072682
2272 13.834064158446617 -8.7200237812209309 7.0414449844405471
2273 13.71732931097289 -9.0208648430845653 6.6892701186802945
2274 13.214588826374495 -9.2123750666569055 6.931199027706997
2275 12.836820191175779 -9.97058820219838 6.1073173577133719
2276 11.941407843550047 -10.055389016101838 5.3084540443168295
2277 11.884319187775835 -10.2076907661496 4.7887116405197601
2278 11.890265502360467 -11.179049666883964 4.7839176149308775
2279 12.057431284451365 -12.245981910125508 5.2622973568069487
2280 12.300178886553768 -12.175873146740331 6.0852435951328134
2281 11.395151325250724 -11.823030763200792 7.2360221456127594
2282 11.52786131797135 -11.997719157854114 7.2320696792511825
2283 11.689956019482725 -12.193651086217127 7.4194349574799885
2284 11.975084725418574 -11.789723197784467 7.207697499100596
2285 12.397646549326801 -11.294366144688434 7.0042298103791332
2286 12.828716463524067 -10.415260708969303 6.9313366242313199
2287 12.878162095660507 -9.286336619958897 7.393400700278935
2288 12.253572802476272 -7.9259806798914791 7.7421044352723829
2289 11.311398210406447 -6.8327302965339909 7.9440092682595056
2290 10.146640565033222 -5.676335465628938 8.0716105866032226
2291 9.2649901167675175 -4.6165664428609716 8.0777879232876266
2292 8.7179126992480587 -3.4148553050138046 7.9038637895360102
2293 8.7760374969270849 -2.7245216584905183 7.5217344274496858
2294 8.8361282614691472 -2.6833945730339517 6.8272097613161833
2295 8.4220851637834855 -2.6496253058775072 6.0739903187304778
2296 8.143486676152385 -2.4350393947216702 5.2591034649256052
2297 8.1374739211151024 -2.5890380210485162 4.6854990104241931
2298 8.0467204519115558 -3.0478147636989465 4.4441307067775497
2299 7.8874843201094755 -3.6706665153827434 4.5012660175376507
2300 7.7743169885038004 -4.1142700114824553 4.5511639497436125
2301 7.6717065925333534 -4.624373233668357 4.6261145296080892
2302 7.1178172785218994 -5.4619600454206667 2.8224966267356209
2303 7.7999560696932964 -5.2844886365622559 2.534425493312336
2304 8.235133681811682 -5.3737374813372343 2.4037156499279786
2305 8.6404261764867236 -5.5220369709181547 2.487075850364783
2306 9.0484237609264984 -5.3483393564654538 2.2759526028601482
2307 9.4901825967464468 -5.1685635391217435 2.1826385065546976
2308 9.4696820913815394 -5.4806189144382778 4.4523852987499994
2309 9.1985591831254041 -5.8316881053990874 4.3459249416942525
2310 8.7729167657927682 -5.9057261722226393 4.2605373097024417
2311 8.3841593641382985 -6.0429625929430539 4.3799982929298098
2312 7.8742722074831208 -6.4399627090396478 4.0015139688433283
2313 7.4776364102255242 -7.3996297594595886 3.8229653344937606
2314 7.1523113542704335 -8.4149017641729316 4.5410036569031842
2315 7.5211127690935049 -9.3120170289550153 5.0587894114126648
2316 8.5050874461548069 -10.003231081730981 5.5028848771496852
2317 9.6754524543178793 -10.175374779968998 5.7901581509382716
2318 11.067967522511664 -9.9421165525041975 6.0096453712954965
2319 12.419083839083587 -9.3672698560697132 6.1332874660181895
2320 13.538156795384166 -8.6976789748174212 6.2086443856006195
2321 14.721420757780429 -7.8775124617915218 6.2784844483196069
2322 15.718435813349476 -7.1571933068817382 6.3243684162516018
2323 16.803903238977895 -6.42165961328734 6.3524275276309821
2324 17.746597776231802 -5.8896621866419796 6.3545686491697424
2325 18.778239167077533 -5.4549871998102573 6.3118140601913275
2326 19.653927098838626 -5.2586110946253468 6.2173206181008975
2327 20.54779980578331 -5.2680111046510625 6.02737507345062
2328 21.152779126404376 -5.4805889731480857 5.7635781102931158
2329 21.558713676206068 -5.8652716122342836 5.3428546368385081
2330 21.648088740605626 -6.2308177746056455 4.8178856394294938
2331 21.636146151157018 -6.5509011770482033 4.5178900467599217
2332 21.512647006279337 -6.9668939434592065 4.280549641915357
2333 21.304150293436862 -7.3289510809971459 4.0548127082925616
2334 20.96404245326859 -7.6983783882765504 3.8577692881348673
2335 20.578732319416236 -8.002173952342023 3.7413869738484795
2336 20.304182372002035 -8.1736113098181065 3.490905439412463
2337 19.915926223344698 -8.2743939490780498 3.241534025945815
2338 19.443405696967172 -8.2722835043037399 2.994287154254486
2339 18.794741132686767 -8.0940054182851693 2.8011932328072691
2340 17.928271358413479 -7.6450789092174549 2.6198250987309679
2341 17.024276051849501 -6.9627530328036631 2.5235625472323648
2342 16.290180958843262 -6.3017148878012073 2.4581791849987575
2343 15.6210211578168 -5.6620382218779124 2.4301954252725908
2344 15.153655973131626 -5.186357766655652 2.28509558169536
2345 15.354367162856329 -4.4120012476537287 0.078001801991989722
2346 13.943998960698586 -4.3653304609437047 -0.72665021992417045
2347 14.04579866443129 -4.4675503357867417 -0.91806782923833197
2348 14.565232385315081 -4.871673866617642 -0.28699256161998143
2349 13.941074922186502 -3.6692916144610677 1.7316244872156163
2350 13.995830760273108 -2.7176498028356981 1.4492823255876219
2351 14.294046968340718 -2.2463552069976434 0.55828352651705049
2352 13.183123564048243 -2.1108214779947492 -0.75506867949411705
2353 13.608115896212436 -2.876606040705239 -0.88749974114359764
2354 13.763400549464752 -4.1555866858399035 -0.95676718756133217
2355 13.096692135337751 -5.5648242586278451 -0.95146384720756849
2356 11.95647950052456 -7.0847197174317902 -0.93850355724581025
2357 10.905251571379292 -8.8608953162134405 0.16881318435723092
2358 12.647511895530373 -9.2569204808046752 1.4917112536227637
2359 12.741508283377399 -8.8583630221660137 1.1650099982904096
2360 12.969227976073663 -8.5779558129178479 0.69165147915390002
2361 13.375492239846137 -8.3326996988241913 0.38880897620414795
2362 13.625351195857759 -8.2882599670075763 0.085670447175227787
2363 13.309877331643273 -8.3371809671812347 -0.18523146093899634
2364 12.583437523122674 -8.194333717669636 -0.36746986135114268
2365 11.579166511372023 -7.8193229720029427 -0.59517909703775218
2366 10.68524444418698 -7.1699613744026278 -0.65902649454346063
2367 9.6420547352097561 -6.477941345731038 -0.85680137075840423
2368 8.8131145959095285 -5.5646831147179157 -1.0708199216562042
2369 8.0923612487659486 -4.423244788193645 -1.2609360775144924
2370 8.3350820630127185 -5.5252419979625662 -1.5827900938737605
2371 8.2349799590496655 -6.8644489894270473 -1.8348727733870638
2372 7.9763949559614673 -7.5798889618116174 -2.0261305856453569
2373 7.555246099058424 -8.5667479985486352 -1.8582135837810227
2374 7.5103768037496081 -8.8271334249966422 -1.727297934853576
2375 7.460846214540191 -8.2346387472622062 -2.0903281999177064
2376 7.065569986436862 -8.6719861508842424 -2.407660304455542
2377 6.1094027473252703 -9.7528816571694925 -1.856813677479396
2378 6.0882053036609589 -9.8120136826590727 -1.8089383539983153
2379 5.9663240858484894 -10.348350442463021 -1.77851513387752
2380 5.7493502311873179 -11.118211857224351 -1.9114558541315536
2381 5.2363962688361214 -12.128612664391103 -1.781737954623597
2382 4.9389280478201698 -13.014968297197582 -1.9861219015134062
2383 3.6548884613735813 -14.265074356565098 -1.7808056755363526
2384 3.3683412309209495 -15.184132007659416 -1.8547013085018698
2385 3.020447973913746 -16.156792077864804 -1.7916497930329256
2386 2.9268035203727614 -16.672394705487203 -1.8265781336087001
2387 2.762045171718102 -17.031002942863196 -2.2234136383447289
2388 -0.480175508582108 -16.813494591586529 -2.0192232432956247
2389 -0.52217325819926408 -17.082700406989236 -2.0906185691300192
2390 -0.46479642790360032 -16.872538980774582 -2.5616362940955364
2391 -3.7418855737271874 -16.343040052323545 -2.3445920240864115
2392 -3.1411542544316999 -15.903097026508636 -2.1381820492162458
2393 -1.5171314427604943 -14.091722709078317 -1.4137856925584404
2394 0.73872582159021916 -13.307105282111337 5.8699211959383923
2395 0.80275306882885156 -13.999121169590659 4.0821317983043528
2396 -0.73374066295022411 -15.137291193256084 2.5352482965035192
2397 -1.0726605271983134 -14.384641824870819 1.0710610758633545
2398 -1.1117381498288692 -14.29191687598235 1.2358993989444691
2399 -1.208735942087042 -14.251668569358019 1.4912508194629164
2400 -1.3531423949129255 -14.306137731704421 1.8435307750469518
2401 -1.4314891664032492 -14.562668222313999 2.2804702138664701
2402 -1.1439205711645266 -15.184250848672519 2.760380646276007
2403 -0.61638635519786267 -15.570255313385383 3.2088787961922467
2404 0.18367428992912926 -15.656205981235377 3.4856079694853386
2405 0.96596081111023913 -15.519814734106149 3.7924658337853772
2406 1.8411439716083053 -15.108725679967597 4.2876297652360638
2407 1.8712206406118754 -15.114673330103495 4.2482348866661122
2408 1.8499942554373132 -14.80420824237398 3.4417340345628262
2409 2.7812117478311889 -14.663134772950444 4.171034061336087
2410 3.2522183098935735 -14.205236947531519 4.7545980758658972
2411 3.2920752877501505 -14.211266666762601 4.8370131684719944
2412 3.4695554347108413 -14.100690182442053 5.4527162260713204
2413 4.4383763085566335 -15.057411645334696 5.5690713045576219
2414 5.4777891451341896 -16.074042233934598 5.1371330013268821
2415 5.727539885316669 -16.018069112946684 5.7957075357096377
2416 7.1712810813300747 -16.813775553084451 5.7320530188470036
2417 7.9811421124162178 -17.38404441650367 5.5661071049078954
2418 8.1654238552388811 -17.503627683813459 5.6118509363065936
2419 8.3140258546262302 -17.821448010413285 5.1168287052724022
2420 8.5836995313861593 -18.630076720076243 4.9444785999535128
2421 8.8076984068653008 -19.509704708770084 5.0651844063847502
2422 8.6516420877664046 -19.690748292387312 4.3675720426110427
2423 8.1634679014841627 -20.80927517635547 4.1981774039885504
2424 7.39465195274874 -22.259959939616103 4.4763039858981939
2425 7.0365576930121501 -22.421142318261072 3.3377233468703307
2426 4.8870564163189618 -22.521212257389287 2.4768428820527273
2427 3.212275965795846 -21.166699685018564 2.477283556085486
2428 1.3758721755536358 -19.634834431892298 2.3401804524372216
2429 1.251179408597175 -19.481393411507824 2.2558755510832986
2430 1.0572454089571282 -19.166183573145993 2.0589612165668907
2431 0.87838870600483521 -18.742529281560007 1.9132775847369345
2432 0.74477050460116345 -18.322470777054939 1.8535014707106043
2433 0.59888904418701128 -17.829408536542633 1.8642865027100168
2434 0.4485416374195268 -17.398665253474135 1.9432999220563429
2435 0.22158404425862235 -16.953770255882088 2.1150051585239442
2436 0.0012321671789631006 -16.353252586503579 1.6603113691534173
2437 0.047271457274577128 -15.44200369602787 1.2447015646928794
2438 0.41787743832882784 -14.587870637539535 0.93926747048891523
2439 0.54400838485211134 -13.679738886168069 2.3216203860315479
2440 0.36444706450167119 -12.787521889049142 0.65608340677441845
2441 0.46221137072078611 -11.956330389466995 2.5042800327574395
2442 -0.67288209171556834 -11.298300200412427 2.9727114480725754
2443 -1.1346284701410514 -10.510638197247033 0.63282704338204698
2444 -0.90188477178442672 -10.426284948228233 0.52847567613651558
2445 0.40393671221882022 -9.2661174375803483 1.1871221242604864
2446 0.81155144110758903 -6.4883588582857126 2.7673570423888298
2447 -0.22933576369846645 -6.0689386034628043 2.6756588247901223
2448 -1.3074494386646216 -5.5191535850984703 2.6048912764295022
2449 -1.9207489504735125 -4.7428998130153586 1.4275650434608411
2450 -1.8167549776864151 -1.6538992615322234 2.1044750882001915
2451 -2.0041078703269304 -1.4562497153518974 2.3333946357013104
2452 -2.4057834684403279 -0.973664098529053 2.1498832594151018
2453 -2.8870041694202673 -0.24333592302164142 2.0511827890599115
2454 -3.4907093355776606 0.89617044260595768 1.6095711218854241
2455 -3.5080222329265891 0.23691797512609597 1.6305241208551977
2456 -3.5381914778427928 -0.43082435648381195 1.7285658370700745
2457 -3.4915550448184676 -1.0917660325038219 1.76440140991974
2458 -3.4180897900720537 -1.7337763520002889 1.7857886470520357
2459 -3.3028508973167479 -2.5563156704925332 1.8094860826302892
2460 -3.2722744853684245 -3.4450760842556485 2.1921935509693622
2461 -3.1327393129190906 -3.4849732167517757 1.8623168309440445
2462 -2.9687853246992435 -4.2828588126822345 1.9087158035880099
2463 -2.7511978641900461 -5.1916038998526961 1.9819995936205572
2464 -2.142138812934022 -6.0987082572743603 1.2768761083764915
2465 -2.1797808045460418 -6.1430416449108067 1.2885307561991375
2466 -2.2057343586557643 -6.1970607799739295 1.2680753593988741
2467 -2.1354892256137497 -5.9705740608620852 1.2396934870365683
2468 -2.0322236636150488 -5.5546521656301797 1.3082522646693304
2469 -1.8769030613394515 -4.9914859817060906 1.2904687323080506
2470 -1.6491806443100678 -4.3173716622076022 1.2086105602706381
2471 -1.372392021656957 -3.70098696007397 1.0991122457020315
2472 -1.010351469749089 -2.9414661472158943 1.1556699198018896
2473 -0.78640298153683408 -2.4255667516787351 1.1575704992340667
2474 -0.83714536547372576 -2.4496568827346579 1.1931408361032019
2475 -1.060375368529765 -2.1070838493907709 1.4804081978065153
2476 -1.5001659023761083 -1.8262788335122409 1.9653873223094789
2477 -0.34043988106519807 -1.1786862749530298 -1.6441008988758188
2478 -0.85469018837692801 -0.64892981422755092 -2.8965567263864891
2479 -2.4167512727703713 -1.6766019147644053 -2.975059428195872
2480 -3.6147509214452755 -2.9058699022385421 -1.8458549125449426
2481 -3.4377690013608015 -1.781161225104515 -2.3383908718741369
2482 -3.2665416923079378 -1.6662172852347821 -2.3611687669584911
2483 -2.2805207460866477 -0.096202629024730923 -3.8363274235040694
2484 -6.9198035171567795 2.2182983189070402 -3.2124714235219596
2485 -9.4570437200522974 0.27495678105096372 2.1135300877111463
2486 -6.8312430725828435 0.022712020189371684 -2.9117284084359123
2487 -6.7952949629257384 -0.28899640359266748 -2.0201816599521516
2488 -6.6377253061273365 -0.77293956759120841 -1.1582794321925924
2489 -6.0905477351190642 -1.5221340369994873 -0.63433955775991502
2490 -4.8998471496444722 -2.2123465090866108 -0.29969177725299512
2491 -3.5812366011694277 -2.5565278460363241 -0.16575096214760029
2492 -2.0372665233197669 -2.7869832284786136 -0.13320532594569842
2493 -0.67463508523353333 -2.9775325936180126 -0.18625356792243863
2494 -0.2984690336699789 -3.0625866856579114 -0.20404453858664429
2495 -0.49383267251997964 -3.0379321288701409 -0.20088777171932337
2496 -1.0668801045495997 -2.9376311599353437 -0.17584138882027867
2497 -1.6409653049733839 -2.8106501354807354 -0.096316529568150094
2498 -2.1650812840730351 -2.7256707086225322 -0.0046428572571333097
2499 -2.859323671194399 -2.7558101476166188 -0.02981877268863637
2500 -3.5326898799510844 -2.7487522186387521 0.00533651858183945
2501 -4.2847313622167746 -2.7709715936816623 0.04391709820469325
2502 -4.9609876960282859 -2.8028527384805288 0.033656778491105863
2503 -5.6225893887118126 -2.8413385964415139 0.087232542606352187
2504 -5.890784065206601 -2.9144698091960306 0.055207877842217201
2505 -4.7274576611390549 -3.1723233651034546 -0.78016644342455266
2506 -4.5478884371608919 -3.8370560556562592 -1.7068027651562423
2507 -5.1244092628334803 -4.0959150292685615 -2.9012074012272406
2508 -5.7988563281936205 -4.2098623057417619 -2.9726018463234825
2509 -6.6598092881954818 -4.338546162106133 -3.0462425822936536
2510 -7.6459362793048324 -4.4558389168737769 -3.0441232181546027
2511 -8.527030893906236 -4.5833443013725592 -2.9930422322665371
2512 -9.5005356287559302 -4.8216029087706502 -2.8262955869413529
2513 -10.124763603701652 -5.0013681678522302 -2.8606647437786874
2514 -10.638640760307673 -4.8940448179754226 -3.3590280158540522
2515 -11.840565577314026 -4.7836700833475989 -3.0570932660278536
2516 -12.365079919396903 -4.1444237272966893 -4.4998167652157992
2517 -12.848995982810067 -2.7337308514349887 -5.3100089107021411
2518 -13.233836890124227 -0.63727768463566092 -5.6605243610609017
2519 -13.528515563794436 1.4918867547002415 -5.3843106182246565
2520 -13.84365964256334 3.2142719414580885 -4.7009035257666154
2521 -13.522759771211438 0.51589015331611576 -4.8078755402424482
2522 -13.435284011845733 -0.70517572078535173 -4.8404737726816069
2523 -13.284882306680419 -1.5989305467359225 -4.8729086638412555
2524 -13.044014464640242 -2.1809300436425461 -4.9566690689997284
2525 -12.65996127049841 -2.4586518868777403 -5.0784787270650451
2526 -11.953512224122965 -2.4753795185367471 -5.6956541434010504
2527 -10.927366884821403 -1.6254264663261746 -5.6714679941872372
2528 -10.254062221759895 -1.4649432410182657 -5.0051082628314116
2529 -10.544173280209645 -1.2750689143903997 -3.6698295702124453
2530 -10.364338910957219 -2.2584583646778515 -1.9818502190292044
2531 -10.642353721969062 -2.8967955327441128 -1.990673634356199
2532 -10.804652331683604 -3.1547425732724053 -2.0601971761445204
2533 -10.750025442526448 -2.8862633355913316 -2.1786812148382007
2534 -10.620436306043301 -1.9224759481303764 -2.98704000601446
2535 -7.6988651953538012 -1.8270159058670479 -2.1445311604953288
2536 -6.0176896279581076 0.42967000962773383 -1.5194014780907492
2537 -6.4711985760185033 0.12034515997658787 -2.5565844990611635
2538 -6.3805067003802183 0.12148690055318029 -2.3961270165257891
2539 -6.5358356480467314 0.1486251897075706 -2.573991239147059
2540 -5.6773326538505655 0.67817882623967796 -2.4741430893440075
2541 -5.3957600413639355 1.0437887826838872 -2.4569550076800368
2542 -4.5187713517981312 1.900755209906634 -2.6528103511944927
2543 -5.8770870292391111 2.2372043387770661 -4.6024326539927589
2544 -6.2518640339807332 6.4507376272398442 -5.8213329657896997
2545 -6.8811402865731877 6.2219423320576892 -5.4582362953818979
2546 -6.7891249243458995 6.0709311431056348 -5.7791497248556389
2547 -8.7671076290312335 6.1516844935537618 -3.3004223652646258
2548 -8.6816807472330453 6.6450166232353407 -4.4577199647017922
2549 -7.8266010753199193 6.3044479848407606 -5.9264807815155915
2550 -7.161297607527632 6.5138195438973758 -5.9627177816710821
2551 -7.6120946466021033 5.7900159261905602 -6.8821471989029952
2552 -5.1962365940351827 4.3949496861107145 -6.3438636281604861
2553 -5.1356836746761134 4.3245308303795831 -6.3403029375451139
2554 -5.7060980721833721 3.807799989760094 -7.2719658036686319
2555 -3.7848150557790365 1.3399706442046149 -6.7185047064242553
2556 -3.493568047110494 1.1382203468589411 -6.7202001878737008
2557 -3.678289282187972 1.1225636590175629 -6.7204203279761261
2558 -3.3729368439866474 1.6632416098473604 -4.9820191199579158
2559 -4.3906982993172718 0.014183375216529598 -3.1343627130153084
2560 -6.8499205836183457 -0.072458892773922812 -2.889355713793504
2561 -9.0629358570773828 -0.30745324733078283 -3.0872477312814448
2562 -11.190352447796945 0.057073090045323849 -3.7679439628285567
2563 -12.246989327938964 0.89745363410940682 -3.9475686470392484
2564 -12.918735138374156 1.6123320457949701 -3.9890913913693788
2565 -12.350876518115113 2.6277800544092598 -7.426173567171773
2566 -12.112224775380561 2.1598200939152687 -7.3483090900920995
2567 -11.190310387280771 3.1007892106546588 -3.9056829171811827
2568 -11.895848314226013 3.886083015045827 -3.9777656997398458
2569 -12.572287155840266 4.844975986566963 -4.1736075320562707
2570 -12.973407818092848 5.9421069344466098 -4.2749192899658963
2571 -13.323697931462751 7.1432534159871901 -4.4449753149609688
2572 -13.290103199547636 8.0630769118525638 -5.0735355280575192
2573 -12.671440641419331 8.7891684810553947 -5.8493559831963076
2574 -12.406477008114896 9.3823628208572174 -4.6673943762033341
2575 -12.40747672573629 9.3820934384976944 -4.6579129173051976
2576 -12.533606201855436 9.1268213298890952 -5.3371243631869465
2577 -12.481571283684572 8.9764806937479822 -5.8847814139192538
2578 -12.260137179067788 9.0811426803482629 -5.8370471438254743
2579 -12.173960968693956 9.2076709050654362 -5.4670319912978602
2580 -12.171820353875802 9.2907382198119297 -5.3606795611429598
2581 -12.253308603595093 9.5612549892461143 -4.8410341266515946
2582 -12.575750379555505 9.2800332713907068 -4.3687548417621533
2583 -12.758374783353666 8.5669682855590796 -3.8118017225929544
2584 -12.632361722546651 8.0114542972841711 -3.3039291857745585
2585 -12.781402992231962 7.6940074256115878 -2.6103303747283189
2586 -14.282320142752534 7.3020328546502817 -3.520271065248473
2587 -14.013336156743694 7.4749444138563605 -4.8620559318209926
2588 -13.843651309437316 6.0335460454190937 -6.6251527275081488
2589 -12.491762405307773 5.4676346538703662 -6.4143858943614322
2590 -11.273955844569846 5.5546081148200344 -5.4114382466700883
2591 -11.972773326890287 5.154964088708323 -4.8703404352127784
2592 -12.555335213026062 3.883079357579537 -3.9722106103010169
2593 -12.394007880366605 3.0425823823234137 -3.0498145154208327
2594 -13.075404623016601 2.8163991368023744 -2.5659176789438702
2595 -13.769739123189206 2.1427822120585551 -1.7893888833263571
2596 -14.295106394006304 0.31154270639681902 -1.3445800011809592
2597 -13.936993130084012 -1.5993254905177703 -1.0303902884033613
2598 -12.967089089632834 -3.1312261678584492 -0.22091134854962771
2599 -11.725016529119452 -3.274563509021144 0.5034931740215377
2600 -11.320669154906726 -2.7928222996127161 1.3818003072659089
2601 -11.58056601145935 -2.6056266066973102 1.9451094315557442
2602 -11.884005519628451 -2.5576004763454381 2.5029370385507939
2603 -12.357416215085419 -2.4360586271433444 2.9765420132732996
2604 -12.877218575852437 -2.4238033263079894 3.2887577395943923
2605 -13.498426705818257 -2.2167249832767597 2.3222788531682821
2606 -13.700379344675222 -1.6515185034458735 1.4528140576996766
2607 -13.35839990155268 -1.163048675534875 0.42766749431604456
2608 -12.879512849405213 -1.2426297501474886 -0.66247648796788106
2609 -12.335278197231936 -1.3872558026761472 0.18687461454683504
2610 -11.575333795454386 -0.98889215862054414 1.1112027090604777
2611 -11.401880922099881 -0.18871670959590414 1.9342705058874552
2612 -11.936865286261696 0.30254150199922969 2.9820819254417881
2613 -12.171423508880142 0.55859254806317371 2.150504256917142
2614 -12.136602763633292 1.0023514941714351 1.2202946152504501
2615 -11.708433579907402 1.4894765161819563 0.46548576268723224
2616 -10.691520727820221 1.5463632268392753 -0.30624213519398558
2617 -9.9771957373283549 0.90916786970314067 -0.99660308926253671
2618 -9.8676618885520853 -0.028886413008814386 -1.885102852271388
2619 -10.423490139409862 -0.52914405917048191 -2.9422500689153939
2620 -10.496618651049195 -0.67036091954227217 -2.5583198701747549
2621 -10.444567885605277 -0.88248218017186864 -2.0340395750691296
2622 -10.273754816302903 -0.74528343518494722 -1.8332992660270111
2623 -10.028346545376163 -0.3258422736950019 -1.5722142416774996
2624 -9.9656623058435923 0.18051076345111616 -1.4788859305710058
2625 -10.08367678918569 0.83161729213537661 -1.22941460670314
2626 -10.479207717339715 0.89314094537161148 -2.142194520097144
2627 -10.964412567553214 0.81792029150130297 -2.9239365468790726
2628 -11.926549305980805 0.7017851145069951 -3.2658198270195733
2629 -13.331164954674202 0.80738687939148768 -3.2478724257818703
2630 -14.754197665509519 0.7502620503245605 -2.8417746582225361
2631 -15.572387141599961 0.21256125618246757 -2.1200912651031212
2632 -15.32625307271589 -0.29704964063627382 -0.8802515073448508
2633 -15.123260696026412 -0.19172287406614885 -0.2676322786305031
2634 -14.480394555479487 -0.12442059448298126 0.29289877038614603
2635 -13.797017131531799 0.20979265159371574 0.60766276931721708
2636 -12.83594319429014 0.95293387128523999 0.79670181275573626
2637 -12.179935109823404 1.5161774692815799 0.64655500776901875
2638 -9.7015727751019423 0.46711949722425983 0.69500470932819436
2639 -7.4514215569757338 -0.47038230120970559 0.68677125811529161
2640 -6.9130877070073229 -0.21247899835449344 0.37266216956903042
2641 -7.1901334016531617 -0.37013518691917541 0.44009780560629214
2642 -7.0599569580533519 -0.25680927557190669 0.59353198801867602
2643 -6.6047567354888583 0.12682213740383852 0.73054359036902927
2644 -6.0108038042738796 0.6973875985370479 0.78981211479946334
2645 -5.36372341725151 1.556069625586225 1.0840915263276827
2646 -4.6660192726486676 2.5601647826447813 0.81110910018042293
2647 -3.9586700678638449 3.4005928743335088 0.93601148177652249
2648 -3.3422791065995754 4.2924335246571479 1.0046449043147885
2649 -2.9198356581303262 5.1664288340437627 1.206712963874661
2650 -2.7066829964754486 5.8013930256006425 1.2432115487570936
2651 -1.9157624521146763 5.6971817788311707 -0.24482513592348265
2652 -1.5060663805642656 4.8640256831017217 -1.5666602004436381
2653 -1.5037968475631569 3.1431556528948925 -1.655787557581498
2654 -1.4428962689505433 1.2858593714644304 -1.6543486672577752
2655 -1.2897480369975189 -0.29230389765657533 -1.5447486590041988
2656 -0.96208618523518208 -1.967741805191864 -1.2837653178067101
2657 -0.33894382766813758 -3.3605927061081422 -0.58394383719415877
2658 1.2122017585086664 -3.9237965748099932 0.16708524769892394
2659 1.2840952433156678 -4.4031682591702461 -0.79363817474597698
2660 1.7591346483571266 -5.3774395821969296 -1.7639918462109889
2661 1.4102730938569736 -7.0251050367400438 -2.70391722431838
2662 0.01143691021377613 -7.7286559533029173 -3.3069919515988557
2663 -1.1281132311816064 -7.7517165617132182 -3.1428112620351856
2664 -2.2901209135986278 -7.8501011258307072 -3.3580424050748898
2665 -3.5050285469189726 -7.5099831203480356 -3.9953719965637391
2666 -3.6626271316263646 -7.1323585048165548 -3.7003344888556455
2667 -4.4949065464598199 -6.477718971435273 -4.2461549971588166
2668 -4.7381979558266156 -5.6326833720047977 -4.4450530359541167
2669 -4.9074944464488839 -4.8352403099790937 -4.4849698753611316
2670 -5.1669720120182827 -4.0600185591927165 -4.3172993678369913
2671 -5.6844129969884776 -3.2625196232242253 -3.8921557588881055
2672 -6.3256383916310135 -2.9607037609029767 -3.3010733238117225
2673 -6.8659103196732945 -3.282887518723463 -2.4334637902021403
2674 -6.7225366996352216 -2.9874718070213944 -3.3099440723603362
2675 -7.0851958751951489 -2.8161432020089348 -3.8749775974704086
2676 -7.8133690463707621 -1.8119850080497182 -4.1001703912858884
2677 -8.4200192919898811 -0.53637216017587619 -3.9303676821787601
2678 -9.4490925348465939 0.43449856747078608 -3.2984560929768243
2679 -9.9132050489456507 0.060421992448306483 -2.3223534648899604
2680 -9.191852028935525 0.5112048766213424 -1.890871378664813
2681 -8.9559232908677764 1.0295872522499996 -1.6277386235090421
2682 -8.5843640570303013 0.27755344924671882 -0.61417925378645
2683 -7.1605555721894847 -0.43383388916383558 -0.037287451693806803
2684 -5.1831566597670404 -0.21795094006514293 0.49839090747609582
2685 -3.7707211153297395 0.91480004204567456 1.1545618673007754
2686 -3.9825507144967305 0.95771363788102137 1.7962464853210134
2687 -4.2211249274984644 0.80210956127161404 2.5348916161319277
2688 -4.5365740440387956 0.84110446980426024 3.0219914837785753
2689 -4.6526296839804875 0.66745362350101511 3.7063477919398804
2690 -5.8157519094178607 0.31133704171926746 2.792548039601094
2691 -7.0705451456092634 1.1183762923458995 1.8212142609908166
2692 -7.0149378822791748 2.1847937257981362 0.84535993734571546
2693 -6.2143094761276965 2.2586857986982394 -0.43919468336588879
2694 -5.8024055967299724 2.157822503217004 -0.16287838878863847
2695 -5.8861358502713994 2.2110988365255242 0.066344874540704799
2696 -6.3264465549163758 2.1828059045023291 0.33876488349552608
2697 -6.5952449667107045 1.9696429691151605 0.44658926245772956
2698 -6.7993194829124768 1.6234894902903094 0.54068907342268435
2699 -6.4723320757783345 2.328929821372224 1.7546991527476263
2700 -6.8396223225306647 4.2441429729181603 1.469660745049931
2701 -6.0982460816168791 5.2241688108574813 -0.32035444992642798
2702 -5.3217329076051607 5.2029447246883382 0.2551576616493243
2703 -5.0545456373693849 7.2342503780710858 5.6213127912258081
2704 -4.3303461184384933 6.3741639247186672 5.0401920512683231
2705 -4.3280268505072463 4.7715394569117251 3.585017151672969
2706 -6.4800296097451797 3.7922347664752176 3.5099699881084114
2707 -8.4772082074416328 2.9603428074289355 3.5532711802260479
2708 -9.8268442465053614 2.31607210630618 3.5403970250834522
2709 -10.675885552642212 1.9699314811930713 3.449845994934015
2710 -10.747914769739577 1.3574100387734527 5.0849049448427373
2711 -8.4595673454744595 -2.7480669585559898 6.0730230355296566
2712 -6.2863324766162521 -3.1925347492472174 6.4039520106249466
2713 -4.583957398941549 -3.0734214243037603 6.4729467221572623
2714 -2.4969832011341597 -2.9193534844868787 6.6722630540449694
2715 -0.089711497156825609 -2.7267385038410943 6.9465129645967911
2716 1.6963542411518853 -1.8070862500469711 6.7767949805731087
2717 3.9079947303297371 -1.9421343302325587 6.523559257957376
2718 5.7407505265496122 -2.6589334586790061 5.9342485544775991
2719 6.6349769476546578 -3.2945903572934165 5.2480728188167891
2720 6.7291330557189042 -4.2705923218544157 4.4082225450332926
2721 6.4278083051143557 -4.7655358725228787 3.5517566632143982
2722 5.7450221888665878 -4.857359994375539 2.6071565606692153
2723 3.2854512073200066 -6.0399974818988831 4.9011489129901191
2724 2.7466483633114711 -7.5437936408885076 3.1186304453264095
2725 -0.84515192157494723 -7.1082516684386219 1.9732372193177621
2726 -0.58159114964804903 -5.5104486627663904 -0.14388691751722052
2727 -1.8632974658162107 -5.4434972317737076 -0.63466238164297684
2728 -3.2830621988886493 -5.0544314245631439 -1.5536581310832913
2729 -3.1636613357251382 -6.7367783428675798 -1.3087465202201685
2730 -3.048176407521396 -7.3144519682028228 -1.3396659736297338
2731 -2.7139606672778469 -8.0641294390842972 -0.91719660696705585
2732 -3.9995768146852342 -6.5637363102847326 -0.98505403437326367
2733 -3.7784428431974182 -6.8016301103214598 -0.77097624045120416
2734 -4.3931020458458168 -6.4745372120962097 -1.1501294226967222
2735 -4.7392248822002028 -6.4679928252075189 -1.7218923374652173
2736 -4.8558073207885446 -8.1317365614886352 -1.2440384103777622
2737 -5.2681824335885148 -7.8367737505561674 -1.7813284645600502
2738 -5.4874686240171373 -9.531826873318721 -1.1394899063292538
2739 -5.9620701761487958 -8.8792251859897835 -1.308271041239903
2740 -6.195281515371148 -8.3390988922334941 -1.2104547102614225
2741 -6.2285046503015744 -8.4968180880742725 -1.3723239613171048
2742 -6.2380305408361316 -8.657508257144384 -1.5254056788099657
2743 -6.2594192393091088 -8.8141198516327837 -1.6165762953715603
2744 -6.3575067148289746 -9.1595438033496617 -1.8117351032078677
2745 -6.4742008912321021 -9.4524036692682802 -1.9719471327799361
2746 -6.6599752045235521 -9.7803733029358213 -2.1189801546036113
2747 -6.8722612124102644 -10.063868358229964 -2.2054619533947331
2748 -6.9533234826279928 -11.731448322132369 0.43802085739338614
2749 -7.2735236116171773 -11.462325431109972 2.0048192780482639
2750 -7.2839828798786375 -11.485302832050495 2.2115961595912572
2751 -7.440092387465147 -11.39684411570583 2.5815894088033766
2752 -8.0656779573433326 -11.132395488222137 2.8884627477911087
2753 -9.4454336753519428 -10.84999906531543 2.6512588661302283
2754 -9.8963360575635058 -10.714125832956055 2.881907045458088
2755 -10.773561354711601 -10.448625802320876 3.1552461201528472
2756 -11.71424175050802 -10.379184413020559 3.2585269411698987
2757 -12.780055728430204 -10.414386170006624 3.2613881975703953
2758 -13.697867083966768 -10.486177657594173 3.3543151334626748
2759 -13.700543770362378 -10.487727868420638 3.3543114384457646
2760 -14.676697625083229 -10.65209722914269 3.4042462359700325
2761 -15.457812174690867 -10.582804646896696 2.3005737535316575
2762 -15.471938274272814 -10.149020739280045 0.95352723223048075
2763 -15.485616176002269 -10.053126552401949 1.0429549327623899
2764 -15.483106365260827 -9.6458265117692825 1.9286499982138152
2765 -15.448399639229079 -9.4085104876512702 1.1487525592176766
2766 -15.445007819862637 -9.145117720293495 1.8443565116987948
2767 -15.556908858307668 -9.1641016041968548 2.6060749256322993
2768 -15.570247066580887 -9.2633824567989436 3.2951036897641739
2769 -15.628572800585387 -9.3949431268624135 4.0638749191315302
2770 -15.857150156400756 -9.5887424403271737 3.6089189662161085
2771 -16.131325147971395 -9.6105241003694619 3.0200264941180346
2772 -16.24925005136669 -9.8241485739670029 4.3953260318868139
2773 -16.581932410301768 -10.135935717677945 3.2636034208028541
2774 -16.414554992460662 -9.9974513156797915 2.7373870833408156
2775 -16.311140176511476 -9.9488385716354948 2.3153687558381857
2776 -16.736964234951941 -9.8696513996848125 3.6293358836026366
2777 -16.651392822453335 -10.066369618615505 4.8750304608541368
2778 -16.485937798159366 -10.498211288170104 5.330012198256366
2779 -16.207773683824467 -10.320108030375575 7.0644558690392012
2780 -15.555648996536174 -9.8368531197265678 6.5084359750694585
2781 -14.944428105027754 -9.8176144189178967 5.9115062989144906
2782 -14.618548486928097 -10.155537404160148 5.1094309253621226
2783 -14.534025431170638 -9.818511447375581 6.0325366046518258
2784 -13.962924980568612 -9.5766902423407885 7.4224058883617561
2785 -13.323610942567507 -7.918001981074168 7.6434055070104474
2786 -13.039475429000005 -5.9178334376377988 7.9311061945045269
2787 -12.359716775557386 -3.6508011718697375 5.1211103136575131
2788 -13.061304367581423 -3.6689611415903212 2.5951780895887149
2789 -12.648187609533005 -3.8167687213834935 2.3531538380810528
2790 -13.028291451937667 -3.6530655635319533 2.9589120534647502
2791 -11.326251016362329 -3.7125171408070301 2.1436627544844113
2792 -11.663184626294443 -3.131243331800674 2.0987803583391096
2793 -12.347679303681124 -2.480371756316778 2.9931501700365737
2794 -11.245662206777324 -2.6105041025165234 2.879026420361658
2795 -10.590408368746807 -2.8743305338021425 3.1446362958639305
2796 -9.6001187122421463 -2.9216498414253169 3.0141412180854279
2797 -8.6576833194288572 -3.0704715215729044 2.7906070742949116
2798 -7.1801732494035662 -3.6222106763657389 2.4375297414554615
2799 -6.7781482313548826 -3.9429003950358479 2.2756516156025857
2800 -6.7598768583265416 -4.0486832257047176 2.3347890662647655
2801 -6.1892692991038407 -4.379706880959124 1.4514814844947934
2802 -5.8763575562183634 -1.8496899609807644 1.6943985216346087
2803 -5.8197809723513005 -0.86214694736814179 1.2369899096119785
2804 -5.1065978590184544 0.60272988796885762 0.8574998247178468
2805 -4.5977099873943823 2.3277753699764574 3.461841857876963
2806 -3.7852266642632779 1.4105086201400423 6.5442422970546907
2807 -4.2663774860243402 1.1351184376036265 5.8287388860799867
2808 -4.5213808866962122 1.0852009457956273 5.2046534051746471
2809 -4.0310210192628588 0.86691753244301806 6.1495754325857144
2810 -4.0933184731406387 0.83360446998508486 5.8880944467059297
2811 -3.2710667616498919 0.83242374405742048 6.8515701526410568
2812 -3.3976469780076615 1.1722917154819519 7.9669013970991092
2813 -3.3011117603020361 0.69126349637644324 7.5987509385761172
2814 -2.855368844943269 0.079561173470572844 5.5363483487630685
2815 -1.6763757070715986 -1.7778281773082989 3.9453355932173397
2816 -2.3843851681643256 -2.3500064041589983 3.5439917015406208
2817 -2.5105188289356546 -1.9407010480272884 2.0910529909551756
2818 -1.8905180117605647 -2.7553941091192726 1.4215287928252527
2819 -2.6675722557046768 -1.4591708038375977 4.6353143079473806
2820 -2.2383930308373325 -1.945036165787339 6.1699684588716144
2821 0.026999042384020566 -1.9307426101210692 7.1611289703613989
2822 1.3297743922798877 -1.4244949006801571 4.913447835074698
2823 1.3658237626818108 -1.8888894413130946 4.6890036745285704
2824 1.5124845135770142 -2.3670334315783239 5.2650578760014408
2825 1.8281745404187379 -2.6132650281757162 5.8133349693013718
2826 1.841349379478024 -3.1666392537021477 4.1936163486059366
2827 1.5549717945484611 -3.9631027656162181 4.692852627529378
2828 1.713956364076018 -4.9812105082499016 5.2198938030130044
2829 1.9979019791264747 -5.8407067458203672 4.5665534760819178
2830 1.7014680057328451 -7.143371787284833 3.9835812973943723
2831 0.70259182694994304 -8.1741828618135965 3.4588332374338639
2832 -0.12517411255863423 -8.619933529274217 3.9824300745770311
2833 -0.53693407868336429 -9.4397576270309749 4.6618437495830856
2834 -0.35930606274058757 -9.9802298630477093 5.3826571437847281
2835 0.057678503882301835 -10.057070410336937 6.3049744300932229
2836 0.24032475722622609 -9.8068099482601774 7.1719094759335542
2837 0.25278336622045972 -9.2891439549048087 8.0922008245971195
2838 0.13508016540161366 -8.9228634058865683 8.1554131733616373
2839 0.025179959796979345 -8.6687997044008576 8.2068798325811319
2840 0.48513883849356071 -8.1441594421894035 6.2234468085880401
2841 0.96007184038087745 -8.2866957858865842 5.8936768686625625
2842 1.5853472971310087 -8.5909109556789023 5.7768891500650481
2843 2.2057566799454214 -8.9081131419257886 5.8617658105622654
2844 2.9210790230665191 -9.1075016121470291 6.1756974260370967
2845 3.410620824067879 -9.0042793829309815 6.6497602935144586
2846 3.9427575548517813 -8.7904169195611779 6.6755142494018749
2847 4.5917815336897982 -8.5088626217598957 6.7352064640011244
2848 5.3008265915629389 -8.1819049171561176 6.7167358788855092
2849 5.8982174696238916 -7.9220565506667553 6.6956001314304139
2850 6.3597047425412798 -7.8436800747829203 6.3970172552590565
2851 7.2588876343991151 -7.6442736668785303 6.7175899906111667
2852 7.1565340497390002 -7.6572717987059287 6.7640413834742938
2853 6.9693175346177041 -7.5777823783146827 7.1190029308398053
2854 6.452728879750941 -8.4472318762411458 6.3188858943534196
2855 6.5503779672261651 -8.5791136924602007 5.9313954009726642
2856 7.3265434168039629 -8.7704892703593238 6.2177875701689125
2857 7.6729373934144194 -8.3707903462766442 7.2748431157653188
2858 6.6504340917710376 -9.1932687459765106 8.1706588864091394
2859 6.9145804936079731 -10.031547622969413 8.0462440502350923
2860 6.8968527864250468 -11.330350115731619 8.6354821778266242
2861 6.5161091631362815 -10.576946890123557 7.9333538921207234
2862 6.4012217476248798 -12.566063563455293 8.5799663200702909
2863 6.1759234343481699 -11.891838549159027 7.7932074952157899
2864 6.0369131565511571 -11.667651184359 8.1716778613185372
2865 5.677917751152445 -10.499807063119185 7.8445814918244734
2866 5.6661329666712659 -10.212009468074427 7.9167566855741995
2867 5.6167871006163947 -9.7965807278054715 8.0266557058250161
2868 4.5630907469153694 -8.8565497929448505 8.0062820112570208
2869 3.0661512973652263 -8.7282744978309701 7.9712049327099539
2870 1.5100208577794578 -8.9459743341379614 7.9980333435918798
2871 0.36480498707491149 -9.1157451524118756 8.0682644775841439
2872 -0.67917344913593169 -9.1309429974783001 8.1690518826319565
2873 -1.3737272936805878 -8.9748476843451659 8.2567429727876629
2874 -1.9301253547747153 -8.6845202443299438 8.3392777693831448
2875 -2.2502633960120919 -8.3584219560718349 8.4018099108265361
2876 -2.2935338054371988 -8.3493827593427383 8.5776981006140254
2877 -2.4796682202143803 -8.1688066238482939 8.6469887937768828
2878 -2.7001018981976235 -7.9518379097608385 8.5680208224227119
2879 -2.7204459434917876 -7.9736320196300836 8.5724106008970384
2880 -2.6353797521621392 -8.1639881785534314 8.6973128723121178
2881 -2.6529114791404922 -8.1251892690535232 8.4367183870875095
2882 -2.3227773454426068 -8.7013101311647087 8.2568475145790234
2883 -1.8903753281152074 -9.6137418468123172 7.7195199873885745
2884 -1.9080938535779977 -11.096788652504022 6.9235525292659013
2885 -0.70164972412913051 -12.282650075892832 1.4661390267845378
2886 -0.45845224909764765 -12.152520059365703 0.78801196399335649
2887 0.48973815204255905 -11.341109080407744 0.44964133625294744
2888 1.2120493827200476 -9.0564447847192238 5.1295804355694274
2889 0.7531336221136149 -8.6611035440914765 4.3249935021018997
2890 1.1394206020404629 -6.262841295873546 2.8418339064166735
2891 1.2800835282086909 -5.9754068855560396 1.9554664457372335
2892 0.20795935590117556 -3.5100813261277866 2.1612394756563287
2893 -0.4972259271027557 -2.1467111401605385 1.7508959491787917
2894 -0.55030179260740519 -0.40577498256287958 1.1467459551005348
2895 -0.0911503147552577 0.80485326885790498 1.3901495881070967
2896 0.51890290171433895 1.9191940590185896 0.42453342250333259
2897 1.2897123570600928 2.2331496098276573 0.33898316407260481
2898 1.9587430286634864 2.3334567039195684 -0.03930266319078618
2899 2.6645706573581482 2.2421747031570294 -0.21850785365974629
2900 3.2120832597971387 2.0897271134159943 -0.33014711489415483
2901 3.4705554043035947 2.2952039866525311 0.36510166441802056
2902 4.1207805830475905 2.449058758886181 0.07855339750215877
2903 4.648605772432493 2.3396371787629064 -0.35076425371959624
2904 5.161828940753046 2.0642894431747894 -0.61751654394473188
2905 5.7163426028716957 1.5982763375804314 -0.79495330276307896
2906 6.1810011556976656 1.1030002666271257 -0.85257210086835011
2907 6.6875062908741132 0.54079317098201263 -0.82194598738735614
2908 7.3401323676658672 -0.22610843755450083 -0.97772058659393635
2909 7.9338297161260378 -1.0574433624523265 -0.87372877126413451
2910 8.4821259515206826 -1.9157260048867861 -1.326317315529278
2911 8.7947532153769323 -3.4782785121625124 -1.3682289377994041
2912 9.0390351266475264 -4.5761605025357488 -1.1421406298999928
2913 9.2427396172894536 -5.092087062224417 -1.2209634343576221
2914 9.5568119702423058 -5.7949948142879109 -0.95388114366626653
2915 9.8175674584506645 -6.1429582326059862 -0.8981219930626908
2916 10.106496877914015 -6.5866433980420789 -1.0481331459067962
2917 10.54906540739365 -7.2343387349147523 -0.71097016067873164
2918 10.593564031437333 -7.4166194925962978 -1.064499677336681
2919 11.214197897425795 -8.298401710574046 -0.61794300884203557
2920 10.579176666506655 -7.9164255239271917 -0.40808413954288597
2921 10.374293240180567 -7.560099372193223 0.20874873452193504
2922 9.5061336242898644 -7.6366094842217747 -0.18410489642558794
2923 9.7571190071526726 -7.549194064103002 0.0025706605520899595
2924 9.0502512805071831 -7.4348499011412263 -0.034901375218816977
2925 9.0978318920133443 -7.1470643779662959 0.11689154318384393
2926 10.007756454560456 -7.2727454969901455 -0.030027226073997826
2927 10.999471820384134 -7.4905962173606984 -0.14685431065601498
2928 11.863441225912283 -7.6993032695079799 -0.20175007938406353
2929 12.582094347568063 -7.9165579239220936 -0.4052161701507212
2930 13.294426131242464 -8.2733964010656535 -0.54819938424762649
2931 13.902140285738454 -8.6710388997007186 -0.63416079525195634
2932 14.566921593288281 -9.1760355407462892 -0.68863237521830745
2933 15.150767249937337 -9.6523092977257363 -0.70052355093674423
2934 15.807979941667243 -10.183107745896661 -0.67698415204675177
2935 16.414784718692115 -10.636356400947916 -0.62335272851081525
2936 17.126245316185802 -11.089986551912538 -0.52453232393342819
2937 17.792399366166915 -11.415518976045625 -0.39328165863283909
2938 18.566078963268488 -11.649121492500463 -0.19175851463401625
2939 19.246743674993517 -11.706149154816124 0.031613932790154758
2940 19.979614867469639 -11.574268468821984 0.33620126285059809
2941 20.584061881955886 -11.235199389322126 0.68872230903070863
2942 20.949579806138551 -10.798330392422461 1.0399808072324028
2943 21.112617568197454 -10.231804239748978 1.4766877759880783
2944 21.033683105123433 -9.762906163717842 1.8905627758525543
2945 20.727137355834053 -9.3291230862859198 2.3547450809005701
2946 20.317673693457742 -9.0765687311581082 2.7414173418626571
2947 19.777763653210208 -8.9810155066497259 3.1352677939723046
2948 19.303809367624361 -9.0542267889789461 3.4322554579168645
2949 18.827110357821606 -9.2715382927199581 3.7050801661062782
2950 18.477518930229134 -9.5391805179803129 3.8982290803688135
2951 18.179981538879222 -9.8629577021032535 4.0611134879500472
2952 17.987198802038762 -10.182123705979357 4.306058658449631
2953 17.888210450200511 -10.464213693909834 4.4666249186053353
2954 17.83802377350796 -10.733679860655487 4.5980425432786358
2955 17.826053644300043 -10.918775987811037 4.681120402372188
2956 17.82802480839575 -11.057667373020694 4.7415560980577141
2957 17.832689524373059 -11.120932679147074 4.7702221833023852
2958 17.834671125120082 -11.134690353663416 4.7787807087906975
2959 17.835608583127136 -11.137952360661508 4.7828874013432534
2960 17.836473862763327 -11.140483821713589 4.7866909464514729
2961 17.837658351883736 -11.146503994508111 4.7920790123108912
2962 17.842485412358908 -11.185329901937191 4.8112244419450008
2963 17.852054955595349 -11.251802697776373 4.8427207011577638
2964 17.867055424652719 -11.336916831080709 4.8830439876287466
2965 17.901808369707766 -11.490733354446869 4.9551007992207783
2966 17.967197312991765 -11.699687744908763 5.0553796493502006
2967 18.101434645672512 -12.000044820042932 5.2069466203823085
2968 18.303915311898997 -12.311236579998841 5.3770701498897617
2969 18.655732570061421 -12.677052825325632 5.6087794852204595
2970 19.085981935002508 -12.955385559626388 5.8507076501243249
2971 19.690307790800308 -13.148980263663887 6.1678760918930644
2972 20.2809036322673 -13.14109389918203 6.506257197270136
2973 20.896495345065496 -12.877813471883336 6.9636878144823982
2974 21.254768376875674 -12.398385218332223 7.5036644915063846
2975 21.261048807017414 -11.970090857724369 8.0642523142625606
2976 20.983472953171297 -11.674956639466142 8.7789245757223409
2977 20.659421936252354 -11.6414817779839 9.4259569337885551
2978 20.261728171037429 -11.84706629119121 10.117099526065838
2979 19.954478060266457 -12.298976353216819 10.667404118165999
2980 19.871253292099468 -13.066835357588907 11.20038988444816
2981 20.135316039670375 -13.821893660080702 11.604761025232209
2982 20.761413480274882 -14.536704332775427 12.010134113454466
2983 21.544104300949243 -14.947010676496543 12.349115544589591
2984 21.888641119486355 -14.942623339940635 12.507159661866625
2985 21.726939608527754 -14.816140150337736 12.656167798356195
2986 21.162751535905642 -14.617997816125561 13.195169815826063
2987 20.910102592590341 -14.535159624343057 13.530408058933462
2988 20.992650817645796 -14.333225112487311 13.505434158765601
2989 21.169567701696636 -14.209000007619689 13.096657197843474
2990 20.648576858853747 -14.38008892345117 13.126261638757354
2991 19.853547574360146 -14.707923740483796 13.120378214742784
2992 18.90455872268004 -15.117950695208343 13.102375536185441
2993 17.523962697061776 -15.725351193292308 13.049290461288743
2994 15.733721591160375 -16.270767744762189 13.521878049415104
2995 15.348703976462442 -16.796335358966477 13.098791224616873
2996 13.444936207833429 -17.85935807291165 12.745405729032166
2997 12.604703947015084 -20.069849421490961 5.386131058419676
2998 10.833268719993683 -17.346779204972332 5.3945340618030402
2999 9.364978356334797 -15.031320951173107 5.67822955309944
3000 8.8281867615224385 -14.33039225815722 6.2266726679715276
3001 8.7187792682087775 -14.215186859982637 6.4081774417367994
3002 8.826599935058498 -14.180868259675961 6.3560572870139795
3003 8.8854999649184307 -14.123580211609253 6.5274687447088855
3004 9.0861858467782373 -14.024158743268039 6.7619733808894091
3005 9.3485877075554207 -13.875109950317656 6.8471034950138536
3006 9.6034083282024838 -13.703808803727096 6.9516159105450956
3007 9.7940102017514956 -13.550102848572937 7.0125850189840087
3008 9.8837338100030454 -13.465083135660587 7.0360446562513621
3009 9.9034750022595137 -13.438280139266409 7.0358744268136428
3010 9.9046086586598943 -13.427680851374985 7.0355035708779301
3011 9.9052588676164444 -13.417891070150404 7.0324907694180059
3012 9.9046250767049724 -13.409733160196227 7.0273946755264882
3013 9.90412154937796 -13.401563077410652 7.022153338538037
3014 9.9272199602352238 -13.373645130769892 7.0061971041031255
3015 10.013276070900284 -13.29638911422734 6.9609100964819461
3016 10.045714371537555 -13.264363971240497 7.0075857300558795
3017 10.096980655707174 -13.209778911686799 7.0752788335882917
3018 10.176524995105577 -13.125768411102314 7.0750605411068888
3019 10.263463409433806 -13.03479502829893 7.0679871703176014
3020 10.379157337662457 -12.917636867887223 7.0488375627574431
3021 10.331373144372643 -12.925310260195605 7.1690792488382478
3022 10.288442135068371 -12.921853630856001 7.3054216779445724
3023 10.269022313820589 -12.896831424880235 7.4078888367137976
3024 10.260526380008899 -12.839021378129402 7.4946231839859854
3025 10.275511910429643 -12.81063440720032 7.3070208941315169
3026 10.094169426204704 -13.02195691440836 7.3878140487362218
3027 9.9651368776276943 -13.211559611776993 7.4026453180087657
3028 9.5977104136248688 -13.673060519867843 7.9692012757921233
3029 9.4909401836610758 -13.885402174990055 8.4256527635655214
3030 9.312104947018252 -13.720312343547892 8.675547114946573
3031 8.8831465837003467 -13.334961053937567 8.7447745272497368
3032 8.4191991946811999 -12.911986404521693 8.5873076169089053
3033 8.1001920651501997 -12.411593420825131 8.1341758965979594
3034 8.1679876292553892 -12.619919487278306 8.182812499048163
3035 8.2558574459193199 -13.059500719162179 8.6477475105109853
3036 8.1106017194150777 -12.959282952624038 8.7438999669852411
3037 7.8190819960834421 -12.616926264163054 8.4098981224278599
3038 7.9177023367687926 -12.56240298561835 8.3190571769684407
3039 7.8506558884213424 -12.003133039149311 7.7389610888852021
3040 8.1395439656999287 -11.754635611502566 7.0408511127489053
3041 8.4230017168445421 -11.781913804022409 6.3793013786294637
3042 8.8154234744145938 -11.993703324645708 5.6838238119836442
3043 9.2311273897873001 -12.463816103728218 5.1671805457598321
3044 9.6719457134223621 -13.299791410128771 5.2663790326233348
3045 10.140104694810404 -13.926573335438178 5.4436871301260545
3046 10.773752694177874 -14.457735882014793 5.7569729868504202
3047 11.457073243988622 -14.809160025705438 5.9012554382555162
3048 12.314257496857417 -15.120474381739038 6.0046534096569557
3049 13.140468649820439 -15.398453288904582 5.8896921443417742
3050 14.056306639675011 -15.704940779778843 5.988811788966367
3051 14.949614820272515 -15.818863612796575 6.343046086807794
3052 15.714830231719416 -15.782684284254554 6.3323987051088171
3053 16.656048949521324 -15.925557823437742 5.8778339255284431
3054 18.187140501343968 -16.410385414309918 6.2190761695533174
3055 19.521740117291333 -16.526970941109855 6.269418030152119
3056 20.607545843884733 -15.549126965895772 9.3397827024134177
3057 20.510292524814368 -16.944460913957045 12.697310514346213
3058 20.194424003960492 -16.841489746764413 12.794276509711791
3059 20.577105712534333 -16.891858286703826 12.330996585192823
3060 21.308954852086501 -17.072296296169231 12.334152929513801
3061 22.080644104809231 -17.114780177827484 12.753133087448679
3062 22.298694316146044 -16.830990309080484 13.517462222280379
3063 22.137601835072815 -16.887277820660444 13.637747071658509
3064 22.093835647412963 -16.853662552270141 13.631197258732501
3065 22.032101285157797 -16.788352204896835 13.789306943036006
3066 22.031989564452982 -16.570066757766533 13.927851509590592
3067 21.962396550633347 -16.309154507858295 14.312212094147782
3068 21.812479248376818 -15.556390786647269 14.412154667249396
3069 21.67413751069105 -14.758079542671844 14.176187607309028
3070 21.543981205740824 -14.313642739906722 14.491628688316856
3071 21.300212035076907 -13.551296225360186 14.411571359413227
3072 21.070721435479555 -12.976719827890076 14.598833632599012
3073 20.727517577949396 -12.357350912153914 14.692745048974166
3074 20.378222185647441 -11.900906755189293 14.86276617278142
3075 19.919846271409675 -11.521633798769271 15.101173368452317
3076 19.430415398693878 -11.303858492117307 15.396693087463573
3077 18.419519582208263 -10.896572087863628 15.225272128730612
3078 17.462685372764003 -9.7982199147511206 13.653087621944369
3079 17.748303666886876 -10.641871778000485 11.540525341694886
3080 17.544952103156721 -11.346811484221169 9.7456676302372021
3081 16.071511627670542 -11.875367498647227 10.131353058227432
3082 15.447712253283537 -12.491914242355609 10.455607147766761
3083 15.054609589398972 -13.335665170938368 10.886231462376642
3084 15.121922892415 -13.859735177450391 11.305705340997473
3085 15.45039125859916 -14.344351493901319 11.794830254756386
3086 15.961837816730013 -14.646838325554615 12.220166824847768
3087 16.566301548361778 -15.342390538976188 10.727886370387255
3088 17.055170311766446 -16.174371340891042 13.026234037008299
3089 17.551391509512907 -16.231348492580423 11.93897330507192
3090 18.171114321041632 -16.426376218978493 12.63268145647128
3091 18.484273184011656 -16.192779608928838 13.331897766090169
3092 18.496778236740287 -15.81203443950201 14.060153512851151
3093 19.723751012423822 -15.392504412985449 9.3612416483850094
3094 17.937353386931321 -14.848696351634239 9.6582571720731156
3095 16.188900331753398 -14.474282987798077 9.9539632432638694
3096 14.716897706370851 -14.516184857247509 10.238202325421742
3097 13.500893956936162 -15.158088387423989 10.671384682643279
3098 13.465487764580184 -15.482897885996262 10.936357770566365
3099 13.681520241685542 -15.603174701804488 11.520214586786834
3100 13.751763766039671 -15.136751784658328 12.071263629799184
3101 13.458971186722666 -14.601038293311431 12.43086588492827
3102 13.120278466442709 -14.242504858131666 12.744413916180843
3103 12.740538005158676 -14.002248765397916 13.013672750553454
3104 12.414761681217064 -13.791474864435935 13.25417695802415
3105 12.108937951735399 -13.594843737995735 13.447820794830639
3106 11.999599483770405 -13.461604571875654 13.482194699261026
3107 11.699342615005071 -13.281102647018807 13.795805870671687
3108 11.645001159137461 -13.045501088149793 13.945749547889809
3109 11.451209163162595 -12.902388479992922 14.241166783064719
3110 11.344941195498604 -12.570015260023009 14.410079576842794
3111 11.336982982883288 -12.541907422123606 13.336023973423849
3112 11.571398125744619 -12.593155232407547 11.951284327259117
3113 11.781322091383242 -12.99052743986501 10.793156480038904
3114 11.429560190711959 -13.453864690747212 9.5796687478299845
3115 11.292826109882535 -13.611138948727286 10.333567226900398
3116 11.265858384855871 -13.88048535281705 11.14236393706598
3117 11.383665390492578 -14.145232505598081 11.768482725305144
3118 11.747356438185063 -14.483966188989953 12.388644380566724
3119 12.401106579349348 -14.637766376997147 13.077818293132257
3120 12.977810324130688 -14.381765666776863 13.682396341753517
3121 13.339390180663496 -13.81614414073168 14.152421475266628
3122 13.346074668004658 -13.33800549693526 14.711249993217219
3123 13.48421363931757 -13.444119578888293 13.145330631859368
3124 14.382916383355349 -13.372916548179262 11.824194379752377
3125 14.612824795184288 -14.223555755215866 10.283450458577716
3126 14.997148675188672 -14.325195956751568 10.802794188841649
3127 15.305558165425982 -14.418713476968703 11.324819503990476
3128 15.546760162396918 -14.571531131133669 11.858269839176305
3129 15.913251941205832 -14.848185446200389 12.373317931331771
3130 16.435761228219874 -15.011016406774184 12.903702999466741
3131 17.036129385541212 -15.049983011982441 13.314002477264967
3132 17.620715293611241 -14.798910792021475 13.71935111303717
3133 18.148868118471682 -14.51839658539175 13.586845916716921
3134 18.810458261988725 -14.310462338560892 13.409966476870608
3135 19.419335207223014 -14.233590147649481 13.226151920571718
3136 20.092638745530827 -14.238971398289735 12.984956659612937
3137 20.645010291409275 -14.312098742715129 12.730392416030387
3138 21.185631380969802 -14.462200183023832 12.39350642116214
3139 21.61088476831495 -14.673037419167748 12.010528959351246
3140 21.878719797615833 -14.903658172398025 11.625490566539854
3141 22.029065298506943 -15.186188840364442 11.152853681438456
3142 22.032303057166878 -15.411908024235029 10.702989665957249
3143 21.904287267231489 -15.597034924441521 10.156462972885732
3144 21.718098460196586 -15.667314840472914 9.6499763169914132
3145 21.480931815206937 -15.60948238772983 9.0679289379519243
3146 21.248213834034473 -15.425711131026535 8.5715520461589687
3147 20.853432471671923 -15.259407330730063 9.435859860756949
3148 20.533563056670996 -15.417040681814203 10.215390457981444
3149 20.206989681216452 -15.509553405045871 9.4315767448392158
3150 19.829326531424602 -15.383318229109923 8.7737200789138985
3151 19.489352795669792 -14.926226430249992 8.0827477451001783
3152 19.502632410905576 -14.264917046705788 7.4076829865812508
3153 19.536664873454107 -13.853291013888359 8.1418780091227294
3154 19.201646870274498 -13.296470691218898 8.8935567462447711
3155 18.532978688926441 -13.038718511181756 9.5339655492595394
3156 17.757920925279979 -13.279930882427484 10.258906237410905
3157 17.351128706989076 -13.848717445650029 10.71092984276971
3158 17.361818212151011 -14.396626564288969 11.374056551333346
3159 17.446008325647291 -14.375264245613169 11.645334351185102
3160 17.175710031090873 -14.219863157806181 11.022970840957095
3161 17.248666317038612 -14.499316454917775 11.277126850155415
3162 17.406465216617391 -14.939203301286318 11.381754826075348
3163 17.633929963820179 -15.271673742012069 11.677632065923088
3164 17.852914534920007 -15.349184826963933 12.095276240113433
3165 17.975559859271915 -15.166494799513801 12.699244956165073
3166 17.849391492087548 -14.961970835369904 13.289023898757868
3167 17.463879339390633 -15.083844824422068 13.490750853313747
3168 17.044030569631126 -15.383943612711626 13.643690368349189
3169 16.501559033517751 -15.871488551673814 14.000068099270965
3170 16.411427098945655 -15.974666696522448 13.863667726430574
3171 16.148890065999932 -16.480821015685525 13.843255253664106
3172 15.794134409812033 -17.163448488388916 13.883367102660703
3173 15.342243767946201 -18.235098442945752 13.114753649314512
3174 13.684424440641276 -18.422247037418895 13.820424246850637
3175 13.505023094026587 -18.483995935336857 14.011291443903215
3176 13.550899745759745 -17.965767217026094 14.024781334344594
3177 13.414739347837248 -17.741930864024482 14.554464669916102
3178 12.9921636542648 -16.263582337545905 14.275794793909695
3179 12.883122434956386 -15.647233582759318 14.315950288221812
3180 12.626600211916994 -15.258111680416025 14.868940867820557
3181 11.901305906018953 -13.927497661320853 14.538097788608582
3182 11.648743394592596 -13.355925751181422 14.550877519228074
3183 11.48401171779604 -13.153880464320434 14.565701233325946
3184 11.340489678102868 -13.123128796468881 14.562979577227445
3185 11.108509552692702 -13.475486260273374 15.202766756337486
3186 10.766940153508454 -13.726031331596268 15.299839703847276
3187 10.460740872009815 -13.940940802788846 14.933124089461298
3188 10.402803520198487 -14.127206919807902 14.208399459931254
3189 10.535394960745432 -14.372745234127477 13.993743255727725
3190 10.683056542686831 -14.074314310516415 13.665309827812246
3191 10.939166153871707 -13.800747312918293 13.313113678531153
3192 11.229059377695179 -13.625620498347741 13.019400205191557
3193 11.638332586406229 -13.497740288463204 12.72624861214012
3194 12.059507112896434 -13.471361048131422 12.493932320963932
3195 12.584364341006706 -13.560842028374479 12.260401817182888
3196 13.121293707255456 -13.796029330557657 12.043561635899083
3197 13.586814208605055 -14.145285836078008 11.857527564321417
3198 14.037486056713266 -14.672114789515996 11.64709487177668
3199 14.325192124051746 -15.219833328197209 11.443294996468751
3200 14.501620043499402 -15.895780004883447 11.185630744664698
3201 14.504365423199191 -16.504726762804353 10.914948501234123
3202 14.324742846671251 -17.123526876273694 10.559409628940921
3203 14.026109325752971 -17.542772910572868 10.198916948611124
3204 13.584775187482897 -17.807942879186818 9.7216731961284815
3205 13.181664595451675 -17.816841022832868 9.2193082720783917
3206 12.848092476024144 -17.588847134518517 8.6311032467505893
3207 12.742405369009115 -17.22331097860863 8.0264003780288906
3208 12.840727740308823 -16.845905180922109 7.4999843007350613
3209 13.137040383116663 -16.284029295240241 7.2159689136595961
3210 13.524809924275687 -15.835366459565909 7.0043289871501413
3211 14.0650183679082 -15.414694993199543 6.8013283589541995
3212 14.630489848693205 -15.116178155131101 6.6502898683719618
3213 15.004710452464797 -15.012982711817756 6.6262559773632779
3214 15.647038648936054 -14.767231581029341 6.5413554264722986
3215 16.285169522300937 -14.626590118625225 6.4052120609949457
3216 16.759810898764371 -14.599004051813811 6.3493063383099626
3217 18.071414914236058 -14.068443000851312 6.442353650170304
3218 19.412745245797673 -13.490683965023756 6.3011923295993038
3219 20.115652414318653 -13.480914478013693 6.1705399170136284
3220 20.260964410474418 -13.578761939514152 6.1090001648610146
3221 20.132083115450385 -13.73298414111334 5.8097055242761657
3222 19.355100643978989 -13.641766460396687 5.6405078654087415
3223 18.641093080314509 -13.532573962398143 5.4028865259391434
3224 17.978666560917517 -13.438729385830847 5.1541667882564886
3225 17.624767350901653 -13.548607941083539 4.9379994767681774
3226 17.125291883505803 -13.673152264136494 4.6413224735615675
3227 16.979105154872894 -14.412752306046769 4.2455174947170855
3228 16.499675823514327 -15.028689512121005 3.8182129218256389
3229 15.825682994094826 -15.423035148087209 3.444245769859779
3230 15.116316819584895 -15.589371487187522 3.161907247541222
3231 14.242465996069082 -15.577946663348897 2.8990616202425481
3232 13.436885319639142 -15.412420679983903 2.7257792530122744
3233 12.50934932638693 -15.107623246669441 2.612867769855725
3234 11.67732346004607 -14.787111125656541 2.5932665755335362
3235 10.751565679239752 -14.450389952937538 2.6655205001295266
3236 9.9393682293609622 -14.229613470344008 2.8123563350587637
3237 9.0578918329979725 -14.133223396175483 3.0789511187129364
3238 8.3670248783783983 -14.225259999284793 3.412263693932136
3239 7.7784435266237431 -14.553419490594306 3.905092668933086
3240 7.3982632440636884 -14.767482357040663 3.7421570792429342
3241 7.0121758542360464 -14.912950316751669 3.6249104222854793
3242 6.1342647940500941 -15.362097406582409 3.2198866614051993
3243 4.7373213152273497 -16.435356077792129 2.459742433621948
3244 3.2044822369320056 -17.687727680815719 2.011364199445556
3245 1.465219135854227 -18.1607367067075 1.7727199695244429
3246 -0.062711522134650366 -17.335437476392041 1.515087028843306
3247 -0.021698683340477976 -16.555633285146452 1.3361034863881351
3248 0.068807330399949684 -15.596016351019131 1.1533228270776705
3249 0.20761405475011896 -14.691421728462274 1.0165971514689196
3250 0.48963318300983416 -13.707852929931599 0.8908743157380894
3251 0.94491044567714111 -12.88703958705228 0.77749214935620514
3252 1.7262730474400581 -12.027360738771197 0.54237304193770131
3253 2.7131016400290382 -11.136551508042004 0.40669635508634405
3254 3.6887324358547273 -10.423805534463394 0.38118711431786845
3255 3.692246017948781 -10.422414900258504 0.38124196530726739
3256 3.835588094196491 -10.50292236678809 0.3326096114100347
3257 3.9246477324118079 -10.55823540606624 0.55218334459962692
3258 4.0569701832990148 -10.583743474181324 0.6711529029887181
3259 3.9898481144079989 -10.590143708520261 1.3234470753794654
3260 3.7021617751786238 -11.220610568734363 2.3318407777591168
3261 4.3951611477829378 -11.696378229070623 1.640527850384871
3262 4.7009213992558259 -12.330787536670416 0.98951363051576924
3263 4.8637585905707246 -12.410451450715188 0.63878625837420577
3264 5.2168802497753575 -12.166165624051729 0.67625530844336423
3265 5.4909542875947333 -11.794923796062994 1.1559549711050168
3266 5.2656651964434715 -11.806113285898379 1.9769228174390243
3267 5.2043564583483413 -11.610358775345999 1.7416268372374306
3268 5.1226605009662896 -11.281481866920485 1.7897852186713628
3269 5.0117724197112752 -9.9301718002814496 1.3090421890084698
3270 5.3635973962295207 -8.9644270541309545 1.0825047980934741
3271 5.8104134405033383 -8.2745815450177105 0.89848523055402352
3272 6.2361294393718332 -7.8702450969088567 0.63110307623149053
3273 6.962362947936322 -7.3762537603013421 0.58489947995640357
3274 7.6283038578917939 -7.0029141688884655 0.44367660418133775
3275 8.2790724902688027 -6.7326516731092507 0.36198148320702861
3276 9.0383514069962239 -6.4764812355887278 0.31609925848526393
3277 8.8306214796815237 -5.6248226781910704 3.138576513510086
3278 8.1006780830334506 -6.6901868431835032 6.2394219221028697
3279 8.1241922224450249 -6.8322542497227579 5.7704211932529121
3280 8.4797638560787014 -7.1290512702139859 5.5820419775649288
3281 8.9580184443755311 -7.4723284020312573 5.7531586486484194
3282 8.7444622056261174 -7.3994911451991552 5.6436460388118261
3283 7.9935123809947921 -7.1806322607152859 4.8076148559764036
3284 7.8106063934379177 -7.4010449289681004 4.2709590968505733
3285 7.3379620186449035 -8.4017643623642453 4.2936566028248775
3286 7.0988819278911812 -9.3068418730543971 4.7822275001962069
3287 7.0672355609456936 -9.40057949049854 4.8545357420214117
3288 7.0317399395282409 -9.8205744341930981 4.6813921508939718
3289 6.8538961974200534 -10.462651233600498 4.2747166723603742
3290 6.4182226669956091 -11.576011736847182 4.3485636167608837
3291 6.1133113744864493 -12.45105002344749 4.2844130007849834
3292 5.6840684938522852 -13.028923649788076 3.7789143041134969
3293 4.5419844168307595 -14.126327981186051 3.6927919762428001
3294 3.5231430589562835 -15.170685105060803 4.0217659370852017
3295 2.8537942080769381 -15.819544228498387 3.5627126910991889
3296 1.6663841584105803 -16.992304291886409 3.8607830851567546
3297 1.105325670032856 -17.545771027616563 3.8333194781867022
3298 0.51892213282536304 -17.888974776505385 3.77989547700738
3299 0.057289665690578584 -17.936600483723538 3.783364307838557
3300 -0.46165787061834385 -17.54437337649113 3.4963110296279654
3301 -1.0640209101728546 -17.870994040965453 3.7573270075711886
3302 -1.86055942382505 -17.090601441062571 3.0485301899290143
3303 -1.8494780773258568 -16.545490936570751 2.5223248793213044
3304 -2.2315373896890187 -16.086631852328843 2.3303302895829976
3305 -2.7241270782037428 -15.678419223230215 2.5635858547990358
3306 -3.0415764707318536 -15.538770809990465 3.2674977392326428
3307 -2.6258821053472845 -16.348503037938297 7.0829290814025478
3308 -2.1128521174549908 -15.926998936086411 6.8501193802960234
3309 -1.3122065817594966 -15.394248838019507 6.9289686613364028
3310 -0.23983089764648557 -14.462203852856618 7.4421661596544544
3311 -0.57495576968855366 -14.830562476620923 7.8501100589312367
3312 -0.73505545406584893 -15.66448788005942 8.2402445209643354
3313 -0.32039351206624611 -17.433552138000714 8.796399469628879
3314 0.78862019013569484 -18.568111180658711 9.2668806285889787
3315 1.8125806676302456 -18.964174513684529 9.6638598591319482
3316 2.6549753770604312 -18.946422521227269 9.9773460952033108
3317 2.8289219018086058 -19.058609053707482 10.37869690476616
3318 3.367205709928982 -19.078048182591122 11.451697888231573
3319 3.7979858401029283 -19.051183622742023 12.300614640759626
3320 4.7993065225306317 -19.135596793690443 12.897135050363847
3321 6.1276421798583414 -18.880295237759789 13.092762332367432
3322 7.7003586997019617 -18.463475538140081 12.959669790683805
3323 9.0416991671685416 -18.333346520026332 12.554452911959459
3324 10.210545125559838 -18.757880755294821 11.764362588720466
3325 10.065722024090466 -18.557144294148699 11.770522213321019
3326 9.8374852751677793 -18.337113039047527 11.711260809854345
3327 10.070198204149873 -18.886697383570482 11.161271900572119
3328 9.9967969193610262 -19.735357419993999 10.600299360198044
3329 9.3501749944882651 -21.050398283258037 10.428376541499867
3330 8.6019721931726796 -22.25612106545173 10.546287765796414
3331 7.8910762292155701 -23.103624195975367 9.8017083201883484
3332 6.493006210831342 -23.566421755322086 9.381213112328485
3333 4.6700342480061972 -23.481946174499587 9.0307710729348134
3334 3.1435237461356116 -22.881637737920876 8.7313178519279209
3335 1.8202881280911474 -21.702101869920689 8.2820494764358301
3336 1.2482333390742326 -20.618304642421315 8.4712771559379192
3337 0.33528026284099194 -19.290297992584996 8.3493073642028044
3338 -0.42770586183863496 -17.991999274295168 8.4753640384076832
3339 -1.4735470632534251 -16.416636378863608 8.2262059083205692
3340 -1.8006997096096582 -14.22628581736118 6.9384599045481261
3341 -1.3227134739858191 -13.85273194682267 6.9525055909443028
3342 -0.24038682439986647 -12.994781466759513 6.8428299011886153
3343 0.52468098671819663 -12.414504648637287 6.9915808904102263
3344 1.9682332845715027 -10.72061778707452 7.4858025395327861
3345 3.502477707132972 -10.962067687990043 3.7192758607325818
3346 1.7805008471252832 -13.810916381872367 6.6522129337982525
3347 2.4134431559083693 -12.628089909237897 7.5650694346715257
3348 2.4487193251963029 -10.103288083782992 7.7822062857767627
3349 3.0902471558981617 -8.6046110285712274 5.90641187490536
3350 7.4778322199678646 -9.561755616871535 4.0719772599142248
3351 8.5313403614211918 -8.2242785425978511 4.5649698848512159
3352 8.6650736424518655 -7.2567905945575735 4.2757340680304186
3353 10.112397524267159 -7.0682017276618119 6.7917720731252418
3354 11.103868242835722 -6.5249345080780037 6.7731828082648624
3355 11.184068786638745 -6.4789689783701139 6.732182703536
3356 10.800700663154219 -6.7309597670850083 6.5350983859585199
3357 10.443127961794726 -6.7183454112190626 6.645411203933107
3358 10.476498448090299 -6.7355001609579137 6.5350543687766649
3359 12.271201630458913 -8.3266339711103985 2.6770225939214964
3360 11.407491097648814 -7.7214992936044871 2.3497290681101499
3361 10.545342153779195 -6.738557069816733 2.2006626910108174
3362 9.745704226898086 -5.6614650081043338 2.2314250386901135
3363 8.9737554629557881 -4.766573993998616 2.3907712944928559
3364 8.2519742451286682 -4.0036388041125104 2.264645194925722
3365 7.6202404624110471 -3.2650870964658827 2.316189464956329
3366 7.0078767187410156 -2.5230310730207872 2.2076715049650577
3367 6.4396786019414325 -1.8173040892201815 2.3108623943194768
3368 5.7521442892071528 -1.0670918961375413 2.3270221974978558
3369 4.6846375831061327 -0.27501615110659378 2.9413408424738274
3370 3.6130507970034498 -0.52109744675105552 3.9329178421755757
3371 3.7628108109157159 -1.0510157942801877 5.0725340859159855
3372 3.4004320932721233 -0.2334430622820769 4.8905238771683166
3373 3.3108886273462583 0.49647470892219026 4.8712748459480446
3374 2.716156262128766 1.1986342681891597 3.8238505102001934
3375 1.3511872282209998 0.25217947375613903 3.6802969870886013
3376 -0.052158074572177152 -0.85764750743874774 4.4041126157289305
3377 0.046384338912794011 -0.63066790960517838 4.4685945067164452
3378 -0.37406295779909582 0.14986615531270181 3.1058146459158769
3379 -5.9186896876181407 0.88520942564934701 3.0302583202280045
3380 -9.3155500491838019 1.6762312335951548 2.0289712544408003
3381 -10.064679560269793 3.0521441560508631 2.1749577572637393
3382 -9.8865874191398753 3.4888353690052689 1.2221780872354577
3383 -8.7340589589569522 6.6000657788026738 1.3444375193629712
3384 -8.3594611544004156 7.031848718976601 0.79353794802323985
3385 -7.3447660585376404 8.218747755202072 1.0900400102447894
3386 -7.2928474890976291 8.2497730441980348 1.0723941167248561
3387 -7.4494663355333541 7.8797696943310997 1.0507338517014739
3388 -7.7397275206751814 7.1881470568346622 0.92099300134417028
3389 -8.0858554838602394 6.4720405506017951 0.58207207167212216
3390 -8.2578910068103166 6.5204890409353613 0.96883505839854511
3391 -8.6713222106882899 5.8024742085818755 0.8746148949739565
3392 -9.1158404771000665 5.0831797574140385 0.64769265287903266
3393 -9.4735251843607795 4.8933078571687583 0.91519437120668135
3394 -9.9026090150211115 4.2250506755469228 0.82862009208105458
3395 -10.341332201064716 3.7234387169343983 0.89870458612275328
3396 -10.674405010588917 3.1854998437396547 0.80349413348787913
3397 -11.118953320005687 2.7698343200546893 0.98247675816477342
3398 -11.349492605927713 2.2585599528974227 0.9044667361779456
3399 -11.332488336870497 2.1388402889252287 0.89990418268382122
3400 -10.6229041990558 3.0673885733461859 0.71454759074353935
3401 -9.4344869501385809 4.2820661620454317 0.94227342135555126
3402 -8.6585928953287539 5.1238375123133419 0.56690958349255416
3403 -6.9898571727479553 6.1117845178610244 0.62775961896929
3404 -5.7456642902863138 6.9339661034775428 0.49396732621717776
3405 -4.113205219230113 7.8788642216152986 0.75481827970491255
3406 -3.2156590643628999 9.0982793869032985 1.8245237491443613
3407 -3.5679106104739673 8.123700164503644 3.4254068529445139
3408 -2.5403123345520648 7.8134857251302403 5.1991076340459763
3409 -1.4434860693095768 6.1253509835966087 5.5621669242953145
3410 -0.48648679681700535 5.5578313584215229 6.1749344821305696
3411 -1.0637691156319122 5.7701866261478134 6.8342234939418951
3412 -2.5158948769141349 4.2749982919074361 5.3963056051789202
3413 -2.7479494309665538 3.9877834834710577 4.1690650051195872
3414 -3.7620260346250047 1.7758983071721919 3.5209408232292105
3415 -5.9202010268658016 0.32184506149495495 3.3005303735696532
3416 -5.7696326749249858 0.059713081289710868 4.5194790280608395
3417 -5.6102243445863937 -1.2954527479183529 5.8212256303393133
3418 -4.6543561140824208 -1.5193926431098104 6.632984144748435
3419 -5.1870407065114144 -1.5319757557943519 8.0728473069125783
3420 -5.2063061593733861 -1.6914086423570451 8.9432570119366179
3421 -5.7012559966860943 -0.9890084582495775 6.9608923225172088
3422 -4.4390186425629938 -0.14387810548702951 5.4024545406692903
3423 -4.8465229963664536 0.59320723388251384 6.2591775333896553
3424 -5.1662585112483983 0.71680945587375433 6.9574544406992169
3425 -4.8591086179872427 1.0454304567263857 7.399112412922233
3426 -4.6166428161833801 1.6991010945084422 7.9748106253378852
3427 -4.7509159143295472 2.6909274666893204 8.0586677260921533
3428 -5.0653415749030444 3.4355136823309973 9.0162343749056539
3429 -5.0744422696369105 3.3964584109675737 9.4956167615064277
3430 -4.4434092667130312 3.3930395259510417 10.315291792538032
3431 -4.4207999193036223 3.312773855436757 10.924216693003043
3432 -4.7385934500286373 2.6779456819220071 8.6357816589425429
3433 -4.2326719390821985 2.6376840914818374 6.436348752371714
3434 -3.2975933966472049 2.9802456708888769 7.3527708611612006
3435 -3.476987292942757 2.8011114098793781 8.2564843137709722
3436 -3.0651423113365941 1.793665876081477 9.2443451957828202
3437 -2.5685531317421693 1.6435384702971949 10.045158786053809
3438 -3.08095283965435 0.97395396919503874 10.932864891506355
3439 -3.2667373748165138 -1.1196392157131043 9.6767571915151738
3440 -3.8286372675002998 -0.97937762510370385 8.2610678105366748
3441 -2.6439985733763645 -1.9043945797184532 6.3297123464451959
3442 -2.0814680424792034 -1.8024990188963725 6.6287546606050336
3443 -1.9770895156681658 -1.8507695946613594 6.8206639369083737
3444 -1.8365873517113627 -1.9439185000625399 6.9137328733828438
3445 -1.2991274844175844 -1.6404272389426084 6.8891864495743125
3446 -0.7508045076479738 -0.58013861321799332 7.4340050127654456
3447 -0.21398305974546888 0.93447838358545599 7.5725567809166279
3448 -0.11184849224634859 1.0149509901046923 7.3584987456696123
3449 0.05930447256172737 1.1624896809430636 7.2244145372227084
3450 0.18036908368617666 1.2531582475682292 7.1511167866128584
3451 0.23222374805718193 1.2243138140775407 7.0558369699690324
3452 -0.17915724561909108 0.83999607404776677 7.1601201370047338
3453 -0.59007727684274536 0.21307987862505329 7.0642234840631142
3454 -1.0637059284606898 -0.54283762515326783 6.8774950451972696
3455 -1.2968542855855465 -1.1448862456677062 6.4568517829203209
3456 -1.6485664786520684 -1.4208131577287848 6.1805404891976838
3457 -1.6117491074979289 -1.6167469482814183 6.0719691307847592
3458 -0.80557612095187481 -1.8871901605593813 5.8866350478830745
3459 1.3485529288524094 -1.7927192655228357 6.184345633650528
3460 3.6888723741387204 -1.9879554358869889 5.3222696658929625
3461 4.1021492586089794 -2.8850570337550852 4.8718824363448707
3462 4.2959281207425084 -4.2574605796029559 4.6853735755496881
3463 4.3779468154360588 -5.7415690292646078 4.8030056015811216
3464 4.2671731540978737 -6.7515627076785103 4.2957714863642114
3465 3.5166618264215606 -8.7513379049307112 4.5833294710904147
3466 3.3905256612105843 -9.4949537007023306 4.5591607361772146
3467 3.1413615619573276 -9.4792234258131742 3.7714608522384885
3468 0.68868228268793552 -11.299948919200599 4.1930076195423167
3469 0.55123737801816031 -12.455060576566671 5.7504764122160896
3470 -1.0688260100809981 -11.857377877959179 5.0098398768038912
3471 -1.1605639533817984 -11.811302681025857 4.9109022560898508
3472 -1.5175731091566138 -11.291488149464215 4.2597120406152653
3473 -2.1036600686653442 -12.811927546828528 4.5922271504960861
3474 -2.1160358014988021 -12.332849245275776 4.6767083062708323
3475 -2.2800650268812688 -11.01733777088414 4.5804062196287836
3476 -2.2120011753985995 -10.087974384472377 4.9175313575497199
3477 -2.648345692396147 -8.8573527602665969 4.9902937754256378
3478 -2.3720310795654531 -9.4083738167927464 5.3447170489779481
3479 -2.2304910316878703 -9.8474520048582352 5.0087450120369956
3480 -2.2770687016846858 -10.381350907896337 4.6109806953495145
3481 -2.1405213432598189 -11.094099803931913 5.2398380558022888
3482 -2.4386227369143949 -11.388919247699835 4.4669698306245644
3483 -2.623812200080935 -12.129778779348685 4.4007761985077227
3484 -2.8873989130988882 -12.958602173739596 4.3218301244268131
3485 -3.2394060757321732 -13.665938114528394 4.1781272409136321
3486 -3.7827438313805177 -14.130401540155763 3.5963442594548791
3487 -4.5887372387622358 -15.159680710949694 3.9193603261094321
3488 -5.2882002753686574 -15.280337070461755 3.2656789952899867
3489 -6.281393959456917 -15.995485903155448 3.6286887659869342
3490 -7.0198973365306729 -15.664281893567955 2.9770575062229603
3491 -8.170184079007317 -16.051866804341856 3.2980148768575082
3492 -8.6920089663910165 -15.697679885656109 3.2932253998263938
3493 -9.1607370127127403 -15.254910554796103 3.537471380313749
3494 -9.2174062433111157 -15.017379799662343 3.787505251974558
3495 -9.1130673808769984 -14.932434538274462 4.1557193072567014
3496 -9.3034659036644545 -15.341104169450141 4.2963758515890582
3497 -9.3689673915485532 -15.704402042615357 4.5405338995540694
3498 -9.2726525870434564 -16.047243143236656 4.9240593502936001
3499 -9.0789410426763464 -16.189064799454389 5.3416720557650175
3500 -8.8535007682560103 -16.175907171617954 5.8301093376353892
3501 -8.7080814076861 -16.1067347962341 6.2380785427345824
3502 -8.5070505267533498 -16.00829160347752 6.6300104877643031
3503 -8.4246294839213789 -15.936400530848559 6.7937808280680878
3504 -8.2431836945784536 -15.82192739852653 6.8849791638284534
3505 -8.1479795670659456 -15.701268500479566 7.2918498400440885
3506 -8.0206726534611192 -15.3700690254657 7.6516967771335587
3507 -8.0080128086864377 -14.953434857242554 7.980888642473178
3508 -8.1607993623869497 -14.358474186493153 8.2511091590812011
3509 -8.3286906863082741 -13.981751099921457 8.3137347549068252
3510 -8.3771859862315701 -13.670620400594286 7.9243384191355908
3511 -8.2980583071135765 -13.253554452703803 7.5102003718883008
3512 -8.2065479845904985 -12.961208011111955 7.6374158377704271
3513 -8.0187832205036464 -12.586420326857924 7.2971099176551162
3514 -7.7486342471708785 -12.310629332380277 6.9957787094984241
3515 -7.5950096716559301 -11.92081839189256 7.8343282519668724
3516 -7.7001643409330569 -11.20218492809143 8.0676739281356582
3517 -8.1160407053849255 -10.555749981833333 8.8498701523556971
3518 -7.9434819959581251 -10.22798464085624 7.8039613892850239
3519 -7.6944225340285737 -9.7020242076022836 6.9754304507440583
3520 -7.2740913667138312 -9.2659051033448208 7.2057495543817609
3521 -7.0117903919197113 -8.8113602004819285 7.4686814705005871
3522 -6.8968643020279634 -8.2587194746457886 7.8260143161560709
3523 -6.9769200571318457 -7.7931230453673166 8.1904926638128153
3524 -7.2697948394115661 -7.3732051133229985 8.6452407944062948
3525 -7.6621718101556322 -7.1586957889417535 9.0794258945227657
3526 -8.1866934524317152 -7.1416344766810029 9.5659295713113401
3527 -8.655688589036453 -7.3345366126779483 9.9772622936285309
3528 -8.6551273197053913 -7.3349891965729439 9.9804685528679791
3529 -9.097063677052839 -7.7803414632697923 10.401941291085819
3530 -9.380084038913246 -8.4244965235543816 10.767412195430504
3531 -9.4543689121685315 -9.0929482482613242 11.037721138981601
3532 -9.3402465466630638 -9.8990121522867103 11.291810863557258
3533 -9.078646708340063 -10.609533350765268 11.474194955606691
3534 -8.6606635903477862 -11.346577315352899 11.631895628083653
3535 -8.2100843509806403 -11.946618467082381 11.738990258962774
3536 -7.6433472352785357 -12.568081203924466 11.830009303466758
3537 -7.1102907779141242 -13.072411339494685 11.887574539066904
3538 -6.4801934289920871 -13.609038044558583 11.931189039116642
3539 -6.4795159192605691 -13.609454253712066 11.931189623806089
3540 -5.8942602044522729 -14.072164835160509 11.954169181532915
3541 -5.2150770961574633 -14.582739364303304 11.961481100737466
3542 -4.521619222041541 -15.090609610194853 11.951337654862133
3543 -3.8915485103903613 -15.551784396598492 11.929329542397699
3544 -3.1798749342213704 -16.085851085832481 11.891490479350848
3545 -2.5355509801890403 -16.59098115468236 11.847970914147263
3546 -1.803423264241871 -17.202757665878714 11.789393206618602
3547 -1.1668952455789019 -17.780089794643402 11.730973144027345
3548 -0.45815200416131674 -18.491941613036669 11.658366822674363
3549 0.13672521749279481 -19.17135196123667 11.588672334142041
3550 0.75033987554092207 -19.992869592958652 11.497921820396684
3551 1.2217326009708467 -20.782031782248922 11.398782803013539
3552 1.6292735166437968 -21.725875198848076 11.254193270659183
3553 1.8482714146287074 -22.70218796291957 11.05862536262663
3554 1.8348645425983221 -23.55586806448051 10.823540295579003
3555 1.5460409614699047 -24.419591356005533 10.471545965387598
3556 1.0626421932869368 -24.964766498876717 10.068829553163116
3557 0.89576354184513529 -25.527060044017251 10.888892609259518
3558 1.1879490219244908 -25.842605265294161 11.696341200307621
3559 1.7943192532518435 -25.9763123490639 12.535500259484138
3560 2.6141656847939689 -25.777025041326784 13.124498837325175
3561 3.5926497614780155 -25.016489297552269 13.435912094835734
3562 4.4624901747644738 -23.997259770383121 13.433365994398242
3563 5.1449962604129578 -22.803618396339125 14.032985977516455
3564 5.2547304638977828 -21.494660244403914 14.121362854879187
3565 5.3278705354302893 -20.210816604078975 14.025892246403227
3566 5.5275302835016369 -18.771493949596717 13.940868290565687
3567 5.7173270147382595 -17.840177856794355 13.957654689758707
3568 5.9959650012405934 -16.857900530940483 13.753193489982015
3569 6.3111708151546306 -16.235339104769814 13.592319678814157
3570 6.731966349276207 -15.483451909756869 13.700547381791878
3571 6.8707970931516495 -15.229796850672606 13.615914494998988
3572 6.6597121711828731 -15.538476128504159 13.619263184260875
3573 5.6275055248742261 -17.28106188684173 13.447923491856965
3574 4.0760011635631646 -19.199305501136013 12.852355304188402
3575 3.2152002964585815 -19.404122332693348 12.780657858650114
3576 3.1256364544980797 -19.403626880169586 12.758028999442585
3577 3.3378024641157666 -19.363292463391875 12.700870054741822
3578 3.6745102956230342 -19.304955117908602 12.734656362875281
3579 4.0370033558424758 -19.230584230059119 12.754306762200837
3580 4.0945545171454016 -19.024804495091541 13.49920570308192
3581 4.3234915416109239 -18.410447869561661 14.206166599867755
3582 4.1447969855913476 -17.435270432761339 14.72040735432944
3583 3.5533681538698363 -16.149468416137925 14.013655188276939
3584 3.8772394048199197 -15.104709825713931 13.260406045988052
3585 4.4784440069288056 -14.933641454567406 12.363993120344071
3586 4.2826049005181419 -15.14449982576209 11.469465658750542
3587 3.9457840694593189 -14.992224064400011 10.573686967647195
3588 3.5272159642235024 -14.97004158030153 9.3168517481632431
3589 2.7274499783810398 -14.794213424709191 9.0638855517833488
3590 1.2057794574882272 -14.341219723767718 9.6187360118705918
3591 0.9540912916464368 -14.772365924332425 10.877628531508295
3592 0.58720302659523704 -13.469284615329364 9.0506354285319794
3593 -0.45110579746965679 -12.65639407347976 7.7918434397682219
3594 -0.066796788772182619 -9.9740400439346732 6.7140150822605991
3595 1.4376838737316859 -9.6385250310720991 5.4451880769841479
3596 1.4050944105350391 -10.207753085832495 4.2461316487505707
3597 1.8368454137586778 -9.7140760557020212 4.5620705725314465
3598 2.01024579060697 -9.24960203398782 4.7476347294416241
3599 2.5219853092412765 -8.624353674645036 6.2256287271577442
3600 3.4150915062172409 -8.345803881173671 7.2590917852463575
3601 4.289313853143252 -6.5119692667590972 8.1003506313286469
3602 4.0865502179292275 -5.2748061794417964 7.776382089802973
3603 4.2190006157621625 -4.1300472076559522 7.6493679555534113
3604 4.4499913238879705 -3.1601626476520299 7.5183659172186719
3605 4.7706245109745096 -2.3191641096856905 7.432869691106875
3606 5.0651534647629326 -1.7244943232703467 7.3384417475374182
3607 5.294533620748421 -1.366197058462773 7.2691057868852038
3608 5.3295198030231354 -1.9816436945297826 6.1600625651511294
3609 5.2463842504069804 -2.1367244338580309 5.5423040031941113
3610 5.6519231960097596 -2.6503920055436678 5.2479050500728741
3611 6.1501697246222751 -3.3855384441872629 5.3573498236227906
3612 6.8311588172035087 -3.9876011285473885 5.8858220579591949
3613 7.20826710892623 -4.1223676815915899 5.9667367070078825
3614 7.5446841970758616 -4.2130032677800191 6.0271041911728984
3615 7.537044718584907 -4.3253724995645229 5.6485615895797414
3616 8.2396364864350726 -4.724958431322464 5.9502248567193803
3617 7.9002013129217818 -4.8451946956394094 5.1876334892838294
3618 8.5741098120388628 -6.0172280022113354 5.1493636605472481
3619 9.517403384928377 -7.1352918894769948 6.0009877798393783
3620 10.443405683139467 -7.4651624063352378 5.8396230151643227
3621 11.377000580175412 -8.0193482170112862 5.6139077899824033
3622 12.028724222039218 -8.6923099956348295 5.3045916361237939
3623 11.74883725804459 -7.9660346527495189 5.3491279745698295
3624 11.553865266225088 -7.3044127726186439 5.4951967391575138
3625 11.294171634506579 -6.5153633027411431 5.6628937288171786
3626 11.150196409749304 -5.9797353334943928 5.6563333997346383
3627 11.086176210184005 -5.327122091271244 5.9346338723251062
3628 11.474674560713613 -5.1483580053836757 5.9964919359824345
3629 12.260859295314589 -5.6758615682937084 5.7841276607026071
3630 12.903248240104526 -6.2428080982188998 5.4889621317874662
3631 13.37770954994286 -6.7780031679338162 5.4921779415609313
3632 13.929072950861073 -7.4399312355740204 5.5038643686776441
3633 14.412753284582493 -8.2585380541274649 5.5613165387195407
3634 15.046838472067641 -8.983800204159925 5.6172309850244542
3635 15.639009732814282 -9.4774466741277479 5.6761947785068596
3636 16.329850948455164 -9.9225697669894188 5.7702678525147757
3637 16.978353694529652 -10.230200082108537 5.8863395929014501
3638 17.755836175449815 -10.464872247427977 6.0544425668954442
3639 18.491300855763424 -10.546998125421338 6.2484235552194081
3640 19.310541904522736 -10.458101283956289 6.511622632562168
3641 20.045859857993932 -10.161222150237787 6.8261880258809331
3642 20.569675586757622 -9.7225051769955435 7.1517087951119738
3643 20.927215291789036 -9.0677139077779927 7.5558863385787465
3644 20.983973982354275 -8.4025342229424993 7.9495429445882717
3645 20.704283048404371 -7.6622143941044616 8.4268969104869687
3646 20.176318631718473 -7.1696881738027933 8.8641463511557088
3647 19.360218766424182 -6.9165031588633967 9.3527195501831422
3648 18.590153655767089 -7.0314197625417085 9.7793422303532598
3649 17.830185352525167 -7.5119988161533948 10.220569605384506
3650 17.36756940602255 -8.108652086400248 10.448880823366013
3651 17.002718023350539 -8.8850441625914005 10.674702570028446
3652 16.796071197012395 -9.7267460251263227 10.857581302029841
3653 16.730483212895155 -10.486162049589504 10.986757209010181
3654 16.761205815157545 -11.343369080414398 11.103508211392391
3655 16.86372707875012 -12.099652189475519 11.181126148432853
3656 17.039096644611295 -12.935718802693115 11.241835791840613
3657 17.235798040809328 -13.676371780421839 11.278497292147552
3658 17.487280266732252 -14.509380745053827 11.302330355690222
3659 17.725563810375473 -15.246962253052009 11.31085733924254
3660 18.002134113362384 -16.092020616370839 11.305463157974819
3661 18.241107914767898 -16.856835925773247 11.280954519906656
3662 18.479076338003143 -17.740141115543945 11.223795487202976
3663 18.655756715496079 -18.64964009143398 11.139603010476128
3664 18.736898840662448 -19.464934250953458 11.044661031578348
3665 18.87714788173049 -19.812329989392545 11.234072403111394
3666 19.087960212500199 -20.026086873824539 11.535352973065473
3667 19.158335099259187 -19.822026135302863 11.731751606257379
3668 19.063792607667036 -19.457187905518715 11.957577439040001
3669 18.88363339157014 -19.148840162441346 12.109642691617486
3670 18.790781885880119 -18.844532019153416 12.526836590507811
3671 18.858407706046084 -18.738305712575045 12.688652126876846
3672 19.078960416901005 -18.79112526510238 12.456174559924458
3673 20.070892470070543 -19.292037850809052 11.608265207778768
3674 20.194641166429633 -20.180033614099447 10.689729871876235
3675 20.245713358904265 -20.333950105712923 10.730764188643052
3676 20.527213513738452 -20.063188905025825 10.833622383125883
3677 20.865621129182411 -19.858619500706087 10.989252473021224
3678 21.283591913533265 -19.595939540255028 11.200407643971854
3679 21.550441314435062 -19.307854705691621 11.343613773087842
3680 21.68193012029673 -18.784057784958353 11.469800162240455
3681 21.351873527873963 -18.366278629270759 10.513756773154014
3682 21.711510397437507 -17.895530393578827 9.456574368954346
3683 20.58944746539985 -17.488105694473163 8.951980533307486
3684 19.300853912950188 -15.50290861597307 8.8850061964450635
3685 18.10602256570181 -13.228032351403364 9.1734852220573266
3686 16.503534803433073 -12.131591061007427 9.7690786564400529
3687 15.698882108058985 -12.987972862097534 11.002931963531077
3688 15.587014351261368 -13.078075846937756 10.422457190106426
3689 15.406297140330434 -13.034471149768905 9.7561645983011935
3690 15.098543767323509 -13.014286138184067 9.2965146923305824
3691 14.493366693961685 -12.844413926212008 9.0376560266173538
3692 13.834701919057018 -12.586470405376362 9.0649057140095604
3693 13.588403641529382 -12.561456195666521 9.171037007545543
3694 13.407501541694442 -12.615938729110576 9.4157026259636094
3695 13.601804109887009 -12.64477976328704 9.5128753999206079
3696 13.780817646600555 -12.632025072096278 9.5256970221323112
3697 13.802509757112178 -12.709442028694001 9.8926856015855549
3698 13.279934545846285 -12.911624002885368 9.8286065410969616
3699 12.997117669723801 -13.047580247947671 10.115943992042082
3700 12.29739125052642 -13.583660052945135 9.9467686942122615
3701 11.676564113168812 -13.934569646486828 9.8893909835633504
3702 10.615462310321245 -14.6408687781311 9.3670842281022306
3703 9.7603565813389821 -15.176488138603993 10.044335421600003
3704 9.3909932710671917 -16.585918050564768 10.283245470531561
3705 9.6568162683850982 -17.939626908276832 10.569549934893988
3706 10.167458554934075 -19.255192495451261 10.921927629602338
3707 10.77064519420526 -20.302849103234013 11.308455018535181
3708 11.105562360740992 -20.829283412471529 11.853556898448053
3709 11.308313389397309 -21.093965001970584 12.300907519073512
3710 11.463956800495605 -21.194477732970057 12.772486372430656
3711 11.685481610450951 -21.095244872651651 13.227830851100686
3712 11.953976593304654 -21.56557281402905 11.630221193340297
3713 12.323291532131629 -22.703699817034771 10.075101557874623
3714 11.184911042080786 -23.218275426034822 8.7607650035514624
3715 10.953182353437654 -23.194654250685723 9.1394700910273805
3716 10.898417530776392 -23.340314154432289 9.6383091714358056
3717 11.018169859919309 -23.491739075215435 10.129800296766007
3718 11.609773103217009 -23.769038759553791 12.108619579141553
3719 12.892075934928387 -24.021774067527581 13.67216907219249
3720 13.25636866561474 -22.803416627249646 14.680089945372842
3721 12.861259691825849 -22.427789896957851 15.333262707108547
3722 12.833899720669452 -22.664998096651988 16.104799817191633
3723 13.852916758921735 -22.496465398875333 16.633159766368674
3724 14.970474343052871 -21.624847045842305 17.322244378630764
3725 15.189858457970235 -20.752401167924813 17.798515473264715
3726 14.957286516341114 -19.866388938883052 18.141716341657325
3727 15.11053782844316 -19.893427236484204 18.320808749495075
3728 15.211844906744782 -19.866216591488428 18.395079683019109
3729 15.143944249680164 -19.728035849701271 18.46246954841433
3730 14.998546887632374 -19.567008324782677 18.516596766178196
3731 14.735491455789303 -19.274210583666665 19.063037558627165
3732 15.427201769320195 -19.198103417952527 19.206051675631478
3733 16.332560353820714 -19.05001725687621 19.10478258604476
3734 16.884976120746085 -19.00177678482131 18.874434247055241
3735 17.038559049196884 -18.964177199032097 18.917376632720849
3736 17.161810876766054 -18.925503365034949 18.956687671362552
3737 17.299243192909309 -18.890516265192929 18.925890122331502
3738 17.34912042215619 -18.850699409658205 18.947615222962394
3739 17.395433166388177 -18.811637305743101 18.979591935278521
3740 17.434130689135213 -18.777594078861835 18.98893367622178
3741 17.448746415650287 -18.747538723304142 18.990432302478322
3742 17.454233324534876 -18.719014646716147 18.991158062048402
3743 17.458686138835343 -18.69057252083541 18.991688254584854
3744 17.462059156682844 -18.662231546645966 18.992005310053901
3745 17.465327830901789 -18.633764405813263 18.992300311468934
3746 17.469412173539169 -18.604980825076535 18.990031576231623
3747 17.472854834719559 -18.575894583200736 18.994204881357266
3748 17.476193424567001 -18.546553542104018 18.995331000798132
3749 17.482376643366575 -18.516737093390397 18.9969833219515
3750 17.489107236526579 -18.486706276418811 18.998509577181224
3751 17.5075197447999 -18.453865014447366 19.000247123793329
3752 17.533622621209656 -18.416449213187665 19.010979754025833
3753 17.570156612786043 -18.371406109137812 19.043105035894378
3754 17.629627209089101 -18.325742519422185 19.052679320442053
3755 17.689375448374285 -18.272883949860375 19.09647585132371
3756 17.76906232592539 -18.223523835200321 19.100731061428593
3757 17.832515916771865 -18.172472518296665 19.123918972065326
3758 17.879680855565752 -18.126610541919728 19.142391921872228
3759 17.913269227922218 -18.085142887376072 19.153212109579048
3760 17.924081921655038 -18.050481302965306 19.156939919439967
3761 17.926950489281445 -18.017946148020339 19.157154992817002
3762 17.928723462251948 -17.985373399452271 19.157936107215036
3763 17.930680243917497 -17.95290859698915 19.158788670448736
3764 17.944056852731158 -17.916747881087655 19.159191381670407
3765 17.976371029551075 -17.875978380502954 19.125110336693986
3766 17.997008636587854 -17.829145805867846 19.121452193803758
3767 18.00901183369745 -17.769937934862263 19.13884819067507
3768 18.015320297518841 -17.706147113975916 19.161256748597516
3769 18.019678614186034 -17.63211851860855 19.192350750753743
3770 18.029941082454368 -17.559805303652933 19.20805605931471
3771 18.02155487048595 -17.478559587153928 19.26510115505517
3772 18.07205014985059 -17.404729910631669 19.258802986823596
3773 18.077849265456951 -17.329365153725309 19.282128194444581
3774 18.08407968972546 -17.264020052765666 19.301560392109305
3775 18.094913867609819 -17.201424720964461 19.311591988103782
3776 18.110854798306434 -17.144777377499231 19.274654860060856
3777 18.100187598455086 -17.090237487793289 19.275465853899302
3778 18.08184565633956 -17.029865534024378 19.284030577553111
3779 18.061623868339222 -16.96630253482266 19.293367732138005
3780 18.036241328837342 -16.896137106126428 19.309110601803223
3781 18.00952840924797 -16.824703795999287 19.363156183495096
3782 18.041954542679257 -16.744080763508631 19.396429002587638
3783 18.115292183687338 -16.658912039817881 19.392777742161879
3784 18.198369515749459 -16.57150117908747 19.346994308349235
3785 18.209143374932857 -16.493034388831326 19.359578224226695
3786 18.230659029669734 -16.416984968795301 19.37629041278003
3787 18.279686719444165 -16.336365011210518 19.359394757379977
3788 18.302499385571203 -16.26333336733359 19.373012540070501
3789 18.358733545628205 -16.179967154421153 19.361020807263056
3790 18.425853651039773 -16.094461935842471 19.299006205078278
3791 18.401545604584687 -16.011328836596636 19.359959361518136
3792 18.514432941481818 -15.909276887776615 19.330656271474734
3793 18.624793128876359 -15.8136141471679 19.203075561885871
3794 18.564814262500413 -15.750207808871759 19.145201978302712
3795 18.468063081326374 -15.690297113787064 19.118683550503533
3796 18.401432508484096 -15.637364408232123 19.073224117564862
3797 18.349867426885634 -15.587292957822388 19.038715310497892
3798 18.342031270308794 -15.542235864068463 19.032663927081575
3799 18.333176802060688 -15.499654723771783 19.030200552174893
3800 18.326140526144339 -15.459738195604157 19.031534261229016
3801 18.320239211141743 -15.421994088446461 19.032998849632854
3802 18.311135067876062 -15.38369018599524 19.034617434844332
3803 18.291726383078046 -15.344063318937838 19.034008776388145
3804 18.274027573056937 -15.303840345424682 19.009609402079224
3805 18.248707702848318 -15.262909108498889 18.977309326106532
3806 18.227696219192932 -15.225610140334691 18.982197436590937
3807 18.217558185004908 -15.191343977563001 18.984230443301609
3808 18.213954455138339 -15.159068756015504 18.98535749361325
3809 18.210424454062785 -15.12685680170614 18.986398955727505
3810 18.208467963850239 -15.093978825038775 18.960532071119577
3811 18.183674807004337 -15.055381834627225 18.972261905180854
3812 18.170004010089645 -15.015106860582554 18.951583134819657
3813 18.134657086413981 -14.96917463543506 18.874082071315204
3814 18.035325659227084 -14.909591790810609 18.811391749360983
3815 17.85581036583876 -14.822485956077649 18.734928392029136
3816 17.558642401834017 -14.649163679802054 19.133245357819067
3817 18.140635265541849 -14.556464627178586 18.578414194939768
3818 17.804639239326228 -14.310786523859363 18.706274186111919
3819 17.665540916094145 -14.227433438348113 18.613181862316942
3820 17.32139181584261 -14.091342775073358 18.206044653205375
3821 17.067991460723746 -13.71522889010561 18.265655126387976
3822 16.775100741336679 -13.38641281966108 18.119787845313954
3823 16.421185159134758 -12.949633625797999 17.778682509295386
3824 16.35642607820493 -12.780091496159191 17.44068566277544
3825 16.347357582083514 -12.344194353086561 16.979030249488364
3826 16.617491654902153 -11.656544837380796 16.343464698767949
3827 17.336284126787277 -11.272721565867849 16.205525507925458
3828 18.374944488734116 -10.771318518469577 15.608292591026316
3829 18.836154330967329 -10.883460454045089 15.272825848888113
3830 18.711302215455799 -10.900342813743116 15.340510663434349
3831 18.249473304561302 -10.672690057814368 15.191313818243666
3832 18.370774096265858 -10.76593386587707 14.877690055706944
3833 18.130945278528035 -10.42682343923955 14.613317290750874
3834 17.972167344788144 -10.040639603055606 14.417035156125312
3835 17.8112934728419 -9.1934372283279817 14.286447953556461
3836 17.771621076120816 -8.4413076866825314 14.133706362513639
3837 17.857632499702689 -7.5194506127526282 14.014325526574957
3838 17.999273731771677 -6.8087169138144601 13.904242875476726
3839 18.157936229971043 -6.2750339461163946 13.751419833507281
3840 18.114396254218466 -6.091872387274762 13.845253039886467
3841 18.165263343065877 -5.8125373764291135 13.744366409665913
3842 18.221674512717843 -5.5178628276138415 13.699898579869195
3843 18.374965088585178 -5.3372233481897879 13.211360341520011
3844 17.143588292603365 -5.8485718728744223 13.002304660167843
3845 16.017552915177315 -6.1837193483818762 12.79170438066806
3846 15.085557856185321 -6.1881724784690135 12.401570978513922
3847 14.470592886578267 -6.0379726016079873 12.210205060106647
3848 14.010001130267895 -5.7912060250301343 12.217923192525827
3849 13.712719576804014 -5.5100554196943028 12.431835602043655
3850 13.411096681240656 -5.2224669448071932 12.353071602548509
3851 13.256122333525269 -4.9074125313075685 12.478434241046694
3852 13.374397868212428 -4.733191352567804 12.523291765405393
3853 13.62785328866601 -4.5170866023811804 12.718013523794209
3854 14.446501909910813 -4.7436458047742738 12.956016670446486
3855 15.478696110635925 -5.051195428725423 13.309892409850523
3856 16.461659118248317 -5.4169992730602168 13.670511464392463
3857 17.430702209713733 -5.6639451858879921 13.630994768857954
3858 18.221767019116935 -5.8410654548930214 13.600478612910489
3859 19.0184610437727 -5.9846279258864588 13.573573487192274
3860 19.628281771388036 -6.0573369222945681 13.55336624173348
3861 20.269412334681967 -6.097830449126552 13.534649939576216
3862 20.91756325543669 -6.0939300116569068 13.520858085793478
3863 21.478784020204522 -6.0422087282284132 13.516454569254021
3864 22.095125686876827 -5.9275033697429187 13.523306555543718
3865 22.608891389225665 -5.7644075868284759 13.54409313613179
3866 23.127864316861846 -5.5214782801112854 13.586698582681489
3867 23.516239975799387 -5.2587604024417987 13.639411666207392
3868 23.863882521233158 -4.9281378026997302 13.718077112702776
3869 24.044207594227167 -4.6702614590175617 13.793084763420698
3870 24.143826788557494 -4.4635484716386546 13.860590187663629
3871 24.212365146467224 -4.2459735119350706 13.94710352489907
3872 24.248602402836326 -3.9863737410926543 14.075313640763206
3873 24.23252178406279 -3.7793074787289793 14.202736808777393
3874 24.188087236932404 -3.6276873281981636 14.317741658554223
3875 24.121356749800917 -3.4895113307604682 14.443806128436155
3876 24.05848570083516 -3.3950265448875121 14.551376472736775
3877 24.003707424369885 -3.3287023118691841 14.640361782114185
3878 23.969950597716693 -3.2918479115549162 14.696322865881429
3879 23.924071355160656 -3.2457677154074043 14.768339349322336
3880 23.874893029895276 -3.2007024611709074 14.843446203303021
3881 23.814824093338522 -3.1506162621678544 14.931025825161457
3882 23.816646690653101 -3.1711923506685697 14.995074963264571
3883 23.815212071675475 -3.1961978096672183 15.073914260581548
3884 23.80624485811677 -3.2204539420730831 15.155642104821681
3885 23.792911599311768 -3.2331488702323239 15.209965631933223
3886 23.777019987261568 -3.2405656167706298 15.245725724795848
3887 23.757572439426767 -3.2444068892175508 15.270604024741912
3888 23.772351980432926 -3.268538630407678 15.296063234001121
3889 23.828584967772329 -3.3100348277878213 15.323483405492402
3890 23.912314172227006 -3.3642248494294815 15.405760176802863
3891 23.97532340634255 -3.3997990980104009 15.464014838057242
3892 24.039064585420718 -3.4327120434717209 15.515932050155454
3893 24.114050991681466 -3.4654454256240972 15.555349938454443
3894 24.248611462232446 -3.5051308899450251 15.620608837963204
3895 24.371503244556955 -3.5277813001140923 15.633768708201913
3896 24.605718418257236 -3.5714211405749698 15.848157010217419
3897 24.787493769471318 -3.5955899539703577 16.016767199393783
3898 24.851248077843902 -3.6101556932023264 16.063948936777628
3899 24.857990630962359 -3.6168822583048041 15.992035151182129
3900 24.858596516121512 -3.5997836647280663 15.843171762734102
3901 24.984917585896714 -3.5472177140870707 15.852761344666989
3902 25.084924037306941 -3.4999524908875581 15.886506232290792
3903 25.160229173710878 -3.450854315642458 15.903670028866106
3904 25.194699846166404 -3.4118394436809627 15.879829363818871
3905 25.048660015106002 -3.3970744834229727 15.371500287880227
3906 25.114100292393378 -3.3886125950620531 15.489754988406863
3907 25.117196893050384 -3.3927606442758478 15.492977244569079
3908 25.147469904864522 -3.3737866407815345 15.58723090492277
3909 25.145605430919417 -3.3442445578696782 15.66943434952592
3910 25.144406599078799 -3.3458096375569202 16.076236385557515
3911 24.932925542893599 -3.5069295299782324 16.650315326576948
3912 24.821705036395141 -3.8355594403294546 17.201353783101048
3913 24.951644592106753 -4.3240322778403018 17.867144784187552
3914 25.356882981633678 -4.6423995837676939 18.505236114682415
3915 25.923628750161441 -4.6344494875006053 19.305508174961787
3916 26.189403781162181 -4.3419432916375253 20.109959107148217
3917 26.42361248452022 -4.1840175160718891 19.465485507521286
3918 26.754546300394715 -4.1373468045560458 18.845447534453474
3919 27.073339706906083 -4.2534431669639812 18.16601055215294
3920 27.388186121583395 -4.5668117692062156 17.626454861214444
3921 27.540666027854833 -4.9504013794016988 17.215502531993998
3922 27.557562060733783 -5.3708189066538434 16.929735174830057
3923 27.483506006227472 -5.692504297009858 16.704369580081789
3924 27.294964616549361 -6.0592041654047035 16.402193741050237
3925 27.021179047144621 -6.3268125109218181 16.072669212475422
3926 27.057069191024858 -6.5984526561483126 18.641081882234136
3927 27.589884525876613 -6.3194918452036397 21.158632576085321
3928 27.576976678613921 -6.1247096908612866 20.655868554432928
3929 27.759745314449852 -6.0088123691424373 20.00682447716488
3930 27.99950793806606 -6.0654613607997989 19.347487564974163
3931 28.284682114356244 -6.1889280223830498 18.763309686231246
3932 28.625053424591822 -6.3640332204961041 18.244574613317788
3933 29.109406874159689 -6.7433711922765651 17.764592125388514
3934 29.550982815639667 -7.2879009962071404 17.451230660908831
3935 29.963004813764179 -8.0718471250533899 17.31080182392277
3936 30.201097898083265 -8.8207560839802923 17.095379550769007
3937 30.308550274043842 -9.6676706773979468 16.97304007167125
3938 30.314184694346949 -10.405741814166255 16.90536217711275
3939 30.269275131430312 -11.229818317467119 16.90622542119204
3940 30.19609589820195 -12.027609796447042 16.881436991452706
3941 30.109353196261495 -12.734547577622825 16.820166404322748
3942 30.002225108432917 -13.551132643457631 16.817561995440759
3943 29.917963826805742 -14.301033534296501 16.80448934698018
3944 29.817888618452216 -15.158420077456819 16.718518970289825
3945 29.728336805160712 -15.964107879102992 16.695701976668769
3946 29.660099757127021 -16.887699733463972 16.664176271795508
3947 29.470206102708772 -17.654659044399676 16.427988638433515
3948 28.987106880284802 -18.245520670975395 16.165663428808593
3949 28.473622813251801 -18.506393663678505 15.932395928662585
3950 27.896794932543969 -18.594377131513358 15.67549604960216
3951 27.357286888755393 -18.515509846565621 15.419799385877999
3952 26.902670599934766 -18.326525847084696 15.198274082732917
3953 26.393688796387483 -18.091125975392512 15.360608792187541
3954 26.393770745051437 -18.091283411485175 15.362183151365276
3955 25.922219395216715 -18.002816823248494 15.636513877745156
3956 25.385403615188128 -18.01813479367868 15.769768997684382
3957 24.931493875661651 -18.099316010636645 15.890265451252786
3958 24.432599553346027 -18.2603664306478 16.035929875716491
3959 23.987530796671198 -18.493021329013249 16.274796234739203
3960 23.508714264101023 -18.840098496515406 16.368655305061214
3961 23.0670341156804 -19.205973424095152 16.473609068956815
3962 22.570780775643328 -19.703285922412885 16.648797189771816
3963 22.113393492735856 -20.298850194092481 16.769991371098971
3964 21.738400495080874 -20.813363736135567 16.651475489802078
3965 20.960939409089587 -21.462809903915296 16.686543691554544
3966 20.288771596105025 -22.090499794204536 16.862108761119927
3967 20.052466273244566 -22.550083412056125 16.698811422924884
3968 19.451526699751277 -23.18534189762887 16.862863959107155
3969 19.377994554624635 -23.398159251351498 16.381422416126984
3970 18.097822113924437 -23.693541844671429 16.321536885116661
3971 16.480983077354097 -24.031585872038825 16.646303908943853
3972 16.464017625155797 -24.333006640087664 16.741882197087268
3973 16.552952648718541 -24.71589921787837 16.884219318496861
3974 16.435029977720657 -25.352423328386806 17.066962778960473
3975 16.040313797745345 -25.971376244454198 16.653218938748417
3976 15.514179712123454 -26.433013493869993 16.275987465248711
3977 14.983447276142527 -26.676126445852447 16.020695842723796
3978 14.343230948619029 -26.813246747120971 15.828819730231961
3979 13.761918900779021 -26.858640945204012 15.747061404376554
3980 13.118069307435373 -26.888096572962318 15.759654029460814
3981 12.570864987214982 -26.941458740912861 15.854325647612022
3982 12.005945761044611 -27.075456379996407 16.036489820419721
3983 11.589359400859319 -27.27119067711272 16.265938402598518
3984 11.251986501514155 -27.586641807319168 16.604324700392787
3985 11.107189233679254 -27.970048668856993 17.01866654734139
3986 11.149383302507022 -28.139437333921194 17.044358661031939
3987 11.150027312153235 -28.137465605285591 17.04479761037447
3988 11.263087229508074 -28.243103445329485 17.07461240286348
3989 11.403416736832419 -28.322306651102853 17.12400852819507
3990 11.581927951912194 -28.414458288877434 17.191568067777681
3991 11.747640880133318 -28.625328188626561 17.314734800566619
3992 11.989963499373491 -28.86776043163178 17.475967444559597
3993 12.191766706105977 -29.298462467755133 17.665580344320635
3994 12.528321219388005 -29.778580047509497 17.93072097792404
3995 12.835715264590586 -30.415605211188261 18.120239389518979
3996 13.329861887951232 -30.817897338755181 18.40271202981554
3997 13.851457008549584 -30.922006205886913 18.759281000639746
3998 14.249311063530708 -30.819431849087831 19.107263272354327
3999 14.606639745943543 -30.560379500502464 19.489146584603667
4000 14.840939905669201 -30.238779471289313 19.812569974436745
4001 15.00700026777055 -29.807826970177096 20.146577494986069
4002 14.950459691298104 -29.45805568472851 20.556585748182492
4003 14.722402883010215 -29.130490819551547 21.118769810205062
4004 14.391621434880042 -28.845611059478419 21.564573778233211
4005 13.79134741587481 -28.600344301240714 22.066763762970243
4006 13.144984188975538 -28.684809197668226 22.744899816047695
4007 12.857261382136763 -29.142621207937786 23.628581847538683
4008 13.096066288694885 -29.261322644331624 24.540783863261723
4009 13.162985177178841 -29.465979571320016 23.556219292721924
4010 12.989272614747181 -29.490727552640696 22.415701404863878
4011 12.784260107327123 -29.423487346413808 21.437311435569008
4012 11.99410568251646 -29.0705630663841 22.413830163290548
4013 11.783803298680258 -29.342810124920678 23.378072453386725
4014 12.050295482569815 -29.15755954191501 24.27780188491387
4015 11.955459472636226 -29.122897718694148 23.655017587062996
4016 11.808573046001897 -28.79520963220644 22.852897674133484
4017 11.90860681139778 -28.54236748703779 22.190497486614387
4018 11.862231643853049 -28.455583273973517 21.562146673319432
4019 11.237156902833702 -28.209743303867143 22.012580893017915
4020 10.953661924012987 -28.026889120660783 20.662624776900628
4021 11.126929110203326 -27.804085214184244 19.135968649427276
4022 11.355912526931927 -27.892251424753503 17.908374473433078
4023 11.472390521801881 -27.891294093889812 18.569285596496819
4024 11.489624001913636 -27.819767062707232 19.136792983128657
4025 11.551490414671868 -27.714395059630569 19.742081613284512
4026 11.615053442227968 -27.569839100745344 20.023452070539307
4027 11.495866886661421 -27.443726489419397 20.949582314912639
4028 11.033075021363471 -26.744428244386775 21.327469908290567
4029 10.029025573493991 -26.015426973139125 21.629809630207028
4030 9.0500766630125433 -25.684414799615936 21.816425729569513
4031 8.318101211460684 -25.544150507558495 21.736048054468096
4032 7.5034284152586945 -25.42087051403761 21.986120865350255
4033 7.2728372739985305 -25.404334650783834 22.063389562042854
4034 7.2998560417606093 -25.273312929739717 21.887071363696716
4035 7.187396289653794 -25.217624806295419 22.064362393144254
4036 7.1883513654184839 -25.207804137484846 22.068972615049645
4037 7.3336343848579091 -25.033629047065535 22.0916588299512
4038 7.4598616514569676 -24.809454186815884 22.040953469891075
4039 7.4644183117361802 -24.571797904527092 22.019596736994096
4040 7.3360365926841959 -24.324723988443658 21.885871687238364
4041 6.9140644560496707 -23.713021369374413 20.438485187672434
4042 7.0755415138723992 -22.934076268416433 19.211405747257697
4043 8.1441761193419637 -22.21583892437733 17.939270054615289
4044 9.354600527767607 -22.881611532794288 16.695727985744444
4045 8.9550911564272777 -23.748837217860586 15.528759066457871
4046 8.1280775272903298 -23.692452118315618 15.002710041934609
4047 7.4750567762504909 -23.396796676959728 14.596984146859596
4048 6.8458602292601363 -22.884148493056024 14.199013639985925
4049 6.3573228641559343 -22.258706803548893 13.861176380843446
4050 5.9100981101831458 -21.403706623331285 13.509855636573775
4051 5.6198055303434655 -20.523026781222235 13.219117857483035
4052 5.4299848727755577 -19.470013055465873 12.928736332571892
4053 5.4132126585745253 -18.376444955630443 12.668318508510207
4054 5.5827692394399522 -17.392672932946958 12.451309557724517
4055 6.0089056045265385 -16.304640935025894 12.218307347806125
4056 6.641882344100944 -15.462256398111286 12.017058580962633
4057 7.5688454406085075 -14.784455768232664 11.796354188677451
4058 8.4818455594708411 -14.543141503565337 11.601373716812811
4059 9.4556007591924853 -14.656075876031654 11.373467688583316
4060 10.145562246161722 -15.0890174878863 11.144026298708368
4061 10.588047113759133 -15.808522731580331 10.848213921652484
4062 10.599992664796567 -16.481080873154706 10.542051594817023
4063 10.276196922518778 -17.101564646882291 10.151186547771712
4064 9.7738199247854141 -17.428501502724295 9.7623551270652662
4065 9.1010621728477297 -17.521041743264352 9.3117997736568867
4066 8.3953423968439562 -17.314254635137974 8.8542091897095467
4067 7.8411413738570515 -16.886331384148985 8.4704496718191997
4068 7.338119388805473 -16.162606474903754 8.0782670584585841
4069 7.066203180159242 -15.348197515245081 7.7772213318285957
4070 6.964795249849236 -14.318456521959794 7.5000380908140389
4071 7.0489416629631769 -13.332554029711464 7.2879098460903649
4072 7.3097040886740512 -12.156204132666002 7.0843690286789283
4073 7.6639975842920727 -11.071268144898372 6.9312532301870249
4074 8.1836015283717387 -9.7933590678138867 6.7942501796572445
4075 8.7402379794938376 -8.627732196786102 6.6987498417585742
4076 9.4518406204388405 -7.3031539721414749 6.6232556225137253
4077 10.263497479758179 -5.9953300743839497 6.5718735323242807
4078 11.061946114132072 -4.8977599809544365 6.5443491815439847
4079 12.039178474903027 -3.7826157543200454 6.5227438461612968
4080 12.970177022542389 -2.9686460656834415 6.498269376767789
4081 14.049350249522798 -2.2750510074329542 6.4506976889484164
4082 14.968526213322482 -1.9102097313270501 6.3793299000838246
4083 15.92184260961195 -1.7479853726311712 6.2516825237415716
4084 16.626207188295037 -1.801499144608985 6.0943404167583282
4085 16.856692876182617 -1.9039698247328127 6.0220074692339596
4086 16.85472615707695 -1.9050496050683958 6.021994649464161
4087 16.68631827300467 -2.0051066414553933 5.704875192321694
4088 16.736201568356162 -2.1185910040477705 5.5940706757970551
4089 17.118392018498298 -2.5201035376071621 5.4009617590786281
4090 17.514668510722693 -2.9799551454311519 5.457633578434991
4091 17.985290914430685 -3.367476795154988 5.7528817466576383
4092 18.279926431825647 -3.544508441426943 5.7764687336667677
4093 18.863973212477489 -3.8814095762789163 5.7473123457110002
4094 19.369522571280065 -4.1815059375850856 5.7564150931948443
4095 19.6450184804937 -4.3677239687919371 5.7144449368831287
4096 19.907120206710371 -4.5083912620437143 5.884703958007325
4097 20.271096359315742 -4.6309260677515454 6.0538755193431477
4098 20.513155082428316 -4.6904740028143754 6.1170656693049992
4099 20.761281431724548 -4.7911347992025046 5.9391017082017381
4100 21.237235331532332 -4.9087074630102636 6.2267440724681604
4101 21.545592259823376 -4.9046749022866312 6.4628109793911932
4102 21.328289498167187 -5.0008726190796722 6.3738979843776011
4103 21.586732882824926 -4.9598901756516725 6.5951314055930395
4104 21.445252078331738 -5.1125114500430939 6.2670074273581333
4105 21.998387908765238 -5.0749086196416098 6.5739661739554816
4106 22.039341895335834 -5.0713516260606095 6.6895343807725931
4107 21.881073107201651 -5.1997958843845637 6.5880752989811757
4108 21.781526142605891 -5.2527438574370358 6.8567483930008466
4109 21.30645215232407 -5.5838826133595454 7.0463503668926393
4110 21.200163724916798 -5.6844780829149784 7.1836109334408143
4111 21.125231503810678 -5.8331344826600287 7.0897859649963797
4112 21.04655971799242 -5.9556526857258136 7.2813056011309882
4113 20.731972991620292 -6.4717354890561412 7.111121185220358
4114 20.506465627387016 -6.9637782598887892 7.1584155389028412
4115 20.380731708223699 -7.3151665244584319 7.0989070674747579
4116 20.363894265832347 -7.490451409550241 6.9979563111569547
4117 20.37100069516886 -7.6058800936518827 7.0185832576475349
4118 20.335930589711019 -7.6961563523443566 7.431743530621544
4119 20.292174015647081 -7.6683902196677787 7.5519212893523555
4120 20.293866461185399 -7.5531823567846068 7.6034895876709907
4121 20.477463919909304 -7.0825262980113362 8.1945734844520999
4122 20.280007293809636 -7.0462661231798567 8.2734791127189453
4123 20.056496263327826 -6.9998405762747904 8.4081493085497296
4124 19.720574376795923 -6.8788254058211455 8.6443623191801464
4125 19.507435050705627 -6.4455303061017997 8.735193190841704
4126 19.243100926075659 -6.0240215596026445 8.8205138587601617
4127 18.971100365109162 -5.6692139151199266 8.8941884776964919
4128 18.640625829614958 -5.304378063656026 8.9706608264779373
4129 18.318560536114106 -5.0011546492189947 9.0342135644873647
4130 17.921397620055405 -4.675921129538577 9.1012454603535993
4131 17.536235671960853 -4.4057626901973741 9.1559949779540677
4132 17.060374460947152 -4.1203911476736961 9.2157931327042828
4133 16.549693702638329 -3.8609709771335647 9.2680174720220858
4134 16.060197449213405 -3.6508636160851662 9.3105080507699345
4135 15.466180075804816 -3.4358095003324141 9.3536357678045992
4136 14.906207455529206 -3.2706329438026556 9.3825211614204491
4137 14.239391059592135 -3.1088447250652846 9.4007204652277672
4138 13.623837956924039 -2.991601740412599 9.4042218747303465
4139 12.920895467290338 -2.8847060603418386 9.3936935767309429
4140 12.284535790870965 -2.8061161700084059 9.3728490940682381
4141 11.559659966941737 -2.7234616560069029 9.3359027663158969
4142 10.891377013958117 -2.6430164613924081 9.28454432804768
4143 10.118867652006507 -2.5364244537769842 9.2191493810145015
4144 9.3054465330202838 -2.4237233312917708 9.1574787961627262
4145 8.5252669222673205 -2.3418006255045389 9.1118398296999832
4146 7.5947742834359095 -2.2919147432960196 9.0762290074783216
4147 6.7287197607016109 -2.3108398287303187 9.0619615416828978
4148 5.7393790285683997 -2.3975667020235316 9.0713260033395056
4149 4.8667719154182487 -2.5318706679664156 9.1009854343958949
4150 3.908620409242209 -2.7328270993938459 9.1586477049355874
4151 3.0713995854721561 -2.9502797695179526 9.2336500680197435
4152 2.1672889595743525 -3.2331771662790341 9.3440096019920293
4153 1.3812773418732134 -3.5373393228490011 9.4761837075356059
4154 0.54848031278998988 -3.944422959757599 9.671379136777988
4155 -0.17014783720796633 -4.4219589118043352 9.9129155054353344
4156 -0.69624796879076201 -4.9252893049389543 10.173486947654066
4157 -1.1096808710988357 -5.5608244003174034 10.516974224377114
4158 -1.2834603074099062 -6.1560195194531691 10.86021049787548
4159 -1.241788077559687 -6.7983358836604362 11.293778980806856
4160 -1.004765960655855 -7.2722125449744919 11.707158522864654
4161 -0.55070049986133318 -7.6278101950529091 12.18775844526132
4162 -0.028325414983805031 -7.7370531686813973 12.604263318769403
4163 0.58138119998063464 -7.5879259564519641 13.042165622001317
4164 1.0690660707375534 -7.2051524587229165 13.39817206489932
4165 1.4413877786522027 -6.5756760017217228 13.752368973614781
4166 1.5902287287626569 -5.8087522399367568 14.061366859814317
4167 1.5297257917189961 -5.1097108591476239 14.31214906571522
4168 1.2718757631561473 -4.3471328123797193 14.565064565724581
4169 0.89838894359773858 -3.7239168674995673 14.775348641329284
4170 0.78817759514956409 -3.7134449024756271 15.014705905711356
4171 0.67306348454887677 -3.6832803084130021 15.170432835869063
4172 0.89596052718181418 -3.964086173495545 15.52541930416756
4173 0.95948807346812659 -4.0323332223405588 15.625991126352373
4174 0.95890493685778089 -3.9930157893463294 15.432833113785623
4175 1.332302422874176 -4.1373642018461103 15.524705982806847
4176 1.8812555262201551 -4.3364524217057809 15.774561881900789
4177 2.1189676217852149 -4.2591759987346993 15.553408236166844
4178 2.6668170578784181 -4.3892453202280723 15.663062751419236
4179 3.1841528481114993 -4.3299351654240761 15.395113291896257
4180 3.5716781140660259 -4.3894422719795481 15.197828718499087
4181 4.0270944377301952 -4.5095019460469992 14.946965558097462
4182 4.0736709370592497 -4.4820964365375779 14.841234752409518
4183 4.355906010056442 -4.7133568570189217 14.635405628964516
4184 4.6675076407814116 -5.231423860215747 14.530480753516429
4185 4.9816254021339752 -5.8366635406406964 14.424027227525198
4186 5.2718520659298305 -6.5337631973037977 14.214483582988604
4187 5.2343856474474091 -7.1689597132711436 14.289535183919277
4188 5.4586775833868639 -7.8518770199153645 14.222641774117374
4189 5.6544017862613636 -8.5122143036600928 14.006928766238989
4190 5.5196867148467224 -8.9729775555362465 14.135136059718159
4191 5.6597297781886011 -9.3592221555366244 14.064970923368058
4192 5.8166223458693445 -9.0809192607258904 13.962522962105883
4193 4.7341196509154564 -7.8311704284833468 17.274883232274064
4194 4.7271875970788972 -7.915987365146492 17.282217980541184
4195 4.7821797253819227 -7.9250630168418521 17.586449233866468
4196 5.1975452190004567 -9.0340559024772276 17.275657729807122
4197 5.2508196622873804 -8.968895333847728 17.793614869058402
4198 6.7706826141478631 -10.069924102394609 17.850482849000624
4199 8.4466318397395685 -11.21373765259141 17.430524957154464
4200 8.3725792968884285 -11.335528284638889 17.410004415812395
4201 8.2308574250407798 -11.362502526010472 17.396842395740613
4202 8.0785811041432094 -11.403667999049757 17.324985191699199
4203 8.0122460474897448 -11.339903575956777 17.787088462675388
4204 9.6475317493174675 -11.714227114937266 17.922659597393753
4205 11.871120968240367 -11.294175390948689 17.916142297824546
4206 13.632713838575588 -11.52632076839031 17.778050601854346
4207 13.583012214921615 -11.654928779504026 17.759671904727679
4208 13.416998857273729 -11.685901350334964 17.696918578501219
4209 13.207582893118911 -11.55683800037343 18.220853728461684
4210 13.775167504596917 -11.948535091823047 18.155808654551446
4211 14.510131601179795 -12.515116800185082 17.578590588203561
4212 15.103375227570519 -13.404340237950933 17.369798459699666
4213 15.627705663141246 -14.38184194024454 16.927177021364749
4214 16.22119753630232 -15.430797988914577 17.475864259804968
4215 16.792356702183536 -16.117427606858673 17.857839571475946
4216 17.463377256962275 -16.685049479320078 18.159592092929572
4217 18.054207850526584 -17.067765993880453 18.310944037790392
4218 18.690550165069133 -17.434740649471035 18.339987225709397
4219 19.196587972419849 -17.747879505614829 18.241084498855145
4220 19.651886138278407 -18.122256348139473 17.97882533935055
4221 19.932455697641036 -18.507996285405575 17.557828681245748
4222 20.01659544576178 -18.803799126022614 17.076703796682647
4223 19.921804376710902 -19.039670998174707 16.468448431562532
4224 19.701529393130699 -19.148410571772128 15.929571584559122
4225 19.304279135889523 -19.092829186402334 15.41635471372452
4226 18.851106524195714 -18.849650433763284 15.084694079400078
4227 18.293626320370805 -18.35881150827645 14.893244242972353
4228 17.246461934308702 -17.343745104191523 15.487665549026767
4229 15.928885196332573 -17.333899740404533 16.321402472674496
4230 15.675938929703319 -17.910220232902841 17.297790822702101
4231 16.252215279709723 -17.971710817280751 18.585909678508617
4232 16.346438068725032 -17.88105970481103 18.423074368063581
4233 16.175743370728739 -17.480748904097144 18.545730987123846
4234 15.968894318953549 -17.097697115607236 18.355562674551479
4235 15.70513911445909 -16.681807604068297 17.956072630711905
4236 15.506482356073818 -15.843209257862211 18.019476282897209
4237 15.29479151053825 -15.158611474613581 18.009792763888012
4238 15.075131961423171 -14.129879332576721 18.8111130672809
4239 14.737845747777397 -13.757210909813887 19.360055021348227
4240 14.925978771267935 -13.483921409648378 19.633872300304954
4241 15.019893371048786 -13.188388122005822 20.051931234950832
4242 15.38978068670267 -12.146288799855233 20.1844084686164
4243 15.637195512500373 -10.847537497054383 20.042904938897244
4244 15.981369077709584 -9.8834959361124071 19.735717317553416
4245 16.476245548178916 -9.3812065998508523 19.208004589257353
4246 16.491498616744831 -9.4883807001634377 18.586026135482921
4247 15.811435925532612 -9.7385552026300441 15.775387796858565
4248 14.750320224567371 -9.7319757376394556 16.191664976075121
4249 14.018427064389156 -10.092281738334581 16.739609730048688
4250 13.955274299753935 -10.33050858882555 17.299169148444147
4251 14.101237702568627 -10.134247445874994 17.918644980583359
4252 13.797579680110108 -9.8014148856720116 16.21091464877151
4253 14.105716314695812 -9.6758905795995886 15.847761370132174
4254 14.280902135485 -9.7010526500835219 15.821346680980765
4255 14.359886391122709 -9.7165983787771868 15.771890230645235
4256 14.391382089202462 -9.7309101140959751 15.817742071473528
4257 14.410939322021591 -9.7361550411259508 15.843159254580797
4258 14.420492847440297 -9.7364943259620631 15.854213610476323
4259 14.424901109712517 -9.7346734017432599 15.854812866410498
4260 14.428146894185749 -9.7323888476181768 15.85562967075359
4261 14.430836636232392 -9.7296721620573816 15.855711124292233
4262 14.432841421301777 -9.7269068065999669 15.856972902834988
4263 14.432154782093003 -9.7259238763468865 15.860466237566801
4264 14.422438929250463 -9.7271913896669329 15.872392538820257
4265 14.39949400007529 -9.7314359212445503 15.932222916896349
4266 14.367158354346822 -9.742363179287084 16.023457473321098
4267 14.344709062376781 -9.7499252222489581 15.959909920176472
4268 14.308693431715341 -9.7589136341997591 15.887113972207265
4269 14.253987229573255 -9.7658057950241322 15.824448212557783
4270 14.157202053439288 -9.7745181345125438 15.855450030297296
4271 14.057980800157038 -9.7860333594255007 15.916027015990332
4272 13.948413389217968 -9.8023207997493866 15.910080272485926
4273 13.844309421844887 -9.8171369926346621 15.911143409267304
4274 13.698602416725629 -9.8372707640784149 15.918047358670277
4275 13.579652178645413 -9.8621203711679186 16.000395522491083
4276 13.501061526257624 -9.8870562508764106 16.080299815797659
4277 13.458236579198925 -9.898183413044821 15.955074180782193
4278 13.397394867537633 -9.9069631641975349 15.980558767891878
4279 13.35567000437128 -9.9112437942851095 15.98803679096077
4280 13.336164968777524 -9.9099298894709893 15.993350673799384
4281 13.318362205327492 -9.9089442844642885 16.058640009648553
4282 13.316259130689835 -9.900476075374085 16.021398598955003
4283 13.314162161397519 -9.8927209754209411 16.015711868282512
4284 13.311359319151791 -9.8852520114537032 16.01700135544694
4285 13.300857082966701 -9.8799025171565003 16.020598539788789
4286 13.264341949554245 -9.8820001255937147 16.033273968306919
4287 13.206156229370942 -9.8918947245972149 16.08578289860144
4288 13.096003469963652 -9.9264369818591014 16.187030525908469
4289 13.002097603491094 -9.977032616485527 16.34407196046109
4290 12.942487620322938 -10.047105542977981 16.62263236240717
4291 13.005656309142587 -10.03008541495457 16.917444360853867
4292 13.155607305247626 -9.833780888521007 17.167333215281424
4293 13.272672101703987 -9.5442431950159783 17.464626934887256
4294 13.304816837941267 -9.0749067416043605 17.758513802355267
4295 13.205892957792635 -8.6497940067263919 18.01483686109087
4296 13.015827907676469 -8.2994159585324638 18.115525748843183
4297 12.882296225704854 -8.0910440000705659 18.228306695024454
4298 12.82244090633262 -8.0084496391755593 18.352616467674117
4299 12.780230825906031 -7.9651613212116041 18.265010733404154
4300 12.773454680632012 -7.9593655158755583 18.318596065890752
4301 12.767538775994606 -7.9548315055547407 18.362735655036374
4302 12.761274141506746 -7.9482646424510097 18.368901904818213
4303 12.754674040692354 -7.9404816226519594 18.356643597529111
4304 12.748081662219622 -7.9326975382666998 18.344506208729563
4305 12.737584921303018 -7.9245506956247151 18.360428380157675
4306 12.720905883719682 -7.9099059818761015 18.386483818734899
4307 12.688113175154859 -7.8817623590162533 18.409389460474664
4308 12.654360688306344 -7.8536613658102148 18.431680137542429
4309 12.639819017486156 -7.8415240776479118 18.491702391554629
4310 12.613913087694218 -7.8244154940381074 18.48923224423638
4311 12.573475280006647 -7.7969865665870426 18.334381463172019
4312 12.563116482688008 -7.7901812286113534 18.435875747433155
4313 12.517918226165367 -7.7561910248254469 18.422993865107944
4314 12.502593400844388 -7.7408476693225099 18.423566522088787
4315 12.449929475765808 -7.6964150177135622 18.329652225014222
4316 12.383849517981297 -7.6304653486985403 18.194551874788065
4317 12.324605690225495 -7.5625457488290371 17.924862230796251
4318 12.319353097970291 -7.558384715632382 17.596193905198305
4319 12.333511830056279 -7.7242991147794617 17.272440846548662
4320 12.220848871569714 -8.177624266172737 16.866373608338797
4321 11.862769189673088 -8.6519747496393791 16.429385549694214
4322 11.092370087461017 -9.0472502790425988 15.962685628048392
4323 10.294100673453048 -9.0578893422793527 15.554770059194048
4324 9.5544391540797697 -8.7432657856376093 15.063800191273033
4325 9.1587186035786914 -8.3166946324760431 14.899880853142642
4326 8.864612854294478 -7.847609884496241 14.625027493675308
4327 8.7596670666402439 -7.4793185266834179 14.223760404743141
4328 8.7070875776572034 -7.4676103664305904 14.023683466237276
4329 8.6000244636532663 -7.5265889743831682 13.839191036012696
4330 8.5031427023882635 -7.5918177259070729 13.647019240110453
4331 8.3898135241189209 -7.6710278375055303 13.414224151473871
4332 8.2803118769686126 -7.7170886014392659 13.211725834092762
4333 8.426000375554084 -7.8194864978171665 12.020810475956107
4334 8.471673102494826 -8.0664975820272975 10.937699041721494
4335 8.161051540544797 -8.6091238213635677 9.7720765636348208
4336 7.3848538274909385 -8.7981648422228531 9.3819439696650111
4337 6.3627472400887903 -8.6510045995288039 8.9764991419764648
4338 5.4087182051240346 -8.0650598921729966 8.5541218867516928
4339 4.8744772662360614 -7.2552009063189811 8.1158936003863609
4340 4.8236348784202754 -6.2901868329785993 7.4785780497814622
4341 5.220825386618098 -5.8664857546693021 6.7401136514869995
4342 5.6731669956409245 -5.7074377325116181 6.5912037209072691
4343 6.1777221090246766 -5.6050760353169764 6.4110227398347694
4344 6.536719231601456 -5.5731371182337615 6.4038097602305601
4345 6.6629329723452617 -5.5204619493328639 6.5856889192484829
4346 7.0155685932623868 -5.5043516150664944 6.321968623860597
4347 6.5208520498045779 -5.5952702059372923 6.3242421093302408
4348 3.9388033732076746 -4.8850845056623804 9.2738664265084463
4349 3.2582805667422612 -4.8422466603879339 9.4198239903332457
4350 4.5445125217849505 -4.8367588182030836 9.4657273487296418
4351 5.4845698858112941 -5.3029095160338509 10.901986161391658
4352 5.0261760255501304 -5.9479626422624783 9.6802812077311451
4353 4.6314693978929133 -6.0594010244079657 9.7154396440223181
4354 4.3049940105400584 -6.33487315085282 10.245966332139075
4355 3.8204510413028272 -7.0756962835848052 10.613865421251658
4356 3.5100313692289595 -8.079347853055344 10.72617298794963
4357 3.2085461888303324 -9.0671378731371224 10.542223588288081
4358 2.7653545863391527 -9.7417750292109613 10.19780817926404
4359 2.1963324559039403 -10.395035527029345 10.37261607269086
4360 1.508726183077111 -11.428446213154997 10.472605009780022
4361 0.96042006344145636 -12.4833561943055 10.429559505427356
4362 0.25653594117401823 -13.616725888953811 10.261850297377885
4363 -0.75727212332228633 -14.670920879482281 10.130008075160671
4364 -2.3327792677403854 -15.869747907563157 9.8790016040968194
4365 -4.2413313333220684 -16.441453126586008 9.0226149390018069
4366 -7.394186294593216 -15.019303706971881 8.5620777724638799
4367 -7.3565651114979254 -15.319422730430979 9.0751619730216841
4368 -7.0230925025672928 -15.954905821810746 10.382649122124754
4369 -6.0712076710677518 -15.299746038734181 11.723322961902189
4370 -5.02224538717208 -15.919272985363012 12.668268156978412
4371 -2.9064985354202517 -15.391414388441653 13.058367269663503
4372 -1.005097367233402 -14.053902681723958 13.387803588655959
4373 -0.5998395140602919 -13.450473061097883 13.811752233979139
4374 -0.46380534641025556 -12.850514865237606 14.112852005158247
4375 -0.52657094023757245 -12.229420367220099 14.494997004872962
4376 -0.70829598092117396 -11.876618011607514 14.750435604069636
4377 -0.76502274054919206 -11.933346645772589 15.063554600761702
4378 -0.43162290625298028 -12.288587515904263 15.346853982102097
4379 0.53839111572967224 -12.688361955215475 15.229281567116207
4380 1.3056687317896791 -13.140064108885861 15.226392092449638
4381 1.8840653385271398 -13.420353300424551 15.036485831168555
4382 2.2585599368541156 -13.766260154589347 15.014003734434532
4383 2.5569742925054504 -14.116021109679302 15.179965491106982
4384 3.0774615403592502 -14.585932799782537 15.577833723861579
4385 3.4316801201598359 -14.792116304231484 16.23410270363809
4386 4.0195015541357257 -14.749734837103633 17.02355004405889
4387 4.1304788155935155 -14.497599303315218 17.051089357928007
4388 4.5034547657747961 -13.83405551104914 17.545782955010864
4389 4.5950411114453722 -14.445215353802409 17.245827551357269
4390 4.8699499601770517 -13.753511016559694 17.791938748305643
4391 5.2551950907254845 -14.744003452639728 17.329869860166809
4392 5.2340943438996357 -13.919414414736108 17.137631328166925
4393 3.9055873550230955 -13.379235721887849 12.88382983294343
4394 7.1515953854504728 -11.275802002253396 16.696208672040495
4395 6.7989990220694896 -11.914956109317938 16.836642591806619
4396 5.3997601462727305 -13.399591440570008 14.937056606769323
4397 5.5989351997847221 -12.553135079089268 12.635920468952989
4398 5.4084590615713655 -12.798111154505031 11.795141882392727
4399 6.1634735358386834 -13.69713323339235 11.374404691027625
4400 6.8517268781802798 -15.126813359481803 11.437092394108495
4401 7.8119232639617016 -16.581526495870762 11.960128873962766
4402 8.1726335270505892 -16.851384857319722 11.919746310956747
4403 8.5364651032339314 -17.188143442395841 11.778804429550224
4404 8.2030183980892915 -17.779929200548594 9.5621153951459981
4405 6.931875094044206 -17.931854672238121 9.5207575539225591
4406 5.6438417976239803 -18.001724112771782 9.4433001780666181
4407 4.5024777534216955 -17.965007940303863 9.3314605956888368
4408 3.2452503520100744 -17.814577879354236 9.2600777411934381
4409 2.2121156399305488 -17.482917632884547 8.7712560769009347
4410 1.5228892156339076 -16.655713814769594 8.0981615492743302
4411 1.407627536119666 -15.528189552823033 7.5386060358895355
4412 1.268906588119826 -14.844716591193141 8.4987875450430561
4413 0.56174926366489819 -14.327073903015629 9.2700112762412488
4414 -0.21419260529230574 -13.523799708907044 7.471458150312845
4415 -0.0011774402367993979 -12.723883455732905 7.7289623946650936
4416 0.065225561588167003 -11.821624557230502 7.7931946749550862
4417 0.13988020017784034 -10.753347430639579 7.6825334711971855
4418 0.28303736702727744 -10.097339408182682 7.5942175480211125
4419 0.60458434123638449 -6.3697270457309401 8.5456952052013975
4420 -1.3780735780511941 -4.7909898917515976 9.6515423847108206
4421 -0.99086117946226826 -4.4527783676631092 9.209974141086084
4422 -1.5531164103863366 -4.441835095784322 9.5911684259617438
4423 -1.288934121587441 -4.2794235361962993 9.5658513353856112
4424 -1.2960678301226047 -4.1652275560658749 9.5268139260778515
4425 -1.7854578003871764 -4.1374542837240842 9.461644095098551
4426 -3.0678270247679431 -4.2574865427136492 9.1466214794135343
4427 -4.6901928605450562 -3.8125150702806128 8.9417004694302982
4428 -5.3564288667151212 -3.4610291130561359 8.9343963603928103
4429 -5.449859062092977 -3.4475491422020279 8.9953045316371458
4430 -5.5556059755396063 -3.4029026556791533 8.9131270191846159
4431 -5.4407996487152808 -3.4326733457232161 8.7865744758175008
4432 -4.9939502499354829 -3.8190609418080772 8.8695316256044645
4433 -4.5724938214043851 -4.0875288038205468 8.7912027784613063
4434 -4.2047522409544333 -4.520220298031794 9.1257247703703932
4435 -3.8960379039940318 -4.729946946066776 9.2649720090833316
4436 -3.5945744067939449 -4.8185815758813755 9.1370437404841098
4437 -3.2128658730926971 -4.8850403634450732 8.7523411346361293
4438 -4.120380535953351 -5.4828563771787513 11.34384628318722
4439 -2.8840951553113512 -5.9164387065797692 13.912784599071211
4440 -2.6891097953509417 -5.140849924875484 13.826599148347064
4441 -2.4315410876850212 -4.3338383100776019 13.791284991338596
4442 -2.3191010137125851 -3.3621338344151934 14.378096496620358
4443 -2.2077352631417968 -0.64508976360539516 13.486007696723117
4444 -1.3717626621704953 0.74157701305965151 14.004018045652904
4445 -0.23031406106027111 2.0779272297974702 12.788156717897946
4446 -3.2498658302158954 2.398669760684685 10.337237365185262
4447 -4.0661439743599557 2.8173386542489069 8.0860087638824858
4448 -5.3369603050896721 6.7961156875535975 9.5419234002295141
4449 -6.2464788901899508 9.0152795304764677 9.5124819568377728
4450 -8.2052778198613421 9.8885297259784668 7.4725238924959108
4451 -7.8042147396336938 11.112373177871005 7.6646979685092669
4452 -7.4962598766050998 11.509191946808318 7.1791290086379629
4453 -7.8353128047580931 11.108671984240328 7.3548539528384564
4454 -8.146723292295162 9.9996532566602845 6.9920578179794779
4455 -8.4113448642145077 10.021739096208151 7.3592604950871028
4456 -9.1349681881738238 8.6588122396850196 7.4593084182420979
4457 -9.8631320443106656 7.1814321794453715 7.8075808085848104
4458 -10.117212057747363 5.1676178199688181 8.1781063217828684
4459 -10.038536349632 4.2861956301503596 8.6530748824245585
4460 -10.523839030790505 4.8558781784076439 8.5043377476685098
4461 -10.675982343268066 5.0410143951911071 8.5300160061940424
4462 -11.32260349363103 5.149530167314551 9.7251010228301098
4463 -9.9086207658228176 4.8152664477774128 11.516465306565127
4464 -9.1415798779001207 4.4518203842210253 12.845808453838673
4465 -6.585055528534272 5.619469007684641 13.865731980768169
4466 -6.3881205343711995 6.356670084494068 13.894413599213983
4467 -6.3401649973565544 6.4043663307803085 13.835095887981254
4468 -6.4458046361191608 6.1288953675452573 13.920568499226009
4469 -6.5355888468500911 5.5550475149168062 13.831286776887476
4470 -6.7248799496227551 4.9983893262797494 13.830774383321085
4471 -6.9712996627890371 4.3868379456328599 13.859929193415672
4472 -7.1954516047718098 3.8036393418438745 13.814353819806046
4473 -7.0151470057713521 3.3756881184312717 12.634549200174604
4474 -6.4424772866764384 3.0300998210966563 11.539959844383953
4475 -6.1198871217954824 1.509911523583527 10.825535323772261
4476 -6.9708837969452881 -0.26769122256660305 10.104918482130197
4477 -8.389599101421382 -1.1259697924848608 9.3714938598107071
4478 -9.4248472341484995 -1.1012646106326116 9.3236766440804697
4479 -10.502305626148182 -1.1037623860656303 9.1696193658521885
4480 -11.748555765848613 -0.90443548304681265 8.9751819768349161
4481 -13.366977138608599 -0.71573451161739499 8.6160930227485952
4482 -16.051213331388745 -0.73171310562702363 7.9982719099075839
4483 -18.696451315225932 -1.5159672232170687 8.8468741325746407
4484 -19.629623689558088 -0.97192728590087452 8.8532390802590708
4485 -20.146815950713094 -0.55364059415211075 8.7610890942834505
4486 -20.517821732954026 -0.20145215828026353 8.7256697800615548
4487 -21.027694418777141 0.31580519466367374 8.6103067922533274
4488 -19.171163190833397 -0.78444836229495141 7.2720394564537809
4489 -18.701906842145696 -1.1509356209690251 6.4550599896884524
4490 -16.874009570968234 -0.37783364549354959 6.7414476712217057
4491 -15.967484587742693 0.89707449462977107 8.1982968835461989
4492 -14.571277058894816 -0.63899555856200907 6.7762749632462818
4493 -13.879079709781482 -0.87309946716812925 5.939988223257731
4494 -11.487365416687894 -0.72290349762210404 6.2762589566816906
4495 -10.179598133590893 0.020592857649832208 7.5344544205436783
4496 -10.021807229285463 -0.91303093479048858 7.0860797224516574
4497 -10.024540218516478 -1.1830285165248917 7.3519906392334242
4498 -9.5397445074017391 -1.8023557866329289 6.572907060945453
4499 -8.8935279679048911 -1.7431813075923053 6.3577577148240767
4500 -8.1375230004265191 -1.5453787232711911 6.7870612006840307
4501 -7.2152843407163703 -0.93619279677497036 6.3811332107601624
4502 -6.282563364854326 0.11082864962156191 7.1146218442030715
4503 -5.9507008766221867 1.0873915472292741 7.7190572975466214
4504 -6.1143614195557507 2.207990288508344 8.335195164150857
4505 -6.8502199132944828 3.1127295613943109 8.9539648967035408
4506 -7.8014920722149608 3.3820188047602087 9.5398429897263117
4507 -8.6733466343342052 2.9783176250375236 10.273584164439134
4508 -9.0398213277571084 2.5631630993334245 10.318170816875311
4509 -10.144582517705445 2.3518166436168948 8.5486704711276129
4510 -9.8362745794663908 2.9410801319392199 6.909032973621299
4511 -8.5739155037622776 2.9799101154984466 5.2124867858538781
4512 -8.4846241883632203 1.7173288203360364 3.757115937780183
4513 -7.6227051525945928 2.3674128439403743 3.9407882426068066
4514 -8.4521891417626893 1.5729245481460628 3.7963372478009649
4515 -8.6080090747388969 1.6131940437783654 3.6480953169952226
4516 -8.1909927781154117 2.5631492345729381 2.4039433016425873
4517 -12.091625083803347 3.9515279593023789 3.1705036576754129
4518 -12.647394621322645 3.9765996936321315 3.1741516805375105
4519 -12.111378647894741 4.0975120213091625 3.2044507241330722
4520 -10.537355872583671 2.7589396026661905 7.3207905626189724
4521 -8.0995668711416204 6.7077014128434618 6.9825336089850598
4522 -5.1090040991677395 9.2087353558857039 7.0088043843110412
4523 -2.8186061042878845 11.185265406431562 6.8047330833990616
4524 -2.5356276411189742 11.283711177496771 6.6967521660006293
4525 -3.7630181589065965 10.826623507746596 6.8504164524809426
4526 -5.6335553744309452 9.8014853943520528 6.8446642296996005
4527 -7.2420551567009621 9.0147288267781782 6.9873862949004177
4528 -7.1737698206810858 8.9460855515789 6.7051662089059647
4529 -5.4491529624603157 4.4957473691244401 6.7211615289748936
4530 -2.2237907068471943 3.9498498042982444 6.4034971999911718
4531 -1.9724362870427523 3.6382953694483522 6.3873028706911041
4532 -1.8633946701154267 3.2562089019970832 6.2877600341408435
4533 -1.7416454527803014 2.7292613613160919 6.1949667231913832
4534 -1.7163476663647201 2.0701846706248741 6.1471537382555335
4535 -2.2636046407328982 3.2460565319376777 10.695998254980742
4536 -2.6359941164283973 1.9200130222491993 10.546562701292713
4537 -2.9445047263029336 1.5178634338281645 10.41655710461667
4538 -3.1206393532520194 1.755400114595028 9.9607902596013602
4539 -3.554803773476765 1.3388617889962473 10.435422610002799
4540 -3.4188758128739165 2.0878651995315276 9.8784689251354596
4541 -3.891475256405855 1.6559953394063416 10.409897149297413
4542 -3.5022345098252714 2.1228491049604372 10.470972050658713
4543 -4.5924425954176415 4.4912822442806037 4.7259432068214267
4544 -4.7447507567588012 4.6580431082931533 4.3501364512147278
4545 -4.4025464859394727 5.1592770669962436 4.365726520958769
4546 -4.0114855691678919 5.5883849776954433 4.0278252087432058
4547 -4.8720966205217007 4.6452216797246395 4.5612861157389135
4548 -5.5165785335550286 3.0784591908776959 4.7929443332595669
4549 -5.7948966193998634 1.4371009258117657 5.0735169448737887
4550 -5.5037175727325307 0.15324948051393394 5.3988604085759011
4551 -4.6660667520944035 -0.70436946085052932 5.9155860923033341
4552 -4.0303367579659675 -0.69971820441230803 6.533481934264322
4553 -3.8265566017736723 -0.33830823084041572 7.3564485541178168
4554 -3.9191960147674791 -0.022369552345615551 8.0880670719235379
4555 -4.0181653779245909 0.27928158852426854 8.091675539814883
4556 -4.0262382616160748 0.35090916353450297 7.9849718337443552
4557 -4.3464359702771072 -0.12628445131038868 8.837084167045079
4558 -6.1763062667193669 0.46877623484810726 9.0135160365115272
4559 -8.8695068507594552 0.68173524309785982 8.6795114652232428
4560 -10.325125417263203 1.9642681600944587 7.7313106110759771
4561 -11.181070808194313 0.62764646405450986 8.7329545489776415
4562 -11.707186851690203 0.81060102197973549 9.1541247408405528
4563 -12.957151865005134 1.3851097913216899 8.6923914574064725
4564 -12.792487062207298 1.836685553828652 7.272241749969198
4565 -13.830156411173819 0.91122262420158995 7.1792896336515799
4566 -15.024658867779648 -0.14906297869011986 6.2738805258550929
4567 -15.612185233050033 -0.26060633250965948 5.8781395539169736
4568 -15.327062837695507 -0.26573689595902072 6.1671393997601553
4569 -15.067059152926644 0.10455109349274272 7.0828112393827638
4570 -15.713945409821413 0.51055047856258851 7.2780693054985379
4571 -15.39527202592757 1.3170359377766347 7.55095974199374
4572 -14.453182415954002 2.1748931810678669 7.9973716919890716
4573 -14.068035277633491 3.4754206710269768 8.4578643474929756
4574 -14.261594392422772 4.6001578054640522 8.7975913639309979
4575 -14.89269739940306 5.7349654056009891 9.0947855510088136
4576 -15.730214010767972 6.4732946552284965 9.3056472230990916
4577 -16.834062541428231 6.9548388142132929 9.5151883307122844
4578 -17.786317545469426 6.9967620825775514 9.7114553442976348
4579 -18.665514062475577 6.7053140912397504 9.9858379219374669
4580 -19.085219048458136 6.5217890535751222 9.8049819582336273
4581 -19.084353768068119 6.5221483731101095 9.8034572019393771
4582 -19.563391551337887 6.422061488785868 9.6062617265921091
4583 -19.767993492008713 6.4312951623252026 9.5765058987154692
4584 -19.768991237806691 6.5458030405740413 9.3548176373780709
4585 -19.720059773649204 6.6915563972013095 9.0782542557652057
4586 -19.534418680388196 6.722889345623611 8.9577889791227516
4587 -19.364449033368711 6.7252904435877143 8.9172090023752233
4588 -19.108216554427493 6.7625914417603301 8.5732249833559546
4589 -18.925914726085313 6.7990921233577586 8.3224005704444917
4590 -18.89328945391318 6.8823604063884902 8.2876022540589016
4591 -18.962881185236778 6.9666370050422692 8.501556552890321
4592 -18.977687061473162 7.1148285267288047 8.2973024995779845
4593 -18.973390012130469 7.1154535118702569 8.29670086068624
4594 -19.176177101356661 7.5875378468823564 8.2554194713006712
4595 -19.449086863770638 8.4615718724196789 8.0286007985499506
4596 -19.519071106723867 9.2587493600047885 7.80090199196197
4597 -19.37527855648338 10.125007950997182 7.5032014998643008
4598 -19.042129926128524 10.776674837498279 7.1926642890468955
4599 -18.547437685465066 11.43230441444797 7.2154028774895993
4600 -18.092795253671319 11.991646399634034 7.0917766569551901
4601 -17.529756651999726 12.451861291985511 6.7960090833350595
4602 -17.125672737042095 12.620080454770363 6.5859076591479147
4603 -16.944630134067467 12.651368450179152 6.4503483776890622
4604 -16.95362518149761 12.631072367810731 6.2565384105688802
4605 -17.154984734091517 12.655677950254137 6.1055800488649687
4606 -17.158497019311017 12.658345457159644 6.1037159641928556
4607 -17.489272852882209 12.830378160257419 5.9311067501902759
4608 -17.493456070643717 12.832145096277532 5.9297554624470044
4609 -17.62911787690717 13.001238513943008 5.7769586520342813
4610 -17.637479047639015 13.209846573592916 5.7055159111057403
4611 -17.309551575441212 13.180023389179048 5.7486008807577083
4612 -16.947974383064594 12.61488917493363 4.8757967944854279
4613 -16.924132183693509 11.914926082301953 4.8095408544093603
4614 -16.924129247078337 11.914346654059518 4.80917969965315
4615 -16.958574809095794 11.110597494915469 4.7400589776957958
4616 -17.049562362375699 10.379847415765017 4.6739221645341571
4617 -17.210015219237118 9.574535943453343 4.5934664220536447
4618 -17.399504241405456 8.8775598410262191 4.5165767238182433
4619 -17.662872066932355 8.114484065689938 4.4215443778468089
4620 -17.97412630447889 7.3910538727310193 4.3161031333216613
4621 -18.294713950987678 6.780019261221252 4.2145178087544881
4622 -18.709303739497994 6.1287493376190749 4.1019917619244328
4623 -19.128821323496659 5.5748561148383562 4.0046432029716437
4624 -19.665826683208362 4.9685080005478977 3.900637379500703
4625 -20.198892907428398 4.4373577011436884 3.8131276722329535
4626 -20.860998695108123 3.8397300019507981 3.726238469530478
4627 -21.479087885478044 3.3148146899065445 3.6654388061462884
4628 -22.203340268005647 2.7244831674894492 3.6228951796833808
4629 -22.203848596084278 2.7241974492410428 3.6230802447629156
4630 -22.847972854321341 2.2652397296672637 3.6153468596716989
4631 -23.555967596645591 1.7961696371924092 3.6325854950857273
4632 -24.238873977399312 1.3569936240595848 3.6680610523646795
4633 -24.833341763560242 0.97013280361796639 3.7107051000951969
4634 -25.492736784668271 0.52194874719641504 3.7653930267989892
4635 -26.078500474301787 0.10427547589529373 3.8138453511655488
4636 -26.746222286871223 -0.39349302137107145 3.8619928901270959
4637 -27.355841511392633 -0.86251043938941363 3.8953205906448183
4638 -28.057841714074595 -1.413612696572967 3.9186696664269576
4639 -28.683782468892698 -1.9107711653987005 3.9267980302533876
4640 -29.389370880235006 -2.4716919903355019 3.9202761707831084
4641 -30.012873915856737 -2.9635388063062651 3.9002262403085974
4642 -30.704189336068197 -3.4942937825361922 3.8635110496852727
4643 -31.391671052677854 -3.9974958006766625 3.8133861103448963
4644 -32.007493490621805 -4.4196380468060559 3.7598288874323265
4645 -32.713957865890464 -4.862880601327749 3.6959022004902105
4646 -33.357550867539778 -5.2289342577859337 3.6407373985155682
4647 -34.097953239528906 -5.6081498530187588 3.5834149494569592
4648 -34.775143573605334 -5.919926313223149 3.53595165231375
4649 -35.549118284351721 -6.2406562783043658 3.4909068798114773
4650 -36.25311124966823 -6.50550210344083 3.4593808515625577
4651 -37.060068135570233 -6.7838356485250131 3.4314490476259643
4652 -37.783052546019661 -7.0134102244059324 3.411828914455949
4653 -38.606643202976755 -7.2572493647551362 3.3975888567092447
4654 -39.428859583953532 -7.4872201095205355 3.3921718869272368
4655 -40.15294296598811 -7.6831390558142179 3.3940681250235376
4656 -40.948998831578614 -7.8978188796946824 3.4041368843386066
4657 -41.63073638469379 -8.0844377619504044 3.4162789047811852
4658 -42.37375181024283 -8.2932421054589778 3.4307164263555068
4659 -43.013122371482396 -8.4778579109870122 3.4437709667410838
4660 -43.712993646919053 -8.6861472310586265 3.4587363907324669
4661 -44.331151780299145 -8.8757071787688027 3.4718537757001116
4662 -45.035788278000162 -9.0974419008341805 3.4838663583865048
4663 -45.672794384831882 -9.3009310511325456 3.4905269312060265
4664 -46.399321974568224 -9.5337400783423902 3.4941378840718165
4665 -47.146257908268637 -9.7707141836835447 3.4911519206703625
4666 -47.825363715295275 -9.980806326774573 3.481584269336524
4667 -48.604594739313271 -10.212049534319586 3.465144953119951
4668 -49.304640102670135 -10.410432004894988 3.4489927862659409
4669 -50.110962286450295 -10.628580638145985 3.4320555684645218
4670 -50.84096777014696 -10.818852659152581 3.418837791188587
4671 -50.84144572735309 -10.818937207301328 3.4188563585323797
4672 -51.652162774542965 -11.024039641293353 3.3984821778920149
4673 -52.383428750181984 -11.19804404181164 3.3770614370553607
4674 -53.225470498469953 -11.382885177010335 3.3495614771078519
4675 -53.988224978121401 -11.535450226975017 3.323938789973
4676 -54.873563496561943 -11.695564236294237 3.2985398128892505
4677 -55.775780227678347 -11.845720077401912 3.2831766908697144
4678 -56.59118577412584 -11.976783424832572 3.280714624465157
4679 -57.513008561798472 -12.130479135244691 3.2945427713515629
4680 -58.332674211336276 -12.282763552725134 3.321057246861093
4681 -59.251837558408269 -12.48335778299136 3.3630033314465853
4682 -60.055462720155958 -12.692948417471319 3.4071245750393211
4683 -60.935492317725434 -12.96737494428033 3.4625004478283192
4684 -61.701818723091314 -13.250729271633132 3.5131600733029331
4685 -62.533220013443049 -13.606894532226676 3.5658397275720062
4686 -63.240761707499161 -13.951522344590607 3.6062734820055207
4687 -63.994644085665797 -14.359434245754189 3.6444709962156763
4688 -64.752463550817751 -14.812787886900491 3.6608344309042926
4689 -64.752610524532429 -14.813585790744149 3.6608580115588483
4690 -65.429191377717501 -15.212214812089496 3.6330430194875936
4691 -66.209336511528008 -15.626884859831069 3.5607644004512014
4692 -66.828105569863467 -15.982115455103083 3.7486369953435066
4693 -67.480149647083849 -16.516260588721529 3.8883702115647893
4694 -68.039161849345518 -17.090024160450817 3.9557866800642629
4695 -68.656979547873348 -17.804498607602234 3.9767679483132383
4696 -69.154333288164423 -18.462211098977637 4.0798293267787855
4697 -69.611778296528655 -19.269563359094043 4.2547884402413958
4698 -69.864236078311734 -20.017847831081852 4.4777003056960307
4699 -69.914128956831803 -20.84188820687929 4.8140122773260714
4700 -69.696685247367782 -21.531779762654267 5.2465791750851221
4701 -69.347256147763488 -21.931901006512781 5.6957185050095189
4702 -68.89323610735147 -22.113716002357322 6.2241303779626573
4703 -68.278433826459278 -22.011856725091455 6.6324586508763836
4704 -68.278086724331388 -22.012026771773975 6.6357510903680268
4705 -67.764089284678519 -21.670240462483989 7.0903630827383415
4706 -67.496822713663775 -21.243457441228799 7.5144183356161989
4707 -67.437163870138917 -20.721806504244263 8.0137104819501896
4708 -67.489958579377046 -20.347506672285878 8.2605226784405303
4709 -67.640468082355255 -19.948351707600015 8.5515564989310207
4710 -67.971694392946958 -19.535730930982009 8.6086381409350921
4711 -68.555496789817767 -19.048977756337433 8.6259661663165375
4712 -69.512257075495953 -18.762209592714971 8.8443450806914807
4713 -70.352441036463802 -18.626554240090915 9.0173411927579572
4714 -71.264355697165499 -18.581240374367695 9.1942565015206696
4715 -72.03770774730171 -18.622632926963011 9.3337798201884379
4716 -72.03805452756275 -18.62293913562829 9.33517086764558
4717 -72.858950737788021 -18.73564161238361 9.469990431527906
4718 -73.549852736715039 -18.880847586461417 9.5772342846425857
4719 -74.290392091153549 -19.086960341062067 9.6848649696678102
4720 -74.914946357148352 -19.301705441201378 9.7682106011896508
4721 -75.59380519293299 -19.578162640844852 9.8477949484826777
4722 -76.199345743910115 -19.857589026324 9.9102639513486412
4723 -76.900729744161012 -20.208458088462198 9.9712028656201124
4724 -77.64565312244828 -20.589455096135154 10.020843870379561
4725 -78.367409262837882 -20.946060559834475 10.053719699266042
4726 -79.236756153086446 -21.349287583097077 10.072531164517505
4727 -80.064742907962327 -21.695668095084045 10.068543601088932
4728 -81.047667627141124 -22.05950629853551 10.038470577502084
4729 -81.938704398751156 -22.342214196264095 9.9857770684439373
4730 -82.949763880977073 -22.608185239016056 9.8967710063073611
4731 -83.831227522841701 -22.786861580935785 9.7951798813057387
4732 -84.784241577499259 -22.91022816129485 9.6576403824822776
4733 -85.598892125379876 -22.940374688957281 9.5170536069144021
4734 -86.467418642908029 -22.872690972490783 9.3420432712026198
4735 -87.280537447798622 -22.685284351801052 9.1501969415545741
4736 -87.934223895447559 -22.415355817501947 8.9692992723703231
4737 -88.585684914442439 -21.993068934482576 8.7556929660837888
4738 -89.073199297065528 -21.517811488197644 8.5596635422277387
4739 -89.495767641663846 -20.888974103218516 8.3336747315556323
4740 -89.74130085524861 -20.264679188031014 8.1218795262217327
4741 -89.84715679691385 -19.521615325216214 7.8648404779958385
4742 -89.773932871961676 -18.871519872104781 7.6154462722968255
4743 -89.558856733941056 -18.121122561515598 7.5386775101543
4744 -89.559279883389607 -18.120794282272882 7.5379999172876486
4745 -89.298321752589729 -17.46452781903567 7.4151033219833042
4746 -88.929795012593118 -16.738045125348144 7.3646587996557198
4747 -88.516765714762258 -16.008781503593084 7.3281008057129942
4748 -88.13197036919027 -15.378803828604521 7.2974047465675511
4749 -87.719813371567099 -14.70687310690888 7.3068557479962788
4750 -87.383051154680999 -14.170154450162624 7.2388630922720774
4751 -86.799504111200349 -13.711095477493679 6.6656256538569219
4752 -86.186156272473482 -13.664738907508571 6.1048428259192509
4753 -86.126963630399814 -13.882274902906298 5.6758119726851843
4754 -86.129384279378144 -13.881986650790893 5.6732849956197251
4755 -86.32710898339289 -13.920950156898602 5.4138773585425986
4756 -86.590272066260482 -13.882343213276451 5.1601426808587014
4757 -86.72956630318555 -13.914450595293673 4.9646246897526742
4758 -86.838660256715144 -14.124782550198567 4.7420374674983812
4759 -86.942509091563778 -14.592284810649334 4.5592153481138533
4760 -87.078336632114002 -15.111964960306322 4.4820991209274661
4761 -85.41507759305712 -16.775794754220435 9.0153155761806314
4762 -87.009324926746658 -16.067683369013221 9.1109075911121682
4763 -87.013922552121443 -16.069193296638844 9.1100986067217189
4764 -89.010817901368085 -13.03711245353564 4.6762001921984551
4765 -87.441311729822957 -15.559220963352731 8.9476732866994215
4766 -88.862808939138446 -13.110372685125339 6.1317400373841568
4767 -87.296988331427755 -14.196107827913032 3.3306422285358823
4768 -88.014246397421601 -16.155096839835387 3.5361133560521285
4769 -88.84604201319253 -17.336089231054263 3.6675251966824298
4770 -89.761437995629095 -18.269944384291975 3.7611174178374283
4771 -90.489976380449903 -18.843631969975743 3.7899587167442323
4772 -91.221412123150259 -19.338528897943778 3.7728664087439436
4773 -91.888640911961431 -19.752210483338182 3.7227357252581723
4774 -92.459084813682665 -20.085661710674202 3.6624236544173692
4775 -93.11971612439811 -20.434943782733818 3.592289445148551
4776 -93.717153322147283 -20.714935308330272 3.5269675860174283
4777 -94.41137587688651 -20.993236284231678 3.463758282219807
4778 -95.051048746089606 -21.223125302791754 3.4443010116832262
4779 -95.787205021526532 -21.493478447582813 3.4690312804931991
4780 -96.434100651367245 -21.767817519948164 3.5307286150751174
4781 -97.142685474164793 -22.151539164291734 3.646596810054155
4782 -97.722637383101258 -22.574431231409438 3.7827007711223843
4783 -98.303029547308071 -23.168670806731864 3.9698058975238921
4784 -98.762975839921111 -23.882978091651317 4.1806576241172735
4785 -99.046215536904114 -24.59839229802737 4.3715207079036205
4786 -99.207023353532733 -25.477561026637211 4.5849675377752703
4787 -99.199313694510408 -26.283438084924672 4.7594137359697726
4788 -98.978176181882844 -27.163213001864573 5.029874762017684
4789 -98.97752875240451 -27.162766471475958 5.0312749524497544
4790 -98.632020568330844 -27.902025187502872 5.1901198359726344
4791 -98.33166962790699 -28.743176970829307 4.8936988551199327
4792 -98.058241057932321 -29.356868734048039 5.2365038575199367
4793 -98.058669213832687 -29.356282767532306 5.2389836012180027
4794 -97.525946988316051 -29.871478007869797 5.6301462345915807
4795 -96.842901324864357 -30.141434326211588 6.0127495898400918
4796 -96.843295330317375 -30.140849707138031 6.015293686349402
4797 -96.301519984099642 -30.200819271336123 6.0951708976149739
4798 -96.301985846060916 -30.199905304128222 6.0955187251830623
4799 -95.463687654570876 -30.23203575928655 6.3643022863174696
4800 -94.711226582356701 -30.088606072561667 6.5703891222907762
4801 -93.853782856324401 -29.750882702028104 6.7643967919404675
4802 -93.103085595551761 -29.309820952372899 6.899260996203072
4803 -92.273711900411612 -28.698582202201511 6.986297737160216
4804 -91.55355073204943 -28.104118095858517 7.0079498893159089
4805 -90.734355504199087 -27.432327096882538 6.9691832781895835
4806 -89.971469130870844 -26.880492949893863 6.8702648823812806
4807 -89.063651909861818 -26.250636036637481 6.9524181373058545
4808 -88.235794799196171 -25.538590692178136 7.0507663362023818
4809 -87.577247053607167 -24.842610498133279 7.1468280572480625
4810 -86.936633927638269 -23.997694124157924 7.2659075879315829
4811 -86.477003357242054 -23.205516022622692 7.3918015524904099
4812 -86.105047965486563 -22.268694630452945 7.5618526868804814
4813 -85.925695627251571 -21.403334217183101 7.7391912282449757
4814 -85.926123214569657 -20.427505935846014 7.9685385556878829
4815 -86.122122383929465 -19.592385190542799 8.1950983410412981
4816 -86.569900377043709 -18.732684511420686 8.4646065070202496
4817 -87.151300489168293 -18.093703266930756 8.7114672594505809
4818 -87.985602382312436 -17.559509753945214 8.9942935031133118
4819 -88.832894431095866 -17.289684692581329 9.2377168197700215
4820 -89.699494159416247 -17.110456267115062 9.171141719677447
4821 -89.69926046057229 -17.110709790732042 9.170711592854353
4822 -90.577427395106056 -16.891775220357449 9.1444727842835807
4823 -91.369220479342687 -16.675999806252225 9.1183106741820499
4824 -92.053187284051759 -16.205031129770312 8.4942225291374385
4825 -92.275285843826609 -15.560050710460715 7.8972599799520982
4826 -92.292220472439979 -14.727124700522019 7.8397375008564252
4827 -92.291355729926508 -14.727531164154321 7.8397275773094446
4828 -92.2350430812659 -14.048954109281937 7.6969502721777356
4829 -91.876835366079561 -13.416680890151147 7.0951141621140223
4830 -91.08127472553987 -12.820584357635269 6.7823745796288222
4831 -89.866230234574189 -12.353098879653304 6.6441335958302306
4832 -88.688508203640495 -12.022101179177868 6.681367444942353
4833 -87.433852341857801 -11.523308659341138 6.8884436496118919
4834 -86.578827476958381 -11.044207180222696 6.7216007481151703
4835 -85.798690020071462 -10.791893495129225 6.4789835774448035
4836 -85.798374113644968 -10.79306352787169 6.4778002033766322
4837 -84.783393199078077 -10.669643353117038 6.3700432681022319
4838 -83.850332480093883 -10.463151754664135 6.7443157789037826
4839 -83.850027895250335 -10.464151781424995 6.7474076875480371
4840 -82.906373876891038 -10.089550789920331 6.6235373573613634
4841 -82.059761350221862 -9.681768097040452 6.9436862936179073
4842 -81.357499627231022 -9.0531393837136047 7.1120206384843438
4843 -80.931443587773458 -8.3828893291495294 7.4559875950554364
4844 -80.566660659341451 -7.4355672307143506 7.5847596736286764
4845 -80.414050430409745 -6.6025124890373919 7.8005775498475236
4846 -80.90377150192667 -5.4055822636898965 9.1673717799533918
4847 -81.095462115147953 -5.1410500144378393 8.4349424436511633
4848 -81.233945458488677 -4.6288942509987683 7.9065496442378977
4849 -81.231827154384646 -4.6290081024992791 7.9034657953001481
4850 -81.113738604383627 -3.7246185016561872 7.5487586066506491
4851 -80.623375328149663 -2.7272962416079789 7.376019657949481
4852 -80.060553224086064 -1.3558390752950502 8.055509954055724
4853 -80.525021915937586 -0.59783173380075683 8.830849126843713
4854 -81.178030972638439 -0.70407740441780642 9.9087298570340909
4855 -81.268180592265253 -1.2484412927503297 10.953281081291736
4856 -81.587613855165429 -1.8334062167963481 10.16498505245937
4857 -81.587343313845992 -1.8326815175477975 10.160829907306484
4858 -82.427499806462293 -2.1936227943643534 9.4600090263180867
4859 -83.783988799969862 -1.9000758056636784 8.9247666251072051
4860 -84.77747524521682 -1.0719367859238913 8.5498903170526628
4861 -85.226717963094671 -0.49807375142712756 8.4567971749743602
4862 -85.443171164146037 0.15679698098426054 7.8996962002391369
4863 -85.56962779333746 0.41911400449439823 7.7670091326436994
4864 -85.76805147577268 0.72292133406998738 7.4964211660613236
4865 -85.165217501571064 1.4495265039184759 7.2921231741781689
4866 -84.606064307347751 2.0733322758298196 7.093882051456931
4867 -84.114594817743736 2.5024044438923805 6.9405801396426812
4868 -83.846152367156165 3.3233200378756034 8.4831903563577775
4869 -83.845226478198242 3.3217667097984691 8.4958113131024611
4870 -84.296973428278278 3.2560804374469394 9.8802405890421241
4871 -84.624169199404108 2.6155417180261593 11.317010407576277
4872 -84.492836684647543 1.7011249319640702 10.894382918096959
4873 -84.734974875505515 0.8771815917610386 10.577019485231149
4874 -85.274042725224803 0.11665546145984088 10.218712087517511
4875 -85.976403949449946 -0.45364306761803902 9.9980229987795788
4876 -86.539471603994343 -0.79043933139894806 9.9477141151675621
4877 -86.538909077486025 -0.79315965638738595 9.9469794780606104
4878 -87.051403693213629 -1.0607636642212266 9.8792677220177136
4879 -87.654098665645094 -1.2615975194113411 9.5665662794746833
4880 -88.009614202238055 -1.224328051753294 9.1120713793845294
4881 -88.016752129319244 -1.0887455779834712 8.4255470093560714
4882 -87.958489684625803 -1.2011992282160797 8.1931291929565351
4883 -87.973361110714038 -1.3030234522120141 8.1022193068436952
4884 -88.32742944202603 -1.0633945021498792 9.2587881916106571
4885 -88.883440241769733 -1.1541819251959766 10.227798079447426
4886 -89.154776057135038 -1.3922405074041857 10.039592688810991
4887 -89.154100563915904 -1.3922159924852657 10.037741274291417
4888 -89.419117426826801 -1.5528897946508455 9.8720701044091967
4889 -89.729657876541808 -1.676242772973441 9.703004962782904
4890 -90.008250971144207 -1.7420224724336832 9.5667709473539997
4891 -90.314438309424872 -1.771124827133163 9.42534470691918
4892 -90.575465701653997 -1.7634209976577588 9.3040515335103908
4893 -90.865796274195276 -1.7177401532095544 9.1722291253966279
4894 -91.123003499298918 -1.6436563345128776 9.0448834753626919
4895 -91.405209454451494 -1.5163105624974 8.88702227306994
4896 -91.639033459012794 -1.3375149761083485 8.5849334513216196
4897 -91.818441895260847 -1.0865679165915547 8.3295658582600982
4898 -91.999865664500263 -0.7225564711493585 8.3338953921868253
4899 -92.162688262354976 -0.40710935061390785 8.335682581819766
4900 -92.259942562682525 -0.070190691595575838 7.9358892104932393
4901 -92.259366890604625 -0.070436097293573141 7.9323330157535983
4902 -92.228701478204812 0.26527568460107986 7.5864797143681146
4903 -92.052035943542862 0.62951524898170996 7.2167442800341135
4904 -91.781064916985244 0.89431837317059459 6.9077506723257214
4905 -91.39017490429076 1.0853636275365466 6.5858447331018946
4906 -91.055502445825724 1.1707301791395113 6.4833338984799918
4907 -90.690930137816295 1.2246204816056365 6.3762966517812174
4908 -90.342553730652952 1.2400935660781149 6.2780862840614482
4909 -90.044053822935879 1.2265667018692183 6.1978912620249869
4910 -89.715661569145567 1.1845476765159448 6.1143180873797105
4911 -89.416011022293418 1.1217184851374544 6.0390595560674756
4912 -89.060055647481633 1.0163485998466648 5.9517939454879638
4913 -88.733012245744007 0.88922727547904912 5.8729145583343065
4914 -88.358922942355349 0.70673881190248322 5.7844359641647793
4915 -88.019344295809546 0.50490969909012984 5.7068419040401768
4916 -87.636699896405915 0.23358905743530242 5.6223666875650444
4917 -87.298674107922864 -0.048187235481107454 5.5501708759180852
4918 -86.923952299293859 -0.41171423643469718 5.4712548355202095
4919 -86.559622442728724 -0.82361924959925226 5.3971885655979364
4920 -86.245519990562642 -1.2303953167766126 5.3382053178195754
4921 -85.906054540439627 -1.724232510207413 5.2872112146023937
4922 -85.615574847146931 -2.1898243738502305 5.2507431961210509
4923 -85.30198221005611 -2.736230038941033 5.2145776495123926
4924 -85.036253865095546 -3.2341230260667206 5.1902365811116109
4925 -84.750127295265827 -3.8012968152137656 5.1693924958592667
4926 -84.501279241150414 -4.3187198079703872 5.1532818729507266
4927 -84.23105323330725 -4.9057344956340323 5.1362671913717168
4928 -84.001191504730201 -5.427001972238835 5.1215122191259947
4929 -83.756220398117023 -6.0087216987598122 5.1031829158430533
4930 -83.520826758081441 -6.597117292543027 5.0859331992929064
4931 -83.321130372853901 -7.1208522345537668 5.070721370876262
4932 -83.111157738336004 -7.6985557703670136 5.0545716737094377
4933 -82.934740824971698 -8.2097495301457997 5.0380714729815033
4934 -82.746574223435204 -8.787640571935464 5.0195165484998707
4935 -82.590856989859645 -9.2964043115535073 5.0025179379810814
4936 -82.425328886517434 -9.8756102585237002 4.9822218369475797
4937 -82.287147251450307 -10.397585057857622 4.9631887001611386
4938 -82.145122992450624 -10.984945345704055 4.9389297408968211
4939 -82.030563860905716 -11.512342578571655 4.9165781166993288
4940 -81.91843428282769 -12.100102661648108 4.8882128635404474
4941 -81.824261490817662 -12.690598693708012 4.8555978466876821
4942 -81.757909174876104 -13.2148111569597 4.823148601896996
4943 -81.706056491237305 -13.795928907644734 4.7810077209698729
4944 -81.682058424762289 -14.305598923651146 4.7385529747785817
4945 -81.68266317699414 -14.879950091096958 4.6839674086365823
4946 -81.710275684582157 -15.383861428651279 4.630274753635665
4947 -81.774457960092718 -15.940816470449462 4.5630754036609327
4948 -81.864352053364527 -16.430788418575148 4.4961441258467971
4949 -82.006061695805457 -16.973104702369682 4.4140013320868805
4950 -82.169708137634018 -17.440635868109887 4.3334109717965976
4951 -82.401514740139163 -17.949954639418387 4.2327709861403857
4952 -82.687933917333169 -18.435533786576713 4.121884052691847
4953 -82.986229940924048 -18.833938508629085 4.0145238217989156
4954 -83.372169348230003 -19.238794098596532 3.8851456382916814
4955 -83.758018733376346 -19.552442684732146 3.7617321578456409
4956 -84.232563218597775 -19.841249522070452 3.6150959268841305
4957 -84.67869812119001 -20.032046258736408 3.4791988272456567
4958 -85.201969055787615 -20.168841543615319 3.3202477671376887
4959 -85.671076568261725 -20.217391153818671 3.1749737588988602
4960 -86.189179393121108 -20.189614018636743 3.0082619070443672
4961 -86.602677513819728 -20.093017692737668 2.8364687613435442
4962 -86.602368962377213 -20.093154970373551 2.8348115179015592
4963 -87.023268338891725 -19.919480576595294 2.689985150811276
4964 -87.400964997753888 -19.692871660123561 2.541075371513458
4965 -87.718674748411374 -19.439434949631345 2.4113592656997049
4966 -88.06236349619769 -19.072092546020667 2.2336136000254534
4967 -88.308143161289635 -18.704406118917184 2.0845111417079201
4968 -88.513691173224117 -18.260673521207252 1.922634136331371
4969 -88.710574751770324 -17.926235922919442 2.2455336320468682
4970 -88.710444673575552 -17.926536892418888 2.2498330888011089
4971 -89.036361351145985 -17.656294782945185 2.6032672087251116
4972 -89.390849061366566 -17.519472020838446 2.9105863877819282
4973 -89.823614329367985 -17.496122530972794 3.2414090676091578
4974 -90.203708987024328 -17.590889768448442 3.5207523488449262
4975 -90.594689614746443 -17.81647326592546 3.8145895542455763
4976 -90.919387744365267 -18.150398317872884 4.0909872711733817
4977 -91.130743177943671 -18.517335466924973 4.3245566611908037
4978 -91.267176755216312 -18.970201105445248 4.5669338639103545
4979 -91.298854149387225 -19.395212013977623 4.7717849542492488
4980 -91.235676923420741 -19.875818191269406 4.9913494243491128
4981 -91.09343704756202 -20.28626640826781 5.1806832533414351
4982 -90.840186457308974 -20.717541024417208 5.3924879728697617
4983 -90.549268110019298 -21.07735592236001 5.4573291276867799
4984 -90.54937691839541 -21.078037568567822 5.4584378846456447
4985 -90.258411925864635 -21.455465001362555 5.2875131812074496
4986 -90.258448177010692 -21.45577728608724 5.2853337843535106
4987 -90.031783516642861 -21.864278395745924 5.1858094341925014
4988 -89.818013697979481 -22.384899402634655 5.0835694828912477
4989 -89.65733428211216 -22.960847298599223 4.9897808378327575
4990 -89.564505083315893 -23.510814158530973 4.9113017087264801
4991 -89.517197372535534 -24.157284230543031 4.8233221098078811
4992 -89.529723445309656 -24.754641928263197 4.7432378030898983
4993 -89.603767160840363 -25.439625756718971 4.6490798681167993
4994 -89.723446685026715 -26.050617078031465 4.5605978734583843
4995 -89.916269463517864 -26.722932166485737 4.4514422863220044
4996 -90.144020446520784 -27.306556882842219 4.3435066503618796
4997 -90.463889299425617 -27.932967017188577 4.2079307952862903
4998 -90.887807617450804 -28.545040527572564 4.0435061780003672
4999 -91.495629735848368 -29.125081334705715 3.8517112210191264
5000 -92.215920825778014 -29.556831658221448 3.6313795127412738
5001 -92.900992146363819 -29.77693210391482 3.4001420387940855
5002 -93.667654050038195 -29.821038942909738 3.0870887630511623
5003 -94.278620261379672 -29.668306618115341 2.7505313500857742
5004 -94.795768645994087 -29.302287333257574 2.2972440038204711
5005 -95.022379733698145 -28.890834020804391 1.8324760499868269
5006 -95.070710159654553 -28.516642382800697 1.50591647785756
5007 -94.998431866306007 -28.201323685368305 1.2004441749656518
5008 -94.793409808976691 -27.892883374620975 0.86318563463952025
5009 -94.516158724767763 -27.668508563390212 0.58149744348748689
5010 -94.106038854841913 -27.487441497081939 0.3114344342980464
5011 -93.726759419864123 -27.367508135209786 0.24906307795424962
5012 -93.365528220633379 -27.245808149576337 0.30275907166146887
5013 -92.984437757250987 -27.042926192084529 0.48872255512808244
5014 -92.739082379199274 -26.842073814106559 0.5509013824905955
5015 -92.455867669570267 -26.523742772092987 0.71679274770356305
5016 -92.203319811456851 -26.120526085022593 0.95812156338021337
5017 -91.959397141772328 -25.485384343093017 1.3449604426831834
5018 -91.54756977280627 -24.674942701410501 1.7455437900756345
5019 -90.858252941838941 -23.68802570252878 1.5723492306274844
5020 -90.371689114977571 -22.896666249536864 1.4265187094864644
5021 -89.898133172840573 -22.099281074426504 1.2787417093303415
5022 -89.460777047403298 -21.383609695105367 1.1428055385248352
5023 -89.092120710468464 -20.815232289179502 1.0492242538697596
5024 -88.673826391440187 -20.223963220447388 0.96931279233802581
5025 -88.292395049121097 -19.726634944337704 0.9268290318459913
5026 -87.85236288904656 -19.180547586846792 0.89914452869174855
5027 -87.655391588000938 -18.735506342361905 1.2221641555952321
5028 -87.65203030603449 -18.189234613401865 1.639247850723289
5029 -87.849640112528718 -17.750059848704527 1.9973441704215271
5030 -88.247706882158866 -17.3026537147746 2.3728232023770399
5031 -88.747219578220481 -16.991284541909312 2.6892997014224957
5032 -89.492679949199243 -16.679384463333911 3.0666613620983787
5033 -90.429398073101893 -16.492710643252629 3.4683848012172027
5034 -91.424220187328658 -16.467467629845753 3.8529942737570391
5035 -92.720347733661157 -16.401602327268307 3.9359257434776111
5036 -93.780468050916227 -16.593122931299654 4.0381585222126644
5037 -94.827181699608133 -17.051257616429048 4.178974145417075
5038 -95.554821755341521 -17.650432833687574 4.331009346181383
5039 -96.115333471359676 -18.459379940785606 4.52538069127458
5040 -96.342277958895437 -19.214428507324012 4.7084693036176475
5041 -96.338970677032464 -20.014674513528366 4.9255118610873065
5042 -96.158516592663034 -20.598861161063279 5.1160645736053656
5043 -95.842278735005564 -21.123358414832673 5.3281377538440085
5044 -95.308787521500079 -21.769442200959016 5.5324141990225737
5045 -94.734423914856023 -22.278003816754968 5.6572654269312848
5046 -94.024044835795635 -22.779649215525815 5.7406884173135895
5047 -93.891300656346019 -22.801801021844568 5.930489135759637
5048 -93.674686194814868 -22.847009666015683 6.0133468907478482
5049 -93.865332800114388 -22.680458646628104 6.4248823744060042
5050 -93.645793534297056 -22.557443351913854 6.6971911930569634
5051 -93.243669674187075 -22.374763680712064 6.6823569357474391
5052 -92.763850947512339 -22.265154374169981 6.3635186141570772
5053 -92.714507808121127 -22.250679415015146 6.355452947030181
5054 -92.715870537960328 -22.18074076639094 6.606136895317924
5055 -92.284310623737213 -22.106417151102722 6.3798953147968351
5056 -92.259159009898937 -22.072276684906232 6.6914045832144575
5057 -92.245359734197336 -21.866224276523642 6.7805954023751207
5058 -92.201711705519713 -21.544472690326948 7.1017368607530758
5059 -91.959789457971354 -21.133050879004276 7.2366501393524869
5060 -91.759608914121003 -20.753006183368448 7.1518723602513683
5061 -91.423663886025864 -20.150532212273013 7.3065512312629828
5062 -90.971941789364038 -19.442080335511385 7.6571170529669983
5063 -89.87026148981262 -18.698960361232441 7.478746666636507
5064 -89.004817653368576 -18.079319100028389 7.318631814129108
5065 -88.140508124530285 -17.46073790621675 7.144140797624166
5066 -87.369919229475897 -16.937500413037693 6.9803275459881808
5067 -86.729828510502855 -16.552526226623659 6.8481885074397537
5068 -86.023557778540905 -16.201445259159136 6.7143093997464431
5069 -85.389946854281263 -15.953979343563923 6.6087179103183615
5070 -84.654862244400988 -15.736554046741555 6.5044568677933254
5071 -83.969830752547068 -15.585933105668614 6.4236207909715883
5072 -83.160225579950577 -15.457104974696861 6.3430687760962341
5073 -82.415275143794332 -15.374126377059838 6.2870070421132098
5074 -81.541581520926357 -15.304431205875135 6.241934631453395
5075 -80.746644276716935 -15.258799523072282 6.218540946265084
5076 -79.853339766784657 -15.223018070724857 6.200215033142455
5077 -78.962250686478555 -15.20099944109632 6.1906846604325807
5078 -78.173731676850977 -15.1907424828989 6.1832676267863018
5079 -77.293273737770633 -15.187678033691894 6.1744214875885621
5080 -76.522212377778089 -15.195159302619551 6.1664999256485835
5081 -75.664696717848258 -15.214752726865509 6.1574320513705221
5082 -74.917033326521974 -15.241470798444599 6.1554459966643718
5083 -74.090174350398073 -15.27847860349009 6.1606518699711517
5084 -73.36791652363604 -15.314453990657324 6.1684612998703043
5085 -72.575460444161578 -15.356749759834548 6.1788422826684961
5086 -71.886056976235835 -15.396553226046866 6.1889041716619104
5087 -71.127044432910125 -15.441902103160968 6.1959735746145927
5088 -70.380318678212404 -15.490788581646157 6.1951434640362741
5089 -69.729709015451547 -15.542740430627257 6.181530692143534
5090 -69.016666790469984 -15.619466921058834 6.1486565810944054
5091 -68.39594761436355 -15.711347339509693 6.107330932349182
5092 -67.713504152949341 -15.84841296644351 6.047967741866084
5093 -67.128409592781608 -16.005226564046367 5.9807730224452493
5094 -66.497268850512484 -16.230514858457102 5.883115352111262
5095 -65.968172557617336 -16.478728687713943 5.7860967640749843
5096 -65.407684562104222 -16.817838220576437 5.6670148609640689
5097 -64.944018254135699 -17.176976218294399 5.5515855066481254
5098 -64.472472369732799 -17.643758416937906 5.4127056963589837
5099 -64.061813736423673 -18.180636934377812 5.2640144865699021
5100 -63.765765053026321 -18.708636229588357 5.1241326371280245
5101 -63.525448907428832 -19.350049513349742 4.953018606433286
5102 -63.408797270177864 -19.954607977041885 4.7891562905473437
5103 -63.401226121293512 -20.649767221737392 4.594309150933265
5104 -63.512238960807686 -21.254746661532906 4.41486758277677
5105 -63.769206465830301 -21.896980624679202 4.2041571151877974
5106 -64.104022544695866 -22.399197101029433 4.0162668053406492
5107 -64.586723276757112 -22.880209608006258 3.8113709108979665
5108 -65.08068109376967 -23.203987800562491 3.624918098634117
5109 -65.69019566682411 -23.442059657640417 3.4043499854941279
5110 -66.26496972476987 -23.532127946416516 3.1979130802736582
5111 -66.538102612064378 -23.465386253720688 3.2342129642514732
5112 -66.825374721449222 -23.395595823944369 3.2517847602248811
5113 -67.110561194151302 -23.316735191379358 3.247030569733544
5114 -67.526702827582639 -23.218884353130775 3.1825492370322057
5115 -68.043557864657657 -23.100568731797647 3.0838797919396805
5116 -68.871074830060834 -22.99113480087172 2.8939301457248581
5117 -69.913886959979905 -23.058995461267838 2.6350698556111785
5118 -71.373828253287968 -23.673974887217746 2.4946740952626536
5119 -72.661707103289118 -23.72478076613363 2.3233306274734744
5120 -73.947113624478533 -23.329875606958417 2.0879685316101191
5121 -74.9298350508071 -22.533340974085309 1.8086203539191403
5122 -75.428264408490847 -21.618271560950195 1.5344375956599174
5123 -75.603604791632392 -20.482469864679722 1.2063912405877026
5124 -75.412599370622829 -19.503534339965562 0.91432580804109143
5125 -74.878471839290768 -18.479931221377974 0.59756947997600096
5126 -74.169748643232708 -17.734366455941075 0.34190977900604635
5127 -73.178855381540885 -17.086366999709295 0.085914791428351123
5128 -72.186845694215791 -16.720541955177964 -0.11310081040941289
5129 -71.027698224556957 -16.526289644476968 -0.29678696493615053
5130 -69.986439419056808 -16.539057887513309 -0.42748939325403679
5131 -68.862360638825635 -16.717811127203294 -0.53393014396994198
5132 -67.925134674304061 -17.006493546705979 -0.6026562760586035
5133 -66.939428879687753 -17.442704379745294 -0.7024789773075899
5134 -65.942419403819912 -17.930977383986423 -0.75270036583815092
5135 -65.060196126592515 -18.389524315633341 -0.75182170564950868
5136 -64.093198927448 -18.895170203072453 -0.70291481473279305
5137 -63.271625336518724 -19.3134254105662 -0.62592724403974842
5138 -62.385905505457657 -19.720101015997233 -0.50085356683943005
5139 -61.617623331349179 -20.004299080127812 -0.35302033261542953
5140 -60.753376538170436 -20.209996412916425 -0.15894880308882878
5141 -59.958965378432445 -20.28607698396636 0.024908860934623189
5142 -58.99192887669593 -20.253036875142055 0.24115832963523143
5143 -58.030740452664936 -20.134256905988618 0.43324369800595086
5144 -56.814260838203502 -19.922687123935169 0.63846702271403544
5145 -55.432800751166681 -19.669985475996356 0.82385495331720504
5146 -54.04816743733285 -19.440189884823486 0.96685609814187146
5147 -52.349666089930118 -19.199223275573274 1.1028584553123517
5148 -50.725020920081555 -19.026016019281425 1.2028396266200829
5149 -48.819373645105827 -18.870288212703059 1.2848351083987792
5150 -47.065854328220915 -18.761240361574394 1.328559409610748
5151 -45.082487094013217 -18.650941928603999 1.3489636145048849
5152 -43.317432072186214 -18.553788311232609 1.3409305458611791
5153 -41.360447361026417 -18.434254615530048 1.3096602826293711
5154 -39.668245192786458 -18.286509101578943 1.2723981008259881
5155 -37.8369910601524 -18.064775047112484 1.2225226395611415
5156 -36.09896709848725 -17.767808447276128 1.1660315498479457
5157 -34.658398148301018 -17.423362219356672 1.1118196244147953
5158 -33.172160820137577 -16.970580901487523 1.0496192242074944
5159 -31.996619510114641 -16.52440987775265 0.99186773814075169
5160 -30.830929984119333 -16.01294393658625 0.92944069953413666
5161 -29.909751418473778 -15.554275908319941 0.879782583608689
5162 -28.995235994534905 -15.055080902398144 0.83461734680512012
5163 -28.281255339677333 -14.625280271046311 0.80677626299967908
5164 -27.560370735656317 -14.157143769090762 0.78775385316164637
5165 -26.987873910459559 -13.755469795043943 0.77790480561621345
5166 -26.404165530546841 -13.321499291586164 0.77368368877091298
5167 -25.862400691398744 -12.896146924615991 0.77295855636607114
5168 -25.403796416720329 -12.518977447614171 0.77642893577754069
5169 -24.904164012152521 -12.091839904833122 0.78295651573885905
5170 -24.46752072195796 -11.703921415969884 0.79066068801870815
5171 -23.979769512532499 -11.252411884813743 0.80357463460163325
5172 -23.552095431699946 -10.836599369146427 0.81631569773878265
5173 -23.081667319824916 -10.357131379339453 0.83251791928641272
5174 -22.670884019830449 -9.9181474550217796 0.84487365926728386
5175 -22.21586575481486 -9.4113840856407354 0.85967736227297586
5176 -21.817308657711262 -8.947535257108207 0.87206241913731963
5177 -21.37592309925471 -8.4130018520366274 0.88420001401959147
5178 -20.938802793005632 -7.860325553816514 0.89790601884845633
5179 -20.553890226502602 -7.3510754962190124 0.91154376072018573
5180 -20.128555581999088 -6.7616000146052588 0.92542932096370722
5181 -19.754003532562745 -6.2210725100054667 0.93351210930095141
5182 -19.332906621098676 -5.5942570069129216 0.94131032979165452
5183 -18.962506348287455 -5.0273916653015931 0.94978287743879986
5184 -18.550551243223264 -4.3823886225721713 0.96167801440268263
5185 -18.187693472020435 -3.798071997450398 0.97713378380868354
5186 -17.79084573046244 -3.1393897392868007 1.0001322296273463
5187 -17.449507389833258 -2.5557760851329023 1.022364417620794
5188 -17.086874545481987 -1.89270119085604 1.0847359792758342
5189 -16.768986975704699 -1.2073953130345825 1.1573202823353277
5190 -16.526694411574503 -0.56913079126447563 1.2326649587487055
5191 -16.315080111077314 0.17152131752862221 1.3355651539233908
5192 -16.193116584471074 0.84783874856840746 1.4413317784872053
5193 -16.14284245719471 1.6294533996667915 1.5743692427713774
5194 -16.188134423868103 2.3169377313783546 1.7099857501165363
5195 -16.351152041897581 3.0597875055482748 1.885016321726587
5196 -16.6022363058011 3.6722768576733649 2.0608334220496687
5197 -17.006386162102562 4.2813368858409184 2.2812668786283745
5198 -17.452734718051211 4.7045221066377438 2.5010971694777937
5199 -18.109987138393699 5.082649051715447 2.7904199266602503
5200 -18.808796464253138 5.2213012784473021 3.1395344030290673
5201 -19.372276014496446 5.142272158445742 3.4261903022562259
5202 -19.857496016957025 4.8606637580125716 3.8416892806560092
5203 -20.186972886516294 4.9818407181851523 2.6942216135350279
5204 -20.529927574147948 5.5578015955770352 1.4948770836716037
5205 -20.179256506916566 6.3921092202839844 0.53231095401482631
5206 -19.196089622987273 6.5786099247403627 -0.53367822550846233
5207 -18.77602497819063 6.512575985421055 0.037594912233416281
5208 -18.202150229570307 6.747677606503129 0.75314575492191949
5209 -17.814134210013105 7.309092393755086 1.3229332788496031
5210 -17.771423957032454 8.1754914378423109 1.9333482284256986
5211 -18.245491268497464 8.9345211775449318 2.5517339396169287
5212 -18.931435786096618 9.4041408564597955 2.5379404851774443
5213 -19.713085656537444 9.9630880204671133 2.574162165588445
5214 -20.492922035861749 10.397557847830113 2.8531345409928579
5215 -21.375694706817203 10.655992646083385 2.9390574295585754
5216 -22.090923994095473 10.690118650586051 3.3016968757641001
5217 -22.723493292103559 10.542894105219519 3.4427803640115502
5218 -23.127451092863531 10.657219970190688 2.5253080321367118
5219 -23.465315160007279 10.755761552552444 2.9429816785575831
5220 -23.712112356589479 10.68381881398056 3.3715721394018048
5221 -23.906929362940055 10.476493063575193 3.8621832916937735
5222 -24.02984847546842 10.172277921663854 4.3350492473284872
5223 -24.108993143973805 9.7309633973576197 4.6439162519108379
5224 -24.090222592276984 9.065289677073908 4.8245464892145167
5225 -23.928835583803117 8.4696327139973224 5.1081495800288153
5226 -23.526571805905242 7.7938685042090787 5.4032030442755516
5227 -22.974958375193431 7.2887532843345486 5.7115436808669324
5228 -22.10567342023311 6.822212799615599 5.9078768164741673
5229 -21.313082250807653 6.5141698772613186 5.9257123268873064
5230 -20.463180823732181 6.2854183418766247 6.1433065964580349
5231 -19.674337542796742 6.2530706055077809 6.3697665326966595
5232 -18.683151746306649 6.3821440109058907 6.4673265541984462
5233 -17.654667427323975 6.5522409729437401 6.4067691368032706
5234 -16.805400497271833 6.7001372646090678 6.552242208980779
5235 -15.796428022544715 6.9452039502744007 6.5104882675253739
5236 -14.923707997339307 7.0512850783728087 6.2972770307494148
5237 -14.228997807987049 6.8566853266984653 5.7241417465492743
5238 -14.05166046056803 6.5532205146512528 5.0313209362590925
5239 -14.174899218112646 6.416914985281446 4.1544044045770869
5240 -14.301728997216264 5.8793173668417262 4.394393281608953
5241 -14.388957486117217 5.1875416219522155 4.5714882306050821
5242 -14.341803068826367 4.5911898055506288 4.763102576062451
5243 -14.20842617775771 3.8697734960193291 4.901729540130618
5244 -13.969999344257737 3.1330339473549635 5.0819504799833579
5245 -13.661003404144084 2.5485536998686986 5.2445033609064389
5246 -13.221614066205118 1.9700282902065187 5.4335293043947024
5247 -12.748431439854087 1.5571807831147209 5.6689123101797598
5248 -12.136274945422732 1.2074190564030063 5.8796761736340795
5249 -11.523477355574823 0.99646864936406121 6.1040978551380531
5250 -10.627938132805689 0.75627292415473313 6.2994231122095599
5251 -9.9145896413379404 0.27531168992527805 5.1126638636401855
5252 -9.4009627479698743 0.49538089767144139 5.8250761162212292
5253 -8.8084180445256735 0.37540314274788628 6.1443365960344707
5254 -7.9442772823472669 0.10980895071843372 6.0294596631469481
5255 -7.2154020502578433 -0.11335300583844743 5.9409191563607253
5256 -5.3621775225686612 0.28419901510216272 5.6191086137515063
5257 -3.7914040886518539 1.9020476809869331 5.4228058194306952
5258 -2.8994108022292497 3.7767928736687586 5.6338336440259074
5259 -2.4599845470272959 6.0930517650417455 6.2788806585478518
5260 -1.9257364637306145 8.2284229096216919 6.1936988062556555
5261 -0.37562471697123168 10.209913629939145 5.8319621494845491
5262 1.6681651243298483 10.927401088064546 5.4928957010632598
5263 3.429566318823297 10.802257136441529 5.5084166783670696
5264 4.8624738734673567 11.151779424434572 6.0744291794334462
5265 6.1025504032081477 10.427578642992925 4.9556721913403088
5266 5.8725916041647741 9.337070573785585 3.7353554509279174
5267 5.6541058158109845 9.5111572977057453 2.4289747456695974
5268 5.1277296836952173 9.5986071641829867 3.1215148085033566
5269 3.8320372891346155 9.4971242560007472 3.6811781137791026
5270 2.4727375724349843 8.6577592754360797 4.2381115648762071
5271 1.8424108715517893 7.3271803919505372 4.6160542234936282
5272 1.1035126009783249 7.4528848958665623 2.5626793242564996
5273 -1.748476747059752 9.1095958974545841 3.3007149044534954
5274 -5.7738996925468449 8.2948376375706996 3.7982083151443073
5275 -8.4340806286869867 6.3370411183995508 4.7238142249457953
5276 -8.2701338552020189 4.7194646723449072 5.1518422596314286
5277 -8.1621371874013793 4.7834386578496169 5.3996795760285776
5278 -8.6658760677722864 6.0614119869717804 6.3390192195796624
5279 -7.0227376698951662 6.1857036318771472 6.3699405552139323
5280 -5.5989149603680231 6.1686261331945937 5.9966903503716642
5281 -5.1846394315951372 6.1284377059341253 6.0886227272163183
5282 -3.939667176753074 5.6790984258250257 5.8047939870394192
5283 -2.5568676850575986 4.8969681990348644 5.6069188620989863
5284 -1.4100802076352874 4.0474154008682035 5.4259192111314301
5285 -0.25674456584339533 2.884587081232286 5.1873775393538981
5286 0.49173139016866663 1.652012210569372 4.9051814053093015
5287 0.76032615366832479 0.15488606892890366 4.4139613437868626
5288 0.17744806761219889 -0.85924076364498692 3.6238778180162168
5289 -0.33984496908732398 -1.1258856573120326 3.6397938337734743
5290 -1.009533601423596 -1.2968215001655203 3.240894395410356
5291 -1.5475179375323818 -1.2825437942181415 3.0861403878923221
5292 -1.965372556433441 -1.2964158952197757 3.2464466954070392
5293 -2.5477797893970742 -1.2087568209766504 2.8413369584238968
5294 -2.1403968949941206 -0.74032914157214236 1.6594789040332396
5295 -2.0166799542976732 -0.15910461830284628 1.2051615435814631
5296 -1.3906979135548379 1.3578354267717392 1.0246966880694894
5297 -0.86169231972134974 2.7931906644265196 0.8626999735409856
5298 -0.19203602267723241 4.467880510845692 0.72367267131608337
5299 0.66517321535890117 6.106382224267433 0.64447266656591085
5300 1.6926393410243359 7.3046695974823557 0.5625714958968171
5301 1.6794678436660821 7.2145931162156227 0.47069353101747713
5302 1.2030276377305569 7.0879169660724051 0.83398133989077683
5303 1.431946727593443 7.0705297755519432 0.48801314326587208
5304 1.0032243415501083 6.8386581904540691 0.56278299847689883
5305 0.54283766059695759 6.5990176618386283 0.73034742857496671
5306 0.42914301866785265 6.4381027535711448 0.6918504899003729
5307 -1.8023950271540154 4.5293032142993077 1.1495849437174888
5308 -2.8367898027359901 1.7616782802323494 1.4830374610571266
5309 -2.6702450930131016 -0.23946407340847897 1.7546794482387851
5310 -2.52486393813806 0.1314137126886239 1.7695607827957729
5311 -7.4719369640945787 -0.83088601857297684 0.88163590622167254
5312 -11.775040680211726 -0.35400625670191721 3.2809973840731339
5313 -13.258849128108601 0.41177598022786466 5.9057758300721446
5314 -14.598886220589849 -0.053375491353026217 8.6117838482905675
5315 -15.035735030781582 0.33681020670605977 8.7318370114321073
5316 -14.43552786305103 -0.47823770749336769 9.4259051097111932
5317 -15.736896027196755 -0.29884154664206042 8.8964644815986151
5318 -14.610059923860762 -1.3190940908919155 9.6920336681335542
5319 -16.166688986525497 -1.5225372983934558 9.09614307855046
5320 -15.128775752214201 -1.9416753510340876 9.1922793492888264
5321 -13.976481724145405 -2.2445737671298986 9.158710911412248
5322 -12.34402661589529 -3.148972041763499 10.122782092261325
5323 -14.311770272764013 -4.3045546472807743 9.4583291206728024
5324 -12.679975172881532 -4.7929636862435006 10.619835578988939
5325 -14.676707771390788 -7.5257265176196215 9.8557543273684178
5326 -13.734108931903807 -6.9995354628800843 9.7373550685097712
5327 -11.978224197467309 -6.023441595467526 9.3459084170100279
5328 -12.115230049568559 -4.946827749879402 7.6191377722727518
5329 -10.69868829997519 -3.2629823248120582 5.9382988131542866
5330 -10.297177236180918 -3.3413452937312167 6.0402245157409613
5331 -10.511458046052887 -3.3253029327182975 6.0518561705884952
5332 -11.140731504190171 -3.465392576685792 6.0079201814382319
5333 -11.233095644090554 -3.9451341301935994 5.908897618678516
5334 -8.9374487266785039 -5.2351634277984997 4.4352296080758045
5335 -9.0554987284991206 -5.5979601270102135 4.5076761543419046
5336 -8.965493388940823 -6.2384692536359765 4.9407876561866111
5337 -8.5394700538268591 -6.7690277639910308 5.2885983283866542
5338 -7.8876456989725323 -7.2675530404274262 5.5439755256910077
5339 -7.2809883341667092 -7.7541009265049725 5.5294278075330618
5340 -6.7867198346793138 -8.5027787726137838 5.1888335921603259
5341 -6.9531066145092453 -8.0375608025398453 5.2719419122443556
5342 -8.7775984210649014 -9.1627847812662608 2.211407155785178
5343 -8.6831866878088011 -5.8372540940788857 -0.73644719650807966
5344 -6.4605030573018833 -5.5586968202025808 2.1966896693972773
5345 -8.558081154861684 -6.0530293868988778 5.3431679106783667
5346 -8.4901965437413853 -6.7893055156654496 4.6403252515690401
5347 -8.588366068126021 -9.1352860064002641 4.9371404778307229
5348 -8.6066493968585149 -8.59556241853873 5.1361648987035844
5349 -8.5292888807450851 -8.5706453470827224 5.3079364387154371
5350 -8.8179362608902618 -8.3298046642695827 5.0883776446809028
5351 -8.4776144794718924 -8.7478088366980753 5.4287432011387411
5352 -7.8512651549773835 -9.4169411706046446 5.5093357149980191
5353 -7.1226125250435057 -10.121560108912725 5.5201473899840989
5354 -6.4292724844911868 -10.830010042884444 5.4451424594653846
5355 -5.8470488473021911 -11.33668665141183 5.7010049638346185
5356 -4.990628338307487 -11.895237615518562 5.7300570562193629
5357 -4.3323061651448649 -12.033584733564769 6.3533538496907056
5358 -3.3413461763406334 -11.757732084629597 6.8894553256386803
5359 -2.5230689628953145 -11.058378071203053 7.2477728828054371
5360 -1.8521926352931617 -9.9337096013297295 7.5562290781941863
5361 -1.544398760403807 -8.7828482754125918 7.7883113312461631
5362 -1.5289812896320574 -7.4635162226063976 8.0675238995434171
5363 -1.6880289499088934 -6.5178472650736756 7.9874990727389612
5364 -1.7684166453135304 -5.5582800912525316 7.8955385132697664
5365 -1.7750487248690585 -4.5842108696139636 7.844880963580775
5366 -1.7308704059073685 -3.5729309797924365 7.8075758649358331
5367 -1.6513998049173813 -2.4188259004946211 7.8148092280687091
5368 -1.6159979026916274 -1.3921808599652121 7.8791690708553368
5369 -1.3978590832024869 -1.5361368704455129 7.2988437978157279
5370 -1.2049982466679312 -1.3856640598662997 7.0006308814089619
5371 -0.8992177106077287 -1.1386696539914092 6.8638941526477417
5372 -1.0236117906575333 -1.1382772413210556 6.8365294999324355
5373 -0.95223580891439807 -1.318090415748991 6.3262673850789994
5374 -0.80672573130751735 -1.4198993815643068 6.0008402023996936
5375 -0.45289458198663746 -1.5514915011391606 5.9222098433805455
5376 0.38780493868208721 -1.928729535232957 5.7839046902618385
5377 1.1665924016109777 -2.3554571718532991 5.8150589017128924
5378 2.100970821307365 -2.7635330763093053 6.0166225939487177
5379 2.9281958659827829 -2.8779110650214252 6.3487875777753802
5380 2.7895557695544957 -2.7263171967777993 6.6583983611213329
5381 2.5375793638939661 -3.4007266138828669 5.3758005450425577
5382 2.3371508757110515 -3.8920182967367971 4.2003414646679547
5383 1.2985608487870954 -5.1448403926296793 3.4767000624919433
5384 -0.73440981194534227 -6.0125799244124751 2.976891016133322
5385 -2.7911438070600618 -5.954853904750264 2.6197079707014717
5386 -4.3606384728566709 -4.8875355145585422 2.3259649269638638
5387 -6.4526343370533601 -3.3587867077904812 3.4798422623775216
5388 -6.5328895821681208 -3.2989001656065358 3.3283000831608924
5389 -8.0323199667911691 -3.2195750425446592 2.418199108558821
5390 -9.6526280613807671 -1.5897837187967467 2.051074011790238
5391 -9.8717530812083094 -0.96400042300272404 1.8223039935771153
5392 -9.7505022135824895 -1.1572168519959853 1.6912628905617588
5393 -9.6076142694101723 -1.8511192320903924 1.6326462860140709
5394 -9.4975711202891375 -2.7600466418416909 1.6014762456184726
5395 -9.2138372412343301 -4.1416323267046353 0.89922110646396602
5396 -8.6824374300980587 -3.5408223055606021 0.85929066321760506
5397 -8.1561123987687356 -2.8505954751132139 1.2961578787431671
5398 -8.3359311901066349 -3.3250305771938571 1.9500056361981872
5399 -7.776099457973773 -4.2468865926242829 1.4770472238332917
5400 -7.7304244464047942 -4.7019604923955729 1.4047027972875614
5401 -7.7280530734001847 -4.8911963924112118 1.4990325884273403
5402 -7.7124068501149106 -5.190688683810639 1.6858709568997694
5403 -7.6521300280213218 -5.3175911511654759 1.6615398578031577
5404 -7.6431632213222445 -5.1836687156780732 1.573161872371571
5405 -7.6280163955380713 -5.0456809854106304 1.5277709146859384
5406 -7.5975813021036007 -5.0099002381094877 1.2749019821319072
5407 -7.5802823123509331 -4.9974124731445055 1.511153989613925
5408 -7.5579382020130357 -5.1511813795400485 1.630462624489903
5409 -7.5233787403031389 -5.233752228495419 1.6140198660283189
5410 -7.4909113818934561 -5.3158699248210137 1.6099664487066294
5411 -7.452615900686812 -5.4251325968306823 1.6281827959522577
5412 -7.4234143167117024 -5.451806742868194 1.6621278159580184
5413 -7.3906478512769835 -5.4962930113468724 1.6810874969224514
5414 -7.3705019510766503 -5.5222524845298704 1.6714586871004471
5415 -7.3620735039677561 -5.5258074929504701 1.6702428881338411
5416 -7.3575571203387469 -5.5291052509494758 1.6685937787967429
5417 -7.3569056965462067 -5.5315521024107266 1.6696369209489725
5418 -7.3587620571567713 -5.535046608488873 1.6628341256637547
5419 -7.3623241417412846 -5.5395614872333327 1.6391329453515093
5420 -7.3543282053248813 -5.5949854170961544 1.6337417022675762
5421 -7.3289749648635496 -5.7157690826906187 1.617578505942733
5422 -7.2833004930469976 -5.9290504474379286 1.5786136588739397
5423 -7.2063300844934925 -6.3214509358670092 1.4765231000695165
5424 -7.159119602489123 -6.6525265936674591 1.4304160732403732
5425 -7.10472340214959 -6.7863040922755724 1.4251408744713077
5426 -7.052755976027572 -6.9256223546617015 1.4240497224855289
5427 -6.9074629195888555 -5.9842076382633458 1.0481979118457418
5428 -6.7001262879008401 -4.8632159283744523 2.3240462198440661
5429 -7.468839776538883 -4.5552068469289999 3.5895544866175846
5430 -7.3748792097154414 -5.1014115950764296 5.3125378297460237
5431 -6.8214569231633932 -5.0428293849824479 6.9718346937356888
5432 -6.2470297648258422 -3.7457224924769719 8.7780326684929335
5433 -6.8805726534195388 -2.8380321685460119 7.5921642175675466
5434 -6.609959414809186 -3.6391378379324442 6.223564367573025
5435 -6.9173861242584227 -4.0689936179589052 4.7278122364062405
5436 -6.6420285223308122 -5.7716616982903979 5.4941895450333309
5437 -6.3571677221588878 -6.4486691351618237 4.5689349517616566
5438 -6.6048233059474013 -7.5082068866456506 3.9671748917415366
5439 -7.1411929767162361 -8.8189538133155114 5.4450540734082011
5440 -7.2053796964354175 -9.3660457502129049 3.6943351646912359
5441 -8.1461219319163156 -9.8763799345146399 3.568061283515465
5442 -9.0971820874168579 -10.239270951288519 3.4835519215963897
5443 -10.143457345655952 -10.584704865534061 3.5016743260592662
5444 -10.970307387630534 -10.909386800517311 3.6008379463953739
5445 -11.649674570096602 -11.012952601101162 2.5761244507241918
5446 -12.201961771524617 -10.491432207626385 1.6478235527938416
5447 -12.204680275265853 -10.489034134343729 1.6378721594380887
5448 -12.179889000873253 -9.7290750282724829 1.108993567171678
5449 -11.902332634968644 -9.3335603989028382 0.58623948489962929
5450 -11.70547778905401 -9.3041620290830878 0.025191554645680847
5451 -11.709261429651347 -9.3011715446619441 0.017875736582386309
5452 -11.768694235894955 -9.4537101226529003 -0.71055551406083362
5453 -12.055116162363172 -9.4121898974120572 -1.29355025316699
5454 -11.824568829907008 -9.0760133882945411 1.2206428121289905
5455 -12.012408699782007 -8.6912578837499819 3.4298998560340541
5456 -12.787774391266856 -8.8538255969328539 2.7422035668409435
5457 -13.392905651061657 -8.5361349278754588 2.1015260982625819
5458 -13.568728089469852 -7.98451034799929 1.2357981842683345
5459 -13.383725525000976 -7.8549450736552791 0.49475269741775546
5460 -13.201592513920035 -8.035315890740323 -0.58298536842444004
5461 -13.245332280788871 -8.3312578168903606 -1.6855832576154897
5462 -13.196816985540467 -8.6486348567466926 -1.3008670199877903
5463 -13.279251618138368 -9.3443862257980452 -2.3126975745201324
5464 -12.623097971460611 -9.6054150643353253 0.30096578966252113
5465 -11.689816971329501 -8.4132485398433108 3.2095689717020215
5466 -11.611559758480182 -8.4264231539678072 3.2610568129452044
5467 -11.519465298559313 -8.4477870241453701 3.3014001327508593
5468 -11.384459319344344 -8.4119016733574448 3.2505514721843349
5469 -11.321728125214491 -8.3386426834772553 3.0499138848925034
5470 -12.140458385142839 -8.2318026670711397 2.939639549680356
5471 -13.028403013371578 -7.9999081644821866 2.7893770217822147
5472 -13.480357752048546 -7.8415585960130318 2.8308756921318063
5473 -13.525714299169302 -7.7366613726490865 2.5742343036118682
5474 -13.819064614759943 -7.5622581027528595 2.6238457105603494
5475 -14.081178774153644 -7.508305723145658 2.939518305185651
5476 -13.727165579270784 -7.5976222163058944 3.0336419707512272
5477 -13.207234003293982 -7.6769752949925056 3.1746514363146447
5478 -12.349605512969379 -7.6475278553312398 3.2421569229021601
5479 -11.424140751169118 -7.332885155379766 2.5550176388040344
5480 -11.288724906309364 -7.2700645389546699 2.1891343501242839
5481 -11.67392092590792 -6.8198821269112031 2.3930319128600579
5482 -12.062793288956229 -6.8852994917090289 3.2996517171965474
5483 -11.417804743172717 -6.894706749294639 3.6802080888032802
5484 -10.408061149475596 -6.1426538873218579 3.2890986813332819
5485 -9.331674444864845 -5.9704838275575192 3.1429429802548743
5486 -8.2955468651059761 -6.058182753058837 3.3593665985271861
5487 -7.8985230734393799 -5.9791787442278101 3.3736516033276742
5488 -7.3559014084928593 -5.9337755219856865 3.5133360619207754
5489 -6.3904760905832294 -5.3368474443524043 2.839968924902287
5490 -6.4560833221463421 -5.312224308935499 2.8531718646334081
5491 -6.6838317161992729 -5.6963507176847408 3.8199492996486546
5492 -5.9377857794819224 -5.4999421151366503 3.9896859374897349
5493 -6.1818358563693794 -6.2475037494748866 4.5116784396572438
5494 -6.2225809040369997 -7.1723836346182548 4.585070004511131
5495 -7.5848756840491802 -8.5562888301781701 4.7509368672509504
5496 -8.7573751240777256 -10.01416269726481 4.4358949169320088
5497 -9.8890586410352785 -10.989766023365272 3.8006264866356059
5498 -10.720111339297116 -11.30725857649133 3.1760060577557558
5499 -11.403473244016853 -11.118848312292025 2.564826925906996
5500 -11.84756010082307 -10.511250382572211 1.8518282044068111
5501 -11.848803527261634 -9.792218786277914 1.2505361824947845
5502 -11.331802851892608 -9.0705877868911671 0.63285426538053025
5503 -10.522365918679581 -8.7413587624844276 0.16651070799904205
5504 -9.5149420976705628 -8.5543878131221138 0.22996964932020869
5505 -8.6052806584327541 -8.3102550251345875 0.32618363530076333
5506 -7.5725072392621602 -7.8900150116010632 0.49974478154752211
5507 -7.7355597216142318 -7.1425323465415449 1.9526996788028057
5508 -7.5823465211527648 -5.5362777658662319 2.2195347698599992
5509 -7.0827688084498535 -3.5112581738955986 1.3438828130611602
5510 -6.4754034149594455 -2.1584396533461643 0.93879142608616861
5511 -6.0837784787256162 -1.4684707026681036 1.0932920485560309
5512 -5.8248355095142754 -0.35036981004690615 1.8053373406243765
5513 -4.9126812515574922 2.3838869918652463 0.34208594647159585
5514 -7.7861789608144809 1.5516809459449368 1.2683213377651743
5515 -8.6085310877711887 0.55419899035085163 0.83130837656257661
5516 -7.5547279592644037 1.5497681069038112 0.56023163510939744
5517 -7.2545863585010055 1.7506567568356179 0.6181851086461897
5518 -7.6766695850767039 1.4309929067796658 0.6554743430138471
5519 -8.3389448971588145 0.51126579326454524 0.025137680963994269
5520 -6.2612671830373534 0.24204419474172079 0.42189929867116382
5521 -6.8590575676674668 -0.15204261466658975 0.56736026462597655
5522 -7.3193845389298708 -0.73428347980905251 0.60188390059690977
5523 -7.3580901774793706 -1.1078117401578615 0.62386161309688326
5524 -6.9181520837828874 -1.1825718584556264 0.54595575919124983
5525 -6.1447761806288055 -0.82543477689924738 0.39092084800596227
5526 -5.0875449627787113 -0.31550254979066783 0.33036306135827032
5527 -4.6332618896483204 -0.38410558687771734 0.16061667337106419
5528 -4.2351189177385224 -0.40454019991558099 -0.0020838339241688042
5529 -3.742596396761718 -0.36932676682416754 -0.031587747186225201
5530 -3.2439919692199588 -0.27996216881441988 0.078406676601566694
5531 -2.6869908737219412 -0.019952557018682621 0.36421738284705235
5532 -2.3537460930589518 0.38709127207034766 0.75425713760505775
5533 -2.2762572758640793 0.96093994543361283 1.2656758582371634
5534 -2.3964444084513108 1.3962687855095071 1.691966666085905
5535 -1.6481317504114541 1.8186229635677065 -0.12165646736479843
5536 -1.5490270891035225 1.184116431502843 -1.7481999143088431
5537 -2.416536447207883 -0.28279516746685412 -3.3008276492747672
5538 -3.3447442631653392 -0.37825050007018124 -2.6710794579470281
5539 -4.8810597059890295 -1.4011710905533461 -2.4340602578229995
5540 -5.7082877747292233 -2.5210808437001289 -1.7306284124694773
5541 -5.5687664805193613 -3.1268158907833965 -1.0134715480428471
5542 -5.1689421004367944 -3.3035265288821365 -0.27241575667632012
5543 -4.8348883109482381 -3.2443811207571933 0.27046657381943706
5544 -3.7143812982261615 -2.5157614126911785 1.1873047288994742
5545 -3.4393782036366254 -0.93544950674431682 1.8365731463721915
5546 -4.1061826384763496 0.39415287372691532 2.3505629779409616
5547 -4.6321559252821602 1.3106298320423686 1.3561138556973691
5548 -4.5080342231643922 3.0548792594166869 0.57033959808901979
5549 -3.6930339995088532 4.6601409541009575 0.051766286553765584
5550 -2.0719287952603156 6.0359814102927052 -0.45832910864762488
5551 -0.44201178303415944 5.7644354193790308 -1.1151731958417579
5552 -0.58908787350555158 6.0779065538522454 -0.85761024903226246
5553 -0.76818692610311867 6.1828287445719887 -0.87975180223230143
5554 -1.5020829919970977 6.7029008239428451 -1.1625648841493073
5555 -1.6831066190466726 6.7986382877239837 -1.0758636346573949
5556 -2.6921049207527874 6.9293111748532521 -3.2629963923780996
5557 -4.0354986426910084 6.1265281162076644 -3.3666551098373763
5558 -5.0648778765468663 6.085289956800688 -1.3863877289965096
5559 -5.675332964648387 6.5488383904805874 -1.6365238448116279
5560 -5.8255255013089595 6.0571760302700159 -1.7960751234567536
5561 -6.1977717036124442 5.5852141289755703 -2.2856083595258716
5562 -8.3746051016416452 2.7004661652049422 -3.4311935991969165
5563 -9.383737934455203 1.2020995311739802 -1.8881682284857679
5564 -8.8619823881024544 -0.34525202641705066 -0.037152530586643501
5565 -12.048993709181762 -1.1016136521517472 -1.7838409506599511
5566 -12.072534047090137 -3.848122896260497 -1.3896352002857524
5567 -11.126580666207822 -6.389367116821143 -0.74245319086905437
5568 -9.7447160210414765 -6.7582112437859276 1.003781437616412
5569 -7.8233565989507889 -2.8019179487295305 2.0327674012947803
5570 -8.3505198316816571 -1.310030455671485 1.6346086253795662
5571 -8.2635289875441291 -0.6353591545263918 1.2191516183676037
5572 -7.9227458258831813 0.11416614117417778 1.0475201325088117
5573 -7.3874014434856319 1.0094955301782644 1.0215876740036485
5574 -6.8403298448246694 1.7096490693767408 0.74071742667088813
5575 -5.9938230594295483 2.4213942617903879 0.63052749289374577
5576 -5.3612221418166497 3.022662141200787 0.9991287797627616
5577 -4.29005620280393 4.2117340839251582 0.61691394005624733
5578 -3.8330774363791154 4.5491738679941554 0.59371719150179847
5579 -3.7718019709398987 4.6638396452839954 0.59844937559838518
5580 -4.2214249735339697 4.770496909172409 1.5302398427985771
5581 -3.8084783873256844 6.1869707959205202 1.5508206194713328
5582 -3.2226750700337914 7.4395782191888884 0.70557404646475375
5583 -3.430831985480518 7.1996887460607031 0.55188214382352363
5584 -3.8904144855282894 6.7810805839135471 0.38927361759041168
5585 -3.9168374798551269 6.5577981405593464 -0.069722060509550765
5586 -4.2004178212351091 6.3143632972413979 -0.66095724046957471
5587 -4.4189900418588355 6.2510837063856846 -1.1476041412088474
5588 -4.4605194961093462 6.0151343891230038 -1.5003669513965261
5589 -4.4483763479821059 5.5168734196823506 -1.5712719357592453
5590 -4.3801949591174809 4.8335717237356217 -1.3539368084249568
5591 -4.1435358465816963 4.4141526558929467 -0.90854681178436381
5592 -3.7949192459356511 4.4472738968863013 -0.17665787393013363
5593 -4.2257245883844892 4.4698921898678474 -0.99160903629204844
5594 -4.3153005606559569 4.370964611885424 -1.7105666459393816
5595 -4.5719130746003813 3.6501300324826897 -2.1225082912110245
5596 -5.1995116737235474 2.8831887786396853 -2.2606319714991834
5597 -6.2859975298730335 2.1287617394854701 -3.0344939935274446
5598 -7.65856900369696 2.3122065013880242 -3.6241974432139457
5599 -8.7139628838273104 3.2349692496047826 -4.2294377810503256
5600 -8.7972740423936795 3.8050441562503794 -5.0146564939650151
5601 -8.9467442894851139 3.463486687892031 -5.6882186257809435
5602 -9.6234048583964871 3.2211102848396163 -6.2531505828368914
5603 -10.304502805334744 3.3824715247876371 -6.8371484245236367
5604 -10.381396163419632 3.5069917049213752 -7.4475183950272372
5605 -10.826317520724624 2.1495992649123146 -7.6360553913427491
5606 -11.9055075412476 0.42114093822661225 -6.2078516652985023
5607 -10.988313935000265 0.38591921778448346 -4.8017145975763196
5608 -12.128375899527079 0.46900679370917031 -3.0771986226789156
5609 -13.251892923825839 0.85233759587159097 -3.2284750903292578
5610 -14.18734133095945 1.2417853821697622 -3.1116218071008737
5611 -15.157667447737412 1.4344428843190835 -3.100802903543685
5612 -16.308060549853408 1.5269169232515416 -3.1366114050248264
5613 -17.350993931309773 1.5856199797914865 -3.1901502132993214
5614 -18.511021868035197 1.7585481931297697 -3.2728310665370142
5615 -19.429749242447485 2.1065964923065312 -3.3945849653772999
5616 -20.237580498584951 2.691109528168441 -3.6427727483986945
5617 -20.703139835191099 3.2569890536185144 -4.0755265235654097
5618 -20.982336033270396 3.6027736500784702 -4.6190681945980367
5619 -21.273621511242215 3.8933923132447026 -5.3839158666844105
5620 -21.466494485034776 4.1748614977725076 -6.1288900424777015
5621 -21.492797996432763 4.3889711553490889 -6.9131052842822625
5622 -21.34857535875442 4.2937024851059951 -7.4778547611987882
5623 -21.261694994571915 3.799382099792652 -7.9002480106753827
5624 -21.367324245160983 3.1114355944764771 -8.0640871743594822
5625 -21.371263947213858 3.1115961081503376 -8.0646189054505335
5626 -21.577722036190256 2.2329174234408344 -8.0146476632486934
5627 -21.732641586237218 1.8987516350926956 -8.3299035105635806
5628 -21.733841199206257 1.8999843078856054 -8.3323441709971853
5629 -22.053784128992923 1.4708024481528801 -8.5774296379355341
5630 -22.211108023281223 1.3831822931148343 -8.7086933467184995
5631 -22.147193963466314 1.5445716695553537 -8.8986345697751261
5632 -22.078123779805466 1.6640198652306339 -9.0172865898241348
5633 -21.820646387560526 1.8336581186316714 -9.0836610982747406
5634 -21.345189554936258 2.1481941844056278 -9.3508462624406743
5635 -21.022490751272176 2.2269274776770045 -9.3896100257343669
5636 -20.686951250068077 2.2024523876927242 -9.1811759542766644
5637 -20.140481493720952 2.4236630693571888 -9.2663662790764594
5638 -19.435406818970559 2.6588615380786629 -9.3880860847464707
5639 -18.750550577082532 2.8047865376099552 -9.4968427477223543
5640 -17.934365420926742 2.8843781919384419 -9.5475645202131769
5641 -16.89675569686684 3.1397613108789404 -10.182250042599343
5642 -16.823495466507982 3.2061691953532407 -10.327303535036135
5643 -17.101029829160986 3.3598142814587861 -9.8721967349132367
5644 -16.523897373732371 3.178190896434582 -9.8041103950187463
5645 -15.819284193703446 3.0824656081669999 -9.9111234245575552
5646 -15.315255763380561 2.8914063835990866 -9.7574473123002843
5647 -14.863100294325479 2.8004697381051451 -9.7092527015776238
5648 -15.055001505237723 2.7133318065924921 -9.297973715610194
5649 -15.376202300100235 2.3224935690510238 -8.939826683081824
5650 -16.728014557661041 2.34264236294467 -8.1415484897411172
5651 -18.796364586399147 2.3410224111843263 -7.3359618590542963
5652 -21.381848347214667 2.4290431323200607 -6.6462442178669665
5653 -24.019914643189811 2.5310859961661389 -6.1435938168862663
5654 -27.292861392353039 2.4956769641337369 -5.7068781378088964
5655 -30.323259954151069 2.127403775510659 -5.4418091824812391
5656 -33.660712420750343 1.1623021650255247 -5.2802387233387504
5657 -36.281694851996015 -0.37304341201014424 -5.2310865740043564
5658 -38.516756480684492 -2.738654435879941 -5.2531178434326646
5659 -39.453917994725302 -5.2395322145729049 -5.3078427057134974
5660 -39.237418116564953 -7.9008298656145 -5.3492736359188235
5661 -37.990433773666879 -9.4137846636563118 -5.3203656505012544
5662 -36.248971754073764 -9.8511885151668235 -5.1783035141501967
5663 -35.074072982572218 -9.1435663016345927 -4.9170977164532337
5664 -34.851330039581811 -8.2571345662321107 -4.6276932466365288
5665 -35.09459600358133 -7.4669998936980475 -4.3175570317729761
5666 -35.433160660658714 -6.9814308852016111 -4.1044204827268951
5667 -35.834544116412367 -6.5083818890175955 -3.9639428970912522
5668 -36.250701195083778 -6.073136941038336 -3.9168003048444611
5669 -36.849674524935871 -5.5461266617101348 -3.9390670455753773
5670 -37.545421426048222 -5.0704959303118429 -4.0144280226462605
5671 -38.50487197673565 -4.5518618007933149 -4.1509511819982148
5672 -39.542164477915847 -4.1373970039540593 -4.2975207862250224
5673 -40.889775843682287 -3.744393854835514 -4.4580354381666085
5674 -42.424616754935016 -3.4826074928292723 -4.6000355781696971
5675 -43.954658426605818 -3.4266014444495214 -4.6983727107171722
5676 -45.824427790377499 -3.6150739894710915 -4.7536438212119894
5677 -47.544989070860112 -4.1310236635294117 -4.7423592151745559
5678 -49.431347232803027 -5.1618509667238204 -4.6711483896361941
5679 -50.89762296352184 -6.557700921936763 -4.5492878040918008
5680 -52.131021359272097 -8.5598982239136099 -4.3377483548875633
5681 -52.670340778244515 -10.65643582089084 -4.0769713678682367
5682 -52.62578784633584 -13.079408511454664 -3.722163540614507
5683 -52.01022723416294 -15.114692936215624 -3.3702240330195701
5684 -50.919058425111942 -17.13697028406499 -2.9371211819952308
5685 -49.586003482528774 -18.790499298424351 -2.4717587916695889
5686 -48.337292459148998 -19.970410991046244 -2.0386972129345202
5687 -46.991097286814664 -21.01406781891901 -1.5343373905139051
5688 -45.924510826021255 -21.702990554123247 -1.072571870824504
5689 -44.925098770111674 -22.223481960989307 -0.53127463636832672
5690 -44.229088828517291 -22.443360689196126 -0.033377841541975983
5691 -43.674665534102722 -22.404166001228457 0.52858183335665787
5692 -43.383781553177386 -22.122826364359952 1.0153756903370228
5693 -43.31483165724454 -21.571948682406152 1.5486967596140908
5694 -43.519643896050901 -20.948573513059848 2.0092503759502853
5695 -44.062922847958468 -20.185472990111862 2.5055264350607755
5696 -44.914509023674704 -19.425821094018008 2.9699956871846829
5697 -45.90934245288981 -18.784322717454351 3.3511226643730003
5698 -47.278706712935062 -18.100572088839666 3.7478244375311029
5699 -48.692261291230736 -17.562543269817127 4.0647841748413631
5700 -50.503666434061685 -17.048882580710078 4.3844755748706152
5701 -52.238091172416937 -16.762491442802855 4.6230960083392363
5702 -54.266583262308558 -16.674839446393801 4.8306848229284043
5703 -56.064001530507092 -16.870156472257122 4.9616595649733615
5704 -57.998782003504772 -17.369001820632487 5.0556074122007093
5705 -59.579268576543377 -18.031269205000076 5.0741578864587131
5706 -61.164349540114202 -18.917623667358484 5.0183161931973945
5707 -62.507332704781682 -19.893921679526645 4.8959559881532186
5708 -63.500123171737947 -20.782850239389866 4.729416700055892
5709 -64.409305690521364 -21.700106845115783 4.4903717879529328
5710 -65.103418525761626 -22.404889370404526 4.2276673828203046
5711 -65.842272407571926 -23.014235233984493 3.870718929495395
5712 -66.513249853590423 -23.364682623697099 3.5059629338436307
5713 -66.939418471150731 -23.531811410239932 3.4941602701121055
5714 -67.094364755957301 -23.600413238070232 3.4994385859045973
5715 -67.290002122743559 -23.638992867895389 3.3942230161995766
5716 -67.36426229144503 -23.669816513172343 3.4093464945598009
5717 -67.471309543895984 -23.662212072485477 3.3384741596234826
5718 -67.580422773207061 -23.592764393631079 3.1762512928647335
5719 -68.143113831162779 -23.507050033150954 2.8360211442277632
5720 -68.999873039979235 -23.203733480561034 2.4223926526037154
5721 -70.184934335077855 -22.936696764320494 2.0051766447722459
5722 -71.869370515367635 -22.930984692798745 1.9977775988183608
5723 -73.335144321290073 -22.913352078954794 2.0224317865495967
5724 -74.951376844820558 -22.884046930843848 2.085565105155899
5725 -76.329077420342443 -22.828752737522123 2.1640838363433006
5726 -77.799168625711999 -22.747059662546803 2.2831101963508655
5727 -79.017832278936481 -22.659385229282787 2.4079476450615926
5728 -80.27368253256401 -22.563762345653128 2.5536683132544282
5729 -81.426979976724041 -22.480619870176721 2.697234947875776
5730 -82.358068102409987 -22.410868633904308 2.8112991769716476
5731 -83.308348924523486 -22.340956312754212 2.9126408389279379
5732 -84.073764913585407 -22.278564714160343 2.9713667562207782
5733 -84.87177980816746 -22.204684977951686 3.0045504687502325
5734 -85.518613033029737 -22.128533323084731 3.003188682072421
5735 -86.206689672398397 -22.018713649765989 2.9586927819671112
5736 -86.775377758353201 -21.886524921796635 2.8767090910403654
5737 -87.382484290040068 -21.676431738879131 2.7491006282227781
5738 -87.895784271929458 -21.419659619185047 2.6098158478907711
5739 -88.414980715684976 -21.0456137327619 2.4242477870255237
5740 -88.847509673702319 -20.578739063257032 2.2076776652500265
5741 -89.13161249759257 -20.095648334293589 1.987138194442517
5742 -89.303920362785902 -19.491558181044745 1.7190940867592865
5743 -89.309606230614463 -18.925916448317022 1.4705004968552895
5744 -89.140075499294255 -18.321571130457269 1.1839579153625548
5745 -88.848778430947732 -17.850646650955778 0.92825427800605265
5746 -88.382066508287267 -17.422865872112773 0.64944566926304426
5747 -87.877755244255411 -17.158377551789965 0.40938309504032661
5748 -87.23771311829374 -17.00491428068219 0.15502692259568623
5749 -86.639274567346106 -16.997124703394988 -0.048998312294628935
5750 -85.951077192842519 -17.113519363122862 -0.23218563143486126
5751 -85.24851691114219 -17.327270929298493 -0.33983820406593457
5752 -85.130754904767102 -17.406380767642936 -0.46636978448059913
5753 -84.983713220170259 -17.513965574211635 -0.49178118365087065
5754 -84.833529044244472 -17.585795617357906 -0.41260214961320241
5755 -84.978381675186611 -17.532110413567381 -0.46522022123722356
5756 -85.260776174190468 -17.386187622276232 -0.49146783139936789
5757 -85.691943553331257 -17.096463711355689 -0.39624280965654596
5758 -86.279967342854263 -16.849513809433869 -0.45515239465998902
5759 -87.038425406133868 -16.507864009316123 -0.60196043949492517
5760 -87.588683472166522 -16.124758330785966 -0.56137977108052428
5761 -88.424502299118615 -15.660973575085389 -0.79031929390410693
5762 -88.964970840058982 -15.085401309512163 -0.74872394375635576
5763 -89.778356162798758 -14.500567306949161 -1.2354837311206499
5764 -90.01249436407582 -14.2815159682001 -1.6871530688367733
5765 -90.026671815807035 -14.750335945387123 -1.5361481879797383
5766 -90.27154450809644 -15.029098248769138 -2.2464517595756672
5767 -91.238886898154959 -16.220595980738274 -2.2644983317429701
5768 -92.194279311506421 -17.710110134290225 -1.6465619732293892
5769 -92.211490133270019 -17.771735276128791 -1.6987349059277768
5770 -92.257310983208839 -18.143099661139317 -1.7455090345937578
5771 -92.365374462514993 -18.987561128348766 -1.5374344861487597
5772 -92.356251106468605 -20.105516656671565 -1.5324915762234339
5773 -92.483954133034587 -20.636187151481611 -1.9421143164300878
5774 -92.773153873206056 -21.126679617606541 -2.2550303613984064
5775 -93.327192908949471 -21.635018655306155 -2.5386055805067578
5776 -94.013586425093777 -21.99250831154464 -2.7267509200711002
5777 -94.92689032410766 -22.263595113599923 -2.8681111006948701
5778 -95.815608249046846 -22.400033381397041 -2.9365683283575437
5779 -96.877384012334247 -22.490205830823733 -2.9581823870777284
5780 -97.852171820975656 -22.556016164482671 -2.930373588030954
5781 -98.973622804436715 -22.679524612544828 -2.8476970679938511
5782 -99.958987865191943 -22.88990308318332 -2.7255334186319318
5783 -101.01340117901728 -23.300777003690349 -2.5210932014808569
5784 -101.91434647539141 -23.965870508699446 -2.2159504343799257
5785 -102.41185375182957 -24.761104918836686 -1.8413104883413434
5786 -102.47270917639533 -25.748694976264254 -1.3049375227494184
5787 -102.04430748009545 -26.38997665896046 -0.74420469727339411
5788 -101.27258686529503 -26.612399375871057 -0.061203461150121596
5789 -100.59585273928172 -26.647372148740047 -0.10883753033018867
5790 -99.816696188566581 -26.71681587181584 -0.134285170086682
5791 -99.119721223695436 -26.785611166649137 -0.12814451824652878
5792 -98.326555037883097 -26.845934451926187 -0.089045685327432067
5793 -97.569564691472152 -26.908708024112979 -0.087404666377965179
5794 -96.652097680521763 -26.891891610291786 0.15365566131656733
5795 -95.789404738443295 -26.659183261883751 0.39358091245005566
5796 -95.306797677568255 -26.381947978154226 0.45841899071279224
5797 -94.886164468949573 -26.043802122758994 0.49777101780979049
5798 -94.493460703251003 -25.660889250566591 0.60303551377366238
5799 -93.884297704655182 -25.093790568615912 0.75196633414422964
5800 -93.042206287938328 -24.59010330009356 0.64313691246114479
5801 -92.195421974385198 -24.094915499390215 0.53237266281164342
5802 -91.48769995262515 -23.726826235966829 0.43989516517981281
5803 -90.693531813961812 -23.391226223969117 0.3452933428451197
5804 -89.970565156118198 -23.158647539418755 0.26942980538897449
5805 -89.138298123687676 -22.959710939504198 0.20667351858608493
5806 -88.377585305527774 -22.822205331503618 0.16911435387695292
5807 -87.500337310064737 -22.692432184365263 0.14484364240204817
5808 -86.606756565076097 -22.574638092178716 0.13554788086805325
5809 -85.795088475600565 -22.467571935516016 0.14114777998386568
5810 -84.868093614836823 -22.33111952865843 0.16556617673984614
5811 -84.039827667511588 -22.185531704323743 0.20184693103333479
5812 -83.126901179568165 -21.985022731876587 0.25373209582097195
5813 -82.333777632262937 -21.766138072982223 0.30992134123675563
5814 -81.476873048959874 -21.466164355996906 0.38630963955226322
5815 -80.747921006397476 -21.141698419639766 0.46292205923643548
5816 -79.970374041423156 -20.706597312520334 0.55446852925303891
5817 -79.318092033518639 -20.256866311429473 0.6376056112393409
5818 -78.631786142637338 -19.684397898151826 0.73095061034904263
5819 -77.991477026697254 -19.04229633308135 0.81947418628002677
5820 -77.468615166016505 -18.429813377712033 0.88741124344207589
5821 -76.917069553978266 -17.693141150496633 0.94944002330548605
5822 -76.465668126020731 -17.016978657277715 0.99333607232621879
5823 -75.984516903840003 -16.22942421640219 1.0281905294540046
5824 -75.620360403179546 -15.439162049460577 1.2613368854894957
5825 -75.456960588778713 -14.481439057028979 1.5500562706110965
5826 -75.556811642576406 -13.646275589153635 1.8247100407880188
5827 -75.784350372787927 -12.646327735860229 1.7980357549347055
5828 -75.991694698590592 -11.633449070852199 1.7879648561347434
5829 -76.219936353524986 -10.818556652499371 1.9199958272165751
5830 -76.560824272496859 -9.9335222373590426 1.9904983157120515
5831 -77.00074034254088 -9.2415780760243447 2.3002744531512955
5832 -77.709480318409234 -8.5796022205035509 2.576181045623763
5833 -78.488809565153488 -8.0552924553710561 2.7626841771069577
5834 -79.518705047632807 -7.4404577330183388 2.926978349440426
5835 -80.644137546801602 -6.7230033013818566 3.3091659329582646
5836 -81.841106935149668 -5.341334817366798 2.9701276985370666
5837 -82.790325120826978 -4.6288418203267092 2.6583510193216231
5838 -83.36045148793113 -4.1840297844315772 2.3078701704967179
5839 -83.854278482692152 -3.7764659121263353 2.5405022922438452
5840 -84.390518601861075 -3.3528152063221044 2.3874839673822121
5841 -84.788665935051824 -2.8678075481420486 2.2015832601184653
5842 -85.179288806283907 -2.3448983247037871 2.2265115534472963
5843 -85.310174284349813 -1.770721623589141 1.6772410066914447
5844 -85.280917574311772 -0.6935403766825563 1.4604058989938919
5845 -84.983189810862129 0.73056957335039341 1.5072828800731943
5846 -84.958777671913538 1.9074117258667247 1.8001519118725922
5847 -84.892451471969423 2.4864132952779157 1.4694491364681825
5848 -84.847359087388668 3.3278801739072983 1.5602493371746022
5849 -84.629033411588722 3.825105283692499 1.3646564079262811
5850 -84.251395696475583 4.2090866492062471 1.0869459133633754
5851 -83.607385621915867 4.6134870114105082 0.84956791788293495
5852 -83.401706838166362 5.4816355156357419 1.8759672845700468
5853 -83.917085167329617 6.065553792582401 2.7150615513272829
5854 -84.948455219858744 6.1186682735477742 3.5550858865054673
5855 -85.771283443450244 5.4828827642827598 4.2494163494609341
5856 -86.101592422864499 4.2450195044273071 5.0024119732063514
5857 -85.998166297591567 3.3035204742272524 4.7482190180065356
5858 -86.131557671840298 2.2184014760169259 4.5490514602264689
5859 -86.42110475825551 1.2669680510642489 4.4727636012011063
5860 -86.757864940622753 0.3184730237906731 4.3443638818690182
5861 -87.083436590337911 -0.44857896475563452 4.2848863285636938
5862 -87.512648275273861 -1.3271702679871196 4.2706072339989438
5863 -87.822423806240494 -2.1581899138327332 4.2322008248249867
5864 -88.102690297701088 -2.3067578816054768 2.8677367348140854
5865 -89.296059084475729 -1.2376868559787642 1.805470449183795
5866 -89.533581244761379 0.088409310926566897 1.7961632538896135
5867 -89.885809829144407 1.1069394837184685 2.1167504105724682
5868 -90.150152591388519 1.5322603832769208 1.9553092444293703
5869 -90.078399457048135 1.556296100678775 1.2190247227551159
5870 -89.131607816043982 2.6005825870539434 0.96759814246139686
5871 -87.237515133037434 3.5403533752520184 1.0728092265148952
5872 -85.938900185452326 4.6689931972741681 1.4853557235091941
5873 -85.935145298292454 4.6666124851792148 1.4896222630572771
5874 -85.633379207646357 4.7606399776012189 0.10940483620782411
5875 -84.650445319719921 4.3734289288093544 -1.0196407221656103
5876 -84.287359975283195 3.5888920234734867 -1.3096806198229123
5877 -83.950233809695305 2.4868592113588628 -1.3000542610679839
5878 -83.536354781605141 1.499690034401028 -0.99949266304216677
5879 -83.538305369464894 1.4973444082124745 -0.99625508367412496
5880 -83.207911356976339 1.0481510952537936 -0.85567558206741323
5881 -82.912636951449571 0.74030085130909118 -0.7109209692923113
5882 -82.317209596722279 0.26775471601235495 -0.62963090006978484
5883 -81.762956172635768 -0.10930657801607091 -0.56739551177101921
5884 -81.044919314095367 -0.3711840415247446 -0.11249926046057923
5885 -81.044428608668397 -0.37070530628677006 -0.109015757066786
5886 -80.404034427334864 -0.41234116960027889 -0.032543050746852098
5887 -79.757217111191082 -0.39953194442002871 0.065001713867163774
5888 -79.757046219560792 -0.3995415475738236 0.06571827870812931
5889 -79.078360167486693 0.047134081412502971 1.4580550089199802
5890 -79.053506111316352 0.62257848074364941 1.6338919564526158
5891 -79.05441162492437 0.62346215124197313 1.6358934551390243
5892 -79.096136879054797 1.1393909219154741 1.6658804450524083
5893 -79.145526813570854 1.5336996842301338 1.7182545233654001
5894 -79.267613373007379 1.958711848864064 1.9652922704082847
5895 -79.465567274270541 2.3193792412030083 2.1702311813857018
5896 -79.591418031856762 2.545321611964003 2.037597674738314
5897 -79.590794931234086 2.5441399722630811 2.0360280323453468
5898 -79.623967753809723 2.6424259654783624 1.8874766375573151
5899 -79.623661278922114 2.6402405229830048 1.8853951878598352
5900 -79.767989830649498 2.9268917033784763 2.1253870546412057
5901 -79.88857144494655 3.0795848614635646 2.1656973789995964
5902 -79.996215532336834 3.1393793428281285 2.2949902997464227
5903 -80.120852891082905 3.2041756427743029 2.3850974209857432
5904 -80.12028527120107 3.2019729665191994 2.3858399769959946
5905 -80.199706854952538 3.2160615664247114 2.4815055913280171
5906 -80.304397339478172 3.2317448543390848 2.5404892242189718
5907 -80.402070273012257 3.2534533548072355 2.5418390175869283
5908 -80.502668504959914 3.2931236952346845 2.481163301516907
5909 -80.562714094630067 3.2887303876756633 2.5185067431182455
5910 -80.720059832037677 3.3498790812971473 2.5595252288087114
5911 -81.002038409861683 3.4966736601694031 2.6210303030483439
5912 -81.363314900522695 3.6365380300289667 2.7779588999141169
5913 -81.718576970507044 3.7377569563640991 2.8521716622446389
5914 -81.718664690999319 3.7360430751273217 2.852711267403528
5915 -82.14286390264057 3.8467628455298879 2.8650044274695188
5916 -82.228370578467405 3.7727978742734538 3.1149361904694755
5917 -82.226909636544093 3.7695002013603185 3.1169881099150389
5918 -82.395388158723591 3.7204084012642706 3.2218392287219286
5919 -82.632931456830477 3.6758708818881818 3.1983215497406192
5920 -82.831957848843814 3.6702685820061118 3.0544449350397573
5921 -82.710504950656855 3.5668673562882263 3.2531216567300012
5922 -82.622204115039679 3.4941903710638851 3.4687880764483214
5923 -82.687188322792906 3.4215453883546454 3.4956488873440064
5924 -82.792139849910484 3.39438102914316 3.3209121814471083
5925 -82.79004288772029 3.3836000745996002 3.3276887549083569
5926 -82.764681657977818 3.3985338344454958 3.1550874702992453
5927 -82.481175661204873 3.389561107160957 3.1789438588174903
5928 -82.476955580453733 3.3861804316858999 3.1781938972324006
5929 -82.193346854157568 3.4706170241068444 3.02438626942841
5930 -81.911336278829509 3.5417639796251468 2.9829185378299883
5931 -81.772556535073548 3.7140974162581495 2.8800374425446469
5932 -81.890458736680841 3.9491255240692649 2.7371691434357834
5933 -82.41531077489185 4.2737061791229909 2.5311430439490561
5934 -83.163434188988518 4.5131404327863205 2.5613251700634003
5935 -83.804195292303547 4.8549257889234658 2.55622633177998
5936 -84.24481062024428 5.1673364266270747 2.5296815422244259
5937 -84.677859971859135 5.5125646574963678 2.483751112957187
5938 -85.029843321540611 5.811565458108781 2.4310486549432735
5939 -85.409608410454481 6.1539606888288176 2.3671472816410462
5940 -85.791985559978315 6.5298218467045679 2.3015170699626282
5941 -86.070739938475427 6.9068578804023284 2.0558151334577457
5942 -86.070126810975594 6.9065702292387963 2.0537121387750634
5943 -86.275279783783162 7.4188610153250378 1.7933191943715425
5944 -86.350244686964515 7.9352802675608967 1.5914566106761767
5945 -86.311995079331609 8.5491548896220806 1.3933012799562736
5946 -86.176088229003099 9.1079816655055126 1.2554291443603889
5947 -85.898862296724957 9.695341089345284 0.99044911857375406
5948 -85.508852978779544 10.18711310362416 0.82649233614198137
5949 -84.966387009329665 10.684737546570997 0.69202308758864794
5950 -84.375861516079269 11.072414808277614 0.52908605923172503
5951 -83.573079220367092 11.41395475243557 0.36490305406951423
5952 -82.633659357237065 11.674763523308883 0.33744885904250066
5953 -81.677822262722088 11.883407873214722 0.29988724641505266
5954 -80.584126059716226 12.070590023924634 0.22060843354361762
5955 -79.515142930558937 12.139297208973343 0.17654165283725384
5956 -78.320406326990991 12.174422569184545 0.20901074182182577
5957 -77.300972719779892 12.23000989443219 0.24730183060466665
5958 -76.233051635755572 12.358352221072126 0.34129527492622935
5959 -75.26987045528233 12.558968014059596 0.52127462819022163
5960 -74.088825732528548 12.873726263691351 0.66628934996201439
5961 -72.741569621281556 12.843920284727648 0.45051360882626523
5962 -71.419214609754988 12.847864631158746 0.27800988110643166
5963 -70.293149938613553 12.927840307007163 0.20757394437331525
5964 -69.451639755273234 13.072743232320724 0.2434313622513575
5965 -68.652875578864737 13.334340749291925 0.40961137394589864
5966 -68.110304912966754 13.655683130360774 0.67349897379016388
5967 -67.73691974232284 14.100586148879023 1.0977200345301319
5968 -67.640204471198544 14.500924797423515 1.5657594997828177
5969 -67.791891349002285 14.874727531894662 2.1466508305087588
5970 -68.092284138661881 15.083033980466919 2.6714176799854612
5971 -68.610154681262884 15.152456917358027 3.2046124177307398
5972 -69.242391120519116 14.991260089484641 3.580554101303167
5973 -70.105860187599205 14.398569416012421 3.6805674450349675
5974 -70.105674055860078 14.397295138731414 3.6808753612356258
5975 -70.931319699547288 13.563121861257686 3.7134248283726272
5976 -71.585328673683208 12.589385850621451 3.7127417531228968
5977 -72.171518078556829 11.271072223208824 3.7218817010811414
5978 -72.461487463611547 9.9076137708706042 3.7660902426742484
5979 -72.469402358242391 8.2374187035681903 3.8860978188331301
5980 -72.109355657029852 6.73366948098551 4.0775395995148465
5981 -71.359780691591681 5.2082319531920582 4.4063302684535879
5982 -70.42260940549761 4.1217665232221687 4.7973169001369502
5983 -68.985056580573314 3.3695646495655933 5.1711865612510977
5984 -67.503459623060181 3.3293424215662522 5.5586568409925405
5985 -66.005322686882494 3.8693655004690686 6.0636460476049567
5986 -64.904208510918664 4.8293136659622586 6.6279634000776895
5987 -64.341410165483779 5.7989299479759566 7.1697899018775395
5988 -64.137549440152128 6.7918165425557451 7.8141262327762364
5989 -64.287410994720062 7.4816874918638332 8.4021594841762859
5990 -64.713108543287731 7.9337931958424965 9.0555605793566585
5991 -65.20982491335036 8.0182394251840954 9.6085009883023851
5992 -65.732447255994614 7.7670930560555238 10.174544013211065
5993 -66.056510188119134 7.2966472924068366 10.616862204165635
5994 -66.255224670820411 6.5588658706889351 10.819126840712052
5995 -66.254713180837513 6.5585021274207991 10.820608362837238
5996 -66.315892883510998 5.8881323059491644 10.950462027160148
5997 -66.290852187728888 5.1330170184284318 11.060002582691942
5998 -66.151105701658025 4.4221706121232103 11.292222692041992
5999 -65.89346577666123 3.8214389172160024 11.461987973404323
6000 -65.496068781345343 3.2066697565462929 11.623272688206015
6001 -65.078579007310537 2.724900654586599 11.743477517402654
6002 -64.566696951702298 2.2493172507500061 11.858585403441417
6003 -64.147217135095303 1.8442676672343756 11.689845344955746
6004 -64.146567346757692 1.8443048133494651 11.687984666121706
6005 -63.78810678397177 1.3358993211643497 11.473803892177086
6006 -63.587559514123107 0.86598211242278078 11.279226560548004
6007 -63.490364312970286 0.33790749890721772 11.035006548477515
6008 -63.521899474605952 -0.10502191688941284 10.7924638809657
6009 -63.521237213144524 -0.10494734598858317 10.789476224942065
6010 -63.646015321802693 -0.60700922458916473 10.671211925989182
6011 -63.830836578907643 -1.0534951776186983 10.517774368711089
6012 -64.038694306663501 -1.3838605330029492 10.35228784914338
6013 -64.317701483701697 -1.6777258211366881 10.13709321920698
6014 -64.578648383593347 -1.7979286421235461 9.7188144966460541
6015 -64.577806946528739 -1.7976559110921042 9.7135973007496634
6016 -64.883285939292605 -1.7880029967267843 9.2362222663900031
6017 -65.133825081943698 -1.667257426061358 8.8215934731907293
6018 -65.352228721135305 -1.4171220145685359 8.3901977656175557
6019 -65.447204086416363 -1.1480238915926493 8.0419650453639946
6020 -65.446426001881662 -1.1480076557773098 8.0373166535025042
6021 -65.451156612386285 -0.83301399619309158 7.7093390622507769
6022 -65.38422583876644 -0.57875719010918958 7.4673956817120626
6023 -65.259841404763293 -0.34045634657536672 7.2435743781901474
6024 -65.11277541473801 -0.15813759648410863 7.0625619897841068
6025 -64.975501075368456 -0.034198543060749542 6.9261167609358685
6026 -64.802840656503406 0.082921262769435455 6.7779591641596939
6027 -64.609581216412749 0.1755550806166335 6.618424566704423
6028 -64.336028516878841 0.25531031648088709 6.4355903655729403
6029 -64.057275409842276 0.28246993242039986 6.2521648537973729
6030 -63.746126159655262 0.24989151210082527 6.056651376811037
6031 -63.466819994084503 0.16211749588858027 5.8542318645037525
6032 -63.171771180160839 -0.015349777845442447 5.5892848868507485
6033 -62.96243616213718 -0.24140714202058655 5.3152957058324422
6034 -62.699903967477873 -0.43218322168763296 5.9309861446818379
6035 -62.370401950799952 -0.41985480966454491 6.6050651647146443
6036 -62.370991900102645 -0.41984786768398774 6.6135073338630646
6037 -62.12907019232027 -0.21844345823897915 7.2555256751695261
6038 -62.034958895370472 0.2062182376639462 7.9978623968802776
6039 -62.236576858968185 0.62618978879700071 8.6507296984312418
6040 -62.23730441878228 0.62627271524295247 8.6584873742755519
6041 -62.752637273428377 0.87688046925934071 9.3672225195336232
6042 -63.067037066379925 0.95122688136921074 9.1593863421460924
6043 -63.066574448365472 0.95244816052943471 9.1577257174171098
6044 -63.422047143842384 1.1010917589140119 8.9812366662450795
6045 -63.725802477949507 1.230446865932439 9.1115991608979545
6046 -64.061825097771163 1.320585894751086 9.2606770711259596
6047 -64.351393886630461 1.3562822680329416 9.3954714116682769
6048 -64.662749925002529 1.3495678285353858 9.5485067374878945
6049 -64.952538106200393 1.2994920000541308 9.6943704996363689
6050 -65.187490896181188 1.2261585658800063 9.8161445071401072
6051 -65.413268863756599 1.2155555578852451 9.4301882535928403
6052 -65.597399991992404 1.26506449758284 9.1234998395269873
6053 -65.787646473116382 1.373209363364454 8.8060709187219661
6054 -65.927802165069082 1.5031823404894524 8.5621006002603615
6055 -66.045795421097452 1.6690580211335577 8.3301828799842443
6056 -66.126647444443208 1.841482553452485 8.1306208640479465
6057 -66.179958706638615 2.0462046029349898 7.9256662974205456
6058 -66.194298838144874 2.2388993515083628 7.7487756774816337
6059 -66.173414002148036 2.4942300603679142 7.5796435505136817
6060 -66.099189871577536 2.7939874155600291 7.3916869021234444
6061 -65.966336495411042 3.0852812249926092 7.1660673321771524
6062 -65.703245906175823 3.4103021109940577 6.8050117500437901
6063 -65.365986589845591 3.6067337196209359 6.4395108979668851
6064 -64.946211964481293 3.6588748437974301 6.0718488433650295
6065 -64.57951356361167 3.5528761961472575 5.6552503589563043
6066 -64.273777664729863 3.2426372618377401 5.1054742033042153
6067 -64.179982740603535 2.8344634291660586 4.5348752865268649
6068 -64.329513154113329 2.2667703911138695 3.8283795751165064
6069 -64.328729096696833 2.2673998931547046 3.8212458655493768
6070 -64.764451859343964 1.7751594217903257 3.123113234421294
6071 -65.479386035932379 1.1875984936829296 2.9137120153961855
6072 -66.331194921948082 0.90765338798413675 2.6640377159816708
6073 -67.068173084452724 0.94595805203357641 2.4169654190735068
6074 -67.777382709172599 1.226723295996252 2.1331159896563401
6075 -68.256785532517483 1.6186971768600462 1.8820353478793448
6076 -68.644051518357074 2.1439979675337262 1.6111482161134718
6077 -68.861557446650622 2.6508023699771579 1.3801144397743901
6078 -68.991135243200617 3.2429261597121819 1.1270672374289967
6079 -69.009721437179948 3.7740710247456715 0.90967352408912872
6080 -68.939145006972751 4.3778227401776695 0.67233636214726356
6081 -68.794622278087871 4.9219552074005541 0.46378988679458621
6082 -68.536262200346584 5.537261843230687 0.23229009519224153
6083 -68.17344806455985 6.1367312945028933 0.0041942882994896458
6084 -67.757471485247891 6.6438155150179306 -0.1977236139004801
6085 -67.190311608272467 7.1557519541459742 -0.41938085244436452
6086 -66.609705577740939 7.5315656596082556 -0.61115725204863214
6087 -65.886114317272103 7.8564858658793408 -0.81935197882875754
6088 -65.190974685916757 8.0357660171088057 -0.99509064781019108
6089 -64.371671004253088 8.1081756247518655 -1.1832664426123314
6090 -63.653286896852023 8.0362904085366278 -1.3383670384539537
6091 -62.871006199742624 7.8121411528511171 -1.501384218891304
6092 -62.239238184773903 7.4817656379917041 -1.6358219021905342
6093 -61.621248796871384 6.9832853286434444 -1.7761278753000722
6094 -61.146380631749942 6.3827589849153545 -1.9056050603200638
6095 -60.871504195543793 5.798840012439082 -2.0129502178115302
6096 -60.71740087202781 5.1323322058870549 -2.125204029379792
6097 -60.719361863837875 4.5754860115470812 -2.2215275834031321
6098 -60.840900814919387 4.0279920644428362 -2.3282172427440444
6099 -61.029750113819063 3.6278395121070273 -2.4221477613335267
6100 -61.298801746092877 3.2622252308796669 -2.5289185940138195
6101 -61.560947539496048 3.0225180111179193 -2.6248659089847126
6102 -61.861989143480173 2.8292091156938439 -2.7351756674609899
6103 -62.123415584358042 2.7150245655746006 -2.8339337250660308
6104 -62.401349567399379 2.6373699141705114 -2.9436481030321517
6105 -62.658441248493347 2.60193248274759 -3.052550700707211
6106 -62.866877928726439 2.5975682105991891 -3.1470327599205081
6107 -63.080137332096513 2.6153637899738742 -3.2470536379995232
6108 -63.251947657529264 2.6453533880538904 -3.3296118484711772
6109 -63.426128052794787 2.6904124938156055 -3.4126551484252259
6110 -63.568511307462607 2.7381830406880447 -3.4815751303687033
6111 -63.721080285486757 2.8012405801193001 -3.5559321089028155
6112 -63.843936553060544 2.8610421243477422 -3.6142843375761049
6113 -63.970727464483183 2.9319893656783464 -3.6747226361906455
6114 -64.076527408631236 2.9988069803616448 -3.7268443733583769
6115 -64.187358034269593 3.0773384251956073 -3.7828385402457569
6116 -64.291990927955624 3.1606556844806049 -3.8375279282514456
6117 -64.390590012785097 3.2480815986531546 -3.8905253191257931
6118 -64.507169122272018 3.3644956645775657 -3.9544472119458987
6119 -64.613668311140145 3.4849845580362802 -4.0138211748562513
6120 -64.734794015941034 3.6411557187312469 -4.0830294109853984
6121 -64.841827789674497 3.7995107213631174 -4.1459676637950498
6122 -64.96011236063417 4.0024047388294788 -4.2150396141656019
6123 -65.045022657377984 4.1589393404371329 -4.2169982583895278
6124 -65.14975457552184 4.3465580218551052 -4.19658166164891
6125 -65.254976143424429 4.5203404971550354 -4.1546669883954248
6126 -65.387931777315984 4.7087292385149739 -4.0787845925485362
6127 -65.540951974794481 4.8831290425032492 -3.970641487165234
6128 -65.694120255370834 5.0162324766676676 -3.8441305532605705
6129 -65.783313559527272 5.0836118009167386 -3.8570337030423292
6130 -65.867067443020161 5.1464943935996672 -3.8435852521164326
6131 -65.966949146712324 5.2141081781280283 -3.7956358504595298
6132 -66.057608010686081 5.2656925187874259 -3.7182422973941778
6133 -66.15355254891125 5.3034452436546236 -3.6057160816367837
6134 -66.231601425407177 5.3221053489379848 -3.4902130253112253
6135 -66.31469234635513 5.3244283714090042 -3.347172774650236
6136 -66.384338327979734 5.3172570507334695 -3.2162376057195057
6137 -66.488281670232794 5.3255660044146689 -3.2059333724963932
6138 -66.583767567330128 5.3526090573927112 -3.2094981816352908
6139 -66.699623812203058 5.405663018464046 -3.232868665487945
6140 -66.824123438988266 5.4846019411187825 -3.2800976082880511
6141 -66.952355238120688 5.5879924512992591 -3.3507226373769945
6142 -67.119849333464089 5.7500042108123193 -3.4644007596133544
6143 -67.514084919463173 5.892097630103855 -3.6013072406983557
6144 -67.869224703127642 6.1233971152305795 -3.7853978912262898
6145 -68.09777897204863 6.3691719345633819 -3.9758961240656281
6146 -68.263148595143065 6.6683739032384963 -4.2131244893617223
6147 -68.338348442302689 6.9329876773967793 -4.4368078119659415
6148 -68.360470179589598 7.2356434994446097 -4.6760414456741168
6149 -68.382362758836507 7.6366109800092543 -4.6583007058615209
6150 -68.454901861813852 8.0692181080716026 -4.4213129406338201
6151 -68.660225579064715 8.553194558088137 -4.1711564761619604
6152 -68.951917462970798 8.953544928559257 -3.9576463159835278
6153 -69.503968471095178 9.4508903963189113 -3.6700405098776923
6154 -70.248599859717771 9.830647079945015 -3.3844214283318403
6155 -71.159190296191511 9.981055997036389 -3.0272419292125274
6156 -71.982036336315815 9.8666286859863277 -2.8639763891064396
6157 -72.830085552984613 9.5859155213449139 -2.6446296617129939
6158 -73.323133481535862 9.2412203629783392 -2.3005928909259512
6159 -73.358573395349509 9.1664221454055888 -2.2542574699300184
6160 -73.276524952046913 9.0661258551821344 -1.8365272143641027
6161 -73.080165617346424 9.5386685820750543 -1.751742871833794
6162 -72.806531215572988 10.159343387469564 -1.4023487126141454
6163 -72.74577165247679 10.981020493538548 -0.92488040389277881
6164 -73.201612050088059 11.837803456558394 -0.78452623919409281
6165 -73.652834325144312 12.648188955925313 -0.23806102831609818
6166 -74.133689758488828 13.017031187159329 0.14125763383898871
6167 -74.213527213973265 13.095909675518962 0.17222828787169603
6168 -74.240136315166339 13.086203073808086 -0.13939811074642089
6169 -74.618466622654196 13.214758522972485 -0.16403993939947481
6170 -75.011380839206126 13.36964043383821 -0.095361583352937693
6171 -75.370422775376966 13.450867103976977 -0.22812096739099888
6172 -75.594648282106419 13.484623754321085 -0.26668783344557739
6173 -75.864238713014231 13.492656073456567 -0.43324804888020674
6174 -76.125189313702393 13.391272414171654 -0.70019066352883319
6175 -75.999181193505819 13.033510954051742 -0.92936720771340553
6176 -75.481337543414853 12.60851464240551 -0.95549124630578786
6177 -75.008937995494449 12.103279570096449 -0.98873454455240017
6178 -74.673309643422371 11.645442946989245 -1.0307693006319241
6179 -74.357932073650289 11.12513225912363 -1.0832767009499702
6180 -74.125824568574146 10.661329719711397 -1.1472405077046661
6181 -73.90902349024563 10.121639508553558 -1.2347489907781295
6182 -73.74569659549546 9.5674777992738562 -1.3348694850416238
6183 -73.660403268778225 9.0350140670818124 -1.4825393649669962
6184 -73.751556810707953 8.2059448987231747 -1.9361043357815484
6185 -73.752402644777192 8.2046722503552658 -1.9394703316442945
6186 -74.17558050689486 7.5681103398199587 -2.4559068354595124
6187 -75.102821078900561 7.0481540661048525 -2.8901725243577592
6188 -75.987534544494451 6.9575202319522695 -3.2440874353774567
6189 -76.591209736246981 7.0994440258969416 -3.5136954644681664
6190 -76.84718554599803 7.2228787928904747 -3.7513591378922677
6191 -76.896632773679983 7.3690150341936436 -4.2710412042025299
6192 -76.730023356163713 7.0629694055424235 -4.6213844744841976
6193 -76.714007179567147 6.4064039237539401 -4.7836598703893065
6194 -76.865594083667943 5.6087372665013042 -4.7912076990635919
6195 -76.961443650007269 4.8964458439746243 -4.7892718217757535
6196 -77.075245079823446 4.1016244517872957 -4.7790637568756456
6197 -77.046358740822129 3.6271539279266634 -5.3642362257565637
6198 -77.225215474489261 3.2168891615097222 -5.9742338536579647
6199 -77.21533751682901 3.1493551059667717 -6.3756692243229027
6200 -76.552773592580238 3.1793157749411827 -5.972045071298739
6201 -76.254976745572051 3.4036712901798585 -5.4738234533344627
6202 -76.32696383742126 3.6225452311008683 -4.7650392499122862
6203 -76.366096229019888 3.6819628822557084 -4.6174778552839557
6204 -76.49198921235697 4.1127032621856641 -4.3094366893182903
6205 -76.53427172053641 4.7409035326415081 -5.152813882117913
6206 -76.441886835029464 5.2198581302716391 -4.7287086011878081
6207 -76.561360291018914 5.6782021368513131 -4.2817330635362287
6208 -76.825511485378158 6.0092987095230432 -3.880658137286995
6209 -77.123730892951258 6.013321810018275 -3.2206551195630726
6210 -77.457944858461644 5.9021883917770586 -2.6822214109877853
6211 -77.45702618311617 5.9006411747374612 -2.6774755696979935
6212 -77.891178456456856 5.5169242731056052 -2.16862224357445
6213 -78.193730232935636 4.9024014226027406 -1.8100066534537984
6214 -78.361861590041656 4.1533747540288983 -1.7634654615142249
6215 -78.520756666974407 3.4526940447768375 -1.8505112854117318
6216 -78.800446584382271 2.7290300445190057 -2.0966329720722836
6217 -79.169463617857886 2.2714050950642641 -2.4513030043274489
6218 -79.57762756751157 1.9282866905357245 -2.4311678998546293
6219 -79.576099645243588 1.9270553528953551 -2.4318810218770541
6220 -80.069453537867687 1.7415188000810291 -3.0489961470562146
6221 -80.278456452731845 1.9231904829149216 -3.7191591183138892
6222 -80.165513954632019 2.2077792588756529 -4.5519993721907239
6223 -80.163387809620161 2.2061329168891834 -4.5597636507692689
6224 -80.225641746427129 2.4943193614875518 -4.3807571919293533
6225 -80.342867490997392 2.7230217911991712 -4.091153020613203
6226 -80.516685534242143 3.0810599573133115 -4.2554057837770394
6227 -80.616477308194973 3.564507410628921 -4.3271504027780727
6228 -80.68527202722241 4.0987879370909877 -4.2979299809059368
6229 -81.437360798944084 4.9778140198921292 -4.4935418849426769
6230 -81.768950037930026 5.8529670210691851 -4.7173807959065952
6231 -81.755236771667313 6.8091577993110235 -5.0287770626801072
6232 -81.798358187803089 7.6652955331547412 -4.3270849160860827
6233 -82.305923062305752 8.2241923383459898 -3.6776350634468047
6234 -83.118187713862298 8.3502895857844024 -2.9183584315961828
6235 -83.804336181219554 7.842255038633696 -2.2341497492197955
6236 -83.931148470485255 6.4282652721091065 -2.130748459523061
6237 -83.854139447168507 5.0764939719308044 -2.1550933707775473
6238 -83.658464896026288 3.5087913472044963 -2.1167544261532529
6239 -83.397337542551753 2.2346801506149214 -1.7170981209913265
6240 -83.264218379054384 1.2058141253782038 -1.3775661300482196
6241 -83.04181975155943 0.59968522481356423 -0.99486183289110919
6242 -82.748321780038992 0.17204040342508109 -1.0227775551513207
6243 -82.432423351098421 -0.26099371321842413 -0.99629636856992487
6244 -81.575715621975817 -0.83210144809057929 0.33581234863716125
6245 -82.019147442932919 -0.97035067668277764 -0.1524908725934162
6246 -81.469055067494367 -0.93532595753284165 -0.42042498045988785
6247 -81.432493321147305 -3.2172478337046302 -0.76434381511038496
6248 -80.983905491292688 -4.7130950319691109 -0.82169669489439134
6249 -81.524857250439496 -4.0933289561319857 -1.1321126153682748
6250 -82.014250297160046 -3.4191155935673052 -1.9697665269275473
6251 -82.277150908238042 -3.6469052620029165 -2.4185847172219632
6252 -83.045027617246191 -4.3456931814658013 -2.2875682226138974
6253 -83.534263029303318 -5.2334471630874688 -1.5744976453790471
6254 -83.540227364816189 -5.2289898707116462 -1.5659772702962742
6255 -83.379550591250776 -5.1329242225640819 -1.3680449471754332
6256 -83.469717489878661 -4.0161746417610811 -1.7981133834718483
6257 -83.579901314319784 -4.4596915541575317 -1.9888243821619187
6258 -83.755593686740895 -4.9462311534092711 -1.9483431007987906
6259 -83.984842953699797 -5.5180447765768541 -1.999546960146076
6260 -84.212768314077735 -6.0200230897609499 -2.0393062856060182
6261 -84.486899825956328 -6.5881222183468999 -2.0450649280089599
6262 -84.685344044675318 -7.1304561209231059 -1.8381843425133186
6263 -84.789938782582396 -7.7908841179356028 -1.6322133346447272
6264 -84.782487074985397 -8.3910912577171839 -1.4821023046297193
6265 -84.676738568285742 -9.0761769684612315 -1.3462806577700173
6266 -84.477685779826629 -9.7776114063120811 -1.2442104242405834
6267 -84.242750009583006 -10.387674139666654 -1.183396297550481
6268 -83.929953729260774 -11.068751897537197 -1.1390188006171469
6269 -83.616010902355058 -11.677185532306563 -1.1188748717676931
6270 -83.242398549485927 -12.36420704639886 -1.1184285516564951
6271 -82.90445490845056 -12.977838783795489 -1.1318022263706164
6272 -82.53048480775891 -13.673832956818707 -1.1587031313254192
6273 -82.21497827281668 -14.29997033708119 -1.1953837273505177
6274 -81.897880717389796 -15.003838665572815 -1.2479669677845351
6275 -81.659024915443865 -15.630599266806186 -1.3093905393081553
6276 -81.446543591279976 -16.34970871166929 -1.398095938670662
6277 -81.313409861630788 -17.071477558318001 -1.5081047452050977
6278 -81.276189550922254 -17.703452924539118 -1.6258280032728507
6279 -81.338189413673348 -18.391128254945556 -1.7860243817959411
6280 -81.495044242643928 -18.958153690471626 -1.9550171323402696
6281 -81.791382177151036 -19.528839808487565 -2.1785462740341983
6282 -82.150908190183131 -19.932921298257554 -2.4127844945569361
6283 -82.646311267153266 -20.241179888443753 -2.7178212096203733
6284 -83.116945185301461 -20.357158502794185 -3.0091292665155076
6285 -83.641550232802132 -20.317213936319192 -3.3425592898269674
6286 -84.068024048780828 -20.148890288755759 -3.6300054457478028
6287 -84.482692213211195 -19.831059775847219 -3.9210442983674225
6288 -84.806377829082962 -19.408463987876665 -4.184465761695729
6289 -85.010738467582158 -18.956722883228529 -4.3940210436322271
6290 -85.134964352961759 -18.381466415503859 -4.6025149937533181
6291 -85.248888273598254 -17.889214504414493 -4.4034751776904795
6292 -85.482563203078655 -17.380948311927028 -4.1875094480757831
6293 -85.768836259486747 -16.982729656685791 -4.0056779476455651
6294 -86.173968529707466 -16.595610451220608 -3.8080422374756178
6295 -86.598359462971374 -16.315008620447372 -3.6430066147087947
6296 -87.128050955027604 -16.081708374603693 -3.471108889295436
6297 -87.636841205766999 -15.950099171474646 -3.3277157342168548
6298 -88.228374217329375 -15.888786206911577 -3.1796622658817517
6299 -88.83428075418847 -15.915959788711021 -3.0441220438143977
6300 -89.370991896117246 -16.010591069522512 -2.9343946745568132
6301 -89.940953969013066 -16.179154678040483 -2.8251529255721226
6302 -90.418693977380769 -16.375264657090849 -2.738573021137932
6303 -90.92411671413808 -16.636176916978656 -2.6557557189453651
6304 -91.344973141498471 -16.894798063855678 -2.5926198042418567
6305 -91.788435116800642 -17.206258983616479 -2.5309708252385743
6306 -92.172077288245362 -17.506630855756931 -2.4860968142602142
6307 -92.598422849303006 -17.866859530222609 -2.4509844459106747
6308 -92.987127000237862 -18.21158401389669 -2.4327309899993113
6309 -93.432977733741282 -18.613460142137747 -2.4288581233387352
6310 -93.894160236369558 -19.020127349276471 -2.447461967252504
6311 -94.328364219041887 -19.37969331134407 -2.4846729319911933
6312 -94.844907381531826 -19.815320350263161 -2.4206846743975641
6313 -95.288791312520928 -20.22178015857882 -2.3738890625991114
6314 -95.783721979542335 -20.703242240678836 -2.3321186015219633
6315 -96.22931956253251 -21.152576699911357 -2.3066868913522867
6316 -96.744629230142863 -21.675361762571722 -2.2954469579196708
6317 -97.22321282625083 -22.146336507361337 -2.3046458356787234
6318 -97.79034177278001 -22.666898033827135 -2.3428255845381045
6319 -98.32921975925882 -23.109102311782276 -2.3988982302940025
6320 -98.971731119796459 -23.562537584155443 -2.4886383738327549
6321 -99.655672781033758 -23.950472410770615 -2.6119358871192593
6322 -100.29234760690376 -24.218534186664485 -2.7486133015885996
6323 -101.02549801782 -24.40907256920633 -2.9389631828385774
6324 -101.68143886342276 -24.459033176312136 -3.1447869415474572
6325 -102.36197438745658 -24.362260441268287 -3.4154013776814169
6326 -102.89399181099449 -24.136904370695273 -3.6903158518036876
6327 -103.36836131422585 -23.730273169824954 -4.0379072716093516
6328 -103.62215817119973 -23.28867142241559 -4.3666708401797942
6329 -103.69966532423045 -22.736988050414052 -4.7706687887528627
6330 -103.57653582773287 -22.272672698748767 -5.1430352368039483
6331 -103.24953612296893 -21.855948477813975 -5.5567469351519883
6332 -102.76513011932894 -21.595021030758602 -5.9657152230102657
6333 -102.25993422110047 -21.528417068785497 -6.3071720972256511
6334 -101.67528733107444 -21.649304542040511 -6.6498394107525236
6335 -101.18167851320038 -21.918547871796942 -6.9134879149397124
6336 -100.69728413400813 -22.372870720687065 -7.1599297427267619
6337 -100.31517983316881 -22.878086992447887 -7.2260017024121428
6338 -99.92031715190177 -23.46111810850757 -7.2723244318119287
6339 -99.59265132413914 -23.974928488183615 -7.2888117995956607
6340 -99.228529280188539 -24.548014564983635 -7.2801045687719066
6341 -98.898514660436859 -25.045834395243293 -7.2530276834853149
6342 -98.51107822419435 -25.581706860177654 -7.1987206518985305
6343 -98.088532128288037 -26.091273386763493 -7.1179980426624478
6344 -97.68125511867288 -26.504195786127482 -7.022896685238786
6345 -97.179730736664169 -26.91059738574258 -6.8893580690276552
6346 -96.89680587319333 -27.118706044957253 -6.9783492939804663
6347 -96.557239757138831 -27.389591125086746 -6.9911298755531188
6348 -96.218729354647238 -27.63007121242924 -6.9112287089465232
6349 -95.916919731564874 -27.785650272272463 -6.9058849861657805
6350 -95.603812846113584 -27.902820436785369 -6.7839134532428211
6351 -95.219261406428373 -27.973405852899436 -6.6761038613623533
6352 -94.761655094280428 -28.056970178011827 -6.5828277220418308
6353 -94.100801918584182 -28.136718553061364 -6.3891923017539476
6354 -93.23039312317222 -28.2295490046968 -6.0990951418513344
6355 -92.281316430343196 -28.552915611566082 -6.1105328627304125
6356 -91.319350244891623 -28.716342595227033 -6.0905780868229922
6357 -90.572378850875324 -28.712649293836026 -6.041121201416602
6358 -89.837778183964204 -28.595723491342806 -5.9541465755502223
6359 -89.265914599095538 -28.406160909286438 -5.8489988195871563
6360 -88.70694901275472 -28.113846995912649 -5.7078568365906914
6361 -88.289511650707936 -27.792348841325147 -5.5623776729553427
6362 -87.900682404398538 -27.365580210415754 -5.3814379614598993
6363 -87.635244790145833 -26.932814614478566 -5.2057276153434717
6364 -87.431139858645906 -26.38896223101381 -4.9953173972980949
6365 -87.340284091540383 -25.802073847391689 -4.7771834628145555
6366 -87.365626293652497 -25.264004904429576 -4.5782562305701617
6367 -87.507662696846339 -24.655466777485948 -4.363628985129357
6368 -87.730071686404884 -24.13112491125117 -4.1791367982205978
6369 -88.081789416638529 -23.572108246753615 -3.9851953238029294
6370 -88.474695315512008 -23.120627881349069 -3.8315194848653809
6371 -88.988200208867767 -22.665199796056619 -3.6818019915767515
6372 -89.490462260471077 -22.324083761952437 -3.5693755098030864
6373 -90.09307779627305 -22.004905390571011 -3.4687247693816667
6374 -90.645947123541532 -21.754279381165848 -3.4480410933314092
6375 -91.284021907214395 -21.455734198578885 -3.4494172000647119
6376 -91.925695027775177 -21.138840127765576 -3.4746527235589246
6377 -92.482334563756751 -20.848836833246491 -3.5170425859748775
6378 -93.077915984193666 -20.520199756620208 -3.5823412116284565
6379 -93.556404789025706 -20.239513414123945 -3.6546710282679107
6380 -94.022379459244746 -19.933471590196504 -3.7443945318043323
6381 -94.362671138656737 -19.674893115648324 -3.8278693175161429
6382 -94.411989165147233 -19.626790325026594 -3.8638860657783063
6383 -94.453000294564831 -19.591543852428345 -3.8894376520362206
6384 -94.4909928324399 -19.556805000313481 -3.9140132848678646
6385 -94.397256294481409 -19.639301106394722 -3.9710533222066231
6386 -94.22273568266364 -19.829065410228388 -3.9704040276989176
6387 -94.079654077060795 -19.986524693820034 -3.963432502441766
6388 -94.08966287337897 -19.968724143204152 -3.9688041540633048
6389 -94.041861275654085 -20.013982347173119 -3.963573496080552
6390 -94.005361539264271 -20.046860981566248 -3.952430895927419
6391 -93.922011951376462 -20.130830497654173 -3.8888776752163579
6392 -93.899029647010593 -20.148912832407714 -3.9081916717863465
6393 -93.946891806795662 -20.105571527484173 -3.8384064984573136
6394 -93.942801978144843 -20.105343001997014 -3.9338139578806004
6395 -94.063549310092213 -19.980957482682559 -3.9636338648064213
6396 -94.137032405337635 -19.905292118249029 -3.8870904716645147
6397 -94.174659755590284 -19.86646174591808 -3.9570478113772549
6398 -94.17671273403252 -19.868302854353637 -3.8771615785557838
6399 -94.130697016316404 -19.90910058224036 -3.8873298997854202
6400 -94.07767886339191 -19.956800176302444 -3.8974291401768326
6401 -93.976104735945086 -20.045936612626175 -3.9971887158412782
6402 -93.816666816646233 -20.229198211609788 -3.9861811603625679
6403 -93.735110717979055 -20.338550151751576 -3.8833442107447445
6404 -93.638720230560779 -20.444606559242146 -3.771890354576596
6405 -93.555229073215131 -20.518667906678619 -3.6804012423882111
6406 -93.472429180908335 -20.579699144335194 -3.6010152220187259
6407 -93.413443945778198 -20.614412421404932 -3.5663750305941808
6408 -93.353622280841989 -20.63872201441902 -3.5877513075182312
6409 -93.274706171111788 -20.661547261775745 -3.6900480743678283
6410 -93.022907421402081 -20.821599393974271 -3.6725440409839814
6411 -93.102924358079477 -20.800460559716633 -3.5710137098685566
6412 -93.092713318843224 -20.831768086750028 -3.434815249810049
6413 -93.020918297318431 -20.887400999970964 -3.2734750288980989
6414 -93.051010426891807 -20.906247892174882 -3.1503580531458355
6415 -93.039201732799711 -20.932499553121644 -3.0105109767255263
6416 -92.980295015237076 -20.950980871723544 -2.8205765945445473
6417 -92.965399184905394 -20.974978513018193 -2.6997864907956766
6418 -93.004336307763552 -20.997123375568226 -2.6279107717713757
6419 -93.106572927860526 -21.118067875978618 -2.3280581232898485
6420 -92.957805186910193 -20.991751743111138 -2.3627965641638893
6421 -92.890629978573841 -20.834486362116294 -2.1940951296163447
6422 -92.670237809479602 -20.225694558102621 -1.6455766496684343
6423 -92.2506883026048 -19.886819711131398 -1.3194502170600706
6424 -91.76585640556155 -19.264737527678513 -1.0000745566072788
6425 -91.296028174027271 -19.114997368754242 -0.66596323054779738
6426 -90.581350520826632 -19.841988466037439 -0.1865260456854696
6427 -89.919866125677572 -20.773692762424073 -0.39196793804209507
6428 -89.20390222227536 -21.481131491386996 -0.58704977249580337
6429 -88.680926814524582 -21.933857310282644 -0.72303760680401508
6430 -88.206841472756011 -22.403101613558224 -0.84812378791386211
6431 -87.808642272852737 -22.912201738403045 -0.95344245293923258
6432 -87.484791650182487 -23.422092016007721 -1.0203864025687626
6433 -87.110482653975879 -24.072931201670777 -1.0672971247531722
6434 -86.746466429458664 -24.707690419364081 -1.0851881356265154
6435 -86.268638565720437 -25.475588462091814 -1.0931397294038803
6436 -85.738522717323391 -26.203661310685703 -1.0868101075785006
6437 -84.998954440306079 -27.041957554053539 -1.0675381316851884
6438 -84.169254752246331 -27.770434460627655 -1.0500149452440668
6439 -83.050594447401451 -28.52115779778909 -1.0180259601495627
6440 -81.869749376618159 -29.061366259328402 -0.97219794600745724
6441 -80.392893342450279 -29.475790927125601 -0.89722837711676928
6442 -78.782682892349513 -29.604076338825831 -0.82547452142637923
6443 -77.29499514465283 -29.445529468033257 -0.77156028888839723
6444 -75.608440484236141 -28.980671565184117 -0.72604932973204073
6445 -74.142656229843112 -28.2923279533276 -0.70656323907402463
6446 -72.562718425699785 -27.249109997635234 -0.72685037237890904
6447 -71.202694904887352 -26.062711453241281 -0.78182675509766542
6448 -69.690562438835613 -24.486953814182797 -0.88350200307649374
6449 -68.335914231865573 -22.917172801111157 -1.0060206384149426
6450 -66.719706531369923 -21.049706457406131 -1.1856442081035414
6451 -65.093026351489755 -19.391372715735329 -1.3755577969232335
6452 -62.968555757021647 -17.724499244863431 -1.6130051204415152
6453 -60.499525647765417 -16.579242421963986 -1.8653252583857214
6454 -58.15787353564194 -16.349835472530184 -2.1117661316980332
6455 -55.697650996168477 -17.01523260263361 -2.3831427051452643
6456 -54.14282824092912 -18.434449078953445 -2.6132682579171442
6457 -53.391143430085599 -20.443866557437467 -2.8472302657608597
6458 -53.695886101308645 -22.079969291339982 -3.0333684120726825
6459 -54.685651967341769 -23.406379502745366 -3.1958635949770398
6460 -55.778403410639143 -23.930631040744373 -3.3090028926413617
6461 -56.917315509983489 -24.009133500996224 -3.4341887682258267
6462 -57.679794512298358 -23.784525406462276 -3.5770318462868578
6463 -58.304405786692186 -23.406545245183143 -3.7967062042080091
6464 -58.77218394934328 -22.948739531923657 -4.0668542878485372
6465 -59.065925823304767 -22.48221598722013 -4.3428995725373341
6466 -59.223612413771441 -21.898973383010286 -4.68053754571421
6467 -59.189131215705139 -21.36273040016437 -4.9661714440397402
6468 -58.965574213928861 -20.791048716925445 -5.2457098824379749
6469 -58.634719069215556 -20.336636144702698 -5.4492218675904702
6470 -58.157617559329353 -19.894844007066297 -5.6202400134902382
6471 -57.667161419570526 -19.547568253710846 -5.7112412545708358
6472 -57.494338483152731 -19.50145124998874 -5.9283047320801732
6473 -57.269592386997886 -19.442305731647064 -5.9520167600031719
6474 -57.02274650769801 -19.315326630650606 -5.7941509774956286
6475 -56.881485127709496 -19.236287663704658 -5.8213698651280552
6476 -56.559452693090719 -19.196840894329675 -6.0158921502119576
6477 -55.907217912969479 -19.262081858983695 -6.2321014985558048
6478 -55.047657842608054 -19.156569856119283 -6.2414785093484424
6479 -53.97222653107081 -18.89546917228018 -6.2880965000229283
6480 -52.960320325132628 -18.539610220199915 -6.3537312866901861
6481 -51.732572360059521 -18.016451483993709 -6.4400028743122366
6482 -50.574512434502374 -17.43561989688958 -6.5316350878637808
6483 -49.208282564344444 -16.68080422376346 -6.6618541574950267
6484 -47.917290944505616 -15.942521981207374 -6.7971858047236369
6485 -46.38840153830666 -15.087609266290723 -6.9571849788231415
6486 -44.754481392484159 -14.232216324663703 -7.1277548045104506
6487 -43.212736821480163 -13.517943745426209 -7.2802682936692085
6488 -41.397675532844687 -12.844141208275943 -7.4418092908808795
6489 -39.734077315687877 -12.458079169710533 -7.5484451368571266
6490 -37.875094126827229 -12.29915200749587 -7.6408806752504042
6491 -36.281454204743838 -12.399151814421238 -7.7058952588691643
6492 -34.53377112460975 -12.661269382889262 -7.7528911105193945
6493 -33.024037532767636 -13.007190052636926 -7.7688893706481768
6494 -31.351243604185669 -13.424022221550461 -7.7367270544984734
6495 -29.833259861347226 -13.774582632187162 -7.6697181877103056
6496 -28.17316138453662 -14.098532094055122 -7.5696706374669791
6497 -26.674062481068692 -14.280926901221346 -7.4506882172635542
6498 -25.030692686011214 -14.344801799696272 -7.2686153177226949
6499 -23.464334801027256 -14.237502412937205 -7.0538120666922453
6500 -22.1416740159139 -13.980716131178927 -6.8457574624581152
6501 -20.768747712546606 -13.525968779391256 -6.6117982439708118
6502 -19.668571046955933 -12.964001665933893 -6.4058075608164069
6503 -18.58843304455597 -12.200752547282249 -6.1649276540067603
6504 -17.79106969836516 -11.417283390588135 -5.9435346278083596
6505 -17.075779192924884 -10.4678708959714 -5.7201811563306322
6506 -16.603370308331794 -9.5591958572866442 -5.5430824355729964
6507 -16.230051762067369 -8.5149551212031049 -5.3760058096258998
6508 -16.017338124517426 -7.593734229491357 -5.2551193576732036
6509 -15.865683171528104 -6.555139900400075 -5.1446279740410246
6510 -15.779247652462626 -5.5563357586782107 -5.0466037874870109
6511 -15.733270895737384 -4.7086932870751701 -4.9533015760640033
6512 -15.710779709116252 -3.80624362788366 -4.8330577571863618
6513 -15.733282128598137 -3.0829472324164406 -4.6912949236628396
6514 -15.823387260558103 -2.3495524992557648 -4.4744012387105307
6515 -15.968361006059968 -1.8016271465118407 -4.2359914577358841
6516 -16.204341332533584 -1.3190435493594475 -3.9311729815094871
6517 -16.465207713319018 -1.0263238906224483 -3.6347595185094335
6518 -16.785980696731016 -0.86383987648261051 -3.3034486832387864
6519 -17.08064498563477 -0.85090325817509793 -3.0161658826724844
6520 -17.398737981822542 -0.97567258546179669 -2.702375040082273
6521 -17.674745850342468 -1.2304510965996818 -2.4010974912066239
6522 -17.876509837259199 -1.548413073901391 -2.1605426852802267
6523 -18.027999732627006 -1.9838379431992823 -1.9068129284202193
6524 -18.089747894238585 -2.4184428351716569 -1.7055302660172387
6525 -18.085838855025738 -2.9406044587159781 -1.5256134394331178
6526 -18.024000162040526 -3.4164481758480241 -1.4017635752185178
6527 -17.904399002940256 -3.9598249932940304 -1.306726791290044
6528 -17.764218463377041 -4.4501521589220729 -1.2733323993950985
6529 -17.608858823558553 -4.7846731127740352 -0.98152288626672612
6530 -17.439655892471873 -4.9962956891348682 -0.7758574824743234
6531 -17.186843136214858 -5.2107868949783436 -0.65093585183688518
6532 -16.942326173267436 -5.3760536044143867 -0.60316668384997474
6533 -16.785800039212546 -5.4653875667128959 -0.51034042174244132
6534 -16.655906917009229 -5.5232110171424544 -0.46142214832929057
6535 -16.61055493305177 -5.5372866143611228 -0.44740539029307458
6536 -16.602038031736196 -5.5348951468482843 -0.44654510049913332
6537 -16.59585275989048 -5.5309615874686777 -0.44623099040502162
6538 -16.591934909242728 -5.5259069188375198 -0.44615034729680825
6539 -16.588022574749253 -5.5204356362015368 -0.44563000894111193
6540 -16.569610578065671 -5.5202317860681189 -0.44356772724095683
6541 -16.528861465877618 -5.5283500860346511 -0.43836450859251902
6542 -16.480172644632258 -5.5390497761452675 -0.43223150289710216
6543 -16.413264279054165 -5.5560007706666479 -0.42510286124415564
6544 -16.340671641583054 -5.5740319475966782 -0.43274453149318143
6545 -16.243768901331531 -5.6032201331760083 -0.45205969560686288
6546 -16.130471981958991 -5.6432347541562784 -0.48956718669925348
6547 -15.982912531435684 -5.7113556988960301 -0.56926871952176272
6548 -15.855734504855514 -5.8014118941837296 -0.73963926677247693
6549 -15.860038342568764 -5.8240693717243719 -0.72398949779295863
6550 -15.859262581919969 -5.8858541380944613 -0.88151627440554847
6551 -15.982411511156704 -5.8493168737886592 -1.0387884529052245
6552 -16.218028884823259 -5.6647410551067345 -1.1469883470834912
6553 -16.477412864417776 -5.4058573216912329 -1.3584204907586823
6554 -16.760154319793987 -4.9287183233571907 -1.5161111691800846
6555 -16.976845263044726 -4.4098815305140953 -1.7375747592289985
6556 -17.082951440529357 -3.6906655196388414 -1.8407728029293047
6557 -17.127408413608997 -3.027692593692616 -1.9691661551974866
6558 -17.092414723434985 -2.2027115182397141 -2.1489259704682877
6559 -16.902043806284826 -1.375234921994444 -2.2494167955916189
6560 -16.661779416269717 -0.61043621277811422 -2.3892726787026297
6561 -16.390682014880618 0.37489172670081694 -3.1869841184374295
6562 -16.11889147957984 0.75027264188567555 -3.7459336590532888
6563 -16.413732583577392 1.1178019252159179 -3.9804416210380871
6564 -16.954676138604821 1.5575741361689093 -3.7637365231617879
6565 -17.341805091836274 1.6652415632882696 -3.0072224994346168
6566 -17.002823984680525 2.1105184594650881 -3.1349266299350189
6567 -16.621031882997325 2.5261295253427232 -3.0306102720681194
6568 -16.548108297837167 2.8731423012391097 -3.0932284848057625
6569 -17.142756722949468 4.026205163178556 -6.0741023555747216
6570 -15.289313709928479 3.8326904251294085 -9.0935447479211469
6571 -15.931711488839422 3.5141834216486179 -8.9543001220540592
6572 -16.544519258525039 3.0759760580156161 -8.7072196206311432
6573 -16.957229806958516 2.6049088213396541 -8.4198459470809883
6574 -17.222423349560621 2.0313039821405829 -8.0517527231580441
6575 -17.285493155729725 1.5268411102963304 -7.6914187600372497
6576 -17.170453224538328 1.0163548650976992 -7.2633163513636267
6577 -16.899079738692961 0.63411412799322675 -6.8772759149950815
6578 -16.425911652437318 0.36327671816941143 -6.4736275438996511
6579 -15.863857797181488 0.32761468664852833 -6.1669964542362949
6580 -15.17494075570492 0.55287646294452308 -5.895464646532468
6581 -14.527914343358615 1.0379269587128332 -5.7101888812381034
6582 -14.023657499438571 1.6446079676876173 -5.606165204855901
6583 -13.546654016679216 2.4195088232640374 -5.5382523728489197
6584 -13.177999712886466 3.1554554100737433 -5.5061609982666422
6585 -12.795513255983714 3.9752557236365558 -5.502971210433329
6586 -12.448347904200386 4.6840348184456104 -5.5321702151066861
6587 -12.023178659549489 5.440019351650168 -5.5963334280740709
6588 -11.601531503929229 6.0384151025545565 -5.6750114418528428
6589 -11.072383104846343 6.6101928178594545 -5.7865428461515824
6590 -10.557754102294988 6.9942383267968751 -5.9122179606042655
6591 -9.9557983887886312 7.2724148816480874 -6.0838013328555416
6592 -9.3757570896209934 7.3683854637927269 -6.2909437796068053
6593 -8.9324368742461466 7.3112856753319964 -6.5063578142223593
6594 -8.5243717528994196 7.1259631162581023 -6.7828479340045762
6595 -8.271664867811106 6.8976689613247038 -7.0512917201084084
6596 -8.1026333040456038 6.6058827565407316 -7.3668834955833793
6597 -8.0356000239514422 6.3338243372461474 -7.6572080227759036
6598 -8.0482550585896835 5.9980616252102541 -7.9767433715046296
6599 -8.1415137615495912 5.679591705042311 -8.2399155692082253
6600 -8.3086335846111581 5.1633729960472836 -8.0719822523282829
6601 -8.4363672708640749 4.6106411756731429 -8.0554574285441909
6602 -8.5575438366839549 3.9818426054060301 -7.9847138719721906
6603 -8.6276428220879211 3.1991130160891843 -7.7769332809946645
6604 -8.5766782069968261 2.4118825879803225 -7.7051818880458756
6605 -8.44165090275194 1.3964757427589336 -7.6032855336001273
6606 -8.2174073375614896 0.5709440987388108 -7.3377864645283433
6607 -7.9029669202429034 -0.070958269884634717 -7.4052836873558778
6608 -7.5789563545548422 -0.78217199070230348 -7.2015356777480726
6609 -7.1139141577378346 -1.2304831282967466 -6.6755599318175847
6610 -7.2968857597847672 -1.063173568575833 -6.622128450513638
6611 -7.509212331095358 -0.79184571332342601 -6.2704522588542826
6612 -8.0611052174250961 -0.5218576461373674 -5.7246953293513396
6613 -8.7843676687865191 -0.62133432630288299 -5.4749822004253179
6614 -9.458366065691802 -0.83767982027621501 -5.2401604711061935
6615 -9.8017804459667737 -1.0686736560374119 -5.6469835582222689
6616 -10.47504575438024 -1.1656783980512395 -4.9162564450797772
6617 -10.833441215055329 -1.262359061049116 -4.4115514057353824
6618 -11.143462132442657 -1.1732600202801056 -4.1397729926444269
6619 -11.34818307895792 -0.89851217704045894 -4.3946374604251659
6620 -11.74297882075655 -0.32784740555509495 -3.4923698925712072
6621 -12.313595950391132 0.12569686927808149 -3.221681710347549
6622 -12.734446402257841 1.3404163738923418 -4.845302390662801
6623 -13.151969071385189 1.2214805488431539 -6.6074346310246579
6624 -13.966211865891545 1.729791365342654 -8.7062024966660552
6625 -14.600618127520489 1.0280159720515141 -8.1685109104913476
6626 -14.448793428884885 1.0154730556967941 -7.5099207475218286
6627 -14.583828106888054 1.9555652153454415 -6.86848250677685
6628 -15.446727981824113 2.6987507219818623 -6.1726096292515678
6629 -16.059658296978171 2.8439260942501785 -5.3628734909710554
6630 -15.751738367795767 3.3665332086887285 -5.0395057323409267
6631 -15.386118715286505 4.762988906573141 -4.6436228565814801
6632 -15.608357892952256 6.7264317283166815 -4.2326740458288974
6633 -16.431906424604502 8.4824366993233973 -4.6741002532463165
6634 -16.662541634353683 8.7455398863173226 -3.4536489314207901
6635 -17.123742821883162 8.9564196712749062 -3.7650824874382334
6636 -17.419957226062344 8.8804913994650683 -2.6053163058299629
6637 -17.38104372374762 8.7798861395093226 -2.0649303970086681
6638 -18.404988408232899 7.8100053554902935 -4.2838540396934253
6639 -17.397644281796648 6.5996830286261243 -6.4480767478441701
6640 -15.008607393107035 6.9259764160441923 -3.1418520680880007
6641 -14.019440839185609 7.3948574504840838 -5.5410093920954875
6642 -13.538254747784013 7.6825627342219471 -6.0224870086802271
6643 -12.27528734189872 7.8670949565045714 -6.1384109311127366
6644 -10.568905868485077 7.9232947969158101 -5.9891738384353763
6645 -9.2719596891129008 8.2809225964514681 -5.5809230071188205
6646 -9.1272214026264784 8.4952028817780949 -5.2009940124398719
6647 -9.5868414559635013 8.1310775443793162 -4.191506365677685
6648 -8.725075153731245 6.2911579281355516 -3.0801187022850161
6649 -7.8003223419976599 6.0413763352324041 -2.1982874359808076
6650 -8.8078203442803034 5.1198317143906582 -2.957013385631468
6651 -7.8478069416182521 5.2976218206784207 -2.7772514671093869
6652 -7.7307809165540915 5.320003642914239 -2.7109250723466962
6653 -7.7960129604071069 5.247367030343276 -2.6382095331147286
6654 -7.9719820173781795 5.1154903687253022 -2.6172443718078724
6655 -7.8802524538831902 5.1745691779485856 -2.6871292616393347
6656 -6.633619881111315 5.6694526959185865 -2.3178263772941028
6657 -7.8754161904942315 5.2981036436341684 -4.3006293640644113
6658 -6.1579147352674113 2.1578269851727581 -4.5126875873381307
6659 -5.9428314521719781 -0.12523786883279031 -3.3553959074379009
6660 -1.6331869765743137 -0.71566384869847133 -4.2245196776055272
6661 -1.3378723470039353 -0.816028553996751 -4.7176017593590096
6662 -1.2963826218263574 -0.36213070184969015 -4.7444265276213597
6663 -1.2322432200494609 0.82162844154110348 -4.8789970558802871
6664 -1.6788603538857427 3.2886785915525421 -2.9140231146366768
6665 -0.94698230067211042 4.2078042501783566 -4.9881224061261324
6666 -1.0470470193246868 6.0957499760540808 -3.6115781967647949
6667 -0.99819279347251855 6.1658391193770425 -3.8382920877896058
6668 -0.83776424020460483 6.3452477226702708 -4.174847350634626
6669 -0.56128990400126844 6.5427825935985862 -4.5318583251160769
6670 -0.29397522359885886 6.6750165209746699 -4.7916715026527017
6671 -0.054170114496695287 6.83504409450211 -4.9231369749425546
6672 0.040910609132312814 7.0486518741480353 -4.8416230389015826
6673 0.24346508661699073 6.8440185520414749 -5.3199584312677421
6674 0.31267548716491844 7.0146838772302802 -5.0778711484309129
6675 0.46979724140074675 7.1527945937046198 -5.2651202567101283
6676 -0.48531926009302606 4.6862830049472581 -5.9822360198454962
6677 -0.096363048096135051 5.0835250080008709 -5.2543007119337677
6678 -1.0232128735424819 3.2179438535040275 -6.330650981573883
6679 -0.26251000823260068 3.0933412936860778 -6.5260531656882792
6680 1.3900883338500032 3.0348643701841054 -5.4611564591438402
6681 0.36752212751964075 2.6728888552971157 -5.1642727985446397
6682 0.20459894008493384 2.736857668995718 -5.5547293063605849
6683 -0.24781781865721747 2.4298214400068594 -5.2751301437014435
6684 -0.32743497529809246 2.2081511002333807 -5.43412518756951
6685 -0.6852528038823541 1.7851085029488005 -5.3996659100474638
6686 -1.1028159588602531 1.2449924828351433 -5.3728471683972456
6687 -1.5342964507511982 0.67675005416452416 -5.3010980174865994
6688 -2.0069381385985303 -0.014046949129473241 -5.1662940324678956
6689 -2.3341103786667379 -0.73375521076191774 -5.1082222515584288
6690 -2.6991759040498584 -1.7510521221936826 -5.0952413989540544
6691 -3.6322283751637676 -3.2966923413454738 -4.1012409874325817
6692 -4.0042513417820071 -2.8944238935583311 -3.915318478220088
6693 -4.6773207099544436 -1.824095473779235 -4.7399415175076198
6694 -5.0802894400749068 -2.2775013690619321 -3.4265052429594691
6695 -7.0106654073229571 -2.2693810413898028 -2.454982311316988
6696 -8.360989085784805 -4.1518092793344454 -1.8002509295345017
6697 -8.1780342679443336 -6.2382131311482576 -0.78160883857442209
6698 -8.3988874706417285 -5.9600017163694563 -0.74563228759256461
6699 -10.16886562393522 -5.8169983754096153 -3.8090465367001416
6700 -11.331570732662218 -5.0194826854287431 -3.7464976594134574
6701 -12.737438063068467 -4.369761923995596 -3.2100499145931751
6702 -13.548454273617317 -4.7232636530721557 -2.126103643941887
6703 -12.87234367149191 -4.5718666410707156 -0.76704491500167682
6704 -13.145140857831976 -3.6719048845573417 0.14177128219542712
6705 -12.034583803634376 -3.4891260379993296 0.27047155219149061
6706 -10.44741052607713 -3.3926540375368317 -0.44832914725895268
6707 -10.924434221060958 -2.6974764814070951 0.48566564260611222
6708 -9.5008014672449033 -1.9310236356100683 0.64472533155316203
6709 -7.8606813085434384 -1.1034267434642144 -0.068541565321853806
6710 -7.7081108054270873 -1.0512820684953665 -0.017800546346050668
6711 -6.4280075934173482 -1.1895924933587119 -0.24847181963051593
6712 -5.0143977527179509 -1.7400650522772412 -0.4498901828093157
6713 -3.7867492836350447 -2.6266329601479046 -0.68985988376143537
6714 -2.951538872628408 -3.6357483195628473 -0.96995536970591634
6715 -2.4377278556949395 -4.9234424158565755 -1.4323677473366712
6716 -2.3323301276016117 -5.809554728225768 -1.4527232237875745
6717 -2.2074569017666628 -6.2883108334143465 -1.3723728869054432
6718 -2.0618874943679573 -6.1722419173042189 -1.2796410517263583
6719 -2.1404919858284295 -5.6113129739710139 -1.7660560766062974
6720 -2.2286923693125971 -6.7762030879488826 -1.1667680581022744
6721 -2.2164402308698659 -6.8577542986829503 -1.793968858328461
6722 -3.9580024124043836 -8.0087841772920338 -1.9754216695815678
6723 -6.8755941427564373 -8.1489164751680256 -2.0106261178096969
6724 -9.5158837702909675 -8.8706035284892 -1.9524943111257056
6725 -9.6710012749247323 -9.7460830405724224 -1.5476166321429394
6726 -10.105052987879164 -11.110982547064316 -2.5096334486029868
6727 -10.130426402051135 -10.924542386665987 -2.8545799825023055
6728 -10.570766846951178 -11.198260044344325 -2.6348464380986139
6729 -10.531157286353315 -11.612904188974319 -1.8603515104431607
6730 -10.390147773470208 -10.917866549962396 -1.9696328371679896
6731 -10.040059108978099 -10.452041504089838 -1.9870118501018883
6732 -9.5904332961407714 -9.9869267669948556 -1.8411277199612792
6733 -9.6471924522684542 -9.5427009239519336 -2.2520599190524986
6734 -9.4704697445910906 -9.3020197161524933 -2.2973224552974352
6735 -9.0931968760727546 -8.895604554251781 -2.3031296563181032
6736 -8.6342554259834916 -8.7414298213530195 -1.7159121456595328
6737 -8.8490992578217877 -8.9436872239193708 -2.1626583459623787
6738 -8.6353550753749921 -8.6464824351480196 -2.1440753868726836
6739 -8.3946039744865448 -8.3308603116150906 -2.1628487671437528
6740 -8.1700354029691784 -7.9825279944448839 -2.2415389531574577
6741 -7.8955557492170625 -7.5906639517005869 -2.3357779401632279
6742 -7.7056346324718525 -7.3794391216476845 -2.3344159206746395
6743 -7.3230534995690695 -7.656864454963225 -0.82410600738854622
6744 -6.5238876287533785 -7.9779015279704275 0.41619619714159528
6745 -5.4335735806416849 -7.4787393381929075 0.49000078753585208
6746 -4.5679840044225797 -7.0087300774312755 0.53072931008333557
6747 -3.8797570179744958 -6.6102008287210117 0.532175678087486
6748 -3.1387247742900368 -6.1582390899091584 0.58473479088779712
6749 -2.4570430147180473 -5.7347989990691337 0.5278940658636756
6750 -1.6775720073560128 -5.2225014748212377 0.67471411089533806
6751 -1.0064349300753148 -4.6432659129381584 0.80011393760800897
6752 -0.18345337256154592 -3.770237076550301 0.87989602477045181
6753 0.82089932111237052 -2.4371130332554336 1.1715540019596655
6754 0.71405589347319143 -2.8366318083798658 0.94856008200123509
6755 1.0102359075270275 -2.3620038764290388 1.0635140007890644
6756 1.1419263255012473 -2.1357997297936269 1.0238545905901522
6757 1.2135639191720735 -2.374513668756578 0.51558807932362871
6758 1.5717685629108551 -2.2034634292177779 0.51573522892505563
6759 1.8519887113470475 -1.8195633855767497 1.0783088198088657
6760 1.8422367166189892 -1.7257533439877275 1.2113371758708114
6761 2.0742183294694296 -1.0505236000276976 1.2616057671396863
6762 2.9713823292063957 0.72524291644371752 0.56361588533262674
6763 4.8709810931468276 1.6152440066332863 -0.32639358106153393
6764 5.7970518769168944 0.9180976499208694 -1.4524324339228076
6765 5.0286013376642735 1.028249425742624 -3.1017376963462118
6766 4.8653366510704172 0.99150235468951375 -2.9190453583419287
6767 3.9584413495573489 0.72760173919120474 -2.7998943469581876
6768 3.1165741543840522 0.20461266411261558 -2.3072820615031993
6769 1.9833232356928261 -0.82784155152868888 -2.5138309171187854
6770 1.7316752119401397 -1.1456738669969742 -2.2701728882106571
6771 1.1771718614756361 -1.8827361303209535 -2.1649567568007129
6772 0.30567043886501027 -3.3333741595721826 -1.9708192861208214
6773 -0.68209719571118343 -6.1620105766815199 -1.4801415003226486
6774 -0.38230924152783391 -8.2909679446165363 -1.144994908378909
6775 0.21709341242218921 -9.8661049855455634 -1.3608979801547068
6776 1.1805393784098959 -11.979621098709893 -0.39303023355381517
6777 1.6861927146960189 -12.250492091610161 -0.52605515094899302
6778 2.5596125555270564 -12.429639296511837 0.18074517340962659
6779 1.75750423652919 -12.011508710071453 1.7119101821450184
6780 2.4539737611666181 -12.305769154590665 0.14692608417073658
6781 2.9458756017372596 -12.105591779894965 0.48251623266838228
6782 3.2412429632262234 -11.766371859333656 0.87204435369933142
6783 3.3313077917133329 -11.264318590407791 1.3661739085886075
6784 3.2070096938821457 -10.82370869487629 1.7957254845045254
6785 2.8728111474471718 -10.340175835260213 2.201504781152702
6786 2.4231516280554644 -9.9203442795515109 2.4520706057853259
6787 1.7797563437399666 -9.4658437280504746 2.5719142292783412
6788 1.1503796617066993 -9.044128517436679 2.5257699818620001
6789 0.91464289160588652 -7.9666070325290654 0.76110122980053851
6790 1.396234095956379 -7.6138201607919322 0.5604170699214801
6791 1.9861827791771813 -7.1520290287590162 0.77359966014682546
6792 2.4454468172366535 -6.7246560525348711 0.7268937897419554
6793 2.891396022623054 -6.3346345435565139 0.71176591719043036
6794 3.3900164582582426 -6.3547259466544697 -0.11895958948494073
6795 5.1952570248240395 -6.6216835348398506 -0.17821708538573883
6796 7.3576730022461883 -6.7714792710495031 0.4405483285880728
6797 8.0257744280242509 -6.4915806561525695 0.38370147117424491
6798 8.7320027049126683 -6.243790086710308 0.32444442465878331
6799 9.1957014056509934 -6.1104074582776011 0.26442850546149149
6800 9.5197122985082689 -5.9148061467687718 0.51013952315941935
6801 9.3303702032147786 -5.9265912333414104 0.62567601459836142
6802 8.959645687057705 -6.1190658825485968 0.66452516431752495
6803 8.4607878245537371 -6.40385799159999 0.7417358268474471
6804 7.9926367949104344 -6.7321972793314186 0.81988263529908256
6805 7.4896059708641669 -7.1349466442852796 0.94388863480462859
6806 7.0631200377679519 -7.3632895455782599 1.7031720440411686
6807 7.0705659918381709 -7.9606396175192415 1.8209866941609403
6808 7.1482018164515875 -8.3476454244046785 1.7274764679459536
6809 7.3134539224140163 -8.891170508390001 1.1230834650009491
6810 6.8020121531907058 -9.6005885975347987 1.6783641731859074
6811 6.8938860764316363 -10.051037722058261 1.2376250209013648
6812 6.4562975462531487 -10.930530498404126 1.5854717084123553
6813 6.3932117154372046 -11.472803430747049 1.7353972476893729
6814 6.3836812563699423 -11.874427678086583 1.9092308005884646
6815 6.3944665322033627 -11.930480330382659 1.7741164767851454
6816 6.4266817434900885 -12.242350620136971 1.7012711635377382
6817 6.3510257937553636 -11.892542540061626 1.8738493498276858
6818 6.1809447116902589 -11.39592092394623 1.9492187018348721
6819 6.0032307020947915 -10.934086817750254 1.9242276753939906
6820 5.8298336495674921 -10.465216391096996 1.985721039725975
6821 5.6353889931914631 -10.014956752648853 2.05615099064938
6822 5.3706475373252784 -9.4339089165164935 2.0093483513897081
6823 5.1902563542773139 -8.9523523191547589 1.8715012423873119
6824 5.1402719538717934 -8.5370140568082995 1.444154520959241
6825 5.1140203759420677 -8.6559486900256442 0.91304206698163815
6826 4.8163869736485898 -8.9528618133447964 0.15955018900295742
6827 4.2233833628731947 -8.973827690963514 -0.78412466803682224
6828 4.3659614354238752 -8.9652973706909087 -0.55584108738732896
6829 4.4829507986801049 -8.7183077790728056 0.021323212262103874
6830 4.0554312349676094 -8.2665350599369418 0.78968082639718495
6831 3.1414204866734292 -8.227890594020872 1.7366352674241712
6832 3.1692754631256497 -8.1624670535293777 0.79378844227653322
6833 2.8182908171123628 -8.2363665408185813 -0.012065518210188197
6834 3.1375725151656382 -8.3025713110099773 -0.63308939774545159
6835 3.4035803519023839 -8.7909197044659546 -1.0985588603269643
6836 3.21955054502356 -9.5738641628453252 -1.5537515673846818
6837 2.638017867011877 -10.068887605291712 -1.9519062785228765
6838 1.9905369405216051 -10.390544614615006 -2.3072815673722635
6839 1.4475837649528553 -10.5495360285676 -2.6830552486961436
6840 0.93381370499781968 -10.605350314101251 -3.1567536171705219
6841 0.57911584576166431 -10.572422485771181 -3.6213758681306802
6842 0.31088378004075046 -10.479342082723225 -4.1655296811499927
6843 0.17249864941569387 -10.373688720516972 -4.6715271556562952
6844 0.12770036740402599 -10.255615582982802 -5.2708317087679983
6845 0.20425933433101726 -10.160246272289287 -5.8723630514486365
6846 0.39550933051824311 -10.131578726752908 -6.3710089775494732
6847 0.74180996009785616 -10.259944776295072 -6.8608177819223277
6848 1.1003157480586763 -10.594031930204277 -7.2159006878027974
6849 1.4429624278470605 -11.209980524512059 -7.5059531382283637
6850 1.6410642749266928 -11.918401926844236 -7.6678185690496461
6851 1.7716814416991711 -12.823851072930852 -7.753669966139964
6852 1.859582073934368 -13.689952821693145 -7.7495077840806195
6853 2.0098687426485076 -14.66267150300814 -7.6392831543330733
6854 2.2659290467719964 -15.489757782350209 -7.4501742947360805
6855 2.7480687639995356 -16.277506374947116 -7.1166293145235482
6856 3.3031120822094158 -16.682927696839066 -6.6734453176296773
6857 3.9015780543138954 -16.68792159004558 -5.9889387583181044
6858 3.8883032563079594 -16.521770016895843 -5.5593970474215331
6859 4.1357702716845459 -16.238795006333795 -5.4007298241144497
6860 4.5438175811769304 -15.821914285102155 -5.5408840411458034
6861 4.6483224916359953 -15.522949527772939 -5.0956953807549894
6862 5.0252234646033145 -14.575741452930135 -5.1075031621796505
6863 5.2860609388244981 -13.803041206152916 -4.964498939264903
6864 5.4516250297325133 -12.874801885223199 -4.8039403255690329
6865 5.3583575071260388 -12.159008840992289 -4.3441543942996903
6866 4.8760110143754334 -11.054048847283566 -4.1733144334611127
6867 4.2473367933961521 -9.8376273441015023 -4.3421351542075177
6868 4.5437641892828644 -8.2373077566352197 -7.0141028584292826
6869 4.7062509716972274 -8.5194156213789292 -7.1043944111167114
6870 4.8385034338864532 -8.7950132573645714 -7.141772949188935
6871 5.5658951616216878 -9.0727411467708379 -6.147008393287078
6872 6.0909285077633246 -8.7076699940720115 -5.2349999424770441
6873 6.4620775497123315 -7.8912805465538378 -5.0869374755934702
6874 6.4617728206969263 -7.8908708721697582 -5.0860687348456342
6875 6.7053208595783875 -7.1299280650481967 -5.0153403583637886
6876 6.9170570885287637 -6.2673078393099537 -4.9469270169778392
6877 6.8760558757987864 -5.6267206861989978 -4.3506653042135524
6878 6.3865289040430513 -5.0104117948367239 -3.7225730101649752
6879 5.6927560232799808 -4.7808525601426037 -3.1978619142649229
6880 4.887878441314192 -4.9744553601761679 -2.6199888758973615
6881 4.0306304124652392 -5.4933272497153443 -2.87969883215735
6882 3.1743901481038277 -5.8038064673530876 -3.0461664467615699
6883 2.0497137857377177 -6.2206155544875514 -2.9168315582446898
6884 1.0423074028262076 -6.7887284824925187 -3.3203580561192645
6885 1.0403384218853455 -6.7895492253853549 -3.3230352911275163
6886 -0.17036994147664208 -7.1911763909588799 -3.1802278025952417
6887 -1.1177703109727153 -7.8201638093716213 -3.0004310099961629
6888 -1.9586272507753868 -8.6819989218596998 -2.697459798132523
6889 -2.4660876049524889 -9.4935745970481005 -2.3256245180281674
6890 -2.7301186395394641 -10.350968691769557 -1.7937846619193052
6891 -2.6603562893257395 -11.012618207843307 -1.2125246249586195
6892 -2.4225921113894704 -11.596049550060782 -1.1479521656534799
6893 -2.2189606198499141 -12.028821427546262 -0.93797676845051303
6894 -2.06269652075617 -12.391586113252544 -0.65836719267780441
6895 -1.0110753523430498 -12.287938101709194 0.3917991108462438
6896 -0.39444904527516889 -12.179945083677163 -0.092358655112872778
6897 -0.082118177978904194 -12.341556842258123 -0.63419298744817687
6898 -0.0084590093429752766 -12.492440555808589 -1.0467709946158772
6899 -0.19181693453967763 -12.74972878193587 -2.0890201449122539
6900 -0.39809957253710748 -12.853242790803181 -2.5932377937077211
6901 -0.79856164554604203 -12.900675855078733 -3.129576613776492
6902 -1.351457964898314 -12.715017787045985 -3.798460251150912
6903 -2.1717769333599768 -12.067062487300053 -3.78111953075947
6904 -3.032208522234952 -11.493081603598085 -3.6174364335826019
6905 -3.9197116402395782 -10.945368733081617 -3.6121411367330443
6906 -6.9136032168848942 -8.4524812782816134 -4.9927138661146175
6907 -6.3576003962699597 -7.5448457388614907 -5.8993530088872097
6908 -6.48209843704453 -7.7485555909122867 -6.2610224884137109
6909 -7.5662555491477557 -7.6398017351077305 -5.7369190718583614
6910 -7.8248915819846614 -7.8166314198922642 -5.7385224968295692
6911 -7.8258501661490243 -8.1309659803871099 -6.414618568873907
6912 -9.2126836365954823 -8.6403855969046877 -7.7803056769581636
6913 -9.4241085089953955 -8.1804995849615132 -7.9891441109464676
6914 -8.760650029172881 -8.6520942374556498 -5.9170386399582693
6915 -7.4887992210882448 -8.585183981207301 -7.0612035132730631
6916 -8.5136951432268706 -7.6369740337515291 -7.1362810148436271
6917 -5.9666633402402969 -9.4536622763357894 -5.6471762419966174
6918 -4.1986161862510887 -10.534523525304955 -5.0951867991905591
6919 -1.6050798639785944 -11.636871897607325 -5.4442047465015673
6920 0.30440461731190904 -12.78499606713001 -6.0424187660541779
6921 2.3386517192712044 -12.20083878722672 -6.0082335353286664
6922 3.3400570890207297 -11.869708958788653 -5.9851047056705706
6923 3.7761879825364377 -11.857371128047774 -6.2412400237907653
6924 3.517511664684994 -12.044605014331946 -6.3315915354738364
6925 2.9025730304217037 -11.734113381917332 -4.9252254940092808
6926 3.191254267211451 -10.480443268925363 -4.385044335753447
6927 3.477797618897454 -8.859601756276053 -4.6425264756105911
6928 4.1214479285503964 -7.8132705648991916 -5.748285521732388
6929 3.6131126917345351 -8.1399340806726705 -7.4277250321327219
6930 2.727860294421415 -6.8915519706673294 -7.41583997383922
6931 2.4481984558293917 -5.6998035356307009 -7.1573609097242583
6932 1.8172159664391834 -4.2590515187683664 -6.6139106914406547
6933 0.077672840702671969 -3.2890063800967191 -5.5144709705137851
6934 0.30726039399944349 -3.6857386596177513 -6.7736690598197722
6935 0.91883637470364699 -3.9320577969586696 -6.5642234007585092
6936 1.1131706489329087 -3.9554500961481143 -6.4678108502116789
6937 1.0443217963979892 -3.8900476333528529 -6.3079170560994884
6938 1.0525723006162253 -3.8999239116398279 -6.3813832443090606
6939 0.93199073133170385 -3.2243640852390687 -4.6413809744253962
6940 1.8527686448741008 -2.6090712595570098 -7.4647550213663356
6941 2.0991445686837467 -1.9257732942837358 -6.1313115698168712
6942 0.95008553021823972 -2.6390584199891687 -7.5353514482703794
6943 0.95630890795452927 -2.6984683783286743 -7.5204570336029741
6944 0.56952923051923487 -2.1757366664858506 -8.0207406767637028
6945 0.59871234094775339 -3.0312980237693403 -7.5501040199161329
6946 0.34199471342791976 -2.2717507747617174 -7.5422018887303057
6947 -0.50307696314401329 -1.1338879448883765 -8.6542262782009765
6948 -1.9918036054496215 -2.4097319434777185 -8.8175865576043169
6949 -3.6467838203250476 -3.7859009599233224 -8.1054595325706114
6950 -3.809377453201404 -4.3274797059777015 -8.133174684476808
6951 -4.3153059410233006 -6.0631099674157101 -8.1580389901864212
6952 -4.6941266655242373 -8.0328611657358433 -7.7327215792055553
6953 -4.7601045027983222 -8.2626509657511953 -7.803656426727489
6954 -5.2298576664166658 -7.8615011824857994 -8.4577442913224949
6955 -5.9137415349227007 -9.2204173078131433 -8.0780440123158304
6956 -6.1294053489808791 -9.0799539436971912 -8.1130865576018536
6957 -6.6239923546644608 -8.7977382680180565 -8.5648190761998801
6958 -7.0188137400028108 -9.1398840378437001 -8.434072827055962
6959 -7.6643105153911426 -9.0262537800181768 -7.8386228730521905
6960 -7.8993329684386628 -8.7442711260633601 -7.1277575688614085
6961 -8.2861467796794663 -8.3469270827800255 -6.2518672309157077
6962 -8.5365695825038141 -8.4256037760320801 -5.8346678961641283
6963 -7.8394798435883981 -8.2344433365517364 -6.1383776604752436
6964 -8.1560470270472329 -8.3254366147922472 -5.6180082509997371
6965 -7.1472924421822537 -7.5511512226264754 -6.0033296099619617
6966 -7.4150856669036322 -7.7342555781172537 -5.7015646494469321
6967 -7.3686102618100016 -7.892952702522285 -5.6246136022588313
6968 -7.1010038108874411 -8.0020367335027771 -5.8747471340681354
6969 -6.8377260768833681 -7.9979110455192544 -5.8013052476596272
6970 -5.6900916519546039 -6.4880092458633349 -5.7146855841148803
6971 -6.6501455745116713 -4.189847518587773 -5.7499949344266845
6972 -7.6065512991841331 -1.6029904833193989 -5.5776329769268704
6973 -6.73041345154647 -0.56069144499872914 -5.4486571747488002
6974 -5.2349927099536488 0.64733131842668323 -6.7797791684980639
6975 -6.5571028947143741 1.3097876188045006 -7.2187659558714534
6976 -6.8949363835596289 1.9866791634843892 -7.0103164850469311
6977 -6.8601809553546023 2.6412016816019834 -5.351882824842721
6978 -6.540957971056824 2.2435356762589684 -6.6390922712146523
6979 -6.5080282014108999 1.887529759213036 -7.6914725797301768
6980 -6.4487891627932958 1.1633980263955879 -7.8802041508063461
6981 -6.4681607260634495 0.40367433532771668 -7.8995377065165293
6982 -6.5091015495545808 -0.11879682183486562 -7.9674516439096985
6983 -6.5656373174396219 -0.67889250057954897 -7.9414073342328342
6984 -6.586138674893526 -1.1167478888211972 -7.8491095509960305
6985 -6.5962066350551813 -1.486111752954058 -7.8882108477219246
6986 -6.5963605207676288 -1.8065381665881053 -7.8030885764573741
6987 -6.5822924673958214 -2.0847616003077816 -7.7770962016397691
6988 -6.5660829162945005 -2.2792202357963216 -7.729965567966997
6989 -6.5448779837444571 -2.4587554396235372 -7.7080818283437926
6990 -6.5312949636520488 -2.5708049902724448 -7.7012517566978342
6991 -6.5225120987732774 -2.6474882004991174 -7.6971639708709159
6992 -6.5233650792157576 -2.6695812916222472 -7.7365506375871025
6993 -6.5238005553741889 -2.6734267514903149 -7.7102808301141721
6994 -6.5244131602417257 -2.6760934092042423 -7.6869133930616922
6995 -6.5273655483230755 -2.6765229597966638 -7.6897231173617433
6996 -6.5303932939538454 -2.6763276555209359 -7.692206436165189
6997 -6.53659323950522 -2.6753346975854102 -7.7265448845469615
6998 -6.5393202095841918 -2.6751525653913122 -7.7249982673668791
6999 -6.5388004473409369 -2.6763305719632084 -7.6906037676925161
7000 -6.5412103468022593 -2.6763660070746442 -7.685592621251744
7001 -6.5435661233050579 -2.6760010650760888 -7.6809182421903603
7002 -6.5463196186041941 -2.6755938923163596 -7.6792215092341722
7003 -6.5493150539582077 -2.6751144965163842 -7.6790455883101112
7004 -6.5523045436732232 -2.6745960215314195 -7.6789352239568061
7005 -6.5554264053033897 -2.6739546906395604 -7.6812946584212236
7006 -6.5585319062837373 -2.6732914947203281 -7.6836176713690625
7007 -6.5632619085779771 -2.6721244792714165 -7.7006064408995281
7008 -6.5679771677203505 -2.6710565966634388 -7.719205322570903
7009 -6.5669215427263268 -2.6717103675852787 -7.6839748340872092
7010 -6.5686724051063896 -2.6710356211822486 -7.6781245236658968
7011 -6.5708434425378313 -2.6703593215472989 -7.6758859688002694
7012 -6.5732832005847124 -2.669873439154101 -7.6761002257843174
7013 -6.5756345418004631 -2.6693970120140604 -7.6761065499128769
7014 -6.5778725775171392 -2.6686411995256081 -7.6758946313448604
7015 -6.579965873259443 -2.6681645315964801 -7.6753540274509859
7016 -6.5821598111884132 -2.6674169070206122 -7.6748276078456428
7017 -6.5842650228570223 -2.6667339144497268 -7.6735933615203882
7018 -6.5865230562094839 -2.6662828721682419 -7.6750705560205503
7019 -6.5888612022186059 -2.6656420351030099 -7.6762003729247894
7020 -6.5910388243967279 -2.6654522029132224 -7.6752035208201086
7021 -6.5932830498104318 -2.6649744291825677 -7.6741582028582718
7022 -6.5955144059631463 -2.6648711651924484 -7.6738401704582468
7023 -6.5977417763402579 -2.6647928795700864 -7.6736831081574666
7024 -6.6001293997344614 -2.6646960433201619 -7.6744484450569832
7025 -6.6026084834196066 -2.66432626591783 -7.6742814648308757
7026 -6.6049728787442445 -2.6639993358129481 -7.6735266545393737
7027 -6.6072657927928615 -2.6640072900170457 -7.672787794720513
7028 -6.6096899063169889 -2.663647875713012 -7.6729785136791149
7029 -6.6120051167892857 -2.6635232149114598 -7.6730388362872723
7030 -6.6142464524545774 -2.6631002378627056 -7.6729990865863993
7031 -6.6163941953512033 -2.6630441306888226 -7.6728883688263387
7032 -6.6182976474031632 -2.6628182222830707 -7.6706038321303653
7033 -6.6201122222590456 -2.6630204206690471 -7.6686226272565232
7034 -6.6220375729687992 -2.662857734786281 -7.6687621137058244
7035 -6.6237009851817987 -2.6630735984923337 -7.6688748474637158
7036 -6.6253814931791677 -2.6629425600331293 -7.6689966158234091
7037 -6.6270023122710748 -2.6632008967944705 -7.669334205477738
7038 -6.6286533887480656 -2.6629602774116607 -7.6697562122910448
7039 -6.6302534602493326 -2.6626755992388178 -7.6701285608320466
7040 -6.6317850948820158 -2.6627951268943706 -7.6702536922883109
7041 -6.6335786751072234 -2.6626277352789485 -7.6714606316100538
7042 -6.6352652862794992 -2.6629901305079433 -7.6715984798080754
7043 -6.6370231747518611 -2.6629148714509947 -7.6717093750541245
7044 -6.6391152066868857 -2.6633426767870163 -7.6745423247932765
7045 -6.6413898572118093 -2.6638406050589558 -7.6772900304246718
7046 -6.6462959669940886 -2.6635209997077447 -7.7047962503229508
7047 -6.6456994801467077 -2.6643617390966829 -7.6791029379060296
7048 -6.6477289091691203 -2.665012548668483 -7.6777985301482623
7049 -6.651923904644061 -2.6648124595966585 -7.6954079327646285
7050 -6.6560701072156405 -2.6652065515945988 -7.7161041011534701
7051 -6.6580975593101073 -2.6658630112909254 -7.7145369891687299
7052 -6.6568546556661596 -2.6675557937293584 -7.6811217843999797
7053 -6.6590680276433281 -2.6678263486530134 -7.6814377141450443
7054 -6.6602199633146029 -2.6740902532230675 -7.6820484696054452
7055 -6.658860403860591 -2.6941168391193564 -7.6829592609585697
7056 -6.6545007284933684 -2.7307550426703013 -7.6837561339372575
7057 -6.6485346851427529 -2.7756644699026922 -7.6801598305129035
7058 -6.6396409094341307 -2.8364208555665349 -7.6743644153251864
7059 -6.6312722445147081 -2.8978860977206238 -7.6886258223765402
7060 -6.6212986833292247 -2.9750661552420441 -7.7042245381313244
7061 -6.6093585873046017 -3.0560876971646338 -7.6666106224606549
7062 -6.5922010820985539 -3.1544176102442818 -7.6540955419610208
7063 -6.5745639555154556 -3.2490274369031815 -7.6395679832807142
7064 -6.5507175952160006 -3.3643150950263272 -7.6195882617229067
7065 -6.5238158624050486 -3.4826842127536173 -7.5974758069943134
7066 -6.4916812585916643 -3.6127323013697961 -7.5881822659376548
7067 -6.4469307875319641 -3.7765412402297667 -7.5558579365236698
7068 -6.4028490977014076 -3.9193154675589739 -7.5144496204326598
7069 -6.3570000161684508 -4.0534688263897571 -7.4925244942184062
7070 -6.3341173805391833 -4.1215648862364063 -7.4765130939421329
7071 -6.3337651808100981 -4.1313780122341228 -7.4719373944157841
7072 -6.3363776410080908 -4.133735793364087 -7.4685730279482971
7073 -6.3390213033133476 -4.1359912086877362 -7.4651120776106117
7074 -6.3416605478521078 -4.138221101404767 -7.4616152851708382
7075 -6.3447525965377336 -4.1404708839172804 -7.4619056675609876
7076 -6.3476840938699866 -4.1429545927897085 -7.4610637592700106
7077 -6.3419266453434613 -4.1657835238063532 -7.4567434650185289
7078 -6.3304421801137911 -4.2017461604839204 -7.4492840864299854
7079 -6.3117183456931931 -4.2572563052340264 -7.4737164406862524
7080 -6.2795837381330557 -4.3456465061945559 -7.4678755041544909
7081 -6.2057497262425709 -4.5201421655033469 -7.4032084482441833
7082 -6.1028746423948768 -4.7359154502467788 -7.4011350616008835
7083 -5.9186032246990843 -5.0977161456337923 -7.3593288220002808
7084 -5.6898069226708561 -5.5227538441695323 -7.3863674822164143
7085 -5.3504580002235196 -6.1200418458698183 -7.2360335318485154
7086 -5.0751464202085463 -6.5831210572345453 -7.4156894529088806
7087 -4.6306555563383354 -7.4182660184215994 -7.1768416712362839
7088 -4.4869187093729641 -7.617988290943889 -7.1061684489592833
7089 -4.6045111845630933 -7.5423791477948878 -6.9943065845346339
7090 -5.0216296053745904 -7.385260722148093 -6.9795699603318369
7091 -5.295499366933849 -7.1425431955026832 -6.6910073826308949
7092 -4.9773871527522218 -7.2663496218965102 -6.0066076319298149
7093 -3.8149494733419802 -5.7691617266662893 -5.857957643884272
7094 -2.9281213600060871 -3.1754344501775922 -6.055965151884422
7095 -1.6055710678732136 -1.0895705193553769 -6.5545345216542037
7096 0.1621454487355285 -1.3235074614885587 -7.7725787565494828
7097 -1.5459687049905153 -0.85914188620103771 -9.528188089319606
7098 -2.7467491970644256 -0.80428598219459269 -9.3772185133091757
7099 -3.2789391645746546 -0.78724841894256825 -9.4389518915408797
7100 -3.7594453993724994 -0.75723232189372713 -9.4022607856513574
7101 -4.2879192499390326 -0.78979367281371315 -9.2518535257231829
7102 -4.7082638380777437 -0.91794658758104175 -9.0349371831598297
7103 -4.703931147911125 -0.95209436394130109 -8.9086579205762551
7104 -4.2634275435078326 -0.5082599120206891 -9.2516212671709273
7105 -4.2408058246783309 -0.62120445757116116 -8.9025725372861455
7106 -3.63950648917664 -0.23478630008786128 -8.9241739531704791
7107 -2.9924363548412383 0.10848294129801062 -8.8013542372844729
7108 -2.4147361075506302 0.6025657126756363 -8.8969055894899896
7109 -1.9670796307948997 0.86598037005797246 -8.8201317189883834
7110 1.4059550389798674 3.0775542258506254 -7.0852132611024068
7111 1.1790663270226229 3.3086648458710415 -7.0740010406131368
7112 1.0270486106695942 3.4416073335107584 -7.1554904888445821
7113 0.78961270512900017 3.5785391100834176 -8.3014833020223548
7114 0.74929114547786591 3.4075520690818184 -7.3816302814816961
7115 0.74293706871682375 3.4074907094883953 -7.1970395641734113
7116 0.73582227878094864 3.4078468506212625 -7.1099040226040708
7117 0.72868362226566119 3.39853853127924 -6.9726941176265962
7118 0.72137951236812459 3.3894413914386967 -6.8354543304785835
7119 0.72178699923364142 3.3892053182007196 -6.8354413390219015
