delta 1.0
u 0 0.0 0.0
x 0 0.0 0.0 0.0
z 0 567 6.230934191180143 -1.659665807275337
u 1 1.0272681297748711 -0.009470552862330565
x 1 1.145046751967081 -0.028106137944234725 -0.049081830590926856
z 1 567 6.399656065084584 -1.8108361524196792
u 2 1.024875351315474 -0.002155196531686495
x 2 2.1930106104799054 -0.11016042761074754 -0.1071968802601595
z 2 567 6.716461357924529 -1.9574850157890475
u 3 0.9883579407538222 3.637130591088454e-05
x 3 3.3951467981108348 -0.2499080496595351 -0.12426302597099959
z 3 567 7.148064366528387 -2.085932963799828
u 4 1.0279673128077298 -0.027800041009064
x 4 4.423544853814928 -0.5121333468402526 -0.3750653414114913
z 4 567 7.694985632253692 -2.1755551006281366
u 5 0.9997130036371473 0.0031197383708589915
x 5 5.144894900433764 -0.694518683635286 -0.12023217634700245
z 5 567 8.305397330801236 -2.277750261201655
u 6 1.022923393177868 0.0014410250020867395
x 6 5.968820258030208 -0.7663593315340138 -0.05371419773982655
u 7 0.9748037213659333 0.015072285473853319
x 7 6.709835501229451 -0.7985842637128449 -0.03320612207186757
z 7 113 8.211028758134042 0.44663898978344463
u 8 0.9801785629721931 0.005577247705280976
x 8 7.518241173626525 -0.7964861457428127 0.038396865607515096
z 8 113 7.3379075345373925 0.49845396382738727
u 9 1.0475470375136144 0.008300563952159572
x 9 8.380916896475693 -0.8439308260072725 -0.14828040722316604
z 9 113 6.434974721920878 0.5674606103486122
u 10 0.960482440635597 -0.0031666945892974466
x 10 9.461155548111778 -1.0092607957022197 -0.1554615666810033
z 10 113 5.649603149362017 0.6623612052424379
u 11 0.9964977640213206 0.011617552549349378
x 11 10.387805157417239 -1.101500538258246 -0.0429670293630009
z 11 53 8.436292314182507 -0.8661758426333437
z 11 113 4.898192726612612 0.775243179844177
z 11 765 7.856851164323002 -0.6453223932059329
u 12 1.0027170430960544 0.014728419512964544
x 12 11.508378041495737 -1.1614871513493914 -0.06399506359998286
z 12 53 7.83025819621755 -0.9792308841062205
z 12 113 4.23453099123894 0.9257446824051785
z 12 765 7.086458753509002 -0.7460909102481903
u 13 1.0421569393324768 -0.0036042455396467126
x 13 12.261674462953488 -1.1364576342949202 0.1304239261035245
z 13 53 7.298849929382845 -1.0942814124959157
z 13 113 3.7045198144431892 1.1563932060015718
z 13 765 6.359192452084269 -0.8537375951592843
u 14 0.9939684847774674 0.003983902544594243
x 14 12.907326046511495 -1.1043145948749835 -0.030938306146842898
z 14 53 6.901559272142013 -1.2267263612065038
z 14 113 3.425318920777347 1.4210149291158212
z 14 765 5.756610740876626 -0.9884646214894262
u 15 1.0094690460897073 0.0028486359297645986
x 15 13.966996543469534 -1.2123406549447202 -0.1722459106896892
z 15 53 6.630917148599314 -1.3734579410205923
z 15 113 3.422010073843881 1.714093723611998
z 15 765 5.270627261677242 -1.1521154259818114
u 16 0.992148309747251 -0.006025898157930206
x 16 14.85473085398618 -1.3391522625404622 -0.1115314636976592
z 16 53 6.5065242864160915 -1.5174285887193428
z 16 113 3.69925055004658 1.9886726051838242
z 16 514 8.186158287244265 -1.2431719447089589
z 16 765 4.948044705401069 -1.3300731055604613
u 17 0.9707997546063617 -0.010060788545173593
x 17 15.973769878559306 -1.4747727119889795 -0.12967951090589436
z 17 53 6.522267819235988 -1.656509623639629
z 17 514 7.922457634384293 -1.3491912125507382
z 17 765 4.805029580541475 -1.5172558223959784
u 18 1.0407530226366526 0.003261425108808022
x 18 16.56955635398794 -1.5467206256462138 -0.11067907357442452
z 18 53 6.693835239053384 -1.815283680374801
z 18 514 7.762098138404322 -1.4836793358268416
z 18 765 4.863385905286753 -1.7358876324627597
u 19 1.0346056795865946 -0.0008129127646260789
x 19 17.626658318518977 -1.611566520339322 -0.011853552818753776
z 19 53 7.0160619432939795 -1.9580552640486841
z 19 514 7.7405826319473725 -1.6164113195616183
z 19 765 5.135439155131427 -1.9351449058364267
u 20 1.1680727357434826 -1.5707963267948966
x 20 18.110445554832143 -2.022080968290091 -1.3954420525496978
z 20 53 6.679060095999942 -0.5329106072383811
z 20 514 7.0744183617733825 -0.15563425559886035
z 20 765 4.802500825175596 -0.5655546499276793
u 21 1.026341715630525 -0.008672488455524553
x 21 18.234339506566258 -3.1154433781538335 -1.5204839341187475
z 21 514 6.061778586599775 -0.17248365175800728
u 22 0.9995781039596482 0.004601483878729566
x 22 18.216581644699904 -4.068293429932502 -1.658377555975112
z 22 514 5.080405339558927 -0.2113060728309888
u 23 1.0056515291400585 0.0006648286998013714
x 23 18.043301732606867 -5.222267136185888 -1.7813066224931169
z 23 514 4.1026342239943965 -0.2634848136931618
u 24 0.9962980885015159 -0.011290607803909803
x 24 17.812761726188466 -6.408823029086292 -1.7440910189083387
z 24 514 3.1495383648614155 -0.33294352021184714
u 25 0.9699620815198892 0.013117100835748843
x 25 17.6909234448681 -7.032845525589924 -1.7831433332329862
z 25 514 2.2581691783704683 -0.4895945706269025
u 26 1.0118442497636384 -0.0026964710515560027
x 26 17.44116406473964 -7.948985309786541 -1.8907564685680072
u 27 1.0481954746884756 0.00019213389161977637
x 27 17.130483666532268 -8.875098545490713 -1.8981753728426292
u 28 0.9454081322010075 -0.01160533269553792
x 28 16.71740465439329 -9.851230139078039 -2.0440728260642036
u 29 0.9852465009775733 -0.004288055284972062
x 29 16.103533028869336 -10.675296537247519 -2.378016392219841
u 30 1.0179303330787075 -0.002244379368197224
x 30 15.203565191687746 -11.340642698912575 -2.631933272493371
u 31 1.0430815843939516 0.004930666462634469
x 31 14.256341721020535 -11.878943849428943 -2.6176925787649235
u 32 1.0411593511676884 -0.00845968251049306
x 32 13.32431661687071 -12.475825859630495 -2.526278926360234
u 33 1.0056423871523235 -0.013148878171657875
x 33 12.523609316107864 -12.98290608558124 -2.627828916506787
u 34 1.0416974336491578 0.0058718941889104375
x 34 11.730131559694374 -13.475294173506063 -2.544578814246485
u 35 1.0228718166838107 0.008380740956955
x 35 10.850804473981459 -14.08537011057819 -2.5255028093027394
u 36 0.9873772034248197 -0.005436343201594673
x 36 10.178236912576477 -14.582414094925989 -2.484802938031138
z 36 371 8.193403705152505 0.9677108109159818
u 37 1.054264593253321 -0.003187390292028706
x 37 9.386399950244371 -15.159037328813929 -2.5395648837274925
z 37 371 7.6463913199631115 1.084823296712159
u 38 1.0541309726523735 -0.006822546148008015
x 38 8.573389029557774 -15.694951221781066 -2.578028616166801
z 38 371 7.217876506404406 1.2213766987460506
u 39 1.0049404629514855 -0.0021742720406566505
x 39 7.765141135230748 -16.220169039416035 -2.5526555691689983
z 39 371 6.939447732618457 1.3600932877348448
u 40 0.9977269531577763 -0.001215295544417614
x 40 6.877969147049574 -16.74794093748102 -2.65721880064402
z 40 371 6.801726639832618 1.5052670954005762
u 41 1.048988109763612 -0.0071632339371998895
x 41 6.256350303048915 -17.058688285369445 -2.698831068996026
z 41 371 6.8176564861908355 1.6666084130448606
u 42 1.0359578798703586 -0.006065613656329477
x 42 5.341553520229406 -17.48369636711319 -2.714508460433401
z 42 371 6.996257224656921 1.8205626748217334
u 43 0.9944360609963736 -0.011006131207713205
x 43 4.4899685035796795 -17.85417490836437 -2.7479793998834827
z 43 371 7.310952557819362 1.9635634411886027
u 44 1.0473460223482882 0.01399896843991537
x 44 3.659114523509866 -18.201400724157537 -2.7434983502758334
z 44 371 7.765898208072376 2.074844442407551
u 45 1.0134191812587796 0.010192829231438192
x 45 2.4832427185505743 -18.757625325325627 -2.6560046980145438
z 45 371 8.298670430151978 2.1720878808375836
z 45 833 8.129993189866337 -0.43915257134664465
u 46 1.0135366860011676 -0.004404289403469902
x 46 1.7022681473629748 -19.15018157777708 -2.695651145973933
z 46 833 7.22442577778211 -0.4941521489182188
u 47 0.9818383728295461 -0.008118693925561324
x 47 1.0360745925866102 -19.452947450297895 -2.7344020382642147
z 47 833 6.37493715355469 -0.5585931453113209
u 48 1.000921211592281 0.013401779115363853
x 48 0.034825359322415705 -19.806846437347204 -2.8692800406279844
z 48 347 8.310904610798422 -0.4448862909005036
z 48 833 5.555665910044654 -0.6686510816677305
u 49 1.0093605024575922 0.0017335272048205005
x 49 -1.0117156491104584 -20.1054372304881 -2.8580497265052998
z 49 347 7.412956928963458 -0.5053579740062033
z 49 833 4.805210726936294 -0.8011187448653554
u 50 1.0515554464940153 0.006685718243154022
x 50 -2.209773866551365 -20.349050219092994 -3.02392580048447
z 50 347 6.514715755288362 -0.5907394925808376
z 50 833 4.145768964841529 -0.9915775271864797
u 51 0.9921804550598434 -0.015722579599697393
x 51 -3.454342870730477 -20.38411146141414 3.0802536881794786
z 51 347 5.712535299556303 -0.6707633233212258
z 51 833 3.6898255319398854 -1.2016388620308833
u 52 0.9317005495266484 0.01126726134718099
x 52 -4.517788253807105 -20.35159478865494 -3.141388082647566
z 52 347 5.0199636041372155 -0.7984756074671902
z 52 563 8.431240562235024 0.3886167369022484
z 52 833 3.469598861784158 -1.4666013520528607
u 53 0.9308275104012086 0.013288970070370288
x 53 -5.375802715056466 -20.312857741294124 3.0511547304876583
z 53 347 4.426046613299899 -0.9639634426899928
z 53 563 7.575452817904975 0.4211449673028005
z 53 833 3.5036337019287105 -1.747482270798736
u 54 1.05959493006054 -0.004271367824906548
x 54 -6.7294698679319875 -20.13916210728701 2.976795515415075
z 54 347 3.917560251165122 -1.1834057997852343
z 54 563 6.623686477107118 0.4911721791870507
z 54 833 3.8324442433997628 -2.0189714208054967
u 55 1.0333621076182689 0.014071429512771287
x 55 -7.908490042973351 -19.89831419149228 2.903378505051478
z 55 347 3.661869927897836 -1.4625975461029745
z 55 563 5.729312813115949 0.5611483856489574
u 56 0.9986056269603851 0.018472828832255463
x 56 -8.723108409890886 -19.78542583185794 3.104404368274963
z 56 347 3.6991760238075106 -1.753039690824406
z 56 563 4.9070015114125844 0.6495792011170387
u 57 0.9555903086492167 0.0038142533687876732
x 57 -9.635459630472331 -19.76263166989498 3.128823377549372
z 57 347 3.9864287739831212 -1.9947492519216592
z 57 563 4.184832368596662 0.7839728668102266
u 58 0.9840469272318165 0.005163328710137615
x 58 -10.657327757845856 -19.88514081848473 -2.8901874628262973
z 58 563 3.554441324086593 0.9750428073325565
u 59 0.970485450492512 0.01005931471869516
x 59 -11.405168292720655 -20.153153406212574 -2.7047528873256685
z 59 563 3.1106171463696124 1.2252710050776052
u 60 0.9796082491094457 -0.0005658663162558102
x 60 -12.317905329559265 -20.609935558815806 -2.650412245274602
z 60 563 2.927983050898329 1.5461101048734438
u 61 1.109352273737183 -1.5707963267948966
x 61 -13.095067523460619 -20.402011293306543 2.127571606475409
z 61 563 3.688220373175741 -2.9688464294027934
u 62 0.9983126705297584 -0.00011919652151444867
x 62 -13.470327612071054 -19.72273356631546 2.023450026309167
u 63 0.9831838650986412 0.008880128907356998
x 63 -13.888295589178366 -18.92762226218392 2.086090388811911
z 63 132 7.9072214039976805 0.16840890230629002
u 64 0.9515291030900842 -0.002513694285049898
x 64 -14.631967760325134 -17.87322800023164 2.284060592751933
z 64 132 6.971207048748014 0.19397206844972148
u 65 0.9749253789873347 -0.003641659063332137
x 65 -15.167489675718663 -16.99161517230258 1.9492680806530949
z 65 132 6.017898987391961 0.2291359462322764
u 66 1.0188647592076883 0.010695142114270055
x 66 -15.751750185225799 -15.637330662919076 2.0069101630224377
z 66 132 5.029530819925903 0.26341256047819694
u 67 1.022804532843418 -0.0033531329632939806
x 67 -16.238594777660637 -14.696901853220012 2.0900709269403217
z 67 132 4.051326154361792 0.33295775184793674
u 68 0.9609396545434616 0.007371047671390242
x 68 -16.6243055725699 -13.875337304477037 1.929396827124254
z 68 132 3.1573390543200337 0.42415931845856214
u 69 1.0245286056530092 -0.0021399397587484755
x 69 -16.917453764117138 -12.900192901156782 1.7962473644831087
z 69 132 2.2638537767253926 0.6140953541038656
u 70 1.0165702216656103 -0.006809820261077439
x 70 -17.115480305076662 -11.963873032036544 1.762191646460642
z 70 132 1.5510363556144067 1.0101425654691498
u 71 1.0150149828130792 -0.0011811644946345167
x 71 -17.22461740496471 -11.327391616422396 1.7190369214888737
z 71 132 1.3278859357875452 1.7157577900166112
u 72 1.0341447388398441 -0.01667300022580252
x 72 -17.28490083264508 -10.307278220886495 1.5406080990389226
z 72 132 1.8033538876988813 2.3349559596077514
u 73 0.941862384412082 -0.0076170222328032
x 73 -17.205574320823104 -9.330161542612489 1.4389713125666033
u 74 0.9831502851167112 -0.005063481109134846
x 74 -17.095259426328152 -8.298970048777694 1.4894757994280052
z 74 186 7.800293278179115 -0.4584458315073281
u 75 0.9997463836735869 -0.00021770823494073695
x 75 -17.026543624783653 -7.437634774630274 1.4928976146567532
z 75 186 6.91788791670896 -0.5222139977855882
u 76 1.0309518797028785 -0.0019494413034737781
x 76 -16.942104430768254 -6.265853042989609 1.5048226962822584
z 76 71 8.49316298201822 -0.3929962537832221
z 76 186 6.045679462362754 -0.6052817574588989
u 77 0.9789270428943913 -0.010224066801683161
x 77 -16.802728536521233 -5.477866794478063 1.286639183426118
z 77 71 7.5959923199766335 -0.431535452236699
z 77 186 5.2669321166373075 -0.7002230733614732
u 78 1.0070731127974084 -0.008435269872795265
x 78 -16.530288367209145 -4.418687020790156 1.3514324470309695
z 78 71 6.692503862333222 -0.4855031908964649
z 78 186 4.540244910848092 -0.8344864897293047
u 79 1.0330856468296958 0.0020478633655377043
x 79 -16.269731241044102 -3.3210023929974026 1.324047202385941
z 79 71 5.79944600732673 -0.5709363354632173
z 79 186 3.9228018321030484 -1.033111531291504
z 79 471 7.830689233075931 -0.8535823482441764
u 80 0.9688792197404326 0.011602479533464436
x 80 -16.107851926321356 -2.7580907706122266 1.2575072446547537
z 80 71 5.015196533075102 -0.6880783107154795
z 80 186 3.53156949148497 -1.2834209829989507
z 80 471 7.235420064100627 -0.9667861319386568
u 81 1.0110551411590394 0.001628149285492421
x 81 -15.602889798906316 -1.7328546527084254 0.9687738130154493
z 81 71 4.283206983044065 -0.8403288071712396
z 81 186 3.387581784054952 -1.5754000898676708
z 81 471 6.713702693738695 -1.0927540424870035
u 82 0.99588279208196 -0.011272989838372306
x 82 -15.002689414780148 -0.9575942380293911 0.8552087478649804
z 82 71 3.689146948543852 -1.0304705756606194
z 82 186 3.5299453671446352 -1.8501328547740337
z 82 471 6.312451918922677 -1.2216060554911516
u 83 1.0476655373562584 -0.0075374596587780085
x 83 -14.416135619882615 -0.37139200260844785 0.7149880348525977
z 83 71 3.2720079651810376 -1.3004341022645638
z 83 186 3.945962476008764 -2.1009450819726467
z 83 471 6.0309629810817285 -1.377804503373364
u 84 0.9551580111582267 8.551368438807531e-05
x 84 -13.58323903422621 0.20724222929480995 0.4993660415795764
z 84 71 3.1542376592654597 -1.5966495288825553
z 84 166 8.33910058877859 -1.1136920854549799
z 84 471 5.922468577240608 -1.5368427123865582
u 85 1.019739290815437 0.0008458926808941486
x 85 -12.84694077177775 0.666193142719661 0.6154174809397785
z 85 71 3.340373988261504 -1.9076140331964078
z 85 166 7.942334255877845 -1.2300298552560014
z 85 471 5.97583212816795 -1.709074369393076
u 86 1.003436943676105 0.0059250406121771895
x 86 -11.900500987076047 1.35550067513857 0.6435395344758588
z 86 166 7.668444286773315 -1.3597280670520016
z 86 471 6.197232067546582 -1.8759984139846246
u 87 1.0090878353942403 -0.01538618671717935
x 87 -11.228952710658769 1.8195052244512608 0.5657095342088843
z 87 166 7.514295655312872 -1.4758075193999
z 87 471 6.564313655032348 -2.008115236374665
u 88 1.0137121549764585 0.007425198361680205
x 88 -10.417985512743513 2.3346524184072805 0.566128158845804
z 88 166 7.490234812899626 -1.6184182394977822
z 88 471 7.056833893163038 -2.1458124261492477
u 89 0.9856390698120616 -0.003606854758300465
x 89 -9.448088904082471 2.934503664272586 0.5416503787778915
z 89 166 7.599433476398512 -1.7447394678332286
u 90 0.9669353168183001 -0.003089911115990754
x 90 -8.488045245334584 3.3165753443023713 0.21586551164166456
z 90 166 7.823518309194251 -1.863713689068311
u 91 1.0437991426240696 0.000441669270311754
x 91 -7.19291787656509 3.489296927369408 0.04929510891847544
z 91 166 8.186349730182345 -1.9865262414311275
u 92 1.0017424002322726 0.013331337324595046
x 92 -6.317518839260705 3.556009877648446 0.10282808254395448
u 93 0.9858695182193186 0.0004771363747693321
x 93 -5.735912157048032 3.620959472922422 0.11959579466487247
z 93 298 8.160703806240583 -0.21784346306217595
u 94 1.0084563013979337 -0.0044357817163503165
x 94 -4.763045705940753 3.7725757144294962 0.18960668242664402
z 94 298 7.178844692526532 -0.24346825314777876
z 94 492 8.498126360035238 -0.1657602257264088
u 95 1.154985606728472 -1.5707963267948966
x 95 -4.131379538245024 2.9641456367347536 -2.004670194739854
z 95 298 6.310820572909629 1.4124190032658248
z 95 492 7.675387298201706 1.4837955290647287
u 96 1.0215922032681932 -0.002522921018977187
x 96 -4.500435410625676 2.1734057990275444 -2.01026805505645
z 96 298 6.2331816026862485 1.5775343540572813
z 96 492 7.655865937262847 1.6196621919164178
u 97 1.0191901968012682 0.0018796006629999398
x 97 -4.832910338713285 1.3168284628136182 -1.871811917521761
z 97 298 6.321785407932803 1.7375773931328542
z 97 492 7.7716573924187635 1.7491514562783284
z 97 562 8.02721010399458 1.009437506205436
u 98 1.0141351742711955 -0.007200572582370434
x 98 -5.222990881359143 0.3352095686732005 -2.0262806644738944
z 98 166 7.993242914056451 -1.0857579356134042
z 98 298 6.570202131432118 1.8974892121128244
z 98 492 8.01744879482901 1.8810777516447201
z 98 562 7.5397014724464455 1.1310077703747874
u 99 1.0402438206945028 -0.01125897318231359
x 99 -5.401462691133499 -0.12452979906672784 -1.8559012377128778
z 99 166 7.558957382349238 -1.196179411320117
z 99 231 8.046192367040845 -0.9787051547095356
z 99 298 6.979188010268226 2.0501123046791525
z 99 492 8.399035640370775 2.010333490868245
z 99 562 7.164554591623784 1.2743726342133037
u 100 1.0601292412305325 -0.0008179803863849485
x 100 -5.614679902938248 -1.4544723918282025 -1.6036271294326676
z 100 231 7.505874385767109 -1.0953220889233637
z 100 298 7.527455779858728 2.176195433960883
z 100 562 6.929893692099242 1.4220434449623234
u 101 0.9636677268531421 -0.0052055019000967085
x 101 -5.672179491769741 -2.218053346733802 -1.6882869103846032
z 101 231 7.114158083464632 -1.21067869180897
z 101 298 8.116562059231214 2.279007073345759
z 101 562 6.856165775864471 1.5667573402952168
z 101 691 7.966205446699985 0.037161717473375155
u 102 0.9434961987667063 -0.008290901223101986
x 102 -5.905729359491809 -3.2828846912722986 -1.8851287682937088
z 102 231 6.835119933703073 -1.3317272042031094
z 102 562 6.920879026757291 1.711799747222754
z 102 691 7.023624835971316 0.05099991983518626
u 103 0.9388802010338859 -0.00045249928855356145
x 103 -6.084833196081163 -4.099278885700075 -1.6883892490058374
z 103 231 6.675200350771005 -1.4683476863007865
z 103 562 7.1140250953152036 1.8432888690570586
z 103 691 6.086166111306371 0.05935143191509917
u 104 0.9986433846849198 -0.0050558335561310275
x 104 -6.148367472607395 -5.37093781350598 -1.5530438413003007
z 104 231 6.645192173327697 -1.6133070274179113
z 104 562 7.447500067662693 1.9777573856202633
z 104 691 5.089809771387176 0.07654080793945717
u 105 0.9986949444143435 -0.00907014189764072
x 105 -6.268776090181092 -6.205886510854611 -1.87499558046714
z 105 231 6.757210440836662 -1.7524689960831132
z 105 562 7.900162258409808 2.1029497640059702
z 105 691 4.095197589701615 0.10536246924984605
u 106 0.9668416006633355 0.006019299869248444
x 106 -6.38102053396398 -6.7597926045665115 -1.6664656951999217
z 106 231 6.999577870000569 -1.8946884289643162
z 106 562 8.429636932932542 2.196102511381679
z 106 691 3.1349741962606323 0.13085937024455863
u 107 0.9582588664982119 -0.01037422248291641
x 107 -6.5306929227167165 -7.792311054630352 -1.7630386300065444
z 107 231 7.3563361557375755 -2.0083346073003097
z 107 691 2.1894347467584643 0.20062875301373762
u 108 0.9981452829359538 -0.0014986228451857656
x 108 -6.821083600236724 -8.91661893826381 -1.8840740124188877
z 108 231 7.830987405023897 -2.122588551177984
z 108 334 7.529677385873243 -0.031115051226652923
z 108 691 1.227801063357394 0.3654593661364878
u 109 0.9946820332240118 0.0031746750123128995
x 109 -7.131587140423883 -9.978916158817729 -1.826263722257684
z 109 48 8.077609376030138 -1.0773634180196505
z 109 334 6.535608522785271 -0.03926597311366109
z 109 691 0.4628911217577182 1.2329601562280956
u 110 0.9841399730733101 0.006210715196667991
x 110 -7.372097034170101 -10.793995951891798 -1.88919412405061
z 110 48 7.6635004869070835 -1.1971062954993459
z 110 334 5.552509914548986 -0.052984494567398954
z 110 691 0.9370958376520816 2.6542527201889
u 111 1.0140395757520204 0.009030544194825085
x 111 -7.644518469193992 -11.785610210892399 -1.7886199743393898
z 111 48 7.358613584197705 -1.3350115005450967
z 111 334 4.540523612277615 -0.07484975164591301
u 112 0.9837985747740381 0.004432592178794185
x 112 -7.75126226849272 -13.054617785975589 -1.5208095144091647
z 112 48 7.194854438136556 -1.47286301456952
z 112 334 3.560451605646316 -0.1005571993097738
u 113 1.0282329106311618 -0.011756334262297625
x 113 -7.618488607958569 -13.84285165829994 -1.2870272172602206
z 113 48 7.161700605015543 -1.6043965999981897
z 113 334 2.5386914373781626 -0.12710009395379007
z 113 393 7.829003213861591 -0.6998716486263112
u 114 1.1320553969612341 -1.5707963267948966
x 114 -8.296495112759606 -14.800411189245748 -3.0867909330277437
z 114 48 6.5083509564281945 -0.148241620613756
z 114 334 1.8412515216025616 1.789167878806916
z 114 393 6.814076863500423 0.8837019687946883
u 115 0.9917716155060036 -0.007998825257629535
x 115 -9.18708750555586 -14.812071684793578 3.112975368034399
z 115 48 5.528719659882108 -0.1660309001202478
z 115 334 2.275802640719703 2.236193060989687
z 115 393 6.235704386362844 1.0153761955796687
u 116 1.0301752949466552 0.002237553358729467
x 116 -10.060099507287669 -14.723989832928376 2.9691020884219803
z 116 48 4.516155580089816 -0.20622859409268468
z 116 334 3.0217930150799464 2.505711804372657
z 116 393 5.7583371288439835 1.1656321756056478
u 117 0.9776308629097894 0.008758250018982866
x 117 -11.071458122113537 -14.409932946587547 2.7119055075146132
z 117 48 3.5659909970867743 -0.2723311469690879
z 117 164 7.724168016893051 -0.5660277468856307
z 117 334 3.850344913734298 2.6492260940561136
z 117 393 5.443433525773359 1.3223738061846708
u 118 0.944291342972845 -0.0052932818562653325
x 118 -11.72903451112507 -14.140772728753603 2.794247163250194
z 118 48 2.6677217198616536 -0.36148519007048785
z 118 164 6.94414943239024 -0.6334201797652894
z 118 393 5.293519465412847 1.5015676440806214
z 118 799 8.453866501710404 -0.9478884417203393
u 119 0.9707882613982797 0.0007657245288764208
x 119 -12.70910149935499 -13.735943015808543 2.7055043845538167
z 119 164 6.188668578648485 -0.7272178695717453
z 119 393 5.314969817759465 1.684034847742578
z 119 799 7.927141746187275 -1.0483097302817517
u 120 1.001034596892584 0.007443850807919684
x 120 -13.836264936274443 -13.307365996399511 2.8509916951522287
z 120 164 5.484218974224186 -0.8568165087929116
z 120 393 5.514888776041403 1.858011613356707
z 120 799 7.481500607254947 -1.1722137770012069
u 121 0.9412205258264381 0.00034230540866643885
x 121 -14.605932757480158 -13.108089605845944 2.9254958719801873
z 121 164 4.9196987324675066 -1.0022789194506485
z 121 393 5.851416587911349 2.012560014298076
z 121 799 7.1690302243304025 -1.2938603347125839
u 122 0.9909817859013116 0.007982852250481752
x 122 -15.408044291228519 -12.914032297829586 2.8829454969205592
z 122 164 4.468638929385952 -1.1987303742788447
z 122 393 6.33541324402756 2.146723817191196
z 122 543 7.85648092442262 -0.35282143741320837
z 122 799 6.967554503107632 -1.4392376541249408
u 123 0.962296382555817 -0.0001569554347763276
x 123 -16.4841061956818 -12.646923398171465 2.9136190422967285
z 123 74 8.120120192833168 -0.7747155136614321
z 123 164 4.2151578628801785 -1.412877486679623
z 123 543 6.961377169996536 -0.4004386614331259
z 123 593 8.35304038712452 -0.18342108932294643
z 123 799 6.907438624850784 -1.5776313150206247
u 124 0.9872048399893543 -0.0044999389409133604
x 124 -17.546326428632717 -12.443916499039805 2.9918892768035388
z 124 74 7.445040168981397 -0.8628893508014985
z 124 164 4.17310725564921 -1.6440895661162491
z 124 543 6.063501948782672 -0.45911054298338083
z 124 593 7.384136333442646 -0.20301242463843439
z 124 799 6.982106476043807 -1.7149958296243433
u 125 1.0315082603680672 0.001634472494230968
x 125 -18.284339653689727 -12.367261921568705 3.0843059894197413
z 125 74 6.8201834323161545 -0.979762412375405
z 125 164 4.372216871096717 -1.8832263417852604
z 125 543 5.159539770280291 -0.5496041895749983
z 125 593 6.377400902311458 -0.23739321936060387
z 125 799 7.203843158330926 -1.8587942976864757
u 126 1.0049248365586174 0.007121292391659862
x 126 -19.269668653093877 -12.229337544150326 2.9207305995760544
z 126 74 6.3188012355506995 -1.119646773402304
z 126 164 4.780892368279496 -2.0914898391031236
z 126 543 4.336743457383152 -0.6787714373518607
z 126 593 5.406830111843443 -0.2888810686240477
z 126 799 7.554272717071245 -1.993675795958922
u 127 0.9724401763133832 -0.0035068345438057425
x 127 -20.184535420825227 -12.000930968770595 2.8731355019695473
z 127 74 5.957798424945733 -1.2634374432646136
z 127 543 3.6302622910519817 -0.8438755479827451
z 127 593 4.482668299941654 -0.34684813871111597
z 127 799 8.001165853861545 -2.1013161078921065
u 128 1.0289894527886974 0.0045688851081494885
x 128 -21.118936732323032 -11.738910639396202 2.863262454923727
z 128 74 5.733359439921713 -1.4400403007373959
z 128 543 3.047190999323831 -1.104056795140436
z 128 593 3.533336058322183 -0.45120492699617687
u 129 1.030085130444329 0.00776205661626259
x 129 -22.198175666787154 -11.422566625696017 2.8496611685770965
z 129 74 5.695427344478414 -1.6281865968588507
z 129 543 2.7465240815670158 -1.454046873636037
z 129 583 8.356511808359897 -0.5879891574806528
z 129 593 2.6470997574390887 -0.6308528957569188
u 130 1.0050633652586465 0.007892603695339657
x 130 -23.368624225342675 -11.127184444009329 2.939114428522611
z 130 74 5.843783991812396 -1.8085982871101742
z 130 543 2.8163970959240596 -1.8244176034866861
z 130 583 7.5433240781691415 -0.6702932309197109
z 130 593 1.9320637547239194 -0.9523477634748696
u 131 0.9972317094437617 -0.001723944046838576
x 131 -24.25785108175213 -11.097051920120325 -3.006860916694375
z 131 74 6.1546812187341455 -1.9650341092656944
z 131 406 8.33714149421853 0.4635209135929741
z 131 543 3.214232947669695 -2.1278024072690833
z 131 583 6.789579722727798 -0.7598388778984306
z 131 593 1.578139953989341 -1.491101179858187
u 132 0.9873396461944687 -0.0026960778151988614
x 132 -24.958817238115618 -11.193399507463079 -3.003136801063196
z 132 74 6.596061746691815 -2.1010636436571546
z 132 406 7.4677077133985605 0.5255242683589172
z 132 583 6.110749073553622 -0.8685079069472073
z 132 593 1.7925079155646888 -2.0695803550058605
z 132 826 8.291411458105612 -1.2658140942595948
u 133 1.002296823210164 -0.0024957481269524137
x 133 -25.52472587647691 -11.26116010488494 -3.041707827800862
z 133 406 6.620492457104535 0.6042059012503636
z 133 583 5.515558335796373 -1.0050330876992914
z 133 826 8.046207772714988 -1.3823716788794516
u 134 1.0142481603892548 -0.004000684675952306
x 134 -26.439560461155786 -11.382195896355007 -2.978398432980655
z 134 406 5.815749005778188 0.7077340068715987
z 134 583 5.04317428399298 -1.171415029856186
z 134 826 7.917123803287804 -1.5044975073302391
u 135 1.0449700911906517 -0.006286475679070791
x 135 -27.82400882592749 -11.606374058297716 -2.983721665921814
z 135 406 5.069941189345592 0.8489161073380136
z 135 583 4.732508277888046 -1.3697111613161335
z 135 826 7.913578405072268 -1.6303242759576602
u 136 1.0344947624677905 -0.009688372587635543
x 136 -28.768401030615824 -11.889969542867943 -2.716010312576592
z 136 406 4.45883264281665 1.0343869514201174
z 136 583 4.632998513411886 -1.5803713350716968
z 136 826 8.036777206448981 -1.7495196100134793
u 137 0.9800887672538086 0.0030031744946059894
x 137 -29.438216858238214 -12.108228543149849 -2.937175303918037
z 137 406 4.045223338000366 1.2409829968301214
z 137 583 4.746139325613162 -1.7913603535516964
z 137 826 8.268868693315985 -1.8693964408564974
u 138 1.0029216363020337 0.0013778316667958992
x 138 -30.305463815327414 -12.403590584834376 -2.6895035556912688
z 138 406 3.8388170460259676 1.4893106132775973
z 138 583 5.061706968203842 -1.9872718491159733
u 139 0.9682952573485816 -0.03343467977637883
x 139 -31.17752568619127 -12.857169892739794 -2.6344497695049838
z 139 406 3.8978047079632443 1.7732451546530301
u 140 1.035181594159603 -0.006812675558966485
x 140 -32.0573575320604 -13.439574697451489 -2.4792751437233655
z 140 406 4.232492399443789 2.021821406589865
u 141 0.9572619858423784 0.0022657034340145665
x 141 -32.74803832292941 -13.969842365414365 -2.4943854090499733
u 142 0.9266884020605074 0.0005201072667719441
x 142 -33.30020738800023 -14.409989029569658 -2.4428314719707624
u 143 1.005782370232372 0.0005078718319359094
x 143 -33.91701349795896 -15.017549893660547 -2.2846593044504955
u 144 1.0127436515837143 0.0023921252265530274
x 144 -34.66646127502309 -15.958119457913414 -2.2025092323552427
u 145 0.9661913634189918 -0.004996382562456666
x 145 -35.16835627719076 -16.578823915531867 -2.298996299667715
u 146 1.0455790308167443 0.00248008149297835
x 146 -35.781511724330926 -17.49767290180904 -2.0194895509054676
u 147 0.9819198425156057 0.0005138364018891199
x 147 -36.01537706869945 -17.979190562100346 -2.0263615520849596
u 148 0.9689220093385081 -0.010378146824779468
x 148 -36.41751826256764 -18.75788745019562 -2.068638684138027
u 149 1.0365769718091578 0.011129260979506216
x 149 -36.908499619167586 -19.740870864782448 -1.999418318219642
u 150 0.9968451006036164 0.00373301289065801
x 150 -37.22201345501143 -20.369120201385233 -2.0679133050469907
u 151 1.004167531506736 0.006828225956860332
x 151 -37.808815237863925 -21.421054734873717 -2.09135069446841
u 152 0.9321516464705706 -0.008885154650375697
x 152 -38.51133503135874 -22.3753584706721 -2.319410372320778
z 152 450 8.467416091106825 -0.58234504766834
u 153 1.0287424994104244 -0.01009621475988789
x 153 -39.208122216446036 -23.095083509121977 -2.360595055871696
z 153 450 7.6260896310739845 -0.6459371228776347
u 154 1.021118281511794 0.010883524491886279
x 154 -39.77573938171817 -23.740630132079968 -2.2234970937525858
z 154 450 6.842116152206836 -0.7474259499834988
u 155 0.9900273829778499 -0.0025854632402822365
x 155 -40.24355344875965 -24.505543551311927 -2.0158928374600507
z 155 377 8.087906827752507 -0.42275000232664484
z 155 450 6.1519368460177555 -0.8542984653504755
u 156 0.9421157364021548 0.00219494876520184
x 156 -40.62599268834958 -25.215719593967187 -2.1136627960561984
z 156 377 7.239532045901007 -0.4784911695126617
z 156 450 5.579489543741183 -0.9842967420473494
u 157 0.9910102599381801 -0.0032816692198946334
x 157 -41.388014870043186 -26.294375424565345 -2.258020432410078
z 157 90 8.314499584267793 -0.10476365166973745
z 157 377 6.375321280633877 -0.5466166608973015
z 157 450 5.096792749788887 -1.1434963199616721
u 158 0.9946887450372144 0.013904851523363538
x 158 -41.75708601128189 -26.846643979587718 -2.06181239338971
z 158 90 7.32685865257272 -0.13380392080077153
z 158 377 5.5538658832151215 -0.6548172547427855
z 158 450 4.777974163069701 -1.348622123974524
z 158 673 8.144321078364577 0.7512180884540873
z 158 827 8.235685454860548 0.4817147553515775
u 159 1.0259925959560894 -0.004852191942879906
x 159 -42.23702759148161 -27.821303924381503 -1.9949099683699099
z 159 90 6.311140051236237 -0.15024982750419813
z 159 377 4.779339067086776 -0.780661843952184
z 159 450 4.658122936427212 -1.5601816189473117
z 159 673 7.429416330062614 0.8507124269449444
z 159 827 7.343150312199861 0.5516457064395004
u 160 1.02588300908103 -0.0065282840144572935
x 160 -42.76644631403617 -28.703408050722746 -2.227782150109294
z 160 90 5.298451602958262 -0.172082209287431
z 160 377 4.111608529719447 -0.9500515071754645
z 160 450 4.755828064199075 -1.7710512751874468
z 160 673 6.799550980153099 0.9712317989990531
z 160 827 6.493738018830062 0.6415048336980012
u 161 1.0490592444854454 -0.008445048379347606
x 161 -43.63763581414891 -29.768362019946398 -2.2851159884502747
z 161 90 4.2677408642581485 -0.20471691296927075
z 161 377 3.599814201242236 -1.1801998005853653
z 161 450 5.065765287010056 -1.9671506163781398
z 161 673 6.271684801005116 1.1186146106890025
z 161 827 5.691019697789964 0.7611078928143038
u 162 0.9872692214804434 0.0016586618679547533
x 162 -44.151513317604866 -30.451956144070266 -2.1456901220000417
z 162 90 3.307398142446871 -0.2673384208612175
z 162 377 3.351495940583784 -1.4578299123447376
z 162 673 5.906666124790222 1.2678130429749377
z 162 827 5.021900193136827 0.8953437550746006
u 163 0.9896036181594855 0.011023844154043911
x 163 -44.8430567606576 -31.519342687901748 -2.145676080446657
z 163 90 2.3694624989936037 -0.3911476332722379
z 163 377 3.3912278763292902 -1.7632145777380224
z 163 673 5.68493556917636 1.423415259825247
z 163 827 4.465596690647385 1.0573617330019998
u 164 0.9586072078535679 0.005952001602810483
x 164 -45.25151696084713 -32.215957754416166 -2.0565610201108178
z 164 90 1.5293117695419052 -0.6401855976564494
z 164 377 3.6988752818176445 -2.02621793206486
z 164 673 5.6218155255999145 1.5868638269898536
z 164 827 4.078374517732053 1.257255713533203
u 165 1.019247042915623 -0.011960922616941703
x 165 -45.749009241922195 -33.51122540623462 -1.8184542641886225
z 165 90 0.9307991947268875 -1.3342817496572925
z 165 673 5.735530528780239 1.7774362082324915
z 165 827 3.8929618387231724 1.5214121309156363
u 166 0.994876252819907 0.006199238583710139
x 166 -45.96238866306896 -34.36620421824001 -1.8122914168172841
z 166 90 1.1948973494746042 -2.2846744620831614
z 166 673 6.016056552734679 1.9339096559411875
z 166 827 3.9671871009826423 1.76833781975966
u 167 0.9651746308555299 0.003555879260555721
x 167 -46.11831387859352 -35.302619860017515 -1.6592992199719037
z 167 673 6.4210589542918495 2.071428682305423
z 167 827 4.261425229487542 1.9888161540280587
u 168 1.00332097129821 -0.008510283494711168
x 168 -46.208826784722234 -36.401922204101425 -1.6465961764732004
u 169 0.9764506813839353 -0.0007522206381427341
x 169 -46.33918596458348 -37.48382409584035 -1.7348218572534972
u 170 0.954614946785354 0.008993730754437684
x 170 -46.564578995808695 -38.48413780714416 -1.8500132639898188
u 171 1.032104343421982 0.014136907922215829
x 171 -46.94659802051504 -39.62842725177143 -1.93600719907882
u 172 1.0335145827739398 0.0003447646660354111
x 172 -47.27359190499421 -40.42840381075521 -1.9816461750182914
u 173 0.98128690944565 -0.006006531522460433
x 173 -47.64016354469702 -41.23099860275435 -2.0168246388843976
u 174 1.1775853543670827 -1.5707963267948966
x 174 -48.76310243908965 -41.57348926385008 2.608890577137158
u 175 1.008603011342711 0.002799535724951315
x 175 -49.8270497600479 -40.975031062655724 2.6495331834290745
u 176 1.008101063217888 0.005025268958840763
x 176 -50.53670046071073 -40.55309581102716 2.5608212260593035
u 177 1.0340552147871023 -0.006970285778388595
x 177 -51.56087828289772 -39.91450683332556 2.6073043739688373
u 178 0.9992958863952578 -0.008493699396415724
x 178 -52.50373725880241 -39.44985614413792 2.7601221584105016
u 179 1.0120227526798309 0.0011272654208355998
x 179 -53.22812076037546 -39.125478085642456 2.681019359884779
u 180 0.9935060054817112 -0.0010850362754367495
x 180 -54.52304314176392 -38.41008218513951 2.5927024517661765
u 181 1.0023563524125092 -0.00910125110759946
x 181 -55.622035577989756 -37.81179254546 2.6934181969653226
u 182 0.9787932698852363 -0.012237991271201412
x 182 -56.620412217704406 -37.30749430871266 2.654299508050401
u 183 1.092337824378068 -1.5707963267948966
x 183 -56.85296239227349 -36.29267807553987 0.9378244611691517
u 184 0.9872202093589113 0.0009422780476211022
x 184 -56.44043634659656 -35.71663994084742 0.960810887757046
z 184 123 8.068000689639511 0.754471943605548
u 185 1.04529652100324 0.0021788740789960744
x 185 -55.98673190017894 -35.02845164152797 1.015047931414034
z 185 123 7.340498223198053 0.8498659272376692
u 186 1.0371564013431682 -0.0036522823996641605
x 186 -55.52118504548785 -34.34645085948114 0.9286136572790147
z 186 123 6.702891622537549 0.9702030102250419
u 187 1.0061726045557078 -0.009704885815748743
x 187 -54.853501274800465 -33.49846531992371 0.878986866268785
z 187 123 6.194549792140058 1.1147633307632514
u 188 1.022405827446855 -0.011818717331406232
x 188 -54.14388411009688 -32.47904642875741 1.0463987849955156
z 188 123 5.822954408305001 1.2853400155469128
u 189 1.0408436398615661 -0.006058440204299
x 189 -53.80755067359823 -31.727765960152787 1.2533475569672161
z 189 123 5.622457336232084 1.470136707870184
u 190 1.0226329277679076 -0.0007977876243413256
x 190 -53.444915262018334 -30.64090175285517 1.244168794988151
z 190 123 5.613091395856073 1.6532144094769272
u 191 1.0134914892957032 0.003799692414226094
x 191 -53.00753408678848 -29.54526037889229 1.1377890021542285
z 191 123 5.783517635027761 1.824985376305162
u 192 1.0253689946192117 0.007244572046962672
x 192 -52.407200300036266 -28.559790681907295 0.9095113789296905
z 192 123 6.118928743311578 1.980802414070979
u 193 0.9808585742066854 0.0003917085277208303
x 193 -51.64192243010206 -27.59982511690154 0.8860271986815853
z 193 123 6.571608112000142 2.1177399530048318
u 194 1.0337533062303148 0.0019298731749408228
x 194 -50.72749408333916 -26.61681373892816 0.7570277475835328
u 195 0.918829401459946 -0.003486190125945582
x 195 -49.832817108901494 -25.81262456181412 0.7073418653153589
u 196 0.9962270800509463 -0.006447516986446176
x 196 -48.90877017955734 -25.08252180044004 0.6300261090430488
u 197 1.0116377039333204 0.004241888160843051
x 197 -48.14810090641246 -24.49561402533788 0.6842980858728294
u 198 1.018679086338817 0.0007094516585377861
x 198 -47.23258624624516 -23.607243565185183 0.8564052475022326
u 199 1.0032919789273165 0.009849029696758375
x 199 -46.60466403489497 -22.93665588568515 0.7800819523796774
u 200 1.0802330857775435 -0.00329387502507205
x 200 -45.77372689579881 -21.91890643944645 0.9921333773795427
u 201 0.9847379211910896 -0.011681067451785722
x 201 -45.217444482900774 -21.061077863673145 0.9988511145866399
u 202 1.0430692463262927 0.011301936521144834
x 202 -44.6674249680508 -20.27060888441425 0.9269192329532903
u 203 1.0034890940560048 -0.016216931806639853
x 203 -44.307317504460165 -19.79005796762445 0.9284857811190035
u 204 0.9848437873539336 -0.008048842727618315
x 204 -43.8316854765925 -19.214507871212962 0.8318471910163243
u 205 1.0069980010662052 -0.00475418159591035
x 205 -43.26372648303962 -18.62828453084803 0.7705954744064583
u 206 1.022646760289913 0.018053663489540763
x 206 -42.50448897902043 -17.805621285034015 0.880347204457923
u 207 1.0077755754425717 -0.014721012924284922
x 207 -41.75888487560939 -16.859337945595463 0.9265711956769094
u 208 1.0068761539227387 -0.002547526840025028
x 208 -41.25050797081266 -16.116191441837913 1.015089238387981
u 209 0.9927640791394174 -0.0018246830602619197
x 209 -40.92336973737719 -15.615545558511984 0.9689346919071617
u 210 1.0311076230672571 0.006091071561674846
x 210 -40.26057988847662 -14.677852532664607 0.9420672252497972
u 211 1.0904046512079333 -0.008480647348809676
x 211 -39.89921834196557 -14.171190429675505 0.9604385155392663
u 212 1.034558165418503 0.010006862881402701
x 212 -39.330711610512765 -13.296636131269326 1.028329043547414
u 213 0.9671322114071309 -0.011108309176597914
x 213 -38.796949576767545 -12.52938338202853 0.8976227454594108
z 213 826 7.727908398019879 0.026973136911143225
u 214 1.0360555397155784 0.001480312801926914
x 214 -38.097397684558445 -11.592648369116388 0.961072474251754
z 214 826 6.692264600501933 0.02955359896565035
u 215 1.0099251404753897 -0.008236211771101523
x 215 -37.45136135479812 -10.647577169424851 0.9812723728671298
z 215 826 5.683016480918185 0.04377247549984453
u 216 1.1781278477347819 -1.5707963267948966
x 216 -36.09987189772906 -10.376691218705023 -0.5856445551168354
z 216 826 5.027741464582684 1.7707642050418322
u 217 0.9857497534780209 -0.018697299341236637
x 217 -35.110610639943495 -10.933463066685052 -0.43961406386944724
u 218 0.9619811808780288 0.010476486497821954
x 218 -34.040326067845605 -11.455196257153869 -0.4675352197114244
u 219 1.0193758101256445 -0.008347647796889023
x 219 -33.208657857393085 -11.882728069618745 -0.4821377242510638
u 220 1.0106899712411221 -0.0017657484142264213
x 220 -32.43898807295787 -12.264951534753688 -0.43972145942701824
u 221 1.0102212385256075 0.011407132091915231
x 221 -31.496739785270496 -12.724279672969205 -0.4674432305401641
u 222 1.0019563127276425 0.0041243681485058775
x 222 -30.888088221854655 -13.037364150064406 -0.48274373821764405
u 223 0.9616615959643955 0.00026607885298944855
x 223 -30.00381759810828 -13.454341817128356 -0.398515361982521
u 224 0.9944194821610174 0.0032861050986149045
x 224 -29.278773004582348 -13.707120772806723 -0.27240863283905536
u 225 0.9875109609745546 0.005611218263734977
x 225 -28.081059917934244 -14.023550797011561 -0.2441785079706511
u 226 0.9561456258407167 -0.012012408851237609
x 226 -27.279017365688976 -14.26649882087641 -0.3440732469215675
u 227 1.0469036098408941 0.003474888571878593
x 227 -26.40256442142045 -14.614627917993486 -0.412111182478458
u 228 0.9688013509073206 -0.006481130394970625
x 228 -25.310409286341972 -15.031091048622496 -0.31649276353097866
u 229 1.028865628806684 -0.00832570648369879
x 229 -24.307585334529993 -15.347216512520257 -0.29425689428231205
z 229 368 8.420319097288038 1.1495799884656055
u 230 0.958356642953864 -0.003407745209363826
x 230 -23.271632043770833 -15.709157954277773 -0.37798799336864075
z 230 368 8.077525938444117 1.2615576991437365
u 231 1.0471166533507017 -0.0031931847072389306
x 231 -22.470912563392666 -16.035627823903397 -0.39630069206262686
z 231 368 7.824349205589778 1.392643959299928
u 232 1.0162826229960915 -0.008150678985823423
x 232 -21.428706398925115 -16.377919089970884 -0.23836059817914768
z 232 368 7.713546488233544 1.5309229790665153
u 233 0.9823365140743401 0.0020903831786180417
x 233 -20.56473837520062 -16.72051951722395 -0.5166846257313709
z 233 368 7.735880898797888 1.6560536273736206
u 234 0.9775459586668604 0.012438913318369653
x 234 -19.69953662862757 -17.26086583349677 -0.5998410160160339
z 234 368 7.873600308082395 1.7676993856676635
u 235 1.0325386669421606 -0.002781265244503219
x 235 -18.8323062667805 -17.762030928845892 -0.44816826148823896
z 235 368 8.140196755307052 1.8951622097064025
u 236 0.9777177536714129 0.008606786620775166
x 236 -17.95041543491818 -18.235929765411477 -0.5380163228155044
z 236 368 8.498635896106203 1.995974949700642
u 237 0.9649935093180673 -0.01818379971274974
x 237 -17.048286180716058 -18.82315042360037 -0.6160374803510251
u 238 1.0074868950982252 -2.769512870663307e-05
x 238 -16.23163953517225 -19.36671309988428 -0.5584946062039191
u 239 0.9759128941058696 0.0011048171273554113
x 239 -15.006904590381408 -20.196151260460454 -0.6320777541384448
u 240 0.9999696497133518 0.002923129856080184
x 240 -14.170721720098689 -20.883490061678163 -0.7439419516880785
u 241 1.055415898666313 0.003501210743566052
x 241 -13.290085386586112 -21.754286128728573 -0.8156176720289086
u 242 0.9344402518937772 -0.003605663957018624
x 242 -12.703563494891137 -22.30546718073604 -0.6930719698706223
u 243 1.0448114545257503 -0.00893539656429289
x 243 -12.26903787752084 -22.645354108575024 -0.6345161652794475
u 244 0.9989486796766038 -3.2104006956949675e-05
x 244 -11.382032003989622 -23.23253095313878 -0.5349805875855376
u 245 1.001332167042958 0.002275414574709969
x 245 -10.662594414415008 -23.657777115664512 -0.5326911743369758
u 246 0.9612597740916607 -0.009014390212806467
x 246 -9.77978705450625 -24.25077319082719 -0.6502895187862405
u 247 1.0166106791144454 -0.014506383767523497
x 247 -9.09779282097387 -24.79339229229179 -0.6938589613648802
u 248 0.9768837673734052 0.009646457120783887
x 248 -8.52287516851441 -25.25527741027891 -0.6597545199827777
u 249 1.023308913182832 -0.006973021692217737
x 249 -7.460018875260299 -26.086946025323865 -0.6681837995137507
u 250 0.977665959014339 0.004013013026853336
x 250 -6.577644404142935 -26.80859592835811 -0.7028775538909118
u 251 1.0168115501591566 0.010319385747417205
x 251 -5.7542440624594775 -27.552728272021675 -0.7668675673621976
u 252 0.9914266177231218 -0.005579033814616436
x 252 -4.889108520902898 -28.40071851485103 -0.7839130355778239
u 253 1.051757543651921 -0.006187971520106682
x 253 -4.1704172533041595 -29.18371038537865 -0.872469053964037
u 254 0.9685785681964008 -0.004950078912132606
x 254 -3.725144398452266 -29.693184566376612 -0.8326137736806904
u 255 0.989544731098729 -0.002728142143385966
x 255 -3.234444785156836 -30.275212411035376 -0.9080458854883195
u 256 1.0299954339318729 0.006496859550346829
x 256 -2.485526919608952 -31.323235783227574 -0.9926311822369835
z 256 328 8.136673168811019 0.2655606583965442
u 257 0.9110495884807331 -0.0015162296627705108
x 257 -1.9738481128932115 -32.36925893585348 -1.2390758997086986
z 257 328 7.261701115492169 0.3001015489604253
u 258 0.979430968981918 -0.0021815135884602405
x 258 -1.64321254980586 -33.25522165153894 -1.1881447826912106
z 258 328 6.333029759398954 0.3481787940704564
u 259 0.9834649085019773 -0.00836859462694138
x 259 -1.210170460896253 -34.13323869983797 -1.0370547424340257
z 259 328 5.420628210919811 0.41920273106995865
z 259 690 8.262229245095014 -0.13251647939512612
u 260 0.9674277869029431 0.0026736505344971263
x 260 -0.7038756099925165 -35.15906611885243 -1.1875928568722836
z 260 328 4.553397203349426 0.5028559834002388
z 260 690 7.304596429384918 -0.15286581616859918
u 261 0.964254060103096 0.01026365244826975
x 261 -0.19440929570845533 -36.228321746035775 -1.0647086330090536
z 261 328 3.7346208294716154 0.6161745853667027
z 261 690 6.3541684860149665 -0.18700836862639836
u 262 1.010894613533171 -0.009581338316711749
x 262 0.46069719491615435 -37.32885891281548 -1.003029198582455
z 262 328 2.9712404994796158 0.8250219800946152
z 262 690 5.363143159335358 -0.21158986280771153
u 263 1.0289428406453391 0.009671961800767102
x 263 1.133692876130802 -38.331544755204604 -0.9563041543859261
z 263 328 2.390901447145029 1.1354986172956298
z 263 690 4.363805672530952 -0.27191693968994635
u 264 0.9951235225824097 -0.0037706706355494445
x 264 1.6714543631473366 -39.15739459622167 -1.0309061125060022
z 264 328 2.169852376237575 1.5685411897208912
z 264 690 3.415076581302948 -0.34595680552676145
u 265 1.0405221951429142 -0.003857362521178853
x 265 2.2559557118109073 -40.0831126332942 -0.9843052771414298
z 265 328 2.406131812931806 2.019602075844295
z 265 690 2.460680993532574 -0.48521019609345517
u 266 1.0011837909026156 -0.0018407129246759673
x 266 2.694218152535789 -40.74472788626809 -0.9871836482804728
z 266 690 1.642172463338746 -0.7711766288783131
u 267 0.9638930109642317 0.004687289467689105
x 267 3.0705437075527113 -41.36898224881712 -1.069398637079984
z 267 532 7.584882263962885 0.0068310860604170465
z 267 690 1.1665597807406711 -1.3912570142583858
u 268 1.077951979382903 -0.0031847127710492853
x 268 3.5794348062350796 -42.428267968153364 -1.1764882655165043
z 268 532 6.506975317761416 0.011411218015636049
z 268 690 1.4386743194011362 -2.216707428552283
u 269 1.0285048508391432 0.013787621477579205
x 269 4.092519325436535 -43.39027377341869 -0.9851658511604655
z 269 532 5.478491077796465 -0.001528337236234023
u 270 1.0419286839544226 -0.0046298841875212155
x 270 4.51931884752745 -44.18647166582696 -1.1722914200106642
z 270 532 4.436563722497954 0.003286281219379461
u 271 0.9523618074529263 0.010169564910746222
x 271 4.82399218339244 -45.05005658055213 -1.290965902386099
z 271 532 3.48420798018328 -0.0073748776669066984
u 272 0.9760592522446331 0.0001296693744482257
x 272 5.202828448467249 -46.15914153967021 -1.1923265807912167
z 272 532 2.508186252180835 -0.010399684203741266
z 272 611 7.825747075540972 -0.5936756113040822
u 273 1.0426575465961014 -0.00035625318713823563
x 273 5.6848984717361555 -47.286282603452214 -1.1409676931406594
z 273 532 1.4656219277964302 -0.017315082907570556
z 273 611 6.985774509541721 -0.6768891802669277
z 273 818 7.796734556583732 0.20719033919947272
u 274 1.0014955893811937 -0.019311026804443243
x 274 6.175560738854502 -48.4392491323661 -1.19592664281264
z 274 532 0.4642346567352246 -0.014528414782872368
z 274 611 6.229976101097274 -0.7572186362964137
z 274 818 6.822111788729311 0.25809051213261647
u 275 0.9495867239770253 0.010119796219122004
x 275 6.446284532104183 -49.118289931627295 -1.186920477955452
z 275 532 0.4855222317871695 -3.12792318518912
z 275 611 5.581829674178441 -0.8850905599850991
z 275 772 7.58196390454087 0.1953520727964717
z 275 818 5.907550328639319 0.288221237797027
u 276 0.9383866868332102 0.01206602602981316
x 276 7.017162768840661 -50.104840702192575 -0.9055099762644305
z 276 532 1.423893896629903 3.1381635122711637
z 276 611 5.045092562375278 -1.0423318294839667
z 276 772 6.662690047398144 0.2097940722118894
z 276 818 5.013098339535135 0.32830223379988066
u 277 1.0158423199405975 -0.0008515021176056444
x 277 7.522278285447832 -50.781952667175304 -0.9542292920171165
z 277 611 4.6165979688144665 -1.2326185710478166
z 277 772 5.673173222188199 0.2480197433493645
z 277 818 4.06490174295856 0.40992093591287837
u 278 1.0077261067517225 -0.004851362895092133
x 278 7.918723881893254 -51.28553489619755 -0.8535260562758324
z 278 611 4.384091186215721 -1.4461538255410673
z 278 772 4.703522344984856 0.30599460850502824
z 278 818 3.167492599133942 0.5426206062508943
u 279 1.0327125278226938 -0.008023025982870132
x 279 8.714267567553383 -52.19672986149995 -0.8525865432995605
z 279 611 4.373213410534065 -1.674518950814561
z 279 772 3.7333564645833426 0.39850411757230475
z 279 818 2.3474724925114443 0.7813634268398228
u 280 1.0104920241622286 -0.0038239374150598844
x 280 9.337703454554907 -52.96156619094156 -0.9212167910040376
z 280 611 4.587412838678717 -1.8916219850690026
z 280 772 2.830338485227077 0.5419487339990976
z 280 818 1.7804351415160264 1.1972146806823076
u 281 0.9880170380829263 -0.005892888293188745
x 281 10.089070838820602 -53.67727648273488 -0.6009794182124049
z 281 611 4.9853567136217 -2.0751137843133183
z 281 772 2.0503900025538475 0.8002796523157163
z 281 818 1.6946407005741277 1.777631080526552
u 282 1.0347950239009611 0.010146976959809949
x 282 11.113518278301319 -54.396708501214796 -0.6235075019438474
z 282 772 1.5178580081680446 1.2985216979358096
z 282 818 2.15532455207253 2.257194113694829
u 283 1.0221971506404968 -6.399457260773889e-05
x 283 12.01726249372456 -55.08610320171798 -0.679804346386284
z 283 772 1.5856798715929932 1.96847703808473
u 284 0.9786089604380622 0.007997744638477175
x 284 12.604367793265434 -55.56775097097389 -0.6942818918200304
z 284 772 2.159289520462146 2.392314841346331
u 285 0.9681527699141053 0.008379544763861378
x 285 13.370882518349017 -56.24966200368958 -0.7598254422985011
u 286 1.11108722536025 -1.5707963267948966
x 286 13.289573783174879 -57.23533735097583 -2.5463752813850125
u 287 1.0174590464950457 -0.002254671243254968
x 287 12.29191601992925 -57.92961840370004 -2.5208571822375307
u 288 0.9630338821336393 -0.003375130406713308
x 288 11.330315103823 -58.68395036732722 -2.431948706501016
z 288 616 8.25167687474714 -0.26350495571056953
u 289 1.05158250733425 0.00142572666607062
x 289 10.623576672065546 -59.36671722492114 -2.314940605151044
z 289 616 7.241796530624116 -0.30286203635932285
z 289 764 8.061345977214627 1.1685500881093347
u 290 1.0134256619195126 0.012725775466391826
x 290 10.152271315677728 -59.83679295607035 -2.4000607594329533
z 290 200 8.007977120784421 0.4989522703681022
z 290 616 6.284016854967279 -0.36468506624319597
z 290 764 7.714938202816591 1.2766620357623335
u 291 0.9473569321456682 -0.004056672404078865
x 291 9.485587764534522 -60.39115926714954 -2.495780292483799
z 291 200 7.191447928631158 0.5663210821117266
z 291 616 5.408730625280731 -0.42280568270462915
z 291 764 7.49722172797205 1.4020242635457416
u 292 1.0290628282571956 -0.008911795786393346
x 292 8.770322933432189 -60.92245687232581 -2.5096526947720545
z 292 200 6.349900965547011 0.6629034256002466
z 292 616 4.487930549065733 -0.5071808828542452
z 292 764 7.398869100536637 1.5485802292590343
u 293 0.9238372036148006 0.0096739770052031
x 293 7.835102452921907 -61.594480431859544 -2.527368272732391
z 293 200 5.647320818405208 0.7534455713104378
z 293 616 3.71028280779903 -0.6391503334320467
z 293 764 7.431483323614523 1.663496329546608
u 294 1.0002418214934832 -0.0021964260325938213
x 294 7.1041571728368655 -62.17819485884816 -2.4080744975038852
z 294 200 4.966047826859944 0.8940446172810415
z 294 616 2.9672574234808162 -0.8391113811152056
z 294 764 7.590773374657198 1.7972634992736705
z 294 830 8.129436247002923 1.1500733039979387
u 295 0.9994231718897466 -0.010684439150892972
x 295 6.1624509722310385 -63.001721814236845 -2.438011446047462
z 295 200 4.414227296949084 1.082936318911381
z 295 616 2.411897135860763 -1.1402861264784168
z 295 764 7.880637088264208 1.9316908606394092
z 295 830 7.780058328847193 1.2785652394170164
u 296 0.9553923129777993 0.011128431700723557
x 296 5.399683981005856 -63.78895199407471 -2.2428146926020363
z 296 200 4.05008261224033 1.2810872579690038
z 296 616 2.1977309447841007 -1.5586280352189283
z 296 764 8.261714580119058 2.02919241469076
z 296 778 8.129508807073206 -1.122028325977504
z 296 830 7.55514453501332 1.3886225838502977
u 297 1.0134280674855178 -0.009095200551221448
x 297 4.550717107806072 -64.6596938879521 -2.444251561636618
z 297 200 3.888564172467404 1.5429577029899235
z 297 616 2.4047024176924463 -1.9844944907432391
z 297 778 7.739492011088212 -1.2309235641900362
z 297 830 7.4432187456655 1.5321340007714515
u 298 1.0128408780568212 -0.012342459609600877
x 298 3.873128166866676 -65.1600979147752 -2.5667241888538355
z 298 200 3.997012066614052 1.8114298624578025
z 298 778 7.457079967970281 -1.346701923679875
z 298 830 7.479140372331422 1.680242927046625
u 299 1.0234496903621322 -0.009850621293012823
x 299 2.7375583667285 -65.81798229840071 -2.6662770911388405
z 299 200 4.360326094533339 2.050971344483372
z 299 561 7.870637148405977 0.2664513795299257
z 299 778 7.293164107590089 -1.4739456887606133
z 299 830 7.6636861040459925 1.8231582015936558
u 300 1.0278619021833353 0.005093026822060687
x 300 1.9220460314116727 -66.29050935608257 -2.566603525876179
z 300 286 8.230800788235998 0.3612088436347931
z 300 561 6.8835858785988915 0.30031880180877124
z 300 778 7.268766084104695 -1.6202874832995555
z 300 830 7.980192112593574 1.943194717355344
u 301 0.9947548887028805 0.007137989609189498
x 301 1.3777321848035653 -66.61847389294522 -2.6320287310635204
z 301 286 7.307292432013807 0.40174370566882356
z 301 561 5.939438882196504 0.34217460990141646
z 301 778 7.388602683513568 -1.7622777520182658
z 301 830 8.390286320695987 2.0468702699890304
u 302 0.9593251517561318 -0.004082671612967137
x 302 0.7219827375031984 -67.03197724989481 -2.5259509957688
z 302 286 6.436162655796974 0.46442279840107625
z 302 561 5.046781878592176 0.4104476596404809
z 302 778 7.627663293177183 -1.8820304309269194
u 303 0.9529137878655327 0.009337226698404278
x 303 -0.26248532115347756 -67.77779239435867 -2.460562576931299
z 303 286 5.598192186755204 0.5306878168377178
z 303 561 4.188177843503837 0.4910431601722367
z 303 778 7.9753087556869655 -2.005183351751301
u 304 0.9773205671778896 0.0049612546936477755
x 304 -1.0084686616761984 -68.40038435347913 -2.43166109282415
z 304 286 4.779517517820622 0.6289652496119604
z 304 416 7.99650018278906 -0.785772863037475
z 304 561 3.356687010677961 0.6231669896091643
z 304 778 8.435425223244511 -2.115316030370731
u 305 1.043651629502356 -0.005182172250648322
x 305 -1.678710472094864 -69.05914633602103 -2.298003297056039
z 305 286 3.985101410993851 0.7893893564073093
z 305 416 7.294155211301608 -0.8817115530102253
z 305 561 2.5841281694075344 0.867163871509538
u 306 0.9392317294667631 0.0009583905171277102
x 306 -2.5714400924128955 -69.9501063119937 -2.416369934140482
z 306 109 8.397516955274751 1.045356062015414
z 306 286 3.389469683327961 0.9863487961657027
z 306 416 6.736459975130283 -0.99053369239898
z 306 561 2.1017803431114315 1.2137623527441832
u 307 1.002526121740506 0.0029356588359657123
x 307 -3.520857725212082 -70.92907304355217 -2.2653749621033663
z 307 109 7.940806801155415 1.1517642489699593
z 307 286 2.955604326866483 1.2699367492515767
z 307 416 6.244713050797198 -1.1282688040633362
z 307 561 1.9859261912081503 1.7032025541105984
u 308 0.9503986077603974 -0.012240669580197127
x 308 -4.244965526523936 -71.64789019407107 -2.454347216140487
z 308 109 7.609392915163413 1.2786564078810025
z 308 286 2.8296426083269495 1.609371031468795
z 308 416 5.895011822563669 -1.2618085337514136
z 308 561 2.3169788553812243 2.133797051995125
u 309 0.9991958741723098 0.013257250549727824
x 309 -5.117834992825374 -72.32208527749731 -2.513484112969845
z 309 109 7.377351970311926 1.3952033308828602
z 309 286 3.030819956870696 1.931895967537904
z 309 416 5.67817207283966 -1.443853600317788
u 310 1.0055050910260328 -0.003333139661749259
x 310 -6.04706737600886 -73.08673918488513 -2.3926174089683276
z 310 109 7.271106682645291 1.535162471589242
z 310 416 5.638098228400895 -1.6183240485302257
u 311 0.954638591913797 -0.010834714998708308
x 311 -6.900579555747033 -73.80272950758985 -2.494567760863025
z 311 109 7.304854681243056 1.6769967493383895
z 311 416 5.757833489717942 -1.7739068566109275
u 312 1.0159990841167275 -0.01154867562524278
x 312 -7.85706102458892 -74.43568576207693 -2.6194287373890592
z 312 109 7.486772076897028 1.8238128192298424
z 312 416 6.039762897927855 -1.928068262368496
u 313 0.9947504011451428 0.0020166342084086963
x 313 -8.778042191064579 -74.87377585490432 -2.7757544978191757
z 313 12 7.935491924338268 0.03121066630698266
z 313 109 7.794570208832961 1.9457028360979294
z 313 416 6.456150862372814 -2.07488452436855
u 314 0.9760426043281807 0.001905950186419171
x 314 -9.623474068771667 -75.29125878517338 -2.5900636845636447
z 314 12 6.959958869252541 0.033547323621391456
z 314 109 8.201600071803055 2.054806609464581
u 315 1.0119109678514042 -0.0031699216697950927
x 315 -10.206169136475205 -75.78411738178299 -2.28899001520854
z 315 12 5.948778935301832 0.04269219042879602
z 315 527 8.38338550598693 -0.9537849611033753
z 315 856 7.711824425642933 0.24312630314687755
u 316 0.9924586812036371 -0.010137927083690271
x 316 -10.74477707630739 -76.46192845387556 -2.1955166267100683
z 316 12 4.9576826807859895 0.06238770201045174
z 316 527 7.84661654184235 -1.0466166284551415
z 316 856 6.754183039098545 0.2893684186383614
u 317 1.124834409436576 1.5707963267948966
x 317 -10.554439254482716 -77.18079630073873 -0.42840613365983415
z 317 12 4.251471410988307 -1.6666733001023293
z 317 527 8.166968008263195 -2.7374950891182968
z 317 856 5.883304985259922 -1.36344404620711
u 318 1.0533771354811208 -0.004710168794455487
x 318 -9.837703938662544 -77.61907662558691 -0.669252120943483
z 318 12 4.47448841298562 -1.8985536165889758
z 318 856 5.756964087178951 -1.5386688774136956
u 319 0.9837381562390569 0.007705429261847964
x 319 -9.068453663891187 -78.26469418766749 -0.7272247688988354
z 319 12 4.8841454874062835 -2.0978703245682935
z 319 109 7.983622031769276 0.9783690870670672
z 319 856 5.812930050078559 -1.7163563910752495
u 320 1.0142348058682915 -0.004057411368971759
x 320 -8.510275439590336 -78.82260804668795 -0.8430978240896798
z 320 12 5.463480653706275 -2.255145369937447
z 320 539 8.323392646307042 -0.8962814916440758
z 320 856 6.041973946070246 -1.8792114746083965
u 321 0.9777156459243745 -0.0023153796297661964
x 321 -7.769466899671031 -79.56065880556413 -0.7239689013176456
z 321 12 6.127781770569391 -2.376892447846421
z 321 539 7.749550559314283 -0.9925699992657373
z 321 856 6.405830950123382 -2.0228950679080633
u 322 0.9998620496343448 0.0014800915057691273
x 322 -7.067293437112536 -80.31016481399237 -0.9120150709182169
z 322 12 6.884619076996174 -2.479011365479688
z 322 539 7.252252277728907 -1.1098204923485748
z 322 856 6.9020995406138725 -2.155008865763572
u 323 1.0217250729670027 0.0010987290707083718
x 323 -6.409609950042997 -81.16961272566651 -0.9232110683225399
z 323 57 8.110348092523012 1.0834104729642284
z 323 539 6.859612411168405 -1.244755357625054
z 323 856 7.5145440999480995 -2.2697265433732374
u 324 0.9922712878954035 -0.016208807946030114
x 324 -6.05790854335094 -81.94895935598282 -1.370550418888135
z 324 57 7.703257735788785 1.2141665785404765
z 324 539 6.60108347359512 -1.3710320620834207
z 324 856 8.182602324730935 -2.34711544041918
u 325 0.9742054010314699 -0.004214433376687864
x 325 -5.871861643467448 -82.65710380662337 -1.2572055330993743
z 325 57 7.421519807371704 1.3417984096048237
z 325 539 6.476463833985485 -1.5147240101609951
u 326 0.9634988259312215 0.0026373023441532304
x 326 -5.555916871341938 -83.49461633664279 -1.1629177736302498
z 326 57 7.262404206993543 1.4686891163706886
z 326 539 6.495376965805632 -1.6660220249799682
u 327 0.9797648522326254 -0.005970820039792809
x 327 -4.979789476430085 -84.61560550683615 -1.02919146900638
z 327 57 7.231470798067576 1.6098927556808
z 327 539 6.6574932284937525 -1.8071222088962227
u 328 1.0112717907513475 0.002778997795527908
x 328 -4.456158036079614 -85.49687474115503 -1.0401448548514667
z 328 57 7.339496526054608 1.7452394637438404
z 328 539 6.9653196932964425 -1.951477476399629
u 329 0.974187372691083 -0.0044047992833243605
x 329 -3.9755570270448866 -86.34050732427279 -1.0657931493572619
z 329 57 7.571669382812955 1.8766453056534518
z 329 539 7.381010578220428 -2.0700268669083406
u 330 1.0031381827148842 0.006092123210539547
x 330 -3.4819138454079375 -87.30283478691732 -1.12786331197964
z 330 57 7.928828358758052 1.991610288241933
u 331 0.9161105295213138 0.010387563377981269
x 331 -2.9729995612652855 -88.18346015721656 -0.9657058877585776
z 331 57 8.340927719222 2.081874778252363
u 332 0.9767678494336822 -0.01136507442601534
x 332 -2.455189456257834 -88.86393908492876 -0.8749426806377665
u 333 0.9868978575667371 0.021209329295699995
x 333 -1.8093743634171093 -89.65155262887798 -0.8930572084820216
u 334 0.9582112361164082 -0.005372487996963506
x 334 -1.2184116572794572 -90.41516508835642 -0.9312855506895836
u 335 0.9996813692984039 -0.004899721916678084
x 335 -0.7950719421711767 -91.16460209322746 -1.1819205273626072
u 336 0.9724130665005541 -0.00253566799681374
x 336 -0.5289538428196343 -91.72315801739737 -1.070427775775034
u 337 1.0203009576874502 -0.005811147280177675
x 337 -0.0948447628569114 -92.23726852486487 -0.6687101670322897
u 338 1.0123915747162995 -0.003721226186901377
x 338 0.44826913505279725 -92.71552819134288 -0.7752622777189275
u 339 0.9744085567252099 -0.010423388412144406
x 339 0.9453626083558395 -93.35644655858178 -1.0469662294712112
z 339 796 7.745503368405218 -0.2674235947150114
u 340 0.9672612201989035 0.009110554986063026
x 340 1.465277913980858 -94.24621002808681 -1.0369912243430415
z 340 796 6.818753454861541 -0.3146503892108399
u 341 0.9920043173090363 -0.008290815513790146
x 341 1.8014868049536779 -94.80075694094396 -1.014557493067438
z 341 796 5.882004430767896 -0.3579117173292925
u 342 1.0222403318503557 -0.011542689488614498
x 342 2.3683021979138474 -95.66457800829913 -0.9656311810707443
z 342 796 4.935108123245534 -0.4178724559479523
u 343 1.035529367207456 -0.009564821121443051
x 343 2.9050844144289645 -96.46860087001033 -0.9986360313219569
z 343 641 7.819701186916506 -0.23404187558017941
z 343 796 4.008300848436181 -0.5122049197701606
u 344 0.9882942342513951 -0.006578736752551691
x 344 3.2554226634798695 -96.96470910604398 -0.9132427739668065
z 344 641 6.861327958342199 -0.26041206932925576
z 344 796 3.1818977855331845 -0.6575428804737395
u 345 0.9572529847029507 0.008041210543454346
x 345 3.941835829456516 -97.82416017360897 -0.8804975604365479
z 345 641 5.9426195798947115 -0.3105664526953875
z 345 796 2.4968410741805522 -0.9033508494728126
u 346 1.0211725335521469 -0.006227072624039932
x 346 4.543897271054707 -98.58133958383414 -0.9175576563040582
z 346 641 4.978934133966624 -0.3664486052493565
z 346 796 2.0268482280682796 -1.3028995984942962
u 347 0.9997048827548343 0.0035897068289229704
x 347 5.169826397088868 -99.29217593092666 -0.7801020809714458
z 347 61 8.066946188923987 0.8273819477932132
z 347 641 4.062220683098032 -0.45874426671713664
z 347 796 2.0104295353173094 -1.806867288185531
u 348 1.0251997428317539 -0.00497159484845746
x 348 6.0295539988048095 -100.07612793975849 -0.698557094171472
z 348 61 7.413655873774671 0.93456403886616
z 348 223 7.694281883055383 0.4817749598976562
z 348 641 3.1741953028173597 -0.5965594979719162
z 348 796 2.459066279552322 -2.2195129983397104
u 349 1.0363188306473938 0.007353469605430391
x 349 6.809336764194999 -100.73842653567716 -0.7096613306372217
z 349 61 6.845508616128857 1.0489455858803884
z 349 223 6.790925074549152 0.5446907092554669
z 349 632 7.830063673446749 0.8495944154467518
z 349 641 2.3917588368108698 -0.8511607390620943
z 349 704 8.21113137989527 -1.272286967388071
u 350 1.0483736048311574 -0.001753737661244911
x 350 7.628975108418213 -101.35255942966599 -0.5764100223308688
z 350 61 6.388746246629371 1.1935112418197882
z 350 223 5.919789822298653 0.638470199379439
z 350 632 7.181881227254436 0.9612828349028684
z 350 641 1.873741934538705 -1.2833506033901785
z 350 704 7.9651735251971205 -1.3966320636364193
u 351 1.0907676917203566 1.5707963267948966
x 351 8.326219331571746 -101.26983305750603 0.8126010977532818
z 351 61 5.501187435154987 -0.30637760477485765
z 351 223 4.950422948308437 -0.9613721657181289
z 351 632 6.217371061572482 -0.5818719412253404
z 351 641 2.4966079796506424 3.0761807067489118
u 352 1.0559298648248092 -0.000653594204424833
x 352 9.170777652022359 -100.23561264948812 0.9594128859719282
z 352 61 4.505572222572129 -0.37639465583750553
z 352 223 4.431107091983406 -1.1573385581820774
z 352 632 5.366459493983548 -0.6895158666050247
z 352 641 3.5509662934746458 3.0961758316504078
u 353 1.0061879185658655 -0.014405091969469914
x 353 9.617621808448533 -99.4960839583123 1.0951342913014361
z 353 61 3.58562149716864 -0.4634267521116282
z 353 223 4.123801780898695 -1.3675388404804403
z 353 632 4.629235434391809 -0.8126043637506193
u 354 0.9727221793548098 -0.00015727740643858498
x 354 9.978441738393098 -98.67732993070291 1.2162821596514348
z 354 61 2.75004461296415 -0.6220252961050043
z 354 223 4.0412693038325385 -1.605359907636247
z 354 632 4.022802035904722 -0.9889163081178403
z 354 767 8.391920984170245 -0.42846038151937105
u 355 1.0509831040973165 0.015387952966470634
x 355 10.261890393063446 -97.74113395002404 1.3373248772296424
z 355 61 1.998893596714167 -0.95222725224105
z 355 223 4.218441945157202 -1.8723079479974691
z 355 632 3.5629689434475456 -1.2545767155062553
z 355 767 7.452574424248708 -0.5034591204541008
u 356 1.0604804015018543 0.013213622603484756
x 356 10.351223452682936 -96.93573000275563 1.5833366582687871
z 356 61 1.6384953463171053 -1.523766557498697
z 356 223 4.651150757332305 -2.1045328758742703
z 356 632 3.3936485615843073 -1.5699986921540088
z 356 767 6.547590225571768 -0.5958317559017994
u 357 0.962925081411763 0.008193665847704696
x 357 10.447237096715988 -95.84067088498577 1.3833453754489708
z 357 223 5.210478401566961 -2.2721148819035237
z 357 632 3.5306702506398624 -1.8544210727306265
z 357 767 5.778448051395048 -0.6982471488247963
u 358 0.9901388689688813 0.020755127564105844
x 358 10.560511879536813 -94.86084760697068 1.5280544416056232
z 358 632 3.933449967571404 -2.118487228958723
z 358 767 5.067822441577461 -0.8464949093293272
u 359 0.973038271940051 0.0025674621310572184
x 359 10.612416705308064 -93.7869258660748 1.5169493004530779
z 359 767 4.483769389459856 -1.0125084863676497
u 360 0.9951402963801507 0.00033866151385061676
x 360 10.717073503041094 -92.67245034302788 1.437378985071943
z 360 767 4.045793159483441 -1.2230354635357088
u 361 0.992473680778828 -0.00857984421326222
x 361 10.855195887707374 -91.6936875402938 1.4238264305530173
z 361 767 3.818936899194115 -1.4608844345143448
u 362 0.9603506429882029 -0.005570300273674177
x 362 10.914674266009422 -91.09160326405045 1.5208302680968986
z 362 767 3.831665798553972 -1.7070082290928281
u 363 0.9717404581430489 -0.012823235188981316
x 363 11.00375695093687 -90.12118904039332 1.4376782806537882
z 363 767 4.07305826422892 -1.9330180894970228
z 363 809 8.400320263539202 -0.21562978559089618
u 364 0.9947355561921638 0.0035648121579399316
x 364 11.254043623658339 -89.01627765429154 1.2583892219907193
z 364 809 7.432100349197631 -0.24806902024679145
u 365 1.0067192134750913 0.0001827653772783944
x 365 11.580933824701829 -88.19512935666732 1.1254874719288885
z 365 809 6.460954549204191 -0.28653280363191014
u 366 0.9743898823834108 0.007671725031928495
x 366 11.944131490910147 -87.38282427056622 1.175192886359449
z 366 809 5.534392050301724 -0.3446329674732511
u 367 0.989226328898401 0.004875818268079738
x 367 12.34931095425458 -86.42047746168274 1.169388757445292
z 367 809 4.616430081329689 -0.4224609367153396
u 368 1.0216272281128096 0.013747882421667083
x 368 12.810512282658756 -85.65150570150318 0.8917124694680769
z 368 809 3.7119711099379455 -0.5510268738873969
u 369 0.9862811284838915 0.0057159312320787985
x 369 13.254721776639258 -85.0840920119255 0.9214674267148046
z 369 809 2.9196123066519117 -0.735378798466964
u 370 1.0089693815771166 -0.0036812050020840685
x 370 13.656478409143642 -84.54256899876262 0.9435296944265366
z 370 809 2.2728433020959473 -1.033464526174206
u 371 0.991533012602645 0.006430943946457559
x 371 14.250322728920377 -83.53532331907091 1.1326291330932143
z 371 809 1.9632695991241493 -1.4895985434789218
u 372 1.0006284445432956 -0.0036137684920947086
x 372 14.73735688698832 -82.49383202469305 1.1341251721516468
z 372 809 2.1283637720936244 -1.9736005376719532
u 373 0.9894605499468395 0.0032806367772712118
x 373 15.410059927461134 -81.32579479267446 0.9624076135616875
u 374 1.0128367364413497 -0.011418394454815703
x 374 15.78556069610131 -80.74487251768568 1.0315223836614962
u 375 0.9275902498290086 -0.0008327816147296126
x 375 16.394831889089588 -79.69480375610077 1.0585730495394152
u 376 1.0240365309516664 -0.01150923959024758
x 376 16.93576009220468 -78.7702939805023 1.0242404399317335
u 377 1.025636397762996 0.004676013662218009
x 377 17.37786196299782 -77.97545396297696 1.102147790499389
u 378 1.020270392529413 0.007536946786979131
x 378 17.886488686445485 -76.94482786799053 1.1225567715286253
u 379 1.0402844465939372 -0.01649265336446812
x 379 18.36651068364105 -75.8845104928069 1.168816375867726
u 380 1.0058918276063986 0.007535232797760921
x 380 18.74975391399202 -75.04119490889644 1.1196825370464811
u 381 1.0256225831624581 -0.018390140787082784
x 381 19.34064089392575 -73.87049941148285 1.0870587187811207
u 382 0.9891794486734578 0.0022513096862343575
x 382 19.956492785452355 -72.83245637072427 0.9836041455551952
u 383 0.965409941003667 -0.0039448656301662565
x 383 20.479042296343376 -72.12063565543994 0.8914905802728548
u 384 0.9960759898594618 0.0074675854984774
x 384 21.05333449436024 -71.5158848436135 0.7309609289614594
z 384 554 7.5197804956695125 0.14626773407897797
u 385 1.0116243156489215 -0.0041633129962194435
x 385 21.545068894918263 -70.95587296438563 0.969489870964745
z 385 554 6.520982675687547 0.17336271270764003
u 386 1.040437288221324 0.011175189504195458
x 386 22.23287441774153 -70.06696081854909 0.8550317596829977
z 386 554 5.497905678774954 0.19379405595839838
u 387 1.0124160796249324 -0.011321299936190134
x 387 22.982351108155267 -69.17024425252276 0.8941751030556109
z 387 325 8.204858964048391 -0.5567035966600891
z 387 381 8.111219263967206 -0.8657854714493314
z 387 554 4.510029428700811 0.24960731826421556
u 388 0.968555295198958 -0.0067869484007077995
x 388 23.83177724349435 -68.25359300759123 0.7527137785348126
z 388 325 7.398352506641985 -0.6187675590298936
z 388 381 7.517126664238512 -0.9570012855890662
z 388 554 3.580526509490273 0.32415653014638934
u 389 1.0070566046129323 0.01393853916496762
x 389 24.75723127024825 -67.35145603909484 0.7925672187452126
z 389 325 6.608481913733897 -0.7220774260382035
z 389 381 6.9919549704502675 -1.089532498139783
z 389 554 2.6424469445143823 0.42936442073761505
u 390 1.0155519366401604 0.00016766985697619705
x 390 25.397359147679385 -66.73257537417956 0.7444800189107332
z 390 325 5.884845675631664 -0.8365645482668458
z 390 381 6.5837691379135945 -1.226865443325583
z 390 554 1.7702450445797473 0.6703006191416838
u 391 0.9955353932175474 -0.0027713648739332913
x 391 25.9427904283 -66.1723810663273 0.8530200131839405
z 391 63 8.418772558240727 0.29244953293286713
z 391 325 5.268754045881548 -0.9743467258048657
z 391 381 6.316634127644457 -1.3729447454241803
z 391 554 1.1686874265921947 1.2317976479698185
z 391 803 8.28376582350244 0.0813264849798645
u 392 1.121943790978015 -1.5707963267948966
x 392 26.67798162612886 -65.96491842069331 -0.3029457631803072
z 392 63 7.990467793140045 1.9748403554118434
z 392 325 4.280833612728562 0.5521156441807609
z 392 381 5.504473134505086 0.09595411662143505
z 392 554 1.8453807642548097 -2.9642164816332595
z 392 803 7.6686452215092675 1.7526899566302276
u 393 1.0128584175142108 -0.00542623503059812
x 393 27.812139923732534 -66.32756082831646 -0.3159990049430137
z 393 63 8.442590460851829 2.0906721895944145
z 393 325 3.461287751415552 0.712312904811661
z 393 381 4.497648959748055 0.12356570478292506
z 393 554 2.8476426402478223 -3.0225423872404362
z 393 803 7.917418066460276 1.8842040495094512
u 394 0.9919682065538231 0.015782626408687973
x 394 28.97041497545562 -66.65574319976675 -0.23620213089969733
z 394 325 2.7806487199854897 0.9296560901148112
z 394 381 3.5141855806019895 0.14036777504941433
z 394 803 8.27007123147953 1.983063420790991
u 395 1.001833453987969 0.003980864637628878
x 395 29.95712497236513 -66.91514699431647 -0.2779585933788682
z 395 184 8.43034469687976 -0.4333414436912366
z 395 325 2.3225919814407185 1.2780950341403807
z 395 381 2.5257123746803347 0.1911271088354196
u 396 1.0105612995152886 -0.0003527355107058887
x 396 30.841930545373305 -67.11547659089923 -0.1673552447847766
z 396 184 7.525081756628676 -0.4893872538415831
z 396 325 2.2498855472549253 1.7230294914761295
z 396 381 1.545576925205966 0.31612281310573564
u 397 1.0156018659677715 -0.003474647704477416
x 397 32.02553877711947 -67.37224317311588 -0.25989546991734036
z 397 184 6.644923282779643 -0.5575866845196615
u 398 1.0201587836315082 0.004430041011419695
x 398 33.137551012863916 -67.68287112778191 -0.28489511628543607
z 398 184 5.805810289228118 -0.6554595945409702
u 399 1.0051233185538229 0.010468454520065033
x 399 34.07027516294225 -67.97925220692856 -0.3304416506222112
z 399 184 5.050011799451537 -0.7883733038135765
u 400 1.005497830433205 0.00022325806819084717
x 400 34.7806031726603 -68.2183860049309 -0.3190282443706405
z 400 184 4.39940745641869 -0.951424589193814
u 401 0.9917000085410085 -0.005712321243960284
x 401 35.687175593742275 -68.5738674878882 -0.4283544311929397
z 401 184 3.905440051592912 -1.1535420903475218
z 401 311 8.446053926507535 -1.3446845775435297
u 402 1.0467113688431398 0.004428077268954911
x 402 36.70721715146396 -69.05973029668682 -0.4606897312955667
z 402 184 3.612671035163251 -1.4263139182834734
z 402 311 8.276814263065855 -1.4727336639474038
u 403 0.9510226942326477 0.004255939010560005
x 403 37.5158405372531 -69.41308918942413 -0.3632718686167933
z 403 184 3.6029088990113554 -1.6949276834031588
z 403 311 8.240274621927167 -1.592124563634992
u 404 0.9485279331506932 -0.00216001376486292
x 404 38.31219036296235 -69.75374250274245 -0.4451545160038566
z 404 184 3.836610804392228 -1.9406599996665048
z 404 311 8.313743721505631 -1.704281520097163
z 404 688 8.481395037013137 -0.7957654293485961
u 405 0.9856328850066972 0.0020639502313062608
x 405 39.266951389678304 -70.07807198573384 -0.209779291720273
z 405 688 7.824249947546244 -0.8880365733284021
u 406 0.9276717908848947 -0.0003194054382757625
x 406 40.198696937403604 -70.3550284109739 -0.36807487380604265
z 406 688 7.274514759804288 -0.9868035232897232
u 407 1.0505244819395434 -0.0004652898255035081
x 407 41.2155691612559 -70.82147135063661 -0.492061557944266
z 407 688 6.752196826680989 -1.1164829285756346
u 408 1.024424770389413 0.0037646769212076703
x 408 42.20017411254114 -71.31514509439944 -0.43746075276708485
z 408 688 6.371336512819491 -1.265365601960143
u 409 0.9253104075165859 -0.007205061949090264
x 409 42.91344558511166 -71.6875004960778 -0.5247848896767611
z 409 688 6.153378348785003 -1.4019055877564837
u 410 1.0317855889559175 0.005375829494791101
x 410 43.90195611973341 -72.28874970484227 -0.5681241177892424
z 410 352 8.206956507942039 0.24979721082470263
z 410 688 6.068600896801992 -1.5757545250772786
u 411 0.9627825583839968 0.0034069029766029997
x 411 44.64343289831311 -72.63547237704103 -0.30668049599111136
z 411 352 7.277493769423172 0.2788821300916542
z 411 688 6.150830042020778 -1.73633306357755
u 412 0.9343329027679239 0.0070577208710381825
x 412 45.47239084543621 -72.88454608097676 -0.2770880853299351
z 412 143 8.002337339941082 0.2044748487519028
z 412 352 6.383416490437648 0.3116305950979177
z 412 688 6.374923564918676 -1.8883719942845092
u 413 1.011024358646823 0.0010720179703095484
x 413 46.03820658633753 -73.08781875881351 -0.4127054143548232
z 413 143 7.0152539525587025 0.2325949204701061
z 413 352 5.429748916604379 0.3675857481154319
z 413 688 6.759704010407891 -2.031988521713747
u 414 0.991404389609903 0.0014629690009157928
x 414 46.94791784686224 -73.45935211337074 -0.36276172779111704
z 414 143 6.054667235080529 0.2687673910521342
z 414 352 4.518327096194828 0.4449054318189507
u 415 0.993350198994852 -0.0018553006578417581
x 415 47.43970238038826 -73.65371369441122 -0.38999080330222036
z 415 143 5.104091163727914 0.3224995999446243
z 415 352 3.647314943248044 0.564472792393865
u 416 0.9746109871118046 0.011188771088751178
x 416 48.299990896965724 -74.15892319903608 -0.672001460427452
z 416 143 4.18904079927748 0.3838765091009737
z 416 352 2.867937358709937 0.7344626035579642
u 417 1.0368730819087637 -0.0021227950818537853
x 417 49.1566866714794 -74.67587215241265 -0.41386208388328427
z 417 143 3.251440052056928 0.5060334889588489
z 417 352 2.211405965328293 1.0566245717261147
u 418 1.1187548833683716 1.5707963267948966
x 418 49.76830622622979 -74.37242220259283 1.3349744579759122
z 418 143 2.300086732256416 -1.1858099991660145
z 418 352 1.2699944451367553 -0.3000573776151345
u 419 1.0117312272544214 -0.010452140601105296
x 419 49.89556914099721 -73.41552071763809 1.5421804147304945
z 419 143 2.131580105638203 -1.629796115461369
z 419 352 0.42140837091652034 -1.0616855428726764
u 420 1.027235241739267 0.010105579380511903
x 420 49.87853648377333 -72.44420007015279 1.6344797765770247
z 420 143 2.4246953381873806 -2.076417784272205
u 421 0.9652420841082494 0.00698589088689217
x 421 49.62900162238269 -71.39086007475598 1.972333911217273
z 421 143 3.01534247401384 -2.366689688724675
u 422 0.9524153856602882 0.0015190704398789097
x 422 49.33449575447085 -70.61524973684206 1.89504334312719
u 423 1.0320907884350277 0.0019115354488677457
x 423 48.8774613049834 -69.3573954093218 1.9435757114504328
u 424 1.0270461666737973 0.0009805669606293152
x 424 48.57564433672522 -68.58983308556994 1.947304005918003
u 425 1.0089620588896502 -0.007945536089326324
x 425 48.13018808532937 -67.67815218741977 2.1032766987956837
u 426 1.0178031796267277 0.006977657388703437
x 426 47.45815233304089 -66.52430269366151 2.093115296151856
u 427 0.9749840628879616 -0.003939069222180322
x 427 46.9337644131366 -65.61712704903633 2.096715988071331
u 428 1.0556126417272143 0.010403397882316144
x 428 46.289786888277234 -64.62085262564308 2.192537072289168
u 429 1.0231902316230705 0.01378074689730047
x 429 45.689534886438864 -63.69893023043181 2.1033340391007185
u 430 1.0074745576658057 0.0030042560899086017
x 430 45.379644241710245 -63.105929362083955 2.0013552857373513
u 431 0.9453073743458517 -0.0010284158848819747
x 431 44.963502529837015 -62.09362576604218 1.9202869606675295
u 432 0.9861727799026652 -0.009971450692832905
x 432 44.61413708506801 -60.985316574651215 1.8320345282379265
z 432 151 7.600223840146442 0.14484034852946692
u 433 0.9898746378355678 -0.0066259332519439836
x 433 44.37392197216175 -60.30755328651626 1.9907780575761596
z 433 151 6.622806781401705 0.17353077801015093
u 434 1.019468951475216 0.0053755712137506665
x 434 43.977122435234236 -59.532608515348336 2.0972743862471503
z 434 151 5.620853576272414 0.1989957854492017
u 435 0.9569311476095763 -0.006759100899972788
x 435 43.62439387217879 -58.92427755754086 2.0952314793635907
z 435 151 4.687401184564545 0.24679974210746103
u 436 0.9646629393669047 0.008638773407008294
x 436 43.1241454553219 -58.19999793849534 2.255253736378786
z 436 151 3.7581067357798497 0.29983364778889765
u 437 0.9919846173663692 0.010622988291022949
x 437 42.27719348974631 -57.31818380157169 2.416808855475735
z 437 151 2.8235620559371184 0.3913709879332261
z 437 544 8.435837196914344 -0.06372079031631994
z 437 782 8.436946829706002 -1.1389635251448134
u 438 1.031636501160431 -0.0062637395313325205
x 438 41.24474414935853 -56.566619074398034 2.607906790572784
z 438 70 8.450607707903828 -1.024168422507378
z 438 151 1.912718928537874 0.6064497058067211
z 438 544 7.406358816545923 -0.06589144423346038
z 438 782 8.056743491831334 -1.2490854650113639
u 439 1.04267412371572 0.002713987620629926
x 439 40.53500042363395 -56.14027096142716 2.5933999507549483
z 439 70 7.959903134704317 -1.139113244431817
z 439 151 1.2104428428995402 1.1158215208882147
z 439 544 6.366427355377122 -0.07961109599344329
z 439 782 7.79150649726561 -1.3791569964003878
u 440 1.0141707232745694 0.0006169055607459132
x 440 39.84829515761638 -55.70230872629713 2.55432160527345
z 440 70 7.591961974299635 -1.2613772926281415
z 440 151 1.1891700351278622 1.9877471162776539
z 440 544 5.356105743504346 -0.09534512188150712
z 440 782 7.66360026557995 -1.5100634069980077
u 441 0.976286049407882 0.004319320124826693
x 441 39.06276415942658 -55.05284722755699 2.3471469306351587
z 441 70 7.3557858652157195 -1.3925439945015763
z 441 151 1.8174148386072908 2.497389117724466
z 441 544 4.3854876254968715 -0.12133800947672668
z 441 782 7.668632811773092 -1.641817952049316
u 442 0.9609260530197032 0.0008270085049164466
x 442 38.40122646417136 -54.3255758728043 2.2706507314818136
z 442 70 7.247767627669638 -1.524235500490051
z 442 544 3.433658817856427 -0.15616019859470454
z 442 782 7.796359547390916 -1.7658955921287494
u 443 0.9457601308435278 0.005436558791126824
x 443 37.89288996576512 -53.610705086704435 2.107200531397975
z 443 44 8.230778592718751 -0.8506424066995057
z 443 70 7.267994103129004 -1.6600425548861646
z 443 392 8.098206215162229 -0.5022665308444965
z 443 544 2.5042854877553764 -0.2213816977758798
z 443 782 8.03591312196865 -1.88698610323526
u 444 0.9911750795506956 0.014589115920509864
x 444 37.51346479081706 -52.92088213880474 2.040128746457528
z 444 44 7.619539259489893 -0.9637975576572688
z 444 70 7.429327597813974 -1.807816487247647
z 444 392 7.2491001921909755 -0.5836010728058136
z 444 544 1.555237733708107 -0.38094862922059525
z 444 782 8.403687637889893 -2.0136364786794005
u 445 0.9718271010134893 -0.008677149251772539
x 445 36.98337949141801 -51.96082980661625 2.110436548358617
z 445 44 7.1064475984456354 -1.0673397911649487
z 445 70 7.711616961705736 -1.922073474950967
z 445 392 6.457762499883366 -0.6573962550465922
z 445 544 0.7431162594732003 -0.8740189092191546
u 446 1.011333236475205 0.01815455953511264
x 446 36.57748042875301 -51.29921391770293 2.1317248458347837
z 446 44 6.686121339816224 -1.2190364852514515
z 446 70 8.123526625698327 -2.0569898862310847
z 446 392 5.69726811672878 -0.7855118630157598
z 446 544 0.7879761067810952 -2.3342229166661963
u 447 0.979220639536744 0.0030218783259686258
x 447 36.287992408381115 -50.8173362960954 2.0918095040619002
z 447 44 6.416385142489909 -1.3659008261524082
z 447 392 5.053794253539003 -0.9261991751413019
u 448 1.042331763747689 0.005275949534000337
x 448 35.79428139026123 -49.99579810505625 2.13203229174547
z 448 44 6.2904264293418315 -1.5342215780098574
z 448 392 4.507662787438939 -1.1177524510712473
u 449 1.0254833346525292 -0.0026405293589264584
x 449 35.239464873253105 -48.991366941805936 2.018880581028011
z 449 44 6.335005640037648 -1.6940543382675013
z 449 392 4.160896969923081 -1.3384148298956435
u 450 1.0023236869537295 0.01614401406669002
x 450 34.80629833190255 -48.01235216942774 1.9558298258622147
z 450 44 6.542166193326218 -1.8626772734467092
z 450 208 7.602241605518359 -0.36867926800130046
z 450 392 4.057384645740497 -1.5977957342310483
u 451 0.9877109853738072 -0.007403642652400469
x 451 34.510465817732445 -47.243443788035954 1.9203337250677093
z 451 44 6.88828408861068 -1.9931871023069845
z 451 208 6.688888347868995 -0.4140055455170337
z 451 392 4.198172533616595 -1.8278239039838635
z 451 867 8.333000176751916 0.8338520833853522
u 452 1.0330535768687854 0.0071186170363394564
x 452 34.08000580120595 -46.10251339895172 1.9428101148288555
z 452 44 7.375369699086684 -2.1282063587081854
z 452 208 5.759853410460113 -0.49392280876282424
z 452 392 4.574565178992525 -2.0549131426124316
z 452 867 7.674019985144687 0.926262200998405
u 453 1.0095094387211214 0.013001526297422216
x 453 33.665065317666844 -45.23369008188586 2.089899799440108
z 453 208 4.898143645438044 -0.6059719140988569
z 453 867 7.107758516732135 1.026479760253621
u 454 1.030556548752728 0.001814244324732008
x 454 33.13580600538764 -44.411185187917845 2.195238455248103
z 454 208 4.094018526071654 -0.7518428687872625
z 454 867 6.632096685381437 1.157919068608642
u 455 1.0242640559786 -0.004157530155057252
x 455 32.35544506475678 -43.405047463290785 2.265724471540108
z 455 208 3.4164740933948567 -0.9534384284368338
z 455 867 6.293517084353226 1.3118444693267985
u 456 0.9488664025970236 -0.0024596900922106255
x 456 31.81569093117376 -42.85684408635472 2.4311325171798908
z 456 208 2.9686572319536495 -1.214415638922334
z 456 867 6.120832141248718 1.4647738192033133
u 457 0.9947910017267669 -0.003071625117461133
x 457 30.883202901697135 -42.20813600875999 2.6364188031293203
z 457 208 2.7808970840469476 -1.5530060979031464
z 457 867 6.09787509870437 1.6308133953288504
u 458 1.0056988013085055 0.004428739108465317
x 458 29.80221791156589 -41.61819951034193 2.647633470023064
z 458 208 2.9423965066929685 -1.906217554585964
z 458 867 6.237313401692291 1.7880577245711358
u 459 0.9697010153806506 -0.00884169110641397
x 459 28.991546102389158 -41.13892383361322 2.5676923798621125
z 459 208 3.384162087864892 -2.171793038340544
z 459 682 8.08888661576846 0.09908247748947696
z 459 867 6.519515949820941 1.9425113751931224
u 460 1.043757759127071 -0.0016310094614517036
x 460 27.962106078274292 -40.38934309651244 2.4567609044700607
z 460 682 7.0511012179721195 0.11547709900127323
z 460 867 6.967571247091064 2.0841262899330752
u 461 1.0029156629547307 -0.008606993839563338
x 461 27.216254312501015 -39.53121280117897 2.1158563390701355
z 461 682 6.056560431681596 0.1438725910616192
u 462 1.0497797312619033 -0.0019460347313011042
x 462 26.741063390453284 -38.54902009954656 1.9269540087541541
z 462 682 5.020061268140464 0.17600707002408633
u 463 1.0208550177328626 0.006403385615948179
x 463 26.33392900839203 -37.407664653902145 1.8999209399192205
z 463 176 7.723073165117633 0.3195633386644383
z 463 483 7.961137916991554 -0.20483907706267646
z 463 682 4.018248095960011 0.2133013699749391
u 464 1.0442114089610048 -0.0024992555212779237
x 464 26.02051157687403 -36.264411734647744 1.7768146005476444
z 464 176 6.740186320202004 0.37093523879957413
z 464 483 6.941704028653293 -0.23275848741728034
z 464 526 8.490335184164483 -1.1000718718677769
z 464 682 3.006210612560743 0.28982233021826964
u 465 1.0037328958196152 -0.01182414910556302
x 465 25.840920900555464 -35.474172608909264 1.8117092953242206
z 465 176 5.818626652969535 0.4462814009379166
z 465 428 8.106940417159356 -0.9744539930975686
z 465 483 5.967962990668617 -0.25876935101444865
z 465 526 8.07920835435109 -1.1988620311666762
z 465 682 2.066862903380975 0.4436560015213038
u 466 1.0084702318434526 0.007699176423027314
x 466 25.6856467036196 -34.67853002771122 1.715349926367967
z 466 176 4.926218737399471 0.5263409066742888
z 466 428 7.590025886147211 -1.092597963673085
z 466 483 5.000930010756965 -0.31884451307998596
z 466 526 7.773487808977984 -1.327900777449608
z 466 682 1.2316335366158073 0.7920529779666694
u 467 1.1169755638648013 1.5707963267948966
x 467 24.807577799014734 -33.89123928709075 3.1059505608263347
z 467 176 3.962526217058646 -1.1095133538853963
z 467 199 7.9186006431533205 -0.02765335224260035
z 467 428 7.952103093132045 -2.7842287853722123
z 467 483 4.636411779642929 -2.084590674576427
z 467 526 8.337278570668927 -3.0021818553716972
z 467 682 0.22612353143358216 -0.7491435195328724
u 468 0.9934385958619194 -0.0005807579396757092
x 468 23.620954060734658 -33.75887572760828 2.9550604618714864
z 468 176 3.6307316317560696 -1.3564377625920123
z 468 199 6.925587283196145 -0.030997187260559222
z 468 483 5.196966133166804 -2.251292587661311
z 468 682 0.8420024469459427 -2.9574363738999416
u 469 1.014996435486618 0.005225999770000081
x 469 22.36203511536214 -33.62829154960816 3.121409638306538
z 469 176 3.5585705766654363 -1.6442655797367713
z 469 199 5.9112636418123365 -0.041993179742501496
z 469 483 5.890482325132347 -2.3905665285097744
u 470 0.9982382737403565 0.0046665176899353365
x 470 21.39681386274716 -33.54056715109909 2.9805031369337422
z 470 176 3.7680144680769 -1.9162683066046124
z 470 199 4.91420588126621 -0.05566103297460234
z 470 483 6.656540961872695 -2.4974884896442955
u 471 0.999650149679534 0.0008789572594382735
x 471 20.216531061464014 -33.39095087842362 3.0505010439630764
z 471 176 4.21324842848671 -2.14225321031118
z 471 199 3.9165295456145084 -0.07085199366773942
z 471 483 7.48025873564188 -2.578654225185999
u 472 0.96584975715728 -0.0049721970576087566
x 472 19.114639584879157 -33.374448604417275 -3.08045143519107
z 472 176 4.803039312453548 -2.3075124471073343
z 472 199 2.953674067450544 -0.088219830445607
z 472 483 8.311907979406849 -2.6359796179934447
u 473 0.9432075385191535 0.00852948010255556
x 473 18.27521652519066 -33.461352431195024 -2.996412810767625
z 473 199 2.0163827141549446 -0.13996268172263004
u 474 1.0040128752664546 -2.4964050575936922e-05
x 474 16.95355972509826 -33.64102097640766 -3.016545176926902
z 474 199 1.0317361508720322 -0.27610363868829113
u 475 1.005697404720718 -0.0029034313316610946
x 475 16.16813750020694 -33.77936265584748 -2.9179433763634988
z 475 199 0.28010406827403606 -1.6144528750382134
u 476 1.0671531348052081 -0.0017956212317364775
x 476 15.096738964665537 -34.086418612769066 -2.8070170999045683
z 476 199 1.1148221244489689 -2.8869559896278956
u 477 1.0254411646232102 0.002118527001803622
x 477 13.953158695750968 -34.36960333448761 -2.9906746385508907
u 478 0.957757475216508 -0.007982934174238471
x 478 12.716571066551907 -34.528585589834876 -3.0367828959835887
u 479 0.9870997140063078 -0.005597686699529352
x 479 11.864532885503856 -34.591369830070676 -3.0992940414245496
u 480 1.0263588515145774 0.0019566323784965876
x 480 10.704396767931662 -34.68209300523146 -3.0278079994877953
u 481 1.0131918325776894 0.0009264325235038001
x 481 9.91620505369522 -34.793886466102684 -2.973586165472846
u 482 1.033213442109766 -0.010528330635303484
x 482 8.749249392182971 -35.05683117086752 -2.866350935144435
u 483 1.0492286935659378 -0.01563586914021365
x 483 7.704800345892508 -35.27677171093632 -3.001738265342575
z 483 594 8.365663322274186 1.2737122991055516
z 483 624 8.37506927039276 -1.3740000361345617
u 484 1.0016792216995642 0.0081162744828568
x 484 6.903268448015871 -35.38377970025032 -3.0160079398373845
z 484 594 8.125063719998588 1.3836041116550888
z 484 624 8.242046005379642 -1.501683136300052
u 485 0.9702270417580983 0.010657023367419624
x 485 5.901288791590037 -35.51215616615193 -3.0123201937984683
z 485 101 7.990056323914443 0.7559561269086328
z 485 594 7.996335410579712 1.4923221685052592
z 485 624 8.237306726902045 -1.630156956974238
u 486 0.9898975532925152 -0.0012044882995300142
x 486 5.064022924318461 -35.64178663880718 -2.9636524800405475
z 486 101 7.301884322557058 0.8503519954011489
z 486 558 7.855113038814651 0.012014022637422794
z 486 594 7.980584201248664 1.6175063556849008
z 486 624 8.354089424410489 -1.7475181436131582
u 487 0.9909247453896726 0.0067700855405920905
x 487 4.045167066609806 -35.81448335362314 -2.983723270359756
z 487 101 6.686984238618051 0.9548440243571727
z 487 537 8.499504867383234 0.23809543870450245
z 487 558 6.864232402892706 0.006489604339046995
z 487 594 8.08434773720227 1.7335024086375102
u 488 0.9852697933406247 0.004207827576527828
x 488 3.328891753003828 -35.895621773831365 -3.0738671814029486
z 488 101 6.168557222557858 1.081183079915232
z 488 537 7.545062006413641 0.2644239739015961
z 488 558 5.8789743998863875 0.003016781114943967
z 488 576 8.15965046908829 -0.7200211342410592
z 488 594 8.299091786977955 1.8467568246980992
u 489 0.9349005689420535 -0.0002591096183479133
x 489 2.3467649645865656 -36.056318288711545 -2.884950488733286
z 489 101 5.788108931632274 1.2244839116966215
z 489 537 6.647183820326944 0.3014672926610489
z 489 558 4.9440793360793895 0.0038708461047125553
z 489 576 7.482152200058823 -0.8022359171675468
u 490 0.9717241346813644 -0.001086939671590891
x 490 1.4565001413466985 -36.293664658627314 -2.8771508099797294
z 490 101 5.534796889195149 1.3915067803271155
z 490 537 5.726738007324709 0.35304597913324276
z 490 558 3.972367032773202 0.006037616515417454
z 490 576 6.8420452936272955 -0.9033749236746815
u 491 1.0231369317301455 0.010464371880337987
x 491 0.1474345958918959 -36.734235408855604 -2.7567424802519875
z 491 101 5.4408441541316375 1.5669660602828532
z 491 537 4.777614960393482 0.41563860592973745
z 491 558 2.949235216220358 -0.004147339899962077
z 491 576 6.265154859967719 -1.042988340889833
u 492 1.0699763905830106 -1.5707963267948966
x 492 -0.43239191635420315 -36.37366269177573 1.6440616962686558
z 492 101 6.15748155868859 -3.0341460363193278
z 492 537 4.5196327757792645 2.186502272783418
z 492 558 2.364633069464563 1.8576046629382494
z 492 576 5.339263401521104 0.4818292674833149
u 493 1.01681973896586 0.00038793076281432254
x 493 -0.5597048089464169 -35.39692057754881 1.7567583441986834
z 493 101 7.169284927036158 -3.0497170479891214
z 493 537 5.17376522278986 2.3472766011753503
z 493 558 2.82575534809145 2.209626890331579
z 493 576 4.463043382541301 0.5871761938178972
u 494 1.0385292411838591 0.0035342019312501354
x 494 -0.8893347133018328 -34.323713663554244 1.980831675652019
z 494 101 8.20413257576163 -3.0646425459244337
z 494 537 5.946720113310148 2.468869410762518
z 494 558 3.543259610436017 2.443935896241352
z 494 576 3.6429224622693033 0.7418196524125351
u 495 0.9562924997729328 0.0007491218444734167
x 495 -1.3241301168621553 -33.03407602901344 1.8111159519804305
z 495 537 6.72093246929127 2.556939502444485
z 495 558 4.319830982929174 2.5859498089842834
z 495 576 3.007817972329882 0.957474854688436
z 495 624 8.486513341920668 -1.0236754351390789
u 496 1.0463335531525757 0.00608705524679211
x 496 -1.4015467911525994 -32.300139040801405 1.540662198016621
z 496 537 7.613844513909828 2.6271210098588433
z 496 576 2.550134365449918 1.2927834046828224
z 496 624 7.995181690305148 -1.1419711340056409
u 497 1.0018579521805155 -0.013397647147851108
x 497 -1.5322456665887396 -30.948138701356086 1.7936730197044959
z 497 576 2.4773978357817343 1.7063818475345567
z 497 624 7.626798006577207 -1.2479535885286268
u 498 0.9673135824243952 0.0005416336173888802
x 498 -1.7909481584858535 -29.806478651700388 1.7935971524958596
z 498 624 7.377418492277226 -1.37317349917437
u 499 0.9822562070105231 0.009165705040783383
x 499 -2.0847372817398 -29.08233819012968 2.1188291438116664
z 499 624 7.253326361228164 -1.5156392600928785
u 500 0.9684504974888881 -0.007389253700751053
x 500 -2.6159315997550667 -28.196761782289084 2.1033508660957416
z 500 624 7.261012911500998 -1.641792136955726
u 501 0.9682553340876736 0.0073922192722367325
x 501 -3.342727988822418 -27.19440621830683 2.2929740501181692
u 502 1.0091681307717755 0.001753903756384715
x 502 -3.8317318012316948 -26.605888739404048 2.2352289120296067
u 503 1.009050604650023 -0.006351867070436265
x 503 -4.490113742107258 -25.791053920183863 2.265556901852589
u 504 1.010078670606562 -0.0004200340435385469
x 504 -5.202280339252254 -24.88990348025073 2.213615061766049
u 505 0.9988080885959716 -0.006889906286127656
x 505 -5.955490569365875 -23.937609497373007 2.2663654154471864
z 505 350 8.474380657348076 1.1592141827347442
u 506 1.0030553072537391 -0.002614087402666177
x 506 -6.5380485810235704 -23.264495274225947 2.3020374133599724
z 506 350 8.126523490039668 1.2752578333333577
u 507 0.9895573523155259 0.0015697920462753364
x 507 -7.013442411798281 -22.604262410904212 2.0876535531746505
z 507 350 7.894503432602352 1.3938616256059753
u 508 0.9555697581105259 0.010346659495463475
x 508 -7.427513146571627 -21.68600329927189 1.9011934697415374
z 508 350 7.778425854821907 1.5046276148550621
u 509 0.9764008670987891 -0.007137364798044492
x 509 -7.789100077857792 -20.650848173487784 1.9125138116355114
z 509 350 7.778625147445324 1.6373724536540752
u 510 1.008854287046421 -0.009892809608802467
x 510 -8.037649018485338 -19.830370370990597 1.8173678049892024
z 510 350 7.9149461467999425 1.7747458033727366
u 511 0.9383784084205234 0.00441978335350116
x 511 -8.269369529261155 -19.152100767582876 1.982631227779036
z 511 350 8.154959420870021 1.8833008849694828
z 511 411 7.676460480266783 0.03171646903234526
u 512 1.016977420609028 -0.013854713485078784
x 512 -8.601239984127012 -18.356607839267458 1.9494326786181855
z 512 411 6.660366329290007 0.05147026213157657
u 513 0.9784444851697967 -0.004075712089393892
x 513 -9.10182401962285 -17.301447704571054 2.0781021880425232
z 513 411 5.683563797707134 0.06475330412484537
u 514 1.0026169319331237 -0.004521632909520389
x 514 -9.629439959258976 -16.42206337529873 2.1443049535593985
z 514 411 4.683679432584508 0.08361013150100582
u 515 1.0053156409855082 0.003460613225580256
x 515 -10.092635933380185 -15.412427070981236 1.8575422503864258
z 515 411 3.6826503987860764 0.10247852181709405
u 516 0.9837024873478047 0.005913264251373228
x 516 -10.275425651375498 -14.753577328639839 1.8253125043159368
z 516 411 2.705582867917936 0.13269777805849392
u 517 0.9653355279095168 -0.002108027515620534
x 517 -10.606201527807642 -13.720331418830623 1.935926905696526
z 517 411 1.7536007596854968 0.20828125807828002
u 518 1.0200094687482089 0.0028226632834807285
x 518 -11.02648279103801 -12.770330093955648 2.038698576831509
z 518 411 0.7838566927481821 0.4760254210203154
u 519 1.0123035302707475 -0.007957392612258382
x 519 -11.478583282042964 -11.79667507048689 1.9723128689682712
z 519 285 8.054135033399946 -0.794265707899128
z 519 411 0.48117412842429763 2.294074748705273
u 520 0.9974873619462141 -0.004655896545553976
x 520 -11.683686068117426 -11.178419789383872 1.8099196227229877
z 520 285 7.387623176338751 -0.8858551248883701
z 520 411 1.36510311870207 2.8770742634242037
u 521 1.0175315511563097 -0.004550559868336596
x 521 -11.86239768040294 -10.322238345050492 1.7432260055013575
z 521 285 6.7878411567439185 -0.9974441934883833
z 521 602 8.37065290655843 -0.5268313609076776
u 522 1.0147878697121102 -0.006108931005229779
x 522 -12.07268476641561 -9.15910256084434 1.7560890013334944
z 522 285 6.2925535313886005 -1.126961882551024
z 522 602 7.509085225025118 -0.5883654145817032
u 523 0.9694548021107726 -0.011530189008545601
x 523 -12.21304738369214 -8.212922286495727 1.680048711990099
z 523 285 5.935790656948945 -1.2630592395733764
z 523 602 6.720760650349621 -0.6562830557596326
u 524 0.991148875286649 -0.0017766813247851842
x 524 -12.259121334002376 -7.076671754594436 1.542597761748488
z 524 285 5.713310735639397 -1.4273285396533577
z 524 602 5.965633699673691 -0.7559398132772381
u 525 1.0252828702462846 0.00998724521191203
x 525 -12.231283812386513 -5.978405360995005 1.548312174821536
z 525 285 5.6635682581358076 -1.617588256139788
z 525 602 5.270770816944113 -0.9004742744964429
u 526 1.047016369586071 -0.0027320353318092618
x 526 -12.180142239480075 -5.06656509920291 1.4812256562175463
z 526 285 5.806100252748894 -1.7959893872457366
z 526 602 4.69134840974478 -1.0733425711302846
u 527 0.9456430245800952 -0.009644055927424799
x 527 -12.115259785848691 -4.38549312891486 1.4704098737301061
z 527 285 6.083204689077034 -1.938624677515639
z 527 602 4.316422201394732 -1.2569193344316396
u 528 0.9806907657405958 0.005038999307654359
x 528 -12.119210445208887 -3.358512214573259 1.6788764766312676
z 528 285 6.5027383100163485 -2.08471794970116
z 528 602 4.123062060559029 -1.4903572562485985
u 529 0.9917699714741208 -0.0038342545098106876
x 529 -12.148656935724178 -2.7647128141601014 1.5618149235278143
z 529 602 4.160586316638823 -1.7263808755138452
u 530 1.0636442400203472 -0.012301557893079709
x 530 -12.112419426767598 -1.8868337216940216 1.4972676248849552
z 530 602 4.445163846861314 -1.9529577641408369
u 531 0.971629015747009 -0.0025383470801943722
x 531 -12.09801484888472 -0.810428892041785 1.6175623875203398
u 532 0.9602189583233804 -0.015600912091178507
x 532 -12.120921657113676 0.13246593702406406 1.5726089676375716
u 533 1.0271490670602716 -0.0028444422339967803
x 533 -12.112591946084002 1.3214294057008025 1.5549721961574328
u 534 0.9469198365913327 0.0037922943293960194
x 534 -12.07535051679049 2.227192944707832 1.5044346263026291
u 535 0.9505753081895905 -0.007233173589336266
x 535 -11.979288074193736 3.093126050112952 1.4161911681586412
u 536 0.954487802810681 -0.0008574255514217312
x 536 -11.8226698779213 4.194922052981408 1.4429972595350042
u 537 0.9928628099954524 -0.011371423955114266
x 537 -11.772201544098765 5.184442386884884 1.596678052139593
u 538 1.0131615778028564 -0.006721050354848647
x 538 -11.747291278574911 6.156223159365211 1.4936585726351588
u 539 1.014375772743582 -0.003278222695207319
x 539 -11.698186689523675 7.1773992421162 1.5518354859431351
u 540 1.0710350917610214 0.004335199378153709
x 540 -11.5764480162313 8.189750457627108 1.3503997295275134
u 541 1.0985766193398687 -1.5707963267948966
x 541 -10.947769713336449 8.664805444163258 -0.05619679377044573
z 541 668 8.497221189500547 2.314258919683305
u 542 1.0078044598192368 0.000494034309370416
x 542 -9.86510619388876 8.696059910739615 0.11391701466870607
z 542 408 8.245444274630941 1.1240908382884065
u 543 1.0077458712554397 0.0024387866856094786
x 543 -8.878312143446058 8.82691874888313 0.14976467565509477
z 543 408 7.861643802833542 1.2374500271934092
u 544 1.0074495989899062 -0.0030629935239578346
x 544 -7.785088323615996 9.010733311683195 0.1833988588180242
z 544 408 7.593433608222388 1.3662810600678963
u 545 1.0061968829366168 -0.015059157535414024
x 545 -7.090175713744148 9.094936819577937 0.057768141261439254
z 545 408 7.462035291228626 1.513961829907398
u 546 0.9734739011386836 -0.0014813741923788296
x 546 -6.006670518593289 9.157378441903878 0.05736307244336336
z 546 408 7.470950918204928 1.6459092568470286
u 547 1.0198285535046898 0.011663779660709968
x 547 -5.186869920783219 9.17034943359655 -0.025721452506242137
z 547 408 7.609862851328711 1.7683387695158075
u 548 1.0296512390854253 0.005705638874305597
x 548 -4.256906605577308 9.130016602417463 -0.06096491568141538
z 548 408 7.87413059441598 1.8912809012524594
u 549 1.0072156111869306 0.012857163338118476
x 549 -3.18729663028084 9.206548276418273 0.20382347717238591
z 549 408 8.241141013156506 1.9949264109081657
u 550 1.01629219871152 -0.014430127376879077
x 550 -2.5072127123278944 9.34505030686529 0.19799022428942203
z 550 65 8.411240872388275 -1.2722001715961417
u 551 0.961822675051641 0.007403421210160095
x 551 -1.7160812047832552 9.455816549736266 0.08022107706844306
z 551 65 8.18361012734817 -1.3922986357401201
u 552 1.0025449400860746 0.006384037861075588
x 552 -0.7644442066572135 9.582078046049602 0.18359452279412292
z 552 65 8.06936893811957 -1.521326297067057
u 553 0.989148024170352 0.00864404544214883
x 553 0.04998742928573119 9.638260392791747 -0.04584574412073206
z 553 65 8.085335187298572 -1.6524901257096798
u 554 0.9648186657342761 0.01297397908000379
x 554 1.0735358947878673 9.452851417237104 -0.31255458373209066
z 554 65 8.226633034327843 -1.7825548750982836
u 555 0.9800864012384958 0.0031183146222201917
x 555 2.1411006353334123 9.137073814558102 -0.2626298393120501
z 555 65 8.488339649975833 -1.8987596141518783
u 556 0.9441155428094229 0.013544395429856299
x 556 3.1692369096682467 8.804838747120645 -0.3624729895224381
u 557 0.9509264341103781 0.0029384504513834536
x 557 4.0138579141180974 8.448606502512122 -0.4357831218615309
u 558 1.1736995856846362 1.5707963267948966
x 558 4.946734995764552 8.91973248579735 1.3711017163684893
z 558 274 7.918989186050869 -1.02448036360233
u 559 0.9967409528052981 0.008860889624677343
x 559 5.207747174625027 9.773440145591177 1.1770628068451146
z 559 274 7.453995574484007 -1.148155090464537
u 560 1.0288419349589124 -0.0015560989174154762
x 560 5.481814324232796 10.307764608078099 1.0166653511715484
z 560 274 7.093553399053509 -1.2792178998108876
u 561 0.9865905089343888 -0.020519387007191348
x 561 6.111211376323093 11.245967321722075 0.9431354357269273
z 561 274 6.865200016521432 -1.3963424083044569
u 562 0.9507642372410781 0.005867858986580117
x 562 6.738902808477065 11.859625925931237 0.6050528758893283
z 562 274 6.768072181274935 -1.5410724575624155
u 563 1.0173869565995348 0.00391490987845043
x 563 7.200871513845551 12.124349133607812 0.4356563216149696
z 563 274 6.8161235495104275 -1.6947507650027627
u 564 0.9526527298957993 -0.010288494554244718
x 564 7.887750532846972 12.485593465113176 0.5326816589397274
z 564 274 6.993311738264146 -1.820140645238684
u 565 0.9953096900493075 -0.0035057981228458655
x 565 8.697353321102343 12.960998379298706 0.5292387861965362
z 565 274 7.301278389195643 -1.9491854970656464
z 565 654 8.162624240974745 -0.21506411796843494
u 566 0.9517543448558359 0.008849235918331012
x 566 9.740135288948972 13.538959842087586 0.48296118392325393
z 566 274 7.70751877829796 -2.072832116924394
z 566 389 8.489857568483767 0.7504860592654694
z 566 654 7.2366741707373485 -0.2525527184767049
u 567 1.0496844155047262 -0.0029670503605095503
x 567 10.71726219301806 13.958933232072454 0.3289046637133888
z 567 274 8.26275190232171 -2.1815498444642127
z 567 389 7.756438330963886 0.8460267593760786
z 567 654 6.225365081942926 -0.2914883660583376
u 568 1.0644699878978108 -0.0024788955623803004
x 568 11.912972601509917 14.465260116161927 0.47221413583510463
z 568 389 7.096707943282727 0.9611609417196947
z 568 654 5.214326074636843 -0.3474666798840511
u 569 1.025715656825451 0.005158967335961678
x 569 12.698603769399996 14.75173190601459 0.2270984404067149
z 569 389 6.5611672294886825 1.08429139528453
z 569 654 4.265343511269245 -0.43518867967383157
u 570 0.992976709245987 0.005350725518388723
x 570 13.542453431418227 14.969509778312991 0.27803281562013327
z 570 389 6.157273161395802 1.2217807601857409
z 570 654 3.392274937423816 -0.5649739118247865
u 571 1.0084107921442376 -0.007073049578540969
x 571 14.442710663235088 15.136362112510492 0.08848529347196754
z 571 389 5.892668703572993 1.3905757412033797
z 571 654 2.594815457382984 -0.7663113063105733
u 572 1.0016554288598551 0.0026096440826119485
x 572 15.711081455397206 15.340136973598458 0.23010970504508332
z 572 329 8.119273774619518 0.30437144851044806
z 572 389 5.796182150132453 1.5587688815675769
z 572 654 1.9989763639857259 -1.1243191477956573
u 573 0.9997225595242417 -0.0058662892105893205
x 573 17.05504336411719 15.723752609162812 0.325975730406042
z 573 329 7.17276482877253 0.3524105838581031
z 573 389 5.87279969472972 1.7356901364067596
z 573 654 1.8052658132678217 -1.64065738471773
u 574 0.9989998324030455 0.0077505771629995035
x 574 17.93527332715057 15.989071098504102 0.25954145620913627
z 574 329 6.2431626849411455 0.3993356845147549
z 574 389 6.1130173399118926 1.889954796450077
z 574 654 2.1266640209364827 -2.1359685329933864
u 575 1.0122165336265017 0.018201417682956498
x 575 19.28001950439068 16.38810391791546 0.3173753386708622
z 575 329 5.321007834011859 0.4535612424755895
z 575 389 6.493795853719511 2.020743611822226
u 576 1.1431011242500169 1.5707963267948966
x 576 19.825174387908955 17.48303068773963 1.9002983193543637
z 576 329 4.360907737965699 -1.1941935589611408
z 576 847 7.999334079001586 -1.059287664320924
u 577 1.0041965478066133 -0.009819040727185473
x 577 19.28612655810205 18.62223691731326 2.125216455076826
z 577 329 4.094503533473539 -1.4140080492428595
z 577 658 8.178988094395557 0.08002565823459573
z 577 847 7.55413722309338 -1.1653251011514456
u 578 0.9870353380496935 -0.00420668731446296
x 578 18.719787838982977 19.40284240406374 2.2716637396375106
z 578 329 4.057129427019874 -1.6523932240247525
z 578 556 8.381460697084528 -1.332998046553156
z 578 658 7.195736079257289 0.09548550634475284
z 578 847 7.219985983616951 -1.2869604544573243
u 579 0.9945487951738623 0.014651913090643778
x 579 18.04976345525807 20.084304489255985 2.4237995390496563
z 579 329 4.262166915245613 -1.9016096419169806
z 579 556 8.21155425991098 -1.465837166500191
z 579 658 6.205676330134971 0.09494447516166993
z 579 847 7.014037493346 -1.438445619030559
u 580 0.99097336823793 -0.004124639591856136
x 580 17.237556091491314 20.906155134758844 2.276786714950516
z 580 329 4.6771171858597835 -2.099383912563514
z 580 556 8.165366769161004 -1.5826758543327522
z 580 658 5.220245124174035 0.11745633387902021
z 580 847 6.950959332525369 -1.5760756390761443
u 581 1.01218240768948 -0.008390705272176727
x 581 16.300880495596918 21.928921285002346 2.347786210356661
z 581 329 5.257425114249427 -2.2584285067922423
z 581 556 8.23557751644198 -1.697496302346777
z 581 638 8.078340651911006 0.6859820134705039
z 581 658 4.217335231103397 0.15497614902235402
z 581 847 7.025353763854152 -1.712263233953765
u 582 0.9978808916528586 0.00010722542669542309
x 582 15.470214275267438 22.761139424517967 2.3627362316528453
z 582 556 8.420111808383162 -1.8154368570816102
z 582 638 7.33343724900905 0.7721691946539848
z 582 658 3.235071888252443 0.20248294219957685
z 582 847 7.233878256434448 -1.8493649701189376
u 583 0.953898202390847 0.015175101292861898
x 583 14.731409640618665 23.353784989898994 2.5683258704727994
z 583 638 6.677769280895621 0.8560385987092687
z 583 658 2.3066512645342416 0.26748117999645515
z 583 847 7.558727415339367 -1.9859031368870106
u 584 0.9856553763028495 -0.003892632167009543
x 584 13.787557991795733 23.789058671874 2.850655646719753
z 584 638 6.079093531041781 0.9829029239773526
z 584 658 1.3816932881553297 0.46241763808873104
z 584 847 8.005532495243378 -2.095012647984099
u 585 0.993978027126631 -0.0006743363545276577
x 585 13.275691039177698 23.933604527828493 2.8820834326106723
z 585 638 5.589662238570864 1.1321257970400653
z 585 658 0.6627284898580716 1.1966880564241436
u 586 1.029906095694274 0.006579231394516507
x 586 12.345929693550968 24.222188381039498 2.7991883598203087
z 586 638 5.232638565711869 1.3044101199780904
z 586 658 0.9984342842664656 2.473306749097217
u 587 1.0090306720734592 0.0024671065783056743
x 587 11.328173754356483 24.591653097875646 2.787545727832624
z 587 638 5.06026232781914 1.4954531128824886
u 588 1.04994635268566 -0.008508239592638562
x 588 10.43012960365899 24.91150765155841 2.811321460465762
z 588 638 5.0944951277189245 1.7110106551626574
u 589 0.9955166019723973 0.01113992842976813
x 589 9.745665498031213 25.152679649317076 2.7943274158272615
z 589 638 5.320388438834559 1.8863689867068212
u 590 0.9777751583739271 -0.0008317513221953039
x 590 8.874870564555701 25.57381750512657 2.5879345265164657
z 590 638 5.700506486263735 2.0509637616178615
u 591 1.0196965213846996 -0.0005743506234726933
x 591 7.986081263658753 26.14551592957028 2.552044305789341
u 592 0.9832880381221516 0.006647755608783941
x 592 6.984610246613981 26.742330132810935 2.6562868727517444
z 592 503 8.356948742627281 0.6966120957337134
z 592 522 7.982593528525846 -0.08479668179276478
u 593 0.9616228915189013 -0.00391948752966119
x 593 6.410824064914083 27.09708501577233 2.5194079408123606
z 593 503 7.645628968086575 0.7815084986400951
z 593 522 7.024719300615259 -0.09220412031931957
u 594 1.0698476597026072 0.0059170393509707835
x 594 5.427800579577532 27.954014021079047 2.329829824610992
z 594 503 6.924846560891458 0.8842983964420066
z 594 522 5.960580688019045 -0.11517666476249744
z 594 725 7.700132732084825 0.6984904883691456
u 595 1.0333957267983724 0.011112615084491205
x 595 4.749587840186829 28.70645633179174 2.278882076306891
z 595 503 6.315736736245294 0.999499630612652
z 595 522 4.936282025650564 -0.15150554655036963
z 595 725 6.9365504362004256 0.7826885950780129
z 595 770 7.795687952327157 0.40624321418798104
u 596 0.9105875893693554 0.00403308548537881
x 596 4.108621931263036 29.40887421708939 2.342082298504314
z 596 503 5.871862705013674 1.126118873976428
z 596 522 4.038805952713711 -0.19002266631557418
z 596 725 6.322194303694089 0.8801921611908936
z 596 770 6.967698418252254 0.45363297927372104
u 597 0.9718604367947026 -0.0010985527279758918
x 597 3.3137863991128977 30.151073003023985 2.4387712349764987
z 597 503 5.524431104791718 1.2867468584182102
z 597 522 3.0897650016543787 -0.24820017726806753
z 597 725 5.75256419982294 1.011953567174662
z 597 770 6.1092624847299115 0.5245810283689996
u 598 0.95811673494764 -0.002656483798499712
x 598 2.7820115487834194 30.576287981345548 2.495402174985702
z 598 503 5.337052008348338 1.4626635212667676
z 598 522 2.173345833659888 -0.3534841995447642
z 598 725 5.308277828171604 1.1683782546523984
z 598 770 5.302477388884714 0.6180697907521147
u 599 1.022785325545785 0.002120753416351081
x 599 1.9398008926871215 31.28052265233229 2.3949583176253197
z 599 503 5.323578188226617 1.6527025845955388
z 599 522 1.2650271021081814 -0.640112128734871
z 599 725 4.996064242106595 1.3556674979788355
z 599 770 4.5072987441214 0.7476233734845721
u 600 1.0526070392290428 -0.0007273054185032769
x 600 1.0266348717506157 31.96813130996964 2.597397784506068
z 600 503 5.510848186981342 1.8449590549765702
z 600 522 0.7561557834658689 -1.6203692741405025
z 600 722 8.346609612121263 0.907457095770563
z 600 725 4.881302098973553 1.5686720694171425
z 600 770 3.803662381904696 0.9377056311948078
u 601 0.9726487696914867 0.0014366451741109735
x 601 0.33976823075614293 32.37638689949073 2.6132427698269822
z 601 503 5.848973233400805 2.00433008176293
z 601 522 1.2616503840839897 -2.5005826405586333
z 601 722 7.784922469323485 1.0045699374749448
z 601 725 4.974551610649363 1.7640272668775907
z 601 770 3.3214333253057515 1.1744793917079157
u 602 0.9643034953313163 0.010760998064799906
x 602 -0.5579806724692049 32.91316980400426 2.5921637228011214
z 602 722 7.30838986362161 1.1050072615762456
z 602 725 5.24096129183075 1.9350212554892412
z 602 770 3.0752690637112257 1.4564883646990632
u 603 0.9974930016027682 -0.0099168622368531
x 603 -1.3852686032848012 33.357428712885 2.705396357594049
z 603 722 6.922709001015305 1.2443435830305445
z 603 725 5.677640740073233 2.1095300850500616
z 603 770 3.1277356839531567 1.7889830436066818
u 604 1.0362485588156956 -0.007162141153664005
x 604 -2.2030917286551066 33.740510542666726 2.7016627763627117
z 604 722 6.666741821814056 1.3994483834273836
z 604 770 3.504615221469722 2.088741661113498
u 605 1.0072319573672994 0.0027646148436150713
x 605 -3.238866866117416 34.25172022747493 2.6645694654034795
z 605 722 6.56899756539645 1.5483135461240192
u 606 1.0061063210995091 -0.0045736456175566875
x 606 -4.320389711928018 34.78172314276114 2.7072999546611243
z 606 722 6.625484204618212 1.7052994902082323
u 607 0.9857337011347138 -0.008793225266175674
x 607 -4.928768672929169 35.12874361065099 2.5391418307426648
z 607 722 6.832069240425816 1.857473852930239
u 608 1.0040819556382627 -0.010648622553433736
x 608 -5.667110907885202 35.639441917828606 2.533799832001143
z 608 722 7.185740950643362 2.002342084063283
u 609 1.0054367077959758 -0.0026754572015479684
x 609 -6.397755969643535 36.16125533097385 2.509024112094238
z 609 722 7.662065228201713 2.1244197085238596
u 610 0.9975793120650078 -0.008730469101431333
x 610 -7.274531261451273 36.869976099069646 2.4145661154350684
u 611 1.002740407846653 0.002305869806181217
x 611 -8.091312223806511 37.65583153019529 2.336411397849755
u 612 1.0329913921115128 0.002223861678632236
x 612 -9.172442652518944 38.668915345317906 2.440940068273605
u 613 1.0374576588148046 -0.003914497167295973
x 613 -10.078649845973395 39.55353782158199 2.2955535742379976
u 614 0.9989550392515857 -0.0006837339849561602
x 614 -10.73816775426093 40.34524657589669 2.2351586859152466
u 615 1.0101964310143172 0.013381486006657761
x 615 -11.541470880465955 41.38367406978059 2.2232742219041812
u 616 1.011578634990358 0.007009121693720582
x 616 -12.084321489238855 42.114422866469454 2.196161649396748
z 616 277 8.266365272778252 -0.8044369082559433
z 616 485 8.253616750363527 0.04751514200567142
u 617 0.9923845800953397 -0.01573350372941042
x 617 -12.753151534730309 43.0770323618453 2.1598985689226105
z 617 277 7.605700051080439 -0.8821258829957519
z 617 485 7.262971632101973 0.07081194165763627
u 618 0.957471427974438 0.003590429027610999
x 618 -13.27773986210562 43.837528721887765 2.189385357467181
z 618 277 7.037594775094363 -0.9911101107993741
z 618 485 6.308125760655435 0.07768900622346209
u 619 0.9973246040766245 0.012382159228480554
x 619 -13.910637236888613 44.80201714930067 2.1136502036451006
z 619 277 6.550272514225814 -1.1317400569544405
z 619 485 5.313833198899008 0.07871479208448084
u 620 0.938740461844872 -0.01695687488828592
x 620 -14.33760872352939 45.55612819995206 2.0583214155038796
z 620 277 6.202052180362434 -1.2516618195841598
z 620 485 4.379433161535304 0.11433890133851499
u 621 0.9648138337629033 0.014104673473479325
x 621 -14.688947086309678 46.115496493336764 2.204919874399071
z 621 277 5.976769494601467 -1.4200058246856528
z 621 485 3.421734661152348 0.13043176109324595
u 622 1.032280907963444 0.00022388120356375135
x 622 -15.272857825034619 46.96074641332346 2.145741639651261
z 622 277 5.910593917904863 -1.5937698523374513
z 622 485 2.401955975073998 0.18608568824512606
u 623 1.0152713879477764 -0.00443319994417251
x 623 -15.763115191221404 47.75797035506105 2.098538581877979
z 623 277 6.017889609544617 -1.7588192620612801
z 623 485 1.4174306946874156 0.32500453142350505
u 624 1.0358392520489321 -0.01223250682860044
x 624 -16.359663192914383 48.71661705199855 2.1563380171448348
z 624 277 6.288346286893816 -1.9093086834471205
z 624 485 0.5523845733971864 0.9928359866190384
z 624 585 8.019025766433204 0.34037626522827846
u 625 1.0165403545630993 0.005170481473718626
x 625 -16.77890394898603 49.492983734938974 1.9755266428442138
z 625 277 6.697268880798219 -2.05801104906333
z 625 400 8.183161407530608 0.9758115067578252
z 625 485 0.8500087336344869 2.564540719861305
z 625 585 7.067965307037802 0.38288748445291976
u 626 1.0861515357101073 1.5707963267948966
x 626 -17.903081801662417 50.059817428431714 -2.9095635020096973
z 626 400 7.225326372314801 -0.5693668101207607
z 626 585 6.1801203786246015 -1.2499319436348415
u 627 1.0110499677324298 -0.0014140863470365804
x 627 -18.90600231043142 49.865713181396174 -2.9912709540617657
z 627 400 6.39660501427753 -0.6531718633114649
z 627 585 5.938551340006524 -1.4107534176510124
u 628 0.9782495374488348 -0.003634050266256464
x 628 -19.85397591444232 49.71542014590039 -2.9774489132425366
z 628 400 5.649854197096996 -0.7547037475242275
z 628 585 5.8609684870494565 -1.5726010755183004
u 629 0.9809976161905128 -0.0067382821511537405
x 629 -20.79280650095118 49.50851031600997 -2.8718899099317534
z 629 400 4.978207539478569 -0.8828891610603673
z 629 585 5.940986036078885 -1.7317457068943984
u 630 0.9740529966543013 -0.0027513400676649935
x 630 -21.681733018648337 49.279991220761936 -2.908046318035385
z 630 400 4.423065752345167 -1.0509118636658412
z 630 585 6.171152135681558 -1.8854664290136327
u 631 1.0159387048691058 0.015592294355819608
x 631 -22.797003553035523 49.029583794019125 -2.9334121835769027
z 631 400 4.023926520142946 -1.2884063846234926
z 631 585 6.564212770088136 -2.048381572218597
u 632 1.0850861007624937 -0.017049079521266747
x 632 -24.18443002087798 48.71340381871666 -2.9016470487940307
z 632 400 3.8554684193068236 -1.5443473358434014
z 632 585 7.120803389649012 -2.167677093741308
u 633 1.0829321761144695 -0.003439404372681875
x 633 -24.9745116155502 48.56021170081477 -2.9985030246544078
z 633 400 3.9751966532444296 -1.8167051179123612
z 633 585 7.779793684613191 -2.2797584948880267
u 634 0.9961902336072535 0.0029920969836034162
x 634 -26.092179667193882 48.25632097589476 -2.7537238699340607
z 634 400 4.328293605270906 -2.0447415948616072
u 635 0.978321589186201 -0.0049365756379517334
x 635 -26.77982804813633 47.92212104601378 -2.624684786116363
u 636 0.9570608812076327 0.003807842251261395
x 636 -27.34210330538871 47.588976537206655 -2.5887368630568814
z 636 531 8.001674962489002 0.34664872608471553
u 637 1.1359252880477673 1.5707963267948966
x 637 -27.516810308061675 46.80583150220199 -0.991835526860215
z 637 531 7.089173277253637 -1.285469257114201
z 637 542 8.126703316573535 -0.58017585170519
u 638 0.9591917134623648 -0.0012980207904226256
x 638 -26.955051507731174 45.879889188465256 -1.0591107243765991
z 638 531 6.880408252797667 -1.418320495832817
z 638 542 7.342938873605428 -0.6504744141078485
z 638 680 8.234000270361326 -1.077607717923926
u 639 1.010926388189748 -0.008726481184906982
x 639 -26.50937194169948 45.161588474986466 -0.9718206247890597
z 639 531 6.796256970824519 -1.5570491079493527
z 639 542 6.564066718741748 -0.7346077943175793
z 639 680 7.802249465460352 -1.182987188784792
u 640 1.0051069132208577 0.0006474266989177735
x 640 -25.820168008655468 44.30022459112389 -0.8201304164638206
z 640 531 6.856818738093919 -1.7047982928799121
z 640 542 5.857304610633407 -0.8505739275143265
z 640 680 7.480567212783726 -1.3083587864178774
u 641 0.9712231489859626 -0.007519449798741021
x 641 -25.18053384299497 43.446731344020115 -1.0351887365659582
z 641 531 7.04904430792645 -1.8343209590898892
z 641 542 5.26451839542328 -0.981709153093913
z 641 680 7.285580209547959 -1.4298085241537233
u 642 0.9642781565522787 0.0069514722278344486
x 642 -24.632821449403128 42.738165858463034 -0.790300644197222
z 642 531 7.362445559985214 -1.9679423874654018
z 642 542 4.799310686283591 -1.156894418554793
z 642 680 7.216887201789936 -1.5695020495462535
u 643 1.0274551108070984 -0.007398082142168617
x 643 -24.133710403463514 42.306271497598544 -0.6363498838581512
z 643 531 7.814178391838682 -2.0822840763277375
z 643 542 4.482105601751511 -1.3605957502993775
z 643 680 7.284577500660371 -1.7036190144091186
u 644 1.0032180381268097 -0.002438833082546021
x 644 -23.2590339699803 41.65920171428301 -0.6375088739573416
z 644 531 8.350177203875424 -2.1848769064387596
z 644 542 4.382754537788432 -1.583873135901731
z 644 608 8.294355612239698 -1.0137425467571646
z 644 680 7.482612231786887 -1.8344885128898452
u 645 0.9702905497773309 -0.010414630480902803
x 645 -22.37155590588732 40.985523492690895 -0.6610814392748439
z 645 542 4.496323202914639 -1.7909580802685499
z 645 608 7.820301261866229 -1.108493632561224
z 645 680 7.787337592302267 -1.9448257029726639
u 646 0.9865857851664396 -0.00148345469433335
x 646 -21.83296910354094 40.540889581742746 -0.7191808895638125
z 646 542 4.8084705062091 -1.9910951272861301
z 646 608 7.43222229601824 -1.2260571351860095
z 646 680 8.198752314246967 -2.055624705351507
u 647 1.037023485619216 -0.004895020813153761
x 647 -21.159753525845087 39.915201153212294 -0.7784676826507249
z 647 608 7.1462167243546 -1.358045596685661
u 648 0.9703211560815562 0.008534571268295894
x 648 -20.559367041224014 39.42134698338381 -0.5982257677102254
z 648 608 7.009959966313236 -1.5024201283694403
u 649 0.97835958827791 4.75419237191682e-05
x 649 -19.71371969338144 38.81140655901507 -0.6514927074024524
z 649 608 7.011412015155872 -1.6421336251390704
u 650 0.9978926157514791 -0.002355265903852715
x 650 -18.916516213824252 38.257181243670956 -0.5635177227066999
z 650 608 7.150989128423833 -1.7794346452989036
u 651 1.0245965061830213 0.008680029023113295
x 651 -17.680960576125337 37.6951129644994 -0.29034365886040714
z 651 608 7.4353089546009885 -1.9232127783540849
u 652 1.0301819884424837 -0.00014982647334737934
x 652 -16.546742181476034 37.32732371507625 -0.3367933536145893
z 652 323 7.964170746012596 0.1278179998294422
z 652 608 7.850591019850489 -2.0465385405497
u 653 1.0421392875371238 -0.004659489680684804
x 653 -15.568936162439668 36.99600898393738 -0.316594042347107
z 653 323 6.932165557328801 0.1519891358268337
z 653 608 8.37723468118436 -2.1528258155623283
u 654 0.9386971103477145 0.010908379624543683
x 654 -14.470218982518603 36.565600665380664 -0.4301319257661147
z 654 323 6.005097430460368 0.16390660031383142
u 655 0.9878966855935285 0.005080592222535241
x 655 -13.7118533171986 36.113174428646076 -0.6456709452906688
z 655 323 5.032539476048946 0.1903704130537731
u 656 0.9759504194158064 0.0011594431402149952
x 656 -13.01356185326302 35.54465686099603 -0.720954477643649
z 656 179 8.091150643802008 0.3282161345402539
z 656 323 4.07827167320316 0.23437198888303623
u 657 0.9882632041873167 -0.014068973032579916
x 657 -12.085546401200954 34.73532131009853 -0.7134320912655898
z 657 179 7.165294667347812 0.3876779901259062
z 657 323 3.1276097303153025 0.3240533315187917
z 657 668 7.894249663637717 0.25832545567453113
u 658 1.034421723993819 0.006696153477500403
x 658 -11.205153596656215 34.03519470069481 -0.6302356458574039
z 658 179 6.21844257086134 0.4433921900387374
z 658 323 2.170565482909736 0.46815912972744655
z 658 668 6.898209454632418 0.2894604591666985
u 659 1.0454449920529871 0.003967991811307036
x 659 -10.337573379845564 33.34351127929504 -0.715895257296304
z 659 178 7.95585454561661 0.5428663015396484
z 659 179 5.2920834304393924 0.5239201088463887
z 659 323 1.3229411727362392 0.8273111662196779
z 659 668 5.903114482660927 0.33572744580905844
u 660 0.9836733999783089 -0.009855806414859643
x 660 -9.6807085931077 32.66008114502646 -0.8945369275084314
z 660 178 7.134536987241601 0.6245896553049741
z 660 179 4.470428804803095 0.6450235947920175
z 660 323 0.9826506633274664 1.6705454725424023
z 660 668 4.986812076411475 0.41153462371502236
u 661 0.9654339146662456 -0.017794066975411332
x 661 -9.163504793570704 31.824826460990916 -1.1381960173846322
z 661 178 6.382076771841348 0.7320498010612786
z 661 179 3.750433820836761 0.820051548230381
z 661 323 1.4503014156830272 2.4114826500673736
z 661 668 4.124333285553229 0.5250151856209051
u 662 0.9847623843175085 -0.010819955685209657
x 662 -8.758410252119427 31.135619711782788 -0.9406411036841975
z 662 178 5.691827432299771 0.8594691255997944
z 662 179 3.1663575861424054 1.0614558679763277
z 662 668 3.3125657204323717 0.6868016230049796
u 663 1.004973295385736 -0.00022376758541014445
x 663 -8.00788561509124 30.122080028238184 -0.9261667939640397
z 663 178 5.093051998482793 1.0097406638126492
z 663 179 2.8165963544201955 1.3784856815268887
z 663 668 2.6143811398675125 0.9332765620653305
u 664 1.0017376866853789 0.004168865213973998
x 664 -7.457225423800064 29.4379085432971 -0.8600348532107929
z 664 178 4.636315292315441 1.1893030957964195
z 664 179 2.801182047419609 1.732823764421374
z 664 668 2.1707399603713657 1.3083903997097428
u 665 0.9728576465987655 -0.0017873545477899888
x 665 -6.9826343422511155 28.88342865550799 -0.8657146249916261
z 665 178 4.369301398872963 1.399316452927498
z 665 179 3.110806781643537 2.048325087333117
z 665 668 2.1369549328779742 1.7655264620793023
u 666 1.012570576288846 -0.0025556658958539517
x 666 -6.32435184261546 28.11188943258326 -0.8631723797349244
z 666 178 4.314780397774904 1.6352692751324653
u 667 0.9902843685042975 -0.009562498177474102
x 667 -5.873279576934573 27.533218591512192 -0.9541931307686102
z 667 178 4.4932546377887155 1.8665072506805434
u 668 0.9568397219926404 -0.0021972975779691235
x 668 -5.379909138072374 26.708237038154188 -1.1094480985824866
z 668 178 4.8600135984531265 2.0581062463430753
z 668 408 7.691514570143599 0.45901754895678426
u 669 0.9928785360245943 0.029452253440779667
x 669 -4.883624148800385 25.86123749990997 -0.9721207364562754
z 669 408 6.808448483010284 0.49228468798629876
u 670 1.0067101120327049 -0.00958486103975751
x 670 -4.3210824182318035 25.08549702952994 -0.9146360473108412
u 671 1.071901252395873 -0.014788149523167827
x 671 -3.75079778295607 24.311296418149617 -0.9572028199569047
u 672 0.9794643428940147 0.009580645833017746
x 672 -3.070199670064092 23.301540026123885 -0.9982347397730509
u 673 0.9882769766875188 -0.006821195316724446
x 673 -2.2922500096801013 22.42306931917364 -0.6937843422529588
u 674 1.0376099763677673 -0.006655210791970441
x 674 -1.5858365917761876 21.757769045434692 -0.8170857185413971
u 675 0.9878611621890111 -0.00966302319871741
x 675 -0.8535879175195998 21.076729193757618 -0.6812746848278923
u 676 1.0312242068339064 -0.0039025898828361815
x 676 -0.07301000126685497 20.45761255333165 -0.6598275745034239
u 677 1.008577092670912 -0.0017918389177629369
x 677 0.7360143148234053 19.760154670611083 -0.7631234753590537
u 678 1.012289879899837 -0.001437198925228125
x 678 1.5609239446862595 19.064470530797806 -0.6381131228291794
u 679 1.0135290642617345 0.0032429339078047657
x 679 2.2704302323584242 18.47960474374261 -0.740686812237854
u 680 0.9930118257854141 0.0060704829961343975
x 680 2.897063144069412 17.96124263799637 -0.6415500541869017
u 681 1.0593434353492024 -0.007133496427762547
x 681 3.994086767594063 17.14215671094511 -0.6411493491528826
u 682 1.0129189588462904 -0.006161777540374587
x 682 4.666246532837473 16.573593590253743 -0.7630394332121124
u 683 0.9749092461835085 -0.005005821044268422
x 683 5.347492771680408 15.879015610838 -0.8271362927138668
u 684 1.0179986580807658 -0.007594789973486173
x 684 6.001250844140063 15.12116612684168 -0.8908728446205516
u 685 0.9653279392128551 0.004809924354977345
x 685 6.731459392895877 14.15811328551142 -0.9532339788481461
u 686 1.034983719932865 -0.0019740604932182737
x 686 7.350914149926807 13.39097097643964 -0.8297838269346305
u 687 1.024910189772197 0.016630137317582862
x 687 8.262125849583134 12.46726968238419 -0.7546255720492994
u 688 0.9924963693816347 0.009668805236741738
x 688 8.71140327208733 12.02345542931516 -0.803936621468567
u 689 1.0212173280083903 -0.010720841632196342
x 689 9.475458603318122 11.467800357788738 -0.45361908508446236
u 690 1.0032773290873591 -0.008609874329576132
x 690 10.218730065155217 11.03826170024923 -0.5944070611790977
u 691 1.0412270157686359 -0.0017089556600863663
x 691 10.852397615896205 10.61812611946444 -0.5765433102113291
u 692 0.9614303081885595 0.0032286363256347358
x 692 11.564777107901564 10.220625667260833 -0.44137003261097796
u 693 1.003312317972407 -0.005385606573069553
x 693 12.40416852055551 9.856240177253685 -0.3777475734351676
u 694 0.9773768415961519 -0.008257955718920039
x 694 13.205419377124791 9.567363587181106 -0.31430539023081394
z 694 66 8.056036018862637 -0.20957663340756838
u 695 0.9826952239536376 -0.007199054092622637
x 695 14.240400913009006 9.150125613100608 -0.4521078377202161
z 695 66 7.096961944182736 -0.2307010950218329
u 696 1.033186806936827 -0.0047418331579984095
x 696 15.355671167085358 8.510180958918673 -0.5897596068300786
z 696 66 6.095079915343288 -0.26433782952279383
u 697 1.0153620450394791 -0.0024719016339452278
x 697 16.216956563092488 7.862821397162727 -0.699314943694683
z 697 66 5.121471409421249 -0.31345058225769673
u 698 0.9965706461894915 -0.011448928882954868
x 698 17.07271510494107 7.142164151519175 -0.700496056525151
z 698 66 4.1826263344608625 -0.3742324941110171
u 699 1.0300255402986407 0.0029770110551856177
x 699 17.74236609482838 6.645281033993313 -0.5762307906369966
z 699 66 3.246528493699849 -0.4938941120122191
u 700 0.979832592126842 0.0031650607205645537
x 700 18.56476651810266 6.180020318942935 -0.45345625307075377
z 700 66 2.429610076814757 -0.6899975910160472
u 701 0.9796434624873136 0.0005339109405019312
x 701 19.014128323597635 5.9619419952369945 -0.4501919021440983
z 701 66 1.78665701145496 -1.047176277804816
u 702 0.9903559668791633 -0.0043021491309717715
x 702 19.86599911120887 5.534641794396354 -0.47966507941177516
z 702 66 1.548182207888854 -1.629183858667267
z 702 165 8.275476737410333 -0.4230663443945728
z 702 273 8.48716081160174 -0.356263042172281
u 703 1.0523539075876596 -0.012766653795821627
x 703 20.678231461103707 5.09323633111833 -0.5159317557145955
z 703 66 1.9166842562526658 -2.1967510832987887
z 703 165 7.325564572838056 -0.4684735167272982
z 703 273 7.5072432238473095 -0.3915656241474692
u 704 1.0196581639493836 -0.016709155825360443
x 704 21.4063845615074 4.631046043752625 -0.6152183614240379
z 704 110 8.26340378363726 0.4479746763491783
z 704 165 6.4279283392067885 -0.5222620315487063
z 704 273 6.572619540065711 -0.4328942739034969
z 704 577 8.152302533657506 -0.6865417144128974
u 705 0.975645757878912 0.005636481187577279
x 705 22.310375357872545 4.015497537420911 -0.580397297953787
z 705 110 7.394785700162742 0.49918067072400696
z 705 165 5.6050969321088235 -0.6152647428589342
z 705 173 7.902254095845206 -0.5129806935666461
z 705 273 5.7030152494401865 -0.5107970308211556
z 705 577 7.425418918040767 -0.7758471265722244
u 706 0.9768535341709077 -0.002649606435109988
x 706 22.973200409146248 3.540602566111064 -0.6629927986299551
z 706 110 6.554536893771825 0.5734085119354688
z 706 165 4.8394636769124375 -0.7291639546884472
z 706 173 7.066705950128757 -0.5780648392820575
z 706 273 4.87356346957397 -0.6060613290307657
z 706 577 6.7618097492121905 -0.87440625532281
u 707 1.0001770214015353 0.0013198519538598647
x 707 23.73483100028648 2.9669615833827128 -0.6280669984727032
z 707 17 8.149181511670825 0.8734458242794236
z 707 110 5.739625574194318 0.6666678078318822
z 707 165 4.147994768013796 -0.8919504657605724
z 707 173 6.253371446473286 -0.6669780436319694
z 707 273 4.091830850870556 -0.7472062087695992
z 707 577 6.168709800775988 -1.0005038268883713
u 708 0.9926158428498992 0.0036098843582763464
x 708 24.729399008242915 2.2761258579666492 -0.5861301243702042
z 708 17 7.54869138916916 0.9706510729553761
z 708 110 4.996109976587241 0.7859413603904577
z 708 165 3.6100107054418626 -1.1115493176860043
z 708 173 5.5090744397543165 -0.7825378217498358
z 708 273 3.4320863920555102 -0.9490434205721954
z 708 577 5.69608327596252 -1.1515008087300287
u 709 0.983034674173115 0.007626979338174642
x 709 25.492972346691847 1.7760432970853168 -0.5735278727133526
z 709 17 7.037093800491516 1.0782593626644754
z 709 110 4.354206029132713 0.9381114298411948
z 709 165 3.2979806237829314 -1.3901697083687765
z 709 173 4.864642318679602 -0.9336831230166238
z 709 273 2.9725815633769264 -1.229590759938111
z 709 577 5.375082054983758 -1.3272458663961026
u 710 1.0117290273576036 -0.004007627418087584
x 710 26.409935678973376 1.0350283682173345 -0.7858153504866214
z 710 17 6.620893002062227 1.2174680605223305
z 710 110 3.845408829309777 1.1562381170967377
z 710 165 3.26929391116973 -1.6953837259289957
z 710 173 4.3378431737906045 -1.1179845864702145
z 710 273 2.7992424977012265 -1.5728728685324975
z 710 577 5.222178774482162 -1.5122875738167063
u 711 1.1067477342321115 -1.5707963267948966
x 711 26.07862392147163 0.19034095122779815 -3.1033577421165273
z 711 17 7.096073901812967 2.9161270562794357
z 711 110 4.307806704439385 2.944323172832542
z 711 165 2.7717126924394364 -0.4123642739912827
z 711 173 3.41156947570403 0.357308472557222
z 711 273 2.211843233092357 -0.3269706674880295
z 711 577 4.526304324437705 -0.08831222361991387
u 712 1.0348194451574166 -0.00491145969612456
x 712 24.957962459288225 0.044599929543643196 -2.9211809770723383
z 712 17 8.108496841780706 2.949267792266321
z 712 110 5.326818314308419 2.986850208797385
z 712 173 2.4700148294876247 0.5102536506208342
z 712 577 3.4964237946183956 -0.10878278338262293
u 713 1.0470132994266241 -0.005212791090466692
x 713 23.845030194877307 -0.13731295695252432 -3.0379624910515544
z 713 110 6.363715559042131 3.0169998433985032
z 713 173 1.6402367615084357 0.8340378486884927
z 713 577 2.45781377621619 -0.1487308319753513
u 714 1.0003931445151626 -0.0096196687777647
x 714 23.230234230734325 -0.16542118369407025 3.12933806343295
z 714 173 1.2238849419075029 1.4972388088168334
u 715 1.0002008258811363 -0.006871886060417572
x 715 22.220149842136383 -0.09919017919694546 3.02289515381508
u 716 1.01049233489391 0.01907795635937772
x 716 21.32629861577701 -0.07015112267376848 -3.08784745411233
u 717 0.997323664036513 -0.02085474996994809
x 717 20.168363832662866 -0.10827566577551521 -3.1295124256463076
u 718 1.0273215132321907 0.0016216148915563452
x 718 18.95976947687282 -0.1582136616770435 -3.071081719995617
u 719 1.0109480649278395 0.008882510743981428
x 719 18.003165205382093 -0.3008477697875134 -2.9160752930496194
u 720 0.970541100187163 0.008615835469595311
x 720 16.81954268912954 -0.5154408886943391 -3.0084024504914546
u 721 1.0068382910484346 -0.009754631350776142
x 721 15.525045157403872 -0.6399437399876939 -3.083015675303925
u 722 0.9739001222195219 0.004870173110615943
x 722 14.500305590497716 -0.7353707678849561 -3.014458819310827
u 723 0.9674322154533437 0.009539075827027288
x 723 13.416048182404724 -0.888700270096738 -2.9877609204484497
u 724 0.9714711950968763 0.0006640385666217425
x 724 12.380965493438278 -1.0522079040852406 -2.982082023612352
u 725 1.0228031107074795 -0.00843418917081424
x 725 11.123834364652026 -1.2543532735615768 -2.982234932723761
u 726 1.0358027621966313 0.003460652896326614
x 726 10.243319074921777 -1.3489341134637136 -3.086940284916391
u 727 1.0158417501154569 0.00848356046731766
x 727 9.274948227527222 -1.516757366460487 -2.8530444143027447
u 728 0.9757970103216079 0.0005857229169937533
x 728 8.33381604970542 -1.9052793328034283 -2.647115996327793
z 728 775 8.191066992368057 1.0283164113633685
u 729 0.9968964774080298 0.01205496627816117
x 729 7.330734043985604 -2.436172269049369 -2.662505211391976
z 729 775 7.718293447038368 1.126698024014484
u 730 1.0553606380700435 0.015958068115047103
x 730 6.584934214094887 -2.920874517066637 -2.4680571768948765
z 730 775 7.319107735704029 1.2408122219325879
u 731 1.0330195591169784 -0.011191578092626707
x 731 5.9858399797712245 -3.2774499683537863 -2.7413763062698577
z 731 775 7.058101720454383 1.3911780857279954
u 732 1.0601163984794315 -0.01004483504150869
x 732 4.8969210505243606 -3.7712997376916944 -2.690249436251177
z 732 775 6.952776976942662 1.5519480639148053
u 733 0.9800212326844652 0.00016626182311953167
x 733 3.8143750270212315 -4.222944930576329 -2.802433925504919
z 733 775 7.003111639770112 1.6921581294290693
u 734 0.9979762611294101 -0.00940486826445465
x 734 2.8184187373691563 -4.519587266465096 -2.9017910628409624
z 734 243 8.122934056260538 -0.8419943218171166
z 734 625 7.987998786543365 -0.6264202232760603
z 734 775 7.197010657961363 1.839565101851286
u 735 1.004573925058446 0.004168607637088184
x 735 2.1016854568673016 -4.693639300408351 -2.904935723244981
z 735 243 7.49318218084042 -0.9465260241124009
z 735 625 7.199658691706459 -0.7127161874348595
z 735 775 7.5244135650718205 1.964544178682985
u 736 1.029470231067956 -0.0045179935128534885
x 736 0.8006533018084458 -5.05013376323456 -2.843360359634243
z 736 243 6.939854509907015 -1.0624658471222066
z 736 625 6.4542711188104285 -0.8124108228359859
z 736 775 7.978255903267547 2.088393423893696
u 737 1.0109351327945093 -0.010526213065988783
x 737 -0.19502484586733004 -5.29028969230789 -2.9664694293150693
z 737 161 7.521557898077354 -0.1331635019758588
z 737 243 6.503059166226405 -1.1877553481874932
z 737 445 8.304924047715387 0.6258130742417296
z 737 625 5.801290240420803 -0.9280901404007871
u 738 0.9973982816629364 -0.007098715119795831
x 738 -1.281159249428804 -5.455676805560418 -3.0144948009843024
z 738 161 6.533799930312013 -0.14579654381526064
z 738 243 6.196258200613389 -1.330302632034026
z 738 445 7.5215739526054675 0.7110463108841034
z 738 625 5.261261444282863 -1.0729202215305462
u 739 0.9883483276035245 -0.0036117748667475716
x 739 -2.271077605522528 -5.4399890441263175 2.9828023927397282
z 739 161 5.557490176912588 -0.16770653868096064
z 739 243 6.035866723765645 -1.4863306414294999
z 739 445 6.804658251031954 0.8097913943592472
z 739 625 4.865657452494823 -1.2485587344207387
u 740 0.9971010654766344 0.013095540297141516
x 740 -3.1813659220411923 -5.289237195875202 2.9721442656275023
z 740 69 8.381867360810004 0.13085427936341132
z 740 161 4.57876062563334 -0.21856580198108544
z 740 243 6.040609347958766 -1.6647424617871964
z 740 445 6.154270613197433 0.9135507257612039
z 740 625 4.653632490101662 -1.4667625322223155
u 741 1.0258777625017566 -0.002205539629256445
x 741 -4.186850485224021 -5.099913336011919 2.93881677025301
z 741 69 7.366145285582296 0.1513851170619125
z 741 161 3.5838858445874116 -0.27815832698687615
z 741 243 6.220162415439073 -1.8275015680472002
z 741 445 5.587856872366953 1.061742432778951
z 741 625 4.659046313066073 -1.685320456660655
u 742 0.9673985720550151 0.00465843829411029
x 742 -5.121971955603867 -4.79473705495682 2.7134648316389853
z 742 69 6.411084202931653 0.16913708483507772
z 742 161 2.6677687721927303 -0.3833692877858814
z 742 243 6.535208174154355 -1.9757428796221754
z 742 445 5.183541020285866 1.220564246034523
z 742 541 8.39692272557024 -1.1086987000869692
z 742 625 4.867599674347891 -1.8886705612624706
u 743 0.9755189628534243 -0.001731388694758304
x 743 -6.0083261503599275 -4.409173275470591 2.7491007239229193
z 743 69 5.4521267655319425 0.20114444930939168
z 743 161 1.799959198492492 -0.5853296890864899
z 743 243 6.976655425709794 -2.102933457964313
z 743 445 4.9354768536362705 1.4090941691463081
z 743 541 8.008957805106972 -1.2161657848497753
z 743 625 5.254101332868352 -2.064283961722769
u 744 0.9736619519984915 0.003078645445198665
x 744 -6.6864811499502785 -4.062669049910381 2.5893440390359057
z 744 69 4.501938763799531 0.24096267567597573
z 744 161 1.126608410048493 -1.087444394127596
z 744 445 4.872884017224083 1.6044714595760583
z 744 541 7.726468510902934 -1.3377639132685046
u 745 0.9255678796418316 -0.010301575250791308
x 745 -7.368820510906601 -3.6297407536202684 2.56307150970415
z 745 69 3.6113126686592096 0.3137478511135283
z 745 161 1.0710661615246002 -1.9452045184017153
z 745 445 4.995177834526489 1.8009993831826066
z 745 541 7.561775289849901 -1.4466893591085768
u 746 0.9731156679706394 -0.012351154488705081
x 746 -8.019590806291795 -3.29684774466033 2.774444874844664
z 746 69 2.7049474726981195 0.43948149241649404
z 746 161 1.6865606176331922 -2.5012730360339837
z 746 445 5.308051219190775 1.9925370680510683
z 746 541 7.497696692907085 -1.5633839363920188
u 747 0.9547583733839364 -0.0018856338605171656
x 747 -8.818607767782426 -2.881079335048776 2.549151050328108
z 747 69 1.8857538161151906 0.6589270797057711
z 747 541 7.550324435098259 -1.6882859131578103
z 747 565 8.054707497426081 0.6813239773647441
u 748 1.0056719996180625 0.008949305592311217
x 748 -9.607328044877393 -2.373404801285816 2.5902112747573884
z 748 69 1.24829124219994 1.162538875456634
z 748 428 7.786483375473205 -0.14748961356882484
z 748 541 7.737335411943291 -1.8266063732239783
z 748 565 7.29797237675114 0.7587925404790141
u 749 0.9892285467672117 0.013684245871919134
x 749 -10.431019886304428 -1.9603124045055342 2.763259032951879
z 749 69 1.2412965797662574 1.9660761646296177
z 749 428 6.810717718777218 -0.18350270692084125
z 749 526 8.126949915875619 -0.015808761706096686
z 749 541 8.051055370252543 -1.9592254827189395
z 749 565 6.610113652476393 0.8475095658644709
u 750 0.9611432484484719 0.001718790726898016
x 750 -11.24028146059243 -1.7355124287654367 2.978020886139376
z 750 428 5.868508363850795 -0.21525003874542392
z 750 526 7.165958204985547 -0.019763088244560745
z 750 541 8.462686564975522 -2.066215130135688
z 750 565 6.016591362189506 0.9657404842651189
u 751 0.960932145515769 -0.0018925297293690357
x 751 -12.175751040243515 -1.5871956614606992 2.9906861822382362
z 751 428 4.9337920807712115 -0.2547895708345105
z 751 526 6.205222659302107 -0.020784337330348013
z 751 565 5.527621289779085 1.1111989666767679
u 752 1.0370877537840317 0.005395746648684876
x 752 -12.997851734306138 -1.4541314827819412 2.9715649763554337
z 752 428 3.9397569650273425 -0.3272691400865191
z 752 526 5.168479446348894 -0.03089151523386935
z 752 565 5.1494277480426724 1.2870518029048146
u 753 0.9606750624701018 -0.011204361697136733
x 753 -14.153065595386886 -1.3402916680861752 3.1151658877610986
z 753 428 3.043551611998543 -0.41602059475087305
z 753 526 4.208186705747793 -0.025459770792696013
z 753 565 4.972218140608566 1.4851238473749948
u 754 1.0362991514098694 0.0072415922241842005
x 754 -14.972544148623081 -1.3091213567739104 3.09198254970058
z 754 428 2.1392495108999356 -0.6219355855681776
z 754 526 3.172471073334756 -0.042199418606175154
z 754 565 4.987773545916148 1.6863281486583208
u 755 1.014385530309155 0.01908464129889008
x 755 -15.92360692222685 -1.2361533010272583 3.0380574780962277
z 755 565 5.193969740667471 1.862687120521299
u 756 1.0037363892756004 0.0012060160837292794
x 756 -16.7695328305152 -1.063281789695841 2.8419634958580664
z 756 565 5.565898449986409 2.035092002906822
u 757 1.015833668405587 -0.0017861187636977098
x 757 -17.69914302896673 -0.8053127909260234 2.8998395746785945
u 758 0.9712933931969171 -0.00300306744867059
x 758 -18.479259263034223 -0.6794649432259446 3.0634628938481505
u 759 0.9333158765714094 0.002813288410952439
x 759 -19.441749705289222 -0.71940134211279 -2.9805249197296746
u 760 0.9649155001772179 0.00910275100365197
x 760 -20.39844745886795 -0.9247312067015074 -2.879827765049709
u 761 1.0062378566699948 0.004031532702007943
x 761 -21.396216364798793 -1.1460647091192377 -2.9667702488910255
u 762 1.025651117256835 0.0018786082550309858
x 762 -22.467465617475053 -1.3548853947888206 -2.931379655556246
u 763 0.968800167014713 -0.005118140898928344
x 763 -23.693216471588702 -1.5711973006840472 -3.002456614655568
u 764 1.0170369706940254 -0.0019238808487978011
x 764 -24.893519450170373 -1.6687422484257115 -3.118551213647495
z 764 456 8.149431924800629 0.4541975848592852
u 765 1.1433831764122675 -1.5707963267948966
x 765 -25.3591543151873 -1.1030897647442386 1.3543930730503293
z 765 456 7.875088638291991 2.1489236004569783
u 766 0.9685658482399271 -0.003841411650440371
x 766 -25.24927458827128 -0.22151018328015526 1.539199332518736
z 766 456 8.444874059465915 2.2488459015937874
u 767 0.9921741909320869 0.010907125739398225
x 767 -25.277612486043544 0.5097038626775336 1.6798637242561192
u 768 0.98564324869274 -0.011295941359207919
x 768 -25.420828526129377 1.7530073774159742 1.6910978691707585
u 769 1.008009895415066 -0.010290474714871356
x 769 -25.647858510501933 2.8527363886010435 1.8576584046809623
u 770 0.9799977935872091 0.005627453705533884
x 770 -26.00070019809198 3.810971146370962 1.9895618442624379
u 771 1.0248524929716887 -0.0020380208169077005
x 771 -26.19132516716034 4.530856682024718 1.6697466273624126
u 772 0.9950388884201702 -0.001139042719014727
x 772 -26.25440348074208 5.406059592828875 1.6157427892068785
u 773 0.9926889172132782 0.005289793888858163
x 773 -26.314879728664383 6.5427710128242875 1.632155270368826
u 774 0.9593468033662744 -0.006708795989883107
x 774 -26.353934608343817 7.627673275595394 1.581403354350404
u 775 1.0067487449829722 0.015159584785832736
x 775 -26.35108711701094 8.823741931731975 1.5554278903710337
u 776 1.0324952564148886 -0.0061361122322891246
x 776 -26.342647194388345 10.305290784715453 1.5747715090453553
u 777 0.9388765963825573 0.008331529315435323
x 777 -26.449493766936566 11.406278336795635 1.7603074921049133
u 778 1.0310767833143655 0.015365363875056938
x 778 -26.55532239258999 12.744181718823896 1.5391571476135821
u 779 1.0083619074394425 -0.018087437404820543
x 779 -26.450702914962125 13.880950441918372 1.4188878878158624
u 780 0.988878915250115 -0.006240848913628437
x 780 -26.271126040598098 15.000147201549016 1.4045137117442152
u 781 0.9815458321580922 0.0123082921524175
x 781 -26.12954062166428 15.657676557672534 1.3128969219917437
u 782 0.9986131562215523 0.007109409013349219
x 782 -25.803530337920805 16.749497788599914 1.2483646128563368
u 783 1.0110680320086616 0.00912904018820893
x 783 -25.373906610782345 17.747474992397862 1.080197353965806
u 784 1.0422667161515053 0.009502072479355844
x 784 -24.813752381689433 18.903786272882336 1.1591635934948128
z 784 594 8.283360901427779 0.8088239303651639
u 785 1.0269895564465608 -0.005044505297982918
x 785 -24.467156402975498 19.938665076925506 1.3360830957650016
z 785 594 7.612776233021044 0.9118590219123917
u 786 0.9808888977768558 0.008402554047386787
x 786 -24.34279241688229 20.752548080513918 1.50224875738465
z 786 594 7.051446808724436 1.0133002563647988
u 787 0.9821802562676062 -0.003093599974110703
x 787 -24.32408047639596 21.953174404144733 1.608176120995065
z 787 594 6.586152983520709 1.1434043686317974
u 788 0.9936228447948781 -0.00862241211919881
x 788 -24.263462796243367 23.094246394894853 1.4272694114055007
u 789 0.9592117642428 -0.0020024165410872843
x 789 -24.13973171908526 23.85381506246558 1.3913668838407887
u 790 1.04155400353347 0.006590248643911222
x 790 -24.07423569229362 25.005871502499566 1.6366452224869512
u 791 1.0379104248782438 0.008108976776520888
x 791 -24.11166053134173 26.01060645823321 1.579409944592535
u 792 1.0276720196260687 0.0003292393502975394
x 792 -24.185004841381417 27.149359954783186 1.6908201061528834
u 793 1.0565242178291374 -0.003523513528422815
x 793 -24.46764123699715 28.30873845115312 1.9290096693779386
u 794 0.9801896824515826 -0.006519114613300067
x 794 -24.714684078541488 29.271295624583658 1.7150431962779216
u 795 1.025730325169134 0.0007535902810750874
x 795 -24.77372962407564 30.51635420014788 1.5213262675202959
u 796 0.9601320919275195 -0.0015829416288688108
x 796 -24.75395590985714 31.831750771332597 1.5902036272190276
u 797 1.0331674726151632 -0.013866812757579765
x 797 -24.792666395446652 32.68757154421535 1.6417914084521072
u 798 0.9530899425645087 0.0055710425374215335
x 798 -24.875517781880674 33.508190289259 1.7010435036530902
u 799 1.061150506347393 -0.002808740150241938
x 799 -24.968170418243233 34.56481109320968 1.6154770954489193
z 799 60 8.090835710717323 0.643626411819624
u 800 1.028148576849089 -0.006854421149172018
x 800 -24.864044088785235 35.432572843348176 1.2872692494583404
z 800 60 7.2968863254283525 0.7355244752803256
u 801 1.0302854822737606 0.014746752411143366
x 801 -24.543956358591167 36.50078032242796 1.2720531799664547
z 801 60 6.563790333063896 0.8254264471776307
u 802 1.0301696017646806 0.016046384070750208
x 802 -24.149316137231512 37.74492720852082 1.255222162862216
z 802 60 5.907022457870721 0.9369248040955247
u 803 0.9295656532560511 -0.0001429794224634633
x 803 -23.833184153429617 38.714654768678564 1.2560968030999993
z 803 60 5.408639971886333 1.0760016483813821
u 804 1.0665371888315207 0.000544916998021267
x 804 -23.45930772592867 39.9799714476969 1.310885169717876
z 804 60 4.9909669738785265 1.2646196113152977
u 805 1.0029262391288876 -0.004303265698684007
x 805 -23.139874843508323 41.01413675653194 1.2315405730950388
z 805 60 4.787342277709946 1.4701661247114126
z 805 217 8.173506251752432 -0.9146940667369865
u 806 0.9869897997726501 -0.0007634215872086657
x 806 -22.982649818738476 41.68040634976731 1.4465747638423831
z 806 60 4.79030490119992 1.6773979283293974
z 806 217 7.611372900116384 -1.0168317384084067
u 807 1.0244108998091777 -0.0015786248716015802
x 807 -22.91314478075313 42.831803309778536 1.5744325516417748
z 807 60 5.0048376369199 1.8839130272587505
z 807 217 7.125190606845363 -1.137770862377697
u 808 1.0374714045102946 -0.0006982238502433638
x 808 -22.87667691787216 43.6562419971039 1.4787506013196534
z 808 60 5.415437354218007 2.0678766310754124
z 808 217 6.755457416934717 -1.276905740061745
u 809 0.9291895393206641 -0.0006854503507311055
x 809 -22.800843041773703 44.71948009562072 1.5204361749888724
z 809 217 6.546663436640908 -1.4124751827754398
u 810 1.0199928170541483 0.0007226076303933882
x 810 -22.919685169567742 45.82717629156627 1.8349141293640212
z 810 217 6.465166660981933 -1.5696383996428978
u 811 1.0051575725908832 -0.007236248309911211
x 811 -23.12425182566362 46.61369491264507 1.8155856883877064
z 811 217 6.5380917106314245 -1.7167508653984695
u 812 1.0173737673186114 0.0036614148034202604
x 812 -23.323571170714633 47.25126157141035 1.9320046471856003
z 812 217 6.76317845602805 -1.8697553428886646
u 813 0.9991212425991829 0.0075597646633182285
x 813 -23.84469418485665 48.50069504618035 1.9998872025931584
z 813 217 7.125163674500019 -2.011565102794699
u 814 0.9955435391449052 0.005130121139624601
x 814 -24.23625374989285 49.49286742013761 1.8934748829603683
z 814 217 7.605559843406092 -2.1352149481140508
u 815 0.9540263063785361 -0.014100333651929808
x 815 -24.440701343614823 50.425362269335366 1.67978351178877
u 816 1.0266567193618965 -0.005561544564244329
x 816 -24.513854064172545 51.149703309996276 1.6631108014894105
u 817 1.0448415205234638 0.014059042765374705
x 817 -24.649536674710475 52.357006435705856 1.7023124011829838
z 817 710 8.292124231782019 0.2306904948631856
u 818 0.9872792638305544 -0.009031960272135826
x 818 -24.764328249041693 53.170448922921615 1.7196652906779315
z 818 710 7.335640770788768 0.2710920731939863
u 819 0.9906831860520503 -0.000326693332564968
x 819 -24.999309080212974 54.09816800686705 1.918070519674668
z 819 108 8.048195637901122 0.5702987273012763
z 819 710 6.386700253932653 0.3129928619211051
u 820 1.0168310775201606 -0.004469628503358896
x 820 -25.28041463052107 54.75131803760379 2.036366903881012
z 820 108 7.214580685369222 0.6511994118714357
z 820 508 8.026784913484676 -0.3419624920048854
z 820 710 5.4291339891274095 0.3755616806588913
u 821 1.0002861621977468 0.005468074390338741
x 821 -25.693574651174437 55.71971903475877 1.9117460728559603
z 821 108 6.445716318954891 0.7395958660347919
z 821 508 7.093396483352058 -0.3950996054642104
z 821 710 4.5123018194137146 0.4509284369384732
u 822 1.00456283100435 0.006218643944099837
x 822 -25.992012934766525 56.53660999862679 1.930386214911696
z 822 103 7.893427389294105 0.961348587142556
z 822 108 5.741292623425307 0.8511757745173849
z 822 508 6.17972453486386 -0.46439470952653394
z 822 710 3.632930919070929 0.5647290784153602
u 823 1.024383212114304 0.01333803542186254
x 823 -26.39175824128433 57.509904627358225 1.9906223475596123
z 823 103 7.349177781509936 1.062014591655739
z 823 108 5.118624973100316 0.9880254777694555
z 823 508 5.28739552687924 -0.5657719339486662
z 823 710 2.8166964271550543 0.7451853776274899
u 824 0.9992284899905561 -0.0019318968674715195
x 824 -26.804950919282984 58.36402199524037 2.052122341195254
z 824 103 6.918599564617596 1.1904849409971572
z 824 108 4.645149692669972 1.1706594360102942
z 824 508 4.47542794397153 -0.6836319823042194
z 824 710 2.190613880627333 1.0619279244678008
u 825 0.9737791794727001 -0.001195776191582302
x 825 -27.088222774320844 59.28299717993082 1.6874824715045378
z 825 103 6.619737853181142 1.3287337662249845
z 825 108 4.35965048557151 1.3791055526680696
z 825 508 3.77053252102198 -0.8461676433138563
z 825 710 1.915918475796603 1.5231894565536948
u 826 1.0139170280493 -0.010107848091605557
x 826 -27.265617104933703 60.36541357822812 1.7789966673645017
z 826 103 6.457331054495383 1.4920683331620035
z 826 108 4.2888401834883645 1.623656872656153
z 826 508 3.185572174391221 -1.0755871718935328
z 826 710 2.129198905705227 2.029129035946532
u 827 0.9893116708357244 0.0015269796057730933
x 827 -27.47826324133733 61.1414413853823 1.8975033503058638
z 827 103 6.454556387781113 1.643931514465958
z 827 108 4.451379909020801 1.8459404640540074
z 827 508 2.852286063354027 -1.387375217477679
u 828 0.9362987963522238 0.007643475068017
x 828 -27.8044814034818 62.216028432188025 1.8335567344898447
z 828 103 6.58597399902964 1.7785916980070091
z 828 108 4.788050614586783 2.027824506587331
z 828 508 2.8386730554662973 -1.7255342056693799
u 829 0.9925508359224022 -0.0002690384138606
x 829 -27.912692872402676 63.07514490131978 1.5586296341340047
z 829 103 6.8599638510771195 1.9209089110138464
z 829 508 3.1481667362404004 -2.042055862212038
u 830 1.049425862332439 -0.00661299762785131
x 830 -27.97186895945397 64.20232569161121 1.6878651095577943
z 830 103 7.2899697477014564 2.0629932687824306
u 831 0.9884322480037304 0.011980338114708096
x 831 -28.046641606554186 65.38693999797621 1.5797999416522694
z 831 103 7.8009388025097115 2.163270881442635
z 831 154 8.035715436334659 -0.0524842984282321
u 832 1.0030965539788068 0.010608368399601624
x 832 -28.04487260781705 66.5862262018723 1.5588426280485965
z 832 154 7.034536610447925 -0.07132854018875978
u 833 1.0284540633524637 0.004203549379588015
x 833 -28.036008141891347 67.39989227546008 1.5609619345006873
z 833 154 6.009328471225961 -0.0880881986642601
u 834 0.975509224833663 0.01089574154957844
x 834 -28.042562326821987 68.00852723361743 1.6021672132071334
z 834 56 8.095110942529585 -0.33775099641772943
z 834 154 5.03891209740643 -0.11706657770455209
u 835 0.9677599937633005 -0.005114607471782207
x 835 -28.188338422601834 69.0886792658561 1.8077221047116625
z 835 56 7.18826382232852 -0.37693783480874554
z 835 154 4.0789900791274425 -0.13906380376127636
u 836 0.9569122644562811 -0.002747798137369164
x 836 -28.49212863766179 70.33225654015138 1.8130603098312195
z 836 56 6.3078206383248645 -0.42986283489431365
z 836 154 3.133888069537604 -0.17823826583468527
u 837 1.0044604960248533 -0.0027598706068979865
x 837 -28.807618293976287 71.36711241215086 1.9203575733847877
z 837 56 5.410287334526768 -0.504318734759083
z 837 154 2.1523634566677217 -0.25767718085896973
u 838 1.001815140982309 0.005914105121196568
x 838 -29.215218948811252 72.3997760127548 1.9731071976405818
z 838 56 4.560672501458423 -0.6171485236038405
z 838 154 1.2121935290443313 -0.47820492431362727
z 838 370 8.292643724945187 -0.3129611527163192
z 838 462 8.281669544690596 0.07581273375577258
u 839 1.0284175656336203 -0.01624926554096324
x 839 -29.593135129605884 73.2922113157693 1.9696270212223528
z 839 56 3.763435343555353 -0.7578676246878064
z 839 154 0.5515580833206825 -1.4677013118159703
z 839 370 7.318163322069103 -0.33890206332498973
z 839 462 7.257396157464212 0.10394262585306091
u 840 0.9965345985065795 0.0042827772783006045
x 840 -29.996340386131198 74.33305236909293 1.9111326339134607
z 840 56 3.1176490238322563 -0.9841809904412653
z 840 154 1.089268950027789 -2.615767183063136
z 840 370 6.387725694261523 -0.39538851296909794
z 840 462 6.266839997881367 0.11582072873389926
u 841 1.1084082078356714 1.5707963267948966
x 841 -30.78166709368975 74.52169139258054 -2.3826093366443786
z 841 56 3.456057806123889 -2.8419588878370643
z 841 370 6.078799217309596 -2.118610248145855
z 841 462 5.5192505578728035 -1.56743106005493
u 842 0.9957971866879082 -0.0026274680744026078
x 842 -31.52355677237788 73.93033616625544 -2.554643980340479
z 842 56 4.416973885846021 -2.9062096748952415
z 842 370 6.650952049679927 -2.2442493792456104
z 842 462 5.603776075651249 -1.743451442221019
z 842 851 7.619375970263062 -0.2220387930039447
u 843 0.989499566798341 -0.00907163948765372
x 843 -32.277350638741225 73.33977353099561 -2.3994012797500317
z 843 56 5.383265544459755 -2.94082947421537
z 843 370 7.305930583499235 -2.3416284360263533
z 843 462 5.851243724758403 -1.901886498930358
z 843 851 6.656618514965602 -0.24504982351416738
u 844 0.9924600189635387 -0.004091141059638146
x 844 -32.827460347946264 72.78872366281051 -2.311280121150415
z 844 370 8.027707365438864 -2.426513765977957
z 844 462 6.242999586592218 -2.048811680957694
z 844 851 5.6983242875298705 -0.2828789391058124
u 845 1.0320720116083235 -0.004570917316073199
x 845 -33.66516099575367 71.95706932120108 -2.40835271065845
z 845 462 6.778055882806788 -2.180016209892321
z 845 741 8.457881032714042 -0.024129204714054886
z 845 851 4.715285956761141 -0.3389581265670052
u 846 1.0135717998767957 0.004041202878077619
x 846 -34.249848235074005 71.41109897313055 -2.372495137494559
z 846 462 7.406387706345618 -2.2963656205550143
z 846 741 7.444703619511939 -0.031730216656154386
z 846 851 3.7753145114061826 -0.432900434944707
u 847 0.9934629949527085 -0.003027463575886012
x 847 -34.91309940395205 70.69908368787131 -2.26900765911705
z 847 462 8.098752994881394 -2.385362139201798
z 847 741 6.45176431862209 -0.03335488961487876
z 847 851 2.9027426867972035 -0.573471107094587
u 848 0.996445633459342 -0.014518853490829937
x 848 -35.46263173542933 69.99629194764191 -2.199832387106966
z 848 338 8.316527818496738 0.23295420828307511
z 848 741 5.455728642620823 -0.02360160103607356
z 848 851 2.1299723327356803 -0.8126190475901138
u 849 1.0103837138114964 -0.009191992086559275
x 849 -36.07028065241758 69.14237284317181 -2.1786980895466255
z 849 338 7.338374613300207 0.2745521009721035
z 849 741 4.445572430776484 -0.018728915432947968
z 849 851 1.6074137410575469 -1.2751381038453817
u 850 1.0027740866216934 -0.00265800667478544
x 850 -36.59191054303892 68.17767066816704 -1.9542694443948474
z 850 246 7.9840438027575615 -0.7933610299575156
z 850 338 6.379370675815807 0.3200409669226314
z 850 741 3.442994641045356 -0.02113840723033711
z 850 851 1.6266331582705853 -1.9029004796476485
u 851 1.0127419536816529 -0.014105558856424312
x 851 -36.973808493409 67.16207980760545 -1.9066791424515341
z 851 246 7.303839864065039 -0.8775486539617079
z 851 338 5.430089778733465 0.39410473478274444
z 851 741 2.430403408242695 -0.012902079014417644
z 851 851 2.1734187772588216 -2.346134754693181
u 852 0.9703008844261738 -0.00134225376966753
x 852 -37.408984578558176 66.14098413039659 -2.040662063482598
z 852 246 6.724776053707304 -0.9873554673101776
z 852 338 4.549752033346527 0.47756105866325793
z 852 741 1.4602233971036143 -0.01968703205026756
u 853 0.9546131222277218 0.00536923996857686
x 853 -37.83467318799759 65.39273758322217 -2.135428871691419
z 853 246 6.252170933241873 -1.1207258410825007
z 853 338 3.726419126637345 0.589591416953223
z 853 635 8.410147072770537 0.5076763791660901
z 853 741 0.5063008374964416 -0.06724621210083948
u 854 0.9956849554322218 -0.0021467211191836767
x 854 -38.45090271264041 64.34303534324906 -2.067852407099145
z 854 246 5.886656280204271 -1.2713929529164363
z 854 338 2.951980827034682 0.7807041235233156
z 854 635 7.556141804429813 0.5740513054808178
z 854 741 0.491633266748283 -3.072369198392998
u 855 1.009024907673498 -0.0016251585953884872
x 855 -38.85291484336794 63.67438325672037 -2.1563836546561177
z 855 246 5.670780469591605 -1.440572609487832
z 855 338 2.3459744030895244 1.0901161488340474
z 855 635 6.731694868165889 0.6572661232434043
u 856 0.9974137857196353 0.0186702045593851
x 856 -39.46878256977314 62.84120933010291 -2.258292987841674
z 856 246 5.638118922791065 -1.6357699934621448
z 856 338 2.0726621380921872 1.509954608418627
z 856 635 5.966876735302011 0.7396528465630121
u 857 1.029373006716272 0.016915364337896435
x 857 -39.98265167605167 62.149403890327534 -2.1610465838031434
z 857 246 5.805130801895085 -1.8304615735378786
z 857 338 2.249454507953011 1.9671036608398929
z 857 362 8.400844221188592 0.6897204257962755
z 857 635 5.245872100584526 0.8541451675621281
u 858 1.0060932082976626 0.00804060034233354
x 858 -40.58063782702036 61.21419285650956 -2.1183394579684798
z 858 246 6.144615226333943 -1.997243977488103
z 858 362 7.648731804258021 0.7650675781634901
z 858 635 4.643903017657469 1.0096131203526744
u 859 0.949244695598455 0.001621095190253609
x 859 -40.88799352303155 60.78054454884182 -2.256424769835911
z 859 246 6.594791193296753 -2.130241897186057
z 859 362 6.9943889416518426 0.8575000921085638
z 859 635 4.215313418750143 1.1997186261439072
u 860 0.9941333383069927 0.011420687448222775
x 860 -41.731835408036105 59.74526694566861 -2.252914284931712
z 860 362 6.3835989829592545 0.963531102948016
z 860 635 3.9589699977759536 1.423966194660693
u 861 1.0452472545031726 -0.022066574288996926
x 861 -42.71187335083984 58.75221304023256 -2.446281418268174
z 861 362 5.8608408173037505 1.1337078571823334
z 861 635 3.9554433584572477 1.7109374637106347
z 861 862 8.323859709299464 0.9826882675749671
u 862 1.040761339261107 -0.011942561164988832
x 862 -43.56328156887325 58.121481202771925 -2.561716678496828
z 862 362 5.507691650547902 1.3181787022869136
z 862 635 4.234077753867096 1.9685284086559456
z 862 862 7.8002367591680475 1.1063122966102483
u 863 0.983901602309484 0.0064702160571746825
x 863 -44.201748540681486 57.73876580149179 -2.6414700460078286
z 863 362 5.344150053857544 1.4907786946099009
z 863 862 7.408879449742759 1.2186586693507042
u 864 0.9597130924411769 -0.00483202267855571
x 864 -45.17757431337436 57.13502198480265 -2.5336023605553777
z 864 362 5.355910046584332 1.6752231366158679
z 864 862 7.137225322088084 1.3501553804817412
u 865 0.9893233245274738 -0.011294698611994978
x 865 -46.10686540145307 56.63191584122957 -2.7571698927519117
z 865 362 5.552356981870984 1.8645584326801092
z 865 862 6.993278021560443 1.5001040341184106
u 866 1.0153720785975313 -0.0028913779367732645
x 866 -46.68236516585988 56.37761743029689 -2.693863673616224
z 866 362 5.9279086738611815 2.032069424423387
z 866 862 6.9967344962894416 1.6482789715472475
u 867 0.9914623442130331 -0.009546970972662725
x 867 -47.679187822077175 55.941624003724456 -2.7646969249836646
z 867 862 7.146832462838342 1.7965281872659373
u 868 0.9789113907995519 -0.0007874540741177392
x 868 -48.62919287995525 55.62121772825019 -2.8679133105479253
z 868 862 7.42782525381119 1.9261060988604468
u 869 1.0001403996684353 0.0017153167505502716
x 869 -49.533138193761026 55.32810423603623 -2.7881467289977957
z 869 862 7.83132430448404 2.0444503612560876
u 870 1.04282986773292 -0.003581555122233863
x 870 -50.43830681757565 55.1682645214144 3.137714135031846
z 870 862 8.36023426488193 2.159162709482511
u 871 0.989810678958123 -0.009475635084749025
x 871 -51.63182884245362 55.04213275358575 -2.927135148463832
z 871 728 7.684755365346718 -0.01670601774278202
u 872 0.9797367123279481 0.0026834893055111514
x 872 -52.78564251214951 54.86675178210327 -3.054357243657108
z 872 728 6.705201815236762 -0.02202643151046324
u 873 1.0198275023629049 -0.0036498719759708045
x 873 -53.74432489400148 54.56216398296288 -2.613570371039405
z 873 728 5.685620288874246 -0.02199985339891697
u 874 0.9815268450788827 0.011873917836441948
x 874 -54.361192334704725 54.161173670086605 -2.516804150609288
z 874 728 4.704562096969373 -0.03970155246931251
u 875 1.0355688751670638 0.011056974207965274
x 875 -55.47726938362012 53.34317763216872 -2.5014201771164686
z 875 728 3.6703562413431325 -0.06351583991494003
u 876 1.0248480236348414 -0.011917847834140096
x 876 -56.33486470074568 52.720872689171266 -2.5263107991080203
z 876 155 8.256627354171744 0.08690770818260107
z 876 728 2.6478677439111813 -0.07386460694270269
u 877 0.9964455727116998 0.0010583380592521848
x 877 -57.01815869172576 52.26752979895549 -2.5853064058212336
z 877 155 7.264405538079968 0.09768330771251543
z 877 728 1.6558354289832793 -0.11966513454021799
u 878 1.0133128403192708 0.0010052849160678173
x 878 -57.796317932456354 51.72630255135588 -2.4824497128208383
z 878 155 6.256646444155207 0.11239307602319037
z 878 202 8.320256796803822 -0.7174005945689546
z 878 728 0.6610864240092279 -0.3054705817736285
u 879 1.0084786419316067 0.010557762329505088
x 879 -58.438828846560305 51.20257078722572 -2.4329347375246586
z 879 155 5.255058409104724 0.1223532579977773
z 879 202 7.5932168074242234 -0.8159134605255343
z 879 728 0.4295819150379985 -2.6569518976322546
u 880 0.9909278833023828 -0.0007311896554774715
x 880 -59.05138049008567 50.657071819879036 -2.395127760254101
z 880 155 4.27330477798223 0.15147391053595927
z 880 202 6.951509225770684 -0.9191593323201106
z 880 728 1.3855184181542695 -2.9961685814813386
u 881 0.9696186398329485 -0.00048206898770652675
x 881 -60.149983280055025 49.7589088735345 -2.5173554333617822
z 881 155 3.318061408583005 0.1961352810343313
z 881 202 6.409774514359475 -1.039221940843758
u 882 1.0208969862630592 0.0005501091539016861
x 882 -60.930148855361494 49.15779688874897 -2.452853797379674
z 882 155 2.325186949541331 0.2811351565426863
z 882 202 5.95790541322406 -1.188045496507271
u 883 0.992275353284091 0.0017870469717539796
x 883 -61.785727527227685 48.53424904410006 -2.570739330967096
z 883 155 1.3988101035999112 0.4768326522708466
z 883 202 5.663495808151278 -1.3531436128940788
u 884 0.999393206928087 -0.0066090740033360375
x 884 -62.43473989009677 48.063094819564995 -2.456577296304467
z 884 155 0.6896849541724652 1.2167345160143217
z 884 202 5.531095132267494 -1.5237538976973681
u 885 0.9554460790950476 0.005211223430630668
x 885 -62.931890693955864 47.57543045343884 -2.2750765057965854
z 885 155 0.9635284549805482 2.4037768253164504
z 885 202 5.571030099448222 -1.70114773433207
u 886 1.0367603494331958 -0.004530617753739072
x 886 -63.95225512457364 46.600282058961014 -2.4826224316336143
z 886 202 5.7954126824532395 -1.8749891392188625
u 887 0.976682959207315 -0.0032906011370693214
x 887 -64.55135843737388 46.164966764159175 -2.543835666944459
z 887 202 6.1574110148193455 -2.023697788896265
u 888 1.0158082306236662 -0.0014215654415184339
x 888 -65.73943004535808 45.26316223379624 -2.4408149606954734
u 889 0.9820811490461059 -0.0030235009725088683
x 889 -66.35984500016212 44.57136226018013 -2.1628803552385354
u 890 1.0101088794112039 -0.0008852767713006884
x 890 -66.72276902054472 43.95875316288802 -2.0483721235045276
u 891 0.980375262555334 0.015610953460245741
x 891 -67.0280153923727 43.16778007882834 -1.8298270750393542
u 892 0.9778085895597299 0.009532381649226065
x 892 -67.29477793555995 41.88348715427194 -1.721364474749515
u 893 1.0885088702836354 -1.5707963267948966
x 893 -68.11731642645174 41.41344542121852 2.7596928825978413
u 894 1.0704198944405634 0.004133566855269852
x 894 -69.08385136161965 41.709680535425996 2.9286885054864538
u 895 0.975018828056333 -0.00330290690696904
x 895 -69.92278732905659 41.873437363667875 2.9689528888128454
z 895 644 8.395216802097664 -0.5674128019950899
u 896 0.9869694685028687 -0.012363389360997809
x 896 -70.87159191829382 42.07536551773886 2.8948421418636325
z 896 644 7.577881448349378 -0.6244239313427169
u 897 1.0172546803284703 0.007539378542722849
x 897 -71.92529571388273 42.281878283096674 3.001274325499299
z 897 644 6.781235366227947 -0.7202363368396103
u 898 1.0009427809226625 0.006268044117803419
x 898 -72.63310505763883 42.339203830488465 3.1202835644315012
z 898 644 6.067233625224701 -0.8359218894722891
u 899 1.0148301303008345 -0.009058359386039994
x 899 -73.20767920839877 42.350889598908175 3.122231073624538
z 899 644 5.435364173836726 -0.9652580243994722
u 900 0.9856939384732984 -0.005490852381278643
x 900 -74.5215357197302 42.4316730930096 3.0381372851334287
z 900 644 4.93877194189495 -1.1242918332990417
u 901 1.0331658139405673 -0.013971592130964133
x 901 -75.39979704009643 42.48981749081307 3.1128329948735587
z 901 644 4.581264956758064 -1.314458475382775
u 902 1.0375157021082309 -0.005249887482782151
x 902 -76.76552123440675 42.320500492426504 -2.8661397866624334
z 902 644 4.430584705711091 -1.5375505543781482
u 903 1.0148941993202634 -0.0020530137613411015
x 903 -77.95274525649702 42.01521891742349 -2.9136728488898838
z 903 644 4.51131193420531 -1.7622706053053934
u 904 1.0125072735758223 0.004453669309258974
x 904 -79.2962455316669 41.58908605346561 -2.755224902944845
z 904 644 4.809949008367518 -1.9747880492296623
u 905 1.0513388954953298 0.011047809877975195
x 905 -80.4558975517395 41.059670023147945 -2.671418292674758
u 906 1.0402729513344116 -0.007278871626980631
x 906 -81.38770217407904 40.69509375392313 -2.865871481976738
u 907 1.1464413449140964 -1.5707963267948966
x 907 -82.37299686445346 41.24399769840481 1.8493214177542292
u 908 1.022081633094066 0.0023108088752175826
x 908 -82.68724475589276 42.186560157003996 1.935887697558254
u 909 0.9638258108524019 -0.005016940707320115
x 909 -83.13846687134063 43.158082423307036 2.075313301058924
u 910 0.9861846942138781 0.0036207621929523607
x 910 -83.59727863514273 44.20622122387519 1.8915022611754884
u 911 0.9519716087527019 0.000942936288441225
x 911 -83.90390134568851 45.15925416557343 1.8726398183296595
z 911 289 7.853092871595745 0.15649598239129947
u 912 0.9876119961244707 -0.008522948865748286
x 912 -84.2174296874473 46.193340238052016 1.857721189029955
z 912 289 6.880034147286387 0.18799795673414366
u 913 0.9802590044366417 0.004910825799799631
x 913 -84.55368885868756 46.88591721356878 2.187862892200018
z 913 289 5.919363936562615 0.21364209249602428
u 914 0.9985930053101986 0.0013554128079671256
x 914 -85.31188184528982 47.84677506428966 2.289822523375874
z 914 289 4.94783424129148 0.25495684527408313
u 915 0.9704789842857141 0.018891016579822496
x 915 -85.87932157221498 48.51839138202186 2.2548062460215847
z 915 289 4.013408155003056 0.29487113589722824
u 916 1.0794214412391048 0.023329540930962005
x 916 -86.79969646064613 49.89762593778512 2.0636799894302005
z 916 289 2.992250343958046 0.37251416399248605
z 916 379 7.471146003549474 -0.054857050127482765
z 916 821 8.444892574998335 0.36602389651216427
u 917 1.0029532972461923 -0.005911444906015452
x 917 -87.46087532431577 50.98651094536316 2.1693168594532395
z 917 289 2.091756908575197 0.555173755602766
z 917 379 6.469753939441858 -0.05698790886308647
z 917 570 8.347278231361525 -0.10787959024040861
z 917 821 7.518150714345787 0.4200679553599116
u 918 0.9876221204784131 -0.004288525788199794
x 918 -87.98151827571618 51.98140824993775 1.9365233907059967
z 918 289 1.3580655307783775 0.9542788179118462
z 918 379 5.483884733079805 -0.06257167060812074
z 918 570 7.3659100187228255 -0.11774212995713196
z 918 821 6.629621910287135 0.48543970452574037
u 919 0.9806713856788387 0.008731266794976949
x 919 -88.23467467694921 52.72419404351262 1.8620163246193426
z 919 289 1.1209279081162014 1.7373064177880835
z 919 379 4.505890102806797 -0.08586090406401325
z 919 570 6.393659611602138 -0.14515703180085993
z 919 821 5.778107740096174 0.555324829218721
u 920 0.9710101128217346 0.0012500126913629894
x 920 -88.42618176169664 53.356072916459084 1.8681284797174813
z 920 289 1.5996235074795242 2.377922578858331
z 920 379 3.5395031793084955 -0.11080969136149843
z 920 570 5.43478023665559 -0.1723640825341457
z 920 821 4.979027123043943 0.6569710348330897
u 921 0.9940597304850606 -0.0073802074601368875
x 921 -88.81686986079727 54.116162971974745 2.223037497900526
z 921 340 8.219083141189328 0.2512371609755819
z 921 379 2.5533562810562453 -0.14506496380230338
z 921 570 4.457954706319952 -0.20242631236896047
z 921 821 4.23825892358609 0.8087780646150176
u 922 1.0358829678507162 -0.0006963391449374991
x 922 -89.60666216530903 55.32009728572512 2.0797315686512476
z 922 340 7.220417177963637 0.28765542990586734
z 922 379 1.535585347658604 -0.24180612131202617
z 922 570 3.449421643671768 -0.2620396826031901
z 922 821 3.602231569236745 1.0191143749073301
u 923 1.0002338441513925 -0.003644786676937842
x 923 -89.95193570794852 56.0900844253988 1.9049306792353313
z 923 340 6.2683065222413035 0.33686551053912517
z 923 379 0.6120755272509395 -0.6370774910253543
z 923 570 2.4961637724123324 -0.3616768446577092
z 923 821 3.1954408724992946 1.2929125216533333
u 924 0.9960440807519587 0.008945868946237235
x 924 -90.30119992763139 57.32788793455547 1.7866914179027091
z 924 340 5.336690851697289 0.3888590726987129
z 924 379 0.6243916555387066 -2.5191692078867955
z 924 570 1.6062336662581764 -0.5945017596023923
z 924 821 3.0707267976968926 1.6007609877145734
u 925 0.9437869086151688 0.009477565447037057
x 925 -90.48183789946684 57.942799413677996 1.926350429374006
z 925 340 4.475678427695491 0.45848593457760334
z 925 379 1.497129450732293 -2.9023794031426022
z 925 570 0.9834130636861974 -1.1759459940535102
z 925 821 3.2351644319507455 1.8872178035639777
u 926 1.0225128219982622 -0.005687833385772722
x 926 -90.73918622732106 58.883446364059424 1.749345499471258
z 926 340 3.5890375621321255 0.5913357267173147
z 926 570 1.110740267775835 -2.183824373694801
u 927 0.991877452055355 -0.005226920350963699
x 927 -90.84854720146389 59.57779631537327 1.7046829992188037
z 927 340 2.8221619740897177 0.7945437805784135
u 928 1.0185098326332371 0.003783089564150913
x 928 -91.01668833714609 60.887729668164226 1.6922306315134987
z 928 340 2.228573803370664 1.1223008632446732
u 929 0.9842698174106446 0.00965316002125569
x 929 -91.08224304641264 62.0109842786564 1.5659525667112302
z 929 340 2.0034985192741455 1.5700886408723305
u 930 1.008540535166099 -0.003997395641572628
x 930 -91.17170511040041 63.004232053161104 1.7552957827603102
z 930 340 2.2441872092533703 2.040180262331546
u 931 1.0257102954372739 -0.00376160760163005
x 931 -91.2868676903391 63.546984122472296 1.8044603666748316
z 931 426 8.074931474907515 0.5121493713877321
z 931 530 8.17327093800898 0.14178814165110776
u 932 0.9694440690278765 0.004706399228411766
x 932 -91.53986335781853 64.52732940304253 1.8422472212171481
z 932 426 7.244222941788937 0.5727949854813206
z 932 530 7.214494781263297 0.1557586566293767
z 932 705 8.34761975757512 0.17759380374537104
u 933 0.9623565924112452 -0.006858189355307507
x 933 -91.6902890881424 65.34436416277681 1.6634910541231696
z 933 426 6.45858380184459 0.6609291787251195
z 933 530 6.266164903396701 0.18696410832507304
z 933 705 7.4030176048438205 0.20785787689340385
u 934 1.0556422210570058 -0.0006835524259721471
x 934 -91.77161235107349 66.40508670930592 1.6311378194180408
z 934 426 5.662690066743302 0.7763490115379952
z 934 530 5.232680042364091 0.22522307549516674
z 934 705 6.3739083360001025 0.2427814233866945
u 935 0.9910216713467329 0.01120905707966857
x 935 -91.84999844410508 67.31618136587282 1.6821022945470743
z 935 426 4.999642158590731 0.9036747314821483
z 935 530 4.270927648884221 0.26458670406804075
z 935 705 5.41564324681894 0.27458120600425673
u 936 1.0010753366206129 -0.00484725124295774
x 936 -91.84516754907551 68.02270556565773 1.4458154707704427
z 936 426 4.452434426675199 1.0864293108408836
z 936 530 3.3158640958394 0.34917561061447167
z 936 705 4.461139215569747 0.34083470693863127
u 937 0.9824544240854003 0.0013585423895359
x 937 -91.693438345516 68.8575106879151 1.336194363250506
z 937 89 8.29016364131039 -0.9558841174981345
z 937 426 4.087829194830362 1.299320576294198
z 937 530 2.4158762078832394 0.4871375936509814
z 937 705 3.5501408563206662 0.4319365240648452
u 938 0.9658736168357722 -0.001717415314843123
x 938 -91.49283156708702 69.96368331592423 1.446593612685259
z 938 89 7.772383308036666 -1.05578658182047
z 938 426 3.9411011439752617 1.5394478493059642
z 938 530 1.6270376690311088 0.7709120042969735
z 938 705 2.7038424315111795 0.584042875517568
u 939 0.981298286361605 0.008667195132952015
x 939 -91.32373458243853 70.84459515459376 1.3156993379420632
z 939 89 7.342834917666174 -1.1813088298144458
z 939 426 4.027317287936033 1.7767583150748232
z 939 530 1.144622618247998 1.399129273110387
z 939 705 1.9580961078654395 0.8534651449803743
u 940 0.9918823519670676 -0.0017497309879904803
x 940 -91.14645837977176 71.66659979441697 1.401073252383969
z 940 89 7.02553741470428 -1.3104943256597485
z 940 426 4.340947896154887 2.0040392264166282
z 940 463 8.148985094470303 -0.05785973726140892
z 940 530 1.3813264180427272 2.1869997169282422
z 940 705 1.5056628688764904 1.375124387789346
u 941 1.0122547383636544 0.015144779106916854
x 941 -91.04062036233111 72.21182604461201 1.357053257223166
z 941 89 6.842978411635863 -1.4693589427482674
z 941 463 7.139212956510305 -0.082275432443224
z 941 705 1.6359669737727485 2.0110126901253045
u 942 1.161946541540312 1.5707963267948966
x 942 -91.59201772099907 73.04684012787513 2.951765942471262
z 942 89 7.5476661062097055 3.1353954547855496
z 942 463 6.511870621608332 -1.775927220435884
u 943 1.0027833902623133 -0.0040121876477096806
x 943 -92.38766013103518 73.25676576780472 2.8154884296514444
z 943 463 6.785619632838075 -1.917167603470939
u 944 1.011955794196911 -0.008216210821028799
x 944 -92.98542764362304 73.5013971430845 2.690801159585236
z 944 463 7.188734443082007 -2.041947425729817
u 945 0.9989190190469069 -0.004850618067844776
x 945 -93.96302453350873 73.98012690388103 2.6816358000996328
z 945 463 7.69179644357618 -2.1532186202077765
u 946 0.9710217071838879 -0.0010451762612791995
x 946 -94.68820521374647 74.31333717018776 2.7401208922557956
z 946 463 8.265386288433982 -2.250477257125457
u 947 0.967168425264913 -0.0002784743163073478
x 947 -95.2332271220052 74.5910659352165 2.6005101992561706
u 948 0.9743623278433348 -0.008000290761081339
x 948 -96.02346511804107 74.95799305447085 2.813270328457472
u 949 0.9965543712461525 -0.006144355436011177
x 949 -96.81963237586598 75.30398395349638 2.6500168973212865
u 950 0.9956093409694385 7.025558328382326e-05
x 950 -97.485858926885 75.66685466149322 2.6356913961174255
u 951 0.9763636568397649 -0.0003938427813543312
x 951 -98.30114109777956 76.1326448571288 2.6093594906004736
u 952 1.0055231493015546 -0.0011784806353636339
x 952 -99.16610950444537 76.61052867870634 2.6643245575131953
u 953 1.0173610221232932 -0.0002098111353506206
x 953 -100.08449198177924 76.970680616058 2.8714034362617102
u 954 1.0227429312505767 -0.011047601505259609
x 954 -100.90540143069659 77.21807494194852 2.826362515310066
u 955 1.0105626180777638 -0.016465525879219216
x 955 -101.5136345878988 77.4238162247023 2.804465840046962
u 956 1.0116216242798013 0.0022425836536553354
x 956 -102.74942567926712 77.99724987639054 2.609813779514293
u 957 0.9456291169574048 0.0042039921269011364
x 957 -103.92279951015414 78.68335265749045 2.6151449592014577
u 958 1.1108778693549284 -1.5707963267948966
x 958 -104.4175611945464 79.8216784102734 1.3464621638564829
u 959 1.0299909434040633 -0.0008740282943508148
x 959 -104.22920557214047 80.8979937455138 1.448638365793303
u 960 1.021915926281577 -0.0057028770262872105
x 960 -104.11520476426062 81.90495509062065 1.4674888987706058
u 961 0.9637478224982698 -0.02233885005366015
x 961 -104.02816723880974 82.74110368370904 1.4666640934064779
u 962 1.045016710338763 0.0018350935688420636
x 962 -103.92203033925037 83.53652362806257 1.4096256195430863
u 963 0.964311403794661 0.006721478479778265
x 963 -103.66750412446716 84.64112796668128 1.279026890073089
u 964 0.9606125246049038 0.008492957711846123
x 964 -103.4016413941245 85.85049642505851 1.4297780126673434
u 965 1.016238474483043 0.006502736221262177
x 965 -103.27316615699948 86.54207650414608 1.3444611416204992
u 966 0.9966852405118463 -0.0025711417206767378
x 966 -102.98763184137744 87.73201432409651 1.3261222220177338
u 967 1.001091634290802 0.004896835103453354
x 967 -102.84482965078968 88.35603764441363 1.3655355378090244
u 968 1.000028474570306 -0.008534175156999948
x 968 -102.67620582366294 89.6974259023511 1.52595216407442
u 969 0.9621463285294135 0.002214848711165999
x 969 -102.58609084068047 90.83300677659645 1.4572606952198743
u 970 0.9895422358809005 0.0022474730865943743
x 970 -102.45361804188423 91.686279673144 1.3762861141327631
z 970 129 7.694723607916307 0.21856104955823596
z 970 490 7.7125689435946265 -0.19482761582679542
u 971 0.998442848742125 -0.00232238629419451
x 971 -102.22216823226579 92.6594750290436 1.2983324206901923
z 971 129 6.723808108088767 0.2532545441002969
z 971 490 6.735533609279103 -0.22103814434145486
u 972 1.0586205871559464 0.0038656317847514075
x 972 -101.89330127380877 93.77355795758534 1.2691826218463227
z 972 129 5.704523154883179 0.29555504644798747
z 972 490 5.707922260945064 -0.26592679226883886
u 973 0.977874584666957 0.006912917200233408
x 973 -101.69253308095278 94.55741619790072 1.3709340243480632
z 973 129 4.776379362253886 0.3476311782684842
z 973 490 4.772417554310873 -0.32739847873380556
z 973 580 7.810996330556856 0.7180272321376728
u 974 1.003400974622406 0.003011042822411476
x 974 -101.5727247588044 95.16915433087973 1.383856472106169
z 974 129 3.847574519005455 0.4332097472194114
z 974 490 3.8365168042896016 -0.41498914119539476
z 974 580 7.08505143673612 0.8081634323741014
u 975 0.9710267819416988 0.015302247835630252
x 975 -101.47716950667368 95.65734678806686 1.3711580055757207
z 975 129 2.990156022700636 0.5523738279996859
z 975 490 2.9776964508141464 -0.5644485278078442
z 975 580 6.4466743032018865 0.9011769202000117
u 976 1.112849575461881 1.5707963267948966
x 976 -101.83132694292364 96.74967255478592 2.3974930811531134
z 976 129 2.0285558359643905 -1.1327246636829091
z 976 185 7.872971628907524 -1.0998030342070764
z 976 490 2.926234760089202 -2.4758605279204318
z 976 580 5.4526939157292125 -0.6483912996860459
u 977 1.0235022178433162 -0.0008040262893470091
x 977 -102.41721500403928 97.3183207202763 2.344758304672225
z 977 129 1.8438096853199115 -1.6585122523759699
z 977 185 7.464079240095407 -1.2214733397308672
z 977 490 3.7841584555937513 -2.642982013544028
z 977 580 4.677630193378899 -0.7800432700666873
u 978 1.0387352167523076 -0.0030087016677757305
x 978 -102.97927751822357 97.89108049676702 2.348778480843662
z 978 129 2.1928121553756452 -2.1469941669632826
z 978 185 7.173722158926452 -1.3548646039068402
z 978 490 4.722021241128048 -2.7456545831604746
z 978 580 4.005099024364565 -0.9601848944647324
u 979 1.000671159770671 -0.0025507357262847447
x 979 -103.46900720947633 98.47714879810076 2.1849852959648866
z 979 129 2.862889629512168 -2.442161168072624
z 979 185 7.026353079379651 -1.4918365749096356
z 979 490 5.658040552524289 -2.8115749756577486
z 979 580 3.5267424136665353 -1.192032887382628
u 980 0.9903643574547839 -0.012634012457117892
x 980 -104.1428883883035 99.42720081660069 2.190501044176699
z 980 185 7.011780783641542 -1.620399985854359
z 980 580 3.2855351708131773 -1.4625216276691813
z 980 666 8.0299233780453 1.0242250655368448
u 981 1.0116320221538326 0.0019092174095773577
x 981 -104.67534102054461 100.37652437145286 1.973401228606912
z 981 185 7.134803243551729 -1.7643939482444955
z 981 241 7.801789310465614 0.22149349324707757
z 981 580 3.3325813302493072 -1.7710231304133153
z 981 666 7.552843496793909 1.1369270491857737
u 982 1.0151063259452564 0.005058246233610608
x 982 -104.95507572634968 101.11388125585147 1.893392795309829
z 982 185 7.399905656356781 -1.904409750401956
z 982 241 6.814490154796641 0.24879841313187745
z 982 580 3.674094657080823 -2.0501262014006727
z 982 666 7.182937768472456 1.2602986136128678
u 983 1.0214403847848375 -0.006845834107110319
x 983 -105.28383186225128 102.16992786500512 1.851797611024228
z 983 185 7.791229294502107 -2.021903109341416
z 983 241 5.830943995809575 0.2993742082379618
z 983 666 6.94279783017044 1.4078481704036188
u 984 1.0005804743482545 -0.00434775332169016
x 984 -105.4075222454586 102.92955292606577 1.6126234657223026
z 984 185 8.274732016229544 -2.126710012683283
z 984 241 4.884560759148152 0.36459838498695607
z 984 666 6.85415722921319 1.5567981323304902
u 985 1.0480226599782942 -0.004390218190345992
x 985 -105.63239278550482 104.21932062861701 1.8741983205808452
z 985 241 3.924290812326147 0.46490983689424414
z 985 586 8.167722342710409 -0.9428879887963308
z 985 666 6.921578912079675 1.713175978754518
u 986 0.9188104274001039 -0.000928718120663328
x 986 -106.04682871055891 105.33935529946683 1.9761904477999508
z 986 241 3.1304654267075938 0.5979353338533047
z 986 586 7.663750424911566 -1.0391015656671607
z 986 666 7.11077785248124 1.8423537189760912
u 987 1.030348003300802 -0.00010785601645042081
x 987 -106.29281451158354 105.95169820669994 1.9293658040950152
z 987 241 2.351580096720669 0.847287031627789
z 987 586 7.1963293428251 -1.1627163781284422
z 987 653 8.205630878945435 -0.5259742909927079
z 987 666 7.4535887506091365 1.9760257734562474
u 988 1.0144767695506174 0.002838929971566171
x 988 -106.97526387545665 106.99110850012427 2.374191874407562
z 988 241 1.8426513591943627 1.2692214506262793
z 988 586 6.858641989328426 -1.3018261125329644
z 988 653 7.346762447472738 -0.5983650213453782
z 988 666 7.90742313543123 2.0914378083293323
u 989 1.0088961791207742 -0.006196591178547703
x 989 -107.9436951580856 107.96507992835869 2.33249269612298
z 989 241 1.8220528083642364 1.8331120532490175
z 989 586 6.658819860284176 -1.442092042622356
z 989 653 6.535927631134885 -0.6788318485814968
z 989 666 8.457240292972642 2.201121888979805
u 990 0.9588079053162027 -0.01977144030015206
x 990 -108.54170902899108 108.73650017358787 2.127984380088085
z 990 241 2.275634772169506 2.270755867615539
z 990 586 6.595088254550148 -1.5668086349910828
z 990 653 5.8142623672801 -0.7615060060885233
u 991 1.0235588111733382 0.008333776668180441
x 991 -109.03227179386279 109.5369752003359 2.113222078267408
z 991 586 6.6742246720453124 -1.729109522891969
z 991 653 5.125685174308295 -0.908676042038735
u 992 1.034806872616851 0.0011831149956548451
x 992 -109.78003507534355 110.54631726070016 2.303599304341989
z 992 586 6.913887204119056 -1.8786210373266128
z 992 653 4.56361821061062 -1.0897468733811477
u 993 0.9559480175465542 -0.0004327007212135476
x 993 -110.11202794514726 110.91438311828938 2.3058237096545575
z 993 586 7.260717070735435 -2.004000178245744
z 993 653 4.207321703634618 -1.2921028672107617
u 994 0.9588185163637823 0.014986045565552194
x 994 -110.82821824036218 111.73846781864438 2.266696156581128
z 994 586 7.718586906683964 -2.131576082019812
z 994 653 4.0570357301157065 -1.5367983307832054
u 995 0.9932409125499526 0.0050127057043198395
x 995 -111.43087619547809 112.38933031773234 2.3688200403644197
z 995 653 4.146360844055871 -1.7835858510055083
u 996 0.9605643857236175 -0.002866845476833209
x 996 -112.18103069511562 113.00463251334666 2.5404502102425237
z 996 653 4.448154900013213 -1.9934613788953408
u 997 0.997148449333694 -0.009704621353719967
x 997 -113.04881892485417 113.56127931699817 2.6020461450175745
u 998 1.0267856367547046 -0.0032215649824248443
x 998 -113.74447861361425 114.06046415645265 2.436296882617526
u 999 0.9671978020276549 0.010400491096259599
x 999 -114.35932658511709 114.702647696213 2.2326066953855275
u 1000 0.9942068240890144 -0.009784753652062349
x 1000 -115.00533763175962 115.69633831099173 2.0618950683326585
z 1000 501 7.7961816525927645 -0.5492962293991672
u 1001 1.0257428433367244 0.003469104700916494
x 1001 -115.53285434121287 116.41458854478773 2.346642860403973
z 1001 501 6.943065491670417 -0.6301922984706705
u 1002 0.9848459983171411 0.000224162801752931
x 1002 -115.98504310084527 116.87727692356766 2.342794058393663
z 1002 501 6.174802891355086 -0.7245599312990132
u 1003 1.0130063042034556 0.0048899699426026635
x 1003 -116.53922379645736 117.32399738959391 2.5835024904974695
z 1003 501 5.4595908750862625 -0.853084965829864
u 1004 0.9637919673262864 0.0038120014683417714
x 1004 -117.32277674528915 117.81680739764076 2.5768236468929864
z 1004 501 4.881601535129768 -1.00642996853135
u 1005 0.994202238020095 0.003214995844895
x 1005 -118.38403554688156 118.31564269785538 2.8275724888165046
z 1005 501 4.431680587331285 -1.2005458133825488
u 1006 0.9919444461222455 0.001008027803675672
x 1006 -119.07283448717527 118.5589156871008 2.7765951909708537
z 1006 501 4.176902633368905 -1.4248384578896376
u 1007 0.9783141932204032 0.002808731493558735
x 1007 -120.14923378465164 118.92774877045804 2.8463580505944783
z 1007 501 4.150462552121664 -1.6630694405301991
u 1008 0.9812801208484456 -0.004093867197454137
x 1008 -121.08713221014747 119.09508563975889 3.0837091836034176
z 1008 501 4.350079512697013 -1.8855694636173341
u 1009 0.9903870371553962 0.0043877665083377464
x 1009 -121.64995644061176 119.12557136194722 3.091250646599768
z 1009 501 4.752862880538804 -2.089270775352908
u 1010 1.0529569576804192 0.0021810678374691466
x 1010 -122.93734660523808 119.02147578780414 -2.9298860436628402
z 1010 390 8.290566345641155 -1.1010526215084533
u 1011 1.038714648613458 -0.01010690948012421
x 1011 -124.33487167023198 118.70357792340648 -2.905967048773282
z 1011 390 7.870119421991952 -1.2085993941909698
u 1012 1.0142164534584264 -0.0014247919848446179
x 1012 -125.11358175393556 118.56291965148365 -3.019812383520892
z 1012 390 7.569693685035583 -1.3327616407432785
u 1013 1.0163298147992883 0.006853298977059719
x 1013 -126.1421411809822 118.40024475267288 -2.9496554774107735
z 1013 67 8.061882322648488 0.8029061985002386
z 1013 216 7.781472695796457 0.4745046873400893
z 1013 390 7.399756269369937 -1.473599052708197
u 1014 0.9891637912407043 0.005186398409073952
x 1014 -126.8790356499711 118.26979096036037 -2.9830969114139325
z 1014 67 7.407035667739246 0.8936945497125093
z 1014 216 6.915060062226833 0.5343908471496883
z 1014 390 7.372379509469861 -1.6127573190606537
u 1015 0.9712375382120353 0.00012492110287240868
x 1015 -127.5534754411248 118.19623102445095 -3.082810842710002
z 1015 67 6.840480898399103 1.0044521696596824
z 1015 216 6.099290737540238 0.615449008359394
z 1015 390 7.476423516508629 -1.7430414579674824
u 1016 0.9880558017572766 0.0033376400688573784
x 1016 -128.34416322395813 118.09067339337996 -2.934941878013476
z 1016 11 8.118388885565844 0.19771168035590847
z 1016 67 6.363690600269976 1.132374697324856
z 1016 216 5.322091552044851 0.7192444715750583
z 1016 390 7.709064499141905 -1.8729513741495358
u 1017 1.1211872897180355 1.5707963267948966
x 1017 -128.92692407263158 117.27605627685972 -1.448598277525758
z 1017 11 7.29980674088658 -1.4498279732077985
z 1017 67 5.4252938109281725 -0.3751089410359656
z 1017 94 7.6388745315278905 -1.3345776616283915
z 1017 216 4.315392248314255 -0.8670153477620826
u 1018 1.0225744172434466 -6.429298508613143e-05
x 1018 -128.86181412627315 116.2847273354733 -1.5618238600917258
z 1018 11 7.247813608984314 -1.5902813658446984
z 1018 67 4.489466023897083 -0.458584667135153
z 1018 94 7.4660190506633946 -1.4680693345528533
z 1018 216 3.735900236095489 -1.0771713902027757
u 1019 0.9715188466682485 -0.007591759699019693
x 1019 -128.97785609343143 115.47370663136913 -1.864002407250675
z 1019 11 7.327727052199761 -1.715645541317334
z 1019 67 3.641791686413641 -0.5684470098450252
z 1019 94 7.425827088021117 -1.5909351413321458
z 1019 216 3.381877814979108 -1.324800038402554
u 1020 1.0134434364210942 0.001276717362924688
x 1020 -129.2773812281208 114.31392312811113 -1.7830644428770734
z 1020 11 7.541610338974991 -1.8502777187340151
z 1020 67 2.8410529868957184 -0.7631470961477627
z 1020 94 7.515495764406264 -1.7274417118384866
z 1020 216 3.2862042099768654 -1.6298858910017346
z 1020 359 7.742690967552863 -0.400287295839183
u 1021 1.0688754962475246 -0.006567905263918645
x 1021 -129.5806746448059 113.05975805449403 -1.833075404508221
z 1021 11 7.900306880320758 -1.9742476485033693
z 1021 67 2.193454540008887 -1.0988893095899508
z 1021 94 7.75109412377753 -1.8575804170979242
z 1021 216 3.5119031747398113 -1.9320843343473357
z 1021 359 6.769577794788056 -0.45480799694982377
u 1022 1.0362968481613795 -0.0054981251251407055
x 1022 -129.91985094452352 112.10724448252665 -1.992689061453896
z 1022 11 8.359170048759218 -2.0831499128212014
z 1022 67 1.9512610785091618 -1.5853781385624028
z 1022 94 8.102792206906123 -1.9751620629749334
z 1022 216 3.99518822826421 -2.1719319187641
z 1022 359 5.854904012953506 -0.5267023179435322
u 1023 0.9747077238285685 0.0023840894365352245
x 1023 -130.374482903811 110.90812052227817 -1.8736885262288263
z 1023 359 5.036870141447205 -0.6267176894589293
z 1023 749 8.116389980606922 -0.6168578955126862
u 1024 1.0475197338715831 -0.007465838332817637
x 1024 -130.63992514516346 109.65447037663509 -1.6852117483792555
z 1024 359 4.230520900969412 -0.7642298966130641
z 1024 749 7.284654833797757 -0.6922317670035909
u 1025 0.9373146605727762 0.013742016575728686
x 1025 -130.89816825608105 108.63543218403446 -1.9527678255521888
z 1025 359 3.617799573875907 -0.9595285768898014
z 1025 749 6.594863772223691 -0.7975648565613049
u 1026 1.019911401512965 0.004614875444391989
x 1026 -131.2139863925875 107.87620459401523 -1.9772245760125713
z 1026 359 3.14760435126442 -1.2331578159438967
z 1026 749 5.929492108866104 -0.9258694038785684
u 1027 0.9934663692342409 0.005065873139710414
x 1027 -131.5508811404687 107.26744327556347 -2.17528341205952
z 1027 359 2.9728129838769206 -1.5593071380332124
z 1027 749 5.393273173032613 -1.0789611566739055
u 1028 1.0713205936980776 -0.00811456304737713
x 1028 -131.99505492317937 106.27967593578462 -1.8114756524812226
z 1028 308 7.751702187445348 -0.458429562310557
z 1028 359 3.1442514061484736 -1.8988342080153142
z 1028 749 4.9735967885180274 -1.2614533881642207
u 1029 0.9951378700041509 0.00651298800839562
x 1029 -132.17105977989982 105.49947918049398 -1.773869545088441
z 1029 308 6.8750603479629 -0.5294655252484004
z 1029 359 3.593342210451534 -2.170316367315207
z 1029 749 4.769083659111437 -1.4682684087128315
u 1030 0.9671991825190059 -0.003151694356938583
x 1030 -132.51330936397537 104.38531461762888 -1.9637856794810844
z 1030 308 6.0591425418354 -0.6068063344741019
z 1030 749 4.766652635423117 -1.6683232274114477
u 1031 0.9897412445838488 -0.005296507477123733
x 1031 -132.90309651392127 103.55001297918211 -2.0510214170483807
z 1031 308 5.274656655275129 -0.7083056379404304
z 1031 662 8.28748048004412 -0.9992192191681353
z 1031 749 4.959278899266373 -1.863033305622504
u 1032 1.0388036596813996 -0.010485783975543155
x 1032 -133.3575621908802 102.37881121131785 -1.830867578577253
z 1032 308 4.5322352450230605 -0.8465601093404675
z 1032 662 7.769902088355412 -1.101032823053755
z 1032 749 5.346974439580297 -2.0399746949456055
u 1033 1.009192482938133 -0.0030769608680769446
x 1033 -133.50111306169444 101.70948873841863 -1.733267775110339
z 1033 308 3.935492007605767 -1.0364877296596147
z 1033 662 7.3667627013369055 -1.2203183705624452
u 1034 0.9843081373305381 -0.00986466983281734
x 1034 -133.7231669540949 100.56180056053232 -1.790560589374911
z 1034 308 3.532528599397998 -1.26806265488862
z 1034 662 7.0846043826453275 -1.3410775510129578
u 1035 0.9871631937382541 -0.011611052352350732
x 1035 -133.8365482262419 99.73233622766774 -1.6227325182892818
z 1035 308 3.366803398031935 -1.5395766581313948
z 1035 662 6.921136943010557 -1.468606734762015
u 1036 0.9770306699879365 -0.01881140139698244
x 1036 -133.91149266418998 98.74728502663181 -1.6707310925382781
z 1036 308 3.46738106811404 -1.80616501038193
z 1036 662 6.881177157059119 -1.5913684868032334
u 1037 1.0112468281135094 -0.01219566577580001
x 1037 -133.8887910505664 97.91351315291247 -1.416419796003663
z 1037 308 3.8261077799607777 -2.0542833224511767
z 1037 662 6.969550878851849 -1.7247655160762525
z 1037 810 7.850234221959647 -0.881367995405554
u 1038 1.0093894842661253 -0.006148955192925643
x 1038 -133.7654741689834 96.5517336490044 -1.544554115341896
z 1038 615 8.380720062380677 -0.3564218534389543
z 1038 662 7.190864924603423 -1.8578417300167693
z 1038 810 7.247532554904829 -0.9826171558942374
u 1039 0.9480747799920142 -0.005198933141442212
x 1039 -133.75674793518687 95.75279486298389 -1.5751948451595001
z 1039 446 8.359996593200151 -0.02977962955200608
z 1039 615 7.498573339833925 -0.39504450555314996
z 1039 662 7.512236460670725 -1.974073709548596
z 1039 810 6.765423313200066 -1.0940658405446761
u 1040 0.9704823153228307 0.0023221178552002364
x 1040 -133.75847371115916 95.08399844232179 -1.571558637910203
z 1040 446 7.390039977608746 -0.03616433382788964
z 1040 615 6.613885440033424 -0.45402462458236004
z 1040 662 7.944380782006033 -2.088937405422377
z 1040 810 6.379704153413269 -1.2320434210620579
u 1041 1.0001860504849218 -0.01133230573158877
x 1041 -133.76367433775883 93.82606465496917 -1.5783024905744658
z 1041 446 6.390397176954715 -0.02960467028465885
z 1041 615 5.728992181052069 -0.5184438800873807
z 1041 810 6.114899423030091 -1.3752845982946393
u 1042 1.0439310174431875 0.0005877914262319676
x 1042 -133.73318885267565 92.9047569896109 -1.4971355714811445
z 1042 446 5.347023807640783 -0.03602889862960401
z 1042 615 4.850089182672037 -0.6259476497888263
z 1042 810 6.000435684147603 -1.5473832860906382
u 1043 0.9483305387590343 -0.0030583842734184727
x 1043 -133.6854378443552 91.71433380922844 -1.5642748024375506
z 1043 192 8.127248602442995 -0.7173288621669442
z 1043 446 4.399379555911379 -0.040405863754434446
z 1043 492 7.788830709485225 0.06257633361728265
z 1043 615 4.118196153734891 -0.7579257197759652
z 1043 810 6.051506066042689 -1.7016339321184946
u 1044 1.0411260542094938 0.021874307891327174
x 1044 -133.5231544763685 90.68677345435785 -1.2640438413479294
z 1044 192 7.382831449393516 -0.833199175071365
z 1044 298 8.038602496175276 0.13941042735702114
z 1044 446 3.3600710228347057 -0.07818229322364223
z 1044 492 6.749327145032399 0.04866407879290069
z 1044 615 3.4468255851423146 -0.9913946707061445
z 1044 810 6.283715590214022 -1.8882734615980605
u 1045 1.0039502796341304 -0.008027943763228353
x 1045 -133.3257692496312 89.45870976711429 -1.5588171947867808
z 1045 192 6.7454336833655 -0.9351398898398515
z 1045 446 2.3600562852519773 -0.10168121757080639
z 1045 492 5.747015322662956 0.0658902390145002
z 1045 615 3.012634549942875 -1.265205343067023
z 1045 810 6.662095689695167 -2.024093374589063
u 1046 0.9971966218587135 -0.017982309295392684
x 1046 -133.36408268606763 88.67050271564182 -1.679915680480864
z 1046 192 6.197676721482724 -1.046121028748332
z 1046 446 1.3702655939533481 -0.1511067256378813
z 1046 492 4.753212002215845 0.09956799108607761
z 1046 615 2.8655294656498 -1.584496254693358
z 1046 810 7.147651015544896 -2.132413283401299
u 1047 0.9649147628287422 -0.003588610222310713
x 1047 -133.4971276226146 87.58970342289705 -1.7066418981652658
z 1047 192 5.7734147764096395 -1.187538899925816
z 1047 446 0.4401501250114774 -0.479707608956343
z 1047 615 3.0344941792970612 -1.9044840274050032
u 1048 0.9726023936767842 0.0019111860244665343
x 1048 -133.62876822438605 86.72365724217437 -1.7366450502293778
z 1048 192 5.48531363504657 -1.354711228305231
z 1048 446 0.6168634767771574 -2.8063372480643523
u 1049 0.9772774586840067 0.007862694866092708
x 1049 -133.86164467027498 85.7029585613408 -1.8535763862952657
z 1049 192 5.365276163761555 -1.5415928812649984
u 1050 0.9903507158303613 -0.002178716612474998
x 1050 -134.1388928817782 84.51102177380724 -1.7450948836553029
z 1050 192 5.426334842965767 -1.722865882586202
u 1051 0.9563883929911781 0.0013915943774655977
x 1051 -134.25755394413878 83.71414150983661 -1.6921394574653095
z 1051 192 5.651480861502032 -1.8923043888304973
u 1052 1.034207005939039 -0.007076455957769675
x 1052 -134.37446865060826 82.50625933585552 -1.642438284623978
z 1052 192 6.055033548359387 -2.048187180527892
u 1053 1.0236340530582693 0.022056389170275272
x 1053 -134.53478459549424 80.93706494112936 -1.7027768676542934
u 1054 0.9727884186534894 -0.003556473331488152
x 1054 -134.64687493643802 80.09838848452667 -1.704543983057004
u 1055 0.9220907352032393 0.000350238218444497
x 1055 -134.68113041616516 79.40022684873958 -1.5351005506040871
u 1056 1.0018488426089045 -0.0010555625927612454
x 1056 -134.62137491157839 78.36700144941193 -1.4909529083615278
u 1057 1.0358139820327872 -0.0005248900834839659
x 1057 -134.56847525054238 77.34030349457421 -1.547682641306997
u 1058 0.9953403217403092 -0.010471586304050557
x 1058 -134.46488646857708 76.26854834822292 -1.4012018045186045
u 1059 0.9851598715935307 -0.007738454814105936
x 1059 -134.25249764233297 75.3609480670639 -1.280641035094044
u 1060 1.0326147628900753 -0.01066706158165262
x 1060 -133.8231991949855 74.41927325312368 -1.0054720917035098
u 1061 0.9813257864004482 -0.008002738494809125
x 1061 -133.3737580014525 73.47108591278119 -1.25085566289525
u 1062 1.0055344788750364 -0.0010025520922855701
x 1062 -133.07116092345015 72.6671481479222 -1.1707530921155742
u 1063 1.0190001160181659 0.006570277001272391
x 1063 -132.71231800201534 71.75002185608251 -1.224925740077608
u 1064 0.996450872521821 0.0038595951427557633
x 1064 -132.39075082067373 70.89477798436658 -1.1973819744580307
u 1065 0.9939610055631238 0.004118436389665298
x 1065 -131.8586554242434 69.86080748633361 -0.9936704525931734
u 1066 1.0306012166759426 -0.0033435529406741923
x 1066 -131.50844260946567 69.22783134358168 -1.1372068328946616
u 1067 1.0331985078580237 0.0024597564903348452
x 1067 -131.07264650433606 68.45839477728049 -0.9737166757959286
u 1068 1.0048069469322374 -0.008494415365607487
x 1068 -130.59625628403674 67.79497869166177 -0.9223524059733794
u 1069 1.1113682675632666 -1.5707963267948966
x 1069 -130.57724547539237 66.83592054008199 -2.1796006923926328
u 1070 0.9830133449985893 -0.006622795848392905
x 1070 -131.28445367059948 65.78917314269034 -2.1503491075998222
u 1071 1.0437501027144642 0.013862902294877485
x 1071 -131.99050563977417 65.01240531455538 -2.466731836964477
u 1072 0.9730213416635358 0.01029668815687148
x 1072 -132.5964709994618 64.4011862960286 -2.2370247187712016
u 1073 1.0441851673777274 -0.009641074906876787
x 1073 -133.18093017742288 63.69607044714992 -2.288781197151816
u 1074 1.0007102954224831 0.019740194139782077
x 1074 -133.94785951305494 62.84352061424558 -2.3179678238219816
u 1075 1.0205661134411976 0.004950042591060045
x 1075 -134.8114423727701 62.13762497257238 -2.5946912723252
u 1076 1.0210519951457722 0.008658179048197373
x 1076 -135.68203904186083 61.70519467434386 -2.766476694054933
u 1077 0.9841519801335881 -0.0014993439505359757
x 1077 -136.53663890245264 61.21641098416426 -2.4776386955944396
u 1078 0.9797306977116754 0.0028702398611790735
x 1078 -137.2103647070754 60.519172353239846 -2.200452500358227
u 1079 1.0407054316099482 -0.006573874029384536
x 1079 -137.76862730281044 59.85130953254318 -2.33363545340012
u 1080 1.0130575039876188 0.002013621442524399
x 1080 -138.44995783068225 59.17988883129138 -2.3934046308091466
u 1081 0.9641137678622356 0.01013360241031883
x 1081 -139.21116001972302 58.541417511928664 -2.4939076645810525
u 1082 1.0137460074095994 0.008035342975892593
x 1082 -139.9890697868489 57.98697363114114 -2.550833207165866
u 1083 1.003889658009736 0.012853220075286805
x 1083 -140.8950363481694 57.34730748207585 -2.5027899654623704
u 1084 1.0488141122166594 -0.0026821193026437657
x 1084 -141.673274162522 56.83117685851019 -2.609191918549598
z 1084 189 8.468189301239393 -0.29152634772554187
u 1085 1.0102811678938615 0.00967818836065823
x 1085 -142.54496522431884 56.14598830402336 -2.3416458024442894
z 1085 189 7.507755635933826 -0.3405136814884866
u 1086 0.9774240466943135 0.006555893534660068
x 1086 -143.0463789433391 55.56795271650787 -2.229016152268205
z 1086 142 8.491197426237031 -0.6260312928689986
z 1086 189 6.595761643888944 -0.3970389944608135
u 1087 1.023888956638844 0.0016449053315282186
x 1087 -143.44936714473957 55.08020659395326 -2.2936338984910916
z 1087 142 7.68547789530316 -0.7059050105082116
z 1087 189 5.6657522499141795 -0.4687590162731974
u 1088 0.9740456815475003 -0.007445821460697711
x 1088 -143.83569846153983 54.585267707862606 -2.173512067584168
z 1088 142 6.970308769896501 -0.7888393275199568
z 1088 189 4.815001745597011 -0.5521576301769353
u 1089 0.9694689055252611 -0.008271468532256781
x 1089 -144.48991403444842 53.699651152044495 -2.240555700150337
z 1089 142 6.321543802815929 -0.8891469800669816
z 1089 189 4.019369656453936 -0.6698836769208456
u 1090 0.9665340679516685 -0.0068488527655520565
x 1090 -145.0559833854273 53.09957903193122 -2.413533085284871
z 1090 142 5.758834011846909 -1.0126333753858892
z 1090 189 3.313972246830095 -0.8443285826935458
u 1091 0.959287800463189 0.012626177935178722
x 1091 -145.774344656434 52.529346124346965 -2.527758089280797
z 1091 142 5.31901955245506 -1.1794473216897559
z 1091 189 2.7765957070449603 -1.1196713395622626
u 1092 0.9931175828241694 -0.009861624137363861
x 1092 -146.5799688731831 52.01652668497085 -2.621704669716248
z 1092 142 5.019995304241612 -1.3531145412550654
z 1092 189 2.503381068877047 -1.4739690493371551
u 1093 0.9905023286654525 -0.006466811107928995
x 1093 -147.42332266057565 51.57072091235167 -2.6889340986092742
z 1093 142 4.89921967071496 -1.5452117577215523
z 1093 189 2.5985793838036098 -1.8565023998715482
z 1093 711 7.903491516933559 -0.21605611341819353
u 1094 1.0100100814147734 -0.00221834868611591
x 1094 -148.4732159225587 50.994407486515875 -2.590215084974781
z 1094 142 4.975774263536456 -1.7473254627599228
z 1094 711 6.920078404433664 -0.244974039633866
u 1095 0.9934952800784573 0.0029877349525121
x 1095 -149.72887428049117 50.32353435238045 -2.7115821172420413
z 1095 142 5.243678069106135 -1.93788201918783
z 1095 711 5.961536508230873 -0.2886324738845194
u 1096 0.9875165582265448 0.0047821582098480295
x 1096 -150.70161982657407 49.85986660052878 -2.6820013484863687
z 1096 711 5.02354274668126 -0.34984914132814104
u 1097 0.985768389423905 -0.008968988213241073
x 1097 -151.5735833497505 49.358895434729746 -2.5582185926770458
z 1097 711 4.109557526987732 -0.4221756703529689
u 1098 0.9856771071797646 0.002141388025582306
x 1098 -152.54427934747082 48.77469408402827 -2.641427550029868
z 1098 711 3.236277754927122 -0.5497398752437945
u 1099 0.9696014939450588 0.003422706107631353
x 1099 -153.25318785590733 48.27704990925675 -2.417641925847096
z 1099 657 8.221561191603847 -0.22463836895954437
z 1099 711 2.463354534158147 -0.7608746511471045
u 1100 0.9212687945405663 -0.009253389083493177
x 1100 -153.9271197406943 47.671387589498394 -2.401351005961409
z 1100 657 7.325262637592948 -0.24283562341780485
z 1100 711 1.90137998085484 -1.090552549586389
u 1101 0.9672547029161475 -0.027158103755153176
x 1101 -154.44389168396813 47.22927185460987 -2.46643867012085
z 1101 168 7.70807615086251 0.4986174300228141
z 1101 657 6.387127800460068 -0.25009812051430025
z 1101 711 1.6755165634092983 -1.5966060734796015
u 1102 1.0165833279072731 -0.0031383247732012067
x 1102 -155.1960577015229 46.56045587973529 -2.363129343523195
z 1102 168 6.833446071605402 0.5731628949471181
z 1102 657 5.407563771040799 -0.2932184499479469
z 1102 711 1.9807489818450956 -2.1322379439747117
u 1103 0.9905091799798066 0.005365871118765702
x 1103 -155.93376770973327 45.985622113444464 -2.5961814548681534
z 1103 168 6.023590755558573 0.6567166743220452
z 1103 657 4.469446172662732 -0.3632535662316112
u 1104 0.997365603207444 0.0008047722433733705
x 1104 -156.63715920263746 45.64048842147778 -2.774690926150523
z 1104 168 5.268698941080067 0.7716814826466187
z 1104 657 3.5550503924192816 -0.46401412146801757
u 1105 1.0360582847898991 0.0008596985418933402
x 1105 -157.53737608926554 45.29978348256129 -2.784875892968219
z 1105 168 4.583059667054259 0.9290543805862841
z 1105 657 2.6693907266659314 -0.6396130477013786
u 1106 1.0346844128451744 0.01112105953836556
x 1106 -158.2651044029485 44.97769750488818 -2.6649583827154575
z 1106 168 4.044230585736026 1.1234649359212039
z 1106 657 1.944895008902757 -0.9763683795754989
u 1107 0.9544421065524643 -0.0021390014582672785
x 1107 -159.12390095622746 44.46555084267874 -2.5427584817097997
z 1107 168 3.732941154921962 1.3583406188830356
z 1107 657 1.615894166413735 -1.4851589947243706
u 1108 0.9504579947327133 0.00038409441709722733
x 1108 -160.17701246858223 43.55834811576095 -2.318219157235755
z 1108 168 3.6524808729732663 1.6151436492333326
z 1108 657 1.8034253809811558 -2.038383411695272
u 1109 0.987568672101033 0.0077426129789221485
x 1109 -160.85928971384962 42.694792756224 -2.1606983271496314
z 1109 168 3.8220182089613766 1.8685358303180015
u 1110 1.0498104157340005 0.00023577296521337413
x 1110 -161.3444322095266 42.03088491878389 -2.2430120109060736
z 1110 168 4.2500790749650585 2.106702183313918
u 1111 0.9937131963835827 0.002608349798448613
x 1111 -162.0021415208314 41.31094186738458 -2.379090826590618
u 1112 0.9822984736219555 0.006190811785676801
x 1112 -162.84190485274746 40.46233170564928 -2.32281854263283
u 1113 0.9523470646325999 -0.0011366772320264295
x 1113 -163.3714088852302 39.72849407393026 -2.0688665933128467
u 1114 1.0037843968977813 0.003491697812340793
x 1114 -163.79482111721165 38.957626595054734 -2.0772869337373456
u 1115 1.0111917183831383 -0.010055480812376304
x 1115 -164.24377483534565 38.13305077685707 -2.0614751977127774
u 1116 1.0087768053955632 0.0025721145734376913
x 1116 -164.78382923531223 37.13685109378054 -2.0736554872290793
u 1117 0.9626159229845511 -0.014709600152751297
x 1117 -165.20923945981045 36.30205620307185 -2.0105309482586438
z 1117 297 7.961855344160804 0.28678203379552825
u 1118 1.0461751564406483 0.011044535123472156
x 1118 -165.6730950824378 35.434621367929935 -2.1131716990059317
z 1118 297 6.962850866052018 0.31745396854400987
u 1119 0.9129988646217885 0.0032947037388957683
x 1119 -165.92456115697541 34.968232909234324 -2.0174131349214326
z 1119 297 6.1015962995028366 0.3606494336109707
u 1120 1.045185976833442 -0.006954765954963845
x 1120 -166.33398019591866 34.00231096809347 -1.9259947470610903
z 1120 297 5.138439411256635 0.4401070096754722
u 1121 1.000213221372674 0.00903720205375288
x 1121 -166.43861191777938 33.34493047777623 -1.53127918034377
z 1121 297 4.252620449945999 0.5304740003217083
u 1122 1.094779219956623 1.5707963267948966
x 1122 -165.72673345070052 32.766604857483415 0.16677407237892528
z 1122 297 3.3081770499391276 -1.1155260367894817
u 1123 0.9998583896059148 0.008744108536536942
x 1123 -164.90306504274864 32.917814809919626 0.19634487502018372
z 1123 297 3.01013738424944 -1.427878005947441
u 1124 1.0449989504447943 -0.008555434749850335
x 1124 -163.9330623247113 33.1386064426745 0.2512679533730373
z 1124 297 3.038132574848893 -1.7664950938979325
u 1125 1.0358223192094378 -0.02372120102734687
x 1125 -162.80217030783527 33.33346926359899 0.08999884156642857
z 1125 297 3.3843254031003824 -2.048410329481097
u 1126 0.9782226845809214 0.0009434243907674297
x 1126 -162.16328346421164 33.34396852925908 -0.0571344282419326
z 1126 297 3.9315243845929024 -2.2721086382548132
u 1127 0.9629232516427951 0.003965179520560336
x 1127 -161.0880607816055 33.348027868175 0.06468508671576467
u 1128 1.0381182067285175 -0.007446935830876153
x 1128 -160.2593387020217 33.43062087586418 0.1339850582426827
z 1128 93 7.538348714920015 0.2607141092776013
z 1128 678 7.64315588398561 -0.16003958465749335
u 1129 0.9866106234682415 -0.003237824239554238
x 1129 -158.91170515667633 33.60410488450454 0.12207134564552913
z 1129 93 6.590461399324519 0.3027847742301031
z 1129 678 6.6707164336382085 -0.18013667812501133
u 1130 1.0156643314357607 0.003489599054153347
x 1130 -158.05257045632538 33.68928227290264 0.07556923971231289
z 1130 93 5.628535962220111 0.3528263223413086
z 1130 678 5.6747804027907005 -0.21600563006177254
u 1131 1.0101133373972897 0.0007479452365641537
x 1131 -157.22736623907417 33.71465791146419 -0.014087138437754998
z 1131 93 4.6934858750380695 0.4264395523296254
z 1131 678 4.6932349785506355 -0.2629783208320844
u 1132 1.0196441578011628 -0.0038471135752225654
x 1132 -156.1332154884687 33.805377408119675 0.179535022807654
z 1132 93 3.7897123964493753 0.542281614476706
z 1132 678 3.7174656823151047 -0.3299832470180255
u 1133 0.9936010557399494 -0.0068660498841185144
x 1133 -155.34692621163094 33.874673870734455 -0.003727248514428627
z 1133 93 2.9853081153297487 0.7227668736443631
z 1133 678 2.7946084197315164 -0.4374155867352756
u 1134 0.9762310479085299 -0.001882407859603152
x 1134 -154.35348458510308 33.82506866167067 -0.0960552507457395
z 1134 93 2.3446370213729044 1.0039726008011733
z 1134 678 1.9539814411529939 -0.6483450005205804
u 1135 1.0589247515486944 -0.0017190797241211657
x 1135 -153.44144576422556 33.713919674102165 -0.14648613284571788
z 1135 93 1.9889563747309886 1.4717692747895992
z 1135 678 1.2801146447487137 -1.1690233402900692
u 1136 0.9958803547742204 0.012015022282444339
x 1136 -152.65170671889126 33.58259687429188 -0.1830710428067439
z 1136 93 2.1289394787154072 1.9436165882047653
z 1136 678 1.2835596951518065 -1.9789446347974105
u 1137 1.0433494364176061 0.016958145649166294
x 1137 -151.74391541930353 33.40204955692656 -0.20957802509003365
z 1137 93 2.6840106946854725 2.298365896838897
z 1137 331 8.327012289689103 -0.4728726566048902
z 1137 678 1.9544709687519148 -2.5058796571928585
u 1138 0.9344610579415167 0.003986338310539967
x 1138 -150.88859633541583 33.274678463455366 -0.08608214795239189
z 1138 331 7.50811248217782 -0.5337952903540639
u 1139 0.9971558786755949 0.016052992779511468
x 1139 -150.0195142456109 33.22760761592399 -0.022135250309452292
z 1139 331 6.673628694974666 -0.6269780882715459
u 1140 1.0430393186393656 0.011208008770907343
x 1140 -148.81979070511417 33.266009415518255 0.08613114814720202
z 1140 134 8.30296357709395 -1.2761135446837635
z 1140 331 5.864928459376604 -0.7435265192277258
z 1140 639 8.441766643616806 0.4845723250015972
u 1141 1.0472952768467196 2.5576673933357597e-05
x 1141 -147.82545073212694 33.2873989390957 -0.043115226336764234
z 1141 134 8.061338385026005 -1.4007777566137423
z 1141 331 5.143129300394325 -0.8818289166537037
z 1141 639 7.530853872310904 0.5493722688850418
u 1142 0.9552586539167037 0.006411696897217126
x 1142 -147.26275336110734 33.22889452515714 -0.16408303696851823
z 1142 134 7.958671884007666 -1.5258286616126715
z 1142 331 4.598026053218568 -1.0497298978671994
z 1142 639 6.732873267106468 0.6167218300287796
u 1143 0.9688833003238904 -0.004147175369157146
x 1143 -146.17429664412572 33.0260652187352 -0.20438234060249982
z 1143 134 7.972075465605558 -1.6433817846328962
z 1143 331 4.198710512529511 -1.246832960483873
z 1143 639 5.970154240649606 0.7151442815552143
u 1144 0.9889038103201683 -0.0055948770522252535
x 1144 -144.96602274748446 32.80407435133533 -0.15901621039083302
z 1144 134 8.101319946511099 -1.7598595689586767
z 1144 331 3.9926973024645767 -1.4780167936912119
z 1144 639 5.265689943926032 0.8445979176015683
u 1145 1.016886912122831 -0.007530531614083422
x 1145 -143.89444824107215 32.694274725927464 -0.045202455476323955
z 1145 134 8.348712892175106 -1.8723331413845923
z 1145 331 4.024044950487395 -1.7247421453770397
z 1145 639 4.656231889075461 1.0167080257576666
u 1146 0.9540025793611884 -0.01100331702023503
x 1146 -143.28673440993168 32.71079648588344 0.09956255194982644
z 1146 331 4.2706676014038125 -1.936503750920374
z 1146 639 4.2376557957070915 1.2210024994110835
u 1147 1.0199442688347515 0.00803103262842717
x 1147 -142.34431218508144 32.775958507306704 0.038503964235593546
z 1147 480 8.15942494506844 0.7057246110419526
z 1147 639 4.000372108913984 1.45448165478415
u 1148 1.0693047910899358 -0.0033124036597258597
x 1148 -141.28146914200371 32.896269372415325 0.1869308424082945
z 1148 480 7.379471893320529 0.8033409642824347
z 1148 639 4.020896291750926 1.7251587075175268
u 1149 1.0538681147769313 -0.013332571874651287
x 1149 -140.25868479643995 33.12282681497099 0.249050331781012
z 1149 480 6.696487367690671 0.9309073673937309
z 1149 639 4.31706432219907 1.9818429485475493
u 1150 1.001867091682374 -0.00026277636052826576
x 1150 -139.2093214219198 33.41284723971592 0.29024248618624204
z 1150 480 6.151108294774624 1.062210467708823
u 1151 0.9518247832978688 0.0019632332218589843
x 1151 -138.39812286085265 33.66404033115628 0.31034243983349663
z 1151 480 5.747189473750812 1.2053308038816155
u 1152 0.9670120846495361 -0.0010589976124337536
x 1152 -137.79950492388994 33.8586995909447 0.3184490005505465
z 1152 261 8.13745533129216 0.5237760377450758
z 1152 480 5.47707947653857 1.3720761529850432
z 1152 628 8.084800662533233 0.12961504942656843
u 1153 0.9757577611224865 -0.0038702419596507477
x 1153 -136.61415999099773 34.20389592595527 0.24831610870081544
z 1153 261 7.3098761320681644 0.5946829090193502
z 1153 480 5.372215002410907 1.5550269415037654
z 1153 628 7.118625015954179 0.15146601271989724
u 1154 1.1541970837880844 1.5707963267948966
x 1154 -136.0261777012488 35.11892375693058 1.7509881035901698
z 1154 261 6.292658297237236 -1.0074218566980848
z 1154 480 4.682110467266137 0.13929158036238087
z 1154 628 6.31146706387105 -1.5170068214409596
u 1155 1.006382324416492 0.0038331896117784884
x 1155 -136.29909189372822 36.052896884624424 1.95918996048185
z 1155 261 5.819527998569989 -1.1581662521100993
z 1155 480 3.6877860970741003 0.17283836178598388
z 1155 628 6.339459687146971 -1.6800470072060023
u 1156 1.0056324474780254 0.008305086162959137
x 1156 -136.64699739171735 36.854512729081094 2.0013494854067995
z 1156 261 5.49808976173912 -1.3351267909333522
z 1156 480 2.701710579965969 0.22706483426273705
z 1156 628 6.530150643808558 -1.8419642468963056
u 1157 1.012872084001534 0.006145788460568703
x 1157 -137.086995466294 37.90029542896874 1.9367495199009994
z 1157 261 5.356080715465195 -1.5263414459876874
z 1157 628 6.873953548219695 -1.9904327945528755
u 1158 0.9657864645970257 -0.006400696277653372
x 1158 -137.56890032486206 38.98365591239135 2.041925777515366
z 1158 261 5.396990230908403 -1.6996521408477563
z 1158 628 7.318113420642436 -2.1050200894916538
u 1159 0.9725821314260097 -0.00486257605364944
x 1159 -138.0912551831564 39.735379662108215 2.314224501555616
z 1159 261 5.603310851526958 -1.8678392861732334
z 1159 628 7.856139494396183 -2.20706321733041
u 1160 0.9961136966968945 0.000675475187759805
x 1160 -138.66030205063686 40.38654699228916 2.2637670654934503
z 1160 191 7.834256018071241 0.7007191259853149
z 1160 261 5.971624791841559 -2.028684893468606
z 1160 628 8.486184451231201 -2.3022673842657126
u 1161 1.0425656513136279 -0.0022972534814365573
x 1161 -139.35539999797027 41.29919917987244 2.179623891119615
z 1161 191 7.07022961526243 0.7983666509821266
z 1161 261 6.499131882309077 -2.1708623750584537
u 1162 0.9850428620268826 0.008200619075154267
x 1162 -139.85786879776782 41.96863121602854 2.249725598877421
z 1162 191 6.418484895526007 0.8998631444823086
u 1163 1.0202631062503613 0.0010352707070697509
x 1163 -140.6149688123394 42.83524361372755 2.3279760074121185
z 1163 191 5.838655061303822 1.0360679169148987
u 1164 1.0755474241785508 -0.006731513822919704
x 1164 -141.41194819304943 43.628245632244536 2.38941599237741
z 1164 191 5.374262370755637 1.2162017485003265
u 1165 1.0135245507477786 8.556054989005875e-05
x 1165 -142.22828690757788 44.60576969173841 2.143746740407419
z 1165 191 5.11145967855706 1.403150743413672
u 1166 1.0293744107934413 0.01167579296398517
x 1166 -142.91517696892714 45.55925317965883 2.2464195582854076
z 1166 191 5.036881004261536 1.594158444391848
u 1167 1.0377247028924863 0.008545031195792379
x 1167 -143.5314670479207 46.46792207621489 2.087109127308124
z 1167 191 5.162032763656857 1.787984919475612
u 1168 0.9934234274197362 0.015629036671729525
x 1168 -144.0900216779635 47.23422629748231 2.314195402052201
z 1168 191 5.455744812660532 1.9514204788122589
u 1169 1.1632455752240443 -1.5707963267948966
x 1169 -144.33116016480994 48.705057558812385 1.1524001103401833
z 1169 191 6.431641292068181 -2.696798699356191
u 1170 1.028929819417369 -1.8869294483751195e-05
x 1170 -143.8020467689012 49.70374868877712 1.0147770022041431
z 1170 768 7.854551157702271 0.26515148652929144
u 1171 0.9897435319308584 0.003959973273937473
x 1171 -143.1880819545535 50.634381130524616 0.960447819604461
z 1171 768 6.9036883325038305 0.2984955665746343
u 1172 1.015529744533713 -0.005432835843494417
x 1172 -142.69477374860358 51.429626294765555 1.0706880174191422
z 1172 768 5.94152508616091 0.35465848695290925
u 1173 0.9791836098685199 -0.001825206988156785
x 1173 -142.27500770798432 52.23141628083311 1.106307129341948
z 1173 768 5.035143662529271 0.4242354746677419
u 1174 0.9612193645481127 -0.006982082412715073
x 1174 -141.8165043927007 53.15330510081923 1.112231475934526
z 1174 249 8.171118761953078 0.7320624700657525
z 1174 768 4.1795826760537755 0.526758986535965
u 1175 1.000233069753957 0.00910577221347721
x 1175 -141.18277215955527 54.1524634800913 0.8988915635971768
z 1175 249 7.45385259349621 0.8123132373565913
z 1175 768 3.3500214521446803 0.6671360886738169
u 1176 1.0159085759604305 0.00385046037501024
x 1176 -140.6383164061386 54.845240611751706 0.910529046641722
z 1176 249 6.793665414022877 0.9170240065149873
z 1176 768 2.626661288043333 0.9043359985480715
u 1177 0.9962920968397966 -0.00046541290349630317
x 1177 -140.09585075261924 55.56486464413645 0.9391831133314801
z 1177 249 6.23827027571158 1.0446284840321933
z 1177 768 2.1580784818114673 1.2762178730903306
u 1178 0.9479005132880514 -0.0049430579962254275
x 1178 -139.36002606246882 56.51871941982409 0.8882677356704365
z 1178 249 5.822394442751163 1.1910258423295206
z 1178 768 2.092282786410211 1.7299271788003647
u 1179 0.9976631504449365 0.008357537486313965
x 1179 -138.6906592748903 57.21748696775475 0.725501324175926
z 1179 249 5.526648580829263 1.3508348695558068
z 1179 768 2.4530140070122277 2.135089657250261
u 1180 1.008489336998103 0.0020683827805758966
x 1180 -138.23036828979943 57.70435273161258 0.9013951332417047
z 1180 249 5.396056981867049 1.5321408613229135
u 1181 1.032579039021843 -0.009616661882190666
x 1181 -137.63902316061507 58.41658524462101 0.8543424221814293
z 1181 249 5.45953596928038 1.7319257155004344
z 1181 465 7.870615566440291 0.9678823196901689
u 1182 1.015609242221914 0.005549169119272407
x 1182 -136.71034653893693 59.287083828618904 0.6518045331020224
z 1182 249 5.70847942792919 1.902979250939329
z 1182 465 7.340043810240731 1.0763315003554954
u 1183 0.9889202572886636 0.003185768978675779
x 1183 -135.82425595424954 59.91542797995361 0.5818360224177899
z 1183 249 6.101605974395875 2.053699474961295
z 1183 465 6.924193716120476 1.1990845038125837
u 1184 0.9503624279406813 0.0019654304910646093
x 1184 -135.18775260273347 60.24397804627812 0.371178728136937
z 1184 465 6.637423159782032 1.3308703866357066
u 1185 1.070096799472115 0.01687061707601698
x 1185 -133.6810729244224 60.599970932330585 0.09286374860306346
z 1185 465 6.458219784324422 1.4753077184176018
u 1186 1.0288424055799255 0.006133935833671012
x 1186 -132.54372654498135 60.763730924472895 0.19313918718464507
z 1186 465 6.438907846672189 1.6288611919945364
u 1187 1.0023137005963276 0.011576007586676611
x 1187 -131.36629953188762 60.972422327685074 0.1577043448787574
z 1187 465 6.567999248147268 1.7702776340097843
u 1188 1.0176537348497865 -0.011911933474056426
x 1188 -130.27499309352916 61.10948974848004 0.09218589033241731
z 1188 465 6.848444543887513 1.928178354263693
u 1189 0.9876129357903114 -0.00317777831173999
x 1189 -129.43225282472906 61.39733259771434 0.5660790191714105
z 1189 465 7.254573117383733 2.059162837576146
u 1190 1.024070238288313 -0.010358633099400005
x 1190 -128.71259552523162 61.898085193030816 0.6497523694237968
z 1190 465 7.792091668364264 2.1855208630301695
u 1191 0.9901541926052579 0.0021710016100525476
x 1191 -128.0893363312732 62.499016898265026 0.8845708655990023
u 1192 1.0295841179882166 0.010791948152342688
x 1192 -127.4517175747062 63.364346507957066 0.9869571346571346
z 1192 857 7.751981136103592 0.5441812022377981
u 1193 0.9842421487130905 -0.0066607885265829924
x 1193 -126.79650736333123 64.30778841204997 0.9405998061970218
z 1193 857 6.930579259537948 0.6248369770479192
u 1194 0.9940331485425993 0.0067677589642545465
x 1194 -126.35393910415009 64.93131248154917 0.9664664928725841
z 1194 857 6.149691772826961 0.7123178083762864
u 1195 1.0185997440680339 0.004112134045006645
x 1195 -125.70126513784855 65.95120250346798 1.036577195980854
z 1195 759 8.029537982199507 -0.8729761745761415
z 1195 857 5.4182586519454965 0.8310927502637222
u 1196 1.0192350969233699 0.00876746698382181
x 1196 -125.31218383752973 66.72656196394215 1.1748301087767707
z 1196 29 7.7684518754531915 -0.3156176708128875
z 1196 759 7.419582498928628 -0.9875865001669331
z 1196 857 4.787026935308796 0.9796162856183823
u 1197 0.9758789528104772 -0.008852352631353656
x 1197 -124.88484882791752 67.52362941371939 0.9824919685051903
z 1197 29 6.845972107517047 -0.35042623243612203
z 1197 643 8.023821359340745 0.4547926392896269
z 1197 692 7.550109089416435 -0.00530375794235205
z 1197 759 6.92634401964074 -1.096263527083627
z 1197 857 4.323778410317609 1.1775429101328845
u 1198 0.9548145288445028 0.002217810643866279
x 1198 -124.22018715653707 68.40438115124893 0.8661563074193221
z 1198 29 5.958626742989738 -0.4078492663259712
z 1198 643 7.177806511634531 0.5109092320553774
z 1198 692 6.595317230371258 -0.00844993359120405
z 1198 759 6.546400476096652 -1.2286599846351722
z 1198 857 4.053924269719484 1.3945259472887486
u 1199 0.9640876669417072 0.006765871490650193
x 1199 -123.5281851998227 69.16427733394755 0.7980967163630681
z 1199 29 5.089529458754087 -0.49040839817028115
z 1199 643 6.352548298496731 0.5779700897758646
z 1199 692 5.631310450152044 -0.01724155793661808
z 1199 759 6.292073555274646 -1.3804482624727743
z 1199 857 3.9958748787976566 1.6274353529212275
u 1200 1.034340354119646 -0.0030807047089148327
x 1200 -122.6472085979304 69.9229788489002 0.6238299284299389
z 1200 29 4.20450118191002 -0.6031181085415409
z 1200 55 8.301158529069149 0.8049147112685242
z 1200 643 5.51624180322903 0.6839142196551378
z 1200 692 4.597126683382654 -0.017693440371451263
z 1200 759 6.1788084543327795 -1.5424449694952747
z 1200 857 4.185394303054264 1.8798026773357286
u 1201 0.997022243182265 -0.013255784093170462
x 1201 -121.69562727786403 70.61651257505719 0.6357882140327353
z 1201 29 3.4257502173151497 -0.7540864449935567
z 1201 55 7.6490965902256765 0.9128570339250182
z 1201 643 4.789926872809951 0.8301426360654705
z 1201 692 3.6001896831963602 -0.007502025138757418
z 1201 759 6.224213263597416 -1.6899662539075104
z 1201 857 4.593719982927792 2.1008678403725973
u 1202 1.0096415188006878 -0.0007564704994818305
x 1202 -120.79034836255967 71.30613816233735 0.6662104395531854
z 1202 29 2.7768974541089766 -1.0047909152979582
z 1202 55 7.077275565574201 1.026767808178077
z 1202 293 8.159332868722311 0.8825393202233816
z 1202 643 4.175996717874442 1.0103573414079117
z 1202 692 2.590583791607893 -0.009521925857574054
z 1202 759 6.4225948732767195 -1.8459443355162368
u 1203 0.9553485458200698 0.015944621584930985
x 1203 -120.00207904389453 72.02706846100058 0.8154069806672029
z 1203 29 2.411293253157337 -1.363498015507608
z 1203 55 6.626422143918909 1.1338919750061098
z 1203 293 7.582160663242423 0.9634200228301051
z 1203 643 3.749211143055158 1.2108418168972293
z 1203 692 1.6354769399016147 -0.03568519037554285
z 1203 759 6.752072192861194 -1.9981656908494663
u 1204 1.0004712598193097 -0.003910976777942437
x 1204 -119.3956065759569 72.54889934275198 0.6056364511553372
z 1204 29 2.4110182678509604 -1.7775568867938443
z 1204 55 6.270846193334669 1.283000953570495
z 1204 293 7.060871152679858 1.0841044444551509
z 1204 643 3.525455404118878 1.4837789932604952
z 1204 692 0.6364702609301327 -0.08480889740952868
z 1204 759 7.222684675682178 -2.1207633553628678
u 1205 1.0001056444734335 -0.010740416075598077
x 1205 -118.7603229813433 72.89061513285357 0.38136749151033245
z 1205 29 2.7888830323489073 -2.1258345381440984
z 1205 55 6.068621981677094 1.4526794328031176
z 1205 293 6.657159144892457 1.2284024506204458
z 1205 643 3.585238109877821 1.7762520223589604
z 1205 692 0.3691096561552425 -2.9989565666428994
u 1206 0.9853724525014622 -0.021715726184055647
x 1206 -117.90906334432673 73.1453596306473 0.20018055938524526
z 1206 55 6.043077890432115 1.6372316319634317
z 1206 293 6.404561678762789 1.3961097553377453
z 1206 643 3.9167990376795863 2.046217996792177
z 1206 692 1.351302020723195 -3.088960039715861
u 1207 0.9942427433889864 0.018585297644885503
x 1207 -116.79339204051091 73.39224815631069 0.2353830495012823
z 1207 55 6.180093522490105 1.7799583953268359
z 1207 293 6.298974899617365 1.5333300049309484
u 1208 1.043934989337041 0.010730529364263433
x 1208 -115.70334457458746 73.74930675570204 0.3977125165686348
z 1208 55 6.472619680170351 1.9278383237339884
z 1208 293 6.340642904576637 1.6878404550060768
u 1209 0.9880819921133316 -0.00693623097442424
x 1209 -114.61518876605862 74.1538409444923 0.3141439225822751
z 1209 55 6.883540473583502 2.0694967983391646
z 1209 293 6.5334857158831525 1.8454828628511013
u 1210 0.9535644763936164 -0.00554969861847515
x 1210 -113.3955089628377 74.5649595333153 0.3360772751050294
z 1210 293 6.856292719657142 1.985194006395755
u 1211 0.9854729185698196 0.013164951462769645
x 1211 -112.72424199258802 74.83790862462693 0.43631935906462704
z 1211 293 7.303377579071647 2.0962149839297926
u 1212 1.0011742610499847 0.002975204312042879
x 1212 -111.7644662976107 75.24561074051968 0.3670643970803291
u 1213 1.0085280128579186 -0.00017445426975293076
x 1213 -110.8378391364263 75.54047790306454 0.24910240788462046
z 1213 194 8.468151820545692 -0.49900882506689337
u 1214 1.0196350000124024 0.013111643037992494
x 1214 -109.71225545945825 75.87173548324151 0.3233333544991601
z 1214 194 7.592154443596623 -0.5772081963189608
u 1215 0.9982467776504764 -0.011249542264383598
x 1215 -108.57942534230497 76.21633388233748 0.2672639483536492
z 1215 194 6.774146319278938 -0.6457601138417579
u 1216 0.9997951133463135 -0.008289627910027372
x 1216 -107.77889899647185 76.40968511748898 0.2067186024840435
z 1216 194 6.003078649768155 -0.7373127963788573
u 1217 0.9881224514294371 -0.0009894404771797986
x 1217 -106.93943084028321 76.58345423228901 0.20151394340018225
z 1217 194 5.31291529831754 -0.8616207150824118
u 1218 0.9905471749050371 -0.010778307736684496
x 1218 -106.21258697504311 76.75606979050714 0.2648199760440626
z 1218 194 4.723463730189732 -1.0099204911413073
u 1219 1.0254554795482695 -0.0011832999964534552
x 1219 -105.06916875383209 77.0761297971163 0.28103994015070555
z 1219 194 4.266710037109726 -1.2136079285222217
u 1220 0.9985649576432624 -0.0053785273363845835
x 1220 -104.21507649759806 77.26351440464829 0.1509087004824421
z 1220 194 4.025063137706061 -1.442562168647082
u 1221 0.9652499605643118 0.0035389018344182746
x 1221 -103.1554530030004 77.45151443983215 0.20027986577172108
z 1221 145 8.313076801087044 -0.9442919133251966
z 1221 194 4.019051907128715 -1.6866651084603959
u 1222 1.0269726446440073 -0.008776306054036617
x 1222 -102.23319763104661 77.68560503381501 0.2968691709819393
z 1222 145 7.751788165796173 -1.042699793563953
z 1222 194 4.257440453203881 -1.9199664219364077
u 1223 0.9608939166481287 0.006125467407323739
x 1223 -101.4051495346187 78.01690967467869 0.4643213991156254
z 1223 145 7.317540118912665 -1.162697760819675
u 1224 1.0187527816778454 0.011337432978472485
x 1224 -100.58792775629985 78.41924100202844 0.4506416121720975
z 1224 145 6.981753066729599 -1.308700631836101
u 1225 0.9423829736976043 -0.0019450752636722011
x 1225 -100.065729532713 78.63996814961082 0.3491805863837252
z 1225 145 6.7978705954180105 -1.4410183893037074
u 1226 1.0045333168055617 0.003174707141038065
x 1226 -99.40545943436074 78.88712041353958 0.36716805453665025
z 1226 145 6.743454295984122 -1.5924777899163187
u 1227 1.0131930156551865 -0.008058100242584357
x 1227 -98.45148450561749 79.26509318189429 0.38729872079609606
z 1227 145 6.83680734126524 -1.7331406333990458
u 1228 0.9836955556963454 -0.005334857564003623
x 1228 -97.59595856893205 79.64554218662114 0.44957010635772354
z 1228 145 7.060328121636576 -1.8657978843150378
z 1228 316 7.652006627308618 -0.485562666131818
u 1229 0.9507792343819526 -0.0006856605147627743
x 1229 -96.86820295211886 80.0282031696441 0.5185930131202117
z 1229 145 7.392644643571794 -1.9884935490408022
z 1229 316 6.825394127499419 -0.549892838592966
z 1229 835 8.022225797899049 -0.36778797158940524
u 1230 1.0320984913954094 0.009179210972160437
x 1230 -96.05268277146334 80.52841369415826 0.5817827663494688
z 1230 145 7.872141616610077 -2.1175496843470074
z 1230 316 5.972705794989743 -0.6501788120697074
z 1230 835 7.070843625894924 -0.43009873955496225
u 1231 0.9828806128048481 -0.0014359016427152845
x 1231 -95.1631128059477 81.15563756784375 0.646480526987963
z 1231 316 5.223857674273287 -0.7627762978845141
z 1231 418 7.97932121146649 0.8777732205102637
z 1231 595 8.311718421316641 -0.6047139676395998
z 1231 835 6.190722724444632 -0.4948068801779515
u 1232 0.989379937489462 0.009312984780557915
x 1232 -94.53572602130795 81.71031177017888 0.8014438356000797
z 1232 316 4.563799140870253 -0.9231770968217421
z 1232 418 7.382740799472674 0.9713397567176543
z 1232 595 7.521767335271348 -0.6893825366551694
z 1232 835 5.343262719771892 -0.5929213498094907
u 1233 0.9531062189960441 0.002629601702240222
x 1233 -93.98622859002407 82.31951898974677 0.8723244077527763
z 1233 316 4.061704448339006 -1.1142499054423203
z 1233 418 6.888981307683756 1.083086098769373
z 1233 497 8.462334666063773 -0.4440026642910575
z 1233 595 6.814218446010264 -0.7812382557803619
z 1233 835 4.584702048866927 -0.7122070356154668
u 1234 1.0135514875724116 0.002077427718163082
x 1234 -93.44848731403015 82.9413229597608 0.843211224947229
z 1234 316 3.728627832847088 -1.3629324841958992
z 1234 418 6.4752323189311385 1.2196537515395072
z 1234 497 7.560112285506784 -0.5038268002005473
z 1234 595 6.137024546737741 -0.8999963797161916
z 1234 835 3.8753735497382986 -0.8862519325871578
u 1235 0.9767156412945681 0.0012299689945417566
x 1235 -92.9408737763032 83.59461597060363 0.9772553938620074
z 1235 316 3.65484614852284 -1.6287589005705776
z 1235 418 6.206806189244544 1.3666929638945362
z 1235 497 6.721649275232141 -0.5753451669132881
z 1235 595 5.583078663232058 -1.0387628749658555
z 1235 835 3.345035673676147 -1.1157798269836867
u 1236 0.9662592534293016 0.010390447901083344
x 1236 -92.35356449102112 84.53520139138823 1.047989928837266
z 1236 316 3.8389240131354425 -1.8930666500018383
z 1236 418 6.079959193643194 1.5123919114584785
z 1236 497 5.937398944960896 -0.6751137702522478
z 1236 595 5.165220047400656 -1.2115694954663851
z 1236 835 3.0515895289413675 -1.4153249155731755
u 1237 1.009981978440556 0.014267248270827005
x 1237 -91.8306053505244 85.32273103230553 0.9212248261515841
z 1237 316 4.273848065301701 -2.132849953777969
z 1237 418 6.09767502962518 1.664163483381774
z 1237 497 5.192698303841939 -0.8123295872451326
z 1237 595 4.909320014480987 -1.4201625215986875
z 1237 835 3.06940274590657 -1.7610607671774128
u 1238 1.0107960075125326 -0.00040015182600384704
x 1238 -91.1216215702709 86.20300794144504 0.8643058332567968
z 1238 418 6.2733620486457 1.8256800775977506
z 1238 497 4.556754327207169 -0.9736224648549721
z 1238 595 4.861257970731738 -1.626806535309174
z 1238 835 3.408110697798709 -2.0561881431824163
u 1239 0.9617624740794855 -0.0024599846944798414
x 1239 -90.50040166293468 86.83618555605487 0.7255551757956802
z 1239 418 6.5830766070093745 1.969945604437509
z 1239 497 4.09285257772984 -1.1665571224806914
z 1239 595 5.006874826200573 -1.8173426114277107
u 1240 1.0153924237613126 0.007803232113312391
x 1240 -89.86330827630597 87.53287024337192 0.9345389100833499
z 1240 418 7.03671694361577 2.0957127359658996
z 1240 497 3.813548626885613 -1.422091835516637
z 1240 595 5.349747020488173 -2.010078105526931
u 1241 1.0271834634508488 -0.0060063421759160825
x 1241 -89.39591510061801 88.40874862325755 1.226680416764765
z 1241 497 3.796612789294617 -1.6868256989474506
u 1242 0.9882807141302089 -0.006993217848194829
x 1242 -89.1470497039859 89.0570722081764 1.181881239200548
z 1242 497 4.029100793958227 -1.9260462986716593
u 1243 1.1195506544002707 -1.5707963267948966
x 1243 -88.30254946381754 89.20265521045788 -0.8404579353503854
u 1244 0.9570345344549891 0.003726338620077043
x 1244 -87.5602575889666 88.4423301929144 -0.7543395551486092
u 1245 1.0048391419901201 -0.005739575913277955
x 1245 -86.75136234080557 87.63191927587069 -0.818328769014808
u 1246 1.0575335254558216 0.009451822809686343
x 1246 -85.8897094491209 86.8893541575442 -0.6042710653651762
u 1247 1.0011600991381202 0.004356945281451199
x 1247 -85.00023750620974 86.3567776612629 -0.47473724398338657
u 1248 0.9873111175418772 0.009033027812040493
x 1248 -84.484206970648 86.07094699066164 -0.5369318223969226
z 1248 457 8.393759872029458 -0.39674372539216396
u 1249 1.0537658275658635 0.003060348755054014
x 1249 -83.57291150616973 85.69016411756647 -0.25466251882834934
z 1249 457 7.4337131743732145 -0.4548083212292071
u 1250 0.9371861329092598 -0.006619527866321167
x 1250 -82.94804234847672 85.57614775255745 -0.10629538286925477
z 1250 38 8.113259899172064 0.4057509604670759
z 1250 457 6.60311323556379 -0.5101548483833929
u 1251 0.998166424641083 -0.005777858205430459
x 1251 -82.03446971540075 85.60989040730186 0.18013149039256904
z 1251 38 7.208202301399947 0.46658177617459273
z 1251 457 5.751119386436197 -0.5887908555339543
u 1252 0.9864284634640823 -0.008327478046816094
x 1252 -81.42863684784764 85.72929527185843 0.2090643755754038
z 1252 38 6.344862967795612 0.545480634855656
z 1252 457 4.958496845766081 -0.6904758681501311
u 1253 0.995570383469245 0.007470200062644259
x 1253 -80.50952345283604 85.96336382409457 0.2896696322538088
z 1253 38 5.515790570574504 0.6312139566276955
z 1253 457 4.241442415267526 -0.8486878044367958
u 1254 1.0255764118974071 -0.006253673497596129
x 1254 -79.39992203796007 86.25490171774176 0.2241981127478616
z 1254 38 4.72895112075708 0.7663523329183262
z 1254 457 3.642929815127528 -1.0547017197877198
u 1255 0.9353529000618639 0.003632468400670296
x 1255 -78.45825516635361 86.58550576955466 0.4510820487979159
z 1255 38 4.105281106949286 0.9210933250934126
z 1255 457 3.2853543591992413 -1.308822068921156
u 1256 1.0232743959096606 -0.00022108141561019798
x 1256 -77.5190882324459 86.94876736530281 0.2870538737829209
z 1256 38 3.5803045145439265 1.1509230096577348
z 1256 457 3.1778270326090055 -1.6248550649413946
z 1256 575 8.17575557042833 0.6567376253243395
u 1257 1.0739610071156223 0.01304968297831254
x 1257 -76.90345071774013 87.10418897209018 0.2075245121706173
z 1257 38 3.285019168194868 1.4401057256417173
z 1257 72 8.26291046042739 -0.2087721710323791
z 1257 457 3.4154401628975983 -1.9571645126978057
z 1257 575 7.349746905198132 0.7322589777484807
u 1258 1.0304606441433797 -0.002313774765410978
x 1258 -75.63367678275306 87.40485560398038 0.2574860144163744
z 1258 38 3.3134099402418142 1.7559211506709218
z 1258 72 7.257687755551609 -0.23572887973849532
z 1258 575 6.620261184036986 0.8389577574531195
u 1259 0.988324634460296 0.003755604090352402
x 1259 -74.68487328717364 87.56428042138455 0.07545832572417588
z 1259 38 3.6261454314752974 2.023473380746781
z 1259 72 6.301426996233482 -0.27640974657290585
z 1259 575 6.003487011308466 0.957774336792288
u 1260 0.982225575402757 0.015126602866567099
x 1260 -73.92731789763258 87.73402071712547 0.36538690975415733
z 1260 72 5.365610205545921 -0.34284645905598987
z 1260 575 5.490772472005636 1.0886960814912907
u 1261 1.0200539060164298 0.008979153870921344
x 1261 -72.9258567823839 88.08240543517023 0.3041765838065409
z 1261 72 4.420133073204826 -0.43046064342170753
z 1261 575 5.09421207947788 1.2576504972907587
u 1262 0.9764886918669947 0.0002679933550711776
x 1262 -71.94848636132365 88.41634887937738 0.3543025069698631
z 1262 72 3.5562162167855997 -0.5455965349163869
z 1262 177 8.272119031088936 0.0549227284274183
z 1262 451 7.751433824590898 0.5841037919513856
z 1262 575 4.882466177822537 1.4488142647823086
u 1263 0.9759744206854954 -0.002657503838681714
x 1263 -71.1208496863334 88.70745884897433 0.3221393174922875
z 1263 72 2.7677891884747523 -0.7265520659140128
z 1263 177 7.2978948770478365 0.0650990523652979
z 1263 451 6.9589130905169 0.664334539766906
z 1263 575 4.862501870493522 1.652069637935094
u 1264 0.9706623703187791 -0.006225643766532804
x 1264 -70.01480054258005 89.15393051028347 0.4451818146176598
z 1264 72 2.1390346520028762 -1.02542804544849
z 1264 177 6.329837129857514 0.08177685518010325
z 1264 451 6.225611943058525 0.7672188382770182
z 1264 575 5.038029361769799 1.8514757591687765
u 1265 1.0028014620832728 -0.005082250714508746
x 1265 -69.21609199767198 89.55005068147528 0.47562425471997516
z 1265 72 1.8293099024818238 -1.5073032899893253
z 1265 177 5.331268321157115 0.10270101750527116
z 1265 451 5.549582669674001 0.8983943003980714
z 1265 575 5.40471846041362 2.035663812989812
u 1266 1.0411155113013544 -0.005222447352714489
x 1266 -68.32260281192946 90.01183883531185 0.4784281446125096
z 1266 72 2.044182778617567 -2.035166803770922
z 1266 177 4.2973157574417 0.1333931691272392
z 1266 451 4.970701981530534 1.0685624592298106
u 1267 1.0001038935172955 -0.007919346600429103
x 1267 -67.25664371552021 90.47279420469035 0.3378701963764623
z 1267 177 3.3094676979842172 0.1827011480324492
z 1267 403 7.779626216282574 -0.6044676103828741
z 1267 451 4.5778270317970975 1.269582374746947
u 1268 0.9815477073253848 0.0009045528751681387
x 1268 -66.31407264410787 90.91909559643447 0.5465669052741888
z 1268 177 2.350916377277492 0.2575404820948677
z 1268 403 6.994565767008154 -0.6852622745404724
z 1268 451 4.387468525167268 1.483950447552182
u 1269 1.1317043092640455 1.5707963267948966
x 1269 -66.06602382335572 91.98272074017892 2.1367943901558535
z 1269 177 1.5576761617346608 -1.6489924000855547
z 1269 403 6.966864205216119 -2.402092756504334
z 1269 451 3.666259088279692 0.092846527868506
u 1270 1.047177479418239 -0.008715334191399879
x 1270 -66.56008825706498 92.65174352590846 2.276981841771513
z 1270 177 1.9399984993482502 -2.208707672613339
z 1270 403 7.769862431980532 -2.4847641927901374
z 1270 451 2.6259955578945653 0.1402728523429979
u 1271 0.9486270142605985 0.014083286535997375
x 1271 -67.34482105387552 93.3626798620321 2.534007372986718
z 1271 177 2.6222374026584676 -2.5160692871123267
z 1271 451 1.690486330171905 0.20080069802828682
u 1272 1.0004033166334947 0.011707478449249025
x 1272 -68.42271612971821 94.23084237222757 2.3930989547597434
z 1272 649 8.423939212885879 0.7456349369775075
u 1273 0.9607022031631238 0.007514190820679572
x 1273 -69.00232907544522 94.70171818092062 2.525577353538357
z 1273 649 7.742967132481974 0.8220526791457523
u 1274 1.022396220565863 0.007805363984958698
x 1274 -69.88804264035932 95.2552754957543 2.6404315091732995
z 1274 440 7.808384341027578 0.35713572870968946
z 1274 649 7.0835029382369346 0.9197903499738063
z 1274 732 8.115245534312638 0.37089716243660664
u 1275 1.0348205238257553 0.0006916049987203743
x 1275 -70.73993648089343 95.62001293188769 2.833684211850545
z 1275 440 6.848278103796472 0.409245398638892
z 1275 649 6.508369985853587 1.0458840127812215
z 1275 732 7.160473140530034 0.4225638609834852
u 1276 1.0375369135621695 0.025330756322756172
x 1276 -71.78785042374308 95.96196889138675 2.818649258926621
z 1276 440 5.904907618011229 0.4518349043703864
z 1276 649 6.043176645660059 1.1685602040262522
z 1276 732 6.2226613875164585 0.46372701347696266
u 1277 0.9871256651963163 -0.0008435885943848808
x 1277 -72.5808846478858 96.19157996109021 2.9008793850205716
z 1277 440 5.03553516226551 0.5384488732033335
z 1277 649 5.729608932662118 1.32863886328537
z 1277 732 5.358223756005139 0.5471354501371417
u 1278 0.9696160542694758 0.015021866066079994
x 1278 -73.18905189859701 96.32695506755317 2.944257248424103
z 1278 440 4.228012814745879 0.6398086647256722
z 1278 649 5.569850656091792 1.483111201380634
z 1278 732 4.553730848634597 0.6417372697432122
u 1279 0.9942285190104735 -0.012332950478394177
x 1279 -73.95936810576279 96.55647856217834 2.7597595026105317
z 1279 440 3.485876599058804 0.8246891631513087
z 1279 649 5.577621994683802 1.6740523138804413
z 1279 732 3.808550784005585 0.8122772995218206
u 1280 1.0583799838778525 -0.01508491513864671
x 1280 -75.29129134194379 97.1290481124564 2.711429217078476
z 1280 440 2.881656526516431 1.1148070397237193
z 1280 649 5.790981540361011 1.8717922687534188
z 1280 732 3.1818663118793538 1.0729812826423961
u 1281 1.0068380348904995 0.0030876486072574497
x 1281 -75.97366385521646 97.48434030170071 2.6116600286133513
z 1281 440 2.5989217192697804 1.466686209590252
z 1281 649 6.163537331953892 2.025429764798152
z 1281 732 2.8407400029207523 1.3862950841590038
u 1282 1.0413269319707679 0.009900305976456698
x 1282 -76.94123385901811 97.88934042068578 2.8786940441233266
z 1282 440 2.692510609959571 1.8513979803147578
z 1282 732 2.8354905994054045 1.745386450806568
u 1283 1.0176048735509342 0.009238047162825842
x 1283 -77.72340671944885 98.02659784878159 3.0570642298047206
z 1283 440 3.1270323568009837 2.1606218212020885
z 1283 732 3.170437189913914 2.058017654407969
u 1284 1.030756669992522 -0.01894759954713386
x 1284 -78.88939281151397 98.17618114736283 2.9709367480138074
z 1284 276 8.124689067081926 0.4733108570325899
u 1285 1.0232518599033045 0.0005165482257496528
x 1285 -80.11525084850605 98.27398810285032 -3.1301724815195016
z 1285 276 7.228857634267349 0.5373305368607983
u 1286 1.0494584931205624 -0.005708237488345644
x 1286 -81.39684014566556 98.24886645792652 -3.1138139525551374
z 1286 276 6.351801544757271 0.6281140838232862
z 1286 855 7.97295997208254 -1.029989860014373
u 1287 0.9534090143930833 -0.003974356175655339
x 1287 -82.26416788749569 98.17859819390203 -3.0076905453896594
z 1287 276 5.609678127672027 0.7324002211253844
z 1287 855 7.524910926143299 -1.134718991330531
u 1288 1.021749814868647 -0.0026432850106522477
x 1288 -83.34683599640859 97.95935298262305 -2.8758895400470483
z 1288 276 4.89885299594683 0.8751675156127341
z 1288 855 7.152253566023266 -1.2618475850083573
u 1289 1.0091322449643405 0.004802771603690906
x 1289 -84.58389144125546 97.58782900798913 -2.823778044175799
z 1289 276 4.320014359828017 1.0502929634223772
z 1289 855 6.914984246760679 -1.4062338992786916
u 1290 0.9609297672783391 0.001983203699457243
x 1290 -85.14709813770949 97.39535882570114 -2.800812743470998
z 1290 276 3.9306253878110438 1.2619062711264348
z 1290 855 6.824681547061944 -1.5475905893348063
u 1291 1.0148958957340084 0.0026845777783023714
x 1291 -86.08771568523646 97.01021088306882 -2.7050979720506496
z 1291 276 3.7475591401484523 1.5200563911611393
z 1291 855 6.877750219764455 -1.698342491254738
u 1292 1.0064866372042256 -0.007986896482810688
x 1292 -86.6813492272024 96.75634050180403 -2.769852642244409
z 1292 276 3.834670214516725 1.793326693491597
z 1292 855 7.072669828171296 -1.8320505614556168
u 1293 0.9826412628008152 -0.020158163714162017
x 1293 -87.55614196157828 96.5162589219737 -2.9776342869947015
z 1293 276 4.172223099663653 2.044712812756238
z 1293 855 7.37853911974646 -1.941247325019472
u 1294 1.0248514556785804 0.0018068616637962628
x 1294 -88.30108139371117 96.49028476458892 3.0473409986768676
z 1294 855 7.8090496299040515 -2.0656543379464445
u 1295 1.0150958546608093 -0.0003807298642818942
x 1295 -89.40690510615939 96.5872552319865 3.06091036528733
z 1295 476 7.813619854694174 0.0893842035209449
z 1295 855 8.338952429029858 -2.172616928675868
u 1296 1.0381859885000568 0.006678372781744338
x 1296 -90.35489809299511 96.58944923072043 -3.0655390805778353
z 1296 141 8.121820204630213 -0.5080426278189725
z 1296 476 6.779863728099491 0.09586582255348208
u 1297 0.95888490284805 0.005707317921019029
x 1297 -91.5076543868812 96.45979214652307 -2.993636272006382
z 1297 141 7.300450837145825 -0.5780169272117481
z 1297 476 5.8258056802238185 0.10544613524215052
z 1297 825 7.734000497338379 0.3948989750330245
u 1298 1.0142993162200384 0.014724501179800249
x 1298 -92.80130246789997 96.22331157399869 -2.927939016362469
z 1298 141 6.47931842029426 -0.6793419094726669
z 1298 476 4.8174146476003274 0.11134122469632945
z 1298 825 6.80573016418447 0.43652585218066164
u 1299 1.0115845181942804 -0.0016429547777773279
x 1299 -93.82881203907348 95.99536008536069 -2.9186206674949586
z 1299 141 5.727100097285984 -0.788788422214258
z 1299 476 3.8138677244394916 0.1426760658366688
z 1299 825 5.904921614708181 0.510789790777106
u 1300 1.0281297673819048 8.39553024075755e-05
x 1300 -94.82361440796662 95.75673817977558 -2.893723069978444
z 1300 141 5.055509956120653 -0.9336735888233552
z 1300 476 2.799995464525835 0.1948122170446358
z 1300 825 5.03315776179265 0.6107264208127119
u 1301 0.9961893329933873 -0.01198721197910431
x 1301 -95.65564363354291 95.52885654737227 -2.8548006944380697
z 1301 141 4.528819399724164 -1.0986313281240294
z 1301 476 1.8346209119479098 0.31531682261379856
z 1301 825 4.259636454639633 0.7583887241827001
u 1302 1.0915484605810253 -0.001561618377649058
x 1302 -96.73712328696624 95.25240906446287 -2.927863132478626
z 1302 141 4.147061203516274 -1.333586274609076
z 1302 476 0.8663655459142805 0.7193108284097738
z 1302 825 3.548276870124389 0.9733115575673539
u 1303 1.00592651734636 0.00798927129511594
x 1303 -97.93566749319933 95.04100087818082 -3.00613898507403
z 1303 141 4.03507298178724 -1.5865651543036379
z 1303 476 0.668363143848989 2.1213215600698003
z 1303 825 3.092359470009994 1.2368506634250398
u 1304 1.0147370307824881 -0.012689432153452225
x 1304 -98.9434509458772 94.81621141876833 -2.838124707505694
z 1304 141 4.169971762176742 -1.8196747590621656
z 1304 476 1.4809779875666396 2.7547728137762
z 1304 825 2.9279648011991055 1.5838672700568956
u 1305 1.0334059551831978 8.248727246593195e-06
x 1305 -99.9038465417583 94.49285443999821 -2.7955209957094693
z 1305 21 7.622738529208675 -0.17793505763087136
z 1305 141 4.536465851305228 -2.0422980459720406
z 1305 432 7.655917235869765 -0.6050040567892685
z 1305 825 3.1176879311349017 1.92168548243043
z 1305 865 7.800266854347254 -0.4332291765959644
u 1306 0.9844714882716695 0.0014584839257779988
x 1306 -100.98402217930517 94.17175919053186 -2.909778219292184
z 1306 21 6.656237702604402 -0.2056810306155299
z 1306 432 6.869504670961526 -0.688149285792691
z 1306 825 3.577007008345517 2.1817178827483046
z 1306 865 6.919439995979242 -0.49454563216990133
u 1307 1.004241525121945 0.015027035644967377
x 1307 -101.62167944611468 93.98935550263826 -2.816181774099425
z 1307 21 5.678717962510422 -0.25813345795509557
z 1307 432 6.132493775184267 -0.8083201840570586
z 1307 865 6.058442055997696 -0.5894252387692487
u 1308 0.9982641641809029 0.0042091034095344485
x 1308 -102.59531932595957 93.61387056324624 -2.7308526262396766
z 1308 21 4.721060206530295 -0.3167774983720024
z 1308 432 5.492337665223592 -0.9446094853033973
z 1308 717 8.092227434572939 -0.5415829864988586
z 1308 865 5.259337349162216 -0.6996757999150898
u 1309 0.9740971417174646 0.003447293872755139
x 1309 -103.48733060475804 93.21118363689165 -2.704236036416814
z 1309 21 3.8081909429357728 -0.40040961046166146
z 1309 432 4.985847589875792 -1.1072291503334126
z 1309 717 7.2758446829616945 -0.6142979757690208
z 1309 865 4.558728798185778 -0.8414470190358001
u 1310 0.9684845170117407 -0.007862486653521827
x 1310 -104.51188588969838 92.93192769519958 -3.0467508406392354
z 1310 21 2.938733258628808 -0.5201592329152471
z 1310 432 4.630818401309564 -1.2871661592492911
z 1310 717 6.505958401696614 -0.6918615881344454
z 1310 865 3.9761652509266767 -1.0155568619214819
u 1311 0.9885182722341516 -0.005381731696810399
x 1311 -105.36641153845171 92.87989254913349 -3.1147974556958054
z 1311 21 2.136356298869977 -0.7457198400437912
z 1311 432 4.4537583947974415 -1.4963422859332682
z 1311 717 5.77734550356425 -0.7954991838311516
z 1311 865 3.5531939467901443 -1.2484392439367777
u 1312 0.9941844542334559 0.0006451900268220201
x 1312 -106.07827804513714 92.8341160917144 -3.0399550170809717
z 1312 21 1.559766348124765 -1.193764912103649
z 1312 432 4.490933168983497 -1.719589213323341
z 1312 717 5.131115711890454 -0.9350171285033984
z 1312 865 3.3730577706878204 -1.5324526119166149
u 1313 1.0255107216920178 0.015864663108071674
x 1313 -107.15912025210667 92.81329686980426 3.0784743264203653
z 1313 21 1.5265555467868686 -1.886724736709736
z 1313 432 4.760021986897891 -1.9498932536776765
z 1313 717 4.604151527697777 -1.1321296431586036
z 1313 865 3.4955416017678655 -1.8459292984475297
u 1314 1.005482142691189 -0.003938363555045998
x 1314 -108.69715065318506 92.83860867267755 -3.1113859230425964
z 1314 21 2.071090443038209 -2.362756664371211
z 1314 432 5.214766577501359 -2.1261936692126437
z 1314 717 4.273195462971812 -1.342655545760502
z 1314 865 3.8892405142964384 -2.0935800084098646
u 1315 0.9683126001151259 0.01244687036562831
x 1315 -109.89008414773666 92.88306200727605 3.036892623952501
z 1315 468 7.953874388771428 -0.6819593394739414
z 1315 717 4.1684974222993105 -1.5836827676656102
u 1316 1.0077242435674356 -0.0011586463460187563
x 1316 -110.74469870394451 93.01992520586333 2.9286972352068945
z 1316 468 7.199206408457105 -0.7690820778053249
z 1316 717 4.3006131073653995 -1.819025985073743
u 1317 1.0044145210861333 -0.004706872637015578
x 1317 -111.68849355730856 93.33756668004605 2.7051886347399012
z 1317 468 6.513228411690642 -0.8715695686543263
z 1317 569 8.041115179357295 0.7164106374705734
z 1317 717 4.648327932963507 -2.025466427950221
u 1318 0.9750569435165845 -0.013283679597687439
x 1318 -112.70664346213113 93.8298546238144 2.6772554424688177
z 1318 468 5.927352006811669 -0.9838077509650249
z 1318 569 7.338448428944552 0.8177240290897325
u 1319 1.0044983904359939 -0.0015464510156573746
x 1319 -113.35845560945404 94.23992736428367 2.4828065165269884
z 1319 468 5.4350269711284085 -1.136677931364252
z 1319 569 6.6923631038200515 0.9290792350200254
u 1320 0.9831238390369577 -0.002007748185780033
x 1320 -113.81184247548742 94.59247528675968 2.478529692509488
z 1320 468 5.099158549249529 -1.3104090369685337
z 1320 569 6.155349732308896 1.0594809835630876
u 1321 1.0188399853222059 0.0011324092935881336
x 1321 -114.88607017780593 95.39356172885283 2.52312707683431
z 1321 468 4.936604700728666 -1.5123458589066638
z 1321 569 5.7256224064646934 1.2141135848029965
u 1322 1.0611068253471372 -0.0030930360257203165
x 1322 -115.7316224645237 96.0786364116084 2.3981873269210983
z 1322 468 4.986765468060923 -1.7232848505431333
z 1322 569 5.448263940331338 1.4008442502114793
u 1323 1.1607023753428651 1.5707963267948966
x 1323 -117.07037933207138 96.28272485828053 -2.70075031213708
z 1323 468 5.862037470180493 2.883464877583645
z 1323 569 4.634441393441118 -0.03940365403246382
u 1324 1.000664412231405 0.002401059776904468
x 1324 -117.72222428634771 95.89267740791074 -2.5039880330510798
z 1324 468 6.834060944430512 2.9186201146767274
z 1324 569 3.634828981237325 -0.05298015946772283
u 1325 0.9677072140204162 0.006688128307095665
x 1325 -118.62194308065408 95.22442944938533 -2.5015334353395597
z 1325 569 2.6692141155255986 -0.08007887374893263
u 1326 1.0225430234206383 0.0053149456201008
x 1326 -119.41771019779277 94.62984883368287 -2.4982652055849788
z 1326 569 1.6523324266248285 -0.13655892840846295
u 1327 1.0130213055469408 0.0024229931360506174
x 1327 -120.22339627768163 94.1682854453733 -2.744437294989519
u 1328 1.0274371364031984 0.004051968826751234
x 1328 -120.98023720123972 93.90508550941244 -2.869390041424915
u 1329 0.9632176252296768 -0.006478869035290162
x 1329 -122.11976053324567 93.60363948424016 -2.896569238516412
u 1330 1.02515671428455 -0.010544852527682856
x 1330 -123.05569603644412 93.38469322249344 -2.927014820386123
u 1331 1.0056368738448471 -0.023174201945433917
x 1331 -124.41516718455014 93.25103187914718 3.1230221322492984
u 1332 0.9667978554930772 -0.007395119002961314
x 1332 -125.46942880354113 93.3542465025553 2.964980614370406
u 1333 1.0302418483384879 -0.002543233770068498
x 1333 -126.51167621320306 93.5364329658931 2.972098477800131
u 1334 0.9855687172969997 -0.0049295981513307364
x 1334 -127.32709792812041 93.64286132999553 3.051515326328291
z 1334 97 8.260959112166828 0.5730305628237602
u 1335 0.9911533015149251 0.003250114636558324
x 1335 -128.3120809832155 93.74649978211066 3.022004415619051
z 1335 97 7.446576819420815 0.6418261898694944
u 1336 1.0413131931732522 0.005106556567526008
x 1336 -129.31001017360978 93.90957350220552 2.9372200404267232
z 1336 97 6.640020191439768 0.7304195550632415
u 1337 1.0864647810991206 -0.008461069131759672
x 1337 -130.48795863193956 94.35178521190642 2.627707977802726
z 1337 97 5.879078164479851 0.8630770912286714
u 1338 0.9496784494856336 0.00889375305978469
x 1338 -131.44842247532955 94.77120686493926 2.832022364170667
z 1338 97 5.307396778459248 0.990044903081758
u 1339 1.0810429008752973 -0.002510252085965747
x 1339 -132.02779256419802 95.0526427431063 2.5467782723743984
z 1339 97 4.80139046113437 1.1820811080044678
u 1340 1.035476767634568 -5.3535231051928216e-05
x 1340 -132.94022897206906 95.71766294180158 2.4767657602715216
z 1340 97 4.511899910391035 1.3961445328277184
z 1340 607 8.3958370921968 -0.34752460529456064
u 1341 0.9942755525418983 0.006885642671757923
x 1341 -133.74950010832296 96.34723174748704 2.4841242693752053
z 1341 97 4.444813490936924 1.6112320893267427
z 1341 607 7.469999463937813 -0.40018763597341334
u 1342 1.0088318746606615 0.014647496873714637
x 1342 -134.41107204213802 96.81375152070515 2.5706881858392894
z 1342 97 4.590314450714375 1.818041916749574
z 1342 607 6.555992248867815 -0.47585880424495297
u 1343 1.02111028147727 -0.001348084490535498
x 1343 -135.2342167601927 97.4429457577193 2.4072169118103535
z 1343 97 4.941054933818844 2.0210947037738176
z 1343 607 5.667299737211516 -0.5570352759838229
u 1344 1.0305492496252189 -0.0001276373323676425
x 1344 -136.3462817126976 98.54171794413413 2.3171970211847333
z 1344 607 4.823370334681255 -0.6700923092252284
u 1345 0.9649006541926888 -0.01174665803449616
x 1345 -136.96801224975704 99.08268953084706 2.5338851839791108
z 1345 607 4.10691438584886 -0.8036867419950902
u 1346 1.0105170712097058 0.012097247713836176
x 1346 -137.81260561530343 99.68966728137947 2.503016590720504
z 1346 607 3.4875976812755245 -1.027159580070136
u 1347 0.9545787280096789 -0.004114477631628167
x 1347 -138.4820334977697 100.22503764578501 2.4310001011740088
z 1347 607 3.101417040039771 -1.2892655055414934
u 1348 0.9785254121685696 -0.00795844526999106
x 1348 -139.20199571207388 100.78500477335434 2.5301048978665577
z 1348 607 2.9777183378803125 -1.602092491187433
u 1349 1.0458590777359889 -0.01676940701643256
x 1349 -140.16522554131876 101.42123116852494 2.5856190547002136
z 1349 607 3.1785677660313403 -1.9205087238545997
u 1350 1.0365555997333458 0.0021903060125701545
x 1350 -141.20464223684047 101.97468875398896 2.7189973055502348
u 1351 0.9821286568990778 -0.0033335224386582736
x 1351 -142.0991554732619 102.43748610432382 2.6092889450830707
u 1352 1.0618001987576946 -0.0019954087136466164
x 1352 -143.37272822291507 103.27054795461171 2.515372514043918
u 1353 0.9742345200775645 -0.0012442799705656524
x 1353 -144.06711147421257 103.89138343263353 2.308741232996489
u 1354 0.9869748577560192 0.00033584311592773616
x 1354 -144.63282161980982 104.72702395815575 2.023065820648821
u 1355 1.0022972623167778 0.0002089655619467134
x 1355 -145.2490333149352 105.74458504093586 2.207547283034563
u 1356 0.9989059075311154 0.005588601306421978
x 1356 -146.2592934867457 106.73606066776894 2.5236094024774847
u 1357 1.1198164903199175 1.5707963267948966
x 1357 -147.35223332035554 106.418513268617 -1.9580906209462956
u 1358 0.9900731687045765 0.004667918267312993
x 1358 -147.80100923645313 105.46062669906148 -2.059775557542411
u 1359 1.0348450025573355 0.008672138762158584
x 1359 -148.27995332603916 104.51714877760632 -2.021293792500907
u 1360 0.9717393228824623 0.013462926811909496
x 1360 -148.8601558758999 103.22287914807009 -1.9631536364888174
u 1361 1.0056520869726828 -0.000751210102162004
x 1361 -149.13078900252768 102.45028477692941 -1.852307720972884
u 1362 0.9653286846023724 -0.015278892111237839
x 1362 -149.3626068786378 101.50007832058743 -1.767867733213499
u 1363 0.9426011548392839 0.002361874210115212
x 1363 -149.61921822345136 100.36778565570567 -1.8194553964577878
u 1364 0.9414269777132332 0.013032604784131019
x 1364 -149.7840247043392 99.62314856363147 -1.7577639959900824
u 1365 1.0510563124468035 -0.013376021234112212
x 1365 -150.02370627552645 98.52707301938761 -1.8143961185007684
z 1365 344 7.623165322255679 0.28785573030617684
u 1366 1.0084453724211322 -0.002925931726946986
x 1366 -150.28247934220775 97.24455699595325 -1.7253900526864234
z 1366 344 6.66284750109853 0.33397612884590266
u 1367 1.0153982374758956 -0.0013847171881899711
x 1367 -150.4599732838984 96.61334147906585 -1.9644334932235423
z 1367 344 5.713526741705013 0.3937666945484768
z 1367 712 7.746720800652921 -0.418217223143067
u 1368 1.061111526838754 0.010704169085350596
x 1368 -150.91310787513012 95.24713388149534 -1.817670734246279
z 1368 175 8.066573522888428 0.6633838638710134
z 1368 344 4.74849679013156 0.4677935903717625
z 1368 712 6.7934009534600905 -0.49316504382717286
u 1369 0.9263069801522317 0.005288875835359651
x 1369 -151.19190428927178 94.28365316608676 -1.887262819681503
z 1369 175 7.357214433961568 0.7354397338625693
z 1369 344 3.9425621390434804 0.5680891462569111
z 1369 712 5.994856584882576 -0.5720306862818587
z 1369 850 7.702017217134887 -0.18510613859042602
u 1370 1.109012604283621 -1.5707963267948966
x 1370 -152.14634011738508 93.85632938334399 2.729181925842229
z 1370 175 7.375083517617485 2.4418657573845444
z 1370 344 3.852698161831119 2.3947315855922113
z 1370 712 5.023487373429622 1.0408656831209022
z 1370 850 6.901201763498933 1.4675084776800356
u 1371 1.045253272093379 -0.003989388192396808
x 1371 -153.23594947147177 94.28441261611569 2.805300507147443
z 1371 163 8.023090534371967 -0.06333395681211496
z 1371 175 8.203595142097726 2.527807969001108
z 1371 207 8.090565321225755 -0.05098367465337805
z 1371 344 4.67514988120687 2.550863693389335
z 1371 712 4.586694837725208 1.2430100217874394
z 1371 850 6.874611284466638 1.6233467372334722
u 1372 1.0475739698042466 -0.0024009427300717254
x 1372 -154.1431193730132 94.45241331296408 3.111649799285181
z 1372 163 6.977841475155451 -0.070255162838468
z 1372 207 7.044482358175426 -0.05598292251197634
z 1372 344 5.576394562253711 2.657899053775079
z 1372 712 4.364888101560342 1.4747300467316133
z 1372 850 7.009387251756325 1.7755443897669316
u 1373 1.0066951397918291 -0.006082582164805505
x 1373 -154.89156055469084 94.46276245468572 -3.1393032273890604
z 1373 163 5.973803644217297 -0.07549104465411283
z 1373 207 6.039434174115761 -0.05872100088475429
z 1373 344 6.485746498611233 2.7358088292336475
z 1373 712 4.387406476368783 1.7113067920404479
z 1373 850 7.283977980384057 1.9172762512110175
u 1374 1.0116095146622157 0.010517113373757908
x 1374 -155.6653926293298 94.49756575612747 3.049413276810178
z 1374 163 4.966165487808536 -0.10243967176886848
z 1374 207 5.03031487804108 -0.08209609002247387
z 1374 344 7.424101012851836 2.779763220328892
z 1374 712 4.633530605930685 1.9188423651870332
z 1374 850 7.6818779685130245 2.0311748407091574
u 1375 0.9940985592947688 0.006109318706821628
x 1375 -156.57748919701984 94.56836627077031 3.078834873855799
z 1375 163 3.9789721666521376 -0.13485962074173363
z 1375 207 4.0407042087183624 -0.10913047926565778
z 1375 712 5.05700987051399 2.0988001538217063
z 1375 850 8.169655883832787 2.1344608875363047
u 1376 0.9903006050386338 -0.0038677416472585814
x 1376 -157.65416978819388 94.68162361038506 2.9947388657735505
z 1376 163 3.0002803946829517 -0.1747514409689419
z 1376 207 3.0579247360730992 -0.13991853453178127
z 1376 712 5.622889182988686 2.255221556358425
u 1377 1.0283672798746835 -0.01933127698392773
x 1377 -158.92009389494822 94.81982596817454 3.0709654678268654
z 1377 163 1.9930879337015293 -0.24031320079098872
z 1377 207 2.0426561479509897 -0.1860229740246937
z 1377 361 8.406083600878654 1.484009541377576
u 1378 1.0776918463985086 -0.002526482648788626
x 1378 -159.96505271208693 94.93886866733585 2.985355981328219
z 1378 163 0.9798523155402835 -0.5012463933544558
z 1378 207 1.0030398194912562 -0.38218427047968806
z 1378 361 8.383078493225922 1.614974589192009
u 1379 1.0399039033189692 -0.0007445076397289285
x 1379 -160.91890916255085 95.05780254021556 3.0497349582761775
z 1379 163 0.5039205988605895 -1.9365703061757942
z 1379 207 0.3893316062855972 -1.8544298418854517
z 1379 361 8.493167546698206 1.738344753364217
u 1380 1.1282330458461363 1.5707963267948966
x 1380 -161.5727377559675 94.54433429368562 -1.7182773828508555
z 1380 163 1.4901786707190403 2.4944068178354986
z 1380 207 1.369965668995281 2.493311956817082
z 1380 361 7.947995127917621 0.2719121886904299
z 1380 817 8.253078555386336 -0.6480067712347473
u 1381 0.9626099523030759 0.018420215805234737
x 1381 -161.73430477829567 93.5883756678709 -1.758171810979582
z 1381 361 7.022874087621691 0.28909424896994285
z 1381 817 7.514042299451196 -0.7447692828506245
u 1382 1.0380918477625771 0.0018785545650131684
x 1382 -161.9255029045707 92.57411928231477 -1.756069028607405
z 1382 361 6.034798094174965 0.33611980229165983
z 1382 817 6.788092694344155 -0.8505956571966524
u 1383 0.9936012269633174 0.004060730036935531
x 1383 -162.0106962275116 91.85083783499483 -1.6200176377271205
z 1383 361 5.106538825129822 0.3959050776721149
z 1383 817 6.179755159045371 -0.9760256159439602
u 1384 0.9778905593633583 -0.00017255436473405863
x 1384 -162.18047034907943 90.78170760845703 -1.836538151694718
z 1384 361 4.221208982405692 0.48555405307287636
z 1384 817 5.6896948260648506 -1.118686283304223
u 1385 0.9979904399490962 0.004820542885363477
x 1385 -162.341149168122 90.04139625186876 -1.732509154538156
z 1385 361 3.3695000201905048 0.6187679256861349
z 1385 817 5.332165566301486 -1.292871068419919
u 1386 0.9914673396931585 0.002591400730736101
x 1386 -162.59240567006472 89.1240503768695 -1.9437608300857439
z 1386 361 2.624655272410053 0.8366677328763483
z 1386 817 5.150462282634927 -1.4817195284262141
u 1387 0.9585847413540896 -0.002912259067251895
x 1387 -162.96677367121217 88.13321298740667 -1.9203305746220536
z 1387 817 5.153000742231458 -1.665146427852388
u 1388 0.9786728992221343 0.006587615155605782
x 1388 -163.18698078068482 87.3312230230078 -1.7572058347679875
z 1388 817 5.3380243744286515 -1.855228284257851
u 1389 1.0226278516992637 -0.0005785171276561446
x 1389 -163.37107300913974 86.03021505959425 -1.6655198237251507
z 1389 817 5.709716295148009 -2.027429623127719
u 1390 1.0095473574625518 0.005610948682749843
x 1390 -163.50987597652767 84.97795576312546 -1.7383773919628038
u 1391 1.0009537617699875 0.00031528757582567667
x 1391 -163.62644583711676 84.1105506224101 -1.670392835064985
u 1392 1.032006577783055 -0.009796840896015832
x 1392 -163.68657785318786 83.27833816315055 -1.615460325070726
u 1393 0.9879735565899521 0.016311299950349904
x 1393 -163.81686881405454 82.17930788629262 -1.7621325130092753
u 1394 1.0012718802271985 -0.007797950506903239
x 1394 -164.2018570352427 80.72981177981048 -1.8986753434516181
u 1395 0.996043430058007 -0.0035463044596104887
x 1395 -164.44343841739325 79.91279090295234 -1.8179053653906228
u 1396 1.0077022536639353 -0.015849351721744304
x 1396 -164.57113623681045 79.16219073336809 -1.660715665412906
u 1397 0.9628362965528195 -0.007108433021759836
x 1397 -164.58670421918757 78.26631030128009 -1.5156280890592488
u 1398 1.0100157855636942 0.0016331043424873217
x 1398 -164.52305694347834 77.04488688918572 -1.5218405394522432
z 1398 193 8.046779668159049 -0.18673725936137853
u 1399 0.9793251894153971 0.003785561822892936
x 1399 -164.4659589234261 76.19082329506433 -1.4862417273814414
z 1399 136 8.088362380339518 -0.9202378098291186
z 1399 193 7.087205782535501 -0.21643670856537867
u 1400 1.067068800343384 -0.00824059551470844
x 1400 -164.37609679822782 75.2806484672599 -1.4585275593130833
z 1400 136 7.486624846407724 -1.0253001799996793
z 1400 193 6.048281734262861 -0.2453817347698184
u 1401 1.0082349808030822 0.004363945189921069
x 1401 -164.27977628854768 74.47169755854488 -1.4460441479023562
z 1401 136 7.018656668221629 -1.1529410435982617
z 1401 193 5.076801409175923 -0.29842948683119186
u 1402 1.0343252496365183 -0.00920622013447856
x 1402 -164.16149375432187 73.4703526927902 -1.460390852159825
z 1402 136 6.661717176145822 -1.2858257981555519
z 1402 193 4.097771865096358 -0.3623909026877512
u 1403 0.9813213257015139 -0.01635670858488177
x 1403 -163.9498613724319 72.40648164480406 -1.2884751002026722
z 1403 136 6.446964626013023 -1.4157089636917126
z 1403 193 3.195559942797285 -0.4527498489046313
u 1404 1.0222436288363417 0.008955714106496789
x 1404 -163.6460681187059 71.38430154312847 -1.2753431434986142
z 1404 136 6.374220474841064 -1.583892238072112
z 1404 193 2.3225882868382626 -0.6572500626642532
u 1405 0.9774409264480476 -0.006941812000670131
x 1405 -163.50887774248693 70.49626201591288 -1.5596993258614833
z 1405 136 6.458018831226453 -1.72887998760785
z 1405 193 1.657013307590389 -1.0172467871226605
u 1406 1.0138718614132984 0.018755050551212404
x 1406 -163.42420260043016 69.39473308764998 -1.4284539679525243
z 1406 136 6.701983662706793 -1.897354716892446
z 1406 193 1.4262258878582479 -1.6897761388137338
u 1407 1.0542266057784497 0.008552217426907002
x 1407 -163.34595200017745 68.12541740281465 -1.5899987966164033
z 1407 136 7.114640232875611 -2.046511001187844
z 1407 193 1.8748906629370141 -2.2903256495139783
u 1408 1.0115673180451243 0.0020372262256191033
x 1408 -163.3612212114445 67.2012735967914 -1.584635948310768
z 1408 136 7.631934347355607 -2.166587321741891
z 1408 573 8.02508638488293 1.0086403472963426
u 1409 1.018720085520859 0.0014316119067631747
x 1409 -163.380609122735 66.27420483448614 -1.5987768729453926
z 1409 573 7.530924542212942 1.1218624744496672
u 1410 0.9546128064057845 -0.004169654543432673
x 1410 -163.4346871008606 65.17345131404554 -1.640993134503063
z 1410 573 7.170279154574334 1.2463849891286056
z 1410 613 8.25283886741606 -1.0322162407541233
u 1411 0.9766311552041443 -0.0007882798394927919
x 1411 -163.47593169664452 64.39657962326008 -1.6066811560379362
z 1411 573 6.921538775936846 1.381333371028628
z 1411 613 7.7967617463816765 -1.1391396723039087
u 1412 1.0216630218928733 -0.0011593854959880874
x 1412 -163.48025458694622 63.28908676069842 -1.5427180821245292
z 1412 573 6.804115071962442 1.5305158491028976
z 1412 613 7.426952036167589 -1.2632175805608405
u 1413 1.0119885619007696 0.0099164305266987
x 1413 -163.39216721588411 62.30844034864553 -1.419703783404281
z 1413 573 6.833543039457429 1.6690836615638505
z 1413 613 7.19054073914365 -1.4078844060125555
z 1413 756 8.32007695132184 -0.024363682525229358
u 1414 0.9853636173134034 0.002471939421889339
x 1414 -163.30013466614903 61.505195807602746 -1.493731780593881
z 1414 573 6.998085155034711 1.8072166669080278
z 1414 613 7.098854926652857 -1.5477842995938345
z 1414 756 7.335079806667211 -0.030274201322209926
u 1415 1.0243121924057212 -0.005420534133388433
x 1415 -163.2325695946573 60.3600939560081 -1.5299904366841421
z 1415 573 7.308769243121925 1.9492216673539708
z 1415 613 7.146252125997636 -1.6861466590922227
z 1415 623 7.839359058156015 0.7703903312063396
z 1415 756 6.311221102831226 -0.02932674109137423
z 1415 848 7.854593425564357 -0.6634288648376723
u 1416 1.0424682439780164 -0.0032554404042581153
x 1416 -163.25423130906748 59.55953175040598 -1.6657052712194325
z 1416 573 7.756145949553728 2.0776183602868983
z 1416 613 7.3380117118853505 -1.82451054188364
z 1416 623 7.1296102194172795 0.8758216603882643
z 1416 756 5.2692323015282625 -0.031550616744718596
z 1416 848 7.06132536978025 -0.7510230776707751
u 1417 0.9882087571935428 -0.004315499184898125
x 1417 -163.36677886803815 58.77688568338541 -1.761536894662557
z 1417 573 8.282762345223187 2.186308900076498
z 1417 613 7.644143430841118 -1.9457321770299212
z 1417 623 6.5427689576056025 0.9966166889739068
z 1417 756 4.2815496554438965 -0.0340182472750139
z 1417 848 6.373111364508484 -0.8524700312803715
u 1418 1.002956409083965 0.0048329134125997845
x 1418 -163.564154849816 57.68844188470035 -1.738832621427605
z 1418 613 8.067752121910791 -2.0663940220869508
z 1418 623 6.054648845003953 1.1311026658598138
z 1418 756 3.279463362655034 -0.049991719862161776
z 1418 848 5.764750272839432 -0.9889507176381374
u 1419 1.0119791843366277 -0.0008590658102111469
x 1419 -163.74308425715208 56.73662801017476 -1.774398337669013
z 1419 623 5.69836997643985 1.2933933359625982
z 1419 756 2.269280762666015 -0.07122751726189103
z 1419 848 5.276374504708765 -1.1489740913350306
u 1420 0.9785823050853418 0.0038172158348861803
x 1420 -164.12858580245992 55.58627612889389 -2.013902857349387
z 1420 623 5.509476051672308 1.4611511095503422
z 1420 756 1.2952902801321702 -0.13027733924739326
z 1420 848 4.958601976936622 -1.3339865209925525
u 1421 1.0208812994090353 -0.0074131732753389325
x 1421 -164.41960784584919 54.78390792705392 -1.823584112877526
z 1421 623 5.496093399896384 1.6543359215395501
z 1421 756 0.31057577425113886 -0.55073528935245
z 1421 848 4.818535580814251 -1.533820221542128
u 1422 0.9888807536639513 -0.0018546615601274386
x 1422 -164.6768722445182 53.72254788298186 -1.7936180923289855
z 1422 623 5.66586165262302 1.8309902800262101
z 1422 756 0.742038974867295 -2.9201843846094073
z 1422 848 4.882114301433346 -1.7357799471109072
u 1423 0.994749557363099 -0.0049199200323507275
x 1423 -164.87556795934913 52.6962883148441 -1.7304652605844577
z 1423 623 6.001523147027662 1.996666559847168
z 1423 848 5.137724109796751 -1.9231071616584048
u 1424 0.9810152936966852 0.0057783413929285415
x 1424 -165.18635693466297 51.72284615458905 -2.0292050699032598
z 1424 623 6.466385504646191 2.1296728107303613
z 1424 848 5.5555668442964485 -2.0952106666861265
u 1425 1.0078367022833092 -0.005894542187691106
x 1425 -165.59749275741854 50.87389856469059 -2.014387277889559
u 1426 1.0046796201071284 -0.005592342803550464
x 1426 -166.0972292675927 49.650173706884516 -1.9026129740411284
u 1427 1.0106285955757892 -0.0003320660580582461
x 1427 -166.50092641874335 48.758083844144174 -2.088890934969948
u 1428 0.9554865619706546 0.00016671452297943308
x 1428 -167.12885215602589 47.83567535651409 -2.2480746978550616
u 1429 1.0141227776241681 0.006303973549175939
x 1429 -167.83991739209446 47.098659407896996 -2.4284766025659934
u 1430 0.979473302835023 -0.020540772464765808
x 1430 -168.57338272221423 46.51460412078082 -2.5097524314106012
u 1431 0.9796391333042864 -0.008588217482247355
x 1431 -169.38623086242848 45.8569393169973 -2.4129183892160344
u 1432 0.9533613540716654 0.007980403817016302
x 1432 -169.88066733060526 45.43828442985234 -2.4650800876831656
u 1433 1.0181773576057633 -0.008640445326000737
x 1433 -170.67143246119798 44.75042464544778 -2.386275422237888
u 1434 0.9747302546426574 0.006084913814860659
x 1434 -171.3192415501783 44.128981849379414 -2.367653778276094
u 1435 0.976902959990256 0.006697010433697651
x 1435 -172.22491382244036 43.27265013467491 -2.4007256168071978
u 1436 1.0308305863604659 0.015190230821522278
x 1436 -172.94523817733037 42.56727540369286 -2.3326342348875246
u 1437 1.1121205423058789 1.5707963267948966
x 1437 -172.8408458265658 41.70484523855721 -0.5680416531976493
u 1438 1.0436650956864404 -0.009211240698254968
x 1438 -171.93103556588082 41.12367325241384 -0.5688580716986578
z 1438 854 8.25235310795214 0.40329884186472853
u 1439 0.9816413748490571 -0.008409117851449932
x 1439 -170.9862800484119 40.58221642404396 -0.4719801358561688
z 1439 854 7.361385327522924 0.4645815300813281
u 1440 1.0367343184102842 -0.009998777861374288
x 1440 -170.23369069428728 40.14456860177547 -0.5814648117602519
z 1440 752 7.921116046812815 -0.6955482467949419
z 1440 854 6.4539461422275055 0.5473338605183411
u 1441 1.0403016796908877 0.00923158823778661
x 1441 -169.1217050025928 39.410943868297764 -0.5849230679406983
z 1441 752 7.157021081373535 -0.7985748256078216
z 1441 854 5.589015079197522 0.6343820067708452
u 1442 1.0537096301776587 0.020415169648602894
x 1442 -168.26137031898057 38.86316384002042 -0.5490222811082894
z 1442 752 6.474604701557644 -0.9369990718807317
z 1442 854 4.77388608205778 0.7433220331252066
u 1443 1.0220934845079208 -0.002530776416319662
x 1443 -167.60157850297128 38.41220010883566 -0.6501016879132102
z 1443 752 5.925675600774253 -1.0737752304792747
z 1443 854 4.081472998679511 0.9163816295560014
u 1444 1.0319899500807699 0.005980063320589628
x 1444 -166.99507308721388 37.93640729427529 -0.6803125140083193
z 1444 752 5.511733664285242 -1.2453580566378097
z 1444 854 3.546233784801483 1.1428467979719414
u 1445 1.0421389067483269 -0.0006293295903204749
x 1445 -166.22404510201287 37.2614538905383 -0.7577938923368057
z 1445 752 5.2715131954223144 -1.4331373394842704
z 1445 854 3.255225635582541 1.4390764495788524
u 1446 1.0116826137480228 -0.00019282357081982818
x 1446 -165.54443426786855 36.609422333264625 -0.771586909039951
z 1446 752 5.22949994173896 -1.625761247131578
z 1446 854 3.2795666498631633 1.750060717870558
u 1447 1.0563114600407193 -0.005335811057856503
x 1447 -164.81721999132256 35.85960563919971 -0.8298122337416314
z 1447 752 5.388967645164015 -1.8174430118590372
z 1447 854 3.622833233809409 2.0462376265923474
u 1448 1.027137401071814 -0.009423556538290504
x 1448 -164.34952159016072 35.231423640411826 -1.0318021839265556
z 1448 752 5.722607383068379 -1.9831733255824613
u 1449 0.978699071228376 0.0032407901023309626
x 1449 -163.66846463579677 34.153626500959916 -0.9827030586649546
z 1449 752 6.181594043160136 -2.131875936958883
u 1450 0.9945572344931399 0.004272948851827028
x 1450 -163.18925503705557 33.159636619793545 -1.2604273639083043
u 1451 1.1527624645386727 -1.5707963267948966
x 1451 -163.62485159050388 32.32137675138893 -2.839643042514607
u 1452 0.9623608284118443 0.009845501434929496
x 1452 -164.41299154986297 32.13312121673811 -2.97460766697305
u 1453 0.9745215418566872 -0.006962124614667049
x 1453 -165.2941963722675 31.966569989584894 -2.93497671209253
u 1454 1.015021923236798 -0.007242762495555998
x 1454 -166.403413883747 31.79153122469026 -3.0351822466181484
z 1454 600 8.211928936983071 -0.8993434596761736
u 1455 1.0320508184791721 0.006358614881662002
x 1455 -167.3230110790572 31.712671340606967 -3.076912013170874
z 1455 600 7.615641900561467 -1.0122699738080203
u 1456 0.9290092930214274 0.000997378661974901
x 1456 -168.37206760103894 31.604394673296945 -3.000574909616271
z 1456 600 7.167177506835825 -1.1234468975633254
u 1457 0.9824674062846387 0.009165678151431893
x 1457 -169.42882387970155 31.353913073545947 -2.8171431023574884
z 1457 600 6.80440599800064 -1.2634487625721993
u 1458 1.014600479716964 0.005289353755450617
x 1458 -170.44825879310383 31.059343920149352 -2.903458775136762
z 1458 600 6.571679435710865 -1.4165536765233
u 1459 0.9938851659708569 -0.007160980498634694
x 1459 -171.24115163378627 30.898702074048586 -2.9799336653867194
z 1459 600 6.4901220666927815 -1.5612097856327543
u 1460 1.0156589986419027 -0.006661960207430735
x 1460 -172.28269276919642 30.606450777372658 -2.7561308095506054
z 1460 600 6.556138399507367 -1.7100781547460024
u 1461 1.0037184720201044 -0.01091798803419139
x 1461 -173.2998942341953 30.207297490558354 -2.779173585575444
z 1461 600 6.763606840236905 -1.846767919447008
u 1462 1.0056164717512763 0.006244410276159497
x 1462 -173.8709942053108 29.971316834435093 -2.72033801176079
z 1462 600 7.106694167443499 -1.9894624626168125
u 1463 1.0322880541980852 0.006778691476219126
x 1463 -175.03019482528515 29.450188043845674 -2.7178734393197264
z 1463 600 7.588215738200262 -2.1206624843743516
u 1464 0.9920852579295706 -0.0007799780173870221
x 1464 -175.6229934157556 29.226151555091153 -2.8426376017447654
u 1465 0.9827828401545291 0.005519725878333737
x 1465 -176.22278703933642 29.02264801900951 -2.7863451479201498
u 1466 1.0494975074547377 0.0010321935938916722
x 1466 -177.01808724386385 28.644464365416322 -2.6090899825942966
u 1467 0.969477353707429 0.014991229546214346
x 1467 -177.98294687116385 28.217734827224554 -2.8412792843688823
u 1468 1.0070141752483763 0.014633868218079932
x 1468 -178.78905997231863 27.962651157203556 -2.8289716517962673
z 1468 533 7.982524121855612 -0.9296692094925563
u 1469 1.0229950112017971 -0.00212337043665299
x 1469 -179.98787501286523 27.5988409028264 -2.8649302475867673
z 1469 533 7.415191666035872 -1.0382477978183657
u 1470 1.0024373397822328 -0.012331573130115356
x 1470 -181.06499476162625 27.27092089511982 -2.82720182970643
z 1470 533 6.954348695212631 -1.1499632654801772
u 1471 1.0349961351143784 0.013152106164616387
x 1471 -182.22894227528582 27.01809941858868 -3.028207651652915
z 1471 533 6.606050167122181 -1.307032434065747
u 1472 1.0606607254767577 0.014372609794110893
x 1472 -183.284384540631 26.905315588785232 -3.0420669897394426
z 1472 533 6.419397772925497 -1.4819105279635618
u 1473 1.0196241611985597 -0.014011361956463277
x 1473 -184.0942771849272 26.900344572246436 3.054342577498102
z 1473 533 6.402728036418788 -1.627086127607557
u 1474 1.030921558196621 -0.0010111641284093452
x 1474 -185.32874307068303 26.926686788722584 -3.097014018730323
z 1474 533 6.541695078445223 -1.784078849743605
u 1475 0.9846632361670524 -0.0031496033022245947
x 1475 -186.20794892825506 26.972106670076325 2.9937855415888475
z 1475 533 6.8169186901807945 -1.922621939505582
u 1476 1.0542802525065404 0.003581978813593483
x 1476 -187.04154264623432 27.162614466892823 2.840041067866852
z 1476 533 7.24979019391688 -2.0630549959843285
u 1477 0.9494359918978188 -0.0007679928272172269
x 1477 -187.59102334153113 27.317804938033156 2.8926208539388476
z 1477 533 7.743544477644323 -2.170572967715396
u 1478 0.958766964701651 0.009965903670643489
x 1478 -188.565437086157 27.543664608315748 2.935028275791133
u 1479 0.9983089071516285 -0.00468587087706754
x 1479 -189.54400101340562 27.74160263243864 2.9489947840913295
u 1480 1.0330709502109976 -0.0035638473333818015
x 1480 -190.56640489483542 27.942925190201134 2.945343325774685
u 1481 1.0440916722258475 0.01028086294765813
x 1481 -191.56515955792207 28.24449214002968 2.7513652180851818
u 1482 0.9950000817210141 0.001407954011491809
x 1482 -192.5927916717987 28.63248862365484 2.8097874565273493
u 1483 1.0531216676714639 0.005326021719197917
x 1483 -193.54476967102988 29.028767138910247 2.684494129611396
u 1484 0.9805814472575256 0.0031498806470461795
x 1484 -194.6511702721433 29.43384016387826 2.896769287619194
u 1485 1.0181333021683983 -0.017227843816800936
x 1485 -195.5712207539201 29.709641608251726 2.8039286413991977
u 1486 0.9769621421268267 -0.001800163786260414
x 1486 -196.5838635624416 30.101664268906262 2.740534564718292
u 1487 0.9681442801633369 0.004228397097970469
x 1487 -197.36676111770342 30.40281152709935 2.8082300515548813
u 1488 0.9884006608924224 -0.0027128617556037102
x 1488 -198.33363853644437 30.691019257252794 2.895564734266399
u 1489 1.005527337399323 0.0075809074461669025
x 1489 -199.49402985955606 30.773455546911958 -3.0374100288106884
u 1490 0.9895490754198205 -0.004154300186110661
x 1490 -200.25371393774415 30.673841952482345 -2.985012931474385
u 1491 0.9710038799264366 0.007305192121095588
x 1491 -201.17323664715977 30.6222397129176 3.0971323410013314
u 1492 1.0145192117401072 -0.002804105588342425
x 1492 -201.82997532912506 30.62876477162849 -3.117002783219763
u 1493 0.9693034504234733 0.01048372236034685
x 1493 -202.42619139640846 30.589133587253084 -3.033435448663477
u 1494 0.9772148846102101 -0.002456579076547817
x 1494 -203.33835220469672 30.417851179962945 -2.878519674775634
u 1495 1.0116987422116375 -0.003609532950728094
x 1495 -204.53582765919933 30.261661216215547 3.137920665097041
u 1496 0.9659431326650362 -0.018609876502797218
x 1496 -205.6092293405507 30.294600167786736 3.083910875152048
u 1497 1.1470001960237914 -1.5707963267948966
x 1497 -206.347637792869 30.868154858714245 1.878476384553788
u 1498 0.9895761521943044 -0.009032266436738738
x 1498 -206.74173151633613 31.81179169226556 2.054344426946665
u 1499 0.9949117390789115 -0.005691721784431283
x 1499 -207.26766972934794 32.7864239008143 2.0769376546031086
u 1500 1.0096992487053424 0.0008670006894911311
x 1500 -207.83504244519142 33.84082838161861 2.0519736668026844
u 1501 1.0659639295171497 -0.013419573945020885
x 1501 -208.2694170515872 34.85413493233954 1.8995699176326077
u 1502 0.9755515621684635 0.0009844635899766282
x 1502 -208.6176099675741 35.85746123843432 1.9100910015675598
z 1502 258 7.737170986842313 -0.3820373483857691
z 1502 659 8.445672116093665 -0.5000778080279034
u 1503 1.022849390968386 -0.008668690354393412
x 1503 -209.03856933195533 36.81926997776352 2.0566158058659063
z 1503 258 6.796896195205545 -0.4288948288304155
z 1503 659 7.561630841820419 -0.5557986299450652
u 1504 1.0086896019730487 0.00032433554770937306
x 1504 -209.52260042278957 37.504196190726184 2.315381587653752
z 1504 258 5.894591159896243 -0.5004681590806124
z 1504 659 6.725956320449491 -0.6353537855570703
u 1505 1.0421227179878618 -0.006425504610666164
x 1505 -210.14005421044072 38.21558074337066 2.2558693990249647
z 1505 258 5.00343207675667 -0.5935601306608986
z 1505 659 5.9173358494235435 -0.7331776134593024
u 1506 0.9741189091540663 -0.002361210167076009
x 1506 -210.58055237176953 38.739885502428784 2.2832266490305972
z 1506 258 4.230397517869327 -0.720121981646245
z 1506 659 5.233401467747874 -0.8555440083843777
u 1507 0.9867130092291202 0.003581979543879694
x 1507 -211.24968159955333 39.64787610766925 2.128538699722924
z 1507 258 3.5502186851759494 -0.9084146976167822
z 1507 659 4.647909548589367 -1.0203373419241082
u 1508 0.955869939717344 0.004960909680417469
x 1508 -211.5509370270947 40.0907522480075 2.207714966581852
z 1508 258 3.058919784098826 -1.1628351608785654
z 1508 659 4.229384039289513 -1.2194299569805178
u 1509 1.0135858436092418 0.002498946458154519
x 1509 -212.39553087215884 41.05642345210232 2.3711053984614168
z 1509 258 2.8162567163398005 -1.502216736052305
z 1509 659 3.99677441447581 -1.4624570442740745
z 1509 753 8.479347907991537 1.0157008827915188
u 1510 1.0287429010407865 -0.007187093628815815
x 1510 -212.73094358307495 41.3342647103195 2.5284921929024957
z 1510 258 2.9277589624914824 -1.8530918903146287
z 1510 659 4.014221964720746 -1.7127766393170119
z 1510 753 7.9885209340673065 1.132793752377447
z 1510 779 8.224956953651366 -1.1577491006935574
z 1510 840 8.200934200410877 -0.2953227782890888
u 1511 0.9697768637173638 0.005740737169226236
x 1511 -213.6086291650565 41.883144952762606 2.636959144633522
z 1511 120 7.926529253223024 -0.9220637636177096
z 1511 258 3.333122353020379 -2.141794558395468
z 1511 265 8.067041039032846 0.7102612400478963
z 1511 659 4.263599381036371 -1.9455349553660835
z 1511 753 7.625295342749857 1.2423259884136622
z 1511 779 7.888528978612989 -1.276467514460722
z 1511 840 7.2795336988596135 -0.34021253537253937
u 1512 0.9695212853780195 -0.01312514130146706
x 1512 -214.27745521830659 42.28840339894692 2.5566966547077357
z 1512 120 7.375879013546291 -1.013345886432905
z 1512 162 8.256259708750887 -0.013787580163167501
z 1512 265 7.363728344685693 0.8099948991067727
z 1512 753 7.376126609266725 1.3804644136154778
z 1512 779 7.6573834797127045 -1.38456240389246
z 1512 840 6.371401144589228 -0.3769416676422024
u 1513 0.9804405857354922 0.008206708679789544
x 1513 -214.82199116833684 42.66396609119224 2.5189385691431756
z 1513 120 6.9111432725940265 -1.142540660019315
z 1513 162 7.275999923774263 -0.02440495823533695
z 1513 265 6.722124460195077 0.9072082937867698
z 1513 753 7.250789003398596 1.5053201830473428
z 1513 779 7.541694205757712 -1.5209721117877615
z 1513 840 5.4734417582029256 -0.4518131880260223
u 1514 1.0084781847526638 -0.004262743413994574
x 1514 -215.38830834778054 43.0779226123336 2.5018362399279095
z 1514 120 6.554774520311948 -1.278560637139522
z 1514 162 6.267812894973021 -0.02372569765372745
z 1514 265 6.154316906107477 1.0411397334995272
z 1514 753 7.257079356177748 1.6487173263188346
z 1514 779 7.556733682521907 -1.650381152790481
z 1514 840 4.586219769051799 -0.5432794395153198
u 1515 1.0428032147192754 0.0018254243403739942
x 1515 -216.23118980307547 43.81976158156282 2.3379012514793516
z 1515 120 6.334510170047454 -1.4387330705182517
z 1515 162 5.225389479770881 -0.030467600197859657
z 1515 265 5.698068744525792 1.1978268303699497
z 1515 753 7.410603167372679 1.7876569774112898
z 1515 779 7.710963850275468 -1.7874166713011514
z 1515 840 3.7332978897775533 -0.6902277994965726
u 1516 1.0150457163046138 -0.0008362133673670075
x 1516 -217.05953251376724 44.791725503745816 2.215272972128309
z 1516 120 6.281532786921175 -1.5987658452192572
z 1516 162 4.210912474416615 -0.03687382785339821
z 1516 265 5.411818535504285 1.374258595100116
z 1516 753 7.693535155513043 1.917685063925087
z 1516 779 7.990456662586716 -1.910975866690804
z 1516 840 3.0202133743723762 -0.9049374497499789
u 1517 0.9846691926503752 -0.004758393963000108
x 1517 -217.6799525033311 45.48882684000183 2.3808447377430593
z 1517 120 6.383083505243602 -1.748836964987791
z 1517 162 3.2270086577877835 -0.04263900641129581
z 1517 265 5.310465728945601 1.5619722908743832
z 1517 753 8.08362132182381 2.037150650261345
z 1517 779 8.368515006137981 -2.017460571699003
z 1517 840 2.531001695134185 -1.210501244779402
u 1518 0.9948397157998474 -0.016389330744918853
x 1518 -218.23479050005514 46.089644011007614 2.2520137083652925
z 1518 120 6.6242095217515615 -1.881013294468775
z 1518 162 2.2330329780686418 -0.04159238854706615
z 1518 265 5.402229191011704 1.7635701081140418
z 1518 840 2.3625651284575038 -1.597801241733265
u 1519 1.0062453690664956 0.004347205045830071
x 1519 -218.81055361346912 46.862206792673796 2.1705050970612945
z 1519 120 6.999271436126076 -2.022597106636595
z 1519 162 1.2285410429959964 -0.08178264631023602
z 1519 265 5.679460883657017 1.9340766153950497
z 1519 291 7.8760949552008 0.0979790329091248
z 1519 776 8.035933265974045 0.7628082048368392
z 1519 840 2.594793960826881 -2.0002060724604274
u 1520 1.0184365410842522 -0.01707504822182468
x 1520 -219.25250283399313 47.60848867607842 2.040418648336363
z 1520 120 7.49275876061561 -2.1286179758420127
z 1520 162 0.2255182227220053 -0.40151340880823394
z 1520 265 6.1234224373967345 2.106730053859793
z 1520 291 6.864296716183697 0.13082824087070533
z 1520 776 7.340164166934414 0.8767551752804286
u 1521 0.9643290848980107 -0.013541003038284026
x 1521 -219.72738273834355 48.34440894896983 2.24728403642903
z 1521 162 0.7611043215517429 -3.020624227630068
z 1521 291 5.910569771871184 0.16674985848020318
z 1521 771 8.039118338774657 -0.4611154738602927
z 1521 776 6.7695334410996715 1.000631168362517
u 1522 0.9797883591884406 -0.00691409121711094
x 1522 -220.359143299977 49.04867849787852 2.356667384357668
z 1522 291 4.947725765851402 0.20721340404091038
z 1522 771 7.1732377407194665 -0.5145898184959656
z 1522 776 6.298010466513344 1.139175888746462
u 1523 0.9419041562204987 -0.011596461927097826
x 1523 -221.23472294170136 49.81189667547156 2.4926340203267436
z 1523 291 4.032034849972088 0.2682148495662324
z 1523 771 6.3671984060904245 -0.5751158016581623
z 1523 776 5.970877392271468 1.2949329227178534
u 1524 0.9981507106081758 -0.022919991763461666
x 1524 -221.79921164316283 50.396371350535475 2.1849688935905807
z 1524 291 3.0850164841166072 0.38056523490063077
z 1524 689 7.656294698610404 -0.46066099128882376
z 1524 771 5.549156417837268 -0.6484455037032846
z 1524 776 5.790742390051141 1.4850065463453799
u 1525 0.9938570709263939 0.008316594261835132
x 1525 -222.57156346995276 51.38919896617347 2.2789015828670856
z 1525 116 7.739304263872509 0.425477940404861
z 1525 291 2.191406047280893 0.5397374059366795
z 1525 689 6.782533068484532 -0.5347092700941443
z 1525 771 4.7976458962910336 -0.7828923579946925
z 1525 776 5.78675289869977 1.6485873979003003
u 1526 0.9898210961820288 0.00138534489407322
x 1526 -223.3372290141377 52.12633546969944 2.4714506332811563
z 1526 116 6.849609340687162 0.48368309717576796
z 1526 291 1.4349096710373954 0.9002960457519347
z 1526 689 5.952683157209448 -0.6210313205933682
z 1526 771 4.155617112540127 -0.9531990917397968
z 1526 776 5.945468534067024 1.8139625973546307
u 1527 1.0178083771251032 -0.010063288216959846
x 1527 -224.35186494694014 53.01537555390925 2.3726982605397726
z 1527 116 5.9701068691688395 0.5738725956853283
z 1527 291 1.1364142644333124 1.692113490766073
z 1527 689 5.155602976488335 -0.7252794250892025
z 1527 771 3.6567607481973097 -1.1712128991535846
z 1527 776 6.273565694781906 1.9819469282888464
u 1528 1.0064110775316888 0.011975698570534444
x 1528 -224.90007207072068 53.65182868135788 2.1909842468065674
z 1528 116 5.150191153795619 0.6671932839810544
z 1528 291 1.6023441568499295 2.353874516780312
z 1528 689 4.457466580444169 -0.8886110116973169
z 1528 771 3.4002890213426347 -1.460057168119781
z 1528 776 6.734080267640775 2.107756614107453
u 1529 1.0142069430991931 0.009746213580969523
x 1529 -225.48717533441408 54.390163492042845 2.294188762916068
z 1529 116 4.3949021747134465 0.7998381192992294
z 1529 689 3.902725769658708 -1.1022741104498857
z 1529 771 3.444090651586761 -1.7669861257041366
u 1530 0.9831718074779214 -0.017000500956509984
x 1530 -226.15612424419425 54.94533901405624 2.603553059091439
z 1530 116 3.7832367295900453 1.0058871629819386
z 1530 689 3.5601205421744457 -1.3331341154978353
z 1530 771 3.753928944267318 -2.010214850723866
u 1531 1.0324429757201152 -0.008394727940479628
x 1531 -226.8232330679996 55.31402485056476 2.669862576521944
z 1531 116 3.3503004580331015 1.278315432701996
z 1531 488 8.33564221148732 -0.5333067556433568
z 1531 689 3.4611718528016673 -1.6185587519693803
u 1532 1.013536304964067 -0.012658382287311537
x 1532 -227.8030022592887 55.91717213719997 2.509698317591095
z 1532 116 3.214784293276643 1.598237467602214
z 1532 488 7.477012111099162 -0.5888739191178072
z 1532 689 3.6465826626413116 -1.8873005324177714
u 1533 1.0128373629481515 -0.0035425059554601524
x 1533 -228.45302279212325 56.34562409088379 2.6079450892976235
z 1533 116 3.3986590872074816 1.9042547785787916
z 1533 488 6.657459748225669 -0.66970720482627
z 1533 689 4.075546103535247 -2.122322804490122
u 1534 0.9970370581293816 0.0024092465934639424
x 1534 -229.18027976362802 56.66885147332274 2.838786823993921
z 1534 116 3.841289837682597 2.149739137571073
z 1534 488 5.909126583763136 -0.7772082398638833
u 1535 1.0015467929682966 0.014520276634074385
x 1535 -230.10014693978377 56.91896694019742 2.9134274567591127
z 1535 105 8.478711721042462 0.9365499203798242
z 1535 488 5.248186104714018 -0.9269555265709126
u 1536 0.9884041156315083 -0.005070645260356917
x 1536 -230.90688770969297 57.05828478016255 3.0277467093937043
z 1536 105 7.9352261933421895 1.0423119334565811
z 1536 488 4.719298053948193 -1.0898626095831272
u 1537 1.023799005298074 -0.006540627437283529
x 1537 -231.57460562721437 57.081144079281394 -3.0961899072715955
z 1537 105 7.47456984737375 1.1676410687396288
z 1537 488 4.338395141859681 -1.293728763543503
u 1538 0.9990653533431513 0.003988493008158652
x 1538 -232.55766590120186 57.11793259077859 3.021379941834587
z 1538 105 7.140065839339716 1.2926056676737598
z 1538 488 4.179143321490047 -1.529869237655924
u 1539 1.006380161099373 -0.006847953462251911
x 1539 -233.52569216053755 57.240651671440276 3.0096057370905624
z 1539 105 6.9349913861163985 1.4395842690667173
z 1539 488 4.255008220036662 -1.761560625452957
u 1540 0.9983402140362359 -0.006972684349274785
x 1540 -234.76128854911516 57.28394531224533 -3.0796543985037665
z 1540 105 6.879460739400747 1.5909952069477615
z 1540 488 4.547920367521798 -1.9719730592513436
u 1541 1.0200941276647746 0.006661478132607951
x 1541 -235.66926138452436 57.26728369577157 3.1163509735937023
z 1541 105 6.971678965964896 1.7311593344068035
u 1542 1.0265204821228553 -0.0072581853974162894
x 1542 -236.3823631589597 57.32995796017287 2.991505557768365
z 1542 105 7.2107404403433835 1.8793330543845688
u 1543 1.0108327639755839 -0.007881569677484076
x 1543 -237.3970862487535 57.45341056356777 3.049546968053276
z 1543 105 7.582742236976162 2.014408590396691
u 1544 1.0271536203630482 -0.0010543640941452388
x 1544 -238.26395209396716 57.469473101540075 -3.0866016060575934
z 1544 105 8.077517306116322 2.1305416616320745
z 1544 434 8.26320348659865 -1.1557576073789726
u 1545 1.0197972126771069 -0.006034362020736897
x 1545 -239.19119394452824 57.40297240539442 -3.0533912227900366
z 1545 434 7.904317229037986 -1.2679047108431096
u 1546 0.9970076376495969 -0.005801991806629953
x 1546 -240.06608191945696 57.363063291691645 -3.1386247739765585
z 1546 434 7.663375547228275 -1.386487829747527
u 1547 1.0099340749040113 0.0025450474970303417
x 1547 -241.23335625996484 57.35775668136464 -3.13546828541672
z 1547 434 7.545188521455691 -1.5210313227965713
u 1548 1.0094563089097637 -0.0034490755079965214
x 1548 -242.15112355829916 57.39576738711878 3.0526826063497907
z 1548 434 7.560745574988073 -1.651316315362126
u 1549 0.9407841757025157 0.0078104353775973545
x 1549 -242.9346041451301 57.40880877842914 -3.085970443381431
z 1549 434 7.697373106034031 -1.7812156631411513
u 1550 0.9747585693007685 -0.0073584767866390335
x 1550 -243.5646814592085 57.37551744331311 -3.091639227511481
z 1550 434 7.954873857389058 -1.8940729102876679
u 1551 0.9888435056637742 0.0018381596350026388
x 1551 -244.55693645950072 57.30431247308462 -3.04827016648258
z 1551 434 8.322816905051825 -2.0087724577214408
u 1552 0.9577651827034246 -0.013577288852553026
x 1552 -245.29760355263545 57.21900311829872 -3.0055676080926714
u 1553 1.0188875910241357 0.0008806309905618285
x 1553 -246.3373549278955 56.918871008771 -2.7155803158246035
u 1554 1.0239727951854019 0.010171625993078692
x 1554 -247.45328995679154 56.40087749547761 -2.698440284855762
u 1555 1.0012811249690166 0.00018938165905475412
x 1555 -248.51296214045837 55.848849224915014 -2.6242232350487225
u 1556 1.0031619013076967 -0.004849601758751397
x 1556 -249.15899007904423 55.39379308348785 -2.431628591233645
u 1557 1.0010967704675224 -0.00923964625860109
x 1557 -250.05987683816778 54.60095755428361 -2.4081779765634908
u 1558 0.9680245842253352 -0.003422136730299727
x 1558 -250.76543293277908 53.92831593883725 -2.351966450427673
u 1559 0.9361060893815757 -0.007467970168215989
x 1559 -251.48157989633427 53.20572863282327 -2.351469800355674
u 1560 0.993817751421163 0.01183243298067024
x 1560 -252.128791848436 52.549182528678365 -2.3466005838413087
u 1561 1.009060496931066 0.0014847230278207395
x 1561 -253.21805793546594 51.551652731014116 -2.4536525375550142
u 1562 1.0263552240401703 0.007344012897562996
x 1562 -254.12991442967154 50.917897527878 -2.6147859321234757
u 1563 1.0097431156188867 0.0006232520131680894
x 1563 -255.160365014619 50.34552126770455 -2.6543451790111137
u 1564 0.9812938460937759 -0.00450699476912845
x 1564 -256.1755429024374 49.78740101155061 -2.6234979685701387
u 1565 1.0003411658682806 -0.010061810701803358
x 1565 -257.2505370882846 49.2686301244502 -2.760457561991279
u 1566 1.166136715187852 1.5707963267948966
x 1566 -257.6495683891056 48.41174662487336 -1.2527641269761882
u 1567 1.0130730647729471 -0.0023484223705606024
x 1567 -257.36085553408515 47.479340226649185 -1.2882691603235523
u 1568 1.026716708361329 -0.007934252255113697
x 1568 -257.0848197235778 46.487694695221954 -1.3103463770858361
u 1569 1.0484780721335318 0.00742544978662953
x 1569 -256.8427269774742 45.422372162996794 -1.3843395085844596
u 1570 1.0237393311699312 -0.0019781304427362993
x 1570 -256.76092105987016 44.767946810883096 -1.5085348851368097
u 1571 0.9599802107324259 -0.0014961425025919128
x 1571 -256.6043733243279 43.66561610006575 -1.350914027296385
u 1572 1.0534522029936975 -0.008776155269237878
x 1572 -256.39726150440436 42.458249923187374 -1.4509052239558253
u 1573 0.9992182356282118 0.007326228387988897
x 1573 -256.22434939073537 41.59823776716371 -1.2938625794102665
u 1574 0.9835620716482175 0.006144949268217863
x 1574 -255.94710413817117 40.695512039373455 -1.251777743554683
u 1575 1.067576964971385 0.007341798367119153
x 1575 -255.75921770571733 39.638757056230816 -1.5379010221101104
u 1576 0.9850105968553733 0.007080528375098488
x 1576 -255.80397240804047 38.62343893613213 -1.6917935751681603
u 1577 1.0479092405434078 0.0017431198242696248
x 1577 -255.8336012912311 37.53921236419716 -1.5044398922121058
u 1578 1.0358463719629598 0.008841205808898972
x 1578 -255.78791728444529 36.34981627265354 -1.5603716766551636
u 1579 0.9902490110157818 -0.004114892501935257
x 1579 -255.8423564907634 35.78069804031736 -1.7719513744182493
u 1580 1.032342355752858 -0.007758272860784722
x 1580 -256.05948489820054 34.67939789468445 -1.758961020829707
u 1581 1.0142736085945485 0.015914511471454923
x 1581 -256.252961470659 33.12873091765077 -1.630888500205475
u 1582 1.0370869134474603 -0.0003598963866280769
x 1582 -256.29390892037827 32.05683581963535 -1.5870689931964168
u 1583 1.0291798015141176 0.024692132149857424
x 1583 -256.286946237543 31.400828130810254 -1.5332970146686489
u 1584 0.9628311512226178 -0.006119395222963639
x 1584 -256.208733691693 30.253350772229588 -1.4721853083990106
u 1585 1.0056787216404395 0.012145573311902523
x 1585 -256.02811665066264 29.258586647319373 -1.3101852864858694
u 1586 1.0146557230820072 -0.006779897630337931
x 1586 -255.78661597082797 28.537042777089095 -1.1854474011688567
u 1587 0.9900394374389451 -0.008676143802091347
x 1587 -255.51112702500646 27.671456872805194 -1.3398818101185181
u 1588 1.0379392094782869 0.007051043522724472
x 1588 -255.29246023590494 26.65974672759229 -1.3759877821107442
u 1589 0.9814541283951123 -0.0046260227873907095
x 1589 -255.07291878471153 25.886123418729795 -1.2125776927069738
u 1590 0.9624214884061972 -0.006213426057675071
x 1590 -254.718556893023 25.126405163728496 -1.0561352956415542
u 1591 1.0406030601382357 -0.0013662498379337779
x 1591 -254.19307887969958 24.139581603820965 -1.1068494676909566
u 1592 1.0429134458252824 0.009815662559340474
x 1592 -253.78514707889676 23.418053783390462 -1.0056058604352107
u 1593 1.029267528425897 0.010072928756304295
x 1593 -253.25710874325316 22.64459069693182 -0.9379542171589308
u 1594 1.0099505861556415 0.0029075268266830472
x 1594 -252.59299320969123 21.712032952626817 -0.9659784760763204
u 1595 1.012361789486938 0.0041808206706612635
x 1595 -251.90867750998513 20.861365623469695 -0.8207224177232502
u 1596 1.022278347143781 0.001940660775942741
x 1596 -250.98182240095838 19.9149066037685 -0.7710028016642703
u 1597 0.9970820208197719 -0.00531270952232729
x 1597 -250.03243084555257 19.176866871558023 -0.5505900130692782
u 1598 0.9759648481459974 -0.0019305605732466526
x 1598 -249.16737694722949 18.7012267563336 -0.45484872207939464
z 1598 368 7.992710840038081 -0.4934646978960693
u 1599 1.0086110074494734 0.009084061939443961
x 1599 -248.608147661538 18.43279200856659 -0.44020486225707645
z 1599 368 7.122924812644104 -0.5702393605504197
u 1600 1.0673264996351888 0.0048880730342717674
x 1600 -247.68379458409504 18.02829715567149 -0.38478015406601074
z 1600 760 7.967867313530566 -0.4618817074225916
u 1601 1.0019426611340359 -0.0002873604426360005
x 1601 -246.63287897157988 17.538280882509422 -0.48783175243672616
z 1601 760 7.084923817764198 -0.5246389333824881
u 1602 0.9423975684374204 -0.00824047491536377
x 1602 -246.08638970979726 17.251866702815427 -0.4776482364377337
z 1602 760 6.284838376968103 -0.5910411010684542
u 1603 0.9616334057626054 0.006070812570697051
x 1603 -245.07698291648282 16.677040936481184 -0.5576869015840642
z 1603 760 5.514300741855457 -0.6948805966053198
u 1604 1.0105045564838975 0.002058297958412753
x 1604 -244.5503364511582 16.369989379907555 -0.49801175281161836
z 1604 760 4.782843483822693 -0.8328027187394702
u 1605 0.9964649852525092 -0.012794159460221995
x 1605 -243.62884622668167 15.849615628388351 -0.5301199887185661
z 1605 760 4.172588485056749 -0.9965698530329901
u 1606 1.0137085120730722 0.004946658137675858
x 1606 -243.1718781462991 15.541731382999806 -0.6556668978345748
z 1606 760 3.7229778751957805 -1.2325444335918692
u 1607 1.0891707863634452 0.002828007995035375
x 1607 -242.41833919879124 14.874394514866099 -0.7939414239432381
z 1607 760 3.5166026899335234 -1.5320215584489238
u 1608 1.0321263066941961 -0.0025487264975705016
x 1608 -241.4721943507649 14.052801759109835 -0.6361704538647164
z 1608 760 3.625070137060849 -1.8179478703285563
u 1609 1.0109093495732921 0.004014241470122549
x 1609 -240.65409900956524 13.40945914624989 -0.696604262999093
z 1609 606 7.818902662712053 -0.677906445814958
z 1609 760 3.996295158052266 -2.069636595936857
z 1609 808 8.008265359731615 -0.28461386156786794
u 1610 1.0060978667800462 0.006426263144174022
x 1610 -240.04883865328267 12.963532678092314 -0.5733317419847048
z 1610 606 7.065755079857122 -0.774111297805391
z 1610 808 7.0493448363530815 -0.33156558947436743
u 1611 0.9753727554063284 0.0022068879340142954
x 1611 -239.12715487121437 12.350320275236411 -0.6008043047593166
z 1611 606 6.40555263831101 -0.8830899622757693
z 1611 808 6.135721337504793 -0.38570893406843787
u 1612 0.9866304960190037 -0.0002571535643249482
x 1612 -238.13270594817484 11.63756136856963 -0.6429379581671015
z 1612 606 5.829232293243548 -1.013979120714243
z 1612 808 5.234697362412348 -0.4563976554294258
u 1613 0.9908168001031884 0.0001263436569391445
x 1613 -237.32144440468898 11.013741266142148 -0.6681012927098511
z 1613 606 5.371919762504683 -1.1713406191118734
z 1613 808 4.367213709945991 -0.5566925619678327
u 1614 0.9645155526897732 0.007058166034163034
x 1614 -236.24226177947097 10.094756778864454 -0.7426921766754249
z 1614 606 5.078517700857776 -1.3545361101008588
z 1614 808 3.58694238709267 -0.7071256360826692
u 1615 1.024773123552134 0.0036041295584973336
x 1615 -235.28383829134202 9.417564340678036 -0.48755017401818357
z 1615 295 7.931994929992931 -0.3716066538554075
z 1615 606 4.962494560172429 -1.5613079561222618
z 1615 808 2.887214196255686 -0.9439067347492553
u 1616 1.0159577439251157 -0.01031273371907079
x 1616 -234.55825762581964 9.05007401034539 -0.4500822752814484
z 1616 295 6.992976763167118 -0.4133725103342072
z 1616 606 5.050826752272375 -1.7535008231775109
z 1616 808 2.4294503047774767 -1.2777455233020532
u 1617 0.990836503909203 0.0025527232175227136
x 1617 -233.7099078235459 8.686891681246857 -0.35891213828974067
z 1617 295 6.09918273240365 -0.4814196332270111
z 1617 606 5.322003017681376 -1.940126512730207
z 1617 808 2.3450202779648386 -1.696915783149795
u 1618 0.9825001725530998 0.002018184052414015
x 1618 -232.61043065638444 8.230085797066845 -0.428639416451261
z 1618 295 5.248644475249283 -0.5703913484915732
z 1618 555 8.42128398264288 0.33093386535847813
z 1618 606 5.751000682776347 -2.102083387773935
z 1618 808 2.654930055101383 -2.0748017075522602
u 1619 1.0448484984248543 -0.016631232096418806
x 1619 -231.80639523753877 7.916805947863706 -0.3144379665823225
z 1619 295 4.399933348216976 -0.6806566490903823
z 1619 555 7.444122927226375 0.3942900975749817
u 1620 1.0293382256316106 -0.0010800254273401009
x 1620 -230.83221044426492 7.597230540216185 -0.3195271555598249
z 1620 295 3.6573666909041727 -0.8575085812249181
z 1620 335 8.39505536189083 -1.1022326306718302
z 1620 555 6.506038922255141 0.4562644940239764
u 1621 0.956596416452842 0.008484063090307026
x 1621 -229.85411251375544 7.2892470930067415 -0.29057609629125913
z 1621 295 3.1201665904889273 -1.1008377167589978
z 1621 335 8.012459498438771 -1.2176685625518888
z 1621 555 5.660960919407715 0.5216560054704722
u 1622 0.9568929993279798 -0.00847972097750301
x 1622 -229.06876638943794 6.988986191186924 -0.43978570209466517
z 1622 295 2.8150354076543618 -1.3995821477047414
z 1622 335 7.729886057471805 -1.3254203473130575
z 1622 555 4.857181134069376 0.6291919086021283
u 1623 1.0301967831383583 0.009361747373220824
x 1623 -228.01641058658103 6.505189545079482 -0.4220415123524228
z 1623 295 2.832715540485133 -1.7757603429247637
z 1623 335 7.550887437884702 -1.467673232387472
z 1623 555 4.066299823169623 0.7685106761178435
u 1624 1.0258236451310618 0.0178345040376836
x 1624 -226.94980852798062 6.124079076729955 -0.2643076235916797
z 1624 295 3.2109364236457156 -2.111096870692279
z 1624 335 7.524024872241365 -1.6216614173505612
z 1624 555 3.396733443989003 0.9601697330835091
u 1625 1.026208820896084 0.004472699371377315
x 1625 -225.73691210018833 5.828744468021282 -0.2133869919392617
z 1625 335 7.647462516484303 -1.7605386069022175
z 1625 555 2.9293014099004098 1.2463392623493608
u 1626 0.9708432990687492 -0.01212490366912672
x 1626 -224.78326271961197 5.6235714024953545 -0.21044284670352287
z 1626 335 7.882787450476269 -1.8697989626481215
z 1626 555 2.7825933280245883 1.596209634812766
u 1627 0.9829150038158061 -0.002200344348868829
x 1627 -223.91898430857998 5.3984832273430365 -0.2991077214627036
z 1627 335 8.225134804923115 -1.982086395925621
z 1627 555 2.975560729726276 1.9349393861440598
u 1628 1.019386668407387 -0.005488007954507642
x 1628 -223.13280987210035 5.266799740314777 -0.03280922643355266
u 1629 1.0082050915241327 0.011952337142387174
x 1629 -222.10709402758096 5.3389729399945365 0.17330513762103372
u 1630 1.1626744615330762 -1.5707963267948966
x 1630 -220.82874011686928 4.726450429666821 -1.066961990706457
u 1631 1.0459990786488171 -0.018301628603849488
x 1631 -220.4399095698377 4.053013281184885 -1.0273853838964495
z 1631 335 8.356218816494914 -0.7991635577859499
u 1632 1.0234271886222763 0.013170670036245334
x 1632 -219.83124534478998 2.9894183222211237 -1.074645840422591
z 1632 335 7.682978205333327 -0.9085708842395483
u 1633 1.0223968841480118 0.005365424334854859
x 1633 -219.4028930121558 2.049116383786745 -1.2120312909868822
u 1634 0.9816003435826631 0.0017748108059759743
x 1634 -219.12115418417565 0.9321606012960248 -1.4353933260798597
z 1634 617 8.232799142531725 -0.3544098518523926
u 1635 0.9775788683821992 0.011489043517105033
x 1635 -218.9777654725871 0.05352542925131454 -1.3826617723864212
z 1635 617 7.3260494678671755 -0.4129422976190176
z 1635 787 8.1964259857992 0.16976826559029545
u 1636 0.9656939497285841 -0.012288306428401348
x 1636 -218.92226138508542 -0.9848261945645596 -1.6521244543625229
z 1636 257 8.103813189411872 -0.9975087847565693
z 1636 617 6.450495664872032 -0.4599235908413384
z 1636 787 7.247611993426107 0.2053769457754071
u 1637 1.0442324915476466 -0.004781312888935603
x 1637 -218.93324096029565 -2.0042456400417503 -1.5110082056256195
z 1637 257 7.586068668394856 -1.1084506259952924
z 1637 617 5.53293011261176 -0.5386081445174926
z 1637 787 6.22956296437903 0.24474220476979003
u 1638 0.9807683788028251 -0.0016488252641346228
x 1638 -218.78130731673104 -3.066568031188303 -1.3464706014444625
z 1638 257 7.201527960268955 -1.2289454211619586
z 1638 617 4.717428082245402 -0.6436566865730815
z 1638 787 5.2836005238677215 0.2915329044173198
u 1639 0.9958988420847664 0.008275109440429848
x 1639 -218.55823888587963 -4.017201678445684 -1.334157070942624
z 1639 257 6.935504845593235 -1.3731214107313554
z 1639 617 3.969042787555521 -0.8039262889405716
z 1639 787 4.337746025024787 0.3483818719765397
u 1640 0.9880538991355701 -0.0034081082198979783
x 1640 -218.21323380731192 -5.27454758614863 -1.2718346995868295
z 1640 257 6.8090378756173875 -1.5124317684662372
z 1640 617 3.3582168143748192 -1.0136432287169295
z 1640 787 3.426423954852293 0.4508542008588554
u 1641 0.974498178923902 -0.00514125053881675
x 1641 -217.96636122654982 -6.061001047204487 -1.261427142416006
z 1641 257 6.819419668043168 -1.6504137255682612
z 1641 617 2.958395886852263 -1.2913947407517254
z 1641 787 2.585875285467113 0.6218342210236454
u 1642 0.9570185293403443 0.009905943774099554
x 1642 -217.56058317290106 -7.082836796043627 -1.1241457853811134
z 1642 257 6.9658385561741785 -1.7976467352174623
z 1642 617 2.851905621822825 -1.6302104592553643
z 1642 787 1.8882360445557598 0.9094985442088275
u 1643 0.9168656070834518 0.010120672948885506
x 1643 -217.06416678055285 -7.935504676728222 -0.9630019932443927
z 1643 257 7.231829212746603 -1.9314700285369502
z 1643 617 3.051383875896771 -1.9448662799610612
z 1643 787 1.5052585754462948 1.3986705239127044
u 1644 1.0405745260916912 -0.008511690205132915
x 1644 -216.55130082565174 -8.542004407094929 -0.7747036808531829
z 1644 257 7.657254349235666 -2.050658125047783
z 1644 787 1.6808270135004364 2.0637230288225865
u 1645 1.0321932038500647 0.003862106611715084
x 1645 -215.7332981186701 -9.249214939596492 -0.6510664734603755
z 1645 257 8.186798903712539 -2.1664818610884717
u 1646 1.0361540849212485 0.01296727787950841
x 1646 -215.0359094551395 -9.89939265419056 -0.8496900417362241
u 1647 1.0311074368557083 -0.012946952425179997
x 1647 -214.51781651160084 -10.496906627935124 -0.8632482226870728
u 1648 1.0045472751554547 0.004217831514761862
x 1648 -213.9904699913267 -11.231253989114267 -1.0327822267273272
u 1649 1.020238424001615 0.021165759414555688
x 1649 -213.526706527418 -11.87705561277584 -0.8632419987408615
u 1650 0.9810618155626781 0.0017667209992668679
x 1650 -213.0011511818637 -12.488841547019705 -0.8589001565907406
u 1651 1.0031298896519192 -0.006370427333309033
x 1651 -212.4511564644757 -13.190513469293895 -0.9530805751924971
u 1652 1.010353922325673 0.008829539719800966
x 1652 -211.90821425861566 -13.931592610003815 -0.923919980692145
u 1653 1.02027291100935 -0.008273935793480009
x 1653 -211.40227463186966 -14.574368774599337 -0.8840015991868748
u 1654 1.0258462156814898 -0.006827634935311099
x 1654 -210.65542565152253 -15.294142643061452 -0.649877210913862
u 1655 0.9920344344087856 0.00636773457755049
x 1655 -209.66302541695606 -15.958174226162138 -0.5295165332884029
u 1656 0.9673733630783208 -0.003057878592916999
x 1656 -208.67348084942543 -16.599187056716698 -0.6201175204146248
u 1657 1.0130969962847285 0.005343782325887218
x 1657 -207.8192269334347 -17.36963853131098 -0.8476099775935584
u 1658 0.9669387673949847 3.72427654638284e-06
x 1658 -207.09395917105124 -18.11708047406493 -0.7532975175546746
u 1659 0.9879757322795274 -0.006768229521181508
x 1659 -206.47036200733857 -18.776398292953253 -0.8731711322093823
u 1660 1.0119874281473282 0.008977407130295293
x 1660 -205.8850177300926 -19.55503314041877 -0.9791721081727576
u 1661 1.0271329107562772 0.011500583426227852
x 1661 -205.14272472194764 -20.817251172800823 -1.0991939562471917
u 1662 1.0200797620944557 -0.0023331015624311817
x 1662 -204.62584942246986 -21.679947137358432 -0.9628254979192077
u 1663 0.9631135713226169 0.0019002753363447282
x 1663 -204.22390060423893 -22.321018345550602 -1.058701041647029
u 1664 0.9752070360519541 0.0028939608852210233
x 1664 -203.97995800306418 -22.840867034999015 -1.205387431624236
u 1665 0.9737862877175165 -0.006189678043830012
x 1665 -203.74448699807428 -23.609459207585722 -1.3416302827130444
u 1666 1.0381852467172359 -0.010593411814872094
x 1666 -203.47639087892503 -24.510330923907357 -1.221462092864374
u 1667 1.0048413032353298 0.0088668299486032
x 1667 -203.13326590037462 -25.58076474543613 -1.299731384368582
u 1668 1.0372838416990877 0.007196021687084453
x 1668 -202.84011090006888 -26.777670969250426 -1.361463907431411
u 1669 1.0520635855788678 -1.5707963267948966
x 1669 -203.31007146706736 -27.48115141449133 -2.9580490106606243
u 1670 1.0351891626205716 -0.002534411832056545
x 1670 -204.48221361326355 -27.673904275733758 -2.9991638259837945
u 1671 0.9912288570679183 -0.0007260649866466191
x 1671 -205.68850067371855 -27.780012886730397 -3.1085471572506993
u 1672 1.0141619305683915 0.002260561648570624
x 1672 -207.07747049756085 -27.926351576309134 -2.9646972286896203
u 1673 0.9530636873011777 -0.002644864629712969
x 1673 -207.88995384994186 -28.044147312724544 -3.030529830798208
u 1674 1.0256615665277242 0.00860104346171548
x 1674 -209.0359452533956 -28.21985527264588 -2.9483771057850543
u 1675 1.0639636965499077 0.007059786072078238
x 1675 -209.87947869053252 -28.348906639323435 -3.031184361770071
u 1676 1.0206659707367096 -0.006913987882539981
x 1676 -210.97772014501277 -28.371693725944944 3.0726758158758827
u 1677 0.9532726377481601 0.002492445541814654
x 1677 -212.0547782579371 -28.315316451080218 3.105917417999276
u 1678 1.019447424898838 0.006451056744302536
x 1678 -212.6722753406485 -28.340148818610597 -3.0255316321727115
u 1679 0.974559683852742 0.013657799965708813
x 1679 -213.8880351531805 -28.456168674511975 -3.067370077590623
u 1680 0.972678971893784 -0.011672098593643605
x 1680 -215.13415046182192 -28.47605909247438 3.0992912470559997
u 1681 1.0134560251666027 -0.011163880890730641
x 1681 -216.32403984314846 -28.357715482866215 2.9856307598226195
u 1682 0.9956148992524972 0.004140295330927721
x 1682 -217.6020476740782 -28.113352247302476 2.9197024995435186
u 1683 1.000271459288078 -0.009835492648482633
x 1683 -218.51570811058247 -27.881833553698904 2.8671365039459076
u 1684 1.021094168544399 0.017856028248173884
x 1684 -219.12200180751793 -27.697710634986688 2.8263787581963165
u 1685 0.9707709449363727 0.004865536353029855
x 1685 -219.9607793669052 -27.454115252368208 2.891522224924989
u 1686 0.9964611529546894 -0.018007666571711982
x 1686 -220.59538267974932 -27.31219398597371 2.951628143069433
u 1687 1.0353834596111047 0.004644342457076606
x 1687 -221.84891974229933 -27.008677179272848 2.856444364739515
u 1688 0.9843913314285453 -0.0005126842195893501
x 1688 -222.78027067862763 -26.682954905025806 2.7538706695603175
u 1689 1.0264132767853011 -0.008237026015741675
x 1689 -223.70925781094684 -26.214652582627306 2.595470340033849
u 1690 0.9761188844857109 0.0070159935482505265
x 1690 -224.48505511442653 -25.801818143456202 2.7096560274762655
u 1691 1.0554513758666921 -0.016701098029206395
x 1691 -225.62995804000496 -25.258461845956358 2.6873062962242864
u 1692 0.9743611040893269 0.011713179884079515
x 1692 -226.9893651301855 -24.721437289706525 2.8434270066704315
u 1693 1.0763760205347879 -0.0030418667737070835
x 1693 -227.52516671523696 -24.58124716261152 2.927940618648668
u 1694 0.9939265219788177 0.008635047398525516
x 1694 -228.51570951403963 -24.50989054141752 -3.071767962835783
u 1695 1.0230081268501028 0.005521742734553188
x 1695 -229.3500756719808 -24.40758293039574 2.8277516980020234
u 1696 0.952597835392382 -0.004105918221575554
x 1696 -230.39023509054093 -24.015662760760723 2.7347580087600782
u 1697 1.0444633454346053 -0.0037632159018730666
x 1697 -231.26015643175353 -23.596249743826952 2.649931965520987
u 1698 0.9636683880909825 0.008087782886317813
x 1698 -232.0916146395777 -23.221946348514024 2.787251054817296
u 1699 0.983265286714987 0.01040415257338868
x 1699 -233.10045244113365 -22.95146756578304 2.9720367499336877
u 1700 1.0399879035513788 0.0033990229312995147
x 1700 -234.0825935037565 -22.7184449102962 2.8452436075804552
u 1701 1.0267193471739717 -0.0018571094899241885
x 1701 -235.10002416077265 -22.44040503291482 2.904415357363513
u 1702 0.9252185294680279 -0.010578868063328374
x 1702 -236.05339663068364 -22.128895036187973 2.7471506011663145
u 1703 0.9387883043653982 -0.011845908429343863
x 1703 -237.19543074021323 -21.795946388789037 2.968679930249227
u 1704 0.9988702035339292 -0.012313146591011912
x 1704 -238.29691656690358 -21.58035500781928 2.927936764634498
u 1705 1.013346733446708 -0.0017403116586633142
x 1705 -239.51555576880995 -21.29787798503505 2.899699505717509
u 1706 1.0994345767950071 1.5707963267948966
x 1706 -240.4224660055892 -22.122048549966433 -1.424423563038081
u 1707 0.9598124785452256 0.007329269011895276
x 1707 -240.26705709235304 -22.939412816433244 -1.3413861264457017
u 1708 0.9567454874543997 -0.005095470934822112
x 1708 -239.97801342134323 -24.240324675593396 -1.3629387426603414
u 1709 1.013373496421979 0.006581303312073339
x 1709 -239.81550521719245 -25.2291616280208 -1.4528804298871363
z 1709 778 8.416892273111964 -0.6616072704271687
u 1710 1.0312982362706276 -0.0055125760712168796
x 1710 -239.6855663039474 -26.483831090272634 -1.4823194990674535
u 1711 0.9932812838641303 -0.011907040875909382
x 1711 -239.5741575361428 -27.669684129339142 -1.4719266374973043
u 1712 1.0273167902840152 -0.00025763265642683237
x 1712 -239.50718377801712 -28.96006287740076 -1.5659542710776895
u 1713 1.015469666474062 0.009431003836080632
x 1713 -239.61179734716572 -29.90289524374891 -1.7966477659529243
u 1714 1.013088813093822 0.012669759332778495
x 1714 -239.76358629847036 -30.783544426629447 -1.6863113986198701
u 1715 0.9997977641768461 0.0055720292773060775
x 1715 -239.92046435750598 -31.96970549501824 -1.7182688813636282
u 1716 0.9908506148442857 0.015299474614015277
x 1716 -240.02887676381926 -33.076537163469105 -1.61859771056697
u 1717 1.000173600491037 -0.006230255274119376
x 1717 -240.04528816697635 -33.743123869136525 -1.572225113124041
u 1718 1.0054619637117266 -0.002049718359412674
x 1718 -240.0139067343413 -35.00040020052748 -1.5194581968012182
u 1719 1.0332384359271354 -0.0034231394522393965
x 1719 -239.9749551442566 -36.00902983710495 -1.5449361628477245
u 1720 1.0326395988136758 -0.009675366271909515
x 1720 -239.9692322315117 -36.506974307173536 -1.573671354336101
u 1721 0.9795198395365879 -0.009892473266968429
x 1721 -239.85499860784225 -37.69443614641194 -1.3761118859128323
u 1722 1.0114914728029512 -0.002212906083519238
x 1722 -239.60447572867744 -38.88875433264072 -1.3519518023899089
z 1722 764 8.224443069342339 0.4107055309424599
z 1722 830 8.217504798333772 -0.2104346239502375
u 1723 0.9896120831664798 -0.013995202178470629
x 1723 -239.32911381359423 -40.0523849354554 -1.3249091249481788
z 1723 764 7.330922055656712 0.47948862722171715
z 1723 830 7.2510654280214775 -0.22401628420704256
u 1724 1.026594193342047 0.011494220103444567
x 1724 -239.04153827540188 -41.144270186386144 -1.3016295865796996
u 1725 1.0788444032708968 -0.003530498420517082
x 1725 -238.7274213660746 -42.27264666245713 -1.296952252438891
u 1726 0.9854148251291055 -0.00586530711244139
x 1726 -238.50679553565638 -43.396994070873504 -1.4571128367968402
u 1727 1.0227508057998964 0.00936415878178663
x 1727 -238.43190154105633 -44.291734534310486 -1.5174597368702418
u 1728 0.9620173491049295 0.0004953224905343207
x 1728 -238.35361164084313 -45.33508288369261 -1.4743393111435776
u 1729 1.0386898597189818 -0.009578982201503257
x 1729 -238.27253762617207 -46.4178872911266 -1.5177840240451592
u 1730 1.0397914701298776 -0.010970480575163699
x 1730 -238.23656981714578 -47.253253410154066 -1.5377491004182542
u 1731 0.969818049431514 -0.006595787902804017
x 1731 -238.25037591846856 -48.038705528320165 -1.6389944666932963
z 1731 798 8.02124180705075 0.676401021920034
u 1732 0.960937670374609 -0.010738213584106341
x 1732 -238.35364927467867 -48.87233253354824 -1.7491109419037092
z 1732 574 8.160975386597325 -0.3177524708544279
z 1732 798 7.3002753963169695 0.7701835354803688
u 1733 1.0126663577271633 -0.003141283687566038
x 1733 -238.47365912055466 -49.83804974183407 -1.6397543768538594
z 1733 574 7.205391173596586 -0.35832548117837515
z 1733 798 6.612331698265394 0.8803334062092292
u 1734 0.9948619567470076 -0.020374692097286835
x 1734 -238.52373000204904 -50.682367890411406 -1.6203061961491954
z 1734 378 7.717458466889483 0.0030688292059393163
z 1734 574 6.2794060206036475 -0.3920251677016493
z 1734 798 6.036316799976949 1.0291843646612504
u 1735 0.9920742521087698 0.00480866318080833
x 1735 -238.5856055118359 -51.44834980374242 -1.6824950910988579
z 1735 378 6.725385421950373 -0.0016418127833697227
z 1735 574 5.377040075162311 -0.46779398640187786
z 1735 709 8.055682304292684 0.13984363133957434
z 1735 798 5.587696022869812 1.1768811068583576
u 1736 1.0166001970216048 -0.004693440734280697
x 1736 -238.8370351888229 -52.6393487765907 -1.8752043066743402
z 1736 378 5.708786455562754 0.0031771552374753043
z 1736 574 4.491819566615443 -0.564854627290047
z 1736 709 7.0508145175879235 0.16497074463658912
z 1736 798 5.283943978342602 1.3603574740158617
u 1737 0.9772522023768435 0.008527707793181672
x 1737 -239.089916495028 -53.33357337534978 -1.9650395065002937
z 1737 247 7.896956960060083 -0.8735301792339563
z 1737 378 4.731537910532399 -0.005574998657596808
z 1737 574 3.7062140749410406 -0.715958556316667
z 1737 709 6.088166300351591 0.18213102467286646
z 1737 798 5.164759684951897 1.5377697917629432
u 1738 0.9851539416299718 0.005900784117205983
x 1738 -239.44284209085993 -54.13096726332346 -2.0099173168689823
z 1738 247 7.30592991441497 -0.9832429472075508
z 1738 378 3.746430613596615 -0.013717574027224622
z 1738 574 3.0350177513235157 -0.9372886041308939
z 1738 709 5.121796339996996 0.21051735569428986
z 1738 798 5.22295322317184 1.7215012749177099
u 1739 0.9801117202706042 -0.00147039346756982
x 1739 -239.7693257392027 -54.790497962662506 -2.0509934192920545
z 1739 247 6.811007349442584 -1.1017704745684833
z 1739 378 2.7664308364025763 -0.016846560477486783
z 1739 574 2.578096266734808 -1.2470523742120652
z 1739 709 4.168542675427907 0.2613090215518352
z 1739 798 5.4575092421411755 1.901451866189798
u 1740 0.9771232963297793 -0.0030910710639632604
x 1740 -240.13418789100342 -55.506415200101785 -2.033263540410003
z 1740 247 6.427263866906095 -1.2346013577360213
z 1740 378 1.789484762782262 -0.02211016939344912
z 1740 574 2.447695879200685 -1.631884025864642
z 1740 709 3.2349605338418383 0.3429652415480273
z 1740 798 5.849563850973033 2.0631159569652127
u 1741 1.0097594484565637 0.011004331419445996
x 1741 -240.5447745118438 -56.28850789623709 -2.0751989703260265
z 1741 247 6.173715841417963 -1.40092449843884
z 1741 378 0.7806132901449505 -0.06883521238298229
z 1741 574 2.7091952671826287 -2.0239301234613496
z 1741 709 2.306517019952366 0.47742084828651876
u 1742 0.9957286674342847 0.0038194527358665735
x 1742 -241.10948811076292 -57.317132579777635 -2.07054192766238
z 1742 247 6.086944762613271 -1.5667336475977272
z 1742 378 0.2239707630814709 -2.8945753158970398
z 1742 709 1.4925671582821152 0.7839649677948053
u 1743 1.0377964907060504 0.0023202331553404663
x 1743 -241.67107365574765 -58.37555650344268 -2.046683572219043
z 1743 247 6.171810645352157 -1.7380068430463826
z 1743 378 1.2562152955203467 -3.099345492272078
z 1743 486 7.972487454065085 -0.7396223933595123
z 1743 709 1.0528603404938526 1.5503147418543985
u 1744 0.9816814104565562 -0.004559881488180509
x 1744 -242.25466058064322 -59.46372891582548 -2.0794375053884937
z 1744 247 6.406593479756928 -1.8851788621389893
z 1744 486 7.275787987079041 -0.8259000929418114
z 1744 709 1.4263899386540682 2.313760337430761
u 1745 0.9746464952301795 -0.007903394588861749
x 1745 -242.6978258857195 -60.34031671050569 -1.998322168929979
z 1745 247 6.768246212822815 -2.014828241850278
z 1745 486 6.650681897462959 -0.9255464491433738
u 1746 1.0055681191070631 -0.003321475808252337
x 1746 -243.11270085942238 -61.19391926342985 -2.0480862483797946
z 1746 247 7.255848440631433 -2.1370832206807795
z 1746 486 6.097626351636939 -1.054198674928648
u 1747 1.0035879515321138 -0.006837959823281269
x 1747 -243.47088311913697 -61.915884350306655 -2.0145860849210453
z 1747 486 5.666281572207573 -1.201675151837914
u 1748 1.032369415755742 0.005009158082339453
x 1748 -243.8618355381843 -62.67067631896091 -2.082831659590933
z 1748 486 5.383194614074945 -1.3866865336489895
u 1749 0.9678428692444102 0.003941680551589145
x 1749 -244.50462984720198 -63.584474829188636 -2.28481103229498
z 1749 486 5.294153479832365 -1.5714005744454191
u 1750 1.017770564964664 0.00500388843700208
x 1750 -245.16150888438054 -64.38446298835728 -2.2317447667646992
z 1750 486 5.394199617686148 -1.7662198404366038
u 1751 1.0061490896896212 0.0030892432231187255
x 1751 -245.7517263871898 -65.1435969578488 -2.231572985887511
z 1751 486 5.677496231239278 -1.9439864039709864
u 1752 0.9864928090343866 0.006995188854111447
x 1752 -246.55878446833654 -65.91789909902796 -2.5222376212095647
z 1752 486 6.109627593122292 -2.101695875455999
u 1753 1.0006155431136352 0.004309798719269178
x 1753 -247.7977365542461 -66.73346095990168 -2.596617255042626
u 1754 1.0558793774012438 -0.009836253802467216
x 1754 -248.68255374786102 -67.33745366837596 -2.488637805509508
u 1755 1.0039615897379892 -0.00031546805808183595
x 1755 -249.34902853549903 -67.75189240366598 -2.6819042586057256
u 1756 0.9841104581461496 -0.0001258222411799009
x 1756 -250.01134491442622 -68.16835677221434 -2.4786269497557036
u 1757 1.034148387125368 -0.0075871456251949436
x 1757 -250.5038057345729 -68.49441429345283 -2.634891785590298
u 1758 0.9451175657181259 -0.006230799972070948
x 1758 -251.4597930433634 -69.18157480675052 -2.401833291131054
u 1759 0.9891460100132984 -0.013940633122285736
x 1759 -252.2896280951259 -70.06649748995649 -2.2463265670868613
u 1760 1.0624047692439447 -0.00641589913592182
x 1760 -253.0353186724112 -71.04200179569425 -2.2005927878524925
u 1761 0.9718109485102959 -0.009710479384678974
x 1761 -253.57198170899255 -71.87958805211274 -2.080655555946165
z 1761 718 8.20857827230982 0.3875729988100325
u 1762 0.9864743727940462 0.006554024664458461
x 1762 -254.03573171096173 -72.65141170938094 -2.14302516774805
z 1762 718 7.303426380131891 0.4316792093968784
u 1763 1.0127310474763467 0.017237227560036393
x 1763 -254.80190497691365 -73.79554130362064 -2.17870608338678
z 1763 68 8.094397958482624 -0.23601964658642638
z 1763 367 7.795341048891391 0.5429672495273303
z 1763 718 6.393525862736011 0.4795184947622877
u 1764 1.0106153887045946 -0.006973249856885939
x 1764 -255.6133594224912 -74.971674663708 -2.170763158929484
z 1764 68 7.1147970680313675 -0.26178527668892837
z 1764 367 6.951766414264787 0.6255582527183279
z 1764 718 5.518520630830499 0.571648564971099
u 1765 1.0617210851019094 -0.00821462102950143
x 1765 -256.3597463226998 -75.94790976216814 -2.2763342345650264
z 1765 68 6.0941414355773285 -0.2979826247729447
z 1765 367 6.1256500608242135 0.7360166104907941
z 1765 718 4.663934996930579 0.7041279915748939
u 1766 1.1374497144346165 1.5707963267948966
x 1766 -256.2414255761149 -76.93687089533516 -0.6271075120691672
z 1766 68 5.686966809849904 -2.028560051667953
z 1766 367 5.103084248537008 -0.8446855244542841
z 1766 703 8.298067495960993 0.029273957166669362
z 1766 718 3.6441988767781583 -0.8894830966544527
u 1767 1.0337080658358566 0.003395791585996164
x 1767 -255.4186747365862 -77.61722872895986 -0.7547878627515203
z 1767 68 6.2148298994893665 -2.181593058397561
z 1767 367 4.485359543887735 -1.0215406618876894
z 1767 703 7.264808848748585 0.02980146823397778
z 1767 718 3.10058361540541 -1.155193409136807
u 1768 0.9941948530978147 0.004588314022794972
x 1768 -254.8280198336304 -78.02453898589805 -0.4526237140876268
z 1768 68 6.835423254318506 -2.3054212310523843
z 1768 367 4.058120199566714 -1.2369339051277388
z 1768 703 6.271050589268228 0.029573546600138112
z 1768 718 2.8505883580334213 -1.4848786611355633
u 1769 0.9898864399871875 0.009568691701421448
x 1769 -254.03884260958128 -78.36834555425989 -0.36909270448736686
z 1769 68 7.5380234577994845 -2.4121697572043543
z 1769 367 3.8538050203068708 -1.4920379643625508
z 1769 703 5.2815290460780675 0.024650474571449088
z 1769 718 2.9408074198283907 -1.8365780806931924
u 1770 1.0005083219795878 0.0029409103122513647
x 1770 -252.86197835354443 -78.65412287821363 -0.10734454892858247
z 1770 68 8.311641065696925 -2.4952866682409764
z 1770 294 8.367919827121758 -0.08182367556465753
z 1770 367 3.906074098155894 -1.753216417421746
z 1770 703 4.281352669126949 0.027126037120335234
z 1770 718 3.3471455274974127 -2.131972483043178
u 1771 0.9546359614202987 -0.0066172918060236965
x 1771 -252.05188044846903 -78.73590877617515 -0.09388968753380933
z 1771 294 7.4166045448205 -0.08530230027773866
z 1771 367 4.182986731735784 -1.9730981736268136
z 1771 703 3.327287353306006 0.04247412694816122
u 1772 0.9763487549359019 0.005556907060960794
x 1772 -250.73829826041293 -78.81054806479905 -0.019630603161093774
z 1772 294 6.444614278274834 -0.10418643031498709
z 1772 367 4.65506378315824 -2.1726340949865373
z 1772 703 2.3520281630724855 0.053391659745997355
u 1773 1.0226434006346303 0.007893791666232258
x 1773 -249.43027515510127 -78.79446316308383 0.044223580063765144
z 1773 294 5.429068403462726 -0.13241037154614022
z 1773 311 7.723410931332878 -0.3383034751957803
z 1773 703 1.3315968231102262 0.08346414540206526
u 1774 0.9215513386504198 -0.006400794817971254
x 1774 -248.47564419197622 -78.73977810220234 0.07021930933540865
z 1774 294 4.516761773061093 -0.15230187629942993
z 1774 311 6.859819084957903 -0.3760970730930926
z 1774 703 0.42112884115659394 0.2804255405946052
u 1775 0.9572739760168106 0.0018197445395355624
x 1775 -247.63141356256315 -78.63658907520848 0.17303106943779012
z 1775 294 3.5736887948012566 -0.19501303635967426
z 1775 311 5.980166712426754 -0.4368807895592215
z 1775 703 0.5645737486484215 2.9334088482215996
u 1776 0.9816208479051323 0.012322448887748427
x 1776 -246.52184522355904 -78.42741214470973 0.19963711015406105
z 1776 294 2.6192255022730078 -0.28229278901518473
z 1776 311 5.110679157020957 -0.5316355487148958
u 1777 1.0273656081431508 0.005043299404481361
x 1777 -245.83349471904853 -78.22172058801704 0.38110706157723895
z 1777 294 1.6585637052029782 -0.46227412451682914
z 1777 311 4.258670804032941 -0.6598091765241683
u 1778 1.011184339464516 -0.0016817498375502557
x 1778 -244.55764054589974 -77.7113830113389 0.37990016209169
z 1778 294 0.8774400537679207 -0.9993809653162864
z 1778 311 3.514176720944299 -0.835238163486479
u 1779 1.0178388716013167 0.01340629322692063
x 1779 -243.62211167721463 -77.25202723181759 0.5329624090021401
z 1779 294 0.9219387443107993 -2.2143545209968525
u 1780 0.9859938120909483 -0.009775674155532807
x 1780 -242.98475266941858 -76.89152149612771 0.496556868744944
u 1781 1.022981417465317 0.000866476723749578
x 1781 -242.0777626306032 -76.42567413402674 0.45240991795054075
u 1782 1.0273747261768846 -0.008605262399256049
x 1782 -241.15976343761434 -75.96860520569729 0.4715174681028542
u 1783 1.002262082256271 -0.0013478260281738594
x 1783 -240.235963708457 -75.47562934029443 0.5088735840071519
u 1784 0.9671107663587575 -0.004587515027051737
x 1784 -239.36176968370705 -74.89629194672389 0.6616435839907142
u 1785 0.9676802167761249 -0.00700110958104531
x 1785 -238.7912700421507 -74.49630638781238 0.561303506524792
u 1786 0.9602071089412479 0.00039760052334972794
x 1786 -238.03608646018472 -74.02015901316456 0.5637935100004654
u 1787 0.9889035363713747 -0.0009433580115993415
x 1787 -237.12401407021414 -73.39482298685137 0.6382271547425766
u 1788 0.9937918366885022 0.003408963233068919
x 1788 -236.21161908491212 -72.80936608371584 0.502767538773008
u 1789 0.9752729783553004 0.001556426878802603
x 1789 -235.59137024531037 -72.4199150894104 0.6185889222735845
u 1790 1.0264146677390351 0.01165755133756914
x 1790 -234.74758719875 -71.71124630561958 0.7785792742010145
u 1791 1.0114808532493376 -0.007414461710550944
x 1791 -234.04594990614473 -70.98178651741051 0.8310949057351484
u 1792 0.971205696987307 -0.004824111773492577
x 1792 -233.53948039471229 -70.49547168675048 0.6991046634961755
u 1793 0.9966089040769323 -0.004236760785876346
x 1793 -232.618599332907 -69.82195784053825 0.5638499719522176
u 1794 1.0339167329744734 -0.01107275707464591
x 1794 -231.73946718120663 -69.05999118485818 0.8643991408891907
z 1794 834 8.397727605999624 -0.5853276856148155
u 1795 0.9784199356301491 -0.019476398294778464
x 1795 -231.1322852351318 -68.43464311623742 0.7358728287907672
z 1795 834 7.5956657827601335 -0.6360244181619419
u 1796 1.0354904080947707 0.007429563790126833
x 1796 -230.19447590964398 -67.6159778679942 0.6994682505842498
z 1796 834 6.793129162615201 -0.7345796548598131
u 1797 0.9725721028926634 0.012221372457047606
x 1797 -229.68708179981857 -67.18303257001384 0.7133131316470438
z 1797 104 8.279957771696436 -0.6415524673296762
z 1797 834 6.110717020615309 -0.8544076200485726
u 1798 0.9712506760484362 -0.0010015747346153684
x 1798 -229.0954883991866 -66.73389594172592 0.5854108581456101
z 1798 104 7.523986085131229 -0.7178269426717523
z 1798 834 5.521325959966069 -0.9864073226399643
u 1799 0.9881053274906981 0.00965164942808494
x 1799 -228.1085365916933 -66.22995611803104 0.3587759373977675
z 1799 104 6.814265700611697 -0.8235290358349197
z 1799 834 5.048340337723328 -1.1605659550806724
u 1800 0.994781827926344 -0.003859766838263589
x 1800 -227.18440189278664 -65.86038629182634 0.40207999539400907
z 1800 104 6.1798478519482485 -0.9378132429052757
z 1800 834 4.738334357511285 -1.350274798356873
u 1801 1.0012774147449284 0.010775119047563779
x 1801 -226.02000279445033 -65.40856469611435 0.3382097532158026
z 1801 104 5.650328745526616 -1.0925228274371097
z 1801 834 4.629116710952508 -1.5739676854761313
u 1802 0.9831808134070555 -0.018863437495606726
x 1802 -224.9615360975375 -65.11000699535266 0.21163760495498973
z 1802 104 5.2617950268382785 -1.2394835358551248
z 1802 834 4.726346744863443 -1.7646485010269286
u 1803 1.0469174921206257 -0.004476949771548222
x 1803 -224.0495634131888 -64.9596401799585 0.11518360990551058
z 1803 104 5.0175136689694835 -1.433459368636458
z 1803 834 5.0318038092016595 -1.9658711218500984
u 1804 0.9843127151975347 0.006036170472653848
x 1804 -222.94281040984913 -64.8473148684138 0.0871054506439437
z 1804 104 4.982123149152917 -1.636557577944135
u 1805 1.0225520865757118 -0.009835193754195018
x 1805 -221.81686294420123 -64.67378292483772 0.21872980957553434
z 1805 104 5.146523497010959 -1.8263654256766142
u 1806 0.9985996740851067 -0.004724753905254796
x 1806 -220.8167872031497 -64.47875102023278 0.16646975754924576
z 1806 104 5.482590507892973 -1.9988997323945525
z 1806 198 7.9217210224119325 0.16500225794700185
u 1807 1.0559693362523206 0.0027706147057237106
x 1807 -219.87534809821994 -64.24206018946724 0.32614804848535073
z 1807 198 6.882004756399646 0.1872276292851307
u 1808 1.0178294176935272 0.001734501507180018
x 1808 -219.15184147743275 -63.99702488395752 0.32695682075494537
z 1808 198 5.88482161225831 0.21754495673970453
u 1809 0.9441640087791278 0.0048027869286219
x 1809 -218.50799145851494 -63.787870345615076 0.30123523148709674
z 1809 198 4.966517488092413 0.25333853757948077
u 1810 0.944025261416849 0.011044931431648202
x 1810 -217.49956003406004 -63.41694350901811 0.40369666426269557
z 1810 198 4.0579484152930725 0.2993870157988976
u 1811 0.9988079784299279 0.008892189549471421
x 1811 -216.54468768381278 -63.08150941167305 0.27194487731699724
z 1811 198 3.1158291697206373 0.3838111311194652
u 1812 0.9923669475936531 -0.006309777826563187
x 1812 -215.4924397526998 -62.871024844319045 0.12291017311094299
z 1812 198 2.2285332376054665 0.5589695241700365
u 1813 1.0056024499711054 0.0033164357938358646
x 1813 -214.45932745278137 -62.68460166045872 0.2341437703425595
z 1813 198 1.474374873833264 0.9247166160050204
u 1814 0.9657352564591368 -0.001412542185934875
x 1814 -213.65303738453122 -62.50810390664488 0.19685995082916685
z 1814 198 1.1804814254643174 1.6383924765827196
z 1814 861 7.6013452605396505 -0.32910372029943247
u 1815 1.0137310823882315 -0.002038562985306698
x 1815 -212.66659804276404 -62.172157932498145 0.4596284511832618
z 1815 198 1.6078808369187965 2.320687998037627
z 1815 861 6.649713408274582 -0.37620806667224826
u 1816 0.9885843538357133 -0.002055618946833556
x 1816 -211.91605767358624 -61.75572541402215 0.5534801418433251
z 1816 861 5.74133351960068 -0.43729071247550166
u 1817 0.9560612249761146 -0.012553666113357972
x 1817 -211.19508726767387 -61.245996750923155 0.6773416765517526
z 1817 861 4.8890608111599425 -0.5065273898036149
u 1818 1.1064336500029572 -1.5707963267948966
x 1818 -210.21794298590572 -61.51148889063662 -1.2079368541980557
z 1818 861 3.940955660785817 1.1339042011013305
u 1819 0.9809216170224099 0.007974073999623242
x 1819 -209.8902595596695 -62.62314625019949 -1.36035199161938
z 1819 861 3.6323583230532694 1.372652733844605
u 1820 0.9665542998941655 -0.0045621344151521
x 1820 -209.71891335735606 -63.6779730561755 -1.4591735156359122
z 1820 861 3.5723568957248215 1.6458248215601863
u 1821 0.9827605276089043 -0.0052120026386658445
x 1821 -209.76586165728847 -64.83391793792417 -1.7636038236074114
z 1821 861 3.777845385772408 1.9133900759716695
u 1822 0.9973418334054275 0.005248070400801659
x 1822 -209.9133516450278 -65.88386011638674 -1.6571111949373374
z 1822 861 4.216587916738115 2.133022811552456
u 1823 1.0005101805854053 0.00034281132774899965
x 1823 -210.0071195995755 -66.7194507638146 -1.7079815717724343
z 1823 861 4.824643812452664 2.3090659204248194
u 1824 0.9979465870860537 0.005659961311637666
x 1824 -210.11623804055333 -67.81124547334385 -1.6328376955648285
u 1825 1.0086427450110562 -0.008545996204750184
x 1825 -210.144221691874 -68.76518900098606 -1.5674075465185973
u 1826 0.9934305420024895 -0.00362613149992858
x 1826 -210.15499558065184 -69.75324905288903 -1.595992408734528
u 1827 0.9724866047034902 -0.01631224248807944
x 1827 -210.14504514386553 -70.58137405531427 -1.5215701577709795
u 1828 0.9870219675491138 0.0017444585511897717
x 1828 -210.10886635892336 -71.58820159885236 -1.5481865081662736
u 1829 1.0184278270839147 0.00952408608715177
x 1829 -210.17974506127075 -72.59709037880259 -1.7336841163847942
z 1829 70 8.206449845691088 -0.10899117780602818
u 1830 1.0323643648739236 0.009760921088971098
x 1830 -210.48145366091777 -73.78739379037488 -1.9043960558922481
z 1830 782 8.302452708886793 -0.33303948798513083
u 1831 1.0237846880632615 -0.013266734550464164
x 1831 -210.85000345053066 -74.81314891256261 -1.9270611537448892
z 1831 782 7.340074195124492 -0.36450996391378077
u 1832 0.9948035305053355 0.007667030069806861
x 1832 -211.24679277999482 -75.790090600486 -1.9861330073525438
u 1833 1.010534215421481 0.016625783323156337
x 1833 -211.70683274344765 -76.67734475676102 -2.112132980637182
u 1834 1.035444617962187 0.0014639864652714767
x 1834 -212.2816783337961 -77.63836748608382 -2.107590954011243
u 1835 1.038859896495615 0.0011114978654915713
x 1835 -212.7689197183689 -78.4960618226525 -2.0672422365563765
u 1836 0.9668457389371291 0.0020574825212557055
x 1836 -213.10032142739777 -79.07852883926398 -2.1089201496853183
u 1837 1.031599680182019 0.005997516600033625
x 1837 -213.47407912114386 -80.00438678296803 -1.8000356924895573
u 1838 0.8945110072876628 -0.005626359416650921
x 1838 -213.7118255976078 -80.77952732643465 -1.936766985244984
z 1838 869 8.498246207359394 0.3216947670444661
u 1839 0.94896213613808 -0.007880064329897601
x 1839 -214.22128022005612 -81.79481468166804 -2.134972733103886
z 1839 869 7.605217954567911 0.36950302906509336
u 1840 0.9858135347439809 0.00241025709393246
x 1840 -214.81045382224977 -82.72047954347788 -2.140253882592623
z 1840 869 6.694926195518921 0.42013097287545165
u 1841 1.135925501431906 1.5707963267948966
x 1841 -214.51499564789557 -83.78614036903595 -0.4604186797114007
z 1841 869 5.751315815338844 -1.214224826058079
u 1842 0.9517020545418962 0.0018037039167700898
x 1842 -213.7197715572447 -84.22779453698831 -0.5535150287409762
z 1842 339 7.585818679545627 0.25972795410167837
z 1842 869 5.492849810080394 -1.379169334079222
u 1843 1.032432446587741 -0.002278565534706077
x 1843 -212.70129685302956 -84.78463734602703 -0.4471616920032524
z 1843 339 6.593696142886936 0.3024020495655608
z 1843 869 5.3911480561944245 -1.565973473558523
u 1844 0.9980280633474458 -0.008026528493469494
x 1844 -211.7476801755076 -85.19897800261703 -0.3726073678011139
z 1844 339 5.65018353857145 0.3637347860414568
z 1844 456 8.105115495808358 0.5876275208772501
z 1844 869 5.474070493005943 -1.7412838635645929
u 1845 0.9993977535693934 -0.011792972907264174
x 1845 -210.8769121160033 -85.60957380871464 -0.5086240562698388
z 1845 339 4.732083896982159 0.45190070690058715
z 1845 456 7.298080402458476 0.6760836148226197
z 1845 869 5.723371596351428 -1.9026104305356824
u 1846 0.9556065286261042 0.008373725427152881
x 1846 -210.10466272518713 -86.01903821048586 -0.4664412896181007
z 1846 339 3.8927093612979844 0.5500001497418658
z 1846 456 6.577138112489381 0.7582736057977115
z 1846 869 6.105469497252153 -2.05929097821686
u 1847 0.9881346529471677 -0.0036330854121614294
x 1847 -209.32915600711357 -86.45885788938962 -0.5653708044624666
z 1847 339 3.0949002655725835 0.7218016045413203
z 1847 456 5.9003734275229425 0.8775487173516243
z 1847 869 6.625433049086544 -2.187868550485561
u 1848 0.9971067771117959 -0.008663214546939989
x 1848 -208.52427975978236 -86.9722568469504 -0.5702173546037677
z 1848 339 2.440823862783316 1.0051506117924713
z 1848 456 5.322462393130857 1.0313342612196275
u 1849 1.0659927674719927 0.008396765437908163
x 1849 -207.56695492097933 -87.4269588288036 -0.31663275489223963
z 1849 339 2.0703884780024455 1.445145134626431
z 1849 456 4.857494886398951 1.2118716204897542
u 1850 0.9337761977924963 -0.011298705572556706
x 1850 -206.54444600060916 -87.77650509534851 -0.34216177593837527
z 1850 339 2.1669236845601203 1.8985247198774298
z 1850 456 4.618296936888129 1.414030191048509
u 1851 0.9656495649043548 -0.0008125021034667714
x 1851 -205.41114277201683 -88.09848050723953 -0.21145783935477835
z 1851 339 2.641356191074117 2.252729683427985
u 1852 1.0163462341697942 -0.003550854890016447
x 1852 -204.3141948901637 -88.16942066652577 0.08229671718845788
u 1853 1.0008385417602272 -0.0028740648631693996
x 1853 -203.36584769661062 -88.11792965357371 0.026187821033557324
u 1854 1.0064906015095458 -0.0016138341104636517
x 1854 -202.36539722619005 -88.2285850430934 -0.24650344618300002
u 1855 1.0630926888358274 0.004685308157257773
x 1855 -201.28520617653638 -88.66456031951478 -0.5207246795651796
u 1856 1.0258644802821104 -0.005797798803574872
x 1856 -200.6790744008531 -88.93952601697579 -0.3310291884241088
u 1857 1.002600986018342 -0.002367563715136856
x 1857 -200.09439261203158 -89.14401730988811 -0.3418714375256817
u 1858 1.1463546427026303 -1.5707963267948966
x 1858 -199.29577997381054 -90.20470275744448 -1.5089850082671803
u 1859 0.9895622188164367 -0.0008613840889488501
x 1859 -199.28431538204924 -90.97140415725464 -1.6027035981967572
u 1860 1.0273191068664185 -0.009304156324035648
x 1860 -199.4545594814339 -92.23412402891208 -1.8069194897583887
u 1861 0.9968565609591699 -0.013321411013185359
x 1861 -199.64118382267358 -93.16519074083686 -1.7303131112955754
z 1861 806 7.979183742905048 0.2310431060373146
u 1862 1.020114940693414 0.00999546062567751
x 1862 -199.80314589221555 -93.94825719727365 -1.8191889239774968
z 1862 806 6.98876509238387 0.2537677867865944
u 1863 0.9710605963865001 0.010341959539511865
x 1863 -199.95699957945135 -94.59194743688981 -1.791636635376993
z 1863 806 6.052278184080545 0.2829125794520757
u 1864 1.0185065667435094 0.008720580769830585
x 1864 -200.1212381635908 -95.45318924368186 -1.7268304467100157
z 1864 806 5.080757660750898 0.32934003066200024
u 1865 0.9533553741796001 -0.008288919162893036
x 1865 -200.26037556574983 -96.21216434011289 -1.777381278042597
z 1865 806 4.191560734031103 0.4121494307761382
u 1866 0.9721577397042838 0.012232583221494236
x 1866 -200.61646006150497 -97.5781090568056 -1.8742349141245145
z 1866 364 7.710664637936987 -0.1380002735770125
z 1866 806 3.3207235070692036 0.5158041538282578
u 1867 1.023358644874608 -0.0007664515125626118
x 1867 -201.0383247502616 -99.03150974518014 -1.8323529783829022
z 1867 364 6.69845244426139 -0.15819355439788385
z 1867 806 2.482625740218387 0.7214537086643928
u 1868 0.959412047644105 -0.006826619848844132
x 1868 -201.37619581512567 -99.92422747084937 -2.0328666528095
z 1868 364 5.75241337420201 -0.17708167719892076
z 1868 806 1.8755911352014003 1.0743029706207166
u 1869 0.9835900255729948 0.0012217670939311134
x 1869 -201.7360506816828 -100.63752615548023 -2.043198596192658
z 1869 364 4.787468746254275 -0.2146267217442599
z 1869 806 1.6509919718736912 1.6242118747630343
u 1870 1.0060775371736905 -5.0510454463081604e-05
x 1870 -202.49233721471367 -101.76516397773419 -2.2799488333168325
z 1870 364 3.8104974129152285 -0.27083274249735734
z 1870 806 1.9787407942523243 2.1567956729493494
u 1871 0.9871678317243004 0.0027643763657176443
x 1871 -203.03292183135744 -102.43866034513721 -2.214358216929718
z 1871 364 2.871970205842839 -0.3661449168353239
u 1872 1.0109866223306878 -0.004325393127376633
x 1872 -203.96618943958612 -103.58647556661192 -2.2925681837854635
z 1872 107 8.088094977320374 -1.0281254490288023
z 1872 364 1.9605361712567595 -0.5464435716896041
u 1873 0.9969285289548991 0.006999041600690443
x 1873 -204.5850798357147 -104.39776604248357 -2.152369530534161
z 1873 107 7.624395545306671 -1.1475664936845777
z 1873 244 8.407751316607673 0.6435039070447983
z 1873 364 1.2267485757698404 -0.9921021506483001
u 1874 1.0067470361256305 -0.003930542895340108
x 1874 -205.28102313245853 -105.30588393387971 -2.2969995520251913
z 1874 107 7.267214490946839 -1.2701707916490255
z 1874 244 7.627626097525331 0.7269178820949378
z 1874 364 1.0786296729429856 -1.8834459549743394
u 1875 0.993611165881621 0.014495822464316964
x 1875 -206.137696226638 -106.18824378599022 -2.3858501488771386
z 1875 107 7.04438583422672 -1.4201024696747824
z 1875 244 6.911513223424902 0.8073222243102389
z 1875 364 1.6806961754244933 -2.4937680595115816
u 1876 0.979545102068111 -0.009009656256376621
x 1876 -206.88842842886538 -106.93843079390058 -2.3272653120394113
z 1876 107 6.9605772762876 -1.550580372282501
z 1876 244 6.277776825888442 0.9297843477974528
u 1877 1.0300550945015714 0.0007303943570848673
x 1877 -207.7404552417757 -107.60535019721975 -2.6276590906468638
z 1877 107 7.01612550632323 -1.69862662507673
z 1877 244 5.721340812174987 1.0738180440432386
u 1878 1.1681892138623116 -1.5707963267948966
x 1878 -208.86039876919577 -107.42759167984124 2.312843280856283
z 1878 107 6.427441809795848 -0.25770732323395507
z 1878 244 6.104344913394974 2.810551812996896
u 1879 1.0012524137470211 0.0023523619891931253
x 1879 -209.62379358751338 -106.6813810912429 2.4223112347631632
z 1879 107 5.465568698701111 -0.30697447996908833
z 1879 244 7.058407942239257 2.8544796624647066
u 1880 0.9920774476627077 -0.004245702458877398
x 1880 -210.2797608503608 -106.12160284373537 2.4479875296032034
z 1880 107 4.5290347243435285 -0.3685239033606411
z 1880 244 8.015323120850871 2.8935307855347485
u 1881 0.9938328755339569 -0.0015533116399366227
x 1881 -210.95697682997326 -105.53912024337588 2.4145252905470294
z 1881 107 3.619329198800948 -0.46585076715704643
u 1882 0.9955361359381553 -0.002438776230613317
x 1882 -211.72556544879237 -104.89419313522787 2.472389466220033
u 1883 1.0188767757749673 -0.0002614736873129001
x 1883 -212.50308313245102 -104.29422201835268 2.496369014553565
u 1884 0.9894746938267401 0.010449973675405656
x 1884 -213.45326696045922 -103.30647311733324 2.1772566294476086
u 1885 0.9977368644164217 -0.001428851783215813
x 1885 -213.98675045010376 -102.43518977605405 2.0631596393983367
z 1885 777 8.346914599586945 0.12302923654134368
u 1886 0.9566346355587229 -0.002240078003180847
x 1886 -214.4137676273834 -101.69263698107198 2.1222014033522685
z 1886 441 7.94731499430529 0.7141261708839433
z 1886 777 7.398591434840039 0.14128123798521797
z 1886 824 8.150247734696457 0.9338007694043711
u 1887 1.0124235096868033 -0.0007068255783552235
x 1887 -214.85411655791776 -100.9250909292891 2.0611199575149506
z 1887 441 7.213064159562335 0.8069302268329963
z 1887 777 6.397902187531345 0.16432775991159243
z 1887 824 7.592135653642391 1.0419417088293708
u 1888 1.029559033130971 -0.023852648795806418
x 1888 -215.321324985133 -100.09172342335023 2.1024039003343056
z 1888 441 6.553116892980776 0.9457810123037858
z 1888 777 5.387343061449148 0.2216951516069301
z 1888 824 7.139648401182307 1.191483730269007
u 1889 0.986414457928107 0.0032882917127140766
x 1889 -215.87575900255467 -99.10969515752502 2.067125754565489
z 1889 441 6.027829396733937 1.075433583726193
z 1889 777 4.429950786896825 0.2670301366854555
z 1889 824 6.834511985883965 1.3225809402968371
u 1890 0.9644156538614993 0.005244973412627495
x 1890 -216.44877948377635 -98.26963843932815 2.271718314217323
z 1890 441 5.63127668564189 1.2212224043555384
z 1890 777 3.5081175126737225 0.3336912662250553
z 1890 824 6.660969888814235 1.4580547193564222
u 1891 0.946572008528197 0.004102026933434372
x 1891 -217.2296624263929 -97.48361101848316 2.4341042921567855
z 1891 441 5.379167026687316 1.3830842455716823
z 1891 777 2.6312373115978938 0.4469892861730993
z 1891 824 6.619678252982513 1.5964872812520445
u 1892 1.0400727016491083 0.004874805062780838
x 1892 -218.0111361998562 -96.77810035417988 2.3803666332609534
z 1892 441 5.28226461667921 1.5727847894770637
z 1892 536 8.345510449486659 -0.31905502453268575
z 1892 777 1.7503710453895074 0.7005186210326526
z 1892 824 6.724734865491915 1.7468570958879654
u 1893 1.0479500901114942 -0.0011698573650237873
x 1893 -218.85108490101663 -96.1489501110726 2.6170533455218177
z 1893 441 5.387857550563628 1.7697039007896294
z 1893 536 7.357576437967473 -0.36249722759598857
z 1893 777 1.1656353211509367 1.320336670309632
z 1893 824 6.985487860440023 1.896252811447983
u 1894 1.0275431334547007 -0.004835977892227004
x 1894 -219.61509009570307 -95.56835100682343 2.3664654761444854
z 1894 441 5.683221008193409 1.9526307739101476
z 1894 536 6.406170824150433 -0.4142076395690699
z 1894 777 1.3514599644078233 2.153868373137427
z 1894 824 7.380778537762393 2.0332757550219753
u 1895 0.98831482281675 -0.0048697010417293966
x 1895 -219.99923978554278 -95.21974820189725 2.442870398574094
z 1895 441 6.122666268844923 2.107711726936972
z 1895 536 5.514672030150086 -0.48112776235035337
z 1895 824 7.873601557386438 2.150581715333759
u 1896 1.0094803119552498 -0.0028843790242454944
x 1896 -220.8458036601604 -94.67175685660291 2.6913477222794935
z 1896 536 4.642556073671927 -0.5787614396076526
u 1897 1.0568008835340446 0.004675578063057212
x 1897 -222.12640911854874 -93.9447529963083 2.5591710319362093
z 1897 536 3.803718499953157 -0.736549262693988
u 1898 0.9991426666818458 -0.008344314216725383
x 1898 -223.15595476573424 -93.30216956378602 2.6080490449815983
z 1898 536 3.1328308283572768 -0.9431012225186501
u 1899 1.0109001468523295 0.0021241144381723693
x 1899 -223.8823458532051 -92.85740415588484 2.576314856882223
z 1899 536 2.6687418989895857 -1.2570802107662742
u 1900 1.0062584208508694 -0.010922845911163609
x 1900 -224.73237706271692 -92.36559799862077 2.6578379225522113
z 1900 536 2.539572709091208 -1.631867703597368
z 1900 845 8.334831177463636 -0.11642789996176495
u 1901 1.0127507283569612 0.013583727746187206
x 1901 -225.56861459427785 -92.02017905601453 2.841913827664893
z 1901 536 2.7971216505706917 -2.015040943104231
z 1901 845 7.330823644971365 -0.1469920367969575
u 1902 0.9996862334806447 -0.003999366145619096
x 1902 -226.60412623598089 -91.797533349998 3.0176994008567775
z 1902 845 6.3432724593977055 -0.16576513054404574
u 1903 1.0017653861604772 -0.004201465325304617
x 1903 -227.58071060429384 -91.69218659546785 3.050571630583587
z 1903 845 5.357381546677108 -0.1920351754888352
u 1904 1.075229586977349 1.5707963267948966
x 1904 -228.19299530009454 -92.27727640923408 -1.5251916830449277
z 1904 845 4.882510093713877 -1.9279581506678685
u 1905 1.0413250669515763 -0.009078744364077311
x 1905 -228.10471703489262 -93.4843619051306 -1.4703941079229388
z 1905 845 5.332453286454873 -2.1031855500628938
u 1906 0.9784313114762146 -0.008331706732205306
x 1906 -228.0838131367979 -94.45788594962542 -1.6282603431165887
z 1906 845 5.88655589561961 -2.238911329643834
u 1907 0.9938641599750634 -0.007836636112637968
x 1907 -228.23807088083123 -95.29037819701459 -1.879768827112223
z 1907 845 6.546145041214356 -2.35090933520681
u 1908 0.9787167159162254 0.0017341415744196711
x 1908 -228.52175250757497 -96.16638927254044 -1.888176564129577
z 1908 845 7.268452039567813 -2.448423413650438
u 1909 1.0170935765899087 -0.0010758879875252482
x 1909 -228.90200232869017 -97.18297972753317 -1.9692810798033724
z 1909 845 8.076699818834022 -2.527952993375303
u 1910 0.9706229580464464 -0.013368408109028784
x 1910 -229.29885409660452 -97.96846990530402 -2.1079543639882115
u 1911 0.9972545713396405 0.007242794945811734
x 1911 -229.63871015310698 -98.65452481960074 -1.9535235792571861
u 1912 0.9955291646943643 -0.013526214068552101
x 1912 -230.079181983372 -99.70873517759894 -1.9796186311932678
z 1912 282 8.155775595931766 1.0444963128353386
u 1913 1.022772537121226 -0.0034264348398505683
x 1913 -230.4160403553158 -100.62558044446007 -1.866174260553573
z 1913 282 7.6946064381543 1.1632249942500916
u 1914 1.006512062084268 0.0067914224515671735
x 1914 -230.6709139363739 -101.36331814205187 -1.9407031634780978
z 1914 282 7.3506515020803205 1.2822922785406812
u 1915 0.9872616594574086 0.015741161054035287
x 1915 -230.93625870075027 -101.97120776159692 -2.0240336812772015
z 1915 282 7.1251591876846705 1.3994596510372652
u 1916 0.9836924993463061 0.016014095525162263
x 1916 -231.46380762704257 -103.00193417066247 -2.063680538140047
z 1916 282 7.016764048249695 1.5218285482111789
u 1917 0.9865565325978458 0.0028118993800898225
x 1917 -232.1665584575948 -104.05834049968206 -2.251923686114237
z 1917 282 7.036415873361715 1.6595077100969515
u 1918 1.0687799280200938 1.5707963267948966
x 1918 -232.0049985188072 -105.18349944715665 -0.6044414525142283
z 1918 282 6.461252274887213 0.20318234831851534
u 1919 0.9929301001778121 -0.0035345211995557297
x 1919 -230.7602848224777 -106.08585179417359 -0.6501063848092574
z 1919 282 5.492821936956139 0.24351480013245386
u 1920 1.0019764563807139 0.01165216367173705
x 1920 -229.8317172915609 -106.78023246125618 -0.6340739119562437
z 1920 282 4.525175860387449 0.2840214932998797
u 1921 0.9758316957309023 -0.0026569113840884248
x 1921 -228.95143747234968 -107.40960173219293 -0.6073243806373272
z 1921 282 3.5993010930309897 0.36307026930155706
z 1921 449 8.045455480006968 -0.8650084880245776
u 1922 1.0132456882675132 -0.0030079446132190647
x 1922 -228.08512976505418 -108.05034380663264 -0.6663304301907016
z 1922 449 7.427113841434488 -0.9658874106607716
u 1923 0.9813027965163238 -0.0035475892375001652
x 1923 -227.32322278272397 -108.58633296420757 -0.5597899825218646
z 1923 449 6.914785483312378 -1.0791938473895009
u 1924 0.9751155223312448 0.005145760479942119
x 1924 -226.37822413454106 -109.1557559000534 -0.524816537593209
z 1924 449 6.513836867612895 -1.2168799161727597
u 1925 1.018004231624403 -0.004267419916773346
x 1925 -225.43925541666735 -109.68606403376741 -0.5034187553502778
z 1925 449 6.232457538171378 -1.366311476394727
u 1926 0.954393424960574 -0.0056664539800033425
x 1926 -224.8825472042033 -110.06343751259573 -0.688012951578231
z 1926 449 6.107837477124309 -1.514158220733935
u 1927 1.0272282907737424 -0.011971272936043055
x 1927 -224.22370272828135 -110.6475852008018 -0.7627390724862098
z 1927 449 6.129890825842748 -1.670224071580907
u 1928 1.0031715487649429 -0.007646471679410692
x 1928 -223.54788088431363 -111.43791768496365 -0.9639462311703983
z 1928 449 6.3052299168055 -1.8216218160233737
u 1929 0.9922364122927242 -0.005760516614591983
x 1929 -223.23127825260894 -111.98856771128581 -1.1340355495118901
z 1929 332 8.190219130134464 -0.04887891879702355
z 1929 449 6.619002116718345 -1.9617004231431956
u 1930 1.0258373171940587 -0.0025616807245231166
x 1930 -222.79796899396462 -112.82632487011836 -1.0528915958266536
z 1930 332 7.165710165841452 -0.05312881890926535
z 1930 449 7.072607034254827 -2.0937176019993036
z 1930 731 8.407371176603215 -0.2652938852778295
z 1930 733 8.488050533739743 0.25143667629886224
u 1931 0.9529546915024948 -0.003602539826176807
x 1931 -222.36480001227602 -113.61995873971422 -1.0894681873433898
z 1931 332 6.214203334720023 -0.05739403458436687
z 1931 731 7.491419814019404 -0.2948287692374829
z 1931 733 7.569255996146025 0.28658692614212544
u 1932 0.9652144626951977 0.007195213729016696
x 1932 -221.89118857597882 -114.47025251499345 -1.035725207211152
z 1932 332 5.251115277642819 -0.0757934635961024
z 1932 693 8.025922135272658 0.3616510098524084
z 1932 731 6.5749967451494875 -0.3451991456571295
z 1932 733 6.647900354913716 0.3199439960038233
u 1933 0.9673687871125591 -0.0001195144790726462
x 1933 -221.332756121502 -115.38151547224192 -1.0062943873064718
z 1933 332 4.287144218255564 -0.09274731126639857
z 1933 693 7.1293725031842525 0.4098054859405096
z 1933 731 5.674122309862418 -0.4027924438608057
z 1933 733 5.737716028481244 0.37312437248438934
u 1934 0.9830725716505186 -0.0014883025562652061
x 1934 -220.7723487976758 -116.21228403920247 -0.9483968581775479
z 1934 332 3.3094621147599885 -0.11855330704791767
z 1934 693 6.240338603544505 0.4742096571378749
z 1934 731 4.784926730932564 -0.4817851871488785
z 1934 733 4.835899385566005 0.44892519224710004
u 1935 1.0295971186068917 0.0017924324727376561
x 1935 -220.21781705894963 -116.93661938316252 -0.8864084086125379
z 1935 332 2.2904900893728564 -0.17393748649219765
z 1935 452 8.032796851705303 -1.142079049960868
z 1935 693 5.344579394415683 0.5603445691804598
z 1935 731 3.9023304119090994 -0.6063494310066702
z 1935 733 3.933290138942012 0.5607710554365308
u 1936 1.0322337701346618 -0.005337360155848347
x 1936 -219.47164227254802 -117.92781798893428 -0.9646022286334319
z 1936 332 1.2854552691287477 -0.3058900731367813
z 1936 452 7.658805201968502 -1.259479521395264
z 1936 693 4.505483234068731 0.6882709594423542
z 1936 731 3.1082769595470365 -0.7906675607410456
z 1936 733 3.109874977950374 0.7443284588912755
u 1937 0.9555829447426395 -0.00409212976770217
x 1937 -219.02737560204753 -118.59161527068646 -0.997370233448978
z 1937 332 0.47047836906925855 -0.9549358521583748
z 1937 452 7.420132582105435 -1.3782069090344442
z 1937 693 3.8174954143291164 0.8524428884577215
z 1937 731 2.5273636765308436 -1.0581135915426358
z 1937 733 2.494197331623926 1.0115804134124833
u 1938 1.0656606766913574 0.010998316656973192
x 1938 -218.50622049224737 -119.32241701204183 -0.9052576120365003
z 1938 332 0.8844431237794439 -2.6960531469449367
z 1938 452 7.297428340828347 -1.5331854837184704
z 1938 693 3.2125434927683565 1.0926195312805635
z 1938 731 2.2151354456342207 -1.5031290732113636
z 1938 733 2.124076046264163 1.4382288096575007
u 1939 1.000435775559996 0.003494491972656065
x 1939 -217.75254840631163 -120.157523271581 -0.7679607706255318
z 1939 452 7.3300608094016555 -1.6735026068055943
z 1939 693 2.8902381748062833 1.4012053105894342
z 1939 731 2.3697545681949395 -1.9414482213846056
z 1939 733 2.2233863108721055 1.8969222196100795
u 1940 1.0541603205493797 0.01115528607615284
x 1940 -217.0640457769777 -120.89814789325568 -0.8757456496954803
z 1940 452 7.517392465688688 -1.8245209131431588
z 1940 693 2.898754252548257 1.7562745568717393
u 1941 1.0043123520883022 -0.0026747875600735874
x 1941 -216.2774201347137 -122.04531097902218 -1.0637000566211041
z 1941 25 7.787012967818967 -0.7223628946699581
z 1941 452 7.828821835599053 -1.9463876048642619
z 1941 693 3.239265092787399 2.06851884787831
u 1942 1.0120619084285347 0.0005765804815849486
x 1942 -215.75927969929973 -122.7685188213836 -0.8345336736062148
z 1942 25 7.059714276326968 -0.8178951464475772
z 1942 452 8.254200575688241 -2.0612645171382775
u 1943 1.0069438644423423 0.007658723279523348
x 1943 -215.02242913988366 -123.47628135462986 -0.6959970677049494
z 1943 25 6.416541139115542 -0.9407307934736844
u 1944 0.9959618018803629 0.010985193242401445
x 1944 -214.4312363764518 -124.20016999077025 -1.075924845101214
z 1944 25 5.889831468665583 -1.0893240833048603
u 1945 0.9937741503778885 -0.012506091150676277
x 1945 -213.87027570394574 -125.07506940505124 -0.9253799702584509
z 1945 25 5.494718803430723 -1.2372764305501556
u 1946 0.9583695835128038 -0.01580154719399158
x 1946 -213.1098091844444 -126.08998758399419 -0.9301214973491523
z 1946 25 5.252052481463867 -1.3942745361334075
u 1947 0.9612090064427935 0.004885812397948819
x 1947 -212.26036307367943 -126.95229591929116 -0.6557026653576807
z 1947 25 5.172932394370755 -1.58320419459487
u 1948 1.0075337430333222 -0.004979934915727039
x 1948 -211.5579223675039 -127.50955545349105 -0.6856050211009435
z 1948 25 5.279936759867091 -1.7702150540942219
z 1948 99 8.286063071693773 -1.3957391382671482
u 1949 0.9548540591093042 -0.007974938351141865
x 1949 -210.9620310825749 -127.98921329160514 -0.6698890081558733
z 1949 25 5.5450436438175 -1.9319750731466219
z 1949 99 8.17022076428155 -1.5030206966342023
u 1950 1.0076446444928346 -0.0004692304171217565
x 1950 -210.39496814936888 -128.46518561940744 -0.7266848689260668
z 1950 25 5.975729819345937 -2.0899250871878383
z 1950 99 8.163878064794233 -1.6260066914622522
u 1951 0.9788513985150007 -0.00781224271305411
x 1951 -209.9113034887285 -128.90147580495972 -0.7412093111746869
z 1951 99 8.272040609387226 -1.7366477805131395
u 1952 1.0181620014599218 0.0005602446112532588
x 1952 -209.2440694155183 -129.68061776405492 -0.9840217920151795
z 1952 64 7.924847672357224 0.5974356562835954
z 1952 99 8.49993336913299 -1.8556200380441745
u 1953 1.0049840158517866 0.005765097401443703
x 1953 -208.70382203654125 -130.572786795633 -1.068599226360912
z 1953 64 7.114626431269949 0.6708762058558069
u 1954 1.000031696258016 0.004682775177292287
x 1954 -208.26304724041665 -131.46907530529973 -1.1588969389097146
z 1954 64 6.360149039444487 0.7638077223409381
u 1955 0.9989565485365359 0.013911892072649033
x 1955 -207.76590114132424 -132.60592509677517 -1.1582081049735309
z 1955 64 5.6755127281733735 0.8710469800674971
u 1956 1.0239853243128292 -0.0048418791466050045
x 1956 -207.55105269582796 -133.37055859400405 -1.435545914984855
z 1956 64 5.078961331360912 1.0310593303210993
z 1956 218 7.82871785563148 -0.6193705752638365
z 1956 548 8.316078938560695 -0.7578247284332047
u 1957 0.9813455939981155 -0.008282619541787054
x 1957 -207.35324250042132 -134.25274279307484 -1.2648881366661626
z 1957 64 4.655262927725798 1.221632904018585
z 1957 218 7.050100083930465 -0.6915107622123555
z 1957 369 7.902813293653432 0.582904519398836
z 1957 548 7.630121173227938 -0.8376706773382327
u 1958 0.9887265247244066 -0.00024751906732196243
x 1958 -207.1083038013692 -135.19943559206007 -1.370346578028571
z 1958 64 4.415970032215785 1.4338616925032497
z 1958 218 6.3199432635464206 -0.7911800296406288
z 1958 369 7.098328049038424 0.6599141648134808
z 1958 548 7.006995187260391 -0.9424581704336767
u 1959 1.0131747699065923 0.005523299702030376
x 1959 -206.8355603483262 -136.03482886219066 -1.1400970119002203
z 1959 64 4.391051255689197 1.6588629330063922
z 1959 218 5.656006353933529 -0.924796536758123
z 1959 369 6.326509636946142 0.7523759488749935
z 1959 548 6.466088546171996 -1.0753427054566398
u 1960 0.9415786600851052 0.008534684599741951
x 1960 -206.55822041658996 -136.82533021312864 -1.3266487496538542
z 1960 64 4.567277393666312 1.8572348680130863
z 1960 218 5.147949394005982 -1.080376894442288
z 1960 369 5.672633173844679 0.85699492765462
z 1960 548 6.078938226365862 -1.2208848977259144
u 1961 1.0629339752845117 -0.011888881727219159
x 1961 -206.37815433413436 -137.9598023737566 -1.5001254005527387
z 1961 64 4.978796814586908 2.0750054011291716
z 1961 218 4.734914908698634 -1.267189028728075
z 1961 369 5.046544023201025 1.0295985054876668
z 1961 548 5.794915483255286 -1.3817869853009543
z 1961 736 8.308956927386536 -0.9518744739593812
u 1962 1.040398818624189 -0.0018110637737634328
x 1962 -206.30982973672295 -138.92744214525916 -1.500482169366792
z 1962 218 4.532970242165378 -1.4861250932878882
z 1962 369 4.598754855328843 1.2266573362901632
z 1962 548 5.690976528226899 -1.5604830914151235
z 1962 736 7.750997246540897 -1.0595404729354074
u 1963 1.0649754385273646 0.0062964798640117335
x 1963 -206.2704261354102 -139.93235072687193 -1.5627283783686745
z 1963 218 4.571187612450676 -1.7267620348261752
z 1963 369 4.35304124513473 1.4524844959665915
z 1963 548 5.7822602132266185 -1.7520117570653433
z 1963 736 7.2924607724105135 -1.193773898938573
u 1964 0.989416736539684 -0.0055469208414779475
x 1964 -206.3572546050202 -141.08502012652016 -1.7292366115130773
z 1964 218 4.822344085766269 -1.9254013364037106
z 1964 369 4.3514232257520815 1.6858586966588156
z 1964 548 6.036920701867485 -1.9084641469714414
z 1964 736 6.9863493519784985 -1.3201385614564363
u 1965 1.0078424448121632 -0.0031678559289202153
x 1965 -206.57757476826927 -141.81608012139688 -1.997783980050602
z 1965 218 5.256557371671116 -2.103125284604106
z 1965 369 4.579457036824165 1.9093890761118963
z 1965 548 6.439972570544694 -2.0535814737673066
z 1965 736 6.805162360468396 -1.4608799889229778
u 1966 1.0110025296988534 0.005999932294879785
x 1966 -206.8860978573522 -142.8409158657407 -1.7286416691248814
z 1966 267 7.693535887922913 0.036070951251623296
z 1966 369 5.004300909697879 2.0953218132429825
z 1966 736 6.772295343266508 -1.615862849995708
u 1967 0.9823298267890395 0.013627240988912697
x 1967 -207.03590578055915 -143.62910700309507 -1.7886012641109363
z 1967 183 8.232487535362422 1.2872278253600626
z 1967 267 6.711695578382891 0.026725208684788893
z 1967 736 6.893395736874565 -1.7722850728622146
u 1968 0.983527972387948 0.01574861796038555
x 1968 -207.2534333696338 -144.49953530002944 -1.8427768206577884
z 1968 183 8.005509326363619 1.3894268483579717
z 1968 267 5.728382514030256 0.014212954539241984
z 1968 736 7.162708147496513 -1.922753331092848
u 1969 0.9638086742939826 0.004043651096012775
x 1969 -207.630034901754 -145.63057456381233 -1.9416618970005948
z 1969 183 7.8868834409455095 1.5058288693098927
z 1969 267 4.764660605064552 0.012635298337360101
z 1969 736 7.551109485464014 -2.0468093676071697
z 1969 784 8.362087232773089 -1.0859231238093479
u 1970 0.9267136101703174 -0.0071482282221437005
x 1970 -207.99596288910612 -146.53443023115184 -1.9692954109229148
z 1970 183 7.884469354332542 1.630562774233229
z 1970 267 3.8381001025046397 0.023697137798633694
z 1970 736 8.0154094262736 -2.14279565512279
z 1970 784 7.969350634806283 -1.1816426696815077
z 1970 819 7.983423996168614 -0.4559146704360786
u 1971 0.9801187235161005 -0.01264881509010098
x 1971 -208.34924321964596 -147.40221207231448 -1.9455338678866119
z 1971 183 8.009131623147386 1.76562425394326
z 1971 267 2.858580961163841 0.04663797628308908
z 1971 784 7.645450477783935 -1.2875719326297506
z 1971 819 7.113474663898286 -0.5031814884195027
u 1972 1.1235903106880365 1.5707963267948966
x 1972 -207.79317312289172 -148.6895771298458 -0.3805830615465049
z 1972 183 7.493105054798282 0.3072003606157474
z 1972 267 2.2179040713071134 -1.836328987979222
z 1972 784 8.180556193614363 -2.966972118439134
z 1972 819 6.900501904267661 -2.215244034228407
u 1973 0.9677685276509655 -0.020374642469535218
x 1973 -206.7708491336843 -149.1330240508291 -0.43795695148513314
z 1973 183 6.580623051508074 0.3734867207090642
z 1973 267 2.6343700901022267 -2.179344399258431
z 1973 819 7.514516758548359 -2.2987934254618345
u 1974 0.9939603598864212 0.0022732502993806935
x 1974 -205.85429549401576 -149.487521660212 -0.3001460177601287
z 1974 183 5.66632424000998 0.43507392770399544
z 1974 267 3.3055360769041138 -2.4307042498405576
z 1974 819 8.210246301213479 -2.391473012028559
u 1975 1.0083572278892483 -0.0009776085429960665
x 1975 -204.96760123304352 -149.81713860508762 -0.4116675323893806
z 1975 13 7.956468431945057 0.7910720872814885
z 1975 85 7.87177129864473 0.1038855848290563
z 1975 183 4.771121243726976 0.5253413611450171
z 1975 267 4.122238264004186 -2.590116419884433
u 1976 0.935726103220751 0.001996557278127346
x 1976 -203.9637538634974 -150.12872884192936 -0.19026634075714588
z 1976 13 7.328123416719257 0.8799118330502615
z 1976 85 6.941658983067637 0.11573407897769616
z 1976 183 3.9887129654878333 0.6410644170928865
u 1977 0.9903876053073059 -0.019114757462550043
x 1977 -203.08230630962274 -150.32378994588274 -0.2453065533415426
z 1977 13 6.748350804110507 1.0132671454903512
z 1977 85 5.960334728532927 0.15561440174830743
u 1978 0.9699654915532312 -0.005183873377966305
x 1978 -201.83680718252296 -150.72544062325295 -0.37859844778531837
z 1978 13 6.291532748749401 1.1498630073515406
z 1978 85 5.004817308216718 0.19133663874242401
u 1979 0.9958287965549385 0.01827748911181726
x 1979 -201.03124904462445 -151.20075967103833 -0.6875429706504415
z 1979 13 5.9456413563626205 1.2844142530516667
z 1979 85 4.029526997913213 0.21785189481484135
u 1980 1.011189038325668 -0.00011576187416579389
x 1980 -200.23768186784807 -151.81886498723526 -0.6359345462453243
z 1980 13 5.7425731013076655 1.4542614623390797
z 1980 85 3.0500952960415466 0.28970176006615844
u 1981 1.0374474191178877 -0.005255811694235444
x 1981 -199.632872498171 -152.29778618310795 -0.7035746121365971
z 1981 13 5.71831678872157 1.640757272813997
z 1981 85 2.0782798956148136 0.43931549196622255
u 1982 1.0051524839776045 0.006605413781120755
x 1982 -198.55300846291925 -152.90665159754735 -0.3232317887451366
z 1982 13 5.871556849474953 1.8058031628593039
z 1982 85 1.241968402901056 0.7815409123521397
u 1983 1.031012389869333 -0.0028694352750881654
x 1983 -197.3942475949647 -153.2682306839711 -0.2816986588950918
z 1983 13 6.194694038460075 1.9711911669303674
z 1983 85 0.8889383398227956 1.7425622623732187
u 1984 0.9614815131315919 -0.0038032987355698703
x 1984 -196.21750924452883 -153.62070501739188 -0.3003616280219954
z 1984 13 6.630435732870539 2.1088268442146436
z 1984 85 1.41775645172676 2.4778424564295625
u 1985 0.9913022032995821 0.013496267562657871
x 1985 -195.17564875222996 -153.91440710914011 -0.24918065494733366
u 1986 0.9731414317910796 0.0192587953797567
x 1986 -193.70687943970222 -154.35894599288443 -0.33861153917766806
u 1987 0.9799777020861317 -0.01602546678475121
x 1987 -192.8582457177745 -154.70651223584483 -0.4388290747083965
u 1988 0.9944307996937238 3.357025377206748e-05
x 1988 -191.99439744179614 -155.12304251912533 -0.459751276565163
u 1989 1.005417521910155 -0.0161762752379714
x 1989 -191.2068164650633 -155.62218578903054 -0.6700072137085966
u 1990 1.0000797100338004 0.005188324630254942
x 1990 -190.6963029607596 -155.9969215988291 -0.5964053446428066
u 1991 1.0079360996967255 0.011107589770899432
x 1991 -189.8485246777146 -156.56583523938318 -0.5856763789230599
u 1992 1.039484505618289 0.0031563218670759784
x 1992 -189.13445060212283 -157.09597366352017 -0.6915800486091874
u 1993 0.9785820935222043 -0.0057722803759329
x 1993 -188.6258845406718 -157.63655583348228 -0.9402299173166537
u 1994 1.0033484901554628 -0.009442857755669939
x 1994 -187.90453610651528 -158.61139308535135 -0.9272633497652976
z 1994 284 7.732160164240737 0.4646418044555758
u 1995 1.0332175125759135 -0.009950334778516812
x 1995 -187.11408235285964 -159.43448888871274 -0.6839873872725386
z 1995 284 6.826831958957136 0.5431366091242564
u 1996 0.9746356089428242 0.002409111070442448
x 1996 -186.18710771608838 -160.2347462893511 -0.7403426625331293
z 1996 284 6.012899830161217 0.6244303368512218
u 1997 1.0636940172337628 -0.0064052591158026565
x 1997 -185.257883036729 -161.13185530149448 -0.7952877384899315
z 1997 121 7.864596431039285 -0.369329668565618
z 1997 284 5.189654199784338 0.7514892134465438
u 1998 1.0236625688673273 -0.0015666644736819935
x 1998 -184.47055469126133 -161.74663454826057 -0.5306117513627027
z 1998 121 6.9195052460184066 -0.4210846207137
z 1998 284 4.496970865566836 0.9092321000620176
u 1999 1.0664522942376786 -0.006824518904508657
x 1999 -183.58785340685077 -162.26464692148616 -0.5307753066712757
z 1999 121 5.960450390760618 -0.48690044277228983
z 1999 284 3.936154209108784 1.1320776398166252
u 2000 0.9959809435857876 -0.0017431151858408511
x 2000 -182.73632658437782 -162.7570053461005 -0.5177062570250106
z 2000 121 5.1010696800214355 -0.5764888253962295
z 2000 284 3.6277979028654253 1.3850997497027917
u 2001 0.9911288495442456 0.005567611877984167
x 2001 -181.5618899737212 -163.3562125321462 -0.4258552966407012
z 2001 121 4.305952106240681 -0.7083942288818044
z 2001 284 3.5771298877903708 1.6551759110680262
u 2002 1.0104262866549487 -0.0012366987519973989
x 2002 -181.0367118795182 -163.57525259738355 -0.36442727899264016
z 2002 121 3.598687652332319 -0.890732306707275
z 2002 284 3.798752065895223 1.9246463264939448
u 2003 0.9657080935599248 -0.008692492562799997
x 2003 -180.16578509248788 -163.9435725856488 -0.4357637280555213
z 2003 121 3.0804048439081706 -1.1273908155369092
z 2003 284 4.235012559931613 2.1485523360056424
u 2004 0.9641297470789119 -0.002395001764879066
x 2004 -179.26170609919043 -164.35360403773967 -0.41581573186248555
z 2004 121 2.8042337011194673 -1.4405961462490167
z 2004 775 8.13396306665744 -0.24653041021496325
u 2005 1.0373962097603537 0.007543977925440465
x 2005 -178.62774764700083 -164.65618412631 -0.4748095045357599
z 2005 121 2.8646618236681096 -1.8155983067074786
u 2006 0.9893587502362879 0.01951124293294277
x 2006 -177.7370917339842 -165.1328256144319 -0.5079439115023385
z 2006 121 3.2576762549058844 -2.133423745353582
u 2007 0.9982756281833114 -0.008416424872945692
x 2007 -176.94579479164562 -165.47856424629805 -0.31591410135979636
u 2008 1.0096594944151263 -0.0011447812016196302
x 2008 -175.84186260767004 -165.8885927820488 -0.3953522250831609
u 2009 0.9811379553252827 0.010232918810499985
x 2009 -174.774477527583 -166.2563712848052 -0.2682888726174495
u 2010 0.9976952469948012 0.009805165119572194
x 2010 -173.41032079030992 -166.65707017926715 -0.30310730096913074
u 2011 1.002734171686236 0.010070912027886444
x 2011 -172.8746342166535 -166.89925892013568 -0.5461055350107138
u 2012 0.9782929373068424 0.009003229713464
x 2012 -172.32144911453904 -167.2164999087518 -0.4952779613965017
u 2013 0.9793726287095939 -0.004980741452906729
x 2013 -171.96672641418363 -167.39524393095434 -0.43824416055812243
u 2014 0.9911764211748324 4.2510907814918756e-05
x 2014 -170.989475969078 -167.97607111183768 -0.6342628501624401
u 2015 1.0148108436612626 -0.007353520560951408
x 2015 -170.16884683414438 -168.49997698598978 -0.5021198444423534
u 2016 1.0067828537482673 -0.005136503253203052
x 2016 -168.80382043490474 -169.24903568206597 -0.5016466959869503
u 2017 0.9807982741340233 0.003836878887399903
x 2017 -168.11032986074088 -169.65928813212554 -0.5667581670914639
u 2018 1.0192645823824689 -0.0026452870673378736
x 2018 -167.11484682059745 -170.29284070362363 -0.5667908753322775
u 2019 1.002843058712459 0.0037259901199637345
x 2019 -166.40814481687676 -170.8690814875964 -0.8013240762601868
u 2020 0.9876567096818449 0.008477950806777676
x 2020 -165.7300081765008 -171.54960645646733 -0.7729879545462679
u 2021 1.0165161995233714 0.003056763187340802
x 2021 -164.97575100281017 -172.3997145173163 -0.9171541269389536
z 2021 812 8.437658780466876 -0.009668543695805276
u 2022 1.0064090509949655 -0.0011560061680534342
x 2022 -164.51619974423005 -173.00082602242853 -0.9190019386461086
z 2022 321 8.329686545747393 0.6510243878421371
z 2022 812 7.431297000474336 -0.009743638659255538
u 2023 0.901250634484521 -0.004685324059760813
x 2023 -163.98287431637522 -173.6418642627817 -0.8347228678676792
z 2023 263 7.832581628705207 0.22556771029283196
z 2023 321 7.633739889163726 0.727536646717283
z 2023 812 6.53007527949599 -0.006079752908308755
u 2024 1.0211614943315044 6.654228479662774e-05
x 2024 -163.36430191043755 -174.44538986548383 -0.9947347363807575
z 2024 263 6.8410937725034655 0.25888793681443545
z 2024 321 6.904574322537689 0.8259815042688778
z 2024 812 5.508936401917506 -0.0072794263050472985
u 2025 0.9903207448667858 -0.007829955819628028
x 2025 -163.07990180060932 -175.01920479770075 -1.2265663124734871
z 2025 263 5.890398628674582 0.3104084673615479
z 2025 321 6.27882166124719 0.950453932456977
z 2025 812 4.518625020185229 -0.00018683384942841386
u 2026 0.9880777882629977 -0.013794459716195032
x 2026 -162.81761920162342 -175.98265037002506 -1.3834406869045233
z 2026 263 4.961241126523921 0.38638179668077344
z 2026 321 5.766874919836908 1.1048065156606555
z 2026 812 3.5305835377416237 0.01548558591025273
u 2027 0.9724617594934806 0.00977759943944997
x 2027 -162.59170155629337 -177.10745317790852 -1.3617247876408272
z 2027 263 4.074809714549002 0.46557289510473776
z 2027 321 5.395750651948777 1.2563401552378552
z 2027 812 2.558201005420825 0.009736115332292794
u 2028 0.9961473152855904 -0.0033343306417753234
x 2028 -162.3812463365606 -178.13497426436126 -1.3758192463714032
z 2028 263 3.2168800975784007 0.6088428297566857
z 2028 321 5.176730435916369 1.443804193973568
z 2028 735 8.017576264092511 -0.4684942473064355
z 2028 812 1.5621602165981885 0.02034191271808483
u 2029 1.0133232248906343 -0.00262097126022134
x 2029 -162.3061597621012 -179.147852251893 -1.617780302277918
z 2029 263 2.4560206413539984 0.8501329248580589
z 2029 321 5.148810894586259 1.642942460796501
z 2029 735 7.127466714807884 -0.5299474224268401
z 2029 812 0.5495129408844717 0.06289823120761007
u 2030 0.9775283407924583 -0.00838037957342889
x 2030 -162.25699999732623 -180.56212280719018 -1.4543207254878632
z 2030 263 1.958114663394937 1.2444998891980852
z 2030 321 5.313518550156812 1.8358011985013727
z 2030 735 6.301088874095612 -0.5995037105080963
z 2030 812 0.4308265546523981 3.060172185792802
u 2031 0.9856007930493276 -0.006370242256881384
x 2031 -162.251422557628 -181.43588108749304 -1.674505550780757
z 2031 263 1.8921022456445962 1.767492413566237
z 2031 321 5.65511749991141 2.011026864620816
z 2031 735 5.513450393446083 -0.6936960403130699
u 2032 0.9354069847449957 0.006524823539360345
x 2032 -162.22545314782576 -182.54530730213796 -1.420279721021425
z 2032 263 2.2661601563246023 2.178026114728949
z 2032 735 4.833620421980169 -0.8247612136199813
u 2033 0.9997090197600023 -0.006863642244780242
x 2033 -161.99136454146222 -183.44142313555028 -1.210281071580582
z 2033 735 4.216566768352612 -0.9923434507031264
u 2034 1.043635947495382 0.0015995061596511485
x 2034 -161.63804864388163 -184.6229533102061 -1.3501737326555114
z 2034 735 3.7500235949513767 -1.2292543433158052
u 2035 1.0194486815160195 0.011098686006764478
x 2035 -161.41754986983003 -185.4762278793296 -1.2856536068415072
z 2035 495 7.770890258805717 -0.6845295565398284
z 2035 735 3.5469772776255435 -1.515138874949793
u 2036 0.9614247137125657 -0.0012238940780395658
x 2036 -161.3442193257127 -186.49449777955817 -1.712157580391547
z 2036 495 7.0518992742019675 -0.7695540538723842
z 2036 735 3.622404356562338 -1.782109125550047
u 2037 1.0238466161574067 -0.005314388092898314
x 2037 -161.5038559456017 -187.52883822656247 -1.7356919325500668
z 2037 495 6.3545015961711355 -0.8762766220018623
z 2037 571 8.498273466195254 -1.2558394723560529
z 2037 735 3.963153160799186 -2.0323035866036854
u 2038 0.972476107447589 0.012391537124386313
x 2038 -161.6401939707516 -188.32058921503278 -1.7469522187946103
z 2038 495 5.785700831902515 -1.0188469358866317
z 2038 571 8.25491693264936 -1.3807020045546317
u 2039 0.9511528072271043 0.009448916135226408
x 2039 -161.770789525708 -189.22856844893923 -1.6803430297626791
z 2039 495 5.3527858071280825 -1.1806285945860981
z 2039 571 8.133514559495158 -1.5053440540568817
u 2040 1.022599500491178 0.0010256771509025446
x 2040 -161.90678550153152 -190.09595258692187 -1.772294619273052
z 2040 495 5.05365244401714 -1.369945484671124
z 2040 571 8.13143792577408 -1.632195151594546
u 2041 0.9903543882295418 -0.0050090695211955
x 2041 -162.21773419719875 -191.3737326307579 -1.8467196230414749
z 2041 495 4.949611697851026 -1.5621770090806217
z 2041 571 8.249186948535655 -1.7473213641143914
u 2042 1.0111500981498638 0.01101099304694525
x 2042 -162.5146731485126 -192.71558884460129 -1.7304332831518723
z 2042 495 5.0487525440938334 -1.774826838668612
z 2042 571 8.490667563783404 -1.8757232053399786
u 2043 1.0096556040806908 0.003825698752808884
x 2043 -162.64523892083704 -193.7715250773683 -1.6572090719491608
z 2043 495 5.347343935369497 -1.9645456881761962
u 2044 0.9734873899706616 -0.0067860687296915955
x 2044 -162.73361468033923 -194.7181219848948 -1.670566995377609
z 2044 65 8.487603299942952 -1.1517361691300068
z 2044 495 5.788210503043252 -2.1139258986694793
u 2045 1.0913103558315784 1.5707963267948966
x 2045 -161.9534727149283 -195.5389682175763 0.048932692062561234
u 2046 0.9906152416429569 0.001791969860631008
x 2046 -160.82202692039175 -195.50713058272754 0.0073302522276974535
z 2046 140 7.685514380981442 0.32870058831098703
u 2047 1.018376233925946 0.0030241641271620805
x 2047 -159.76431610378017 -195.52477412375015 -0.04068890673148573
z 2047 140 6.729127662662311 0.37433307287170736
u 2048 1.0227322305090967 -0.002708605962414757
x 2048 -158.7582766910689 -195.58724033866662 -0.08333431456501961
z 2048 140 5.789898694693598 0.44189875046375837
u 2049 1.0428950996467812 -0.0012608350358186138
x 2049 -157.57539658173732 -195.46664768005695 0.2865289613786737
z 2049 140 4.8679930367765065 0.5350298881276965
u 2050 1.0322601181832214 -0.0011553823438495512
x 2050 -156.49710262777813 -195.2062033957265 0.18746025212805062
z 2050 140 4.015005884826486 0.6677794942134123
u 2051 0.9783642467856926 0.0049468942401734465
x 2051 -155.31166229204726 -194.84975509454102 0.39671643843135174
z 2051 140 3.301018231478624 0.846825730112875
u 2052 0.959562516799055 -0.017741655026280344
x 2052 -154.69461614529783 -194.6680160298713 0.1761467859432697
z 2052 140 2.7683306527501435 1.129356081457198
u 2053 1.009839743262412 -0.004373187817706786
x 2053 -153.9189177982348 -194.54689966904994 0.13362896967118143
z 2053 140 2.511119245890458 1.5062569070936966
u 2054 1.0069997214579902 0.012769447549060882
x 2054 -152.85680208923526 -194.40296366249106 0.13576626125563918
z 2054 140 2.638440136388253 1.8840435420249015
u 2055 0.9393568935521517 -0.009976759127420035
x 2055 -151.76667572886177 -194.22510457014175 0.18769286603628554
z 2055 140 3.0650785249241816 2.1893772094449258
u 2056 0.9883272223538115 -0.0009963425963354262
x 2056 -150.87670209764264 -194.0312769380577 0.24119043586983846
u 2057 1.012125080927034 0.0018601802251913188
x 2057 -149.57226950094613 -193.70065968562466 0.2552684114404329
u 2058 1.02404220940951 0.015129467941013866
x 2058 -148.45081960159462 -193.3428932475442 0.3623614468955214
u 2059 0.9979219896636456 -0.0017643488271556027
x 2059 -147.67856552138596 -193.15641218188776 0.11151938935531236
u 2060 1.0307797456766474 -0.010862486050921383
x 2060 -146.75478144389848 -193.02821017332266 0.16427741451098044
u 2061 1.0116938526959531 0.005407601883582748
x 2061 -145.96978145490644 -192.96694018142 -0.008491356814129603
u 2062 1.0362332096528928 0.006542096350272444
x 2062 -145.07239665293503 -192.99380047115417 -0.051354257964871586
u 2063 0.9829874485756336 0.0051766772386185765
x 2063 -143.86611423215365 -193.10182504629103 -0.12727254989298853
u 2064 1.0245278390701402 0.0001070042404522932
x 2064 -142.46248064391287 -193.28097206603465 -0.12661660207449188
u 2065 0.9886415428906389 -0.0029730811542142666
x 2065 -141.53105792496072 -193.34534461201102 -0.011388078429407145
u 2066 0.9938653118240383 0.0010169380162158245
x 2066 -140.63452193536048 -193.38030316508718 -0.06655826634285811
u 2067 0.9490388984131306 -0.008205006436094942
x 2067 -139.8091576489486 -193.41978392841241 -0.029037564349726708
u 2068 1.030376718495719 -0.004140304437049227
x 2068 -138.75803115956506 -193.36432390322622 0.13446473585432406
u 2069 0.9941423913151073 0.009854866973717803
x 2069 -137.86185468878023 -193.18466848047308 0.26122784326462334
u 2070 1.0322248650116181 -0.0012182937609431478
x 2070 -136.71678544372546 -192.9535241085674 0.13714008158334767
u 2071 0.9911744905049131 0.012147405471236989
x 2071 -135.6960082962349 -192.85773939854136 0.04998216606760497
u 2072 1.0362985427783862 0.004776987061661706
x 2072 -134.70019429572167 -192.87714063498902 -0.08894281982066321
u 2073 0.968723814386914 -0.007729409422203531
x 2073 -133.86423234929353 -192.94878877813096 -0.08205413979896159
u 2074 0.9857078702681092 -0.008963732531625919
x 2074 -132.95458610564663 -192.98543044195466 0.0015352229619978175
u 2075 0.9801488774307585 -0.004405768211938201
x 2075 -131.74886338822606 -193.12900621764808 -0.23857624120047527
u 2076 1.030618278674991 -0.005712984962163294
x 2076 -130.90789598732647 -193.34353134474577 -0.26095687412119384
u 2077 0.9694967747410401 0.0029116293769965535
x 2077 -129.99071159756588 -193.5676214734526 -0.2183019686740142
u 2078 1.017379566792204 -0.004126622799758254
x 2078 -128.69264283978572 -193.75066961908038 -0.06188209316256588
u 2079 1.0003848337463075 -3.5910183382133345e-05
x 2079 -127.27565883760548 -193.76625530608578 0.0398845850805456
u 2080 0.9466175706467369 0.006200543186541802
x 2080 -126.4966356414241 -193.7276366246535 0.059180739308247965
u 2081 1.0280584599586549 -0.005008663417310518
x 2081 -125.4703919584599 -193.72326380258403 -0.05065879529455275
u 2082 1.0035403532159535 0.01804959207276848
x 2082 -124.48905146875867 -193.73285226930523 0.03111784756443292
z 2082 23 8.338131321306237 -0.31845835326955596
u 2083 0.9888247043991143 0.008608239918557468
x 2083 -123.81603860497772 -193.68778069484947 0.10262216304753258
z 2083 23 7.4070130301334345 -0.36942317638992117
u 2084 1.0018254973788514 0.008474198479492807
x 2084 -122.60688526694368 -193.5062892535748 0.19534932513055114
z 2084 23 6.4846382833850145 -0.4343207137334293
z 2084 253 8.304072662676415 0.4830682907145212
u 2085 1.0209690719393782 -0.001545701348568193
x 2085 -121.55381245564577 -193.32214235427085 0.1508824613545232
z 2085 23 5.574652204902278 -0.509789009924261
z 2085 253 7.415520632635412 0.5487042369315325
u 2086 1.0013156189298127 0.0077304559013314615
x 2086 -120.66476084634515 -193.23709920709342 0.039849274179633465
z 2086 23 4.72822209484033 -0.6217659830339484
z 2086 253 6.579684886145491 0.6199290165807985
u 2087 1.0202584101310381 -0.008721390605997253
x 2087 -119.67681527567608 -193.27434367336758 -0.11521139608607678
z 2087 23 3.940837182344125 -0.7634901855759182
z 2087 253 5.7827048093161455 0.7319624197598955
z 2087 656 7.824080609585253 0.36501746956006675
u 2088 1.0110007004996973 -0.00376973130289657
x 2088 -118.52494024899872 -193.35662290647198 -0.02740775802368045
z 2088 23 3.2841094314859625 -0.9737914047550418
z 2088 45 8.12969352611063 0.6289379239389081
z 2088 253 5.077283799835757 0.869489085280593
z 2088 656 6.8899213840592495 0.42144953924751505
u 2089 0.9702829003400739 -0.0006428255114863027
x 2089 -117.63696761559892 -193.38056904791972 -0.026513586605176442
z 2089 23 2.853491903938039 -1.258145090846096
z 2089 45 7.367420006195173 0.7071695921097509
z 2089 253 4.5128132744087655 1.03518955596454
z 2089 656 6.017792374902545 0.4881465456688252
u 2090 1.0162185429660622 -0.004511413570918485
x 2090 -116.24436171378383 -193.35275544040599 0.0664529694981355
z 2090 23 2.716401150723035 -1.6173050885208053
z 2090 45 6.629510212328109 0.8116984908894738
z 2090 253 4.090835666289565 1.2552775044682338
z 2090 656 5.1436588066779825 0.58584306062368
u 2091 1.0104213054258975 -0.00522792643200794
x 2091 -115.09387883161963 -193.33221944378647 -0.03075697383591125
z 2091 23 2.9395005368146285 -1.9626199363527626
z 2091 45 5.981300040644191 0.9400924735151852
z 2091 253 3.900144788877701 1.5095651442214226
z 2091 656 4.339589631367473 0.7206766788956815
u 2092 0.9344459610761477 0.0016012967202318157
x 2092 -114.33342157435918 -193.30663163717185 0.09802743837447592
z 2092 45 5.4817752905869375 1.0765174493096588
z 2092 253 3.9537907822140665 1.746095265281041
z 2092 656 3.6888009030758036 0.8868731992333192
u 2093 0.9573727397912759 0.004301450947348692
x 2093 -113.40890722087771 -193.19719857907504 0.13761243480138496
z 2093 45 5.095801881687572 1.2381727962978912
z 2093 253 4.225316648893956 1.9668816177224464
z 2093 656 3.170063620988403 1.1184246507158546
u 2094 1.04827899181419 -0.002850335272645222
x 2094 -112.23851591143493 -193.00145119717016 0.1938190091227341
z 2094 45 4.857161323216031 1.4465593164306245
z 2094 656 2.872568833739175 1.4559341853415289
u 2095 0.9711281309801603 0.002981844596004561
x 2095 -111.19734883245218 -192.81766297581885 0.15562385099777432
z 2095 45 4.832404102220624 1.6442979160249118
z 2095 656 2.9235321587505854 1.7891819938997626
u 2096 0.9848452097093044 0.003073451549636632
x 2096 -110.29530943611634 -192.68987525773898 0.12583393651411123
z 2096 45 5.00064429918402 1.838944017916404
z 2096 260 8.33830137010108 0.6645054224479199
z 2096 656 3.2796204233746504 2.0837430597805513
z 2096 804 8.497821717743655 -0.4454680216376832
u 2097 1.0413877806455851 -0.0028038585928946225
x 2097 -109.41105351940902 -192.36413408537672 0.5800725096824744
z 2097 45 5.372566954554665 2.029687367513727
z 2097 260 7.546870648908204 0.752658917636396
z 2097 804 7.57066725057601 -0.5017945138213049
u 2098 0.9838819336092555 -0.0047099495483539046
x 2098 -108.44477208509164 -191.73884925101817 0.5686012063840873
z 2098 260 6.863545940311589 0.8557643159126105
z 2098 566 7.9047233748762284 -0.48915616086046754
z 2098 804 6.723498925051023 -0.5672266597581661
u 2099 0.9865124928925817 -0.0036996513894981746
x 2099 -107.86544522023303 -191.38141836412464 0.5370159390658209
z 2099 260 6.262726211133247 0.9788782714624622
z 2099 566 7.048197591447127 -0.5510425048480663
z 2099 804 5.914163190722729 -0.6530094889747589
u 2100 1.001163654698819 0.002533710095301448
x 2100 -107.10152880593152 -190.8905610652646 0.6052295039954809
z 2100 260 5.763170616953498 1.120887708372421
z 2100 566 6.21811716366742 -0.63815032135886
z 2100 804 5.15587953554731 -0.7739944435181325
u 2101 0.9958057217582922 -0.005008088670252937
x 2101 -105.82942313562116 -190.16531174283674 0.4310844624956083
z 2101 260 5.407409377610812 1.2926979180324896
z 2101 566 5.44897248478952 -0.7418550359266569
z 2101 804 4.495944667773474 -0.9240302670627196
u 2102 1.0142384015749684 0.005072023489135933
x 2102 -105.01383546914941 -189.8124952115188 0.38548224040514256
z 2102 260 5.218311841008411 1.4754867010124224
z 2102 566 4.75293749055859 -0.8920135330212786
z 2102 804 3.9705079193260167 -1.1347920159908336
u 2103 0.9528025466084881 -0.0027970366752169532
x 2103 -104.45454400218875 -189.56657610708794 0.4430247160333267
z 2103 260 5.215949287258771 1.661167497257158
z 2103 566 4.21922433414774 -1.0657000652915292
z 2103 804 3.669850739213479 -1.3694057543211575
u 2104 1.0170460104765842 0.0004928649641721817
x 2104 -103.5331066030151 -189.1178344486501 0.46336542437699446
z 2104 260 5.40327807084034 1.8492540318910287
z 2104 566 3.8321258522166812 -1.3006249091577746
z 2104 804 3.6070469686402804 -1.6498158745349754
u 2105 1.0011067988731126 -0.007312344480820288
x 2105 -102.53554549284327 -188.64672505461579 0.41905725587705245
z 2105 260 5.762755199494246 2.0242029106676123
z 2105 566 3.6895196153575283 -1.5576068589542422
z 2105 804 3.8153325044740254 -1.9072297907835214
u 2106 1.0498036597616838 -0.005411108748085091
x 2106 -101.89612611679246 -188.33254966927075 0.4943417549492026
z 2106 566 3.819884016397199 -1.8305680823635804
u 2107 0.9995714953360602 0.00892945222238619
x 2107 -101.09609246290687 -187.9781022614191 0.3397611553736275
z 2107 566 4.193457380512502 -2.0716683705530508
u 2108 0.9740434679507062 0.0018434015861044626
x 2108 -100.03013315953218 -187.63526695534375 0.2825849001640366
u 2109 0.9385509672501418 0.010918737812004758
x 2109 -99.30952355738184 -187.40028838466765 0.3478374215338462
z 2109 51 8.325845493821692 -1.0595313560867945
u 2110 1.0178874041314072 0.012982724742095591
x 2110 -98.11899726430886 -186.9371645840758 0.39415141640373097
z 2110 51 7.884090481222909 -1.1857600485712083
z 2110 63 8.066807592157398 0.47433779484332916
u 2111 1.0146622582752909 0.008124793891960977
x 2111 -97.07205558391007 -186.38196785426936 0.581039408203095
z 2111 51 7.565677029207847 -1.3187066854615752
z 2111 63 7.177038121077739 0.5303187684613135
z 2111 803 7.8718170007486945 0.7465993140520855
u 2112 1.0538282138593744 0.005455734463428011
x 2112 -96.41059915783845 -185.98278332134214 0.5049289074941248
z 2112 51 7.376640192653726 -1.4630498758779522
z 2112 63 6.288927480097417 0.6093263994239244
z 2112 803 7.132143876614624 0.8413639649332993
u 2113 0.9486402781313804 0.006158141441396504
x 2113 -95.76768632567243 -185.5679961724738 0.6410136504712081
z 2113 51 7.338428538605198 -1.5981274013080076
z 2113 63 5.5357955734112965 0.700965431522238
z 2113 803 6.535919641510566 0.9433293172593977
u 2114 1.0355705722711868 0.009854757430043814
x 2114 -94.99222247983013 -184.98458563872282 0.6489772159599809
z 2114 51 7.444134457785416 -1.7474734351786063
z 2114 63 4.787383287001873 0.8302543970392517
z 2114 803 5.982421464334299 1.0735584898173602
u 2115 1.051525906984248 8.958326604789063e-05
x 2115 -94.03974453754294 -184.1623083615192 0.7753562837823624
z 2115 51 7.698903716123441 -1.8824254947522374
z 2115 63 4.151093357856838 1.018234977870704
z 2115 803 5.5581725126028045 1.240516521562121
u 2116 1.0172136368331013 -0.012255109142630428
x 2116 -93.15916086395251 -183.2097099876455 0.8739676388121875
z 2116 51 8.063420053025412 -1.990772111079968
z 2116 63 3.725301730702462 1.2659522638665859
z 2116 803 5.322260156675051 1.4349473223704603
u 2117 1.0069691708211355 0.008695746000600102
x 2117 -92.66692617358642 -182.6667681463947 0.7947185674348547
u 2118 0.9639100000860679 0.001277029841013704
x 2118 -92.0335540536935 -181.9661082736657 0.8768711094310042
u 2119 0.9961934114947413 0.008995456179756419
x 2119 -91.32921404289762 -181.12642634276844 0.868789153705678
u 2120 0.9764201667072786 -0.00288957924698063
x 2120 -90.63074830994806 -180.28826379429435 0.883331253093024
u 2121 1.1012756445690182 -1.5707963267948966
x 2121 -89.84427693978114 -180.20769195500614 -0.6791490662075139
u 2122 1.068161881371314 0.01010167475643743
x 2122 -89.10188668743426 -180.87138188125817 -0.7798210685145315
u 2123 0.9772676824134938 0.004933993959778688
x 2123 -88.36821783791036 -181.58336353739256 -0.7609741388959099
u 2124 0.9871283040815386 -0.0008016718103931412
x 2124 -87.50475320214343 -182.28201664429963 -0.5995895635992179
z 2124 596 8.073242691277823 1.1033761059318472
u 2125 1.045544502843647 -0.0040714358623747315
x 2125 -86.85284461454312 -182.68177689698575 -0.5005702998267907
z 2125 51 8.475718440016543 -1.2801287527522334
z 2125 596 7.661226940039005 1.2297100861962544
u 2126 1.0029521848919565 -0.010370398100670515
x 2126 -86.04122342420114 -183.2088567891199 -0.6513590149143926
z 2126 51 8.2393477358697 -1.3864611184734272
z 2126 596 7.391537569805876 1.3685389919461093
u 2127 0.9821659011648457 0.003836461015883883
x 2127 -85.19642562156514 -183.75518837744323 -0.496746126816733
z 2127 596 7.256412281892291 1.4976335921379231
u 2128 1.0119668799935604 -0.005253568037635067
x 2128 -84.11563885379961 -184.4016243785865 -0.581320177066206
z 2128 596 7.25565487875127 1.6424658103214522
u 2129 1.0386657624005358 0.005583324531287788
x 2129 -83.33517708008445 -184.82231592506702 -0.4074422119124246
z 2129 596 7.400046188038252 1.7773705314097716
u 2130 1.008773722025708 0.009639919442332572
x 2130 -82.43519504619893 -185.23051227382044 -0.44417966032172806
z 2130 596 7.6661642762003295 1.897008662042646
z 2130 664 7.979997614459011 0.4930272170749981
u 2131 1.0071132808231824 0.0001314113845196611
x 2131 -81.60346615975362 -185.633386195883 -0.45796986265732187
z 2131 596 8.045601241825162 2.0157337754929445
z 2131 664 7.108790777459267 0.5599903248351863
u 2132 0.9762153276586815 -0.008885132235513054
x 2132 -80.5694987293488 -186.14993038881667 -0.4686451064544257
z 2132 664 6.305657915679174 0.6517867941365347
u 2133 1.0148704882130846 -0.004381405658111171
x 2133 -79.56331300904223 -186.59865671738268 -0.3703461029656041
z 2133 664 5.534728574606245 0.7679499388755024
u 2134 1.0349736186831249 0.0024984196502848555
x 2134 -78.77176669264003 -186.9277396909978 -0.41766831162481743
z 2134 62 8.283495924533895 0.9036730169743636
z 2134 664 4.842861941501947 0.9142649944051549
u 2135 1.0926843298242306 0.006034505642217273
x 2135 -77.53858180162676 -187.25085268591994 -0.0948408560755798
z 2135 62 7.652900676271728 1.0097751245976152
z 2135 664 4.2617094323938165 1.1122645089193792
u 2136 0.9925582029277336 -0.011469785911064977
x 2136 -76.36508322742958 -187.2399727223704 0.11338310582753897
z 2136 62 7.179354291004658 1.138995533801186
z 2136 664 3.930172117392815 1.3528300422930553
u 2137 0.9713166854009581 -0.001987781977368847
x 2137 -75.15154911417093 -187.10378627855957 0.11012773430205325
z 2137 62 6.830982470888153 1.2705460086910634
z 2137 631 8.271365298777932 0.289623090124981
z 2137 664 3.840067326153659 1.6044133168062071
u 2138 1.004007846501804 -0.009806682685983977
x 2138 -74.04511250991585 -186.8184859792241 0.3945880794652181
z 2138 62 6.608919013624792 1.4262079855430265
z 2138 631 7.316401402595214 0.339275331003531
z 2138 664 4.00638155008787 1.8673291466293493
u 2139 1.0092181738801977 -0.004008849562930965
x 2139 -73.239522719465 -186.43379903280953 0.4964202194190066
z 2139 62 6.542227892724971 1.583513154026086
z 2139 631 6.374344170390457 0.3962993016710423
z 2139 664 4.409996590144301 2.091845874607346
u 2140 1.012101977945242 0.022492152291952085
x 2140 -72.58889251906695 -185.94695976882636 0.7883503957470128
z 2140 62 6.621520178958889 1.7144694956905102
z 2140 631 5.449644573249746 0.4436199642759928
u 2141 1.071033155519078 1.5707963267948966
x 2141 -72.3676708185353 -185.1464531229057 1.813996614656114
z 2141 62 6.093487598634189 0.2707802058156368
z 2141 631 4.5526349420064625 -1.198225151737434
u 2142 0.9697001418057191 0.0029391307592860332
x 2142 -72.6038511633187 -184.59819661868687 2.141115758543858
z 2142 62 5.165188879575663 0.31781262903758156
z 2142 266 8.29002490865616 -0.5648379565279513
z 2142 631 4.2970800293679 -1.4130496333340574
z 2142 743 8.469191583434219 -0.769350120479432
z 2142 858 8.178850071437967 -0.06833973365294499
u 2143 1.0429532065393605 0.004289950810371773
x 2143 -73.13141548246797 -183.68693250612174 2.0500525909098624
z 2143 62 4.186309687543832 0.3909439745194718
z 2143 266 7.431409893809751 -0.6445766613298352
z 2143 631 4.261873168003829 -1.661519188245042
z 2143 743 7.755694593981022 -0.8675354825374901
z 2143 858 7.138865213316255 -0.08291880418186537
u 2144 1.0125534608188902 -0.00270505398452244
x 2144 -73.62320353111323 -182.5163182374334 1.8869849203648599
z 2144 266 6.648992431835753 -0.7333373636791443
z 2144 631 4.467564559426695 -1.8865176666707848
z 2144 743 7.141610468761099 -0.9730600657488697
z 2144 858 6.130233626142571 -0.09367182331869328
u 2145 0.9794423435610689 0.007413612234541684
x 2145 -73.94168298230312 -181.6764466303144 1.979503556132558
z 2145 266 5.960221785989027 -0.851422958095299
z 2145 631 4.864831995395008 -2.086261258519223
z 2145 743 6.643183001077045 -1.1029582321916216
z 2145 858 5.156313057395373 -0.11955430712487214
u 2146 1.009593644183215 -0.006176295363752678
x 2146 -74.38057645821246 -180.76627569689296 2.0607181881723022
z 2146 266 5.346561494251823 -0.9873814297384627
z 2146 631 5.431536596505294 -2.2428082225059685
z 2146 743 6.250212120879892 -1.2412302710738476
z 2146 858 4.155217012939025 -0.1416155877202958
u 2147 0.9816049362894727 -0.0016954090089013143
x 2147 -74.89355926149858 -179.81243842050227 2.067746058170993
z 2147 266 4.874382540779855 -1.1544613227693572
z 2147 493 8.368076482778976 1.2681275742928193
z 2147 743 6.00397654940211 -1.394806873675966
z 2147 858 3.1862994938897082 -0.18315699819022235
u 2148 1.0255605827681284 0.002867260768832699
x 2148 -75.3366518178482 -179.0525304725719 2.1296280848261597
z 2148 266 4.558641273658093 -1.3646947472382582
z 2148 493 8.120157852443606 1.3860568929457742
z 2148 743 5.9127636663415135 -1.5693286461261997
z 2148 858 2.1862804996301977 -0.27222953116709725
u 2149 0.9760709691118218 -0.0007084379036569881
x 2149 -75.68685567876047 -178.3998578367893 1.9969105846642448
z 2149 266 4.462025901623968 -1.5797619500011775
z 2149 493 7.998961955219325 1.5070111749912574
z 2149 743 5.991031572973425 -1.7322714546949673
z 2149 858 1.2733312597417836 -0.4788511010343104
u 2150 0.9419742307743642 0.008678321958278687
x 2150 -76.04941551802183 -177.75207772498726 2.1651955717392335
z 2150 266 4.5726168014099455 -1.7959098848615769
z 2150 493 7.990299807767159 1.6162216295641478
z 2150 743 6.216326162378994 -1.8909652793404947
z 2150 858 0.6200243863774938 -1.2711559651897066
u 2151 0.9961929820125317 -0.002846731535089458
x 2151 -76.54136106047189 -176.95574045888296 2.0831496542507715
z 2151 266 4.891030747692191 -1.9929953949722985
z 2151 493 8.098323121353078 1.7422569418199663
z 2151 743 6.596693609933719 -2.032021947346841
z 2151 858 1.0052415847355385 -2.510287632610677
u 2152 1.0207769979212433 0.0037640457403101254
x 2152 -77.01245524183996 -175.88926803306592 1.8903557586946764
z 2152 493 8.331570840573598 1.8595500213156821
z 2152 516 7.847114553221473 0.7765426379731792
u 2153 1.0285946470950627 -0.0006410781033159744
x 2153 -77.20352285012234 -175.17187034732513 1.7718210197413047
z 2153 516 7.150061586107854 0.8782066357659097
u 2154 1.0001934326536055 0.011404769689496845
x 2154 -77.38648479454599 -173.85047572015318 1.6449445297321468
z 2154 516 6.55197142170002 0.9839943408150909
u 2155 1.0132408270475426 -0.003715019955485538
x 2155 -77.38303754086223 -172.5859301791686 1.4911959751882105
z 2155 516 6.051760449039795 1.1277594565609679
u 2156 1.006941181155466 0.01566428154392979
x 2156 -77.24015306757454 -171.6355003405586 1.3519582589953325
z 2156 516 5.6856905332521634 1.2721794481955087
u 2157 0.978134322313639 0.0009617322293528797
x 2157 -76.99453664302465 -170.58395420075055 1.3307094069519607
z 2157 516 5.477811464636301 1.4426920669688696
u 2158 0.9567637398811107 -0.0021241448896862068
x 2158 -76.81668666527756 -169.7262133463825 1.4019834830310094
z 2158 516 5.440013368349161 1.6201713513688532
u 2159 0.9928016361097245 -0.007685035592963928
x 2159 -76.68706403950335 -168.8263309040044 1.4534892976016192
z 2159 516 5.5815735547056935 1.8064228643192815
u 2160 0.9946971820772325 -0.009278864202373706
x 2160 -76.41663365966902 -167.9743678784397 1.0733810738914293
z 2160 516 5.897938295293617 1.9802497984803074
u 2161 0.9868632568563737 -0.010452529105484644
x 2161 -75.88845312083268 -166.77206262852573 1.240360119938586
z 2161 516 6.360002645613397 2.1331994232786675
u 2162 1.0385458048653295 -0.005043586064697746
x 2162 -75.58641475625362 -165.64527498894202 1.3774407884104143
u 2163 1.0233560988614123 0.007484166993031229
x 2163 -75.4695345465528 -164.66101684855977 1.5277597780162608
u 2164 1.0231753359756823 0.013877616311132168
x 2164 -75.43153273250778 -163.4015475967102 1.553505419437501
u 2165 1.0444103255898902 0.01115273698121275
x 2165 -75.41139265678426 -162.27138448592365 1.5524499991837333
u 2166 1.0330239996074182 0.00273472100337513
x 2166 -75.13784026102623 -160.83957949523963 1.2115841645216232
u 2167 1.0226936242085065 0.0084680317206578
x 2167 -74.56446164252802 -159.6272592588614 1.046443846955171
u 2168 0.9623613057771623 0.006047012795840636
x 2168 -74.25051177866955 -159.05127874300769 1.0970477586981744
u 2169 0.9924666702858609 -0.012273335687894951
x 2169 -73.88491201155715 -158.18591617362617 1.245073671309867
u 2170 1.0286379796075984 -0.000285083163796634
x 2170 -73.63090300025212 -157.31634553652796 1.3281163953087223
u 2171 0.9928953813561081 -0.0024124709126270663
x 2171 -73.28218713523432 -156.30355297876355 1.150280411948783
u 2172 0.9912839450562533 0.004956397619939116
x 2172 -72.98701001843119 -155.54982084887783 1.2447881387204216
u 2173 1.0034005237531087 -0.01677612673426999
x 2173 -72.62848812513339 -154.6707988198376 1.1222691311837316
u 2174 1.0259580851520946 0.012599454197024773
x 2174 -72.2334721671507 -153.69949293072256 1.2468107943810516
u 2175 1.0142692622246265 0.009488503901391459
x 2175 -71.80280142052433 -152.47982619530904 1.2159048190161883
z 2175 57 8.009095793779865 0.8232992253283049
u 2176 0.9882282002559198 0.007679899218865198
x 2176 -71.50973077113116 -152.00600632981943 0.8178249588659074
u 2177 1.034523043648707 -0.008544318431392573
x 2177 -70.80351163334369 -151.1970675354636 0.8883535830031581
u 2178 0.9788962378187189 0.0028072592469258625
x 2178 -70.45427777997914 -150.70712713147776 1.0146973193949398
u 2179 1.0028960331746946 0.0029573755855837745
x 2179 -69.86710211940782 -149.7353936707624 1.0398094313498643
u 2180 1.0680655796439251 -0.0063939206599218385
x 2180 -69.31684060697928 -148.5347271803535 1.2423191819893251
u 2181 0.9966759999523339 0.0035059076831666517
x 2181 -69.09311307844341 -147.56507384153332 1.4457514187477205
u 2182 0.9634972104574719 -0.0015309488365535305
x 2182 -68.95804397005953 -146.7372584901675 1.3723650348022556
u 2183 1.0340467481705897 0.0036303374222328762
x 2183 -68.75122554735992 -145.76507841106616 1.3500038276262805
u 2184 1.0420350669187424 8.712215063374632e-05
x 2184 -68.5996907867086 -145.2909949918619 1.1728409616150657
u 2185 1.0449984021251006 0.005748397945305481
x 2185 -68.28349259379148 -144.42790386573765 1.2664107147242758
u 2186 1.007197572551285 -0.003254056363958361
x 2186 -67.8826823880959 -143.1505006761607 1.2670998635348516
u 2187 0.978395754642054 -0.004850507810922008
x 2187 -67.62254659950429 -142.14887587542685 1.3662928560357113
u 2188 1.0113827501322863 -0.011439534474840462
x 2188 -67.36740709619903 -140.83870961774258 1.3906375624824907
u 2189 0.9878294970554168 0.0035813424225532853
x 2189 -67.23963949844799 -139.7095199251775 1.5256138842925573
u 2190 1.1328751424947883 -1.5707963267948966
x 2190 -66.41817770771888 -138.998283101498 -0.09840160064111236
u 2191 0.9908002476970946 0.007343723170020327
x 2191 -65.46571281787737 -139.10408627614729 -0.12285837792541576
u 2192 1.0324542657220193 0.004002641752235199
x 2192 -64.75393140974617 -139.24502308644273 -0.2680961755654825
z 2192 527 8.244737618814872 0.2699707146869441
u 2193 0.9843497821334688 -8.518141193418153e-05
x 2193 -63.57494453550526 -139.55817432045873 -0.25113590072269965
z 2193 527 7.300776577425421 0.30602827355253304
u 2194 1.0265428627410838 0.005571250706548346
x 2194 -62.951607291661375 -139.77892318422522 -0.4295811921068613
z 2194 527 6.328501407706912 0.34891434096768803
u 2195 0.9646920824281506 -0.00038003090766411597
x 2195 -61.95882493494149 -140.21149665966033 -0.39224687458927443
z 2195 527 5.432031950180482 0.41007868174896256
u 2196 0.9562533607421219 0.009811811314224745
x 2196 -61.17066635980593 -140.55947372354535 -0.43928961961387936
z 2196 527 4.568781144756048 0.4828624251302327
u 2197 0.9700071829763396 0.005436936669504004
x 2197 -60.20324931180256 -140.96570902261843 -0.3558260144483203
z 2197 26 7.9753214431805635 0.4996288674715057
z 2197 527 3.7354238458013675 0.5976618601068386
u 2198 1.0114847615661104 -0.0064833835146850365
x 2198 -59.21904658447134 -141.29312480345007 -0.28648279536982013
z 2198 26 7.1057981189793535 0.5747688650567122
z 2198 527 2.9569556426243166 0.7987733993242898
u 2199 1.0205419628266585 0.013280531930762313
x 2199 -58.391722792181476 -141.50104823115564 -0.20595940133679713
z 2199 26 6.269671902066765 0.6491817042431061
u 2200 1.0317353479432572 -0.0027415648418590193
x 2200 -57.314785849451646 -141.6592666264304 -0.08578392171106985
z 2200 26 5.484380640586691 0.7661030638000783
u 2201 0.9614541111093474 -0.002079492682686414
x 2201 -56.28561402414371 -141.84408801325398 -0.26959335974385334
z 2201 26 4.838473262656189 0.906544607821286
u 2202 1.040146371393886 0.007759049520698439
x 2202 -55.15216305155545 -142.08870415349102 -0.15551738709609708
z 2202 26 4.272820494753929 1.0910579481826073
u 2203 0.9054997841945763 -0.0011508507457771077
x 2203 -54.0193177203684 -142.3008659499446 -0.21475774240208256
z 2203 26 3.9381961595542427 1.2976849916436342
z 2203 793 8.325632296259968 -0.4039243779477313
u 2204 0.9918863840741595 -0.002799640145259691
x 2204 -53.449354791125806 -142.51098863689208 -0.491644255159688
z 2204 26 3.7942730838079926 1.5550512574485307
z 2204 793 7.423199346361383 -0.4534931895223018
u 2205 1.01037337319729 0.006405792375137458
x 2205 -52.6990333181267 -143.0575449468266 -0.7674606942809428
z 2205 26 3.9079520167946624 1.8101105096115306
z 2205 538 8.018086960602808 -0.8991280270062942
z 2205 793 6.531591117790747 -0.5281679887671427
u 2206 1.055215471194468 0.01549697581589331
x 2206 -52.160119763808304 -143.6258275515115 -0.8563744096740704
z 2206 26 4.275316858951882 2.0372115662738706
z 2206 538 7.41458229390774 -1.0269457363182837
z 2206 747 8.14190162319281 -0.08634472732838594
z 2206 793 5.650075714322867 -0.6391749331689343
u 2207 0.9910854662653655 0.002020225362135969
x 2207 -51.65149914058418 -144.37114392220843 -1.0875556805685025
z 2207 538 6.954585913743552 -1.1512926951732418
z 2207 747 7.155117810541345 -0.10044974823134822
z 2207 793 4.8912003654645 -0.7625301688298061
u 2208 0.9639071657013121 -0.005973330483421795
x 2208 -51.23509722961036 -145.35094164020094 -1.2503166316374408
z 2208 538 6.618006717564328 -1.278555347160723
z 2208 747 6.196496492101285 -0.10961402747467197
z 2208 793 4.244441725897782 -0.9135790664688432
u 2209 1.0155435442285292 -0.003374075122345907
x 2209 -50.953535802702284 -146.16184030940352 -1.2228812782751561
z 2209 538 6.398052812291021 -1.4276914160291252
z 2209 747 5.188015751240159 -0.12732700361518745
z 2209 793 3.7105935476315692 -1.128325172914261
u 2210 1.0273402726901666 -0.0020817830352260363
x 2210 -50.4670074430978 -147.29373672280795 -1.1067942798632768
z 2210 538 6.332624175873523 -1.5868547215998374
z 2210 661 8.462511413453282 -0.5083070251319981
z 2210 747 4.1708644902690795 -0.15627355435569967
z 2210 793 3.3988716701238078 -1.402769757416653
u 2211 1.0185104841444175 0.0017618043522992894
x 2211 -49.93160248608479 -148.5222378017532 -1.2127999505725848
z 2211 538 6.431018073577998 -1.7476378415896283
z 2211 661 7.589465898883802 -0.5755340920937293
z 2211 747 3.1689174224700585 -0.20835938848804147
z 2211 793 3.3819857844531036 -1.706039497060769
u 2212 0.9809960909678384 0.0058466960044797215
x 2212 -49.68105310160447 -149.52566536420065 -1.4394122762009132
z 2212 538 6.676552004765455 -1.8985565112518827
z 2212 661 6.789290367399051 -0.6604614530537352
z 2212 747 2.219293490042682 -0.3070394090539441
z 2212 793 3.6488432687015964 -1.9814269170674716
u 2213 1.0049319141149888 -0.0028760586493788453
x 2213 -49.55874328284596 -150.2508993595249 -1.36802720748315
z 2213 538 7.0631320254302095 -2.030861899095921
z 2213 661 6.026301673208794 -0.7598768806644061
z 2213 747 1.2966671640668403 -0.5395048606274839
u 2214 0.9457839017011975 -0.003257350177238935
x 2214 -49.426229713868835 -150.8470179697779 -1.3360908247608445
z 2214 538 7.5296041682227886 -2.1404830840795377
z 2214 661 5.379085161010717 -0.8778229817245742
z 2214 747 0.6851630998716968 -1.3217569473657278
u 2215 0.9952516618316545 0.01053210743836794
x 2215 -49.14259497968407 -151.95623669324513 -1.304816859824465
z 2215 661 4.809219998918693 -1.0489521246308913
z 2215 747 1.0633846588267406 -2.4713774745002217
u 2216 1.0049229846928405 -0.012766505092559334
x 2216 -48.883236397406634 -152.70612684687967 -1.1708082988336357
z 2216 661 4.3894073541384815 -1.2352343363915197
u 2217 1.0210140423663552 -0.004751331435432107
x 2217 -48.42420741397444 -153.7694145243716 -1.1557083716151153
z 2217 661 4.163851391991227 -1.4639377365054234
u 2218 0.9418862340064406 -0.010878528978989345
x 2218 -48.01118311700289 -154.510866108341 -0.9694074524403824
z 2218 661 4.164831054271786 -1.6797217964310391
u 2219 0.9790476471586606 -0.008047880746085619
x 2219 -47.52100458713967 -155.47088847041215 -1.2280166788476554
z 2219 661 4.377015264907902 -1.895999703038017
u 2220 0.9952660756132315 -0.003808998168197714
x 2220 -47.26756047789041 -156.35158145172048 -1.3531627226020906
u 2221 1.0089652614619389 -0.0104076348598499
x 2221 -47.126561960021085 -157.27872992564872 -1.4865875077031496
u 2222 1.0036329988991866 0.0012846891557102198
x 2222 -47.05545114738789 -158.0362768723302 -1.4678139893075524
u 2223 1.0127509394798782 -0.007334486890211691
x 2223 -46.90631725258786 -158.97930006883075 -1.3600876301653408
u 2224 1.0408614816879995 -0.007576149769655904
x 2224 -46.59840306635284 -160.34384136189888 -1.3376313605223384
u 2225 1.0063605265540123 -0.011925049703751559
x 2225 -46.29914919812186 -161.16032044149446 -1.1013347013111092
u 2226 0.9963582120118092 0.011511767172195307
x 2226 -45.81429848228651 -162.16310340467595 -1.1395282377242073
z 2226 78 8.428002137195001 0.3660143313472215
u 2227 1.0050496310636299 -0.0007272641604635341
x 2227 -45.42679886782317 -163.06831976849205 -1.1931214312115537
z 2227 78 7.498305760019072 0.41477692585006176
u 2228 0.9970639744409969 -0.007738850447716243
x 2228 -45.096030398044256 -163.98832756406892 -1.2581960598782278
z 2228 78 6.599808919044372 0.48396978905483223
u 2229 0.983457036484952 0.002184021700222891
x 2229 -44.80187553806832 -164.91301909724132 -1.2674190375275596
z 2229 78 5.746969353101565 0.5613286046924877
u 2230 0.9788111166998622 -0.0011305936990694098
x 2230 -44.428885127799276 -166.069777404027 -1.2503359211576701
z 2230 78 4.946221674342664 0.6680896593435524
u 2231 1.0462247474846282 -8.526920200778413e-05
x 2231 -44.23780964616213 -167.04334057405381 -1.5036552051994945
z 2231 78 4.175568393090777 0.8240314844410275
u 2232 0.9745203459089915 0.004049712455412346
x 2232 -44.09706154814852 -168.02825260492662 -1.3540510437686872
z 2232 78 3.5839724109335003 1.0205008684821149
z 2232 774 7.7910571694873765 0.7551001195692528
u 2233 1.140312652174923 1.5707963267948966
x 2233 -43.030805669339806 -168.7394932303188 0.17752211741020796
z 2233 78 2.596609135582906 -0.45806427072305045
z 2233 774 6.764957750630785 -0.8202935157216951
u 2234 0.9799858522727373 -0.007839299258064059
x 2234 -42.149155848799936 -168.54637424949905 0.2537519659966767
z 2234 78 1.7689952992515372 -0.6957095791047512
z 2234 774 6.1354945765499975 -0.9291039378525845
u 2235 1.0244372401901454 0.001154819546391575
x 2235 -40.977123740378296 -168.34288938512933 0.09005520440779646
z 2235 78 1.182384797025012 -1.2860645339679582
z 2235 444 8.013077173067174 -0.2996075216201799
z 2235 774 5.583481772945474 -1.0778372577632154
u 2236 1.0098449551484068 -0.0033549522525297064
x 2236 -39.86124863228325 -168.13357072749673 0.28080011569015184
z 2236 444 7.053951529721255 -0.338288463453543
z 2236 774 5.180905214847249 -1.2468893056995922
u 2237 1.0193590782037283 0.009044729227670517
x 2237 -38.7078308921335 -167.91408161141487 0.0952923315461125
z 2237 444 6.103533839667606 -0.40350098651089894
z 2237 774 4.956255301033671 -1.4524662834172235
u 2238 1.0092332178366443 0.00769096135969878
x 2238 -37.64270272825221 -167.74341146822672 0.2224752211614005
z 2238 444 5.192300419436962 -0.48827290797702005
z 2238 774 4.943703950977247 -1.664382198479868
u 2239 1.0180429569326361 0.008126518854475987
x 2239 -36.660708754872395 -167.50684160854746 0.2503308183624333
z 2239 444 4.322044384869889 -0.6079700104643466
z 2239 774 5.143730911320134 -1.870781006849116
u 2240 0.9843202272790476 0.0006306449584104598
x 2240 -35.73008289177911 -167.17274221027475 0.4390182136723655
z 2240 444 3.5590152082021373 -0.767315732667841
z 2240 774 5.515635947947025 -2.0427218240091682
u 2241 1.028786836271238 0.006778822326977241
x 2241 -34.82064979731689 -166.60000935324672 0.6850246436397027
z 2241 444 2.910563465571677 -1.0228923260932876
z 2241 774 6.055911266043729 -2.201130567254004
u 2242 1.0033224707036954 -0.011593842703358207
x 2242 -34.038734914571606 -165.89118769696722 0.7877869159845532
z 2242 444 2.5311849745488737 -1.3551934200114326
u 2243 1.039148831466167 0.0036772654441637226
x 2243 -33.288636735939704 -165.12598792010093 0.8029409341530753
z 2243 444 2.5240350273852195 -1.7729318244698438
u 2244 0.9775339148841681 -0.0005409615913477892
x 2244 -32.835961073822446 -164.67839415398618 0.7565657900697498
z 2244 444 2.883697095302893 -2.110923102558642
u 2245 1.0226052952093307 0.012474217199744087
x 2245 -32.16900473788207 -163.959137449394 0.8896526720320033
z 2245 459 8.074045446064108 0.6213153981872228
u 2246 1.0610113488753354 -0.008086325838462647
x 2246 -31.33070261603089 -162.70386214020158 1.0743341122211234
z 2246 459 7.240518030048896 0.7152886577947024
u 2247 1.023897364982776 0.010098417422868109
x 2247 -30.690321204112536 -161.6678155041791 0.9600129165233371
z 2247 459 6.498578093821895 0.8081010271119835
z 2247 535 7.8527342724077975 0.8506727227425968
u 2248 1.0128299795010907 -0.006565206762694425
x 2248 -30.15294992004541 -160.86266693504086 1.004533489421382
z 2248 459 5.847568752477063 0.9406142344879891
z 2248 535 7.227744738517097 0.9630777714853496
u 2249 1.0363608818659238 -0.004617766715866831
x 2249 -29.71404091148817 -160.28817595978077 0.8322616438402477
z 2249 376 7.974998473659049 0.6371718010273786
z 2249 459 5.30549654330897 1.1039800229625643
z 2249 535 6.692429497295218 1.095375097730786
u 2250 1.0038759663004457 0.006743166178590239
x 2250 -29.20091824834201 -159.65162980051548 0.952426864500131
z 2250 376 7.190712079028501 0.7131999672456617
z 2250 433 8.332140934857486 -1.403236677312393
z 2250 459 4.932553301675375 1.279682132177924
z 2250 535 6.293327712302638 1.2306861646014724
u 2251 0.9967819559576359 0.01103846465896603
x 2251 -28.591308834346496 -158.87867762595533 0.8535692122212506
z 2251 376 6.465840289745291 0.8025455903811953
z 2251 433 8.230329049844132 -1.534085257970774
z 2251 459 4.738074160582757 1.4712142276883364
z 2251 535 6.0290183717494035 1.3758346095362928
u 2252 0.9979969466488977 0.008627723927404166
x 2252 -28.105766615224585 -158.3751036009142 0.7536835146277778
z 2252 376 5.813364922484865 0.917168169691406
z 2252 433 8.258461816980443 -1.6637901821656054
z 2252 459 4.73967792065135 1.6735745275738667
z 2252 535 5.912938562290704 1.5334122693542858
z 2252 597 8.367943817469271 -0.7558346494836119
u 2253 1.0072119470554188 0.0014759977045723824
x 2253 -27.367874401279586 -157.69543405878608 0.7350141448861245
z 2253 139 7.991538101311646 0.8503239199709447
z 2253 376 5.261365533831803 1.068173735992512
z 2253 433 8.412711335793889 -1.7847497267907317
z 2253 459 4.944854289524049 1.876140788608673
z 2253 535 5.960146817758557 1.701617671580136
z 2253 597 7.666744453190465 -0.8476128789251485
u 2254 0.9817852459054619 0.0022178747875843553
x 2254 -26.53602057070929 -156.9932332338233 0.6671498380123291
z 2254 139 7.379899208858247 0.9481504990335772
z 2254 376 4.864061918270352 1.2436627534179685
z 2254 459 5.322041132829683 2.0508479871382033
z 2254 535 6.164498718456208 1.8579901610023253
z 2254 597 7.056409328886059 -0.9544324413798693
z 2254 681 7.630008809762046 -0.41854759681616516
u 2255 1.0359840666030855 -0.009454600778830298
x 2255 -25.71923812043372 -156.40836464742563 0.5757023069226865
z 2255 139 6.832098033392165 1.0815169370190656
z 2255 376 4.641023145028577 1.4664529056912308
z 2255 535 6.53836054263106 2.0197762630066354
z 2255 597 6.508310462976938 -1.0747927301040976
z 2255 681 6.694448171980037 -0.4713606238414605
u 2256 0.9883008279875446 0.002350503308993844
x 2256 -25.055002549696837 -155.99317627035242 0.5415854091856702
z 2256 139 6.425993797001878 1.2152535985103237
z 2256 376 4.642160994587627 1.6774293007548273
z 2256 535 7.023013145348357 2.1446162486787497
z 2256 597 6.101296621676831 -1.2201828590002208
z 2256 681 5.831822250905544 -0.5509199316616291
u 2257 1.0245872117673125 0.018378844332243495
x 2257 -23.99103937406039 -155.33336106082146 0.5686206217589174
z 2257 139 6.135650309203573 1.353516875239266
z 2257 376 4.850244339021576 1.8708702603821248
z 2257 597 5.83861158284719 -1.4046778547625656
z 2257 681 4.9935640198884865 -0.6785229022301533
u 2258 0.9731395655804154 0.014443691233303598
x 2258 -23.27585849445704 -154.8439649780723 0.6315975095974045
z 2258 139 5.9945601130741695 1.49800332863268
z 2258 376 5.2150731234692715 2.036045973721203
z 2258 597 5.76527024108575 -1.5865685142655912
z 2258 681 4.284954490429963 -0.8372806309407688
u 2259 1.1221280594378678 1.5707963267948966
x 2259 -23.1139742892192 -153.97510835955538 2.141582159881529
z 2259 139 5.271672115663814 0.052833659777658415
z 2259 597 6.528777298612579 3.0179321096114675
z 2259 681 4.453142015631816 -2.636622942054072
u 2260 0.9949602168649129 -0.0012033317641868778
x 2260 -23.619216118421356 -153.16318381324834 2.113287854457158
z 2260 139 4.2784621230839655 0.06645783047485043
z 2260 597 7.5172055445539145 3.0353828703582657
z 2260 681 5.345394070457157 -2.725688280607346
u 2261 0.9938784215245027 -0.0036461049297973527
x 2261 -24.137766745287283 -152.27184254497854 2.082110905694746
z 2261 54 8.145721054889759 -0.5129044185409275
z 2261 139 3.2875996214918124 0.09073143117772364
z 2261 681 6.2667958688356284 -2.7864258563323085
u 2262 1.0094962570797512 0.0005297076103352085
x 2262 -24.637009836964467 -151.37428526765297 2.074700379532537
z 2262 54 7.283136987516058 -0.5815347445234011
z 2262 139 2.2840530555632386 0.13014186494318292
z 2262 681 7.221905788806172 -2.8355488933360595
z 2262 815 8.366528856820436 0.5999491071708682
u 2263 1.0104515012248605 0.009614008536230024
x 2263 -25.122009775233757 -150.4973608420398 2.0772854537678054
z 2263 54 6.4656824568676035 -0.677728550883602
z 2263 681 8.192340718043488 -2.8817663937370117
z 2263 815 7.551087498560886 0.665425786082773
u 2264 0.9981262409773365 0.009330283489272702
x 2264 -25.645775597279833 -149.48466487294158 2.01893184190809
z 2264 54 5.725779832676084 -0.7972173506649574
z 2264 815 6.790729110025982 0.7464244200668024
u 2265 1.1544102169404977 1.5707963267948966
x 2265 -26.737530742817242 -148.95910992647788 -2.9162224644697945
z 2265 54 5.831418290227545 -2.5471884996817886
z 2265 77 8.23155707958903 -1.332393757495662
z 2265 788 8.354524981030993 -1.110730535777925
z 2265 815 5.752326555958708 -0.8314119853134003
u 2266 0.9835694824839792 -0.0005556459691236095
x 2266 -27.87897095484989 -149.1439086368675 -3.0459490575977513
z 2266 54 6.668939783019817 -2.6293550262202445
z 2266 77 8.055909147547531 -1.45074983234233
z 2266 788 7.9664525754951505 -1.2210130071561294
z 2266 815 5.1409632995695524 -0.9726585171330795
u 2267 0.994517110409896 -0.0004877413467699103
x 2267 -28.835673869020507 -149.19323323822482 -3.134213740109958
z 2267 54 7.551453801258846 -2.693489614683852
z 2267 77 7.997744139433155 -1.5740289611999163
z 2267 788 7.682422988859767 -1.3424309278280047
z 2267 815 4.653864245665169 -1.149668160039169
u 2268 0.9779396433392389 -0.010237968933073256
x 2268 -29.7598843570175 -149.2235167510486 -3.0834612054589616
z 2268 54 8.441525231916422 -2.733999235995988
z 2268 77 8.055480221411107 -1.6854909771135134
z 2268 788 7.516613184109523 -1.4591063727525604
z 2268 815 4.341817578030661 -1.345978807264837
u 2269 1.0049465092271708 0.004707392814138079
x 2269 -30.88385663418382 -149.3006234736211 -3.062734775813334
z 2269 77 8.233555758968897 -1.8117169513678664
z 2269 788 7.474013167540571 -1.5978706778261218
z 2269 815 4.235082093756525 -1.5842469945365927
u 2270 1.0517317426120596 -0.0029939244782099064
x 2270 -32.10417898774561 -149.3538438095795 -3.133282361567901
z 2270 788 7.574237771778606 -1.7341374202195994
z 2270 815 4.375904966586641 -1.8239576861977034
u 2271 0.9933099186342744 -0.0019491488924549415
x 2271 -32.94230843803365 -149.4015344472655 -3.0362229711906417
z 2271 788 7.796676945676989 -1.8582479063972694
z 2271 815 4.722750174488797 -2.0271152947396027
u 2272 0.9967931867810694 -0.000583063271184006
x 2272 -33.63656409111391 -149.46532044822914 -3.0637231379080663
z 2272 788 8.135361464154084 -1.975445773470256
u 2273 1.015370468272734 -0.004869584666164408
x 2273 -34.689768122569376 -149.5232069165591 -3.1096481479505544
u 2274 0.9646866442261258 0.007031893115729461
x 2274 -35.39728635647527 -149.57779787809804 -3.019525545012904
u 2275 0.99556555965557 0.0010330892842138732
x 2275 -36.433084145725424 -149.5928812182552 3.0486475885079525
u 2276 0.9678572129912173 0.007790570773279151
x 2276 -37.579237541514516 -149.39296983080135 2.8891731919514614
u 2277 1.0291630362096058 0.0009244785035020751
x 2277 -38.48383972588946 -149.16277979137593 2.8956580298796926
u 2278 0.9979877781445682 0.0036251711574970457
x 2278 -39.40105444781361 -148.8690219855802 2.7676287249768583
u 2279 1.0552122090921705 -0.006421464222030656
x 2279 -40.23434205180414 -148.66908059113388 3.0445747154881877
u 2280 0.9962036192948299 -0.005038105769866591
x 2280 -41.064883781466115 -148.59409681013696 3.0585328482264265
u 2281 0.9998642255743505 -0.00885404270891613
x 2281 -42.124096807595414 -148.49876336485636 3.0451281072826903
u 2282 0.9972085266693197 0.0014921073762134958
x 2282 -43.17813379623787 -148.4469308438686 3.1397858839515074
u 2283 1.0368298622781316 0.00016094292152082652
x 2283 -44.34892208045898 -148.46521345679344 -3.1085571343525924
u 2284 1.0259554871720264 -0.00400982239163998
x 2284 -45.28758961811705 -148.42273085345926 3.018102034581327
u 2285 1.0230927914687848 0.004072560139452547
x 2285 -46.22786353469136 -148.39553967202352 -3.075922644128001
u 2286 1.0337043496700913 -0.006696564784384407
x 2286 -47.26841979310738 -148.4530141968126 -3.0969059523458924
u 2287 1.082695486065543 0.0019162361361050018
x 2287 -48.728807067753216 -148.62659878272532 -2.9496654493229624
u 2288 0.9995687948608287 -0.014623336031208502
x 2288 -50.13697260469859 -148.67140714810654 3.0132847469345796
u 2289 0.9562133234659973 -0.011560758112425214
x 2289 -51.078140830748694 -148.48393923065532 2.8766742867363853
u 2290 0.9649856882362999 0.01134491046897091
x 2290 -51.995232541163304 -148.2474729831496 2.9018166961139666
u 2291 1.0070270389146743 0.010005513913410041
x 2291 -52.75557026118565 -148.10372918915584 3.0076738895913753
u 2292 1.016900394080999 -0.0008654028361191708
x 2292 -53.823953869821416 -147.9740849613931 3.033999926665297
u 2293 0.9735804364801235 0.009343587814380895
x 2293 -54.845438666825146 -147.83786980330942 2.984049256328867
u 2294 1.0154303745210511 0.006686834505229973
x 2294 -55.59921966524619 -147.71195935520058 2.9681151700364543
u 2295 0.9898798131471254 0.010679369393456477
x 2295 -56.66312635374459 -147.43355512587274 2.803186080642851
u 2296 0.9847108554138538 -0.004050315828539481
x 2296 -57.47422367743702 -147.13884409065514 2.782965669820496
u 2297 1.0172415820247944 0.00027880323141962207
x 2297 -58.25182704180623 -146.87082534659396 2.836377354761744
u 2298 0.9878894013533519 0.017245626576920556
x 2298 -59.27440860473083 -146.45249317108292 2.6701648961255575
u 2299 1.0329454487223704 -0.0047785542145894
x 2299 -60.28281816992833 -145.83970443700713 2.5209278533732427
u 2300 1.0157849851019634 0.0011726830726427116
x 2300 -61.26030984859867 -145.07341226299124 2.4325183018504246
z 2300 149 7.9731712974604845 0.556943985826539
u 2301 0.9861693694823727 -0.013873453935781366
x 2301 -61.959601435679645 -144.41187617540314 2.3353454710233628
z 2301 149 7.15910879855605 0.6445069434626483
u 2302 0.9803957130909635 0.004469953626877252
x 2302 -62.948212943748004 -143.59661095508324 2.5686482137565587
z 2302 149 6.401067333036086 0.7319122103269002
u 2303 0.9648981981507847 -0.0027107746186494945
x 2303 -63.92981153756384 -142.99338787687572 2.612465429490074
z 2303 149 5.720725672194656 0.847753168486725
u 2304 1.074370527393732 0.017428544291615417
x 2304 -64.76293497828654 -142.58827854149928 2.7655394811581377
z 2304 149 5.066316541994925 0.9887586165021442
u 2305 0.9974526704807919 0.00442866485303379
x 2305 -65.64561464045283 -142.1724163953996 2.6370639788035977
z 2305 149 4.5921456008833585 1.1665149023427608
u 2306 0.9726519021139849 0.01629628151532919
x 2306 -66.72170286622217 -141.59834137331438 2.6659732878071516
z 2306 149 4.295713334701965 1.3591716637729903
u 2307 1.0349074437433903 -0.004202750589610452
x 2307 -67.31459464118811 -141.3388335548396 2.792058003331814
z 2307 149 4.204146274667615 1.6065436126979389
u 2308 0.9952205271371906 0.0038083977692422214
x 2308 -68.30231871189689 -140.9951887783283 2.821493633208516
z 2308 149 4.352982527805914 1.8332703298373172
u 2309 1.05624874295778 -0.00678368381550255
x 2309 -69.55325932533925 -140.49824818029043 2.7054186603390296
z 2309 149 4.741331285909625 2.056691777744404
u 2310 0.9494403135766999 -0.001955210191591747
x 2310 -70.60488414967463 -139.949654778539 2.6161123088858904
u 2311 0.978785564478559 0.006034301682611975
x 2311 -71.858050531357 -139.24781403488518 2.646014262336845
u 2312 1.017174440242771 -0.0073437268070446465
x 2312 -72.75645926529985 -138.82070138434432 2.7496051516765547
u 2313 0.9742999912114266 0.015506819526803257
x 2313 -73.72632237908451 -138.37689462925627 2.675272428691499
u 2314 0.990227998548441 0.005844638383871957
x 2314 -74.67409293760502 -137.8775332663927 2.6380735635003036
u 2315 0.9859814331595655 0.0006914220635471622
x 2315 -75.76452971531904 -137.3196953431217 2.6993857018729486
u 2316 1.0466494580178989 0.005406747208767581
x 2316 -76.55038962274907 -137.0422645754887 2.9050594789738486
u 2317 0.9847069087750073 -0.004806523383467865
x 2317 -77.3504966911085 -136.84100525403682 2.885269814839509
u 2318 0.9911109669697394 -0.005290315543374632
x 2318 -78.11685688142535 -136.57762820203453 2.7358616600709924
u 2319 1.0454625851787513 0.0013629135467377355
x 2319 -79.03226599661727 -136.27133363416573 2.901546003035726
u 2320 1.035422332489376 -0.007740812080096891
x 2320 -80.4769216021805 -135.77390992458396 2.7184279353817224
u 2321 1.0051915015407586 -0.009348944146423628
x 2321 -81.71050155036444 -135.01870577017192 2.466066039676833
u 2322 0.9710548739899557 -0.009988188124460331
x 2322 -82.57981785517683 -134.43810104055726 2.639425843491189
u 2323 1.0417465061537299 -0.010987771791441938
x 2323 -83.63690269412291 -133.98098644963952 2.827466320549492
u 2324 1.0008766616079812 -0.004345228798846041
x 2324 -84.68247715775617 -133.7727553333278 3.0625536200657164
u 2325 1.0071962496648672 0.0007146786877478639
x 2325 -85.81901352660012 -133.69481738421163 3.08369612329634
u 2326 0.9948034623850598 0.00012694139247114403
x 2326 -87.23424596100558 -133.65280793024917 3.1401390433617777
u 2327 1.0307277672275799 -0.0010277619831893562
x 2327 -88.57699545855478 -133.5477904232545 2.986942446307461
u 2328 0.9106712160106786 -0.0011433724399449912
x 2328 -89.7419638421216 -133.3623677632796 2.9805600811406485
u 2329 0.9889152881053827 0.000144546643721985
x 2329 -90.87689459306064 -133.15875947995758 2.9475988975897334
u 2330 0.961359709156227 0.020901181120675637
x 2330 -91.64550985041188 -133.02111725259255 2.9811865853927095
u 2331 0.9741980217905736 0.006231541805828873
x 2331 -92.71185424786039 -132.87713425084573 3.03357243823754
u 2332 1.0295742426653376 -0.004011842026463768
x 2332 -93.77545520290724 -132.68843501250504 2.898436123176614
u 2333 1.0305575613343159 0.00016468875382085987
x 2333 -94.63665503270964 -132.45570224425245 2.8568735547146016
u 2334 1.0127075727655181 0.01259620661360206
x 2334 -95.27264313652546 -132.2122702189667 2.695195327460853
u 2335 1.1010122026347398 -1.5707963267948966
x 2335 -95.63791171923008 -131.34766833421045 1.2458492957251153
u 2336 0.9622241733948851 0.0047325089683234465
x 2336 -95.22494557584673 -130.22184027638187 1.1925992819987972
u 2337 0.969560508227314 -0.008495274458878346
x 2337 -94.90826077815542 -129.40241910932065 1.211409894775609
u 2338 1.0374855832126266 -0.005427855734801199
x 2338 -94.4482617553764 -128.26135443259508 1.1637768422105426
u 2339 0.9673920089412649 -0.009898282904284983
x 2339 -94.10874728479173 -127.22999569857075 1.3417793446969855
u 2340 1.0041089980832216 -0.001134540569779799
x 2340 -93.91775560420962 -126.5025700894368 1.2862874393890307
u 2341 1.036268241998055 -0.002084973146048036
x 2341 -93.80342435723097 -125.95573479395217 1.4430872074164416
u 2342 0.9612434360457742 -0.0002530732060957615
x 2342 -93.60915264941247 -125.14515269110994 1.2280407637065487
u 2343 0.9662017294168661 0.007953331467592705
x 2343 -93.26441693463069 -124.25301072578105 1.1760732819294866
u 2344 0.9934984607142401 -0.0034186913448138343
x 2344 -92.73876314622854 -123.22047344660453 1.0237340437810083
u 2345 0.9922663470922378 -0.0018613920371285083
x 2345 -92.13464965049192 -122.36832017305754 0.8844758279545983
u 2346 0.9810929981424883 0.007791989021396625
x 2346 -91.51436470482159 -121.44675115361235 1.0722649481126645
u 2347 0.9694873968667667 0.014128383758296833
x 2347 -91.22225085856996 -120.84194448863433 1.169437844176918
u 2348 0.9923854687476623 0.0020158921817108578
x 2348 -90.92230579201856 -119.88909435517905 1.3622202873269575
u 2349 0.9834758643569134 -0.0017482895617017221
x 2349 -90.85127664196102 -119.49715565303181 1.4208135961443045
u 2350 1.0158250075631883 -0.0004716180208017936
x 2350 -90.70259317501 -118.47538523926777 1.4317764526777914
u 2351 0.9974854366380506 -0.007688336734680613
x 2351 -90.62879329852228 -117.57241420574789 1.5467185901486271
u 2352 1.0126963888982168 -0.003863113225738617
x 2352 -90.65002507427515 -116.3746293427287 1.6303220860496648
u 2353 0.9946270293705604 -0.018550785663884475
x 2353 -90.64680602863875 -115.44555876999193 1.5043409911450576
u 2354 0.971878641719828 -0.004068881192917825
x 2354 -90.55376853973506 -114.3300256390101 1.470833178744627
u 2355 1.0173195606411507 0.004527033335575651
x 2355 -90.43519305150312 -113.4644533771884 1.3984726045170381
u 2356 0.9953126905863707 0.009638054134635615
x 2356 -90.29872918561905 -111.96183873005205 1.5619817450575244
u 2357 0.9781562369039165 -0.0052258488538177855
x 2357 -90.2800107726972 -110.77762047806502 1.5480004275933883
u 2358 0.976578740970884 0.001704900353420618
x 2358 -90.22663606085078 -109.7951937139311 1.4850400338027416
u 2359 1.013752018629592 -0.016286047983860116
x 2359 -90.06748148684612 -108.88793133397941 1.309240729570572
u 2360 1.010540296398792 -0.012196326373281384
x 2360 -89.7527481626054 -107.66754238963775 1.3275595318312785
z 2360 201 8.053932885226034 0.12426972726802443
u 2361 0.9729389699886352 0.002759790836008197
x 2361 -89.49899199740858 -106.67836075915136 1.3118003830613212
z 2361 124 7.978669072798707 -0.2907928294295812
z 2361 201 7.089334853047592 0.1383336840526077
u 2362 0.9707941916275286 0.002374903093232172
x 2362 -89.29130623253337 -105.66259590626144 1.4264269374020762
z 2362 124 7.054500050684099 -0.3327900229917775
z 2362 201 6.129093678948144 0.15761518451241674
u 2363 1.0091655973079843 -0.001174274096413818
x 2363 -89.13053386939986 -104.50151314645072 1.4399803144559966
z 2363 124 6.109380653172055 -0.3855123380430445
z 2363 201 5.134992340463224 0.18975593398764046
u 2364 1.0278217705181387 -0.009261259682914637
x 2364 -88.97325935029001 -103.6452834432985 1.3382969663561894
z 2364 124 5.169358436585904 -0.45023104362247945
z 2364 201 4.131305143711226 0.2470927182295921
u 2365 0.9624690830763736 -0.002423314574391305
x 2365 -88.70586466959661 -102.75519970842922 1.2196203557239471
z 2365 124 4.322534017875866 -0.5446129765799244
z 2365 201 3.2070894223101267 0.32333748121402817
u 2366 1.0329952276926355 0.00932679159527909
x 2366 -88.36168443425692 -101.64208120148751 1.3222144603315584
z 2366 124 3.4834913413653084 -0.7093791880725542
z 2366 201 2.249510925191421 0.458384844606047
u 2367 0.9907898529979305 -0.005410684829402527
x 2367 -88.17055195235505 -100.88902089783333 1.3222599322958963
z 2367 124 2.8047479670350794 -0.9353995015035439
z 2367 201 1.4317457332582202 0.7767745484454096
u 2368 1.0127906007031224 -0.0038449717939125026
x 2368 -88.00815403577303 -100.08825288304855 1.4191547077034432
z 2368 124 2.347716150040827 -1.285614115614824
z 2368 201 1.0056103994875667 1.566385738970176
u 2369 0.9926084628700012 -0.0036866254459415495
x 2369 -87.91949905873675 -98.83382187962023 1.5813256570802556
z 2369 124 2.275431301657981 -1.7135911575260085
z 2369 201 1.4111688548138512 2.3502304848865556
u 2370 0.9812488357484083 -0.008108492614351969
x 2370 -87.90268924299271 -97.94508899398167 1.5224427821523774
z 2370 124 2.5996142537906977 -2.0886191152770617
u 2371 0.960276633226795 0.012741878983562679
x 2371 -87.80929956636494 -96.99244263384674 1.4237106654330223
u 2372 1.0117824031624005 0.0037193453180927546
x 2372 -87.62893205962337 -95.94412933981567 1.377108546391426
u 2373 1.0122255242488472 0.0028609250516014838
x 2373 -87.5242068513562 -94.8973689958305 1.5650537784929819
u 2374 0.9993503873633107 0.010681179177464641
x 2374 -87.55402456701056 -94.01712948779644 1.6442620756596185
u 2375 1.0231035087936442 0.008861178280599619
x 2375 -87.56343533928127 -93.11994824775736 1.5183083396898276
u 2376 1.062068091566308 -0.007900412572763017
x 2376 -87.5025583253608 -92.08437427878417 1.505847925581464
u 2377 1.003043451748188 0.0005982949570747576
x 2377 -87.41149189335763 -91.44635057529574 1.3521958024640544
u 2378 0.9695329164193383 0.010635375007687312
x 2378 -87.22843498130192 -90.73750061784781 1.2839500046540824
u 2379 1.0356663178921988 0.00124957185286544
x 2379 -86.8165538472451 -89.58166890081688 1.1730006856760191
u 2380 1.0012544787693853 0.005182511537810221
x 2380 -86.38861196444529 -88.54088418671913 1.1883910782535354
u 2381 0.9720336573877237 0.01006693283692995
x 2381 -86.04150852682803 -87.69299033857517 1.1760837375475477
z 2381 493 8.377607269089998 -1.1055695041129532
u 2382 1.0043270647330484 -0.006982636237964997
x 2382 -85.75442764103803 -86.82466267794915 1.3269074148693996
z 2382 493 7.9744080834339455 -1.2111849138883741
u 2383 1.0260510122529605 -0.002255770137755116
x 2383 -85.47047559815839 -85.58837235895368 1.3631549942213637
z 2383 493 7.672543507539113 -1.3343807558893845
u 2384 1.0572743230111337 0.009344589357540727
x 2384 -85.33181903238093 -84.53476762557224 1.5167374055623455
z 2384 493 7.500635050435025 -1.4813486836705787
u 2385 0.9714826807391492 0.0035877922226954266
x 2385 -85.18865769847554 -83.03682420629691 1.4342902010544565
z 2385 596 8.279026520196654 -0.8940568789541938
u 2386 0.97977375784334 -0.01323486038078882
x 2386 -84.95251519693058 -82.10458152548559 1.2111272530693586
z 2386 596 7.6979872808070295 -0.9796798531652686
u 2387 1.0296951763736897 0.017170283947654092
x 2387 -84.65385328599076 -80.85928379172259 1.4596936606215234
u 2388 1.0195198366458658 0.002519768244899402
x 2388 -84.5653944288304 -79.638486750938 1.537231985887976
u 2389 0.9647501645168797 0.010753009454113272
x 2389 -84.48407637338984 -78.65910277895928 1.4386810987999716
u 2390 0.956336939458641 -0.007885350654967099
x 2390 -84.3473770672622 -77.66720524770732 1.4290050704560313
u 2391 1.0145640924833934 -0.007909586375990834
x 2391 -84.23201230059641 -76.74767975180337 1.4629694481581321
u 2392 0.9389129185586175 0.00791756815699157
x 2392 -84.17285267076227 -75.69549192361872 1.566290775841063
u 2393 1.0210929421898447 -0.008818151083613767
x 2393 -84.19440229900671 -74.78288645704633 1.6225197064854058
u 2394 0.9801483184789694 0.003726559686645449
x 2394 -84.26240186767042 -74.0104572129173 1.6946870080762029
u 2395 1.0288561418199178 0.005739832047514798
x 2395 -84.26065904143803 -72.75546318537286 1.4441282217589322
u 2396 0.9762716841308037 0.0034841188952291083
x 2396 -84.06165248863054 -71.76650577277638 1.3003111066968653
u 2397 1.0306565101649567 -0.002076672095999684
x 2397 -83.83893814072677 -70.64566102358356 1.4489867660180797
u 2398 0.9943894518981954 0.00921962024588672
x 2398 -83.84381772113142 -69.80547771141026 1.7042212707202475
u 2399 0.9542688719719092 0.00967493068684593
x 2399 -83.93261875317346 -68.89103946365672 1.630984149801776
u 2400 0.9889977991049199 -0.0019037142031577644
x 2400 -84.07883629830467 -67.4398892704456 1.7114501704875558
u 2401 0.9946337355596936 -0.0024916113323855335
x 2401 -84.1124654868634 -66.34067855172734 1.491311286659509
u 2402 1.034381681753215 -0.011174240747439446
x 2402 -84.14086037019845 -65.4239719826502 1.7122113419506109
u 2403 0.9737097596485023 -0.0007395868113655382
x 2403 -84.24915074227954 -64.48702370658577 1.659515705017104
u 2404 1.0245936502743216 -0.017278790753214136
x 2404 -84.44962315573503 -63.363341922866326 1.8351754696047617
u 2405 1.1178743870400503 -1.5707963267948966
x 2405 -84.0921059995841 -62.76105147224646 0.23502255669605931
u 2406 0.9834648027982564 -0.005409513552721954
x 2406 -83.35337465553528 -62.61522454600477 0.15476961328065642
u 2407 0.9844788187681494 -0.025723101776679365
x 2407 -82.3021403794302 -62.52488250081679 0.01668715920162711
u 2408 1.012564909957184 -0.002560574217353276
x 2408 -81.49891153019475 -62.495073799252545 0.0575009837596574
u 2409 0.9860678736714766 -0.008947997753991362
x 2409 -80.45220796412234 -62.511488037399346 -0.08886209371832443
u 2410 0.9742515944319458 -0.006298646512705634
x 2410 -79.27220807705547 -62.47917591144629 0.14361473167678618
u 2411 1.0372105776857266 0.004676391473259056
x 2411 -78.20421022586791 -62.54767366405792 -0.27171248345960564
u 2412 0.919288909427927 -0.005730298010585162
x 2412 -77.35020994839928 -62.80686101440751 -0.3176132033559087
u 2413 1.0000656651572521 0.001762789426620985
x 2413 -76.43857281230288 -63.1268395639796 -0.3575057310240042
u 2414 0.9893423753310415 -0.0028256257242998536
x 2414 -75.25430420867136 -63.44777443116274 -0.17177854740339793
u 2415 0.9561049573166049 0.008289417706220058
x 2415 -74.43465369339397 -63.62659603638978 -0.2578260861403834
u 2416 0.9998025779330839 0.008271273026436595
x 2416 -73.42011824930358 -63.864359648496574 -0.20257920397397688
u 2417 1.0332550531709885 -0.005154101905628779
x 2417 -72.60328476192385 -64.09567695594568 -0.34934545382929283
u 2418 0.9965611824052436 -0.000783172073281334
x 2418 -71.78469367689205 -64.33660176791436 -0.22312333638319615
u 2419 1.0232617389187288 0.0019644879614327897
x 2419 -70.87793655605465 -64.62414675597533 -0.3910415449809572
u 2420 0.9750847224929342 0.0017146104935743974
x 2420 -70.18230215176771 -64.85929526575347 -0.2609099067299967
u 2421 0.9988846066751228 -0.007072274906180925
x 2421 -69.40561053415072 -65.03223094650497 -0.17725618884425343
u 2422 1.0017582586929292 0.012164851549699022
x 2422 -68.65273814850511 -65.15733191417112 -0.15206468353335234
u 2423 1.0404444242893305 -0.006974621419679131
x 2423 -67.94820184871558 -65.30478409659284 -0.26055889022013545
u 2424 0.9951429289892231 -0.0014507826224238432
x 2424 -67.2606937840067 -65.47604924350654 -0.22772282678092326
u 2425 1.0239934686408607 0.0032282832878754806
x 2425 -66.33586123924883 -65.72477819631546 -0.29773341386604724
u 2426 1.038153756924795 -0.006273319648140166
x 2426 -65.35338700167358 -66.0099701824561 -0.2672967556945194
u 2427 0.9730556627205791 0.012354607851041106
x 2427 -64.6580733526584 -66.23748004649937 -0.3651525280930885
u 2428 0.9727452628534629 -0.005590030578520455
x 2428 -63.90916796368712 -66.48373653936008 -0.270217039827624
u 2429 0.9546244210207944 -0.011770101485923916
x 2429 -62.8171054124298 -66.82949819963369 -0.34303881158723426
u 2430 0.9937608489435426 -0.0070336974658182245
x 2430 -61.56255101791933 -67.19311746871301 -0.22117970187991487
u 2431 0.9696910020914704 0.0017528007214895047
x 2431 -60.765121507194515 -67.34407008887672 -0.15299089329449655
u 2432 0.9431020776401544 -0.0007074427581813794
x 2432 -60.1748398656287 -67.35949984698527 0.10072348677956633
u 2433 1.0459048832097277 -0.00392171040310432
x 2433 -59.26672733389224 -67.17734900756619 0.2951863393945686
u 2434 1.0340675372811727 -0.003965414850839836
x 2434 -58.06048542697157 -66.79127589428093 0.32433340727379134
u 2435 1.0440704928277682 0.0031545830683976837
x 2435 -57.200454872120154 -66.47938545947846 0.3714664401617229
u 2436 0.9402377509359771 0.005126723364915083
x 2436 -56.601733287624555 -66.29410622117415 0.2287559527807126
u 2437 1.0630870524039315 -0.0128132538332238
x 2437 -55.46586120575363 -66.01075420497895 0.2601804087421997
u 2438 1.007412304456726 -0.00038298386888061735
x 2438 -54.504938132613745 -65.76552447155187 0.23955734425785646
u 2439 0.995674022822184 0.011168353047003943
x 2439 -53.5589415643305 -65.56438784094095 0.17944072094581998
u 2440 0.9673666244492445 0.005708926778580296
x 2440 -52.63915288022121 -65.43756632571449 0.09459370727884808
u 2441 1.025802257637469 -0.008271221225307896
x 2441 -51.78015715138633 -65.46448366001317 -0.1572448433396607
u 2442 0.9623616679889091 0.00880327057248222
x 2442 -50.64188166591405 -65.66910369359877 -0.1984822599664371
u 2443 0.974952171636468 -0.0019284428910669904
x 2443 -49.77181093669601 -65.82912294775733 -0.16528311229190162
u 2444 1.0061218927292173 0.008106428549706144
x 2444 -48.53512647469109 -65.97058596245938 -0.06250467331024101
u 2445 1.0004089935035807 -0.0058923289462145065
x 2445 -47.54579286809077 -66.08084536632856 -0.15947560904905833
u 2446 1.0219070818183587 -0.018740336252146567
x 2446 -46.65840412339667 -66.3030860722598 -0.3313163747900978
u 2447 1.0248816523509219 0.0014333056272467348
x 2447 -46.04856035153106 -66.57056717724547 -0.49536029447821495
u 2448 1.0340908098351713 0.010680520402990851
x 2448 -45.467077987814996 -66.95749491097851 -0.6789123760081965
u 2449 1.131527178019108 -1.5707963267948966
x 2449 -45.38739312552089 -67.93245128877243 -2.299579367028918
u 2450 0.9936745641344156 -0.017424957710772005
x 2450 -46.02996770217613 -68.67278244367809 -2.2716658845404876
u 2451 0.9648843052039091 0.0006219969813111655
x 2451 -46.52425958160581 -69.33414722934539 -2.153573235152333
u 2452 1.0249646924345228 0.0010240980842645536
x 2452 -47.15695761249248 -70.14344190971744 -2.315095187790887
u 2453 0.9959774182325625 0.016879855182971266
x 2453 -47.79813150046156 -71.09252883732641 -2.0147786501458147
u 2454 1.00266531382807 -0.009683414941167262
x 2454 -48.26668733855523 -71.92419226827258 -2.1529536624159538
u 2455 1.0386209680340313 -0.004392212596099518
x 2455 -48.694993938540705 -72.77541736776278 -1.9209916507368239
u 2456 1.0417091917981913 -0.010721761807158114
x 2456 -49.065271907719804 -73.81889330186259 -1.9025798742029871
u 2457 1.032374655943405 -0.00456423856244583
x 2457 -49.335178598349856 -74.614094810734 -1.8934484444082451
u 2458 0.9540915645424137 0.009513854089218237
x 2458 -49.52123184212291 -75.31137679456963 -1.769647244076411
u 2459 0.9973041057587241 0.0031951132773173087
x 2459 -49.67757188099224 -76.51983118195733 -1.6292599934263423
u 2460 1.0416578412835127 -0.0001016005475551535
x 2460 -49.81055652689787 -77.68930371743127 -1.738786642228926
u 2461 0.9893765865309804 -0.005029470393802569
x 2461 -50.054584906641885 -78.5669146420858 -1.9452234442746676
u 2462 0.9909778934412345 -0.0019067623577512763
x 2462 -50.29208203369679 -79.20164691176826 -1.9124530240772457
z 2462 251 8.014690225385092 -1.027660853090429
u 2463 0.9563617582464066 0.0005080838531376094
x 2463 -50.67871513784996 -80.32687204555903 -1.8910726116867278
z 2463 251 7.565076797295681 -1.136623495862184
u 2464 0.9849329117154009 -0.0015130121808798753
x 2464 -50.90785976555702 -81.20168972872328 -1.7628778130559968
z 2464 251 7.205657423209462 -1.2593932531468042
u 2465 0.9759029242736852 0.009703355781259708
x 2465 -51.01867824558646 -81.82832316467419 -1.7287900115456123
z 2465 251 6.973503515248644 -1.4029153242015369
u 2466 0.9915479267028205 0.015612451771041555
x 2466 -51.13087696405403 -82.46862877068978 -1.7597341280794747
z 2466 251 6.885395309221341 -1.5611759450116
u 2467 0.9956159701559073 0.004721778935811828
x 2467 -51.311581060998066 -83.6080672787233 -1.696419768023671
z 2467 251 6.949848067940423 -1.70964558737219
u 2468 0.986005626488224 0.006916510868629673
x 2468 -51.36781331561634 -84.54774014638036 -1.564715070487353
z 2468 251 7.156560710441997 -1.8533719351749847
u 2469 1.0141830501472997 0.0014473608993860686
x 2469 -51.384885580730554 -85.28540460355022 -1.6231566678289633
z 2469 251 7.503502309587532 -1.9849598785333376
u 2470 1.0417081711078957 0.005159228235328378
x 2470 -51.54762057957878 -86.37887175347704 -1.8139167503685405
z 2470 251 7.982208785405984 -2.1097382444533554
u 2471 0.9796708041964837 0.0010694586496258693
x 2471 -51.718460859388124 -87.17075368800361 -1.7526418242428528
u 2472 0.9845156050064313 -0.00048018270543030765
x 2472 -51.78732140460464 -88.02938872480053 -1.549003657272344
u 2473 1.0294989789605782 0.005659492939600121
x 2473 -51.75164929656208 -88.8335546880098 -1.5039288452275967
u 2474 1.156376845185268 1.5707963267948966
x 2474 -51.03993915679142 -89.45580816657495 0.06705359490600671
u 2475 1.0219928628913073 -0.0012440661996515317
x 2475 -50.027088599708314 -89.42808569343629 -0.012325771100264227
u 2476 1.017898635754774 0.009940827677891713
x 2476 -49.21733328279576 -89.52917571527352 -0.23606954362027643
u 2477 1.0275671562681523 -0.004583937869942868
x 2477 -48.50974636408931 -89.84618461587107 -0.6063328654440641
u 2478 1.0246805237244208 0.006174658271872702
x 2478 -47.202594314088756 -90.50344225776198 -0.3254637020225841
u 2479 0.9873307613547668 -0.0017081735386662046
x 2479 -45.9482363285366 -90.97462402666724 -0.3931922377294539
z 2479 401 7.55522676404283 -0.09194299073683743
u 2480 1.0104907790486493 0.00795825223314408
x 2480 -44.92139817957324 -91.3511862730033 -0.30979164941420745
z 2480 401 6.550098877378307 -0.11467706703894942
u 2481 1.0364420439238278 0.004648964228741147
x 2481 -43.912019402700345 -91.78032518593885 -0.4942062951319288
z 2481 190 8.042891108568451 -0.00853197367404368
z 2481 401 5.5220693794637485 -0.14123781918917988
u 2482 0.968594710991951 -0.0127047090790455
x 2482 -43.2574925171418 -92.13280940340182 -0.4937869774914496
z 2482 190 7.074305527516313 0.003874310108159751
z 2482 401 4.564138093101611 -0.15707526676033812
u 2483 0.9605593514995558 -0.0034637619217692175
x 2483 -42.42202511735305 -92.5231690873951 -0.38040067731568517
z 2483 190 6.113764122642244 0.008218879490882625
z 2483 401 3.6181993305407234 -0.19469792962438737
u 2484 1.0511247114789068 -0.005641124529781406
x 2484 -41.477598720880486 -92.80727207718068 -0.20401840420030748
z 2484 190 5.062718151569488 0.016151972241366774
z 2484 401 2.594122461152774 -0.26640530702815424
u 2485 0.9564845168721269 -0.0027551793633147762
x 2485 -40.437991691555375 -92.93961225573834 -0.04921612559345112
z 2485 190 4.106415116826198 0.022990016264983648
z 2485 401 1.6897108106495997 -0.41247137449159554
u 2486 0.9831011112734763 -0.021101951640156536
x 2486 -39.32892520304812 -92.89844674443744 0.12341658676572909
z 2486 190 3.124059130176857 0.054644906612074884
z 2486 401 0.874110076219567 -0.8469174473237278
u 2487 0.9664328723767719 0.00032313594649728425
x 2487 -38.24645062385734 -92.6956058444454 0.24705962057135977
z 2487 190 2.1597016337230968 0.07869256895330379
z 2487 401 0.7611122148693915 -2.105305806296867
u 2488 1.0404586528764914 0.00990489142020741
x 2488 -37.18738200274116 -92.37524253146545 0.3404294068284255
z 2488 190 1.1246899669525783 0.13699597871366898
z 2488 401 1.5733395399267525 -2.71854144323365
z 2488 589 7.73130974657799 -0.6813318909019621
u 2489 0.9836983054480263 0.007870912900023236
x 2489 -36.04966918616995 -91.92998071914408 0.405652505537196
z 2489 190 0.1985914651205576 0.8461618167175424
z 2489 589 6.997433079263728 -0.7782905687765274
u 2490 1.0125520819821665 -0.01168107592640757
x 2490 -34.869737163131646 -91.51807170247757 0.26608518395501424
z 2490 190 0.8943552394752212 2.979530578865681
z 2490 589 6.311925320711073 -0.8787991256000511
u 2491 0.9674694834956791 -0.0022147719543757953
x 2491 -33.89142645050924 -91.18379284412832 0.39241979112589087
z 2491 589 5.742215965791572 -1.0065587285470738
u 2492 1.0212132538174599 0.0006535297280924693
x 2492 -32.72748939956854 -90.68817401223879 0.4126973254498467
z 2492 589 5.267573203834901 -1.1718059803516014
u 2493 0.9681607882726833 0.0071229904530891374
x 2493 -31.743574286745446 -90.16175093538044 0.5698557128180588
z 2493 589 4.975509625423 -1.3594772934922523
u 2494 0.9844190529250452 0.006814919768896986
x 2494 -30.87130892174446 -89.65793139409581 0.47771478906153764
z 2494 589 4.868544206349391 -1.5654511345614062
u 2495 0.9578263971283547 -0.003684273027531075
x 2495 -29.9987071303732 -89.1480316717426 0.5799417623469876
z 2495 589 4.955110642651514 -1.7562868579933058
u 2496 0.9397616910935612 0.003993282570316262
x 2496 -28.985272615890334 -88.52813845815638 0.5179789036034581
z 2496 448 8.215861709528195 0.6540872183607633
z 2496 589 5.212693510498962 -1.9383434762013865
z 2496 813 8.265779953441664 -1.1182652004251383
u 2497 1.002151929917887 -0.0018985089839963008
x 2497 -28.038004467824564 -88.11608371518827 0.3026291554281735
z 2497 448 7.446198582443558 0.7380658709939496
z 2497 589 5.649903878402265 -2.102800026139325
z 2497 813 7.878414749413739 -1.2309629505293487
u 2498 1.0043093674944044 -0.007355520349070582
x 2498 -26.857310299899375 -87.80578513723192 0.21136803798767767
z 2498 448 6.739968299903084 0.8462579849345322
z 2498 813 7.599234870183508 -1.3483688152845605
u 2499 1.0044273500262682 -0.004751839445928566
x 2499 -26.089254442226622 -87.6800225724619 0.11323427907885542
z 2499 448 6.122601313235548 0.974424076702098
z 2499 813 7.440045936108378 -1.475605641061925
u 2500 1.1245962225064556 -1.5707963267948966
x 2500 -24.932026191188825 -88.2095158543714 -0.9714687572421972
z 2500 448 6.390698887548419 2.7014654904179185
z 2500 813 6.69042883960941 -0.0013132493070733275
u 2501 1.0097376001858385 -0.010826439490728623
x 2501 -24.268209236698098 -89.234850490493 -1.0210122903901477
z 2501 448 7.318881497008218 2.770427797708604
z 2501 786 8.062040842878679 -0.04880513127595387
z 2501 813 5.680706165946596 0.010241948675968615
u 2502 1.0220545029932122 0.002676011166200673
x 2502 -23.848227732785343 -89.75080543542379 -0.7541550929597065
z 2502 448 8.279202952290754 2.8126956802617675
z 2502 786 7.041457614517373 -0.05875633811169312
z 2502 813 4.658701370028407 0.0095193140489096
u 2503 0.9800683496590715 -0.013013882763315023
x 2503 -23.239614921076925 -90.23978464546873 -0.5995055584815701
z 2503 455 8.410824822385484 -0.651441615311632
z 2503 786 6.062949716856726 -0.05418470421668253
z 2503 811 8.323714915101508 0.6394813086663813
z 2503 813 3.678799321000644 0.026802549084503635
u 2504 1.0097499034712607 0.010292055332981196
x 2504 -22.414092682093425 -90.77120429433624 -0.5444147961753596
z 2504 455 7.635942767352675 -0.742540672817436
z 2504 786 5.055335544829922 -0.07632072004776447
z 2504 811 7.534202290280104 0.7086998330506784
z 2504 813 2.669380209821538 0.024701949227827313
u 2505 0.9748368842697654 -0.009520133704569165
x 2505 -21.605899751803797 -91.26311656504883 -0.5491064544539275
z 2505 455 6.945623689773343 -0.8275688365987381
z 2505 786 4.083592178604267 -0.08386976431552418
z 2505 811 6.827004014134626 0.8118064736107993
z 2505 813 1.6952132999235217 0.051162588460639036
u 2506 0.9725848674392982 0.00482281998132091
x 2506 -20.770068716454468 -91.67477856820776 -0.36618210655451344
z 2506 455 6.330052677251229 -0.9460137400218489
z 2506 786 3.115753621200013 -0.11559513344426264
z 2506 811 6.196109726959547 0.9208531669128073
u 2507 1.029126174773395 -0.006941221502817067
x 2507 -19.919790465946072 -92.01815482079274 -0.4014423233282671
z 2507 455 5.785430316936167 -1.0834904233951024
z 2507 786 2.096256734295794 -0.1636120698864949
z 2507 811 5.63637390423589 1.0740581276827514
u 2508 0.9703126192077287 -0.0012856726801322832
x 2508 -18.55915875701728 -92.56102784464417 -0.35782157038953866
z 2508 455 5.398996169538225 -1.2416260153550418
z 2508 523 7.915576416602502 0.9432867917929526
z 2508 786 1.1496314339548377 -0.29969938647724614
z 2508 811 5.2444007247234605 1.2387848515471127
u 2509 0.955806445670802 0.012351760898260185
x 2509 -17.469153228572285 -92.92525936323457 -0.28715936408354015
z 2509 455 5.175600231995255 -1.430010150318541
z 2509 523 7.38987869211485 1.035352699663445
z 2509 786 0.37359940596113195 -1.1915077192590107
z 2509 811 5.00910728045173 1.407424055898952
u 2510 0.9515086259030191 -0.007580121368194586
x 2510 -16.493393183795956 -93.16014011964538 -0.18528380788953358
z 2510 455 5.125738245246478 -1.607175492564589
z 2510 523 6.956025103755041 1.161115580844462
z 2510 786 0.8827220188096376 -2.734390531478736
z 2510 811 4.947905399536268 1.606025160839068
u 2511 0.9788357123718202 0.005561670758182043
x 2511 -15.597999979999255 -93.28907295224252 -0.10074165119238998
z 2511 455 5.255869098808395 -1.799922032694953
z 2511 523 6.624618929582113 1.2913364785188906
z 2511 811 5.074852962180888 1.7944557971033692
u 2512 0.9936944997299053 -0.0016215005773949239
x 2512 -14.65956187216698 -93.33112342837059 0.011183552483041925
z 2512 455 5.565588614439982 -1.9730985358905277
z 2512 523 6.422747621324844 1.442259201846662
z 2512 811 5.383914694382267 1.9769995699045122
u 2513 1.0355606679857252 -0.002748253553855274
x 2513 -13.735319579251495 -93.46028772096486 -0.28888806996767924
z 2513 523 6.374721085317968 1.606849333660886
z 2513 721 7.85490168832425 -0.24986438001899103
u 2514 0.959962107113929 -0.004399622950647779
x 2514 -12.746119785074232 -93.80283206663424 -0.377833490305278
z 2514 523 6.4827969010003 1.7597642574800627
z 2514 721 6.928228808092369 -0.27943745630369676
u 2515 0.9628512970322124 0.0008990099840811395
x 2515 -11.786230040001037 -94.03575833564142 -0.09828254870169095
z 2515 523 6.73002789077334 1.8998651922118581
z 2515 540 8.148815413912896 -1.009847710862159
z 2515 721 6.008735266113714 -0.3246172865906196
u 2516 1.0081664718119645 0.002351426135945956
x 2516 -10.794143253872877 -94.14400146308638 -0.11907071896771892
z 2516 523 7.118979774165166 2.031990468134932
z 2516 540 7.6612649835524 -1.1239399498472502
z 2516 721 5.063892306849097 -0.390732434293398
u 2517 1.0109609516315827 -0.00447921761825468
x 2517 -9.856508103956084 -94.22678373170623 -0.05704933724998096
z 2517 523 7.624720091623417 2.155354130334988
z 2517 540 7.2795476983893055 -1.2448951468692624
z 2517 721 4.145991236294309 -0.47875032843165943
u 2518 1.0426764229925871 -0.0008316208592003309
x 2518 -8.652780736958773 -94.27971950957976 -0.0308471317447081
z 2518 540 7.015183816688661 -1.385320825129977
z 2518 721 3.2559099651592303 -0.6258652417811437
u 2519 1.003914789157121 0.009264447516040669
x 2519 -7.456884933263646 -94.2110981396735 0.14548288024817246
z 2519 366 7.8915364904190435 0.48329897088986495
z 2519 540 6.905597846785823 -1.5380829301341699
z 2519 721 2.515630078028932 -0.8726261262444313
u 2520 0.9559519032198222 -0.007737838075248591
x 2520 -6.965519823985882 -94.1559045870011 0.07823329823072678
z 2520 366 7.060995029942274 0.5544562165390432
z 2520 540 6.936731190660145 -1.6685017727848317
z 2520 721 2.0337871851853198 -1.2319600179084493
u 2521 1.0465851714185392 0.00042121733118312697
x 2521 -5.732147307321136 -94.27480931481158 -0.2704516168245643
z 2521 366 6.195619869367088 0.6430572567375332
z 2521 540 7.115688793771217 -1.8158276563094802
z 2521 721 1.9538352462271273 -1.7620389452620682
u 2522 1.049241637901293 0.00794217615385426
x 2522 -4.874658047598658 -94.5377536406588 -0.3246312258581714
z 2522 366 5.389913979161804 0.7514891411565205
z 2522 540 7.444041829593535 -1.9608013641657482
z 2522 721 2.3903330824019133 -2.215153628089741
u 2523 0.999622130918431 -0.011249091524698692
x 2523 -3.904973261500201 -95.02002482616435 -0.5984169481990551
z 2523 366 4.713639621661091 0.9089128358072252
z 2523 540 7.873605290761754 -2.067519647357652
u 2524 1.010306472027005 -0.0001159489124611995
x 2524 -2.9988558542075916 -95.71201807779222 -0.705994258769941
z 2524 366 4.169627843110716 1.1013569726217405
z 2524 540 8.402095202705228 -2.1733178112152123
u 2525 0.9707457995011326 0.0036236472808683297
x 2525 -2.3484373162677 -96.3693332522722 -0.8753494333466176
z 2525 366 3.8279064824814704 1.3256566972895012
u 2526 0.9825289680976352 -0.0015520358903932299
x 2526 -1.8006367296784025 -96.97390408651596 -0.7938949938598059
z 2526 366 3.7146134150222196 1.5867587397211516
u 2527 0.9890808194473539 -0.0024829751884895244
x 2527 -0.8588713356422127 -97.72215390844244 -0.5488839687078384
z 2527 77 7.668779446470551 0.11927300999389079
z 2527 366 3.86044595869677 1.8483006195867357
z 2527 788 8.253156798467707 -0.10028685390588432
u 2528 0.9400327296778966 -0.006344091210264266
x 2528 0.03135223812708843 -98.27681111307083 -0.5655132232238933
z 2528 77 6.736764804673791 0.14266093864608909
z 2528 366 4.218669762101227 2.070422107436128
z 2528 788 7.318122658674106 -0.106398125280033
u 2529 0.9758421041714096 -0.007558871285530687
x 2529 0.9136470604551133 -98.80686601928272 -0.5164554899876626
z 2529 77 5.773125968020935 0.17488696261752068
u 2530 0.9216975229563796 0.01805358811411861
x 2530 1.5631893708329834 -99.17189105968878 -0.507522116736626
z 2530 77 4.866469234091551 0.1881077323516802
u 2531 0.9927566381870928 0.009078419067850904
x 2531 2.433109637702671 -99.76392413136284 -0.6875970762638657
z 2531 77 3.8946139778764715 0.2255761416273634
u 2532 1.0878554428836416 0.002870650935412056
x 2532 3.368554955631766 -100.47857716840423 -0.6171683508442958
u 2533 0.9870823153279511 0.0011962178983943468
x 2533 3.9611550423835142 -101.04338883138595 -0.9056189831359642
u 2534 0.9921068193524056 0.002366507882979695
x 2534 4.576620281262591 -101.69793957102873 -0.7267091175141127
u 2535 0.9905511633763258 0.007385957081266305
x 2535 5.143768875098694 -102.28347085143066 -0.8759800683146355
u 2536 0.9839294454760493 -0.0007992272934867671
x 2536 5.790153108332578 -103.02583876921118 -0.8328268984553087
z 2536 54 8.42532712897086 1.162055044290053
u 2537 0.9622121840871818 -0.014200902858282268
x 2537 6.438700728526623 -103.68473392828207 -0.7537977659217727
z 2537 54 8.097749046603262 1.2858429165622347
u 2538 1.0146003163200037 0.012299086694141778
x 2538 7.059083165731344 -104.15258438438327 -0.5384833576480221
u 2539 0.9911170111031815 -0.004378381752947665
x 2539 7.628450799379437 -104.58007099445332 -0.7495545763611862
u 2540 0.9877661921159262 -0.007652288955447664
x 2540 8.230254581167872 -105.1070176479683 -0.688798527854114
u 2541 0.9722985916766361 0.007150026786993255
x 2541 8.910750468468805 -105.89473167539161 -1.0277918757234827
u 2542 0.9822066599955049 0.006801443594406446
x 2542 9.418832274293273 -106.66183286366547 -0.9437983003516566
u 2543 1.0111876749546256 -0.00774159955956563
x 2543 10.125013923049824 -107.66007043619113 -0.9664061224069993
u 2544 1.0510855528414254 0.0072965893633552305
x 2544 10.589337182285764 -108.34280411508949 -0.9807043030427738
u 2545 1.0586811152270066 -0.006997107721201266
x 2545 11.033318498557248 -109.00050908457156 -0.9733253820424705
u 2546 0.9922446411084642 0.022799280905957044
x 2546 11.773329020238943 -109.9318787123934 -0.8254615522244073
u 2547 1.1058791696535664 1.5707963267948966
x 2547 12.450024524168 -110.15856201391556 0.17898770057774716
u 2548 1.002325830573473 0.0012813594343669243
x 2548 13.338347432828044 -109.97556954591396 0.2273240247174373
z 2548 597 8.337659589937383 -1.4261651591960856
u 2549 0.9659132591320201 -0.0016548260403690185
x 2549 14.191096298597785 -109.79993689979469 0.17891648859835874
u 2550 1.0353296045044669 -0.022439225246942515
x 2550 15.051929978448712 -109.61125334380941 0.2526329315783533
u 2551 1.0218176700816688 0.009885427555228274
x 2551 16.064353120551424 -109.34424261957355 0.26309252068581124
u 2552 1.0166984473660492 -0.007622691403000827
x 2552 16.557653003829113 -109.15056941175263 0.4851420525017618
u 2553 0.9603582189352344 0.0026384710172412578
x 2553 17.484274567119883 -108.75880746446506 0.31484445980069475
u 2554 1.0085005526865243 -0.004497960558610427
x 2554 18.30988473053496 -108.57138823008782 0.13160324203010054
u 2555 1.0820463424244624 -1.5707963267948966
x 2555 19.305753464658327 -109.11198083256946 -1.1262547762965456
u 2556 0.9732633988529633 -0.0005994122518865396
x 2556 19.7033253999546 -109.99241216842942 -1.1670287165439586
u 2557 1.0160431979292266 0.0023143330461661894
x 2557 20.064348743591882 -110.74067792453046 -1.075496502205354
u 2558 0.9487187820773348 0.010022684759263115
x 2558 20.41995800320717 -111.56327339017034 -1.2500185533345385
u 2559 1.0029446004344515 -0.007288845389888014
x 2559 20.86897359040322 -112.66315126498182 -1.116392689208313
u 2560 0.9680544710683642 0.009410079647116352
x 2560 21.411730440362092 -113.76908483846431 -1.1127303629170493
u 2561 0.9443435395327211 0.005343503834333794
x 2561 21.813487570086693 -114.63387051067501 -1.1590472243018648
u 2562 0.9573626685669283 0.016420353692710776
x 2562 22.21453999790137 -115.48127351326974 -1.0984698246595634
z 2562 34 7.9201308301239886 0.46403998361407606
u 2563 1.0260537020542337 -0.005189701132343623
x 2563 22.5987690007963 -116.32107992938728 -1.1849414411602521
z 2563 34 7.0189715435992905 0.5350423830491069
z 2563 232 8.243568879278143 0.25004863935928423
u 2564 0.9939341336706242 0.005984194349237273
x 2564 23.01458581089622 -117.08481841546629 -0.9595080599868617
z 2564 34 6.183025329072599 0.6106984590770237
z 2564 232 7.283872333691706 0.27744123793203324
u 2565 0.9899145744582393 -0.0041230920211603045
x 2565 23.813272395042752 -118.3365834658043 -1.046229795273205
z 2565 34 5.403290386330492 0.7203841644837059
z 2565 232 6.338260447227459 0.32466445118844733
u 2566 1.051843089096381 -0.022775963383117867
x 2566 24.244655841366832 -119.00275260192451 -0.9460490215975277
z 2566 34 4.673888488647769 0.8941031499028362
z 2566 232 5.356516604284694 0.4122389060127447
u 2567 0.988183347817353 -0.0014236292297124863
x 2567 24.945174640168435 -119.7167272271302 -0.6437723784965153
z 2567 34 4.128230959869708 1.083361934924298
z 2567 232 4.469029589777805 0.502517138226358
u 2568 1.009943568531748 0.0007056796813490681
x 2568 25.712604925958505 -120.32373048801462 -0.6946309512108053
z 2568 34 3.7622100150996145 1.3220730878506295
z 2568 232 3.61658894571908 0.6366306410638378
u 2569 0.9513772483510894 -0.00219598236674948
x 2569 26.31636406348583 -120.81320328150615 -0.6678422921758034
z 2569 34 3.6475694064134836 1.579913604514891
z 2569 232 2.9079044439617814 0.8348673735523153
u 2570 1.0117247062154584 0.0022670066716380887
x 2570 27.095064294744688 -121.54786491448844 -0.8447707606981263
z 2570 34 3.7930560238690783 1.8476370134962332
z 2570 232 2.3504825655294925 1.1569708930240923
z 2570 499 8.336113418288543 -0.438142246827951
u 2571 0.9641798518524114 -0.0007941697987206041
x 2571 27.530245243105856 -121.97037295853599 -0.6964764351204904
z 2571 34 4.16159357539889 2.073156273777598
z 2571 232 2.1525434565201222 1.5804247897005892
z 2571 499 7.474029863015437 -0.4920599513199111
u 2572 0.9962195348685033 -0.010656229087045384
x 2572 28.351510250120626 -122.70938636717125 -0.7689854428238987
z 2572 232 2.385378492279842 2.021869247961516
z 2572 499 6.609953958233913 -0.5519573305733676
u 2573 0.9711155660167681 0.002433838766333905
x 2573 29.100892255389812 -123.56394545017976 -0.9327716948308291
z 2573 499 5.806130783453871 -0.6423798730455106
u 2574 0.9647159461085794 0.011559650356827043
x 2574 29.786421315007296 -124.33353915845298 -0.7534393778221746
z 2574 499 5.070626559603971 -0.7690542317583975
u 2575 0.9520992733431083 0.0018642818078329383
x 2575 30.53068407509553 -125.02052643708018 -0.7373640265117754
z 2575 499 4.436877726911542 -0.92085964125258
u 2576 0.9329123430360795 0.0025005887629463435
x 2576 31.071930266996535 -125.59388082147059 -0.8910301807464878
z 2576 499 3.94396688170468 -1.112989466584854
u 2577 1.0073964489611815 0.00968691513139962
x 2577 31.761846336013313 -126.47448367007796 -0.9214161484202963
z 2577 499 3.6183121905710105 -1.3757057779487134
u 2578 1.0662452748681661 -0.006309185983128294
x 2578 32.58849141138899 -127.48487821598452 -0.8487665380570748
z 2578 499 3.5650242577584477 -1.6669965867451548
u 2579 0.9998254421463525 0.003986723982359064
x 2579 33.26887320310421 -128.23280172208996 -0.8165354064554511
z 2579 499 3.7957773645212023 -1.9362178708550015
u 2580 0.9901629226873381 -0.012890494853430747
x 2580 33.91391572502573 -128.94006170980725 -0.8462131583546242
u 2581 0.9819998412508877 -0.0011099405924780226
x 2581 34.5268311979136 -129.7604136361713 -1.0120466503951189
u 2582 1.0866462303412543 0.0008172280813242536
x 2582 34.9648905298009 -130.53485980542095 -1.09999978816988
u 2583 1.0151822497269372 0.007768354052847192
x 2583 35.397150014841955 -131.2200185819984 -0.9159463394751199
z 2583 209 7.758773218779709 -0.18955410288081076
u 2584 0.9971456649667354 -0.010436573492409704
x 2584 35.95430546771966 -131.99798923395 -0.9826605983471239
z 2584 209 6.780989001406743 -0.20607403507110744
u 2585 0.9414508623266162 0.003231594867015073
x 2585 36.35872914962513 -132.613844009766 -0.9968088905030963
z 2585 209 5.862985143640837 -0.24242229340963917
u 2586 0.9972149681683217 -0.0005492047950312051
x 2586 36.991738763763635 -133.50556423568884 -0.9101386211655731
z 2586 209 4.900700900563571 -0.29068557032615594
z 2586 414 8.38805941303901 1.1262457590022477
u 2587 0.9885406280594774 0.004200957439348524
x 2587 37.52404667281692 -134.19764276151543 -0.9201720585881339
z 2587 96 7.6666552413212825 -0.31809854166686247
z 2587 209 3.9645096882624467 -0.3669156271674954
z 2587 414 8.01082973280825 1.2335705491923807
u 2588 1.0145329367693283 0.01550422877110445
x 2588 37.962703432836406 -134.8495366182892 -1.0368149554811432
z 2588 96 6.713377834219745 -0.3819972687946116
z 2588 209 3.0430992099532306 -0.5047311772756102
z 2588 414 7.72695440654139 1.34194388856944
u 2589 1.0183181097105887 0.0003467667156485581
x 2589 38.36805551588376 -135.55899278164114 -1.0665947877269826
z 2589 96 5.781011269553641 -0.44808349355588994
z 2589 209 2.2075057854489204 -0.7301133702036342
z 2589 414 7.561087462462529 1.47313819740297
u 2590 1.0189947754012432 0.009529786111625992
x 2590 38.887717188736715 -136.66695132018606 -1.1978717730173183
z 2590 96 4.885117159022956 -0.5490049263314112
z 2590 209 1.6042651874228278 -1.1795813839053193
z 2590 414 7.525481447642303 1.5987148692386075
z 2590 498 8.38227474662737 -1.4454245673909742
z 2590 763 8.03448803174966 0.11700517685783929
u 2591 1.0082989754773137 0.0070774008083149525
x 2591 39.283090796070276 -137.52856505629774 -1.0833000821667031
z 2591 96 4.061488014999083 -0.686753085233323
z 2591 209 1.5386094038898308 -1.8385588970451963
z 2591 414 7.617052021686081 1.724361090144022
z 2591 498 8.320147894536225 -1.5730830354366052
z 2591 763 7.033601478748637 0.12615951327385488
u 2592 0.9894814902793913 -0.005818991680876678
x 2592 39.550566569952565 -138.06720756854583 -1.1364867389233693
z 2592 96 3.353277270703943 -0.868454997833882
z 2592 209 2.035542085556393 -2.3210697830847646
z 2592 414 7.832471352579106 1.8552933447484055
z 2592 498 8.378166714917821 -1.6856425300218545
z 2592 763 6.053691538365987 0.15301795171574994
u 2593 1.018226695791686 -0.00877789243427963
x 2593 39.874216966466555 -138.8242262008497 -1.1970777003955229
z 2593 96 2.801246241275396 -1.1397542310317315
z 2593 414 8.180978667477532 1.983660901269836
z 2593 763 5.050579104553543 0.19340428610201155
u 2594 0.9930601959817538 -0.015162242298917107
x 2594 40.315948631873866 -139.81607800560107 -1.1065368234192912
z 2594 96 2.543683018321884 -1.4858405983985863
z 2594 236 7.8001698504375385 0.1348395686973003
z 2594 763 4.082334727171668 0.25714796265764406
u 2595 1.0428396602219032 0.0028039114938008185
x 2595 40.701858320869874 -140.65380697678145 -1.171686275643003
z 2595 96 2.667409690717707 -1.8888329799851977
z 2595 236 6.768023169549692 0.15253663942036022
z 2595 763 3.084714853231953 0.33996842878085687
u 2596 1.0198929302317281 0.014741046296668154
x 2596 41.1486838412685 -141.65930520367155 -1.1335616654688065
z 2596 96 3.1455781935090044 -2.2158364853762613
z 2596 236 5.760756195986316 0.16340841885714052
z 2596 763 2.1467071762102843 0.48097369442088533
u 2597 1.0514198211766081 0.007716804523751727
x 2597 41.53847913082491 -142.32033842170082 -0.9424438139722908
z 2597 236 4.725646415241605 0.1910471195444834
z 2597 763 1.3052921350237323 0.8521605109306405
u 2598 1.0024448376319512 -0.0005529325394365304
x 2598 42.137779531136154 -143.1770543720756 -0.9783249576983524
z 2598 236 3.746345635900945 0.24250452531229083
z 2598 763 0.9931393058388959 1.7159356827277854
u 2599 0.9865989247750738 0.008592672137964231
x 2599 42.89925028043101 -144.2441883078304 -0.9237218665132794
z 2599 236 2.797312780189806 0.31723056628486024
z 2599 559 7.693209178777763 -0.4386478497703452
z 2599 763 1.4949211228158865 2.4194500355998567
u 2600 0.9972922159003186 -0.004188148572137582
x 2600 43.388318959522074 -145.09246407983554 -1.171882402932023
z 2600 31 8.100852369384302 -0.8094263812245761
z 2600 236 1.8767344287276935 0.4890213887084647
z 2600 559 6.802531387651404 -0.4964872382454071
u 2601 0.9684592678524542 -0.007324805122776364
x 2601 43.57633976581536 -145.6680324766382 -1.3382274039552138
z 2601 31 7.46290776406342 -0.8958492872009156
z 2601 236 1.1212935763736354 0.9171799426412921
z 2601 559 5.966938790594596 -0.5660267168914057
u 2602 1.0135551621285819 -0.010466236490592426
x 2602 43.77826664086871 -146.66878520601605 -1.4051618497642957
z 2602 31 6.870788461186107 -1.000323595616904
z 2602 236 0.9549541334707741 1.9360263403553812
z 2602 559 5.1369929487190324 -0.6606919609886859
u 2603 0.9795634336402128 0.0032271555513611627
x 2603 43.84630416015268 -147.71550730034798 -1.606612314881611
z 2603 31 6.396590054349729 -1.1329329084560533
z 2603 236 1.592755528828848 2.5451589754506507
z 2603 559 4.405904290624457 -0.8010672764105715
u 2604 0.9987876612991142 0.00402552362540516
x 2604 43.749999308656285 -148.41064056832087 -1.810310854151207
z 2604 31 6.043132051347066 -1.2873495990402026
z 2604 559 3.781169644222576 -0.9963097848305109
u 2605 0.9712862289123825 -0.013363768093806813
x 2605 43.58180702927519 -149.3555582841962 -1.6835855553215586
z 2605 31 5.839910061726879 -1.434034818608005
z 2605 559 3.347855658649742 -1.22787598818748
u 2606 0.9906292019673826 -0.0015867348994461799
x 2606 43.38993184135997 -150.62656879535118 -1.757669773314813
z 2606 31 5.787862222717425 -1.6028105716924816
z 2606 559 3.1550384086627132 -1.526391870727629
u 2607 1.0872796061789698 1.5707963267948966
x 2607 43.83453852505695 -151.8023173811963 -0.6608679150954799
z 2607 31 6.536243482432062 3.0069429677734973
z 2607 559 3.8835612259965338 2.9989377354772158
u 2608 1.0479436927218944 0.009897786981740722
x 2608 44.68807025531906 -152.43123977024155 -0.6091920434268934
z 2608 31 7.575391984750126 3.0162950328918727
z 2608 559 4.922518923006965 3.0203539953938012
u 2609 1.005114338273541 0.018263204296430264
x 2609 45.32962640035077 -152.87115524081298 -0.5929369264485498
z 2609 436 7.86477980563337 0.12430866205031377
u 2610 1.0142839376783679 -0.011434050126209036
x 2610 46.12473365456565 -153.48944459398862 -0.728949724411625
z 2610 436 6.860323994212644 0.1549136729710039
u 2611 0.9891812868147474 0.011776253486655659
x 2611 46.70631090347079 -153.98580586364858 -0.6840655827802293
z 2611 436 5.883945460824638 0.16810071216369105
u 2612 1.0170892767450783 0.017289202668593726
x 2612 47.33645350545318 -154.5406353935998 -0.7597878282020574
z 2612 382 8.198136926669871 -0.8767613957870646
z 2612 436 4.882443213769141 0.18389374720111284
u 2613 0.9429677093220672 -0.01300192095325755
x 2613 47.728240702659626 -154.971586961424 -0.9061415599845821
z 2613 382 7.624434962715535 -0.9584509769474465
z 2613 436 3.9605441575545703 0.24196838972145462
u 2614 1.0278879039031756 -0.016275521570102917
x 2614 48.154416938741335 -155.5220127377692 -0.9177478069263523
z 2614 382 7.076387311285901 -1.0606309417499187
z 2614 436 2.975544504155826 0.3438475466443802
u 2615 0.9789439664712317 0.004548195719401604
x 2615 48.63201793340866 -156.15392046368314 -0.9294289294155949
z 2615 382 6.6554880076483665 -1.1940570751604347
z 2615 436 2.0791775765459537 0.49767519526444737
u 2616 1.0135671500057148 -0.00038993933807775823
x 2616 49.12450444928387 -156.83861699049535 -0.9650701625683529
z 2616 382 6.352714010246487 -1.3425646682767043
z 2616 436 1.2834297425880883 0.8847728934351107
u 2617 0.9753518346523367 -0.004506659539468258
x 2617 49.67107324761112 -157.66334208126307 -1.0059800861420158
z 2617 382 6.20300559877192 -1.491742668876274
z 2617 436 1.0084314868082 1.736989618431788
u 2618 0.950639027014375 0.0019283269908193044
x 2618 50.150005426059224 -158.36683727311683 -0.9401798407980393
z 2618 156 8.055930892885463 0.21746028170066012
z 2618 382 6.201690844515561 -1.647092074730841
z 2618 436 1.4953274038545608 2.412861865316395
u 2619 0.9602030296527273 -0.001049386288011682
x 2619 50.67358846743914 -159.08899250705375 -0.9467592206686963
z 2619 156 7.121479092451066 0.24767292860800705
z 2619 382 6.347008054477098 -1.7974710240757048
u 2620 1.0256054357398265 0.002461875257221979
x 2620 51.051063014680736 -159.61722915114095 -0.9539267244192375
z 2620 156 6.131967572749835 0.28602519447131103
z 2620 382 6.654162049923751 -1.9506471699251389
u 2621 0.9824195461040925 -0.0018466812350431694
x 2621 51.62143418453364 -160.55809730603374 -1.0977079541689037
z 2621 156 5.197160620512779 0.3413980041062086
z 2621 382 7.076690043411951 -2.0781375261657518
u 2622 0.9867838898820324 -0.011427142044965442
x 2622 52.027665538044474 -161.4230878267666 -1.165758029491176
z 2622 156 4.2824112884158625 0.43129263848146904
u 2623 0.9959456399792328 0.0006094082295777139
x 2623 52.48549215917842 -162.37916073043766 -1.0826459152254073
z 2623 156 3.403072791502186 0.5532543565070487
u 2624 1.0080947719236966 0.0030632465298468647
x 2624 52.863413616427295 -163.05628379988752 -1.0408222977982495
z 2624 156 2.5988406462559857 0.7549392815678289
u 2625 1.0070350366838086 -0.005309227313005977
x 2625 53.52640156310159 -163.98041631457002 -0.8561312981760985
z 2625 156 1.9913458081605904 1.1151608357546134
u 2626 1.0192223235706093 -0.0010883325678429237
x 2626 54.130906881862295 -164.68997848070353 -0.8742213284086708
z 2626 156 1.7944505185641317 1.6516393260076772
z 2626 528 7.612326702885421 0.4464655704752052
u 2627 1.001954832123285 0.003474676445530924
x 2627 54.55323268505254 -165.1632593253055 -0.8102413450184067
z 2627 156 2.123234745429757 2.1379360721799037
z 2627 528 6.721670588154199 0.5071638306788495
u 2628 0.9834706470316888 0.010834533143085367
x 2628 55.00872437337709 -165.6119312935708 -0.7454701225512546
z 2628 256 7.794436704597142 -0.2897544819678264
z 2628 528 5.878483750986074 0.5768802098730483
u 2629 0.9367983314030559 0.010033034667117083
x 2629 55.885994199073885 -166.65575900537198 -0.9982923643811805
z 2629 256 6.903414294634166 -0.3392214452057791
z 2629 528 5.115922906519126 0.6661111475468764
u 2630 0.9640904586104285 -0.008118108311532403
x 2630 56.323566166580804 -167.3833446540718 -1.0603997833451242
z 2630 159 8.075862450014847 0.46481794852335323
z 2630 256 6.001355180649285 -0.38396772195789985
z 2630 528 4.401277821040762 0.8107070326686214
u 2631 1.0404563524619 0.011491748889294991
x 2631 56.779291802841 -168.27391348978938 -1.1352270163526477
z 2631 159 7.157998912254562 0.5177799890977184
z 2631 256 5.054400795005651 -0.4737468358200707
z 2631 528 3.7557398709641525 1.000250569438653
u 2632 1.031948176172461 0.00800970372459394
x 2632 57.193386620298185 -169.31000988617933 -1.2459249580255694
z 2632 159 6.2797959125678116 0.5906203038531475
z 2632 256 4.165114501142707 -0.5959200223723347
z 2632 528 3.3102742846178823 1.2570096320791295
u 2633 0.9771939559056994 0.008359262400568791
x 2633 57.40906976004381 -169.86333830084956 -1.152316181344529
z 2633 159 5.492564411309866 0.6808770892707092
z 2633 256 3.4036922801079452 -0.767129111798952
z 2633 528 3.1448704600856976 1.5482625829798407
u 2634 0.9869250497788237 0.0166600088640656
x 2634 57.90863583377667 -171.0433707539645 -1.188332922644023
z 2634 159 4.760434260140945 0.7937326035521206
z 2634 256 2.785961796691405 -1.0343911610601557
z 2634 528 3.2669029004121573 1.8383407777832144
z 2634 724 8.242051584698634 0.6880589263554651
u 2635 0.9783925211455582 -0.0020477537648509697
x 2635 58.14693322682699 -171.53745417807372 -1.0544813701685776
z 2635 159 4.134502715053255 0.9654826743071094
z 2635 256 2.434756426743739 -1.3847901105567086
z 2635 528 3.650506547216015 2.10176201007625
z 2635 724 7.512699968561263 0.7730068184053795
u 2636 1.014507471965891 -0.018364469930149944
x 2636 58.66485035170521 -172.86395895393503 -1.3426398748422548
z 2636 159 3.6624347342534724 1.2151244943485748
z 2636 256 2.449305687653149 -1.7848608134046613
z 2636 337 7.87935982310783 0.796278649375076
z 2636 724 6.830576627387435 0.8962470242183933
u 2637 0.9480288873694512 -0.011645142839193061
x 2637 59.03163292370328 -174.06890474101596 -1.2079800482951046
z 2637 159 3.454276593096393 1.4875393257265976
z 2637 256 2.803203138086045 -2.110458604005596
z 2637 264 8.348494465494987 1.0844610705595947
z 2637 337 7.252382801874377 0.9020257711361825
z 2637 724 6.28697138834556 1.0264829311088484
u 2638 1.0312253144354828 -0.0013931336672563738
x 2638 59.566841553425704 -175.40826799930915 -1.1732907966556416
z 2638 159 3.522490176684446 1.7849961573917907
z 2638 264 7.919830578756207 1.2012631803592733
z 2638 337 6.662925033855381 1.0252172974009222
z 2638 384 8.346049961543802 0.897972664725736
z 2638 724 5.820882656827759 1.1800839871943722
u 2639 0.9706667584004867 0.011263448157096019
x 2639 60.00153277497226 -176.584543411231 -1.260335790889613
z 2639 159 3.8426621860155143 2.0234469448155865
z 2639 264 7.617881559685313 1.3088357402228183
z 2639 337 6.209871585387506 1.1475091573153993
z 2639 384 7.773690365366373 0.9840757404652702
z 2639 724 5.519277937540944 1.3317747596064198
u 2640 1.0159706550890344 -0.0021164689378276747
x 2640 60.3633741176231 -177.76454238680918 -1.28617215925698
z 2640 264 7.42101388811217 1.4436123340161036
z 2640 337 5.867186237131618 1.3082439526113845
z 2640 384 7.261637054661946 1.1030508634491412
z 2640 724 5.371314380033804 1.5187597518871536
u 2641 1.0233060380006465 0.012389915077635613
x 2641 60.722100079114945 -178.6326113499572 -1.0716747564858111
z 2641 264 7.35519216909684 1.5695536203183034
z 2641 337 5.6817835049403405 1.4703755347203664
z 2641 384 6.855342011907586 1.2238718942576607
z 2641 467 8.184253372525118 -0.8840398449209363
z 2641 724 5.40910221509757 1.6963713347673464
u 2642 1.0181214202732773 -0.005330799687427152
x 2642 61.08726296981005 -179.19230399695343 -0.9137481689508693
z 2642 264 7.426757583331343 1.7124054559833093
z 2642 337 5.673627958599573 1.6552606770761447
z 2642 384 6.581875751325796 1.3753315778297175
z 2642 467 7.57746947668863 -0.9825708790445038
z 2642 724 5.630591170046153 1.8820121908120706
u 2643 1.1896074356036368 -1.5707963267948966
x 2643 60.900321577673196 -180.4233104288669 -2.529262724824525
z 2643 264 8.308299136870195 -2.922530407356475
z 2643 337 6.5287891584057505 -2.951131353469761
z 2643 384 7.232658903752231 3.06949300934279
z 2643 467 6.530569472803128 0.5560924219992893
z 2643 724 6.601583162066204 -2.756229514782807
u 2644 0.9970248461711343 0.007357122287879661
x 2644 60.033319376766386 -180.97633193388 -2.618342882671461
z 2644 337 7.510752638986487 -2.983141719535398
z 2644 384 8.22716650632409 3.071310534820473
z 2644 467 5.705879957488532 0.6405558589757794
u 2645 0.9311680524369075 0.008585964264823585
x 2645 59.44683397641216 -181.44741202744342 -2.3114330539368497
z 2645 337 8.43208760237746 -3.0086849899053716
z 2645 467 4.987707070396903 0.7431299200809036
u 2646 0.9855298396841699 0.0009555802869141986
x 2646 58.859817709764506 -182.07645015384605 -2.3318716063386296
z 2646 467 4.3134861367690105 0.8973015766200305
u 2647 0.9832994265316204 -0.0032045497392999144
x 2647 58.16679490740347 -182.75665583772187 -2.3991839636827383
z 2647 467 3.78056979469614 1.1054991711054
u 2648 1.0024696939359885 0.0002224381128956502
x 2648 57.241351282314184 -183.52178621244408 -2.5022949927094036
z 2648 467 3.4490470998707066 1.3680266482674703
z 2648 702 8.468012515568812 0.08426309924260167
u 2649 0.9588589965304085 -0.005577168943406631
x 2649 56.72565574325682 -183.90839868306392 -2.4942832627857663
z 2649 467 3.3913713830350147 1.654378119988717
z 2649 702 7.513248087887603 0.10093620282872084
u 2650 0.996978558774294 -0.013842737766493668
x 2650 55.81247987261322 -184.55657412782492 -2.5543515481351586
z 2650 467 3.62029213615229 1.9460378267297447
z 2650 702 6.52295382703594 0.13123272911784145
u 2651 1.0350212042457565 -0.0036476460649333894
x 2651 54.99009207424871 -185.06019611608642 -2.629873855323483
z 2651 702 5.498796366743279 0.1598539412080413
u 2652 0.9998778533681107 0.0046056860532910065
x 2652 54.2528257346231 -185.3562836571733 -2.8895383783251543
z 2652 702 4.514030340759624 0.19000929832766156
u 2653 1.0135569871325778 0.008692944627352286
x 2653 53.48244785039572 -185.6062622809257 -2.766108867891681
z 2653 702 3.5228673322494806 0.23445150332413034
u 2654 0.9556639405763441 -0.0027496109326685483
x 2654 52.45599234787715 -185.9861275216997 -2.8081851452206394
z 2654 702 2.6032485782878014 0.3230792610057267
u 2655 0.9879281884511375 -0.014352944587810326
x 2655 51.48913983700029 -186.206950952358 -3.025914843735839
z 2655 613 8.422005453643507 -0.3029802748902144
z 2655 702 1.6991911086820906 0.5271086777080556
u 2656 0.9799240633517731 -0.0054126457667265804
x 2656 50.55140208606299 -186.27113723579643 -3.1205876353193123
z 2656 702 0.9868681649915455 1.0582195066817066
u 2657 0.9677890106850723 -0.016496099725209056
x 2657 49.66640745299259 -186.39029718498983 -2.8949178806036513
z 2657 702 0.9937233565788847 2.0957337590052454
u 2658 1.0323941684638849 -0.004352190205703868
x 2658 48.58474140024833 -186.6764074076189 -2.8710939579529775
u 2659 0.9467709990544134 -0.003425786832126039
x 2659 47.515348115719206 -186.9346876697751 -2.938127248303464
u 2660 1.0101662505891422 0.006030791477608061
x 2660 46.33753769213647 -187.14814087280263 -2.9864921659377552
u 2661 0.9976352612096308 -0.013770582264502942
x 2661 45.2217696968907 -187.41118806151823 -2.833639666996506
u 2662 1.053094614926529 -0.00016245352448343442
x 2662 44.002695466054305 -187.67763605691695 -3.0191817354984454
u 2663 0.961417825612201 -0.004195053212090379
x 2663 42.76604961928512 -187.8649092926385 -2.9634146216564767
u 2664 1.025965493903769 0.0011642539524825061
x 2664 41.960425849302624 -188.0487125783815 -2.8711489051946004
u 2665 0.9873937696800722 -0.002994160510089704
x 2665 41.19249054675553 -188.26458032467917 -2.8639767855808125
u 2666 0.9489225858669199 -0.007363160775062542
x 2666 40.0953387766238 -188.58672002202127 -2.8480318908692164
u 2667 1.031245932492257 -0.014925979879331981
x 2667 39.16723745683378 -188.912090176698 -2.7607774771187708
u 2668 1.0119189620955886 0.005336917874177655
x 2668 38.28682811931733 -189.32817020070476 -2.6394338209233177
u 2669 0.9504672701339117 -0.0007963994414323923
x 2669 37.65332436907294 -189.6602515553493 -2.6781154304943153
u 2670 0.9887978295634732 0.003423347788294648
x 2670 36.88470807880705 -190.15805717866147 -2.4556063431551096
u 2671 1.0286422649430214 -0.003993907342474644
x 2671 36.20560666449543 -190.78361094634204 -2.3388236384928844
u 2672 1.0167682775558422 0.0019269127755630348
x 2672 35.4100473075662 -191.47608713504513 -2.51189368183569
u 2673 1.0336917594554005 0.011505168254106848
x 2673 34.54216023023019 -192.16056857009102 -2.435696369977726
u 2674 0.9919918713895362 -0.0068379273994516885
x 2674 33.772215676845356 -192.7344860858211 -2.566386319913308
u 2675 0.9671460518760951 0.0026059154477806558
x 2675 33.10729388782142 -193.2648562643625 -2.370194858592956
u 2676 1.0125318009861144 -0.009663741181143794
x 2676 32.33669246239585 -194.08680005327824 -2.277738072078817
z 2676 281 7.892685147521166 0.5594125486813137
u 2677 0.9923982692997972 0.004036611852611888
x 2677 31.586641723083364 -194.96016763402693 -2.2830196572799846
z 2677 281 7.070016584516668 0.6296952427846465
u 2678 0.9892027683052954 -0.010532719397004637
x 2678 30.90901730150756 -195.81091503242777 -2.203785219028119
z 2678 281 6.300996226492493 0.7334815993702066
u 2679 1.120731591140803 -1.5707963267948966
x 2679 30.08887912436168 -196.00680511716254 2.6727000655449613
z 2679 281 6.329360803885776 2.4641612627004843
u 2680 0.9935149414522159 -0.006639672868488493
x 2680 29.319511340187375 -195.6315865057062 2.7029710029099263
z 2680 281 7.132566065894088 2.557857732998004
u 2681 0.9879624165739695 -0.01482387054949316
x 2681 28.37862440890057 -195.1123585504879 2.57169022187853
z 2681 281 7.979121310438865 2.6402064773778697
u 2682 1.0311036934614295 -0.025154226670472308
x 2682 27.242561935890755 -194.40592273461513 2.5988644795598868
u 2683 1.0023503288135027 0.0026440667748742295
x 2683 26.522775213363325 -194.0243671293188 2.7094547715955475
u 2684 0.9913739126040066 0.0005565102495156891
x 2684 25.56307138954215 -193.5948547001687 2.7321064996523
u 2685 1.0368021766722655 0.01069225071392026
x 2685 24.81308344692183 -193.29102280467595 2.781261457713465
u 2686 0.9711612009925387 -0.004398260548904913
x 2686 24.104863774143794 -192.9804796475378 2.6754513497501513
u 2687 0.9450399546111281 -0.007114043221798212
x 2687 23.19701474077185 -192.56088999181335 2.741860927517388
u 2688 1.0317870273380128 0.006244124031318655
x 2688 22.080824776964633 -192.05134137467763 2.6848203417326353
u 2689 0.9962578894880935 0.0019528909687566102
x 2689 21.057600923396116 -191.54262168359105 2.675597405020895
u 2690 1.0339463616696731 0.007337637522235544
x 2690 20.41002669236216 -191.17099051120286 2.5656006199004295
u 2691 1.0120676599693648 -0.017601323639863078
x 2691 19.692950319181865 -190.52752424623588 2.254889949503087
u 2692 1.013236548203106 0.011924928354133746
x 2692 19.204115691186757 -189.95508878900043 2.300275066772473
u 2693 1.0134895838773248 0.003355217297976712
x 2693 18.647762347544596 -189.307947574109 2.2615253794878143
u 2694 1.0079382403672297 0.006520892925275447
x 2694 18.15806276122439 -188.7372172331865 2.298333780939057
u 2695 1.1289775782088998 1.5707963267948966
x 2695 17.19167020181257 -188.97950356493686 -1.807036209654326
u 2696 1.0191745660317721 -0.008499369226897738
x 2696 17.081475643191133 -189.88006835879096 -1.578069159443353
u 2697 1.0058783128939264 0.009397097397445662
x 2697 17.029259033564166 -190.81371092633518 -1.6752627618514968
u 2698 0.9462538392929054 -0.0034543526329728633
x 2698 17.00391431827714 -191.8310863225671 -1.5161433123267354
u 2699 1.009964284696799 0.00025726306444841794
x 2699 17.093046758252786 -193.11915239297008 -1.4872723012545863
u 2700 0.9509788153349316 0.014206692763395829
x 2700 17.193806740335738 -194.02753041492565 -1.4333776241123708
u 2701 1.0449058546805585 0.00653582194506083
x 2701 17.3260102609828 -194.88453749658038 -1.402104202205608
u 2702 0.9631834458314196 -0.0013454448789690589
x 2702 17.553640460199517 -196.0934211303055 -1.3672512519080844
u 2703 0.985516096324822 0.019499575211808208
x 2703 17.99105145274514 -197.48191368873728 -1.163972792901869
u 2704 1.0275182238251561 -0.0019976301163604775
x 2704 18.618886845586278 -198.6376377687565 -0.9823433069343075
u 2705 1.003591651821651 -0.012158062230032815
x 2705 19.064864433719894 -199.2584743821759 -0.913379117308204
u 2706 0.9922113489412434 -0.01068522680433702
x 2706 19.44978832604273 -199.75612737727883 -0.9114959326101846
u 2707 1.0196200413323617 0.003486736719782308
x 2707 20.07348036687168 -200.57350995241603 -0.9265130116909499
u 2708 0.987389033556527 0.006425433141409148
x 2708 20.715493744843933 -201.3777232625442 -0.8676576222553778
u 2709 1.0840561525171948 -1.5707963267948966
x 2709 20.51782041812312 -202.54936799040092 -2.6082158189940676
u 2710 1.0257143575058347 -0.01690241567224089
x 2710 19.690127793726806 -203.08105844028694 -2.5329745934155974
u 2711 1.003482735143385 0.0035523281791298854
x 2711 18.820834076946706 -203.75256446612292 -2.4347518142450078
u 2712 0.9661854932192735 0.006326120292645929
x 2712 18.196371398350028 -204.22386110806227 -2.555398924395241
u 2713 0.9947551183437984 0.00024556488253201517
x 2713 17.27917693848333 -204.93806081337007 -2.404577961961446
u 2714 1.0002769637421571 -0.0008999347037411464
x 2714 16.466911274566694 -205.50543541206292 -2.6591586208651026
u 2715 1.0117095983484377 0.001483459846594915
x 2715 15.59323309189822 -206.01676131817814 -2.5650102676848694
u 2716 0.9489230732275389 -0.009668120410738393
x 2716 14.761911696103974 -206.45499289648413 -2.7479121732412968
u 2717 1.027357305066386 -0.01255470455083591
x 2717 13.683354994653534 -206.71343633249862 -3.0649024051532017
u 2718 0.9543982920639394 0.0017355777573176902
x 2718 12.56660488370742 -206.7749340001481 -3.108257184760018
u 2719 1.0412568487703553 0.0031095369248107887
x 2719 11.617090850475934 -206.8686846602027 -2.978095262720692
u 2720 0.995530720163987 -0.008158311056495001
x 2720 10.617758575111434 -206.92132555608444 3.083350120020671
u 2721 0.9843748386055988 0.010165683246104689
x 2721 9.663499108377756 -206.9001327006209 -3.1277602054189906
u 2722 1.004426129391785 0.0048998655284352086
x 2722 8.502627814436472 -206.96785483759643 -3.0388825206460117
u 2723 1.0000518957724487 -0.01960150165342933
x 2723 7.043124446266618 -206.93017270857098 2.98725707007865
u 2724 0.9624345489782752 -0.0097452921582081
x 2724 6.142040194154999 -206.8200848525962 3.0527878653772325
u 2725 1.0023455600670395 -0.0004416757176394951
x 2725 4.93059147819945 -206.7644040490189 3.1385377641749024
u 2726 1.0149392967221862 0.00036044925098484943
x 2726 4.2017370337619955 -206.76860294492886 -3.127015986428617
u 2727 0.9974622574037075 -0.0035236055643651804
x 2727 3.140923492186573 -206.79404164104383 -3.108217780619217
u 2728 1.0387273037095017 -0.008753359771662032
x 2728 2.0003961294777737 -206.83206062736826 -3.1083230692688124
u 2729 0.994786190567786 -0.005454470634760971
x 2729 1.024836707485526 -206.85237524647317 -3.133221138185713
u 2730 0.9563326242719632 0.001495691110783398
x 2730 -0.008579096435390676 -206.85577895940074 3.139808420104056
u 2731 1.1167460950065136 1.5707963267948966
x 2731 -0.6470816933716975 -207.618913107491 -1.3916414100333867
u 2732 1.0131694329486713 0.005177684893505189
x 2732 -0.4533418066957857 -208.69139231101104 -1.3925125952352873
u 2733 1.0333657247622758 -0.011646002910800996
x 2733 -0.27361212353213593 -209.82427301136786 -1.4344058608443062
u 2734 1.0199528073457387 -0.0017800683122016902
x 2734 -0.13291265100710314 -210.62211527282963 -1.3580763171738444
z 2734 707 7.857532335606653 -0.46070850539638286
u 2735 1.0415932621742274 0.010660853019473188
x 2735 0.012817205897504486 -211.6703054838364 -1.5072274659345377
z 2735 195 7.880807132422727 0.05067597405569568
z 2735 707 6.942817994586702 -0.5388339206346067
u 2736 0.9929977908145436 0.0030804622317546714
x 2736 0.14299589714595012 -212.69494211447144 -1.381621974446995
z 2736 195 6.889180843672712 0.05467508233645724
z 2736 707 6.112690736255891 -0.6255847172513143
u 2737 0.9725874568570521 0.008337743733425775
x 2737 0.3842321032997773 -213.74759182302708 -1.3094099338604692
z 2737 195 5.9180401046782665 0.05463421489939435
z 2737 707 5.357383659396816 -0.7410449825053815
u 2738 1.0004714436283317 0.012486527833572169
x 2738 0.5100543021678796 -214.3377585622341 -1.4120769878517414
z 2738 195 4.918984384774392 0.05198616883476781
z 2738 707 4.673241143311163 -0.8995523316946761
u 2739 0.9958924982441837 -0.002377500216049963
x 2739 0.6683188482454476 -215.34207867570615 -1.4169187535643777
z 2739 195 3.924856707685852 0.06785031229307492
z 2739 707 4.127112695238775 -1.0870892592864907
u 2740 1.0236359659843282 -0.018169150306728818
x 2740 0.7448212143617876 -216.1790837786138 -1.542380162026749
z 2740 195 2.905328150634751 0.11310218206043299
z 2740 707 3.7528189126596323 -1.3116017207464772
u 2741 0.9851636051580587 0.012542623805481221
x 2741 0.695306979453632 -217.00571664527953 -1.7188669292983627
z 2741 195 1.9286501746020992 0.15505213833291975
z 2741 707 3.6337152119551814 -1.589746277415192
u 2742 1.037912258342358 0.0003724474587019207
x 2742 0.5743555007848765 -218.3033388708158 -1.608608812117772
z 2742 195 0.9172390722109132 0.33011891859667397
z 2742 437 7.7470085967107645 -0.12445090436091366
z 2742 621 8.466533474793493 -0.10389381659633701
z 2742 707 3.7980893327110534 -1.8668597934397013
u 2743 0.9777471195643139 -0.007834017501340813
x 2743 0.4838540260410169 -219.21676309193109 -1.7304979041760866
z 2743 195 0.32062705563293636 1.9289064460973453
z 2743 437 6.777377703638998 -0.13396461507481794
z 2743 621 7.494306659539582 -0.10908192186338361
z 2743 707 4.185754512798231 -2.084625547445672
u 2744 1.0142704686379114 -0.0039090157064612585
x 2744 0.3588559488142306 -220.06665871182116 -1.7031501932894613
z 2744 195 1.1664926643816202 2.883383965325679
z 2744 437 5.773476514424818 -0.15318156512754655
z 2744 621 6.486757903145094 -0.1218921129893431
u 2745 0.9761358658871673 0.011406719289045299
x 2745 0.17908128436334522 -220.74148809706926 -1.9591496070545364
z 2745 437 4.8121199249992035 -0.1966879094056342
z 2745 621 5.5199602632210265 -0.15580309647766732
u 2746 0.9937257964650714 0.012357830534958916
x 2746 -0.3354156940949682 -221.72379581904224 -2.1473974822404482
z 2746 437 3.843996193396746 -0.26115386490253467
z 2746 621 4.542077201883591 -0.2034520423941224
u 2747 0.9953404461217881 0.0032267297382633457
x 2747 -0.8681460596794952 -222.44060583457858 -2.2724598406626395
z 2747 437 2.8943917450292465 -0.35382543279690726
z 2747 621 3.57334464403458 -0.2634298375094781
u 2748 0.9849706485997819 -0.01610876911255028
x 2748 -1.5812719759657963 -223.32199580059628 -2.229653905894425
z 2748 437 1.995843000660255 -0.5057665746098325
z 2748 621 2.632114518051595 -0.3419907752265554
u 2749 0.9660410339173958 0.003981103236093639
x 2749 -2.233862140722464 -224.2666945953544 -2.1209771110890925
z 2749 437 1.2437819067985243 -0.8969982389919195
z 2749 621 1.7532004358460644 -0.5328815093926487
u 2750 1.0129685581140346 0.001669145332954423
x 2750 -2.7456678730601496 -225.30706682174895 -1.9349809986708248
z 2750 437 1.0012377282803615 -1.811337578410841
z 2750 621 1.0207492506905644 -1.0637683284828188
u 2751 1.0297179788113295 -0.0028430934613415094
x 2751 -3.114521468164144 -226.38934643384272 -1.8635435566675904
z 2751 437 1.5972386021150566 -2.4853473818722387
z 2751 621 1.0386833571699725 -2.107992912323895
u 2752 0.9876567861676969 -0.0038584433179266837
x 2752 -3.517761381780786 -227.62772722599507 -1.9076318336000504
u 2753 0.9920043550829262 0.002817301909818172
x 2753 -3.7528471742730165 -228.13993510747085 -2.0945301201601945
u 2754 1.019927939535613 -0.011109421564640367
x 2754 -3.978408376706563 -228.69959043924786 -1.8133041494168227
u 2755 1.0321097119841602 -0.0008226573291836195
x 2755 -4.214677384247828 -229.58215064584985 -1.8514384073715233
z 2755 780 8.412628848184003 0.40180128416814087
u 2756 1.0151251033920363 0.008803946901048274
x 2756 -4.6005318045133485 -230.6323852040454 -1.9943334308181793
z 2756 780 7.486929896872481 0.4454961104111157
u 2757 1.019811525795833 0.0015867195362721047
x 2757 -5.036968614299367 -231.42390316839078 -2.1550820804901423
z 2757 137 7.57730551300576 -0.07320390812698818
z 2757 780 6.580946225654351 0.5106228708183558
u 2758 1.01307853410598 -0.00711509344951265
x 2758 -5.398659396009266 -232.14154187943586 -1.9201974821853498
z 2758 137 6.567063579029944 -0.07682442142631363
z 2758 780 5.720604244779723 0.6049463708009815
u 2759 1.0308525665380248 0.00645894528140398
x 2759 -5.646372050654674 -232.8016056486998 -1.9394378457918722
z 2759 137 5.540127551426195 -0.09816362796655387
z 2759 780 4.905635390438919 0.7177190502584043
u 2760 1.0105177073642289 -0.007124938095488892
x 2760 -5.919701540864465 -233.41316590404614 -2.042764031232483
z 2760 137 4.5351349947865485 -0.11208778092498539
z 2760 780 4.20012500446387 0.8843942571225893
u 2761 0.9860046675692848 -0.011054206137803136
x 2761 -6.297606290334199 -234.09192515553528 -2.114862629842128
z 2761 137 3.5562747321165196 -0.13052658942141626
z 2761 780 3.6605387269701826 1.106305531457532
u 2762 1.05792179129964 -0.003148293390427907
x 2762 -6.826286246875504 -234.8773596066664 -2.2116235518627123
z 2762 137 2.510825472397356 -0.18158772888032093
z 2762 780 3.325670030160455 1.398072303326396
u 2763 1.0506447128697023 -0.0029327852127331504
x 2763 -7.388703755785472 -235.71085787289712 -2.117148896796472
z 2763 137 1.4891218133709747 -0.3053918224105221
z 2763 780 3.3125511110220516 1.7188613567279907
u 2764 0.9012646516084225 0.00815678372093809
x 2764 -7.984353116027191 -236.66939923675412 -2.1364741772146916
z 2764 137 0.6878159122494221 -0.7240451800539223
z 2764 780 3.555564411621818 1.964269311584932
u 2765 0.9520607990319743 0.0017871934488358767
x 2765 -8.500837743612529 -237.30303484186126 -2.3728954758219176
z 2765 137 0.6317900341065392 -2.3359550663309543
z 2765 665 8.112201780700616 0.043230971667092
u 2766 0.9911515476652881 -0.00829209410980643
x 2766 -9.066864079016375 -237.872802283968 -2.332905877041595
z 2766 137 1.4984176857879479 -2.827167756780857
z 2766 665 7.122319904380826 0.05811367762738939
u 2767 0.9980416769678755 0.01272931381009731
x 2767 -9.93169102880453 -238.74665653272035 -2.369099120522106
z 2767 665 6.125838547382128 0.05381176406556243
u 2768 0.9815676410957067 -0.005998403250865168
x 2768 -10.838398496738922 -239.47451315611048 -2.56125889076783
z 2768 665 5.146157758883375 0.07064054269748343
u 2769 1.0312334396673903 0.009312229314285348
x 2769 -11.720399445974525 -240.0446199806702 -2.5742755457761377
z 2769 665 4.117733631251989 0.07784196694688283
u 2770 1.0232313544949103 -0.006731121014262927
x 2770 -12.242110718950128 -240.39194265712314 -2.53419186274063
z 2770 665 3.0989880428392835 0.1113600771830967
u 2771 1.0839708291143213 0.00841167020760042
x 2771 -13.45038138169496 -241.16853198813143 -2.606501318660492
z 2771 665 2.024559416508624 0.1602413802814744
u 2772 1.0327716474630126 0.0007146300975619539
x 2772 -14.75558152369074 -241.86314281077745 -2.698554805648915
z 2772 318 8.466549173969469 0.5777877334734525
z 2772 665 1.0183216330502542 0.32169952773339805
u 2773 1.000915152491684 0.0022472558583799982
x 2773 -15.602911531525098 -242.26334309382798 -2.702132154700077
z 2773 318 7.64699395470158 0.6469664126649395
z 2773 665 0.3227329335333869 1.6766915560977873
u 2774 0.9663815751371495 -0.002077951022224902
x 2774 -16.77861908725963 -242.83440812939287 -2.676735683210291
z 2774 174 8.346041744914787 -0.28029056503236216
z 2774 318 6.901203697139186 0.733667571390602
z 2774 665 1.0510111575959789 2.8323624160727237
z 2774 699 7.6757984958488095 0.5084315920937117
u 2775 1.0165433501753074 -0.001775722018770324
x 2775 -17.45726848436927 -243.16852985739763 -2.691458631534338
z 2775 174 7.374250522072237 -0.316540599040934
z 2775 318 6.18444448942437 0.8458382383003142
z 2775 699 6.80634945326109 0.583093448923182
u 2776 0.9787331038089635 -0.014175821633030477
x 2776 -18.270978696043837 -243.44517433471037 -2.9362871047603285
z 2776 174 6.448906240763703 -0.3485996758558776
z 2776 318 5.589482875627492 0.9922870943865014
z 2776 699 6.017885380829316 0.6879021492105197
u 2777 0.9955731401863647 0.0017469676308614858
x 2777 -19.34741254283297 -243.72108181222126 -2.8450692638857915
z 2777 174 5.524040451735699 -0.4120956073177613
z 2777 318 5.112730439562011 1.1542154191017984
z 2777 699 5.286023183288684 0.8058947933395855
u 2778 0.9916165646644439 -0.00045445787573610935
x 2778 -20.142520972992806 -243.97735608295324 -2.81451556655825
z 2778 174 4.632388424909776 -0.497439986699586
z 2778 318 4.798178746262842 1.344823474067205
z 2778 513 8.036780227203904 1.0337578193231076
z 2778 699 4.654852776004269 0.960684296483838
u 2779 1.0168840966564636 -0.019449596018088117
x 2779 -21.20508468400573 -244.35064178286638 -2.7929929404600076
z 2779 174 3.764362823996386 -0.6049162755112762
z 2779 318 4.68644321416821 1.5778195537551678
z 2779 513 7.576211707299531 1.1694556179841182
z 2779 699 4.165732241473155 1.1829347528314926
u 2780 0.9921530530147971 0.004961361705312852
x 2780 -22.161140189759138 -244.7041543548496 -2.7818520234544266
z 2780 174 3.00353111464889 -0.7995417552300941
z 2780 318 4.794721904714649 1.7812877904772613
z 2780 513 7.244042709452899 1.2907744025428602
z 2780 699 3.8977437889672086 1.415601488714766
u 2781 0.9746230260584855 -0.002792092982366935
x 2781 -23.483686138894576 -245.08602557194314 -2.939144708737599
z 2781 174 2.425769019721838 -1.0885730090247847
z 2781 318 5.089674085767364 1.9723986560148292
z 2781 513 7.038638958988502 1.4270902957963774
z 2781 699 3.870192048169546 1.6698919662995682
u 2782 0.9828598978410872 0.0008642730012493585
x 2782 -24.49662945693963 -245.26132839729954 -3.001309734906083
z 2782 174 2.1542648425575046 -1.5056547466478571
z 2782 513 6.9657056926691014 1.5663204638527608
z 2782 699 4.08580303171024 1.9107600704217385
u 2783 0.9998862932479738 -0.015128958297924058
x 2783 -25.4941836434572 -245.25376757465088 2.9861513044681267
z 2783 174 2.3081743466308873 -1.9372848814033912
z 2783 513 7.0401585734000145 1.723955338156978
z 2783 699 4.525067999564295 2.1351674539210777
u 2784 0.9504886240108475 -0.001778421431898989
x 2784 -26.449828753836563 -245.06485610179223 2.9067073169964512
z 2784 513 7.247121612348983 1.8557001434830198
u 2785 1.0215200171757557 0.0038501617289942234
x 2785 -27.607542094106098 -244.6161553855144 2.636979046251829
z 2785 513 7.595946591992006 1.9813451395664163
u 2786 1.0071522259977848 -0.005796724684370248
x 2786 -28.3558769941557 -244.20160957860384 2.634453063805548
z 2786 513 8.053572272247045 2.101912984273924
u 2787 0.9585645935747699 -0.007455759689090934
x 2787 -29.30453916599368 -243.71984887462537 2.7089456325827364
u 2788 1.0073441466336288 0.0025212272131380836
x 2788 -29.97615183970401 -243.48470066252997 2.9006677923432154
u 2789 1.0211657863806631 -0.0023557910320730884
x 2789 -31.12568331845643 -243.08442541088408 2.71236378132574
u 2790 1.0309403666284178 -0.004467710321938042
x 2790 -32.27473610846279 -242.62949593236138 2.8168584055955694
z 2790 127 8.023077244073129 -0.363580760764858
u 2791 0.9910079162628656 0.0017202336629854873
x 2791 -33.05688693033551 -242.42012869297577 2.9432278373823504
z 2791 127 7.105940078934327 -0.41502946164715215
u 2792 0.9485193245015515 0.01918539552682102
x 2792 -34.32044372302518 -242.16835139242468 2.946588146457949
z 2792 127 6.2538877025043895 -0.4967385915688709
u 2793 1.0028922160255571 -0.003749589352230853
x 2793 -35.498590901365 -241.78004689835504 2.699843185609052
z 2793 127 5.392384811919504 -0.5814297465061831
z 2793 489 8.229857324084895 0.46802163487018156
u 2794 1.035857283486044 -0.003195545198256436
x 2794 -36.19506247840204 -241.49929517851248 2.81698031183579
z 2794 127 4.561278460590752 -0.7029806691432299
z 2794 489 7.321164930014975 0.5352909641120904
u 2795 1.0680809470669914 -0.008883947333101537
x 2795 -37.026688624346875 -241.13090880929883 2.6322182769620657
z 2795 127 3.805860187491397 -0.8755706945327244
z 2795 489 6.428395639968012 0.6296646001166528
u 2796 0.9713802851899589 0.006511916629129997
x 2796 -37.85593713973247 -240.6427369311204 2.5868405887208015
z 2796 127 3.272683467242083 -1.1126645553012384
z 2796 157 8.420624843362363 -0.9304494524243703
z 2796 489 5.670113271639216 0.7237541543316715
z 2796 802 8.392269324130844 -1.0409570274161704
u 2797 1.0219409704730633 -0.014898097501666556
x 2797 -38.80727591006856 -240.03460791919642 2.5588041677779003
z 2797 127 2.9583553310479336 -1.4115618071427285
z 2797 157 7.84639196023034 -1.0195961707195726
z 2797 489 4.956617379569029 0.8767676737730641
z 2797 802 7.918059126027642 -1.1371656996887123
u 2798 0.9790311989546311 0.004900459656068247
x 2798 -39.35947960146162 -239.62830537679753 2.4557001407626355
z 2798 127 2.967471636814613 -1.7483983366975364
z 2798 157 7.383111253641087 -1.137874107264781
z 2798 489 4.393218632606612 1.0436607745114461
z 2798 802 7.561372176317643 -1.2599662505250553
u 2799 1.0173654918160981 -0.005193935651504386
x 2799 -40.30040901430113 -238.91153521467194 2.5255044668727464
z 2799 127 3.300335284973182 -2.051623200530347
z 2799 157 7.01481274382771 -1.2645544692933406
z 2799 489 3.982288624788177 1.2718229322168177
z 2799 592 8.207527603247438 0.7223835022937228
z 2799 802 7.312028648961441 -1.3875192202645792
u 2800 1.0430418056165822 0.009126326655969364
x 2800 -41.347775645134924 -238.1474867298248 2.497184659727239
z 2800 157 6.778465086001867 -1.4211407439478698
z 2800 489 3.803091805603755 1.5275034711146285
z 2800 592 7.453509042880006 0.8054318791861101
z 2800 802 7.200151044256654 -1.5396890147938063
u 2801 1.0237506542662023 0.0051395956709629235
x 2801 -42.236326508727416 -237.5602164055607 2.617958932104452
z 2801 81 8.366687259482369 -0.04426065103357413
z 2801 157 6.705342323656227 -1.577888612686964
z 2801 417 7.774710020094458 -0.8253799281368694
z 2801 489 3.8928872338616864 1.7881863799426085
z 2801 592 6.782459640697483 0.9090855702606779
z 2801 802 7.243589344449609 -1.6865770722445044
u 2802 1.0010511582991752 0.02165404417986044
x 2802 -42.90849717267569 -237.27702096213818 2.867736161331326
z 2802 81 7.367380337308243 -0.073395933688297
z 2802 157 6.79736898817411 -1.7473238415270131
z 2802 417 7.14247326778085 -0.9512300241330136
z 2802 489 4.21368285818238 2.001196755259043
z 2802 592 6.208423705809837 1.013895400673034
z 2802 802 7.43658732454159 -1.842162744652458
u 2803 0.9296628970315538 0.003917964647570135
x 2803 -43.80295837515157 -237.04214554972157 2.901866507701209
z 2803 81 6.440736542149934 -0.0881806247216943
z 2803 157 7.022274788862709 -1.881897681428618
z 2803 417 6.647467956813984 -1.0694131835318714
z 2803 592 5.7695941555558425 1.147022842490328
z 2803 629 7.977534352195543 0.3248496060158157
z 2803 802 7.739476768969338 -1.9620006674556194
u 2804 0.9335545605576843 0.0025501060867176126
x 2804 -44.83454539727976 -236.7407250615645 2.812764186508719
z 2804 81 5.5115460847586855 -0.10586325051362788
z 2804 157 7.362965349518337 -2.005397085958318
z 2804 417 6.253700111359256 -1.2033389405076718
z 2804 592 5.4513810471608695 1.301125504757513
z 2804 629 7.0986356489606255 0.3641268742887389
z 2804 802 8.142360631035382 -2.0706860558472737
u 2805 1.0123962983098602 -0.009758299224537954
x 2805 -46.13837710227937 -236.1772957669657 2.6546267282319214
z 2805 81 4.505467645362739 -0.11875977629609391
z 2805 157 7.8389609329121255 -2.113317009152114
z 2805 417 5.960470968860729 -1.352461073525074
z 2805 453 8.409227776152125 -0.2389104915463589
z 2805 592 5.277669155202957 1.4970980789321775
z 2805 629 6.165214660862165 0.4331486628095442
u 2806 1.0043012481022406 0.01280592890090938
x 2806 -46.800008046607275 -235.87581262397256 2.7734459903740376
z 2806 81 3.511268455265092 -0.16727899624382836
z 2806 417 5.832451507145252 -1.5344106044892039
z 2806 453 7.439000230862598 -0.2845094110673023
z 2806 592 5.292842372796448 1.6745757250127697
z 2806 629 5.267415868938611 0.4993417616356224
u 2807 1.147648389810594 -1.5707963267948966
x 2807 -47.17764963782307 -235.11035435314346 1.2847793901748616
z 2807 81 2.735538979550639 1.6241894742178093
z 2807 242 8.105169846958601 0.9652804032638862
z 2807 417 5.124269523401643 -0.10134773427232169
z 2807 453 6.551497156313881 1.362093407997449
z 2807 592 6.129880218670987 -2.9314118424239024
z 2807 629 5.073639123351045 2.266777375237216
u 2808 1.0450326916029609 -0.0013149196573510279
x 2808 -46.89048900140213 -234.05815641786432 1.323959654928479
z 2808 79 8.40074560783459 -0.4040812459930643
z 2808 81 2.9806288159808174 1.9831780700438548
z 2808 242 7.559948692640091 1.0805496566327708
z 2808 417 4.085880568096757 -0.12574538290750992
z 2808 453 6.417626982799767 1.5234167282351105
z 2808 592 7.15511469891375 -2.9606678041579637
z 2808 629 5.799831190331856 2.406737238644956
u 2809 1.0106978532671864 -0.0004913381868253119
x 2809 -46.69055477024467 -233.16774575129975 1.3758768327949902
z 2809 79 7.481895906614602 -0.45669659592284795
z 2809 81 3.5102423641993803 2.2505901801529404
z 2809 242 7.14019480529958 1.2062625464494454
z 2809 417 3.0857260503052 -0.16626385992652937
z 2809 453 6.449513524432095 1.6810896080829805
z 2809 629 6.584805272731789 2.51029453127272
z 2809 802 7.953691128236735 -0.9928206546191003
u 2810 1.0286082792821571 -0.00520047017205967
x 2810 -46.57078157344973 -231.84578569221745 1.585003752929083
z 2810 79 6.573034440643106 -0.5201940847516542
z 2810 81 4.234853018930232 2.445424301432113
z 2810 242 6.843925661396844 1.3524878874683814
z 2810 417 2.0776348947201213 -0.24181738742705594
z 2810 453 6.6444677963559915 1.8407243153562236
z 2810 629 7.441364342678648 2.596875771834526
z 2810 686 7.6941215875361095 -0.1215167742100074
u 2811 0.9974384316729745 -0.0040361831058149675
x 2811 -46.608420004306865 -231.07653340034557 1.654368104617757
z 2811 79 5.727880871751471 -0.6025147785668676
z 2811 242 6.701060087485156 1.5024207548770345
z 2811 453 6.978838227496388 1.9828698865186523
z 2811 629 8.311466770796576 2.6629294057186765
z 2811 686 6.704851530636977 -0.13521629441145366
u 2812 0.9562490029663088 -0.003009214592481771
x 2812 -46.592869361693495 -230.10690801618523 1.4551517303141486
z 2812 79 4.968711901728378 -0.7085496559904474
z 2812 242 6.7053899327868285 1.6482047625213117
z 2812 453 7.4150254462836935 2.104243359727324
z 2812 686 5.758549695896078 -0.15434657308171662
u 2813 0.9948870126093429 -0.006510652894701976
x 2813 -46.48388094383835 -229.27270690441594 1.4266125260258793
z 2813 79 4.2602857468077655 -0.8540080214358214
z 2813 242 6.857631887524285 1.799829544453445
z 2813 453 7.969710885131963 2.218242539834484
z 2813 686 4.777346264118627 -0.1791863194482497
u 2814 0.9629268409918279 -0.010402407024555454
x 2814 -46.37132726935647 -228.56460122945785 1.399716755519198
z 2814 79 3.69526355727684 -1.0404396502253728
z 2814 242 7.1428003545668055 1.9417395447433785
z 2814 686 3.832587898084652 -0.2122905012117915
u 2815 0.9816327900038694 0.01370311310659138
x 2815 -46.18101712497034 -227.56715616388453 1.3648125725809468
z 2815 79 3.315386184440681 -1.313467700892069
z 2815 242 7.548299231851248 2.0498585759324133
z 2815 320 8.034181280019421 0.9271989346124707
z 2815 686 2.8823494369439646 -0.30009745140604593
u 2816 0.9959874824661558 0.002746589709791533
x 2816 -45.86691094798978 -226.4092942452315 1.2469688795302307
z 2816 79 3.2111993882596566 -1.6209656923762163
z 2816 242 8.054892380840986 2.157142426848096
z 2816 320 7.477895741788131 1.0310894449378445
z 2816 686 1.9537918321675583 -0.4547919059473169
u 2817 0.9791466110178041 0.006888051434507884
x 2817 -45.65971712058869 -225.7124846055973 1.3165827524522857
z 2817 79 3.4069795788652195 -1.9189273309192396
z 2817 320 7.022048337919166 1.143857948494805
z 2817 686 1.1595940963523277 -0.8444895085191897
u 2818 1.0309376847065737 0.014968798227237342
x 2818 -45.3499613817152 -224.47106975664934 1.3359593824919056
z 2818 320 6.654185501197528 1.2698943114238324
z 2818 686 0.9127187127851875 -1.8755406788898283
u 2819 1.0729810050191197 -0.004785330697154391
x 2819 -45.02452196925887 -223.43019195687555 1.199574538618406
z 2819 320 6.421050976072092 1.435080051738554
z 2819 686 1.6023617784904995 -2.564276818420753
u 2820 1.0152927331707873 0.004969774920928764
x 2820 -44.64218182096241 -222.37286698606243 1.248056403046533
z 2820 320 6.361172092415305 1.5888621014751712
u 2821 0.9667889054113269 -0.0030581894707940116
x 2821 -44.42130115861697 -221.1873962929815 1.5251145507851893
z 2821 320 6.452920913979808 1.742279284233235
z 2821 685 8.31267712911506 0.5512002231636917
u 2822 0.9742722024711217 0.006860154560601775
x 2822 -44.38423905233145 -219.9431849971343 1.5569204529592389
z 2822 320 6.685246332322229 1.8795994763340076
z 2822 685 7.498140959050872 0.612059961059856
u 2823 0.9820779849699204 -0.004644420319241086
x 2823 -44.38986942311485 -218.9142722832762 1.5956164032029445
z 2823 320 7.048173140468702 2.0172841797506074
z 2823 685 6.719546910715137 0.701054405048323
u 2824 0.9928820557274074 0.009807790173592543
x 2824 -44.43141886273172 -217.8339636821249 1.622859782973519
z 2824 320 7.526222841154307 2.1270289169533036
z 2824 685 5.991620957113315 0.7977129691262865
u 2825 1.0204190720793478 0.0049842852224918546
x 2825 -44.447993420089034 -216.72115980933765 1.5485194884981155
z 2825 685 5.32725813032335 0.9299264381299306
z 2825 870 8.294661799034392 0.4436526183245313
u 2826 1.0149094588342271 -0.010800020458903917
x 2826 -44.374318107080725 -215.9847202468666 1.3936515458793668
z 2826 685 4.794935265409512 1.1119051115489285
z 2826 870 7.393515072309423 0.514078362803895
u 2827 1.0104521727972358 -0.0007440279725198221
x 2827 -44.174441432670704 -214.94045159561668 1.3697087161834656
z 2827 181 7.975180703332522 -0.1861490049527985
z 2827 685 4.441100775757181 1.3181135423906216
z 2827 870 6.532800465420422 0.5910042285708368
u 2828 0.9842666454980524 0.00402983188391628
x 2828 -43.91419955694456 -214.04719480287736 1.204896972195228
z 2828 181 7.010705629336522 -0.21644346462998243
z 2828 511 7.834547469518015 0.6319916203250386
z 2828 685 4.299938432756426 1.537454415548269
z 2828 870 5.740480508049384 0.6823689398807451
u 2829 0.986007694378717 0.010886732204480937
x 2829 -43.65465974084823 -213.29773505516124 1.269941520190967
z 2829 181 6.052766472813025 -0.2631876394937729
z 2829 511 7.059543261888994 0.7030922163338857
z 2829 685 4.374114158865732 1.7537654483944483
z 2829 870 5.01010481441906 0.7950737986305816
u 2830 1.0144809911076438 -0.006230309874830594
x 2830 -43.30743042124035 -212.29191115654388 1.2068330030141725
z 2830 181 5.079106654241153 -0.3083421159801505
z 2830 511 6.322070446737872 0.8136467409343737
z 2830 685 4.669476120643359 1.9751590425064451
z 2830 870 4.3628997321091445 0.9685922027880407
u 2831 0.978823899546082 -0.004320794773208102
x 2831 -42.950099265944715 -211.31988343353424 1.2302001642128504
z 2831 50 8.371085031536479 0.09935203655646596
z 2831 181 4.156292104740323 -0.3750667018558653
z 2831 511 5.69608422890947 0.9434450231548421
z 2831 870 3.8948762587237447 1.1818388872604375
u 2832 0.9743438561253325 -0.010294136426525123
x 2832 -42.57819914530967 -210.3265849809548 1.1948871997430741
z 2832 50 7.402758250782185 0.1233755955440734
z 2832 181 3.2669077778615065 -0.47281033372732306
z 2832 511 5.188970841496325 1.1069196216643125
z 2832 870 3.6438065339598222 1.4426879035146873
u 2833 0.9727134284669492 0.004741055549293748
x 2833 -42.28496641362937 -209.61233777898138 1.1675729649340933
z 2833 50 6.438229153983735 0.1368728819211369
z 2833 181 2.4428386083306526 -0.6607457209511893
z 2833 511 4.830488600607952 1.283038487486671
z 2833 646 7.783985499018915 0.5489658547626242
z 2833 870 3.64707896004685 1.7055730673480678
u 2834 1.0150473183192148 -0.0014185503831092648
x 2834 -42.063907806819735 -208.91024635373324 1.3639576970940563
z 2834 50 5.434556945574633 0.16391034823803752
z 2834 181 1.7550407728328046 -1.0218343247632897
z 2834 511 4.646239378906277 1.4955488133252315
z 2834 646 6.938752299152024 0.6268806631699615
z 2834 870 3.9155544415398484 1.9667622988437348
u 2835 0.982143562373354 0.0012018381125910775
x 2835 -41.92437276936688 -208.08348039560113 1.443241921605372
z 2835 50 4.468335341551722 0.19845231457847223
z 2835 181 1.4992262111737642 -1.6162751238721595
z 2835 511 4.675529428721101 1.7053660066588847
z 2835 646 6.169920512289615 0.7191171159869274
u 2836 1.0344544580344992 -0.0005784830972094664
x 2836 -41.72527039158408 -207.12331086671009 1.289422762410279
z 2836 50 3.4602760020111774 0.258088841003683
z 2836 181 1.8595415544918528 -2.204934429348581
z 2836 511 4.922524161601008 1.9157187181463158
z 2836 646 5.434723307008304 0.8454502124959378
u 2837 0.9905957258185704 0.013479251832839571
x 2837 -41.57770081050089 -206.36144160912806 1.469520074391352
z 2837 50 2.5129206956140293 0.34280870877617886
z 2837 511 5.333675259702728 2.0783522852749767
z 2837 646 4.829128362099024 0.9851394616598199
z 2837 667 7.568558416320537 0.20798726315330995
u 2838 1.0082030571006875 0.0071394112284100635
x 2838 -41.41648713462403 -205.30867905266012 1.3681655683211034
z 2838 50 1.5977992650933357 0.5472191204548018
z 2838 646 4.3503637122206555 1.1718834300577354
z 2838 667 6.584530298779887 0.2319350514849119
u 2839 1.0049478109645007 -0.004642162905734092
x 2839 -41.099951232033426 -204.28088668801317 1.1759100234019382
z 2839 50 0.907913084411334 1.168278926255546
z 2839 646 4.06916039605727 1.4063410149919031
z 2839 667 5.611881416902681 0.27815596167162715
u 2840 0.9782861177732025 0.011212578385613643
x 2840 -40.64794395671448 -203.48669895708912 0.9308380444904909
z 2840 50 1.0374550649695677 2.203242144475256
z 2840 646 4.0209029421409666 1.6372770309905658
z 2840 667 4.677130515712104 0.3232772209729884
u 2841 1.0787457652179084 -0.004727975116011612
x 2841 -39.977643970847076 -202.5031410534275 1.0143439772918006
z 2841 646 4.234159966456499 1.8989927020043096
z 2841 667 3.671334531506157 0.42214490599856447
u 2842 0.9609767848092461 0.006542835477313065
x 2842 -39.68037926663068 -201.91255649809665 1.1946169410978236
z 2842 646 4.631359431417701 2.090375560717492
z 2842 667 2.820649982005768 0.5546199276671668
z 2842 695 8.232555465185305 -0.12662119006303563
u 2843 0.9850187126625496 -0.0023169305116077185
x 2843 -39.23933928485479 -200.81879886897286 1.1803937653257162
z 2843 667 2.050827775963096 0.8131406148990408
z 2843 695 7.256326287785818 -0.14129151513922844
u 2844 1.008672017681916 0.00017607598168481605
x 2844 -38.79792581177872 -199.81715475672198 1.1310310573064575
z 2844 667 1.5426807739159825 1.3078655379257196
z 2844 695 6.259332145528317 -0.16417659841494725
u 2845 1.0142538232886502 -0.0016911546797389128
x 2845 -38.17949797722375 -198.62387415490812 1.0542665963460234
z 2845 667 1.6117623849822205 1.962835741860177
z 2845 695 5.261162622326908 -0.19383793375223268
u 2846 1.1187480071083233 1.5707963267948966
x 2846 -38.4400656490868 -197.91251761998356 2.7895636233219356
z 2846 667 1.538766094438454 1.0412736668113922
z 2846 695 4.773267733584801 -1.9406993551710787
u 2847 0.9926348027827016 0.0050984401228233315
x 2847 -39.52772260637646 -197.63099146428561 2.9870643988194754
z 2847 695 5.217068773481023 -2.123960296485441
u 2848 0.9887546957454182 -0.0008133527801307465
x 2848 -40.524583046428894 -197.51254073138873 3.0595824093509734
z 2848 591 8.37963317681694 -1.3511292939682225
z 2848 695 5.79759725295929 -2.2688094563852665
u 2849 0.9739172059475805 0.006703861508109221
x 2849 -41.482826615029644 -197.4295199012817 3.050757415373779
z 2849 385 7.860154247404198 0.37334408354762605
z 2849 591 8.225783593125596 -1.4737310640403116
z 2849 695 6.468957434466348 -2.390784550771417
u 2850 1.013267117490814 0.0071400852114715295
x 2850 -42.59250580097217 -197.38513866368177 -3.130704119209458
z 2850 385 6.9250659499561715 0.4191088604637119
z 2850 591 8.193530676408947 -1.6043107433651231
z 2850 695 7.245057738198914 -2.4931166256495603
u 2851 1.0268100934809452 0.005781280465288429
x 2851 -43.401768184304665 -197.38063223201522 3.1195671006593564
z 2851 239 8.097786890449118 -0.40603717821100416
z 2851 385 6.000300129185091 0.4825699874631426
z 2851 591 8.294619392838824 -1.7341198780523825
z 2851 695 8.088845779476145 -2.5753486405635275
u 2852 0.9831838938418215 -0.003905044545672577
x 2852 -44.209698125566234 -197.44332579760243 -2.964681929518049
z 2852 239 7.2041653234858005 -0.45581650509751226
z 2852 385 5.150682696181389 0.5755036981883124
z 2852 734 7.795172696849006 0.16544654406024728
u 2853 0.9745522490650111 1.642885245328868e-05
x 2853 -45.107350104448784 -197.6155730851755 -2.9393392266711746
z 2853 239 6.34363915170202 -0.5235115116954283
z 2853 385 4.365450193170559 0.6972878344140652
z 2853 734 6.835811055133361 0.18891066256470168
u 2854 1.0491180819481432 0.0018316992727203316
x 2854 -46.076274425419285 -197.81031625049337 -2.9471533305860023
z 2854 239 5.460836531142432 -0.6216883732598824
z 2854 385 3.6236283974532064 0.8822507153523604
z 2854 734 5.808487730739649 0.22084098529005747
u 2855 1.0265972536422985 0.00035349915456760916
x 2855 -46.805846351351626 -197.96599243608648 -2.9155771978783642
z 2855 239 4.664918965455929 -0.7505964839592796
z 2855 385 3.0750730494384535 1.1425877246424072
z 2855 734 4.81203219303469 0.2671997850048613
u 2856 0.9906064807138506 -0.0010959173565689977
x 2856 -47.65828447789915 -198.1228568628362 -3.0036428552909813
z 2856 239 3.997582114574746 -0.9192342188920462
z 2856 385 2.812579623480246 1.4699255871994605
z 2856 734 3.8656159662797394 0.33614417023005805
u 2857 0.9821620981346121 -0.008714222188516366
x 2857 -48.40442206962513 -198.27646762448364 -2.873466935428545
z 2857 239 3.4865656565784553 -1.1356594302231473
z 2857 385 2.888399086317475 1.8239125103517644
z 2857 734 2.9580864333029235 0.4559698638945351
u 2858 1.0388887482877034 0.018610280410923566
x 2858 -49.6146801405843 -198.6047480161616 -2.879968551350723
z 2858 239 3.200464796800527 -1.4543663926464054
z 2858 385 3.2970977320718204 2.116047861360305
z 2858 734 2.070352480756296 0.6558450998939827
u 2859 1.0233296664666005 -0.0012644400129353018
x 2859 -50.55354681325489 -199.00516213071484 -2.5969583748747933
z 2859 239 3.2442473455288114 -1.7717365600858876
z 2859 734 1.4060558580449647 1.1173898076188218
u 2860 1.0270196708365629 0.008240912815114361
x 2860 -51.64972305909385 -199.73590367528863 -2.5102755600046964
z 2860 239 3.5967804501262584 -2.0633084759879115
z 2860 734 1.3251415205075874 1.8780016375852977
z 2860 737 7.8803162682005885 0.8776910056398011
u 2861 0.9818449280004763 -0.004773193464742582
x 2861 -52.559408115944464 -200.3250280930954 -2.6235181801289253
z 2861 734 1.8742516003804757 2.4051660987977206
z 2861 737 7.29415817698701 0.9864046775290536
u 2862 1.0133108476804977 -0.012038939802572823
x 2862 -53.530299701475286 -200.8338034257945 -2.6942961458252057
z 2862 737 6.793419912802309 1.1236701009677201
u 2863 0.9755613881403622 -0.002572965498841133
x 2863 -54.5770779101229 -201.26997716890125 -2.799280620053139
z 2863 737 6.433241721766253 1.2634940122937248
u 2864 0.9531216234462399 -0.00216103452042848
x 2864 -55.84537156532264 -201.72541474959976 -2.794396785139999
z 2864 206 8.498086460288647 0.5570393083448142
z 2864 737 6.212741653152269 1.4124588454692182
u 2865 0.9875377995135965 0.008888271972724305
x 2865 -56.75717393800063 -202.19911320688487 -2.5305076736534495
z 2865 206 7.675055655337365 0.6157400837671627
z 2865 737 6.130641545948141 1.5631999548543947
u 2866 1.040417007096602 0.0011735520107980445
x 2866 -57.48825889856923 -202.7148514661325 -2.523939260467166
z 2866 206 6.851719941366911 0.7023078244953762
z 2866 737 6.209898806769573 1.730356295437634
u 2867 0.9815908451370765 0.003882844700168131
x 2867 -58.16100145576429 -203.36535105947817 -2.222065440553686
z 2867 206 6.133901252975955 0.8017458162657771
z 2867 737 6.437388268393429 1.8776410212690333
u 2868 1.022258987413538 -0.0028383110828664572
x 2868 -58.80745923661769 -204.12064785060338 -2.33534480076401
z 2868 206 5.473661267681624 0.9393761887546921
z 2868 737 6.8174920234916385 2.0238482039265113
u 2869 1.0369297212467152 -0.002539223579534376
x 2869 -59.56491740282785 -204.94928596287394 -2.2873494749893104
z 2869 206 4.93427537479272 1.1125288846985244
z 2869 304 7.932714814058907 -0.7477158916499169
z 2869 737 7.331994730003891 2.153810934278872
u 2870 0.9578358506946453 0.0014046385361501195
x 2870 -60.28666891634951 -205.74241407797612 -2.3308751223161197
z 2870 206 4.590953428381355 1.299276081337049
z 2870 254 8.318430875495313 1.126695369814147
z 2870 304 7.260161862512351 -0.8390176065927566
u 2871 1.0306456335105105 0.004011488547403408
x 2871 -61.011000454466334 -206.4786239371326 -2.3652485756412833
z 2871 82 8.447526252429649 -0.5793217605734386
z 2871 206 4.425243917139137 1.5214308102784697
z 2871 254 7.928459279064825 1.2402255071230055
z 2871 304 6.617764598917504 -0.9593677450018112
u 2872 1.0089719783750206 0.004999223817929207
x 2872 -61.722831886247114 -207.136338074973 -2.4261288735131004
z 2872 82 7.6247559094207205 -0.6571057865390837
z 2872 206 4.487523152887677 1.7428992777864618
z 2872 254 7.658173425817895 1.3600604763182025
z 2872 304 6.097075929008233 -1.1005277237694768
u 2873 0.9432115946083885 0.006574134529289828
x 2873 -62.114296511209915 -207.40630440984313 -2.649589857513649
z 2873 82 6.90414130961469 -0.7475817314185909
z 2873 206 4.738123754251227 1.9338453443512105
z 2873 254 7.514580963021966 1.4764495171316518
z 2873 304 5.734633307755636 -1.2545008354989602
u 2874 1.0238256491855393 -0.01175842518923695
x 2874 -63.13344322393644 -208.0084171221605 -2.5663395754356793
z 2874 82 6.188032514691508 -0.8478271914770459
z 2874 254 7.493840434748724 1.6247187492670232
z 2874 304 5.496927231623546 -1.4203448229618694
u 2875 1.0351911968418912 -0.004119569897237352
x 2875 -63.99711228214426 -208.61337837338456 -2.494783286819628
z 2875 82 5.555832305730591 -0.9836242747541419
z 2875 254 7.622163730565667 1.7648577922140687
z 2875 304 5.436805934241528 -1.6055482961965248
u 2876 0.980211811881251 0.012571949846885151
x 2876 -64.91301636950075 -209.20117435722287 -2.647272155145802
z 2876 82 5.084396261864106 -1.1580676228307727
z 2876 254 7.86432268767279 1.8750425085419975
z 2876 304 5.5638957797801885 -1.795066323274093
u 2877 0.9939707092811474 0.005645520836026102
x 2877 -65.50530386414746 -209.5015233339303 -2.697290257966171
z 2877 82 4.776086386334404 -1.3557648521153673
z 2877 254 8.214432591717669 1.9852030393200355
z 2877 304 5.868149525974753 -1.9665052094323414
u 2878 1.0604897602245655 0.0072678933244926126
x 2878 -66.52818315023875 -210.10231290492337 -2.523760780112863
z 2878 82 4.670128549276354 -1.5869222959631841
z 2878 304 6.356025126539056 -2.1281044878645954
u 2879 1.1114001942995546 -1.5707963267948966
x 2879 -67.23375118127302 -209.92250276920487 2.0246948311596284
z 2879 82 4.0385826563294716 -0.19507679336333483
u 2880 1.0253144222518007 0.011000527303671962
x 2880 -67.58902647535848 -209.23651482975362 2.072632440051306
z 2880 82 3.0406985817001577 -0.2733090127258748
u 2881 1.0322643753027532 -0.023535680827174044
x 2881 -68.20226541070024 -208.05488557260222 2.0263883113628145
u 2882 0.9766359787639345 0.002185126981699873
x 2882 -68.75595966245673 -207.08745016355397 2.154858147304763
u 2883 0.9252357920500885 0.007273154066582437
x 2883 -69.416145563993 -206.20369902789943 2.2699257658486047
u 2884 1.0294207850177206 -0.015122399890981667
x 2884 -69.89054497132325 -205.4175127477224 1.9575256277541335
u 2885 1.030679374701239 0.006805565158532049
x 2885 -70.24665331575179 -204.44022983652073 1.882933130530592
z 2885 700 8.175902079194119 0.6599351320609745
u 2886 1.0105421532659173 0.004680897795830013
x 2886 -70.55173430068736 -203.6263012137564 1.9758944036384207
z 2886 700 7.401909859153069 0.7387971218058089
u 2887 1.0095808643185962 -0.015881043512515285
x 2887 -70.95700689183037 -202.8148489247885 2.0920989636313694
z 2887 700 6.696183374906961 0.8572669057004614
u 2888 0.9990695286900577 0.0029485578630695187
x 2888 -71.3977737724733 -201.8303211660186 1.8913624009253311
z 2888 700 6.088093107273327 0.9785496798697437
u 2889 0.9874959063898973 0.013019085927840684
x 2889 -71.50510470141624 -201.45594852478126 1.8086433091241148
z 2889 700 5.591349088102524 1.1119396534632058
u 2890 1.01624446434411 0.006975316769353474
x 2890 -71.80878524744854 -200.33504135115956 1.8620948657563465
z 2890 700 5.217940302641994 1.2801707356128302
u 2891 0.9840998273549745 0.007109295153983103
x 2891 -72.09849030072108 -199.26437961818834 1.8080118825026172
z 2891 135 7.759269072484094 -0.538994009237169
z 2891 700 5.021705752370965 1.4617287615046326
u 2892 0.983777894747266 -0.011825549562450924
x 2892 -72.35152270559021 -198.30192952086648 1.8477540948677014
z 2892 135 6.930056666791174 -0.5993723854797945
z 2892 700 5.016764832205196 1.669867354709682
u 2893 0.9837281451608653 0.00014301600559742813
x 2893 -72.56326156168517 -197.46728843932377 1.7907329226437643
z 2893 135 6.142965042614433 -0.689986524021962
z 2893 700 5.206842287959558 1.858854669344585
u 2894 1.0270748228644078 0.0030702947415236987
x 2894 -72.6851401294704 -196.4117248305774 1.5807677000515898
z 2894 135 5.391763848141251 -0.8148346533454314
z 2894 700 5.584700093858321 2.033123515768363
u 2895 0.9970737693874123 -0.0022168382806630692
x 2895 -72.71329300809795 -195.52509924437615 1.6243092994452448
z 2895 135 4.762444314088225 -0.9653862032536003
u 2896 0.9494970981518568 0.006995593072618864
x 2896 -72.76586635942361 -194.79024869393788 1.6601258104828576
z 2896 135 4.296698560571942 -1.1555500907724956
u 2897 1.0362209765292802 -0.0034031840925957315
x 2897 -72.96090347454115 -193.7632391546605 1.856812744745806
z 2897 135 3.9911450633379313 -1.3918221674845201
z 2897 399 7.879078214731915 0.8524370512403756
u 2898 1.0015929295756685 -0.0018171487179907957
x 2898 -73.17005514143186 -192.96684070800552 1.7984246316320087
z 2898 76 8.363741635326557 -1.1523125562702614
z 2898 135 3.93725884894874 -1.642978304616529
z 2898 399 7.2598972612039105 0.9583948266410989
u 2899 1.0003600247556725 0.006244687896765207
x 2899 -73.3067285449456 -192.00637057025773 1.6258669905575411
z 2899 76 8.012526877935922 -1.2730405926849915
z 2899 135 4.134653724870127 -1.8928861884023167
z 2899 197 7.883232578778192 0.6323048291851077
z 2899 399 6.732034611403783 1.0737747169237855
u 2900 0.9844843943458443 0.0145920163483497
x 2900 -73.4184836953588 -190.8371705519937 1.706311823474591
z 2900 76 7.787911710410733 -1.409046372685609
z 2900 135 4.549487405928115 -2.1136963420500527
z 2900 197 7.108241773269566 0.6988374268919122
z 2900 399 6.315418333748518 1.1960875101838369
u 2901 1.0075015901418063 -0.011479444472192218
x 2901 -73.46893410670164 -189.7715299057697 1.5298957829946342
z 2901 76 7.684435136421424 -1.5272037106283818
z 2901 197 6.374137146523339 0.8128738671906293
z 2901 399 6.025781838062712 1.3641511519667358
u 2902 0.9805383296399555 0.006493484183398941
x 2902 -73.32099025294755 -188.82871442713088 1.3004011515600178
z 2902 76 7.707409325518738 -1.6611585149624246
z 2902 197 5.741852273289699 0.9303402716742957
z 2902 399 5.899947242828082 1.5209288429806076
u 2903 1.0023327011852206 -0.012191677453877498
x 2903 -73.02553963362236 -187.90974950787887 1.219058761682203
z 2903 76 7.85552347764232 -1.776454277521917
z 2903 197 5.210732473884999 1.0980936227408291
z 2903 399 5.941085653198752 1.7024783521406919
u 2904 1.0151172656108365 0.00013302003569355718
x 2904 -72.74650094866237 -187.12575280107887 1.2386591222453855
z 2904 76 8.123892265129502 -1.8992140565343227
z 2904 111 8.120536330517071 -0.15339281661701154
z 2904 197 4.833736372460506 1.286038732997655
z 2904 399 6.157101760384725 1.8665253267498958
u 2905 1.0950888598924111 -0.004379068260572079
x 2905 -72.33709312964027 -186.06768989027455 1.1645373459032822
z 2905 111 7.0398754394186716 -0.17244680292654335
z 2905 197 4.6489141306078805 1.5186092063452215
z 2905 399 6.562577713275359 2.0311067114319448
u 2906 1.0202051411961457 0.012089838842815667
x 2906 -72.12836218347356 -185.60184817558905 1.1345552859389567
z 2906 111 6.038602011118709 -0.21453677448008346
z 2906 197 4.701186310778056 1.724891800185146
z 2906 399 7.06993029462455 2.149049633035629
u 2907 0.981110403242585 -0.009019086781181868
x 2907 -71.80027489251134 -184.89453620263538 1.138412479320781
z 2907 111 5.083171709049064 -0.24576870964901953
z 2907 197 4.951836684006139 1.9308240876945675
z 2907 634 7.718488745962881 0.5567181785771567
u 2908 0.9689468861470298 0.007615822404659068
x 2908 -71.33350073454942 -183.98701625859607 1.0530721919161525
z 2908 111 4.15115239665837 -0.31106875306246984
z 2908 197 5.367124833830304 2.0932258742154275
z 2908 634 6.912671646749317 0.6227811776220777
u 2909 1.0069263167243736 -0.012176406446331806
x 2909 -70.76768128041368 -183.10461991298862 0.9481491625938769
z 2909 111 3.204992389937198 -0.3933708330198886
z 2909 634 6.127078253973274 0.7317782559623254
u 2910 1.0245496619115364 0.007008041601863908
x 2910 -70.16985258222132 -182.23252594663649 0.9915745909434088
z 2910 111 2.2945142516813153 -0.5738446325927589
z 2910 634 5.4056184777000915 0.8512576521338815
u 2911 0.9736024112975691 -0.013759113531325301
x 2911 -69.65166234905583 -181.37543037002553 1.0624447476899217
z 2911 111 1.5632951979114165 -0.90114019604151
z 2911 634 4.825593033138754 1.018270149317594
u 2912 1.0088942840447008 0.0014463381185296177
x 2912 -69.18643093163134 -180.63199629860793 0.960817732709212
z 2912 111 1.2270131254400323 -1.6036500484911258
z 2912 553 7.669846130575615 0.03368844699283757
z 2912 634 4.380393886902975 1.2140617808524041
u 2913 1.0557666147449927 -0.006961447353962078
x 2913 -68.56503054327746 -179.81628833209098 0.8787632694695953
z 2913 111 1.6420385624091658 -2.29468280056134
z 2913 553 6.614927203204417 0.04658088707450103
z 2913 634 4.135536306961256 1.4629020041487433
z 2913 831 8.409418171938375 -0.9216619707267117
u 2914 1.0134750585642516 0.0031480594883816523
x 2914 -67.76076474928634 -178.7448659896958 0.9749923067450847
z 2914 553 5.602664400633681 0.05157152928980002
z 2914 587 7.882034943676735 -0.5530304348515029
z 2914 634 4.148976027391733 1.705014303273174
z 2914 831 7.839827662887567 -1.0280959286889644
u 2915 1.0309721099208522 -0.001184483220762829
x 2915 -67.12484249418172 -177.6136789317411 1.1423190642751582
z 2915 553 4.57341062481869 0.064510094059953
z 2915 587 7.0252853381421065 -0.628932287480561
z 2915 634 4.4075742640604085 1.9401129749033492
z 2915 831 7.359961816324535 -1.1471093826400005
u 2916 0.9852354816884931 0.00638925195992312
x 2916 -66.73413253106743 -176.6684843575376 1.2153251554738764
z 2916 553 3.5905358679311075 0.07493590079620827
z 2916 587 6.25756245646847 -0.7284856457139437
z 2916 634 4.848360104614971 2.124622584046378
z 2916 831 7.0156704544508015 -1.2820523155249637
u 2917 1.0356957445483264 -0.002434863676375955
x 2917 -66.22625479463706 -175.52469273947145 1.090511191772511
z 2917 553 2.5590554746141065 0.10816646551505693
z 2917 587 5.526963977800839 -0.850957821601261
z 2917 831 6.7924458094624125 -1.4262547570716735
u 2918 0.9859641822703099 0.00884949875818036
x 2918 -65.73753975689017 -174.7049533588444 0.9758645119642804
z 2918 553 1.5816942720150107 0.1639141233866095
z 2918 587 4.936662909980975 -1.011138933614037
z 2918 831 6.725981349322603 -1.58077214518382
u 2919 0.9810137021631707 0.0005249332095111412
x 2919 -65.13746987541839 -173.81843564790418 0.9756421388374763
z 2919 553 0.6342562140193495 0.4181295532623013
z 2919 587 4.493661722111609 -1.1977711898260484
z 2919 831 6.807078723698972 -1.7259097368321707
u 2920 1.0280565726374937 0.011082507607613206
x 2920 -64.54409873358435 -172.92165430587514 0.996883097293713
z 2920 553 0.5143018938070371 2.6187854424324524
z 2920 587 4.2344361661534 -1.4374123516913284
z 2920 831 7.045004004181588 -1.881542273165672
u 2921 0.9834881870999553 -0.015626547103009154
x 2921 -64.02227159559271 -172.0721801785752 1.0429819799179754
z 2921 27 7.736691197397764 0.5303585335867069
z 2921 348 8.38111266068158 1.3656001412775538
z 2921 553 1.4533186412023047 2.9742142628793253
z 2921 587 4.210173127731091 -1.6551696714558006
z 2921 831 7.398189229040185 -1.9931405486048694
u 2922 0.9596118810848109 0.005643897191650224
x 2922 -63.44116910881882 -170.99628429823426 1.1081733010284003
z 2922 27 6.924410978490319 0.5945352748302302
z 2922 348 8.236623445993313 1.4741983147996436
z 2922 587 4.3988723448630696 -1.8798820452506984
z 2922 831 7.842872583157643 -2.110477824747308
u 2923 1.0432983223914214 -0.0038377897125024024
x 2923 -62.932649766465566 -170.19595445383123 0.9013515120643714
z 2923 27 6.08952129312273 0.6947585805051775
z 2923 348 8.204002874062574 1.604976537252016
z 2923 587 4.8180704705403095 -2.083941818127868
u 2924 1.114913012990588 1.5707963267948966
x 2924 -63.2175485030196 -169.08221651009944 2.7411088312719603
z 2924 27 5.0906782282226475 -0.8938864464134415
z 2924 348 7.554601943133589 0.13144206388947222
u 2925 0.951059320666975 -0.0033248696934756504
x 2925 -64.00319150779694 -168.74638140498703 2.734162665389869
z 2925 27 4.554297632703144 -1.0538514954659335
z 2925 348 6.613160069885525 0.15385378671980732
u 2926 1.036134269618689 -0.007179745672185772
x 2926 -65.08754375726326 -168.14200892868578 2.5320729558488573
z 2926 27 4.137802374998389 -1.2656587062466496
z 2926 348 5.592203905293667 0.1900886510022337
u 2927 0.9758720998757937 0.0007825842395213149
x 2927 -66.11287940111188 -167.53552786275313 2.682827415601386
z 2927 27 3.9560765698051656 -1.5039794617673286
z 2927 348 4.637489829587367 0.2289957299633789
u 2928 0.9645497815648421 0.006596702896183996
x 2928 -67.01894037843134 -166.9479688315351 2.449751287364946
z 2928 27 4.012040560076182 -1.7528683713577244
z 2928 348 3.7036997084448418 0.28071229438193823
u 2929 1.013907155191862 0.014831589287593344
x 2929 -67.7469308402972 -166.3247475367997 2.417402425880156
z 2929 27 4.319357192580621 -2.0003243062763687
z 2929 348 2.7411257006759175 0.36588152601285806
u 2930 1.003499099630734 0.002781484768322584
x 2930 -68.42624886152099 -165.91386679659337 2.7778370574389513
z 2930 27 4.825445246635443 -2.1931971788393945
z 2930 348 1.838684778991212 0.5589012965834357
u 2931 1.0330070053085896 0.005084455343911807
x 2931 -69.46825908539783 -165.4503084733635 2.668190207033322
u 2932 1.0179363107219943 -0.006647043803655069
x 2932 -70.46358558202634 -164.908213010816 2.6175563272384643
z 2932 319 7.621898750927393 -0.519112631444723
u 2933 0.9627988256025191 -0.008519810852831863
x 2933 -71.37206256325834 -164.25989388698304 2.425994723608288
z 2933 319 6.800460022050804 -0.5803633929162499
u 2934 1.0005846577741204 -0.002028127602490687
x 2934 -72.0017981767821 -163.71780666776698 2.43570947348109
z 2934 319 5.988260550203625 -0.6699422476259329
u 2935 0.9884059616053454 -0.003932402954965784
x 2935 -72.65587587674645 -163.05824810595485 2.2683349899256795
z 2935 319 5.248117584967404 -0.782930563957569
u 2936 1.028507819334952 0.00078365847028282
x 2936 -73.24348116415551 -162.40646156378082 2.340577470442561
z 2936 319 4.577247503043516 -0.9429429944483396
u 2937 0.9742909410234556 -0.016464411593091154
x 2937 -74.05453488192873 -161.70296020144065 2.513598513123574
z 2937 319 4.074561336643121 -1.1200337652730088
u 2938 0.9640722567453552 0.000887174544315755
x 2938 -74.8193041772343 -161.06360999797596 2.376962096052784
z 2938 319 3.7565929598883643 -1.3540780786689766
u 2939 1.031147327191057 0.011207814479919647
x 2939 -75.49192924271954 -160.45481671021886 2.434971360533032
z 2939 319 3.6812809752356883 -1.6427163251948693
u 2940 1.002341006675368 -0.006895368789080403
x 2940 -76.2168874697696 -159.8005123343263 2.3797797771039972
z 2940 319 3.8809057187227634 -1.8964302211230013
u 2941 0.9981929858162104 -0.007293388288265232
x 2941 -76.73838406554084 -159.35459252259827 2.488537081574629
z 2941 319 4.302279963218845 -2.111044373116103
u 2942 1.0083975457322094 -0.0018716287215859318
x 2942 -77.3718683214833 -158.86838496678263 2.4854168460378254
u 2943 1.010339401586493 -0.005213050974004962
x 2943 -78.18308786028261 -158.2416890917592 2.4822314493614748
u 2944 1.0022770238496623 -0.0034720256872001706
x 2944 -79.59065877762634 -157.3665192064816 2.688423232438751
u 2945 1.0082976935899393 0.004095568016821618
x 2945 -80.65684481621751 -156.96006296018987 2.8663289282297164
u 2946 0.9809161429495324 0.0023627904033160564
x 2946 -81.62417462124702 -156.56093048894007 2.6341927659711075
u 2947 1.0457370278277627 -0.013049001603381193
x 2947 -82.51119134496265 -156.01543004764605 2.5462648961820413
u 2948 1.0004073676148957 0.006480840601564584
x 2948 -83.67086748553697 -155.34151349390623 2.684070332134951
u 2949 1.041491318595139 -0.002355726497934468
x 2949 -84.2222105343277 -155.01814604643724 2.538234383294691
u 2950 0.9895509626209114 0.008900501099248899
x 2950 -85.22457490401469 -154.462927133715 2.733271700198239
u 2951 1.0168097587951657 -0.00023655322143573994
x 2951 -86.130745583247 -154.0423676346492 2.6808684327394925
u 2952 1.0407231827638177 0.004152679281354306
x 2952 -86.93179029289468 -153.557766800439 2.5141982037987844
u 2953 1.0014976966660603 0.004800726294046596
x 2953 -87.63003775541175 -153.0800793454898 2.5690053180639794
u 2954 1.0178330573905803 -0.013965518600297924
x 2954 -88.31129250142351 -152.58174489206743 2.4510752869296883
u 2955 1.0155969174850998 -0.0026105336850837956
x 2955 -89.01580146079075 -151.93009454760448 2.3392276550687185
z 2955 545 8.056673143949004 0.893204551002599
u 2956 0.9922052638511245 -0.0029751595940697363
x 2956 -89.8009634528545 -151.17317981624487 2.409792579228503
z 2956 545 7.475960138600845 0.9998888318773673
u 2957 1.0405405904422695 0.002803724128763565
x 2957 -90.63148858325977 -150.42208920355637 2.402959374930786
z 2957 40 8.272665329976805 0.40694101479425004
z 2957 545 6.967556373954042 1.1229609537034548
u 2958 1.0263151037049578 -0.015723879751442044
x 2958 -91.38842883145024 -149.64456357970315 2.2826005423305373
z 2958 40 7.345050541825424 0.4790061659657563
z 2958 545 6.596123193425322 1.2799279437742586
z 2958 564 8.21118920535145 -0.006565269076314273
u 2959 1.018839311967993 -0.0023391303107371257
x 2959 -92.06878144853214 -148.8608206810674 2.28878816702888
z 2959 40 6.458598621045585 0.5542798466514487
z 2959 545 6.380229906740454 1.43590350224851
z 2959 564 7.192367057551026 -0.004990466814155603
z 2959 860 8.482430561309409 -0.8795391625236828
u 2960 0.9970011259037336 0.007977883182753803
x 2960 -92.78938788698618 -148.01167841846026 2.2601992399514135
z 2960 40 5.632964297317615 0.6389907965852655
z 2960 545 6.319821057644216 1.5848067571996003
z 2960 564 6.195415237284891 -0.01441334424121532
z 2960 860 7.887645886793002 -0.9853781005254092
u 2961 0.9876068611810211 -0.00589878939104938
x 2961 -93.47182360781338 -147.15479825230648 2.2265006982376194
z 2961 40 4.8779307062326875 0.7664139170070694
z 2961 545 6.413049327677868 1.7452977744476428
z 2961 564 5.207887010096059 -0.01068849213408285
z 2961 860 7.385356652266072 -1.0909486958997459
u 2962 0.9955598135859074 -0.00156111175624026
x 2962 -93.76039802910739 -146.74427739480393 2.140494167019506
z 2962 40 4.2182541153487385 0.9325372199946687
z 2962 545 6.659211597182281 1.894606228120911
z 2962 564 4.212387711452548 -0.011468995270642601
z 2962 860 6.981111532129706 -1.2161778631806766
u 2963 1.004027674837465 -0.000632970765778508
x 2963 -94.09504323327451 -146.04208201169254 1.89055544324472
z 2963 40 3.709068826122125 1.1523772424260823
z 2963 545 7.043572705408906 2.0307765949930827
z 2963 564 3.2084420311463147 -0.014325948551082046
z 2963 860 6.698668811530703 -1.356553929855469
u 2964 0.9871531898581775 0.005105242027888462
x 2964 -94.39347212971249 -145.32203925352565 2.036855972902943
z 2964 40 3.426252247972523 1.413360545163414
z 2964 545 7.531794180062153 2.143534158881014
z 2964 564 2.221493001263265 -0.02693113803487135
z 2964 860 6.562610335586326 -1.509257349248113
u 2965 0.921316880744818 0.016886020528238514
x 2965 -94.8902695164852 -144.55469016096916 2.2538558636571517
z 2965 40 3.397877319433542 1.6671888581813903
z 2965 564 1.301171474779298 -0.0688615307806808
z 2965 860 6.578366513996446 -1.6664568279917624
u 2966 1.016944217857539 -0.004985321454701838
x 2966 -95.57443632733901 -143.76536700927034 2.3160436998152036
z 2966 40 3.641705067915671 1.9537658762990304
z 2966 564 0.2942993999947151 -0.29509844884027103
z 2966 860 6.749357735985569 -1.8120591165940905
u 2967 0.9529600007985343 0.003226181708802059
x 2967 -96.05817636380746 -143.01882386178366 1.9754472833536196
z 2967 564 0.6770105559793361 -3.0157634968696154
z 2967 860 7.039575685256736 -1.9470650036761619
u 2968 0.9732548039518839 -0.0003307323023913085
x 2968 -96.52485991555665 -141.90438333416827 1.9592929602136255
z 2968 860 7.452234689063487 -2.068505555122327
u 2969 0.9298903843567757 0.007941357114208868
x 2969 -96.80406287351109 -141.0557525848374 1.8179980070471427
u 2970 1.0118227018437442 0.007447675862774142
x 2970 -97.10255475149931 -140.0401598187235 1.8953134811719714
u 2971 0.9848470442010591 0.006793654240365231
x 2971 -97.36085512812537 -139.31274550722853 1.9286903278347198
u 2972 1.0020635875831652 0.003812986443595808
x 2972 -97.77510717884748 -138.3216844610353 2.0047359801009197
z 2972 130 8.433063988503596 0.56814153635188
u 2973 1.0153394032766385 0.0038760033992604748
x 2973 -98.21231604645278 -137.3633414504746 1.9928745025841135
z 2973 130 7.5957282322026405 0.6360332349250255
u 2974 1.0124737836973485 -0.0003967109343484925
x 2974 -98.63756863776925 -136.48767332682536 2.052892952649299
z 2974 130 6.807985600357875 0.724909238012672
u 2975 1.0036100797261793 0.0027629380195304085
x 2975 -99.06554794381421 -135.87316448095663 2.3053887036078917
z 2975 130 6.092145341201949 0.8314258348245791
z 2975 271 8.135688802391256 0.790495401876318
u 2976 0.9919122752968951 -0.01245858578763337
x 2976 -100.01156298146532 -135.08083397031535 2.583358759494084
z 2976 130 5.478165439615585 0.9788389938607809
z 2976 271 7.476016924105686 0.897971273033459
z 2976 590 7.75828592784513 0.5826812786364668
u 2977 1.1169652484490105 1.5707963267948966
x 2977 -100.81364895889317 -135.2933463391814 -2.065361462238254
z 2977 130 4.495458191298446 -0.5489412341193272
z 2977 271 6.477745241166402 -0.6553849153122733
z 2977 590 6.7762811072754925 -1.0179977148976347
u 2978 1.0131221560616581 -0.001870112455097945
x 2978 -101.26527976800267 -136.04792720413346 -2.154890484947919
z 2978 130 3.6688590354088357 -0.6914377259036093
z 2978 271 5.7073687340621095 -0.7617813295031262
z 2978 590 6.302701268660097 -1.1532808258256355
z 2978 789 8.04339545376434 -0.1712405076942849
u 2979 1.0397306849174368 -0.0022713619644028557
x 2979 -101.72417498157262 -136.632245690264 -2.3181915522811067
z 2979 130 2.9426187755506708 -0.9161024419215131
z 2979 271 5.0057809514059235 -0.9031941076890009
z 2979 590 5.956259771131143 -1.3111789750093357
z 2979 789 7.02087802035556 -0.19404149464708098
u 2980 1.075871568654766 -0.008307197676129315
x 2980 -102.31453996226189 -137.38860246078445 -2.1489221403436454
z 2980 130 2.437246044545849 -1.2643378055969745
z 2980 271 4.417216942828839 -1.0867047595019201
z 2980 590 5.7700103221923875 -1.4838681437948058
z 2980 789 5.9678038044797335 -0.21976827428634715
u 2981 1.013147309849645 -0.009541280459386741
x 2981 -102.77401034191149 -138.03463161292626 -2.2291067326861005
z 2981 130 2.335443821705511 -1.680510041383739
z 2981 271 4.041644891517606 -1.3003249299009578
z 2981 590 5.766182954864608 -1.6501982549885883
z 2981 789 4.982676541422982 -0.2536207521586702
u 2982 1.0570866309689344 -0.003968770334832098
x 2982 -103.31533800691237 -138.9790449709535 -1.953430826078134
z 2982 271 3.8926801309637926 -1.5609739808843328
z 2982 590 5.94214845533424 -1.8245362196230603
z 2982 789 3.967621934669611 -0.31603843054616787
u 2983 1.0105634841597437 0.0011402530094822018
x 2983 -103.6858682446353 -140.27263076982342 -1.7460963757827992
z 2983 271 4.012655644412796 -1.8166883420711804
z 2983 590 6.273099181791195 -1.9822286586198632
z 2983 789 3.0237011053826692 -0.4214234226140321
u 2984 0.9713385057239667 0.0049220289856011295
x 2984 -103.91772383422649 -141.14167734710685 -1.9169370450368943
z 2984 271 4.354428141231016 -2.0395565389805435
z 2984 374 8.082149274122862 -0.247340123239971
z 2984 590 6.722829541935725 -2.119823099612557
z 2984 742 7.868669684938526 0.5731453903896297
z 2984 789 2.175330387708656 -0.6110511594334209
u 2985 0.9829797689777708 -0.00216610721102191
x 2985 -104.10259395175584 -142.0410229946069 -1.6301288502454176
z 2985 374 7.132850806001388 -0.27877511067717764
z 2985 590 7.283389234693579 -2.2331164373349615
z 2985 742 7.063558106608435 0.6509747349166597
z 2985 789 1.4808502739904918 -0.9989501772779876
u 2986 0.9997200685011688 0.009305746068596023
x 2986 -104.2598132490693 -142.92877506668881 -1.862025391778464
z 2986 374 6.179348027204739 -0.3333388144849483
z 2986 742 6.294342318874188 0.737470167139552
z 2986 789 1.2655346344064218 -1.7374360028404028
u 2987 1.0197688202801412 0.006781081207573906
x 2987 -104.442086744004 -143.91164423865564 -1.646301741651469
z 2987 374 5.2277200890358415 -0.40461581501773614
z 2987 742 5.579200731769153 0.8534422751308539
z 2987 789 1.7544959103148865 -2.354194734694443
u 2988 0.9893853286935252 -0.0018327696428326915
x 2988 -104.41454956158398 -144.4956369078128 -1.401054110613443
z 2988 374 4.33532369946054 -0.4925516148495861
z 2988 742 4.985619167164765 1.0054988229806572
u 2989 1.0237922163815765 0.005026439612592609
x 2989 -104.27960449913168 -145.33065763193343 -1.4200953386996662
z 2989 374 3.468721797960479 -0.6382638252517152
z 2989 742 4.518247515491966 1.1926876657215901
u 2990 0.9925131619417249 -0.0031217521777645646
x 2990 -104.1138906072935 -146.40784104969745 -1.4162106905741345
z 2990 374 2.7350966565512707 -0.8526015621245975
z 2990 395 7.707732858669419 0.5011415906160561
z 2990 742 4.25460814988313 1.4144838583806134
u 2991 0.9625379884246317 0.019694954148253667
x 2991 -103.95647948488597 -147.1494986921436 -1.3071043386557797
z 2991 374 2.23199067742132 -1.2059526189853134
z 2991 395 6.874069023521483 0.5475526843701006
z 2991 742 4.203985227932715 1.6225545136677137
u 2992 1.0322622866658269 0.019980665856687913
x 2992 -103.84841939636122 -148.04831516522478 -1.595187130218075
z 2992 374 2.108619517088553 -1.7028438178592624
z 2992 395 6.010696860803404 0.6156214020478634
z 2992 742 4.370517497632919 1.8407984488750904
u 2993 1.034239222698211 -0.005684845067695649
x 2993 -103.93990049949255 -149.04110905882663 -1.730176800107788
z 2993 374 2.4653401317144583 -2.12621703944349
z 2993 395 5.202701659209131 0.7368174484906951
z 2993 742 4.754700814256717 2.057518865106461
u 2994 0.9990995695277405 0.004087470874793175
x 2994 -104.14498915718963 -149.92770898337284 -1.8660600435913515
z 2994 395 4.5113893001703955 0.8817529783454772
u 2995 0.9589831613272974 0.006760425055036992
x 2995 -104.38233278278987 -150.84769211573607 -1.7804956786926542
z 2995 395 3.968421775425883 1.0620827202796583
u 2996 1.0466746104141698 -0.0022544292965282764
x 2996 -104.5829153364643 -151.88373188277092 -1.7435751691160384
z 2996 395 3.5785442675766355 1.3228152478023496
u 2997 0.9882075565910027 -0.005560257411880338
x 2997 -104.67218808857253 -152.73111250571037 -1.6079459504974871
z 2997 395 3.47356138857256 1.6079888922028758
u 2998 0.958213134497817 0.0028232516063089116
x 2998 -104.737031760553 -153.748301625654 -1.660970220682319
z 2998 395 3.6361981586936625 1.871660699335055
z 2998 546 8.411360859426182 -1.203501961445047
u 2999 1.0200014924332488 -0.007364144402985856
x 2999 -104.76178532104126 -154.78147673857754 -1.5285307215568287
z 2999 9 7.929750518264517 -0.6192451240212513
z 2999 395 4.060375877652551 2.121028362386446
z 2999 546 8.097577035786443 -1.3138038366754032
u 3000 0.981559487053763 -0.006492739256345158
x 3000 -104.74885678303194 -155.46066732221936 -1.5749961014577
z 3000 9 7.151129280731696 -0.6921405023378324
z 3000 546 7.902143035414425 -1.4276328624412884
u 3001 1.002353924905198 -0.006438744255753264
x 3001 -104.78173503381569 -156.51722000769763 -1.6288133157239446
z 3001 8 7.563175525799581 -0.30938558069022193
z 3001 9 6.409135305763632 -0.7852868711999057
z 3001 546 7.8190747048557 -1.5483587590584007
u 3002 0.9857461067259559 0.00043171886630441394
x 3002 -104.8511388764235 -157.45361362696758 -1.660745253372691
z 3002 8 6.631101560192257 -0.35512484927276944
z 3002 9 5.754559472779029 -0.9071556770500591
z 3002 546 7.8592047772500075 -1.6745161522285856
u 3003 1.0351831485625265 -4.066747510962589e-05
x 3003 -104.86448034518855 -158.4228578755551 -1.5083752937833663
z 3003 8 5.671934515301575 -0.41858334980586864
z 3003 9 5.181452339401367 -1.0651521569473519
z 3003 546 8.032622277247414 -1.803009188665102
u 3004 0.9883541385470347 -0.0029767162200356138
x 3004 -104.83638202260362 -159.74338285376922 -1.590667489707608
z 3004 8 4.785093154389858 -0.49937865676476356
z 3004 9 4.780159739318329 -1.2439130060690882
z 3004 546 8.314500821659555 -1.9160134399955449
u 3005 1.0057911229823313 0.002136722993747434
x 3005 -104.83327850049297 -160.5227224397036 -1.5429607135672978
z 3005 8 3.9323696568509074 -0.6245496105586321
z 3005 9 4.558919328584507 -1.4566159724779921
u 3006 1.0187765688406376 0.010955450419892432
x 3006 -104.90529991988043 -161.28538459636965 -1.7869419684509704
z 3006 8 3.166597296741955 -0.8262081897510685
z 3006 9 4.562224246937338 -1.691424141663126
u 3007 0.9948563521284212 0.00773640283566549
x 3007 -105.0829041179203 -162.45566901353732 -1.655875296351637
z 3007 8 2.6010197050377277 -1.1201022341915765
z 3007 9 4.788613468942687 -1.9067953827539563
u 3008 0.9844083498783632 -0.001981947507175546
x 3008 -105.33478020203992 -163.6568903786224 -1.8990950988669315
z 3008 8 2.3450304822681534 -1.5054159958397104
z 3008 9 5.196109454282963 -2.084701031354328
u 3009 0.9906356290534297 -0.0025942108209031267
x 3009 -105.81921936137306 -164.83514337253777 -2.022660871392272
z 3009 8 2.484142335741029 -1.9120457689679307
u 3010 1.0231553486895562 0.011838280137654348
x 3010 -106.12623741044588 -165.4597398044424 -2.032655354377717
z 3010 8 2.991207448535349 -2.2513507663792733
u 3011 0.9471006573415338 0.0015638406216251413
x 3011 -106.47827002822156 -166.28334855058617 -1.9167863857450236
z 3011 327 7.804898744989033 -0.2006453128779584
u 3012 1.0421921798942129 0.0035053576595534433
x 3012 -106.85842656935297 -167.30573185744416 -1.936789922972157
z 3012 327 6.78721507097852 -0.23502247123395925
u 3013 1.0014305754093276 -0.006219669739249118
x 3013 -107.14457664842575 -168.11472272941418 -1.8847591664268069
z 3013 327 5.817151108852459 -0.26838023407513756
u 3014 1.049462177310367 -0.008797122554648668
x 3014 -107.40632682176292 -168.78132443995193 -2.0051652247760754
z 3014 210 8.217413340978375 -0.8766491902103883
z 3014 327 4.811844812209233 -0.3165216625288956
u 3015 0.9786095920275818 -0.018912945624083112
x 3015 -107.72699557416682 -169.7886213280914 -1.7528308236162236
z 3015 210 7.620911442974878 -0.9558073959986473
z 3015 327 3.89028521181997 -0.3737157920914056
u 3016 1.0062779151400958 0.008321049840199022
x 3016 -107.95301347808471 -170.88331633066824 -1.7959730237173968
z 3016 210 7.091835768655198 -1.0806259262706424
z 3016 327 2.9782337934059426 -0.5070206289629113
u 3017 0.9849668075501427 0.006772687047275092
x 3017 -108.17490485693736 -171.74839492903578 -1.8477906339563486
z 3017 210 6.687983633386798 -1.2179357838013423
z 3017 327 2.1727594305674165 -0.7371084674417414
u 3018 1.0267866747629624 -0.003067640550606202
x 3018 -108.6084561840726 -173.10573891243058 -1.9121401218923348
z 3018 210 6.404476483099561 -1.3658007723264958
z 3018 292 8.105256336329202 0.43339421851842586
z 3018 327 1.5706383182548374 -1.1881556841616918
u 3019 1.0019448292755468 -0.0020019348693172253
x 3019 -108.8917510993545 -173.82739261695684 -1.9776109752371975
z 3019 210 6.27663438066434 -1.520697687071662
z 3019 292 7.2087113921126225 0.4939254939453397
z 3019 327 1.5141770062005873 -1.8467755356334967
u 3020 0.9792500566703801 -0.01487867756185348
x 3020 -109.22274792320451 -174.9135168048788 -1.7556002340064207
z 3020 210 6.296677426881104 -1.661709389661416
z 3020 292 6.367405761520753 0.5827864550189203
z 3020 327 2.009592004648323 -2.3209825107477324
u 3021 1.0443621436979793 -0.004095557580878805
x 3021 -109.61588492637364 -176.17464271160165 -1.9903678563076288
z 3021 210 6.4734887928019 -1.8190059607956757
z 3021 292 5.526768572738234 0.6913919565636619
u 3022 1.0008627866064361 -0.004293560030110774
x 3022 -109.98777827722283 -176.90219097416502 -2.096295714828943
z 3022 210 6.787062680541741 -1.9582288818307156
z 3022 292 4.799950395778005 0.8293792882453443
u 3023 0.9661161452644381 -0.0019766514686643563
x 3023 -110.33567331567154 -177.5569332495523 -2.0221154067297937
z 3023 210 7.206961786190025 -2.080740941751704
z 3023 292 4.2090623256219315 1.0016133666712363
u 3024 1.0285366075299325 0.00927169109241192
x 3024 -110.75245021828572 -178.76297401947525 -1.7849309036159482
z 3024 292 3.751529916952071 1.2246782390969813
u 3025 0.9614670680375796 -0.006513882748793613
x 3025 -110.90934932014703 -179.42426163743545 -1.8225726871988206
z 3025 292 3.5458694861368802 1.4894213786048152
u 3026 0.9850528310842904 -0.00817389275837974
x 3026 -111.16115933584976 -180.22328251790194 -1.9296113021118582
z 3026 292 3.6061252415788463 1.7734243898185982
u 3027 0.9717313803239734 0.005798259197803822
x 3027 -111.45853736470784 -181.02427835855323 -1.9229575210341847
z 3027 292 3.916488583348615 2.013269243914552
u 3028 1.0221072432234177 -0.007253742840937201
x 3028 -111.87967478559239 -182.11878741546718 -1.9532572149206298
u 3029 0.9924359459302697 0.010897496143726365
x 3029 -112.28278063852291 -182.9946667801476 -2.0509923484428803
u 3030 1.066114865655615 -0.013283200610218388
x 3030 -112.79518567040054 -183.98547966496193 -2.045156672786227
u 3031 1.0064772088108684 -0.000819193669056082
x 3031 -113.28576126688837 -184.87732953540873 -2.102222548001546
u 3032 1.0159811679802564 0.014628032513946633
x 3032 -113.67335800605854 -185.7777026301407 -1.8523840145026873
u 3033 1.0401584237256842 -0.007665597176470997
x 3033 -114.18252948199135 -187.1512850228142 -1.9991797515476766
u 3034 1.0106323540100817 0.016615190262288086
x 3034 -114.66212449956141 -188.321405772518 -1.9203812960702784
u 3035 1.0114063252961958 -0.0019641689374642122
x 3035 -114.97531263920793 -189.0982388237491 -1.9876667245099275
u 3036 1.0233194417702465 -0.004234274742957346
x 3036 -115.45729961878592 -189.96954398449844 -2.1644858823676225
z 3036 36 8.307379404724648 -1.0721221964397052
u 3037 1.0355028278798442 -0.006994516404255902
x 3037 -116.0274176278434 -190.82913794803534 -2.1483613245135227
z 3037 36 7.861534653730238 -1.1808412136499067
u 3038 1.0433523296142975 0.00017333113698820942
x 3038 -116.58294762929229 -191.54869264051064 -2.308156308002867
z 3038 36 7.5271129930677745 -1.3095793600769612
u 3039 0.9638113992458958 -0.014684799721544649
x 3039 -117.2591326811142 -192.1617440485843 -2.502094084954196
z 3039 36 7.330512088532902 -1.4220018271265826
z 3039 843 8.075697586082658 0.6707162304988792
u 3040 1.010235556033435 0.006253460439688684
x 3040 -118.04928856307853 -192.78616198020868 -2.4435605521910113
z 3040 36 7.253075715414972 -1.5665036428910932
z 3040 843 7.30915208106143 0.7501356751880852
u 3041 1.0051023182987462 -0.0008348967209111158
x 3041 -118.76774098138492 -193.3835128741533 -2.452383696706961
z 3041 36 7.317695244317021 -1.7034550919001734
z 3041 843 6.609754253249338 0.8548713061286404
u 3042 1.0296073773158128 -0.004092895548895742
x 3042 -119.63864106472009 -194.27623294543534 -2.2352620024889056
z 3042 36 7.521390801002543 -1.8355068626142375
z 3042 843 5.986395666617735 0.9893288175640542
u 3043 0.9705800266880381 0.0067749314602371475
x 3043 -120.28046935045164 -194.97822274822607 -2.3876485395614044
z 3043 36 7.834596490086658 -1.9620258098157954
z 3043 843 5.510309494082309 1.129949997755272
u 3044 0.9862831676614562 0.00512950578487968
x 3044 -121.11431298906491 -195.64657303767754 -2.5441910089348605
z 3044 36 8.263375260483098 -2.0776000423301015
z 3044 822 8.444809682306959 0.36203318265809425
z 3044 843 5.16459310451083 1.298189587807677
u 3045 0.9623301966412618 -0.003548333955941286
x 3045 -121.9772513183024 -196.29643619521093 -2.448053197649923
z 3045 822 7.5532317570415755 0.4109326941822995
z 3045 843 4.9939756481798945 1.4884956438195092
u 3046 0.9973898205502015 0.007761306110870005
x 3046 -122.77039236740757 -196.99873028432063 -2.385685679468403
z 3046 822 6.649074489208048 0.4625935031728652
z 3046 843 5.007705116081335 1.6804915254170272
z 3046 846 8.215859837957105 -0.3284719263814879
u 3047 1.0248743822877917 -0.008049047915904673
x 3047 -123.86015136652198 -197.83807470900558 -2.5848772283825436
z 3047 822 5.7522740953838385 0.5508808166703569
z 3047 843 5.224197093399205 1.8847069632626061
z 3047 846 7.251822215267241 -0.36549077764117266
u 3048 0.9871393242411715 0.0013162996535199462
x 3048 -124.56273865411963 -198.26667713693297 -2.602777882027778
z 3048 785 8.12545037099836 0.7950564539615108
z 3048 822 4.937879174884432 0.6542849916819815
z 3048 843 5.607583307305985 2.051653430569866
z 3048 846 6.339975616757537 -0.42258034516714993
u 3049 1.1076924055136745 1.5707963267948966
x 3049 -124.75959973893411 -199.0714055486129 -1.0186520364727647
z 3049 785 7.128229846142023 -0.7743886522541699
z 3049 822 3.9513169330208338 -0.949514271517927
z 3049 846 6.058207104707829 -2.1478896677351336
u 3050 0.948959024471283 -0.00645248781858251
x 3050 -124.34261359235872 -199.63084497236602 -0.8418853748552979
z 3050 785 6.481564980211735 -0.8701564396884014
z 3050 822 3.4826165907181923 -1.1659556868689112
z 3050 846 6.621514106895835 -2.2620861067724274
u 3051 0.9778964053695691 -0.0002367878670665999
x 3051 -124.08943309095966 -199.87676092936988 -0.6998022242883954
z 3051 785 5.898569960561815 -0.996979855642691
z 3051 822 3.2251178956656945 -1.4481469543437384
z 3051 846 7.283939734738086 -2.365477205349314
u 3052 0.9790207397878035 0.009347600667301824
x 3052 -123.48446916155815 -200.34632218248345 -0.6202922171297276
z 3052 785 5.433912506508602 -1.1586831087074072
z 3052 822 3.2583100073332627 -1.7604886162263305
z 3052 846 8.014918423700637 -2.4600868809339596
u 3053 0.9418461938685841 0.006481175143840396
x 3053 -122.66635644535943 -200.95870315386605 -0.6648255995242338
z 3053 473 8.435230249770017 -0.09534113698742264
z 3053 785 5.132735719844722 -1.3343419355036716
z 3053 822 3.560965561433702 -2.0295611980512005
u 3054 1.0132933083837141 0.0002970543595015145
x 3054 -122.22347634800602 -201.3839691235215 -0.8653975749762788
z 3054 473 7.427181566560462 -0.10864646135450018
z 3054 785 4.99364735976539 -1.5332188627669856
u 3055 0.9759293270707521 -0.014910029871464245
x 3055 -121.26045936027937 -202.42569539548654 -0.783881498791418
z 3055 473 6.457006244780382 -0.10900514301993347
z 3055 785 5.044815157263474 -1.71278646384716
u 3056 1.095784125539921 -0.0014701413047262665
x 3056 -120.47901847971607 -203.25165304784798 -0.8422905105617873
z 3056 473 5.368944439680392 -0.12959121068029145
z 3056 785 5.311067515970786 -1.9170300825864792
u 3057 0.9824728892881911 0.0078633883228052
x 3057 -119.88592530534358 -203.99749773524786 -0.9556917800255755
z 3057 473 4.397164633343616 -0.1672038020222093
z 3057 785 5.72300327952764 -2.0868533683494
u 3058 0.9994113658718975 0.0033056489793523813
x 3058 -119.08742544064856 -205.03567593153815 -0.8746291409386817
z 3058 473 3.4160991623136128 -0.21969540269777
u 3059 1.0074665925487196 -0.003510386325920354
x 3059 -118.39885349778304 -205.79214176510334 -0.7900664582803922
z 3059 473 2.4421990947098013 -0.3054992765115756
u 3060 0.9941898535968563 -0.002962243605888412
x 3060 -117.76746546192155 -206.44646533071818 -0.8164036499858396
z 3060 424 8.00685910766503 0.5084742061396277
z 3060 473 1.5229649672979981 -0.4992222347847619
u 3061 1.0107692976110936 0.0025521112317342027
x 3061 -116.98817748881166 -207.23942475108115 -0.7717832004035987
z 3061 205 8.099908598179175 0.21366946823524557
z 3061 424 7.140236101786411 0.5747361454403821
z 3061 473 0.7999818413443354 -1.1531761840344312
z 3061 663 8.297639169747177 0.25932288212198573
u 3062 1.0133805134891607 -0.008619503299359966
x 3062 -116.22665063442149 -207.99733503852633 -0.7942527318797765
z 3062 205 7.1138876913481175 0.2530997945569746
z 3062 424 6.316444300200911 0.671262848183181
z 3062 473 1.0014586500475993 -2.3207725487457114
z 3062 598 8.236958074993401 -0.30730372395238126
z 3062 663 7.324036559094819 0.30400619263811945
u 3063 0.9852509946608469 0.01380302109788311
x 3063 -115.48707305655162 -208.71224197353575 -0.7426232924023708
z 3063 205 6.163033120936402 0.2782683195715685
z 3063 424 5.573951529270064 0.7666582919753253
z 3063 598 7.306298115115877 -0.36279518572647707
z 3063 663 6.388473294760548 0.3353674748827724
u 3064 1.010658748285018 -0.005524812612102392
x 3064 -114.57397462115088 -209.42325427008558 -0.5805879617238041
z 3064 205 5.199584495404617 0.33772779476570847
z 3064 424 4.898706933582149 0.9162151636598939
z 3064 598 6.3703970511792765 -0.41319235646058816
z 3064 663 5.445372960819032 0.4024988928691684
u 3065 0.9805823946625979 -0.008032908699581488
x 3065 -113.73143727695566 -210.00434842313066 -0.626965262923759
z 3065 205 4.288320197589546 0.4224679300010714
z 3065 424 4.374978203030174 1.1035599505396272
z 3065 598 5.484657706128611 -0.4763501650437614
z 3065 663 4.5612159828672025 0.49564081151454076
u 3066 0.9656551059618548 -0.0013276738812332011
x 3066 -112.91677144814587 -210.59216250594008 -0.6231079757177422
z 3066 205 3.430819311770444 0.5396290016168463
z 3066 424 4.033872956015216 1.3203506937770113
z 3066 598 4.647298926610343 -0.5703231295214097
z 3066 663 3.740440468005061 0.6202136165307337
u 3067 0.9512445071036532 0.006453925713628625
x 3067 -112.28075975439494 -210.96465038808805 -0.4365123045697965
z 3067 205 2.658008480413051 0.717102727761445
z 3067 424 3.905256041310242 1.5519229521868763
z 3067 598 3.8827355163844706 -0.7101092136697589
z 3067 663 3.0152373405421167 0.797318371216134
u 3068 1.002455558412071 0.0039347106493857215
x 3068 -111.52084181514537 -211.31295256291816 -0.42302628794235364
z 3068 205 2.011580280986238 1.0460547249041614
z 3068 424 4.011580241586444 1.8004991366490088
z 3068 598 3.1918029994517205 -0.9207290175896428
z 3068 663 2.4217081525761377 1.0934695704312833
u 3069 0.9827197748705958 0.0014053005847250671
x 3069 -110.71463737886448 -211.67948307958486 -0.4303807419381278
z 3069 205 1.7404189761247018 1.554991164629592
z 3069 424 4.3414663784398995 2.0213668938445437
z 3069 598 2.7129329206920128 -1.2148033263209188
z 3069 663 2.154249830317714 1.5090881638988591
u 3070 1.0627673263804458 -1.5707963267948966
x 3070 -110.30134368048645 -212.78147576389017 -1.993596676786009
z 3070 205 2.5024231756636217 -2.879215079473001
z 3070 598 1.885533600702418 0.14311941308361575
z 3070 663 2.8785470240185154 -2.9515611562079522
u 3071 0.9903608570442821 -0.004903532611793546
x 3071 -110.69693971886831 -213.38375224479532 -2.3103257238088712
z 3071 598 0.9169718023442368 0.3053380111624362
u 3072 0.9883529190606619 0.012801193221295972
x 3072 -111.27742449057678 -214.00680354615193 -2.3313569516095174
z 3072 324 8.419910481120407 -0.3545978142071231
z 3072 791 8.256190767984709 0.9244712134181965
u 3073 1.014400794135471 -0.01842432241581294
x 3073 -111.75366646816339 -214.42351690714253 -2.514164477939592
z 3073 324 7.473323863905318 -0.3821438319389574
z 3073 791 7.696071055634673 1.0490423979958265
u 3074 0.9915451400121134 -0.010812134491403223
x 3074 -112.59222609735993 -215.052995802649 -2.481165347160075
z 3074 146 8.22485121119287 1.2212316609444294
z 3074 324 6.56146805575491 -0.4269541452330805
z 3074 791 7.257942812852016 1.1789396084695571
u 3075 0.9682366046629087 0.0010224465529481623
x 3075 -113.39717208785277 -215.66598298180585 -2.500346089370458
z 3075 146 7.945006040388119 1.3349363879262963
z 3075 324 5.6945185122574005 -0.4985235024438257
z 3075 791 6.945572162005752 1.3070856793220758
u 3076 0.9830020577283947 -0.010276266091733635
x 3076 -114.27881961555155 -216.4887032582945 -2.281163872710043
z 3076 146 7.779296567254873 1.4685374124924628
z 3076 324 4.851149558716746 -0.5843637055375286
z 3076 791 6.761336582216334 1.4583808052250085
u 3077 0.9960175177113586 -0.007540206688258625
x 3077 -114.88734845150987 -217.26424321803722 -2.1910527317308772
z 3077 146 7.745045276747082 1.604406648094539
z 3077 324 4.055314034205935 -0.711955049940423
z 3077 791 6.726609370939596 1.6136556895546184
u 3078 1.013716628700621 0.0027375819070005855
x 3078 -115.29094683928318 -217.94002488996816 -2.0273032500032424
z 3078 146 7.843438906163858 1.731207733857894
z 3078 324 3.354978874405621 -0.9137179142841729
z 3078 791 6.844017094706232 1.7594533671688222
u 3079 0.9767137291770135 -0.0026729726493789955
x 3079 -115.60636938983058 -218.72681387957417 -1.8768508699230717
z 3079 146 8.05859448373172 1.8537872847507257
z 3079 324 2.8635426600659546 -1.1842159286815772
z 3079 791 7.093614234303703 1.8977532176080496
u 3080 1.0103780420131132 -0.006438369008006746
x 3080 -115.9433818411572 -219.5952716448205 -2.0050814181850023
z 3080 146 8.39995244825512 1.9758737935923198
z 3080 324 2.6498764047611356 -1.5382211352265898
z 3080 791 7.482485281715882 2.032280002874746
u 3081 0.9904126956575053 0.0014099985802483589
x 3081 -116.2808996530829 -220.35711983860125 -1.970588062448165
z 3081 324 2.7991973191000032 -1.9010914332888706
z 3081 791 7.972378411652138 2.142375001394271
u 3082 1.0296306667859927 0.0023734391141081272
x 3082 -116.57236561710303 -221.19976303761266 -1.8370306346083416
u 3083 0.9613177638116638 0.005151062426082801
x 3083 -116.86063592551524 -222.08605898625262 -1.9334832228757695
u 3084 1.040646813384556 -0.0004392844019670577
x 3084 -117.12965174539157 -222.9434181654375 -1.816197087662985
u 3085 1.0082130714055608 -0.0032607333934456546
x 3085 -117.4039230403997 -223.83048709548552 -1.9251254157597053
z 3085 466 7.9722142260338495 -0.5623853192393562
u 3086 1.021039259849273 0.002143578434006424
x 3086 -117.81971069695142 -225.1622859653985 -1.821690376234975
z 3086 333 7.606424637559771 0.43878051623348746
z 3086 466 7.129900664026625 -0.6410913166493883
u 3087 0.9703565673191649 0.0041682081421925525
x 3087 -118.08529728559081 -226.19063734047648 -1.8253856862714235
z 3087 333 6.739640502123579 0.4955449879085778
z 3087 466 6.380023914266992 -0.7366025553553674
z 3087 669 8.070424818067982 0.5789426888952667
u 3088 0.9882110157490523 -0.00796573075170251
x 3088 -118.39856950214408 -227.29876706424156 -1.8672348644256964
z 3088 333 5.891230691236962 0.5839478454489333
z 3088 466 5.683923027282222 -0.8451816123742786
z 3088 669 7.265805238789187 0.6618467446516263
u 3089 0.9934299270484998 -0.0013254294571914385
x 3089 -118.7342321572868 -228.1500508946573 -2.025526611974509
z 3089 299 8.461107193217124 -0.13340450428240125
z 3089 333 5.0923810532018035 0.6931429388141419
z 3089 466 5.078798958662464 -0.9906256927305668
z 3089 669 6.511270291558236 0.7571563851172787
u 3090 1.0136841722536036 0.002336482675655837
x 3090 -119.09760245951884 -228.87736384886085 -2.0427316106471096
z 3090 299 7.45782842109294 -0.15397825334833648
z 3090 333 4.360097313244587 0.839699017116915
z 3090 466 4.602995653828994 -1.1783506197291314
z 3090 655 8.223074652792967 -0.14374796074473917
z 3090 669 5.81544634668891 0.8746840002960035
u 3091 1.0540460107029308 -0.0007610824779577333
x 3091 -119.57478771193401 -229.7478005442888 -2.1018023950441678
z 3091 299 6.418217929956722 -0.17834566957294173
z 3091 333 3.739923897123562 1.0519147397943218
z 3091 466 4.310923175629312 -1.4054379410075382
z 3091 655 7.181421916695496 -0.163959012847938
z 3091 669 5.203146954049408 1.031574859756219
u 3092 0.9843238438388474 -0.002702142614711673
x 3092 -120.01605793099982 -230.39736458586992 -2.2332309452068535
z 3092 299 5.452027528361502 -0.20743737636646697
z 3092 333 3.363538073461372 1.3117629527537717
z 3092 466 4.259657838862125 -1.632632307395942
z 3092 655 6.2121273687100675 -0.1869118299676753
z 3092 669 4.774303684101192 1.2122755476271863
u 3093 0.9382023437474009 0.01237646809606625
x 3093 -120.78513720395614 -231.25904493374628 -2.36571183811723
z 3093 299 4.53951719962692 -0.26364351182717893
z 3093 333 3.246422374581148 1.5820235938783611
z 3093 466 4.423593721861692 -1.8582191519344575
z 3093 655 5.294430423163994 -0.2333007797731046
z 3093 669 4.5253623298385675 1.3948146449699141
u 3094 1.0005345000580075 -0.0015980337487883727
x 3094 -121.65390381460243 -232.08525240518966 -2.396884633990142
z 3094 299 3.582790412763523 -0.33466929404247914
z 3094 333 3.4085850358127074 1.8815206541087273
z 3094 466 4.80331376766429 -2.0577779666963143
z 3094 655 4.326963117171901 -0.2850068816194322
z 3094 669 4.461131866658919 1.6190939774276485
u 3095 0.990300292790354 0.002128448986969595
x 3095 -122.3587663207161 -232.85953336944834 -2.2217101195447357
z 3095 299 2.6678057853940302 -0.4594022122202208
z 3095 333 3.8283710891215597 2.1283259921160003
z 3095 655 3.388451653541559 -0.3696998169020218
z 3095 669 4.615146577853109 1.832978302327037
u 3096 0.9640800216005627 -0.01290901511555598
x 3096 -122.92598039836405 -233.79734460102944 -2.007805767776676
z 3096 299 1.849705895522924 -0.6766066739512047
z 3096 655 2.5107619267145296 -0.4936481429183601
z 3096 669 4.95891890940409 2.0344417619726105
u 3097 0.9820625459271866 0.006633936309168903
x 3097 -123.50119318132873 -234.75241943393914 -2.217960568767905
z 3097 299 1.2492887855700716 -1.200206642336547
z 3097 655 1.7127365267567987 -0.7771746806119673
u 3098 1.0332233301214988 -0.007657170596830036
x 3098 -124.06769807520004 -235.52138620402255 -2.19351326866308
z 3098 119 8.17695379149757 -1.2667450504437416
z 3098 299 1.2977297853351573 -2.0271331065923808
z 3098 655 1.211771546685169 -1.4075383624008846
z 3098 761 7.500357356701421 -0.0010910449666621247
u 3099 1.0386127372722143 0.01615624007230041
x 3099 -124.61564645968438 -236.2543541766434 -2.2319737293061963
z 3099 119 7.936446384344351 -1.4084051362777348
z 3099 655 1.4690291192415001 -2.19699812285041
z 3099 761 6.461806591679348 -0.01872101809800819
u 3100 0.9837036687656779 -0.0007097333595014745
x 3100 -125.337135708648 -237.16506566784875 -2.2495842057144526
z 3100 119 7.837404142707195 -1.5318696984533624
z 3100 761 5.478298636162252 -0.0213089996694249
u 3101 1.0315968074025805 0.00993690932508593
x 3101 -125.95708348394976 -237.8642522821866 -2.342811329552031
z 3101 119 7.87020255395594 -1.6731843784878757
z 3101 761 4.447144811413299 -0.03734075768458611
u 3102 0.9850918222713415 0.008869409530404864
x 3102 -126.64242701760354 -238.5529652211263 -2.364673342167585
z 3102 119 8.035154033799733 -1.804256241251554
z 3102 761 3.4631600490552104 -0.0580899330590019
u 3103 0.9354956156625066 0.009313588574471978
x 3103 -127.35192998884511 -239.22929535336775 -2.395580716984917
z 3103 119 8.305713468380134 -1.9232438953239117
z 3103 761 2.5301888902755887 -0.09058986258128421
u 3104 1.140770394220057 -1.5707963267948966
x 3104 -128.30909338826265 -239.0232304548994 1.971479666951879
z 3104 119 7.929806194519248 -0.4702878907302943
z 3104 421 8.26929955381005 0.020618780894358313
z 3104 761 1.8612539661062495 1.8412902522276156
u 3105 1.016554816824959 -0.0025405236004768655
x 3105 -128.63518854563566 -238.2258279978016 1.9465034567348436
z 3105 73 8.31495325186226 1.1243630253038877
z 3105 119 7.038042061454159 -0.5330808911926641
z 3105 421 7.253022658581832 0.026226944691547516
z 3105 761 2.3480692081536962 2.2740202172613735
u 3106 1.0391114658877572 -0.0039135120803534115
x 3106 -128.95772523465502 -237.1355750060284 1.770354710232171
z 3106 73 7.923882659933754 1.2469496932222857
z 3106 119 6.164589521167904 -0.6146482003808962
z 3106 421 6.214393511018466 0.03485245630556921
z 3106 761 3.123480808381228 2.534056628947294
u 3107 0.9810063171435452 0.010078786095648114
x 3107 -129.16884896854853 -236.2258838528435 1.8273293594890685
z 3107 73 7.663476477588499 1.3583183150881117
z 3107 119 5.396157327446465 -0.7305080432327618
z 3107 421 5.233908970847432 0.030360794402263913
z 3107 761 3.966418329450877 2.666668749522464
u 3108 0.9616102773410057 0.00931189205873561
x 3108 -129.40556143085482 -235.1502761220236 1.7475035912219807
z 3108 42 8.449495414213878 1.384311990375675
z 3108 73 7.515212424361534 1.4742840496715317
z 3108 421 4.272691318760581 0.026833400011070374
u 3109 1.002775574674019 0.008474343571212784
x 3109 -129.69337214149502 -234.05661380834292 1.9087447676833627
z 3109 42 8.31788112513575 1.4944861210895297
z 3109 73 7.481178562623097 1.599567879752728
z 3109 421 3.270253223173129 0.02528730617274011
u 3110 1.0114773344584578 0.008355356429971884
x 3110 -129.94484034786015 -233.33919168539333 1.9071174321806108
z 3110 42 8.29803274502344 1.6079303517919348
z 3110 73 7.573855050233248 1.7251201243591776
z 3110 421 2.2591050777136332 0.026382851518879313
u 3111 1.0317051608663386 0.003908980332187748
x 3111 -130.15195599891507 -232.58167227860662 1.768255598895081
z 3111 42 8.397856254085161 1.7271092499492848
z 3111 73 7.797417062573605 1.8523675150926167
z 3111 421 1.2279669985787243 0.04299731613755453
u 3112 0.9989170575919539 -0.0016170355714685983
x 3112 -130.47879931754437 -231.5466697260428 1.9850955131740067
z 3112 73 8.132540547882993 1.9722248448154707
z 3112 309 7.787723481685305 0.21839970976827594
z 3112 421 0.23413117141622314 0.23255594344748243
u 3113 0.9709817414696266 0.010671420643892102
x 3113 -130.91517299777854 -230.56633619738696 1.9940867389391421
z 3113 309 6.84178391528397 0.2377423011974904
z 3113 421 0.7447339796639214 3.0653766845967247
u 3114 1.0248238485460117 0.000469345495258275
x 3114 -131.36347897207168 -229.60867374271706 2.023154375574883
z 3114 309 5.850700258059933 0.2784970536242293
u 3115 0.9596556222696481 -0.002210304570843008
x 3115 -131.67455460640986 -228.8674578178924 1.9131550643786888
z 3115 309 4.935423647446695 0.3343940491360291
u 3116 1.0600769617045707 0.005585905762910016
x 3116 -132.06491558431262 -227.78992970349148 1.9235729483638835
z 3116 309 3.9482108236718414 0.41633041062742127
u 3117 1.0262864648353902 -0.003759490675712624
x 3117 -132.4101526760341 -227.0127854771595 2.0541237584466474
z 3117 272 7.80578400611117 -0.47749568332065007
z 3117 309 3.0390901327009865 0.5576701156233108
u 3118 0.9880829095710547 -0.0029307900705760432
x 3118 -132.80514575722376 -226.2778552054667 2.0737927711774304
z 3118 272 6.942337201384666 -0.539833236923208
z 3118 309 2.2630118866862468 0.7943313221363884
u 3119 1.0776067230203799 -0.01450413172847623
x 3119 -133.2223993803931 -225.4673594824327 2.0186549882676683
z 3119 272 6.038827162662713 -0.6160604386310964
z 3119 309 1.6999950818426401 1.2816773921960305
u 3120 0.9546852375879338 0.0027564358630977853
x 3120 -133.71027187410837 -224.51102454528112 2.06640391829856
z 3120 272 5.2893686355832585 -0.7235031653853006
z 3120 309 1.6946039396881134 1.849076964340389
u 3121 0.9626179363199485 -0.009472736319235243
x 3121 -134.02665292392246 -223.96414538006655 2.1241414055378414
z 3121 272 4.608682120402145 -0.8519994957389363
z 3121 309 2.170109383842849 2.2985414033108746
z 3121 744 8.007603284659204 0.22639039222466462
u 3122 0.9807354966378807 -0.01620392381547474
x 3122 -134.57764887773297 -223.13135800239854 2.186464452425513
z 3122 272 4.024225565899627 -1.018923436758766
z 3122 744 7.057398309313802 0.27488812725536294
u 3123 1.0024669110702509 -0.013139420645066336
x 3123 -135.09769060534705 -222.44720487088574 2.2550272412936216
z 3123 272 3.595027995985573 -1.2445298454632714
z 3123 744 6.100741204488147 0.3336837005824722
u 3124 0.9724651465299397 0.010126920860958058
x 3124 -135.49634969995475 -221.98873362386192 2.3180238882962128
z 3124 272 3.41503424520885 -1.528252495785381
z 3124 744 5.189816594677376 0.38406781088832975
u 3125 0.9642715151994865 0.018797318965727013
x 3125 -135.92415582005106 -221.55964253926788 2.3913659843132375
z 3125 272 3.517669514331792 -1.824565947105616
z 3125 744 4.306931953805054 0.44729642692558746
u 3126 1.0433882718943903 0.011105113676007139
x 3126 -136.82181713505534 -220.72081792265908 2.388762327956928
z 3126 272 3.91726322875111 -2.0960525723590138
z 3126 744 3.3931534763904723 0.568032795618687
u 3127 1.0186241593047665 0.01114957562657222
x 3127 -137.49230488554758 -220.03741675439764 2.3045511935515037
z 3127 744 2.589079247134803 0.7682564526201832
u 3128 1.025287910950994 -0.0061874019966618315
x 3128 -138.2146456805664 -219.16842410915157 2.2240437610471986
z 3128 744 1.9869778309395256 1.1423983683128522
u 3129 1.0228268846679494 -0.004292064320924366
x 3129 -138.8495601527649 -218.48297256107853 2.411832467304264
z 3129 744 1.8203497993610585 1.6837456274647575
u 3130 1.047068530356731 -0.0008471089615321405
x 3130 -139.68976191835853 -217.70339368408304 2.3753748001002233
z 3130 386 7.593148752193119 -0.5147610435957923
z 3130 744 2.200292009286429 2.1770833963383875
u 3131 1.0018811064687694 0.007993213140195205
x 3131 -140.35161382905247 -217.09118025540292 2.414896196709467
z 3131 386 6.741407149648637 -0.5965049633783797
u 3132 1.0515010564120524 0.005475715874651919
x 3132 -141.1852774372923 -216.2809686317739 2.3260234085244225
z 3132 386 5.902985354813007 -0.7026189805049974
u 3133 0.9581383863714759 -0.011325619332272885
x 3133 -142.17226451422331 -215.2629094145711 2.355374114622033
z 3133 290 8.190734548572689 0.9449812674708475
z 3133 386 5.204753056043165 -0.8097337989546745
u 3134 1.0032163522553108 -0.01209181488178053
x 3134 -142.7828981539523 -214.72991974077215 2.492592717536831
z 3134 290 7.651724373398421 1.0640011345781204
z 3134 386 4.565950837034805 -0.9564868516868579
u 3135 1.0588393070403501 -0.008123960580631386
x 3135 -143.4246827853902 -214.1664607431317 2.3495885217594488
z 3135 290 7.201572314808205 1.2013207134068162
z 3135 386 4.04521020850558 -1.1632944992513348
z 3135 800 7.640027499923701 -0.47199141931380506
u 3136 1.0316336794118326 0.0033916584743202065
x 3136 -144.17892544160011 -213.41673970717073 2.368813378550313
z 3136 290 6.894746451651853 1.337821804177418
z 3136 386 3.759414026206372 -1.4215634699719821
z 3136 800 6.73843809917354 -0.5452782297845316
u 3137 0.9695449620282053 -0.017029906082368897
x 3137 -144.67284722319485 -212.9032113369587 2.304657321285828
z 3137 290 6.745500349897866 1.495439192768206
z 3137 386 3.7320248097515036 -1.6639968432898753
z 3137 800 5.926027023824128 -0.6120072927264726
u 3138 1.0258488176757605 0.0014915913212828786
x 3138 -145.43477936287744 -212.1338806643322 2.3980684251815676
z 3138 290 6.745510600873579 1.646173388315809
z 3138 386 3.962153792781296 -1.9262020969902727
z 3138 800 5.120913491159169 -0.7289667773105197
u 3139 1.0397329456039965 -0.010688147120625827
x 3139 -146.4413551849386 -211.29213520775116 2.492206820807322
z 3139 290 6.907531620939367 1.8074609545603115
z 3139 386 4.4277931519610325 -2.137920132265041
z 3139 800 4.395965714214889 -0.8755258034883564
u 3140 1.0209341622120085 -0.010363508381210362
x 3140 -147.3873451536454 -210.67624683595776 2.6367500995803397
z 3140 290 7.220400748380258 1.9555395353590903
z 3140 800 3.8185397986541236 -1.0710245114587407
u 3141 0.9720836711387062 -0.01105888235681877
x 3141 -148.23423229886558 -210.28460933694564 2.7801278760782298
z 3141 290 7.6432712269880705 2.084488957335614
z 3141 800 3.454347380023403 -1.3087639891840066
u 3142 0.9559589897876629 -0.0002964487408244241
x 3142 -149.0485275370173 -209.91678007569337 2.6544992483447363
z 3142 290 8.15575068450123 2.187039870676875
z 3142 800 3.336853294013465 -1.5888208091337104
u 3143 0.9974724143966606 -0.00877361047660305
x 3143 -149.95160939712116 -209.5472849822207 2.851948997372636
z 3143 800 3.4957567772855334 -1.86937767971828
u 3144 1.0096691608845865 -0.008765283114554382
x 3144 -151.03525714206745 -209.23257156959406 2.8659459770450804
z 3144 800 3.9098193942488386 -2.110343321114005
u 3145 0.9733560627857782 0.0004475214983429072
x 3145 -151.9441863663561 -208.89896505293845 2.7137049572197807
u 3146 1.0041361094332832 -0.008765651927436639
x 3146 -152.8488898375703 -208.38740671125885 2.540235626250295
u 3147 0.9657513913111453 -0.004184315765454084
x 3147 -153.81232215705452 -207.7699951641373 2.6031237151521154
z 3147 610 8.256549911583496 -0.5342320872839994
u 3148 0.9951559424387427 0.006577632231824779
x 3148 -154.6777024214374 -207.28959149297236 2.666506023864038
z 3148 610 7.419248672941916 -0.6095401741457049
u 3149 1.0197915636713712 0.0030520738677825695
x 3149 -155.44641816872618 -206.76007731480297 2.4102999641728253
z 3149 610 6.609948766089984 -0.7012257392293106
z 3149 864 8.42171342319822 0.5129554567041765
u 3150 1.0555103573229963 0.00807018961734763
x 3150 -155.97544827860443 -206.1719073218956 2.1963161381074006
z 3150 610 5.84641581712305 -0.826596138122139
z 3150 864 7.517580930553289 0.5733490294709664
u 3151 1.004801809708418 -0.0028561224037088233
x 3151 -156.72991623313314 -205.34778328481895 2.4278791512219744
z 3151 610 5.217212486649306 -0.9657075502678527
z 3151 864 6.696554624956681 0.6578688859269897
u 3152 0.9790967437367958 -0.015447455645260823
x 3152 -157.3364454219007 -204.5515988053249 2.0157277775267577
z 3152 610 4.722484026937948 -1.1206823152197503
z 3152 864 5.957213878562561 0.7749836473001275
u 3153 1.0710611426649066 -1.5707963267948966
x 3153 -156.86480683520222 -203.53336860951714 0.2583206663465827
z 3153 610 3.8250673699170417 0.36706872067818175
z 3153 864 6.024832733251599 2.5065157392200366
u 3154 1.0310234006407053 -0.0038548525151043565
x 3154 -155.80852018962565 -203.18488402710682 0.379020759177088
z 3154 610 2.88748875637114 0.5000684256445709
z 3154 864 6.883097334257474 2.5991160977212022
u 3155 0.9767849507535429 -0.0005784378546374464
x 3155 -154.6773225930996 -202.6086503243216 0.5632601521115839
z 3155 169 7.7097423355643855 -0.5421365807343306
z 3155 610 2.0838192083786438 0.7274632602081059
z 3155 864 7.7362305899226955 2.664892812153374
u 3156 0.9481055588289022 -0.005735476705571349
x 3156 -153.76828267991505 -202.01453019539557 0.5944997601857134
z 3156 169 6.91335329112341 -0.6068825507905387
z 3156 610 1.5157926598011997 1.1636386522566786
u 3157 0.9809927045085145 0.001630312589459818
x 3157 -152.95778588764037 -201.51808676784623 0.5046456440107168
z 3157 169 6.133622015435393 -0.699960870173733
u 3158 1.009728379466936 -0.004355102243530776
x 3158 -152.096722088233 -201.03978084498243 0.509439800732669
z 3158 169 5.399021107758813 -0.8160613857691006
u 3159 0.9493947652808302 0.013732530261306282
x 3159 -151.45754225493687 -200.66999051765552 0.5395396141328623
z 3159 169 4.804053673316519 -0.9751903438614606
z 3159 211 8.471201625104264 0.37583333071221503
u 3160 0.9857869765325376 0.004263375675393372
x 3160 -150.43490775169366 -200.1280448249399 0.4351002942059701
z 3160 169 4.330565633538176 -1.169301724562015
z 3160 211 7.562020055015022 0.41917775411832636
u 3161 0.9782347873003242 0.017166403538934446
x 3161 -149.6402076086493 -199.75001047326495 0.45292909476917265
z 3161 169 4.057926216865418 -1.41104630627705
z 3161 211 6.676531001016632 0.46052751384256396
u 3162 0.96638721126519 -0.006764621185713894
x 3162 -148.77330690606902 -199.49536599589902 0.1184808202305776
z 3162 169 4.015828629794846 -1.6440207286521058
z 3162 211 5.8283453745388165 0.5415507701247293
z 3162 603 7.940923835103838 -0.39204998176874284
u 3163 0.9551920641496892 0.018028102994807005
x 3163 -147.98822812830738 -199.42729584575247 0.05449631180177139
z 3163 106 8.269440096474613 -1.04990758903406
z 3163 169 4.203503565825174 -1.8904967809686641
z 3163 211 5.028876212182641 0.620108617259671
z 3163 603 7.071380928061825 -0.4628362695539012
u 3164 1.0441919944884415 0.003971467534686462
x 3164 -147.0851961510295 -199.38294338007947 0.0436549268425126
z 3164 106 7.804448900814963 -1.170324210892779
z 3164 169 4.640609294741673 -2.109593101656369
z 3164 211 4.221488285893202 0.7599743699097692
z 3164 603 6.155798296100229 -0.5429189508442449
u 3165 1.0265019453453945 0.003957466571944601
x 3165 -145.82913040362385 -199.34125010736236 0.022707793758270256
z 3165 106 7.4663172075612 -1.3013351605147876
z 3165 211 3.54693644494064 0.9563099003755902
z 3165 603 5.3047054628693635 -0.6473463129454662
u 3166 1.0100608922611758 -0.005600961466414583
x 3166 -144.73368524387033 -199.43203694081657 -0.18808317087794002
z 3166 106 7.260177458574428 -1.430137161552929
z 3166 211 3.0799924168043495 1.2337256952513025
z 3166 603 4.538053840202679 -0.7758784502072014
u 3167 1.0152539005620589 0.006494029890258431
x 3167 -143.87968536474634 -199.71535694342657 -0.45257827904361525
z 3167 106 7.191771490450718 -1.5769288846634493
z 3167 211 2.9033790578907768 1.5631379240681031
z 3167 603 3.881786343045898 -0.9671977513364953
u 3168 0.9951217515025016 0.003779632047132471
x 3168 -143.02467039256703 -200.20618291056783 -0.5896699264035914
z 3168 106 7.268195735536845 -1.718049943767864
z 3168 211 3.0601802594403242 1.8905487413778408
z 3168 603 3.418389441236206 -1.2133233875735205
u 3169 0.9685574591248989 -0.0016769408317117256
x 3169 -142.0097839488076 -200.85892954610696 -0.5534506713344358
z 3169 106 7.471200852761869 -1.8449789217705572
z 3169 603 3.2095582083713516 -1.49815757809742
u 3170 0.9841053776101737 0.007708666408715635
x 3170 -141.20215104406552 -201.38872056365935 -0.6076845154635628
z 3170 106 7.798930823970236 -1.9743256909423619
z 3170 422 7.916132625428885 -0.5600976688325123
z 3170 603 3.2917395078632885 -1.808729545921369
u 3171 0.9866341232858896 -0.0018554530815253507
x 3171 -140.54914161085716 -201.86461292131148 -0.6518626029496364
z 3171 106 8.23568651260386 -2.0829158615757715
z 3171 422 7.099087491974101 -0.6320358726608397
z 3171 603 3.6515871980030035 -2.072631385022782
u 3172 0.9810023560687009 -0.001180494629514195
x 3172 -139.65943870105966 -202.5933184867395 -0.7206285373597181
z 3172 422 6.333776011916401 -0.7224133277658922
u 3173 0.960055533213288 0.009032544088915143
x 3173 -139.02582321445615 -203.11639044866004 -0.6596084304951977
z 3173 422 5.652531540159843 -0.8445620509617062
z 3173 766 8.257365104550832 0.7192935545696013
u 3174 1.0340339505951273 -0.002206769276233139
x 3174 -138.11330578216055 -203.79187474200404 -0.6148457330623494
z 3174 422 5.024736204853751 -0.9966803900003409
z 3174 766 7.511281356459314 0.8124402867940894
u 3175 1.043130903952755 0.010773621253963644
x 3175 -137.29121536944348 -204.32220113798738 -0.5309929025878266
z 3175 336 8.149026102486717 -0.8467051327519113
z 3175 422 4.548671951558138 -1.2019034363841576
z 3175 766 6.831495507794487 0.9121747934053852
u 3176 0.9423280693258151 -0.021144489459195708
x 3176 -136.52279847968845 -204.8016577617229 -0.5847003459983853
z 3176 336 7.549811235227468 -0.9183114564694632
z 3176 422 4.289860132303932 -1.386235783198098
z 3176 766 6.3075864263676 1.0527083487242006
u 3177 1.044149218227642 -0.002474164666006526
x 3177 -135.81903626351104 -205.25727789355017 -0.5643991726365276
z 3177 336 6.964317952305448 -1.0351371018202844
z 3177 422 4.223533804356154 -1.6291847118554286
z 3177 766 5.862333909073226 1.210654575609027
u 3178 1.015093124654532 -0.007142682503733911
x 3178 -135.1908511950424 -205.67188074829434 -0.602348414952488
z 3178 336 6.501706285584124 -1.1623715507953571
z 3178 422 4.397549675520372 -1.8546173975353426
z 3178 766 5.589540735846505 1.3888119796137257
u 3179 1.019716438621235 0.004028642948969561
x 3179 -134.79406949907974 -205.96625323729202 -0.6742459121194497
z 3179 336 6.170106708832329 -1.318794786811509
z 3179 422 4.786127186272048 -2.0645091165559433
z 3179 766 5.495189801180021 1.5682435521988616
u 3180 1.0414873595333316 -0.0008217191149150622
x 3180 -134.16724200418628 -206.45621639023037 -0.6526635790886339
z 3180 336 5.9954317612374055 -1.4869855483072127
z 3180 766 5.59082191977288 1.7564446252521861
u 3181 0.9841508250216492 0.006419042489114365
x 3181 -133.50345307110982 -207.07852733534713 -0.8536531270292995
z 3181 336 5.996967726665132 -1.6577179860107676
z 3181 766 5.849987267437396 1.9162287641944102
u 3182 0.9695807507302405 -0.003554728435987122
x 3182 -132.78416673592605 -207.89925003920638 -0.8486879536902867
z 3182 336 6.155701575882704 -1.8117534393484078
z 3182 766 6.246802644544822 2.0662567571568413
u 3183 1.0010394361290884 0.004268619882111503
x 3183 -132.23099139580827 -208.55735295731407 -0.8949279455694317
z 3183 336 6.470025196537967 -1.966762740666086
u 3184 1.041309014112887 -0.005460725484258491
x 3184 -131.41893090084756 -209.5836644920502 -0.9079093886622749
z 3184 336 6.936045567181658 -2.1004213960342284
u 3185 0.9562604898347046 -0.004887025878763968
x 3185 -130.89555797901897 -210.10572772934384 -0.6603814119206817
u 3186 0.952690067533794 -0.0033702632250996595
x 3186 -130.1264454684809 -210.78113177024096 -0.7808527474427986
u 3187 1.0134147982450563 -0.00014000228397495736
x 3187 -129.44352678139214 -211.44151892986864 -0.7564003399383066
u 3188 1.0097393613450867 0.006712966389622603
x 3188 -128.74018881731396 -212.2517776527148 -0.9554420714706362
z 3188 627 8.480152596406075 -0.5612279658470878
z 3188 701 7.659665324121963 0.2205135883438274
u 3189 1.0652709421269315 0.0016628093175342215
x 3189 -128.1084165063075 -213.16968336761687 -0.9805226343447453
z 3189 627 7.5999972850348545 -0.6376597434980891
z 3189 701 6.624065447027371 0.25390338902266274
u 3190 0.9985451244265264 0.01893482607272502
x 3190 -127.5369523883893 -213.91896261335975 -0.8579294873418708
z 3190 627 6.829934041471861 -0.744852085763926
z 3190 701 5.660378267598893 0.27767363636228026
u 3191 0.9917119602893952 0.010575253433902957
x 3191 -127.046421754325 -214.52467196214138 -0.9222328160550384
z 3191 627 6.141732856686224 -0.8657317920418115
z 3191 701 4.712791506747633 0.3237403924780775
u 3192 0.9908439145461294 -2.6973320123247196e-05
x 3192 -126.34504744323674 -215.3500230527656 -0.8106166806760653
z 3192 627 5.551100160034978 -1.0020618479157148
z 3192 701 3.786566952064969 0.4071093625767741
u 3193 1.0417026729208239 -0.00025556417451009963
x 3193 -125.60546830413809 -216.1460177083442 -0.8336247059255477
z 3193 627 5.066556153081585 -1.1759085775761153
z 3193 701 2.859973679619742 0.5521340908948469
u 3194 1.0284395503555401 -0.0025969341142940226
x 3194 -125.01067085455456 -216.93667633289175 -1.0180492633588423
z 3194 627 4.765089029533834 -1.373761063141918
z 3194 701 2.0573390920377554 0.82059854712932
u 3195 1.0570878005246942 -0.014458824756276398
x 3195 -124.5659596162121 -217.6469660712979 -1.0047658795023962
z 3195 627 4.666902214399053 -1.582958664653795
z 3195 701 1.5516754791353482 1.360638507536713
u 3196 0.9855451368860518 -0.009814803952984686
x 3196 -123.92317489683197 -218.75770362228616 -1.0876045978204507
z 3196 627 4.7768194617484 -1.7809482400391685
z 3196 701 1.660009714134735 1.9906980605809395
u 3197 1.0354392093973135 -0.0006119608611183317
x 3197 -123.47479498125303 -219.6885077733299 -1.1561664559284657
z 3197 627 5.094190558447631 -1.9804695480147063
z 3197 701 2.286956006357711 2.417462643603492
u 3198 0.9739187787728972 0.01485926592139667
x 3198 -123.0542327956138 -220.45883922468335 -0.9859697595881984
u 3199 1.0193232542253021 0.004723217334935793
x 3199 -122.59823538133901 -220.9817350866098 -0.721296172024239
u 3200 0.9968478723611286 -0.0043435386324636935
x 3200 -121.78231158190917 -221.60003907966325 -0.5756479549383897
u 3201 1.0060407204856843 0.0017850800032419211
x 3201 -121.15322494435323 -222.01178104511453 -0.5834269688443108
z 3201 144 8.43295143603288 0.43123486211211315
u 3202 1.0437557762751069 0.011254586032513005
x 3202 -120.48065046220525 -222.4645215745341 -0.6015222151733415
z 3202 144 7.49471562981592 0.47751086333531667
u 3203 0.9571065828923682 0.006745563526602666
x 3203 -119.86415591751816 -222.93333256075164 -0.6987843391262629
z 3203 144 6.657549280506152 0.5364503438170658
u 3204 0.9890619748505711 0.005836258137068568
x 3204 -119.02436557402143 -223.49847251283018 -0.4859006404096644
z 3204 144 5.82770152260355 0.6170359694611758
z 3204 464 8.257069661563222 -0.25916598940408786
u 3205 0.971130396904781 0.007888209255012227
x 3205 -118.35136662702668 -223.86996771847362 -0.5228537195555574
z 3205 144 5.064364114344851 0.7197097205616636
z 3205 464 7.323719038016257 -0.3015483892679178
u 3206 0.9765852856362827 0.0004544725862754511
x 3206 -117.4245075451664 -224.40845889305618 -0.5297872677297639
z 3206 144 4.377395529927631 0.8668102476803696
z 3206 464 6.397852960607463 -0.3473862884602643
u 3207 1.0584798210943132 -0.006518162622829873
x 3207 -116.10142320936555 -225.10167770637597 -0.43544645970337736
z 3207 144 3.7824608043078345 1.0888951961783908
z 3207 464 5.4132250081473 -0.40688491136215177
u 3208 1.088785501677194 -0.010341610027191766
x 3208 -115.21484037807772 -225.65230697434316 -0.6760888601856347
z 3208 144 3.422411144536175 1.3858037634376652
z 3208 464 4.431614490010713 -0.4927536020815144
u 3209 0.982881585772406 0.0003932088342162312
x 3209 -114.31336570477644 -226.34644088585063 -0.63626636551699
z 3209 144 3.382332845301921 1.6750681306004536
z 3209 464 3.5959623725865644 -0.622856966125827
u 3210 0.9649729995762991 0.007062170274389722
x 3210 -113.36562097294967 -227.0640645273909 -0.6599084187487989
z 3210 144 3.6094097253612993 1.937240080758226
z 3210 464 2.870483070251371 -0.8282880727711626
u 3211 0.9905300444269671 0.0007894165442587756
x 3211 -112.56451219917969 -227.73300102581123 -0.7315494333696155
z 3211 464 2.3189546372074292 -1.1493484476132405
z 3211 820 7.788989660480278 -0.09155201936064472
u 3212 1.0174304083824788 0.003438981463769569
x 3212 -111.88134547110558 -228.37370063324494 -0.7751126795705092
z 3212 464 2.118906772714688 -1.6067038119142272
z 3212 820 6.776644707479715 -0.10897473199033358
u 3213 1.0052041468345752 0.006054278231564578
x 3213 -111.27745187812509 -228.8547318849107 -0.5701544168750612
z 3213 464 2.380338715010506 -2.0483795469215984
z 3213 820 5.778832573774979 -0.13447176332648514
u 3214 0.9690936342859279 -0.0023404591433859915
x 3214 -110.43666993426444 -229.39037171923974 -0.5643141011879331
z 3214 820 4.820057640890325 -0.15885603296425632
u 3215 0.9979298828363811 0.018304956833911225
x 3215 -109.88646686117882 -229.75007534694905 -0.5937210283100907
z 3215 820 3.8398202537366544 -0.22063263682915357
u 3216 1.0071412672343356 0.00726664673215277
x 3216 -109.16801830436765 -230.2637203578578 -0.6476393718279976
z 3216 797 8.040453407461115 1.1313585157484987
z 3216 820 2.866665707496802 -0.3061110314042792
u 3217 0.9665681443193892 -0.0023470844163578836
x 3217 -108.48783248686333 -230.8623551051146 -0.7957883560387393
z 3217 797 7.680303620620704 1.2479097613742312
z 3217 820 1.9662227259987806 -0.45189576044343127
u 3218 1.002554910308434 -0.01545523448205243
x 3218 -107.80704415838781 -231.67759849864262 -0.9542752827885415
z 3218 797 7.430932135692445 1.3919895094433414
z 3218 820 1.1450839751905553 -0.822150833921814
u 3219 0.9885589843119065 0.002754466087231417
x 3219 -107.42911553338494 -232.221646328058 -0.9730503313488565
z 3219 375 8.006409774528851 -0.032467474794588114
z 3219 797 7.31867947247906 1.5225159149402598
z 3219 820 0.8659041104176914 -1.817514290328268
u 3220 1.0334980607887454 0.013400253662315112
x 3220 -107.0763719815699 -232.80992988368936 -1.0882698253850194
z 3220 357 7.696417504628797 -0.36766231116947745
z 3220 375 6.97382950558501 -0.05167074033945118
z 3220 758 7.789066715710907 0.6309683760268721
z 3220 797 7.334839368295476 1.6502726132965684
z 3220 820 1.505530629175886 -2.5577894712063527
u 3221 1.0165110416538334 0.0020497796088815444
x 3221 -106.69967465563285 -233.66279598793002 -1.221489089065744
z 3221 41 8.074929437228612 0.17161678813154513
z 3221 357 6.7581513876439825 -0.42394603142553455
z 3221 375 5.958970189256177 -0.06270556471291533
z 3221 758 6.993349382803759 0.7146514545258551
z 3221 797 7.483436488903425 1.7840571378021792
u 3222 0.998686041432621 -0.006375783804971238
x 3222 -106.3384952365111 -234.4653345471951 -1.0743188940389405
z 3222 41 7.09359119727953 0.2024800761892096
z 3222 357 5.860785587769956 -0.4872273370264053
z 3222 375 4.962409736447867 -0.06830092075392535
z 3222 758 6.275586351563518 0.8258937553630838
z 3222 797 7.759464352120429 1.9164684836418244
u 3223 0.9747877108039842 0.008220685748761874
x 3223 -105.72481027615711 -235.6097804813293 -1.0828558937437514
z 3223 19 7.657545306372708 -0.3589142722234553
z 3223 41 6.140928014439792 0.22554675982580186
z 3223 357 5.022416788443845 -0.5871477662799602
z 3223 375 3.9908024246794396 -0.09419409599829498
z 3223 758 5.657065340764652 0.944205701418074
z 3223 797 8.137974323181659 2.0213515494608636
u 3224 0.9598686787491948 -0.01847842355300466
x 3224 -105.2667494346955 -236.38225867978142 -0.988259552267309
z 3224 19 6.763775220569867 -0.38907271968024926
z 3224 41 5.212192732449562 0.2868793307035453
z 3224 357 4.25089802514285 -0.6923330998296708
z 3224 375 3.035501965752319 -0.10255014509735849
z 3224 758 5.161118447789141 1.1149207294153705
u 3225 0.9936504074435473 -0.010266249825779918
x 3225 -104.75403251347159 -237.22495516417123 -1.0601516230182062
z 3225 19 5.854313848808728 -0.4424257604601811
z 3225 41 4.270202945827036 0.36418343853652235
z 3225 357 3.539367431614316 -0.8611172257262325
z 3225 375 2.048847744567942 -0.1394718242174786
z 3225 758 4.812102553315871 1.3121397669421881
u 3226 1.0060142019138314 -0.0027678845153758817
x 3226 -104.33136233553533 -238.0838140923388 -1.1667775338520423
z 3226 19 4.9631823952262994 -0.5262931616831623
z 3226 41 3.3500246101245144 0.47450976554448143
z 3226 357 2.981868530921139 -1.1168382315943628
z 3226 375 1.0614814986554049 -0.26753343258717255
z 3226 758 4.658846195372776 1.5252853424027242
u 3227 0.955199974760389 0.0013761993050045935
x 3227 -103.97739218442382 -238.99151455801604 -1.2311661430465324
z 3227 19 4.165370133556004 -0.6432573346728696
z 3227 41 2.5377656438641707 0.6457342167558906
z 3227 357 2.7035863330028733 -1.4414448559629656
z 3227 375 0.2894896270148705 -1.333210455639578
z 3227 758 4.712347309689811 1.7278041973306149
u 3228 0.9955267488885848 0.0013943190690655428
x 3228 -103.64663044421435 -239.96456437988653 -1.2550880480937472
z 3228 19 3.421821032864137 -0.820218563110295
z 3228 41 1.8422072911277965 0.9752489921253762
z 3228 357 2.758589701705863 -1.8088570572353846
z 3228 375 0.9693352966955059 -2.847741980405819
z 3228 758 4.9656737997766935 1.9257652213568894
u 3229 1.1010393283259483 -1.5707963267948966
x 3229 -103.93793531076273 -240.99827715141333 -2.435866986747028
z 3229 19 2.431383167329309 0.736383753325629
z 3229 41 2.250689971013948 2.9933332801086703
z 3229 357 2.3971360961332002 -0.5989616837547391
z 3229 758 5.881102563449475 -2.716234623078563
u 3230 0.9684595799751606 -0.01097901000401725
x 3230 -104.86084872750062 -241.6467651214716 -2.6223096253019724
z 3230 19 1.8378689529394996 1.1113901089381617
z 3230 41 3.2122482423931418 3.0472227997793935
z 3230 43 8.46400986558347 1.0841261250583294
u 3231 1.0544769218526537 0.006594625265715736
x 3231 -105.62784643510278 -242.05084224185268 -2.6911152336691675
z 3231 19 1.6611939540246858 1.7088968501451651
z 3231 43 8.021916124246129 1.1937771474675225
u 3232 1.007011957941615 -0.00459737091546373
x 3232 -106.6317853921199 -242.51408469323923 -2.7274417380591114
z 3232 19 2.059569366322726 2.2188644765966297
z 3232 43 7.710499129892272 1.3202158173843754
u 3233 1.0213852183622443 0.0027063814721266905
x 3233 -107.91567568855598 -243.15384022982073 -2.6311789333323374
z 3233 43 7.5212177715478505 1.4494050713530928
u 3234 0.9283271439044303 -0.010266121541867576
x 3234 -108.53634568119216 -243.47198515097114 -2.704679763044862
z 3234 43 7.4706557805903495 1.5834104968446052
u 3235 0.9973134293322645 0.005675980196806605
x 3235 -109.37953333350245 -243.876665638856 -2.6835611858490998
z 3235 43 7.546588845832012 1.710269896953978
z 3235 852 8.168863321516415 0.6171944555724425
u 3236 1.0430489300762995 -0.0004816591537013986
x 3236 -110.44173656714376 -244.6068005201758 -2.39521544903055
z 3236 43 7.7608838698720914 1.8442362222878579
z 3236 852 7.343268231133818 0.700003431487437
u 3237 1.0253384461236996 -0.0022070324189107484
x 3237 -111.33459821718701 -245.60637178519067 -2.204517771578792
z 3237 43 8.099217816461943 1.9686028704357952
z 3237 280 8.409018988965112 -0.814079855373226
z 3237 852 6.5930378666128115 0.8026987641398531
u 3238 0.9943488753837382 -0.0021534782677055525
x 3238 -111.95794541597115 -246.34701909214456 -2.3362983511984963
z 3238 280 7.759270455062769 -0.9051434836122625
z 3238 852 5.946220981206468 0.9255429355303768
u 3239 1.037544951934212 -0.012937853972401676
x 3239 -112.63088702971223 -247.135983772144 -2.2176941768080956
z 3239 280 7.159432082371004 -1.0058495393241906
z 3239 852 5.392342237631322 1.0935721648752539
u 3240 1.0022781596207664 -0.0027455444549166607
x 3240 -113.0566534116249 -247.53400277893778 -2.5620348881055444
z 3240 280 6.675479852424124 -1.1301485143220233
z 3240 852 5.013007846324992 1.2749900458013173
u 3241 0.9835760016750675 0.002453374732694865
x 3241 -113.7255536719044 -247.90245979735263 -2.7141746296808766
z 3241 245 7.942074072902298 0.5079447404014497
z 3241 280 6.320049853650804 -1.2739146417851885
z 3241 852 4.817821794563632 1.469011854016661
u 3242 1.0107979494845938 -0.005548062596954785
x 3242 -114.58681610336237 -248.38074472178502 -2.5551583151049013
z 3242 245 7.077528726663398 0.5833595729435386
z 3242 280 6.09862343504204 -1.4273920161918119
z 3242 852 4.823936345081312 1.684612685046453
u 3243 1.0280699245470288 0.0010476146051079862
x 3243 -115.48462616863625 -249.02508127843242 -2.483045642071519
z 3243 245 6.2448759534231 0.6730456047177387
z 3243 280 6.038589060381517 -1.5977627186625405
z 3243 546 8.015395061819191 0.7849547884634038
z 3243 852 5.044660604477281 1.8874621375011342
u 3244 0.9848827512652262 -0.0023336989842883647
x 3244 -116.17011104802084 -249.65552647675943 -2.312945986173359
z 3244 245 5.509899307912484 0.7872012990638848
z 3244 280 6.143402369394212 -1.7563852327066847
z 3244 546 7.352585590925675 0.8822168046060419
z 3244 852 5.4335925088443435 2.0628378855180216
u 3245 1.058651309712598 0.0029732942688612163
x 3245 -117.00398388523158 -250.6610283167104 -2.2133650865006476
z 3245 245 4.820077885401775 0.9402133249803022
z 3245 280 6.425055578436382 -1.9219685128392803
z 3245 546 6.728378600793518 1.0008853907446937
u 3246 1.04970376243606 -0.003490944765085656
x 3246 -117.6344720877336 -251.51668180929187 -2.1982911598699824
z 3246 245 4.287517084976135 1.1430163835499325
z 3246 280 6.855744468160228 -2.062838661186408
u 3247 1.0271333547742976 0.008316941364912078
x 3247 -118.23997475999371 -252.31837085968854 -2.237049712654323
z 3247 245 3.968705571444345 1.3719565826861686
u 3248 0.9890823858090703 0.011881081447639186
x 3248 -118.758564536015 -252.94681635707914 -2.2843744850071626
z 3248 245 3.890043573956244 1.611667264568414
u 3249 0.9913771293244189 0.01304938215171659
x 3249 -119.37333227242476 -253.77085900095474 -2.139140326060186
z 3249 245 4.047235146227232 1.845936962624152
u 3250 0.968126683527366 -0.003341088817882397
x 3250 -119.87649439055255 -254.45376440197498 -2.2724463192343745
z 3250 245 4.411236373896797 2.061992013847332
u 3251 1.0089625569416054 0.0004894506820889364
x 3251 -120.45522664634073 -255.0033392169907 -2.4916146814949975
u 3252 0.9936752928680507 -0.006465506417737568
x 3252 -121.18274977139146 -255.4828014579083 -2.6261714372168137
u 3253 0.9713126762071176 -0.003894920626647583
x 3253 -122.03466182442038 -255.9938149767062 -2.5764057035891508
u 3254 0.9653149315033954 -0.013032413314805397
x 3254 -122.86673968353551 -256.49373447265816 -2.624751976127503
u 3255 1.0256589929837105 -0.0007369003643138802
x 3255 -123.90409760823952 -257.10468757701267 -2.593921921733758
u 3256 0.9709722001202015 -0.006000898050720616
x 3256 -124.58982329940234 -257.5595400729304 -2.517905401943359
u 3257 1.0022326372773853 -0.0032381114020820236
x 3257 -125.41447657773097 -257.98913522630653 -2.804761518069797
u 3258 0.9758367576621004 -0.014590776967970509
x 3258 -126.21750723213535 -258.21527122701843 -2.92943433142957
u 3259 0.9922948378712888 -0.005599776304649879
x 3259 -126.96085050215963 -258.4261202230373 -2.8009715198464398
u 3260 0.9817515905805746 0.0010304405866399973
x 3260 -127.96463616971349 -258.86467586268043 -2.65839752584627
u 3261 1.0073636151789667 0.0074853039101340614
x 3261 -128.95414852200534 -259.2718661187602 -2.844016160730524
u 3262 1.0197075536310296 0.0120212722507954
x 3262 -130.04902961805954 -259.6872143887502 -2.714003152191095
u 3263 1.149026120189412 -1.5707963267948966
x 3263 -130.8449851672714 -259.4269636900447 2.0819843790093726
u 3264 0.9733970074256002 -0.006698871681716091
x 3264 -131.44746301903803 -258.4773804768751 2.1903624288158303
u 3265 1.0311279514052425 -0.002170408208782149
x 3265 -131.97262794709243 -257.822786349573 2.303484211435273
u 3266 0.9811775712306529 0.007610679737086949
x 3266 -132.4583768945247 -257.33047590092946 2.3954875822154094
u 3267 1.012610413946597 0.002488473635912408
x 3267 -133.22438902079205 -256.6266581139315 2.4014788849354556
u 3268 0.9670079079396903 0.012585859222040089
x 3268 -133.93764453488564 -256.0257816014544 2.4815265245253055
u 3269 0.9963697434066315 -0.006625230256122744
x 3269 -134.60490503888408 -255.53160074701637 2.5267279992278535
u 3270 1.0035364948454717 0.0030499096097737514
x 3270 -135.60151683027394 -254.9197406332964 2.655243922325875
u 3271 1.0040025314449652 0.003665654198306522
x 3271 -136.14019881843342 -254.6912134838626 2.8254982704199936
u 3272 1.0060745302885565 -0.0031749172514012186
x 3272 -137.0177359721688 -254.3793341878829 2.7747270196510536
u 3273 0.9670487160279659 -0.0055103940558109
x 3273 -137.9748863074703 -254.11236585157684 2.964444478138571
u 3274 1.0230063326360885 -0.00013032284224615565
x 3274 -138.9691095145629 -253.7614049292504 2.6400507537465154
u 3275 1.0174460938238437 0.008244020979874195
x 3275 -140.01962055161295 -253.1439074038632 2.580323228934514
u 3276 1.0289822684737178 0.008885486949767898
x 3276 -140.74785052302232 -252.6996384519153 2.6072846374213885
u 3277 1.017194199212419 0.002173372037266543
x 3277 -141.58774045949733 -252.09848085003617 2.433453805629216
u 3278 1.1102132418359023 -1.5707963267948966
x 3278 -141.6274421731523 -251.42418792944153 0.8257611130847904
u 3279 1.0180278011761719 0.002078561280002739
x 3279 -140.97632173679656 -250.54549658967886 1.0403842572768172
u 3280 0.9717855961424806 -0.004702522676813804
x 3280 -140.43161725507935 -249.5164102170508 1.1275707738604988
u 3281 0.979850545844429 -0.004591674570209401
x 3281 -139.99129298761778 -248.64769124078606 1.0757709759084317
u 3282 0.9925984319407981 -0.009811706686133006
x 3282 -139.32045619614667 -247.50030480725036 1.0076866493767467
u 3283 1.0133405056738 0.020776455387343604
x 3283 -138.70883739230771 -246.72338590154334 0.8000867461562517
u 3284 1.0197290652328892 -0.003724742174926752
x 3284 -138.1492596975454 -246.24915851275475 0.6059644479453654
u 3285 0.9517489587460002 0.012175986611758862
x 3285 -137.48030156128462 -245.85251888541973 0.46443240337283864
u 3286 1.0291179886659014 -0.009858545315399762
x 3286 -136.58023099875803 -245.27073190948272 0.6832189910053805
u 3287 1.014933757601101 0.0061276556623981165
x 3287 -135.77398850784977 -244.60427416100356 0.6983097495577768
u 3288 1.0161308600093448 0.0001463697768737583
x 3288 -135.1247834376324 -244.1146571151257 0.594031289573191
u 3289 0.978382047438214 0.008030700370538511
x 3289 -134.38292486826225 -243.55200238491292 0.7037296080064261
u 3290 1.0397803086327806 -0.015057236526824412
x 3290 -133.38057030678834 -242.85066402768084 0.5173073504684083
u 3291 0.9584968321556611 -0.0023149975948857583
x 3291 -132.66058976667335 -242.39605463612574 0.6090964765818341
u 3292 1.0279988921629888 0.0009254554557907479
x 3292 -131.64879079816347 -241.6627451415839 0.6452027510975933
u 3293 0.978839710742202 -0.0012344590964040926
x 3293 -131.0125757329156 -241.2595494522871 0.48451811194671146
u 3294 0.9798728760854688 -0.0108716166380099
x 3294 -130.16185848046473 -240.91260207137967 0.2899568047493313
u 3295 1.0035442400305117 0.004163401910136611
x 3295 -129.25200097398744 -240.57928000561338 0.41236624865827354
u 3296 1.0040952374895877 0.0009461941324600665
x 3296 -128.17046576387523 -240.1545070691013 0.3361153135777002
u 3297 1.05836727104634 0.0009257603128680496
x 3297 -127.41324196871014 -239.8851959762092 0.34729378637127173
u 3298 1.0109937616150897 -0.0029163990519991264
x 3298 -126.57511893948254 -239.46803331584837 0.5763731823489637
u 3299 0.9810917132001168 0.011192855960912833
x 3299 -125.67097808889432 -238.94299845842252 0.47584211621546224
u 3300 0.9627718150656277 -0.006916202337308635
x 3300 -124.76862967782571 -238.42774917837005 0.5618177746937318
u 3301 1.009208922741128 -0.010060535285523956
x 3301 -124.0915506273176 -237.99544288597627 0.5746606775796104
u 3302 0.9668883835188673 0.006308075534681728
x 3302 -123.28829412279956 -237.50288022184492 0.5254875489027167
u 3303 1.0179126079026521 0.0020656054135247434
x 3303 -122.4730577499522 -236.99245682771118 0.5932991975003663
u 3304 1.0268832204898597 0.0006589178232589912
x 3304 -121.70075910043818 -236.3732082921482 0.758406585621783
u 3305 1.0330104775087767 0.01018966808116711
x 3305 -121.07223335603281 -235.86330730473105 0.6047379075916739
u 3306 1.0253302313249106 -0.002033567893583024
x 3306 -119.94752409496898 -235.18164720754913 0.4850134898979821
u 3307 1.011722960265508 -0.008186359272397106
x 3307 -119.22177186994601 -234.78364962340873 0.518204000769662
u 3308 1.0048762796631028 0.00990384273080954
x 3308 -118.54139768146614 -234.2056141713713 0.8903017395226236
u 3309 1.0422760822609114 -0.0022358368295279734
x 3309 -117.84788602601624 -233.36261916011725 0.874459772743795
u 3310 0.9807771483659633 0.0005582243865290049
x 3310 -117.32602854366974 -232.54333069250583 1.1328196558762604
u 3311 1.0284771689556775 -0.02170760052801952
x 3311 -116.92185497264713 -231.7552854509963 1.0609742622584912
u 3312 0.9685691547224043 -0.010645542941753293
x 3312 -116.46759842631319 -230.81614864980514 1.17957959637185
u 3313 1.098396370695845 -1.5707963267948966
x 3313 -115.46726446185002 -230.4727447885372 -0.5182117412970628
z 3313 797 8.051907005298089 0.8383548314752236
u 3314 1.0335551173642747 -0.002343938937004251
x 3314 -114.40687538444453 -230.98287309779252 -0.3785773777241115
z 3314 797 7.401770739678873 0.9448218068506247
u 3315 1.0034990533526738 -0.010657334938428128
x 3315 -113.56944694619965 -231.4223831711894 -0.5880547634964723
u 3316 0.9708591927512038 -0.00921570697490112
x 3316 -112.70922627220646 -232.02293655369814 -0.63089665240047
u 3317 0.9682948818222864 0.003765710909622031
x 3317 -112.01204491324724 -232.5576790839363 -0.677696600364377
u 3318 0.9641444724807197 -0.002182052384732513
x 3318 -111.0683184717199 -233.3094490235854 -0.6676287623750259
u 3319 1.0123030137792903 -0.006149987846645801
x 3319 -110.37644112394425 -233.92720538784477 -0.7900947358850461
u 3320 1.024637367073229 0.01558073584117063
x 3320 -109.90508597813783 -234.44656427561733 -0.8775332216224605
u 3321 1.0168993109558877 -0.007859054108017655
x 3321 -109.3429591641181 -235.23302659425835 -1.022940896502615
u 3322 1.0023225659256114 -0.018908799674980485
x 3322 -108.86479208207766 -235.9251764493887 -0.9095436610211141
u 3323 1.093499635100684 1.5707963267948966
x 3323 -107.96324834071532 -236.00595758134074 0.7308147229034869
u 3324 1.024516433136661 0.010154468454848313
x 3324 -107.17743442066546 -235.20949684171887 0.8534390132312182
u 3325 1.0097830290710792 0.0008596029914492699
x 3325 -106.51161581450802 -234.53346619296707 0.732577868940155
z 3325 138 7.700808952766502 0.20203485276839173
u 3326 1.0023712300074463 0.006865015855789858
x 3326 -105.88091383040798 -233.90096614938003 0.8410652839889932
z 3326 138 6.721053242458105 0.224599055600065
u 3327 1.0229693688743486 0.005599498072484373
x 3327 -105.46795174383941 -233.39296956940524 0.9353848155547668
z 3327 138 5.727567254820776 0.2582999733425595
u 3328 0.9537898532624541 -0.0039375333049708975
x 3328 -104.94102649872168 -232.69000774833503 0.9197449258728785
z 3328 138 4.812164546400925 0.3132654608031231
u 3329 0.9912208255261453 -0.009203827029825671
x 3329 -104.48403316713889 -231.98223408700667 1.0751870157896377
z 3329 138 3.882981135332221 0.40233733979068553
u 3330 0.9872641330214648 -0.0035376974266101194
x 3330 -103.85598622065322 -230.9059608067389 1.0099505422471697
z 3330 138 3.0004547508398645 0.5356154943180571
u 3331 1.0549656406813566 0.012146044149662453
x 3331 -103.10791927744661 -229.98605397720064 0.7661676853023711
z 3331 138 2.156853883111411 0.7731279625096965
u 3332 0.9773003271543075 -0.0037827163313588047
x 3332 -102.34821871774405 -229.32356914434897 0.6681278265963639
z 3332 138 1.6110073316856142 1.2153019078059586
u 3333 1.0153260923749414 -0.011538847270352268
x 3333 -101.38731094764275 -228.42450929263435 0.8361886996027694
z 3333 138 1.5828194025345315 1.8736378544368977
z 3333 618 7.952693221707343 0.4577504703694144
u 3334 1.0234143093216213 -0.01375311459358189
x 3334 -100.59794871778685 -227.4080461909975 0.9848143946125107
z 3334 138 2.130754974433649 2.362515480555503
z 3334 618 7.052704042701142 0.536571001871792
u 3335 0.9898941335296861 -0.009245951509358462
x 3335 -99.80502686068981 -226.41400343164634 0.8101364345673439
z 3335 618 6.225196653686365 0.6278262216171315
u 3336 0.9921467258808486 0.01303080869680498
x 3336 -98.94199769639307 -225.50095469840647 0.8169708805523728
z 3336 618 5.449162649672735 0.7209791978383717
u 3337 1.0127745945413897 -0.003647875027969548
x 3337 -98.27007698769928 -224.79115102176107 0.8086460463712948
z 3337 618 4.737238870690536 0.8665225568844646
u 3338 1.1588869039325231 -1.5707963267948966
x 3338 -97.39904156081128 -225.00472392020183 -1.2895471200632165
z 3338 618 4.932656971097648 2.64973897732888
u 3339 1.0184310681689586 0.0066846970066643824
x 3339 -96.97453400738601 -226.20806221264107 -1.1737560250585355
z 3339 618 5.848805121337407 2.725894402386995
u 3340 0.9990007285505667 0.006800949055356477
x 3340 -96.57537430589163 -226.9946295960301 -1.0286244471054298
z 3340 618 6.773557044605264 2.7791467416166036
u 3341 1.00901282761368 0.000626229698655999
x 3341 -96.08094499475727 -227.79926140359277 -1.010972565195309
z 3341 618 7.725206756229045 2.8248858230018676
u 3342 1.0070349053480117 0.01639648233456294
x 3342 -95.44597105024107 -228.70557173700817 -0.9083438860714779
u 3343 1.0137912632545307 -0.0029291041442253566
x 3343 -94.92054775940458 -229.35772405220342 -0.8768644024645216
u 3344 0.9438586342705217 0.007980872101384411
x 3344 -94.29385441855158 -230.19064386519088 -0.9746507118626697
z 3344 552 8.397641273857298 -1.1877169984993678
u 3345 1.0021711496348797 0.0028434065985678434
x 3345 -93.7813826318854 -230.97828028353928 -1.013284754450821
z 3345 552 8.07809295916085 -1.3059502979243818
u 3346 1.0175634312254027 -0.010054676959264928
x 3346 -93.40497648023342 -231.551419001273 -0.9661029617794852
z 3346 552 7.868162905181871 -1.4208657929317705
u 3347 1.0146964607271396 0.004137381794049266
x 3347 -92.96478442465151 -232.4640427111319 -1.2766546669774532
z 3347 552 7.783649045219154 -1.5543031587901024
u 3348 1.027331390739256 -0.0003584972692710069
x 3348 -92.66835163488045 -233.38616751983125 -1.242871581494628
z 3348 552 7.834154478759441 -1.6854399978449708
u 3349 1.0073207472450434 -0.0015190208254258375
x 3349 -92.41352434213367 -234.24563864674207 -1.3222482838782925
z 3349 552 8.011380870480624 -1.8091699041612679
u 3350 0.9835500623156128 0.004538847639740477
x 3350 -92.23686025376425 -234.92912601210384 -1.3134670332088645
z 3350 552 8.30092956890943 -1.9290366707029625
u 3351 1.0373512753508853 0.007124537983927162
x 3351 -92.00691919630786 -236.04705723670014 -1.4224149315152772
u 3352 0.9956907632220445 -0.011848588924057681
x 3352 -91.70831632614934 -237.0887626322812 -1.1608521588138427
u 3353 0.9339846819393547 -0.004946372153657202
x 3353 -91.3929320678202 -237.78662611737064 -1.1318278064113452
u 3354 1.0126270219458589 -0.008176587645553183
x 3354 -91.05853310517486 -238.5517706983493 -1.1857159071118717
u 3355 0.9877955475938516 0.0021114848477188043
x 3355 -90.72990172850476 -239.49098622069909 -1.2827055423378904
u 3356 1.025434546625504 0.008643553430538567
x 3356 -90.43851198141968 -240.67957887210517 -1.378059629247486
z 3356 431 8.087936497298044 0.39304446103382773
u 3357 0.9286763816245106 0.0038959551997551677
x 3357 -90.30673937242939 -241.1675634065464 -1.236045238256351
z 3357 431 7.238046089422892 0.4380781026911382
u 3358 0.9921379873781709 0.0010452801142122022
x 3358 -89.84470787567582 -242.19345144559202 -1.0592205348846777
z 3358 431 6.353301218324168 0.5032507621650719
u 3359 1.026012246123814 0.008895073271350308
x 3359 -89.29521517967207 -243.00868558721146 -0.896205424486471
z 3359 431 5.474352799283036 0.5841337673408225
z 3359 677 7.576434660147384 -0.17514678375577608
u 3360 0.9521459047934103 0.012115332712470284
x 3360 -88.85555080333147 -243.45999321443443 -0.7007254791920983
z 3360 431 4.705768890406454 0.6828033245963523
z 3360 677 6.642100393669504 -0.21309859395739528
u 3361 1.0208025423168259 0.0036672927899604356
x 3361 -87.87450606382119 -244.22554574890398 -0.6245549919384836
z 3361 214 7.884310441574857 -0.19008348704606703
z 3361 431 3.965068952694541 0.8419301441989404
z 3361 677 5.648983311035737 -0.25531651122258436
u 3362 1.0127973247713318 -0.008865402974049924
x 3362 -86.93751040517306 -244.74973918060098 -0.3955697731770269
z 3362 214 6.891456125510652 -0.2083488827865203
z 3362 431 3.3800730756498254 1.07711302986952
z 3362 677 4.67466336709049 -0.30026414554590897
z 3362 814 8.461835051580554 0.19785575688334323
u 3363 0.9863623814812803 -0.00040029503429882474
x 3363 -85.85372132494203 -245.2048400431144 -0.39954416115704516
z 3363 214 5.929888450382489 -0.2423288143832507
z 3363 224 8.125411314456507 1.0182388705960141
z 3363 431 3.0396084484994486 1.3673399340510723
z 3363 578 7.914473986210961 0.1468536923670385
z 3363 677 3.743743805160648 -0.3778194581663685
z 3363 814 7.4972675949235645 0.224145738459685
u 3364 0.9783868645320815 -0.00435045381110827
x 3364 -85.06304049594495 -245.4977824976612 -0.3100844592633831
z 3364 214 4.985015291858936 -0.2846774161835155
z 3364 224 7.6592337171330875 1.131681040844767
z 3364 431 3.001223403554358 1.6968017410647267
z 3364 578 6.948451296031198 0.17211229920652782
z 3364 677 2.8562230975519953 -0.4994724512751678
z 3364 814 6.547513557224762 0.26203334607699524
u 3365 1.044390840909221 0.01007523265712139
x 3365 -84.35260493184498 -245.65863379038893 -0.13523195229715768
z 3365 214 3.9953092666572116 -0.3694996609154355
z 3365 224 7.271877465292409 1.2516572902394625
z 3365 431 3.2946272442930447 2.006846360254622
z 3365 578 5.921155217047129 0.19137336736939714
z 3365 677 2.006501398677661 -0.7638798908100077
z 3365 814 5.543786149552433 0.29986032473348523
u 3366 1.011611413701027 -0.007694347362361713
x 3366 -83.26930130919965 -245.8044210188416 -0.13231365073530243
z 3366 75 8.069101244483189 0.4934938383156906
z 3366 214 3.0719464139722072 -0.4798251614664868
z 3366 224 7.024334025084785 1.3966988947456436
z 3366 506 7.5465233421830815 0.07957357993893188
z 3366 578 4.932666820559827 0.23886091978462787
z 3366 677 1.4515355213137568 -1.2570020498177348
z 3366 814 4.588458548287016 0.37353575497802893
u 3367 0.9776525108432793 0.0007160867094049149
x 3367 -82.24870929028673 -245.87637540325082 -0.008458603364776884
z 3367 75 7.222776322240522 0.5568983275844328
z 3367 214 2.2506333985798914 -0.6825756939876682
z 3367 224 6.921929803297074 1.5355313117586817
z 3367 506 6.572392029975589 0.0906288669073132
z 3367 578 3.9893806516352877 0.29607307725417087
z 3367 677 1.479074468179628 -1.9377087951905438
z 3367 739 7.832652647344338 -0.4445539669942691
z 3367 814 3.695324096107822 0.4694238847711283
u 3368 0.974457203402202 0.002654601192481653
x 3368 -81.18863064689904 -245.88852669757148 -0.01446566219635681
z 3368 75 6.415498400286675 0.634441349922584
z 3368 214 1.6171109348406132 -1.0758170796905389
z 3368 224 6.954793264189577 1.6733575167593235
z 3368 506 5.602492133702002 0.10348671930051934
z 3368 578 3.0700248001385124 0.3857561942145402
z 3368 677 2.043253253930176 -2.4014742594164367
z 3368 739 6.966154542678534 -0.5075708415325892
z 3368 814 2.859690981548192 0.6211266897596861
u 3369 0.9996004322125308 -0.003375168353174986
x 3369 -80.15984207917461 -245.8553379284391 0.0789633909899412
z 3369 75 5.642754234240903 0.7432526285729555
z 3369 214 1.4400572599312536 -1.7288434926216663
z 3369 224 7.128478285704689 1.8166537879508233
z 3369 405 8.123112620010572 -0.9546406303050299
z 3369 410 8.370091492098522 -0.767680029064659
z 3369 506 4.609610311853867 0.1296290139896592
z 3369 578 2.177519331536201 0.5634542105762179
z 3369 739 6.110985331258727 -0.5835437722337833
z 3369 814 2.1291735322763405 0.9019033669780328
u 3370 1.0361390883762926 -0.009331520431189592
x 3370 -79.16425720283793 -245.8417529830138 -0.051674703285296886
z 3370 75 4.9337420764348785 0.8959051051700939
z 3370 214 1.8982275282295553 -2.289278471237084
z 3370 224 7.453251132015274 1.9610739618949786
z 3370 405 7.567466685662594 -1.0569112456961953
z 3370 410 7.654785060710435 -0.852031729906201
z 3370 506 3.5854892122447195 0.17766217608545354
z 3370 578 1.418306644776941 0.9767514340581567
z 3370 739 5.274210537507342 -0.6818968442497422
z 3370 814 1.6991284098336208 1.4120670527220263
u 3371 1.0340713453152772 -0.007578413683276929
x 3371 -78.67766567824053 -245.83586704139174 0.07586605999144336
z 3371 75 4.366459739042439 1.090026702351265
z 3371 224 7.908131256575747 2.089685786474009
z 3371 405 7.112735397499143 -1.1760049018241803
z 3371 410 7.013975620933649 -0.9552699155651467
z 3371 506 2.5751667645196417 0.2577675398490751
z 3371 578 1.2034621326084871 1.779323849836885
z 3371 739 4.51575334259259 -0.8184681444913386
z 3371 814 1.8477140791461752 2.005538294504804
u 3372 1.0409151268921661 0.007759554033933166
x 3372 -77.52358878876097 -245.72170346947158 0.12133632647668469
z 3372 75 3.9892805872198984 1.3152476777143036
z 3372 224 8.469412553825405 2.1890918586771377
z 3372 346 7.672885977919459 -0.4351258027897633
z 3372 405 6.784717513132312 -1.3260909546904158
z 3372 410 6.472613109925999 -1.0950751144519444
z 3372 506 1.5892746181221347 0.4152649783991347
z 3372 578 1.7438384538602427 2.395769923746622
z 3372 739 3.8830549797527265 -1.0239369384238977
u 3373 1.0101966446540485 -0.005075362092467962
x 3373 -76.75616963493904 -245.64991684412198 0.06520666813789511
z 3373 75 3.862291695468204 1.5763369070166577
z 3373 346 6.769006594269782 -0.49265532672695933
z 3373 405 6.610458125755412 -1.4697339105988145
z 3373 410 6.074260220885268 -1.2381890052537303
z 3373 506 0.7820040103566476 0.9720609316859274
z 3373 739 3.4643919503701612 -1.2701816708183178
u 3374 0.9706381997945656 0.0026406115255441565
x 3374 -75.65119461155568 -245.56165337857718 0.09421133933390724
z 3374 75 3.98636145834379 1.8196562722435967
z 3374 346 5.932281462757198 -0.5729509531537951
z 3374 405 6.585017311299876 -1.6195738900084409
z 3374 410 5.831240492547871 -1.398890673372255
z 3374 506 0.8345195663226025 2.2561347904008384
z 3374 739 3.3107717896373603 -1.5567648682665873
z 3374 773 8.34624967450893 0.6810863501830227
u 3375 1.0179332056881363 -0.007463730482880271
x 3375 -74.73231368211314 -245.54077914999542 -0.04878512964442683
z 3375 75 4.353789845086255 2.055484034277936
z 3375 346 5.104426093796866 -0.6731781921766333
z 3375 405 6.7083770704940315 -1.7642831126370333
z 3375 410 5.74152893601306 -1.5668909680953105
z 3375 506 1.6771531727140954 2.751144026025168
z 3375 739 3.446399524297684 -1.8490853650398695
z 3375 773 7.585204780338106 0.7735378747899588
u 3376 0.9572932405368005 0.00853845614188166
x 3376 -73.86731241687177 -245.64018993408666 -0.18006205271088094
z 3376 133 8.274863860860012 -0.4892293727161765
z 3376 346 4.399638529817424 -0.8185259244339416
z 3376 405 6.960038053552601 -1.9080940199545098
z 3376 410 5.821130404107047 -1.7406307541957673
z 3376 739 3.8254149329313716 -2.1003208165924656
z 3376 773 6.929538042629177 0.861243913181795
u 3377 1.0056295698355657 -0.0012703704849668159
x 3377 -73.0072586606196 -245.75800088171403 -0.09220528816473683
z 3377 133 7.4019655061875005 -0.5517728568794604
z 3377 346 3.783864330147935 -1.0124244127754851
z 3377 405 7.353750612700644 -2.0362584718953856
z 3377 410 6.0719323563395555 -1.9033486913897781
z 3377 773 6.321120787178289 0.9835700270446281
u 3378 1.0033616211741534 0.0006900878802803124
x 3378 -72.15248258249933 -245.8074780620947 -0.023432093989046443
z 3378 133 6.568801965576964 -0.6326631589538283
z 3378 346 3.3620944703656095 -1.2690614246253107
z 3378 405 7.855722536190359 -2.1513135900585647
z 3378 410 6.469686435234002 -2.05114098713789
z 3378 773 5.82508602500984 1.1267361031297547
u 3379 1.1449019859629601 1.5707963267948966
x 3379 -71.58135011560744 -244.92342201201853 2.017857001304847
z 3379 133 6.492408205957694 -2.3610284882622867
z 3379 346 3.94833131127973 -3.0730872545953867
z 3379 773 4.8660290084511475 -0.3730907574896203
u 3380 1.0224720093534998 -0.018001034785774226
x 3380 -71.89658070671597 -244.0457582279237 1.813377059347829
z 3380 133 7.2488236417533916 -2.4433488894324897
z 3380 346 4.968350791888019 -3.0710212043814336
z 3380 773 3.9275079394312384 -0.44792727139998956
u 3381 1.0178601949689636 0.003532713690622162
x 3381 -72.30817252010586 -242.94367602115517 2.0430683420381275
z 3381 133 8.05613724546879 -2.52802395018597
z 3381 346 5.984211237832461 -3.0862480704320685
z 3381 773 3.043179852705066 -0.5973688401846529
u 3382 1.0468948271509297 -0.0005426286987705797
x 3382 -72.71287977767852 -242.0737330154531 1.9693869862214441
z 3382 301 8.133201202543162 0.6366800228837319
z 3382 773 2.255583389052042 -0.8608399365321038
u 3383 0.9770163497838272 0.005085143034577508
x 3383 -72.98508377555683 -241.14747437873962 1.7438613506658704
z 3383 301 7.368905813613658 0.7102309574293626
z 3383 773 1.7826736961051217 -1.2955740029235194
u 3384 1.008470801475266 -0.009681387598700235
x 3384 -73.17401436763804 -240.1001102485293 1.7546663179999547
z 3384 301 6.640469240989545 0.8196523731486165
u 3385 0.967885624746861 -0.0015873317135934781
x 3385 -73.41014967662066 -239.23699348619394 1.9210257209831427
z 3385 301 6.022230785038747 0.9390699268972806
u 3386 0.9805998940021852 -0.009306160205769866
x 3386 -73.71699046302975 -238.49254493219092 2.0024772724993998
z 3386 301 5.504411745042239 1.0931356477618932
z 3386 714 8.064672259988326 0.7442655978876589
u 3387 0.9913796169936794 -0.008193002786958375
x 3387 -74.20912712734706 -237.56087614682343 2.1110689523499246
z 3387 301 5.128740068814222 1.2742141482591665
z 3387 714 7.369127200764079 0.8441271984357308
u 3388 0.9839655148448297 0.007780059408033867
x 3388 -74.66865614940399 -236.63651550789376 1.953224456077554
z 3388 301 4.927973746197672 1.458332793106143
z 3388 714 6.752429404147808 0.9450937004538513
u 3389 0.9834535492452012 -0.009217217118100864
x 3389 -75.00148423719531 -235.8154798165099 1.9586325399715854
z 3389 301 4.920234267376785 1.6675989261611646
z 3389 642 7.949152421374605 -0.6734069465212729
z 3389 714 6.2316708830545195 1.0830075817142877
u 3390 1.003180856471495 0.01242140117296669
x 3390 -75.37532908710506 -234.75769214226563 1.862399355504218
z 3390 301 5.1096123154597555 1.8519710378905243
z 3390 642 7.196542168079438 -0.7735510507611716
z 3390 714 5.823385293948835 1.22284475465319
z 3390 720 8.208478158372609 0.7151926420695611
u 3391 0.9931633708367281 -0.0005440699967880036
x 3391 -75.77620129820176 -233.81703183928798 2.0848995822190552
z 3391 301 5.469319249035953 2.0278556399322962
z 3391 642 6.522803936363108 -0.8795600312904481
z 3391 714 5.563907376154643 1.3920073243946272
z 3391 720 7.487247306396497 0.8028593179088386
u 3392 1.0408744392704552 0.009629081050336148
x 3392 -76.25343212398634 -232.96219287281278 2.0750335685147396
z 3392 387 8.374511515046061 -0.9624425453069518
z 3392 642 5.918150735843859 -1.025656960462447
z 3392 714 5.470447483176908 1.5705604250372307
z 3392 720 6.801559946512309 0.9030219281602729
u 3393 0.9808224347780674 -0.005952120169673569
x 3393 -76.53411387434593 -232.23622188175048 1.804413389445834
z 3393 387 7.8527451697587365 -1.0589497622155122
z 3393 642 5.471485318331817 -1.1733083973936946
z 3393 714 5.560324652354107 1.7538360579173249
z 3393 720 6.244389712961291 1.032913524671227
u 3394 0.9491784331324323 0.001798115341857576
x 3394 -76.74695125364366 -231.37027875001834 1.819198006609228
z 3394 387 7.434837738851944 -1.1723403103939578
z 3394 642 5.1793750785343065 -1.3449592053842565
z 3394 714 5.807763685789928 1.9134673517892677
z 3394 720 5.814733331330815 1.171689663216167
u 3395 0.9732151758155808 -0.00388432827711404
x 3395 -77.13667647583664 -230.07577905850502 1.9072570774935862
z 3395 387 7.11218877862981 -1.2948064111700432
z 3395 642 5.049412819079354 -1.5299557508012338
z 3395 714 6.204535516840543 2.0655265249898687
z 3395 720 5.511843890771943 1.3391262637005532
u 3396 1.0398281716817648 -0.01010034503291213
x 3396 -77.48576390426628 -228.89309008518273 1.8083643453985205
z 3396 387 6.89653148066088 -1.430077149022499
z 3396 642 5.1084316266547996 -1.7246195031220122
z 3396 720 5.374584635011163 1.5388853493793198
u 3397 0.9835847492985701 -0.009050893149390213
x 3397 -77.71398125516649 -227.8501864365851 1.7640941025347496
z 3397 160 7.9276556238257285 0.37313652911739803
z 3397 220 7.894518284313354 -0.488231017194948
z 3397 387 6.8239302441296035 -1.5641336170506737
z 3397 642 5.343991853779796 -1.8985949871294743
z 3397 720 5.437287008256685 1.7297642928402128
u 3398 0.9973801509553388 0.0029947942338497432
x 3398 -77.86674382269746 -226.88011846110433 1.6898854373876606
z 3398 160 7.0077297361003525 0.42184936329466316
z 3398 220 7.030041970698826 -0.558010998077549
z 3398 387 6.891333685076551 -1.7123661220017539
z 3398 642 5.744580681456757 -2.0666303725263173
z 3398 720 5.679766278863226 1.9010804273191972
u 3399 0.9755903262518542 0.0020817770216438364
x 3399 -77.79944065620153 -225.85964405319697 1.319992328826653
z 3399 160 6.130218960990369 0.48482372818725317
z 3399 220 6.224521438164542 -0.6433174721665562
z 3399 387 7.096008703617015 -1.850960155590406
z 3399 720 6.065864402434844 2.0517864733734044
u 3400 0.9990274473319112 0.011087002650478375
x 3400 -77.71149249083503 -225.03871309484876 1.608149989848898
z 3400 160 5.263957423979032 0.5613665969382531
z 3400 220 5.4619917596532535 -0.7651560824183221
z 3400 387 7.439576505723136 -1.9912475826300202
u 3401 1.0244868798707274 -0.004143905577973896
x 3401 -77.81909629194206 -224.0297666981401 1.7459387802136845
z 3401 160 4.431741405462245 0.6892934845083447
z 3401 220 4.774386122953253 -0.9098688184581665
z 3401 387 7.911383898036384 -2.105707592762144
u 3402 1.0317239028117455 -0.0003316293612401889
x 3402 -77.82792765228255 -223.09834666381968 1.4146165226219445
z 3402 160 3.694435238462504 0.8682186258149454
z 3402 220 4.220245304595655 -1.103720752792209
u 3403 0.9499870381064305 0.0055813369081240604
x 3403 -77.68928772268933 -222.302048943233 1.3822206164891533
z 3403 160 3.162372148736133 1.0933984785190933
z 3403 220 3.888760746686778 -1.329507472760243
u 3404 1.0038224423196493 -0.0017986804510012934
x 3404 -77.5916069237787 -221.17979660824568 1.5857297357800624
z 3404 160 2.8453812576088153 1.4140648487537693
z 3404 220 3.7759404093128284 -1.5887517951163037
u 3405 1.0116021460408917 0.001606798124294775
x 3405 -77.53126802206887 -220.3338572605035 1.4134487232880595
z 3405 160 2.8664237142073836 1.7684755191882413
z 3405 220 3.9273864823655904 -1.8508248115673913
u 3406 1.0028146237894862 -0.010263348174430304
x 3406 -77.39146669471594 -219.61574053595479 1.3435983594511747
z 3406 160 3.221798844815943 2.0885496225303513
z 3406 220 4.309076956949627 -2.0664603704713684
u 3407 0.9870029049334513 0.013780066884717744
x 3407 -77.22134671644284 -218.58607577302996 1.4705150660907957
u 3408 1.008109093731703 -0.023311402733300207
x 3408 -77.0316308331004 -217.5457497360912 1.3103179561369842
u 3409 0.970589211276927 0.0017990500956666263
x 3409 -76.76157438371705 -216.54276543115503 1.3052439333415027
u 3410 0.9942737637675098 0.00804464582156349
x 3410 -76.43054070246656 -215.54245315477453 1.1971761139717279
u 3411 0.990973000127564 0.001982100467426481
x 3411 -75.95523707407612 -214.44789690918807 1.125069308355748
u 3412 1.1074160750337934 -1.5707963267948966
x 3412 -74.88409264635544 -214.16033492536818 -0.6005130321431915
u 3413 1.046812526110486 -0.0038800027676068397
x 3413 -73.92501477017602 -214.75014192536037 -0.5021997177946793
u 3414 1.0248396546032192 -0.021847048240952613
x 3414 -72.79739422769804 -215.4937602264169 -0.6637909159486703
u 3415 0.9153025140698375 0.00819364219204414
x 3415 -72.20099751025508 -216.00971249558836 -0.7626179146303915
u 3416 0.9745207377881708 -0.01554083462726441
x 3416 -71.25315899905581 -216.82570757720038 -0.6589594602663107
u 3417 0.9733637944412641 -0.006862159455189911
x 3417 -70.40096129070896 -217.5360414040005 -0.7307512377687706
u 3418 0.9842593209251052 -0.00613086395597115
x 3418 -69.90683321029607 -218.0229803328726 -0.825389570502054
u 3419 1.0513505933994387 -0.0030189229800018647
x 3419 -69.3351806368364 -218.61552650246895 -0.7812964246418197
u 3420 0.9562674462359047 -0.002617967930449071
x 3420 -68.67989846939156 -219.234905997796 -0.7331819265741446
u 3421 0.9645772082701825 -0.0021519306557671266
x 3421 -67.91383559416099 -219.88899628496625 -0.6802490920482311
z 3421 32 7.8350129981614876 -0.0793860617492439
u 3422 1.0267381096060086 0.00010603488704223899
x 3422 -67.4165033981909 -220.17405746015172 -0.36068268914257695
z 3422 32 6.812000122798651 -0.09145324071527217
u 3423 0.9723859775135406 -0.012934727150802338
x 3423 -66.19772689422389 -220.56374937332134 -0.2582519334032405
z 3423 32 5.84371330074189 -0.09264340265453708
z 3423 447 8.225985550330325 -1.1344314176082584
u 3424 1.0104284187368082 -0.0023381233316629884
x 3424 -65.21419218271257 -220.87126339517295 -0.347813134308796
z 3424 32 4.838390025568899 -0.10938290750177826
z 3424 447 7.8513880704958465 -1.2489300571597213
u 3425 0.9452983413103131 -0.003585488378174911
x 3425 -63.931975543687045 -221.35151179290563 -0.3689310538426813
z 3425 32 3.8998794211331087 -0.13182902165964894
z 3425 447 7.6037487030990425 -1.3634842285644897
u 3426 1.0052941433584743 0.002495198325680421
x 3426 -63.05180159741851 -221.7023505601235 -0.3896695508641135
z 3426 32 2.90653627708527 -0.18023228742562614
z 3426 447 7.463212647089419 -1.4982146085272245
u 3427 0.9780060972512499 0.006955923465025109
x 3427 -62.21926024120438 -221.9456639692971 -0.1790007764497039
z 3427 32 1.9531776928058655 -0.2787879404833733
z 3427 447 7.459762318148315 -1.6363373417084632
u 3428 1.0095583987997876 -0.007245708951312167
x 3428 -61.18920006415033 -222.1713988088957 -0.2524727493303618
z 3428 32 1.0192063460167267 -0.5440351658292193
z 3428 447 7.589418895217103 -1.7622514339770028
u 3429 0.99343696135939 -0.010512521132227694
x 3429 -60.116904240140585 -222.38324255530037 -0.1376256338094013
z 3429 32 0.5362254821014886 -1.7885809536490282
z 3429 447 7.83439285392805 -1.8766758878874001
z 3429 572 7.781802732024283 0.7268360829429401
u 3430 0.9964296659240578 -0.007960587035034095
x 3430 -59.52811056768564 -222.472387922446 -0.1628987420866328
z 3430 32 1.2276576437555666 -2.6966143896062444
z 3430 447 8.18613442063969 -1.9851947948829443
z 3430 572 7.071181278948385 0.8289927348123065
u 3431 1.0351321183100697 -0.0008080673960314023
x 3431 -58.581962717790844 -222.62725947474223 -0.1615964217865531
z 3431 572 6.417705053967123 0.9490407800424148
u 3432 1.0149530641614781 -0.0076377363952068456
x 3432 -57.57016437250604 -222.76417498343645 -0.10740752684421873
z 3432 572 5.8880924017607335 1.0976422584696035
u 3433 0.9853919370021685 0.008420105694764134
x 3433 -56.54718079493598 -222.92452200322822 -0.20355125760151171
z 3433 572 5.505381943069847 1.2488769699010707
u 3434 0.9906560240947833 0.014697797242329547
x 3434 -55.50984316574108 -223.10584793433696 -0.142550663828656
z 3434 572 5.269115058056009 1.4130414278012005
u 3435 1.0123216009818876 0.002570385787393071
x 3435 -54.741268537769194 -223.20268345884583 -0.10811581622135469
z 3435 572 5.205656512504829 1.6036823525049462
u 3436 0.9846757474717739 -0.0010177947415403535
x 3436 -53.80681735415293 -223.26998429736784 -0.035679460206421876
z 3436 572 5.330172540350752 1.7903987566435084
u 3437 0.9425802008346812 -0.00449816370836382
x 3437 -52.70428270986469 -223.25181246963777 0.06864020683131544
z 3437 572 5.6133917649301885 1.9594392523676776
u 3438 1.0140149820622075 0.004078444544734053
x 3438 -52.08969225694503 -223.19093209360398 0.12883246420815908
z 3438 572 6.068831577748605 2.110739081242235
u 3439 1.00828187828558 -0.013068541045565343
x 3439 -51.048551343867324 -223.03825646249282 0.16237721587016862
z 3439 430 8.438237984291602 -0.6421085399136235
u 3440 0.9900842101160104 0.007212007509241803
x 3440 -49.79629882843752 -222.75737981616192 0.27891346567144026
z 3440 430 7.670662896066966 -0.7270715437212463
u 3441 0.9878667117857943 0.010359998416772279
x 3441 -48.55088429039408 -222.2637317672897 0.4758371307479523
z 3441 98 7.789568817566317 0.39307259731560995
z 3441 430 6.967389719581552 -0.8323629524540141
u 3442 1.0082704224125107 -0.0034095113407931485
x 3442 -47.69703619428522 -221.84667226877218 0.43288792204371296
z 3442 98 6.869806200254167 0.4529596181676432
z 3442 430 6.331345561485283 -0.9468127642650961
u 3443 0.9962510081195955 -0.002064794734955347
x 3443 -46.89551769326552 -221.53424901413908 0.3104582576466557
z 3443 98 5.990426423498681 0.5280243456961973
z 3443 430 5.804925516899755 -1.084378466236382
z 3443 478 7.797457058000739 0.011496612285207597
z 3443 650 8.466527022988414 -0.5981274975859496
u 3444 1.0237374726517692 0.004401159846172324
x 3444 -46.12518786388014 -221.23950215840995 0.42041796776618057
z 3444 98 5.130780541423409 0.6239398005387011
z 3444 305 8.345967265479146 -1.0856475937972276
z 3444 430 5.4048443051187025 -1.2572110545448747
z 3444 478 6.773771329966782 0.008500364798313065
z 3444 650 7.643699733669967 -0.6782610344616908
u 3445 0.9985618076053333 0.00679005365876207
x 3445 -45.22123740608895 -220.74902763682877 0.5738548182784333
z 3445 98 4.357251349025401 0.7508058943766507
z 3445 305 7.932810882686263 -1.2042206104278221
z 3445 430 5.187934873551728 -1.448334699640748
z 3445 478 5.775226704135941 0.0025930408564094343
z 3445 650 6.8970452955851105 -0.7764015686335579
u 3446 1.004689563806255 -0.014104425930979093
x 3446 -44.42984152020453 -220.23445697195066 0.5791857798736109
z 3446 98 3.6926906441795904 0.953032017016973
z 3446 305 7.6237054282371925 -1.3131180965244533
z 3446 430 5.155357836713802 -1.6287025868503342
z 3446 478 4.7706020426251206 0.018728711870888315
z 3446 650 6.214745406413588 -0.8749978701088845
u 3447 1.0311919497792814 0.006694820441795133
x 3447 -43.836519776008465 -219.80721219606892 0.6689782477604576
z 3447 95 8.29414492069256 0.2056615808204194
z 3447 98 3.204281707985207 1.2111320735555813
z 3447 305 7.431579272136967 -1.4545141722244328
z 3447 430 5.3190156929418455 -1.8301308227508555
z 3447 478 3.7395676320818474 0.01627514831306831
z 3447 650 5.612807273059979 -1.0235751940476003
u 3448 1.0191380007684943 0.01617197840331527
x 3448 -43.112793081934385 -219.3827881280927 0.3918039074683093
z 3448 95 7.297587219135974 0.21690581464410874
z 3448 98 2.9929893449252787 1.5183030439047034
z 3448 305 7.391298289840538 -1.6081948137320599
z 3448 430 5.674095103667963 -2.0204074049701957
z 3448 478 2.7204877105217107 0.0031708963600909357
z 3448 650 5.164187301917027 -1.2099195762455601
u 3449 0.9865787998810196 0.004274442628949077
x 3449 -42.32094644071603 -219.07429503073257 0.35119105666935013
z 3449 95 6.337164156691741 0.24581647356551217
z 3449 98 3.0998151709416417 1.8374317693886084
z 3449 305 7.495403428236942 -1.7443729669819066
z 3449 478 1.7339104886787986 -0.0005153953847916171
z 3449 650 4.905568731962586 -1.403636123019195
u 3450 0.9684737213769637 0.003899732602219625
x 3450 -41.635956382412665 -218.8297370083555 0.334646334026548
z 3450 95 5.4024099727574395 0.28521544108297636
z 3450 98 3.481023035120145 2.105394734471014
z 3450 305 7.723618007946606 -1.8720529934817023
z 3450 478 0.7654440474975555 -0.007534286215628239
z 3450 650 4.841474650530349 -1.6061521916648909
u 3451 1.0193101658599963 0.0053252554771238
x 3451 -40.64670324185411 -218.4678498556759 0.36674763943623523
z 3451 95 4.432639478660058 0.34404760128065925
z 3451 305 8.087354341913626 -1.9979312411725947
z 3451 478 0.25402464294196264 -3.1135249540423597
z 3451 650 4.985380279173432 -1.817238149611709
u 3452 0.9773186364984572 0.005710372438988355
x 3452 -39.44940838773509 -217.9925672861869 0.3890246027715816
z 3452 95 3.526852272349864 0.43119384083918444
z 3452 478 1.2312778714521198 -3.1392467798358736
z 3452 650 5.311626822374711 -2.0022149698742666
u 3453 0.9828305728038708 -0.00926340076947223
x 3453 -38.491323594451075 -217.74124365499372 0.12405296173545466
z 3453 95 2.6683531103791194 0.5965833570186705
u 3454 0.96932845287408 0.011300376358635341
x 3454 -37.23150391570097 -217.73357900146178 -0.1118852537747772
z 3454 95 1.940085742262413 0.8673706938945784
u 3455 1.0074209386776625 -0.012611058923689168
x 3455 -36.57868873965298 -217.81011402546878 -0.12152608964099532
z 3455 95 1.5063958171842062 1.4183467474486378
z 3455 614 8.3319347405573 -0.8215223679429196
u 3456 0.9686682700014434 -0.010672752214816046
x 3456 -35.65097069553944 -217.95814045515164 -0.19492579194343618
z 3456 95 1.6672588643670059 2.041276688394005
z 3456 614 7.700799540262166 -0.9026193485229048
z 3456 619 7.760524650303498 0.04401605365261574
u 3457 0.9990018933449185 -0.00888949278679995
x 3457 -34.89199394828151 -218.0640453303678 -0.08235663685667349
z 3457 614 7.121385182510866 -1.0036781590330994
z 3457 619 6.762872012589966 0.06006134323297019
u 3458 1.010136573212365 -0.008306702628818222
x 3458 -33.881746830875834 -218.02500776127704 0.15960141360879243
z 3458 614 6.629883910535738 -1.1238929439471521
z 3458 619 5.755185336105208 0.07963131922675082
u 3459 0.9801895713837573 0.004737372422732815
x 3459 -33.05307254630323 -217.94796423837755 0.025809635545152698
z 3459 614 6.27111607027188 -1.2702141130615647
z 3459 619 4.778519811414604 0.09072725833673445
u 3460 0.9578159315674151 0.0036403346128392705
x 3460 -31.99937537931334 -217.9548812670788 -0.03893851082700639
z 3460 614 6.058744983884405 -1.4255202656769865
z 3460 619 3.8254328698901263 0.10932007980609448
u 3461 1.0117464811140826 -0.004910479844552662
x 3461 -31.29507852799087 -217.93076837581413 0.10738543472570816
z 3461 614 5.993950444587013 -1.5883511577100538
z 3461 619 2.8222582708736237 0.15422793860909811
u 3462 1.0228724843540358 -0.007903852549511533
x 3462 -30.179630193573114 -217.92882978518332 -0.10390954324931645
z 3462 614 6.094300544061205 -1.7490701324176405
z 3462 619 1.8193071833737668 0.25081110290058195
u 3463 0.9835874458630888 0.016230406333779097
x 3463 -29.499566244952213 -217.8627330731578 0.2976847358739705
z 3463 614 6.350552481972395 -1.9180922644020293
z 3463 619 0.8962861317698577 0.5014631211432592
u 3464 0.9569396026331753 -0.001019031756835589
x 3464 -28.724886636812226 -217.6636735177512 0.2053470341172705
z 3464 614 6.736184624709783 -2.0510766645195746
z 3464 619 0.46400096025585097 1.9492556409383646
u 3465 0.9649163128881326 0.008348267465162675
x 3465 -27.609220701692255 -217.2730552037522 0.46821857177998316
z 3465 619 1.2139748549855107 2.773696568384044
z 3465 672 8.345560648214802 1.161494720624674
u 3466 0.9766138583247267 -0.012832828593305421
x 3466 -26.98368324748987 -217.01445765565862 0.3157913497726774
z 3466 87 8.200595749035447 -0.07146469286615664
z 3466 672 8.013181217793429 1.2866807663973914
u 3467 0.9628736032776353 -0.0027151996875318042
x 3467 -25.83717283377322 -216.63844284461445 0.31803049625663027
z 3467 87 7.2404019077186765 -0.07806526615530984
z 3467 672 7.799536544872427 1.4082257031867806
u 3468 1.0269493518943165 0.007297375260564839
x 3468 -24.67406825054574 -216.29444136957025 0.2570968564963869
z 3468 87 6.2174465436456146 -0.09884487868817438
z 3468 672 7.696551027003074 1.5329015922537783
u 3469 1.03896344931656 0.003931616536623206
x 3469 -23.70886910855953 -216.05552116790685 0.22821706692477894
z 3469 87 5.184813118028727 -0.12294469070132363
z 3469 233 8.484478201434 -1.398465097111559
z 3469 672 7.7252201317499045 1.663760665842707
u 3470 0.9954082994354166 -0.00233540748537881
x 3470 -22.73799002123626 -215.66429812214432 0.5378896829529207
z 3470 87 4.198518299190815 -0.1494135253574549
z 3470 233 8.37026351736093 -1.5135357783209094
z 3470 672 7.881334238310086 1.7921700817476083
u 3471 0.9916953868510054 -0.004687490700423249
x 3471 -21.69046019472347 -215.14779663387475 0.37828061829387405
z 3471 87 3.2208096034471008 -0.189861406645091
z 3471 233 8.369936386228119 -1.6273982921628156
z 3471 672 8.15885318066182 1.9156560282488329
u 3472 1.0096715712172646 -0.01685607107136635
x 3472 -20.835317411861617 -214.85636220686865 0.2786339530135775
z 3472 87 2.235159480077299 -0.25460349822120865
z 3472 233 8.478746840201138 -1.7297675597816542
u 3473 1.0482683966279365 0.013658052626809154
x 3473 -19.95372854587352 -214.72253717926026 0.022665431728218888
z 3473 87 1.2521815706038937 -0.4863594365499013
z 3473 268 8.015619271998364 0.09211386383211462
z 3473 505 8.271964019286834 0.8898552998005549
u 3474 1.005309123640688 0.0006689991837727444
x 3474 -18.76576404121719 -214.6830680704762 0.04375843137589985
z 3474 87 0.5943791995528894 -1.3995676164963904
z 3474 268 7.0151463743523825 0.10457927345666862
z 3474 505 7.678646522581535 0.9910592454991907
u 3475 0.9780908813730765 0.001373830696274314
x 3475 -17.848858235222636 -214.73217275017842 -0.15076574679266663
z 3475 87 1.0548065149305275 -2.553530315136932
z 3475 268 6.043180724036312 0.11999101077512941
z 3475 505 7.188962006280265 1.1037052107705767
u 3476 0.9396926493399728 -0.004604632626008965
x 3476 -17.006551144934317 -214.8784167782132 -0.1930531299555387
z 3476 268 5.111792475500263 0.14702249615430008
z 3476 505 6.819691153002361 1.2317970309662538
u 3477 1.0186781474920141 -0.01362744304769277
x 3477 -16.00382625039206 -215.0989869252755 -0.23999168027658602
z 3477 268 4.10811863772785 0.1986548285764922
z 3477 505 6.558574141980118 1.3927850900014862
z 3477 674 8.166241261716834 0.3863456793567672
z 3477 683 8.057462174307252 0.5827847154162136
u 3478 1.0961886883968917 -1.5707963267948966
x 3478 -15.653308710436713 -215.85534351491526 -2.033670665124288
z 3478 268 3.6553006326578674 1.996228621774451
z 3478 505 7.167790485359758 3.07688485955717
z 3478 674 7.835726849218928 2.073458965126937
z 3478 683 7.918100894779985 2.2759773326055868
u 3479 1.057335089982773 -0.005044930605781175
x 3479 -16.17984598466411 -216.79509069441724 -2.1293503606040027
z 3479 268 4.205604231718627 2.232054261563217
z 3479 505 8.223343273483328 3.0899203347870072
z 3479 674 8.398566820315532 2.1888964145939447
u 3480 1.0318146992126658 0.004440265098150684
x 3480 -16.515685006571385 -217.46919736674698 -1.9366532457712347
z 3480 58 8.268805230316026 -0.2932542148314936
z 3480 268 4.90573814051024 2.3946714088654515
u 3481 0.9488396341091132 0.001248979108942605
x 3481 -16.866451338685955 -218.27057382795476 -2.0301040782371134
z 3481 58 7.365774366998959 -0.33182597064953523
z 3481 233 8.436565486077717 -0.9798583792780704
z 3481 240 8.108891924959364 0.24441435687440816
z 3481 268 5.6385979412101355 2.508074227252852
u 3482 0.990495999733787 0.008075665868997248
x 3482 -17.387649922135033 -219.0294661182523 -2.31509681899397
z 3482 58 6.438904765552689 -0.3906232422263094
z 3482 233 7.931046585568577 -1.0921118729660981
z 3482 240 7.1507659147358025 0.26932087219827316
z 3482 268 6.461465590594774 2.5913704043155192
u 3483 1.0103139017607103 0.005624147150585522
x 3483 -17.926909494993463 -219.5804044070525 -2.3758680334507223
z 3483 58 5.5193891041249605 -0.46647899742298593
z 3483 233 7.522010733893324 -1.21741246602573
z 3483 240 6.1818502086497595 0.306752329619119
u 3484 1.0082298192550552 0.0024138874927912366
x 3484 -18.661003424104358 -220.40427762524914 -2.2213964288219454
z 3484 58 4.641737499096196 -0.5669728747994593
z 3484 233 7.236377043400846 -1.3509785808259154
z 3484 240 5.229121551787879 0.3623709834914637
u 3485 0.9995463575448814 0.0038846929582156318
x 3485 -19.336235418691093 -221.14470345513075 -2.3989536345680773
z 3485 58 3.837600186295463 -0.711637349324719
z 3485 233 7.087827356673142 -1.4929910145711005
z 3485 240 4.308247096968402 0.44040120493164103
u 3486 0.9892817056941661 0.003464808444278809
x 3486 -20.224750925140686 -222.01711684875366 -2.3317230393833364
z 3486 58 3.1566395730961156 -0.9216500918044974
z 3486 233 7.081679059949421 -1.6362020638860257
z 3486 240 3.438403390156479 0.5594452711834306
u 3487 1.0201387852131318 0.007666687717391576
x 3487 -21.007450231820876 -222.8771643683714 -2.2865660734803717
z 3487 58 2.670483066450711 -1.239452363629652
z 3487 240 2.627407361435123 0.7580346124435748
u 3488 0.996791701961601 0.009652080799298291
x 3488 -21.817976124125718 -223.84167953892396 -2.2527511861086826
z 3488 20 8.021955837057492 -0.6286178618529861
z 3488 58 2.5332726534507866 -1.6310093994271784
z 3488 240 2.0188590695730397 1.0928638296552062
u 3489 1.0278330970997676 0.0016715491783138765
x 3489 -22.412256048800437 -224.59788228787838 -2.220977175953688
z 3489 20 7.2165201780315495 -0.7142356620639845
z 3489 58 2.7913489936984672 -2.0090379790127826
z 3489 240 1.794530153279781 1.6244710443659702
u 3490 0.986811607622814 0.002858116770671161
x 3490 -23.120935406420255 -225.5239410298895 -2.2270128184386566
z 3490 20 6.504122747585225 -0.8168059147889362
z 3490 240 2.0926276671812576 2.1119487576898024
u 3491 0.9869112532240125 0.007468751512169378
x 3491 -23.951455738641037 -226.63939867155452 -2.1945951033995312
z 3491 20 5.875742522088514 -0.9474534703946587
z 3491 622 7.869493284497909 0.5638665785106074
u 3492 1.007148898899762 0.006934203757864873
x 3492 -24.62028886004746 -227.4992301464037 -2.269193026622182
z 3492 20 5.353789947432295 -1.1081115673055026
z 3492 300 8.45530884130641 -0.1519480282469181
z 3492 622 7.036788619242889 0.6330808979915856
u 3493 1.014715724302639 -0.0035873441461994173
x 3493 -25.22572294475074 -228.27772478892794 -2.1943871188660897
z 3493 20 4.982529610900777 -1.2876240962202046
z 3493 300 7.453557022533213 -0.16872713494442237
z 3493 345 8.108304122778563 -0.28592292616676485
z 3493 622 6.248840959610229 0.7331242005370764
u 3494 0.970019677354376 0.012772765930985317
x 3494 -25.730594996364044 -229.1563627425302 -1.9902842062831645
z 3494 20 4.8088543159461175 -1.4956720256323186
z 3494 300 6.500575636389891 -0.20749985125151804
z 3494 345 7.184877451039761 -0.3376098898676587
z 3494 622 5.56137825662457 0.836502915103992
u 3495 1.0004442288210835 -0.0047981252662528924
x 3495 -26.043443447918364 -230.00355386304682 -1.858796638836279
z 3495 20 4.8353682250531005 -1.6986452973070794
z 3495 300 5.5248597237892465 -0.23958996266449795
z 3495 345 6.24879086103391 -0.38550458910648233
z 3495 622 4.949081087302766 0.9922530026192566
u 3496 1.0079555919040621 -0.00788803679719157
x 3496 -26.467518021464077 -231.21029411598357 -1.958677422555703
z 3496 20 5.0597874324955505 -1.8897492870739097
z 3496 300 4.550851364815757 -0.28343574515667047
z 3496 345 5.32656525933528 -0.4481389214262004
z 3496 622 4.481846997921037 1.1900613539161569
u 3497 0.9700730030231949 0.001872274653988606
x 3497 -26.84529063255649 -232.46727650364664 -1.7668182204536649
z 3497 20 5.443295892266143 -2.061612571487915
z 3497 300 3.6299555195435644 -0.3603541319573855
z 3497 345 4.472547719617333 -0.5443120272969963
z 3497 622 4.217723155367526 1.4032932919274623
u 3498 0.9694578753597055 0.0017931533882898534
x 3498 -27.03905142191372 -233.54923742616506 -1.729183549575396
z 3498 300 2.7445444111766992 -0.48732140940030577
z 3498 345 3.6781650096916696 -0.6832214321465551
z 3498 622 4.166340938279902 1.63295774687548
u 3499 1.0063780976655363 0.0008126854996355084
x 3499 -27.144592265314643 -234.56045756065507 -1.6203956826283288
z 3499 300 1.9145057735895281 -0.7370304036625086
z 3499 345 2.966825843310096 -0.8999565873675754
z 3499 622 4.346116888396042 1.8653702398830188
u 3500 0.990730554027963 0.016590407651137867
x 3500 -27.20435423406986 -235.42778716939048 -1.658786325120502
z 3500 300 1.3635089642087879 -1.2689082783343197
z 3500 345 2.4834485722405413 -1.236505609761679
z 3500 622 4.722502206434488 2.0514125472949356
u 3501 0.9897697347017512 0.020433744580101568
x 3501 -27.175559026113596 -236.25603532000977 -1.4133015194911749
z 3501 300 1.436189280213278 -2.0102210818835364
z 3501 345 2.362566508028 -1.6653204254603327
u 3502 0.9504604932673545 -0.005362252763889147
x 3502 -27.157993753172146 -237.21434922281972 -1.6916365344316937
z 3502 345 2.626211140249639 -2.028641398329584
u 3503 0.9896855812183567 -0.004728673075474612
x 3503 -27.30874370357227 -238.0841000006636 -1.7931969612667005
z 3503 310 8.1136458661883 -0.9716258290242052
u 3504 1.0368492353141785 0.007698548346275445
x 3504 -27.44672813834318 -239.10085868739714 -1.6181678194647695
z 3504 310 7.5809725925902045 -1.0928087262626471
u 3505 1.022682755746368 0.005720747040957862
x 3505 -27.430914423857068 -240.4605671897105 -1.500165434748956
z 3505 310 7.171042608948892 -1.2256879623256194
u 3506 0.9390281998898194 0.020090739807976727
x 3506 -27.340664531006162 -241.49254032844092 -1.466963644399828
z 3506 310 6.919330213644862 -1.3742939347804681
u 3507 1.0074461573016293 0.016609161853716973
x 3507 -27.163337144804878 -242.5864244186039 -1.3532090346376404
z 3507 310 6.803215979074697 -1.5368885023662826
u 3508 0.941373750269202 -0.00973493726991459
x 3508 -27.03882132744355 -243.45213197292546 -1.5026804806247236
z 3508 310 6.831792520314598 -1.6652813402885012
u 3509 0.9987185641352627 0.008120733103158265
x 3509 -26.96154216942875 -244.0151773830226 -1.3661124885806761
z 3509 310 7.00095714258926 -1.8158453548246265
u 3510 0.9449686980764984 0.00010690976864150555
x 3510 -26.783933102618246 -244.8471178683555 -1.3548196928870675
z 3510 203 8.203994559799325 0.7333810396095437
z 3510 310 7.288143445447269 -1.9420695133819081
z 3510 515 8.3567780471326 0.9190360220175862
u 3511 0.9804075935669058 0.003313956412150713
x 3511 -26.767730250595736 -245.2001746507289 -1.695051221572906
z 3511 203 7.503198148887838 0.8174827886065739
z 3511 310 7.6996744939876995 -2.064241862275743
z 3511 515 7.799729434861575 1.0156937796478083
u 3512 1.0698507245505424 0.02075447243336384
x 3512 -26.978239314992184 -246.04863270946464 -1.9329353918624352
z 3512 203 6.807311240467829 0.9104877860449152
z 3512 310 8.26940956172621 -2.1985369618134145
z 3512 515 7.282727065473075 1.1192917367552804
u 3513 0.9597595098828858 6.354280843812133e-05
x 3513 -27.33995275237168 -247.05635199389212 -1.8978957260275449
z 3513 158 8.115497649435168 0.6013969735253539
z 3513 203 6.2646356115113155 1.0317184666090258
z 3513 515 6.91804826054744 1.244383271697048
u 3514 1.0156420179454864 0.0012061070587430652
x 3514 -27.71042309585818 -247.9331058464603 -2.043280355561461
z 3514 158 7.300319609698522 0.678918024791431
z 3514 203 5.808455913737528 1.1810846568194648
z 3514 515 6.661605514730953 1.3880658868745783
u 3515 0.9747546220462733 -0.006619768152008632
x 3515 -28.118498041948726 -248.661751558241 -2.1193586213840567
z 3515 158 6.5725450340151745 0.7791855569681685
z 3515 203 5.515515199512402 1.352143691623903
z 3515 515 6.558163390850754 1.5414580883776532
u 3516 0.9691604944563034 0.009094442162374325
x 3516 -28.50587175783789 -249.60239733640717 -1.8035371685257038
z 3516 158 5.918860598138333 0.8848725258875394
z 3516 203 5.384584599053962 1.5194858524374268
z 3516 515 6.596825790205003 1.6797247118041838
u 3517 1.0471892593348269 -0.004874689622067286
x 3517 -28.775100600436925 -250.75700481179797 -1.7962243552942956
z 3517 158 5.3198904466767365 1.0429741204227128
z 3517 188 8.316764611167143 -0.9263717922929651
z 3517 203 5.435017444149697 1.7180128854903156
z 3517 515 6.793393145827956 1.838398140062127
u 3518 0.9765964422273627 0.0036975303091490407
x 3518 -28.948174547226795 -251.99948610467186 -1.6221811237966293
z 3518 158 4.899494383035525 1.2121492519416606
z 3518 188 7.770958802813896 -1.030847561774305
z 3518 203 5.659584418802753 1.8858920562534713
z 3518 515 7.112579968636492 1.967576602318145
u 3519 0.9878382519121232 -0.0026118444633901334
x 3519 -28.96785061804271 -252.75960084975668 -1.5711712882904552
z 3519 158 4.647044182888148 1.4152466372416779
z 3519 188 7.311199086582125 -1.1442964347985243
z 3519 203 6.0403503229813 2.0445584541456086
z 3519 484 7.725025012270863 0.11352189702727866
z 3519 515 7.5506293583658275 2.0910810724626536
u 3520 1.0244491461214396 0.002505695153864908
x 3520 -29.019237945564083 -253.7118390964312 -1.678246337323333
z 3520 158 4.5997455018037465 1.6345412764410598
z 3520 188 6.951491384000005 -1.2814544210110623
z 3520 342 8.198360577168094 1.214332853782258
z 3520 484 6.7080075430102175 0.12812680311091107
u 3521 0.9941280344898088 0.007845883572936191
x 3521 -29.064742791304777 -254.87160311208697 -1.5417786788838397
z 3521 158 4.763687331616625 1.8365471683685746
z 3521 188 6.7394359621630215 -1.4313182806518805
z 3521 342 7.902739827302442 1.3244745794128576
z 3521 484 5.722865526462741 0.14180274483547795
u 3522 0.9420574410796332 0.008363059174824224
x 3522 -29.044674108884227 -255.90979639096585 -1.5611580062253514
z 3522 158 5.089319207902684 2.0079589107441107
z 3522 188 6.677928409761573 -1.5799212930198516
z 3522 342 7.723325135040472 1.4345564290550783
z 3522 484 4.79146108201122 0.16041549325507098
u 3523 0.9811007836581416 -0.012855456277216855
x 3523 -29.04399454530514 -256.900479291197 -1.5790627382049258
z 3523 188 6.752230457627275 -1.7128807290898722
z 3523 342 7.658365586177238 1.5747856533522127
z 3523 484 3.827460051717439 0.215852652519116
u 3524 0.9871628049409304 0.011013231318075375
x 3524 -29.073079927582405 -257.8821258862395 -1.621770940956089
z 3524 188 6.966168400882795 -1.8645238511247317
z 3524 342 7.7202397991247125 1.6919895045201603
z 3524 484 2.86947281386133 0.27673226405126883
u 3525 1.0005575407434224 0.005201764087481344
x 3525 -29.145118527531213 -258.9082308796522 -1.6600034543098192
z 3525 188 7.321152181876575 -2.000810627705681
z 3525 342 7.901333109854304 1.8128633766926736
z 3525 484 1.9254235717303119 0.4126749837976882
u 3526 1.0021910604021074 -0.008782663089173779
x 3526 -29.268050719048492 -259.9972683490581 -1.706400571394428
z 3526 188 7.788614257569478 -2.109491317195781
z 3526 342 8.20361328930078 1.9403976559306528
z 3526 484 1.0877390333964985 0.803935316733333
u 3527 0.9818734528702809 0.022833425876525985
x 3527 -29.338883328231297 -260.7435831733458 -1.6244448352638188
z 3527 484 0.8047509269219384 1.8339573722505573
z 3527 679 8.487071261830687 -1.23404403265046
z 3527 801 8.341255844429647 -0.4646610415603205
u 3528 0.9956484730614518 0.007447091496630431
x 3528 -29.363759322133184 -261.9215588654364 -1.559376698300317
z 3528 484 1.431794090244094 2.563568011672767
z 3528 679 8.215648816033696 -1.356273449672996
z 3528 801 7.466383771745038 -0.5323450401612067
u 3529 0.9845420624355731 -0.0008376795338504473
x 3529 -29.325178382774492 -262.8824485299417 -1.5019565282409588
z 3529 679 8.06323406668233 -1.4750134352953121
z 3529 801 6.636686961767374 -0.6068200158476946
u 3530 1.0341306251510585 -0.010774563177186077
x 3530 -29.256702759241026 -263.6150817262526 -1.4532474445098815
z 3530 679 8.025013520563524 -1.5927965633130987
z 3530 801 5.813545527201525 -0.6968661927616311
u 3531 1.0365122115768424 0.0001170964087993323
x 3531 -29.001169889453944 -264.7805470991017 -1.256668065566414
z 3531 679 8.114317028103828 -1.7209709790167298
z 3531 801 5.062632522560882 -0.8287780239435643
u 3532 0.9455235213481724 -0.006939864622971413
x 3532 -28.869283408305655 -265.5390105323836 -1.5405946684611038
z 3532 679 8.30537175372183 -1.826892245380573
z 3532 801 4.475506052611822 -0.9776974451313936
u 3533 0.9852876846030066 0.008819160353974292
x 3533 -28.852849340292526 -266.46646444092073 -1.5655625889706761
z 3533 801 4.012958792372366 -1.1921590947830514
u 3534 0.948723127503357 -0.01298461898158502
x 3534 -28.895815220165918 -267.135544421527 -1.7042866759897408
z 3534 801 3.7607658201747136 -1.415146543927529
u 3535 0.992860905911061 -0.0033402302096735923
x 3535 -29.0087795274822 -268.0405500084327 -1.685664783018503
z 3535 801 3.736192325546632 -1.6773765386241848
u 3536 1.0556040408022973 -0.0025892861879890103
x 3536 -29.091904749829055 -268.86342089867065 -1.6572818977990669
z 3536 801 3.9877786465634597 -1.9411704270989194
u 3537 0.9788119738973027 0.0029201371006147966
x 3537 -29.219027943633723 -270.01095438480024 -1.704970053906251
u 3538 0.9668904634696213 -0.010528952968034747
x 3538 -29.394317161364185 -270.937038306438 -1.8107565927605895
u 3539 1.0132100222862181 0.0116835859714049
x 3539 -29.60928241214273 -271.83743548428987 -1.799551894907381
u 3540 1.022650400789944 -0.006656524629479623
x 3540 -29.84742231218699 -272.52447582145044 -2.00935653664344
u 3541 0.9987245443863332 0.01226819293718919
x 3541 -30.220855181999838 -273.50841196764094 -1.8577078788771881
z 3541 863 7.8035224398146745 0.009214418765403742
u 3542 0.931533656488662 -0.0009839252329730678
x 3542 -30.502031564129595 -274.53235220285313 -1.819877714200352
z 3542 863 6.872038650398177 0.0115140643642202
u 3543 0.9800435815024936 0.004359931136099838
x 3543 -30.68823072459944 -275.5108879666775 -1.6977859507018904
z 3543 863 5.892045639244808 0.008706681828374307
u 3544 1.1272446318152995 1.5707963267948966
x 3544 -30.062697412615602 -276.2946464746615 -0.09661964913245846
z 3544 863 5.216924043847959 -1.698870227521658
u 3545 1.0030218335798418 0.006449884966990703
x 3545 -28.827657304822942 -276.37060452185136 -0.026230599385148157
z 3545 322 8.397049396149084 0.507132232784623
z 3545 748 8.304511146444964 0.44555354520747414
z 3545 863 5.439898039940889 -1.8891488325676071
u 3546 0.9866157881420036 0.00662955903247129
x 3546 -28.080903692038817 -276.37472309717276 0.015200097513549338
z 3546 322 7.548069563765806 0.563648150797313
z 3546 748 7.424829114061555 0.4958226834862316
z 3546 863 5.827477066718644 -2.057097310056602
u 3547 1.0221557817366778 0.009314177215609011
x 3547 -26.830196722082796 -276.4910423086084 -0.20067211573667754
z 3547 322 6.703452355350859 0.6352880187322096
z 3547 748 6.541302020474242 0.5602766419340881
z 3547 863 6.373459184156978 -2.208320244345198
u 3548 1.0450820019168199 -0.00417335054785142
x 3548 -25.51706856246759 -276.88403950056085 -0.38092597660329464
z 3548 322 5.896450780441624 0.7451306686951833
z 3548 404 8.230015224413677 0.7579147437411082
z 3548 748 5.684542702709892 0.662632038710969
z 3548 863 7.044140710987159 -2.323835833142728
u 3549 1.0348362250027485 0.0009218508435580015
x 3549 -24.53837629519085 -277.1699009531829 -0.1874334562940394
z 3549 322 5.183191861066439 0.8799353088670792
z 3549 404 7.511840700620351 0.8517865202756703
z 3549 419 8.466279028820919 0.708264321689029
z 3549 748 4.909809028237875 0.7916629521533896
z 3549 863 7.788821371328068 -2.4218057839951705
u 3550 1.018470503006362 -0.004233535769542778
x 3550 -23.743867566869618 -277.34508659770046 -0.24661241375239884
z 3550 322 4.603534083322319 1.0558149255532339
z 3550 404 6.885598542763976 0.9677567710336543
z 3550 419 7.722776018826539 0.7986053296336166
z 3550 748 4.258081948895704 0.9672751885623772
u 3551 0.9734592227000604 0.010345289977510238
x 3551 -22.34323107891823 -277.70195951629785 -0.25235753780609604
z 3551 322 4.205421727100013 1.247707138018579
z 3551 404 6.379583352267681 1.082966528402741
z 3551 419 7.074101288055329 0.8865003706419952
z 3551 748 3.786637921652418 1.169429844859132
u 3552 1.0191697482321107 0.0013438490874030247
x 3552 -21.28460295948902 -277.9018984443436 -0.12097704993688208
z 3552 322 3.9996506537800283 1.4903528387066292
z 3552 404 5.969512880400255 1.2329598233826378
z 3552 419 6.477591936662891 1.0073086089358103
z 3552 748 3.5152725726661815 1.4381665086009638
u 3553 0.9728293075171168 0.0034721624198887882
x 3553 -20.187072845683154 -277.97464533353224 -0.011394051321967691
z 3553 322 4.037920687631641 1.7293599784780422
z 3553 404 5.719513244619716 1.390560088886125
z 3553 419 6.012925350087878 1.1408913846306206
z 3553 748 3.519559933622053 1.7121557031171877
u 3554 0.9716086617762775 0.0071021692187408225
x 3554 -18.942463331011886 -277.97040937155066 0.018200918176333847
z 3554 322 4.296541643972455 1.9475851383754534
z 3554 404 5.623671032672339 1.55414672041175
z 3554 419 5.6737757071212345 1.289830016480912
z 3554 748 3.777677498714461 1.9626514357666283
u 3555 1.0014297577724474 -0.010127804094844485
x 3555 -17.89131101087486 -278.04743315836157 -0.16449060979696517
z 3555 404 5.700705014226039 1.740845763753649
z 3555 419 5.486249204361921 1.4765037545264352
u 3556 0.9673066312630662 -0.0055451817388366504
x 3556 -17.035467277112463 -278.2705838496378 -0.34562715960818347
z 3556 404 5.943924338525485 1.9073999688182282
z 3556 419 5.483119064256796 1.658642224199058
u 3557 0.9647259091951574 -0.004255448044800182
x 3557 -16.177389419503726 -278.5580889864819 -0.300975245157324
z 3557 404 6.330229911180748 2.0558949433917757
z 3557 419 5.652068035359389 1.8337222068590666
z 3557 755 8.458392193817332 0.5392901234909564
u 3558 1.0062749349217102 0.003842891652268803
x 3558 -15.33259328284825 -278.8370638577019 -0.33693006837683415
z 3558 419 5.991144152051439 1.9928717370412192
z 3558 755 7.611392539121712 0.6031724153921889
u 3559 1.0092446880813197 0.0056920168074412105
x 3559 -14.468726300301796 -279.13753978222803 -0.33254454046844906
z 3559 755 6.802548179049829 0.6813905866057262
u 3560 0.9908234537857911 -0.005208520307560724
x 3560 -13.410801061287732 -279.5694545728274 -0.4426790054605445
z 3560 755 6.06699875759721 0.7899799756351786
u 3561 0.9924302722560359 -0.013822121802431942
x 3561 -12.502353129703003 -279.9984620247518 -0.43971262923087506
z 3561 755 5.420035299202696 0.9351317901587812
u 3562 1.042181560692252 0.004302877079339973
x 3562 -11.467896393335995 -280.4828329392897 -0.4361191456638811
z 3562 755 4.871963283739301 1.103544377956018
u 3563 0.9976694775632587 0.012278600156198704
x 3563 -10.755925864790802 -280.76457029586487 -0.3174946303537185
z 3563 755 4.505486940494048 1.2896457779628419
u 3564 0.9952919983310544 -0.005978846931036477
x 3564 -9.673177719246231 -281.0542419201686 -0.20532875695803288
z 3564 755 4.339051035457554 1.5180161364351967
u 3565 0.9878295242227563 -0.008179677074391486
x 3565 -8.764684693589546 -281.2803370795496 -0.2824978361776118
z 3565 755 4.402946099174384 1.7522049712040726
u 3566 0.9836650752136212 0.010589656689591687
x 3566 -7.882778535058508 -281.499255337516 -0.2041320914079927
z 3566 755 4.676659917581463 1.95020517367516
u 3567 0.9965722448829931 0.00244566047714948
x 3567 -6.90197547149224 -281.70857058909456 -0.2163837750912485
u 3568 0.9880126347163471 0.007893432541655173
x 3568 -5.95004325630302 -281.8710523264838 -0.12173033118765142
u 3569 0.9992618972180456 0.006399516299115082
x 3569 -4.925827701510101 -281.84266771635004 0.17714317181676398
u 3570 0.9695517268759242 -0.00380996099501154
x 3570 -3.8326583419825138 -281.6660750399574 0.14317348996115076
u 3571 1.038696545170915 -0.00869866750525836
x 3571 -2.943192825692983 -281.47556564559596 0.27881891613514087
u 3572 0.9857307052488917 0.004251173993733693
x 3572 -1.7548740269811731 -281.2904949231428 0.030182007935102284
z 3572 435 8.33725014955903 -0.18536938303507977
u 3573 1.0308350727443112 -0.0014581533080859485
x 3573 -0.7287709520767711 -281.1630156824499 0.2170239217335772
z 3573 435 7.32638173866606 -0.20974596128050615
u 3574 1.1171048108629258 -1.5707963267948966
x 3574 0.35067902008031737 -281.8388375393273 -1.3357748151202948
z 3574 435 6.505802394704837 1.44530734999236
u 3575 1.0042272683964162 0.0002569745859157564
x 3575 0.7908012579053688 -283.0666215223452 -1.1174190665006378
z 3575 435 6.457310306474939 1.5999616984968945
u 3576 0.9938794327574689 0.003107092810512626
x 3576 1.2835147682930599 -284.0256968347007 -1.0750184403867182
z 3576 435 6.560413129319684 1.7488781645363547
z 3576 698 8.381899875701077 -0.6022976550955295
u 3577 0.9934641352770609 -0.0007909487246835438
x 3577 1.7753773731494846 -284.95886067960515 -1.0964040675277453
z 3577 435 6.807358078998055 1.8937890199081888
z 3577 698 7.583916987744238 -0.6757464089111593
u 3578 0.9895260426116228 -0.022046746833307856
x 3578 2.2392903350860522 -285.8895599963408 -1.1203647713817455
z 3578 435 7.192763879503043 2.046171094873147
z 3578 698 6.8324070265397285 -0.7431531753221758
u 3579 1.000001789809444 0.0014493107587758044
x 3579 2.678488136196832 -286.92570710080565 -1.2193915792436092
z 3579 435 7.7013274997355925 2.1604737157388776
z 3579 698 6.1340478244861885 -0.8552195830636506
u 3580 0.9843134210696968 0.0047960367245696795
x 3580 2.8678496200120582 -287.56158511000064 -1.3433352533823055
z 3580 435 8.287340619487885 2.2547122354643205
z 3580 698 5.540309922775387 -0.9947878883519703
u 3581 1.0281636272682049 0.010410950603156742
x 3581 3.1894470833547732 -288.8331309948653 -1.302810232106464
z 3581 698 5.059309466802365 -1.1770474499158692
u 3582 1.0143416168464614 0.0052239551219498475
x 3582 3.476507066651179 -290.17286660391056 -1.4166331768692306
z 3582 698 4.765769569131407 -1.3803280804377378
u 3583 0.9810195168220214 -0.01001453086075222
x 3583 3.653655211234247 -291.18564496980423 -1.378636894908817
z 3583 698 4.675335087556154 -1.5776271280385217
u 3584 0.9999631275938582 -0.0051446434989956945
x 3584 3.8011556621036315 -292.1250785776947 -1.4514787134186296
z 3584 698 4.785237740878111 -1.7830001884428421
u 3585 1.002001424647661 0.00382178625884843
x 3585 3.9318062231353164 -293.0947999270043 -1.4222668305184165
z 3585 213 7.743799697042349 -0.7236240612981
z 3585 698 5.093145689987458 -1.9802689237966065
u 3586 1.0254628217146649 0.007284006778492389
x 3586 4.138275419717783 -294.1170569949808 -1.3207402812101896
z 3586 213 7.0110120418719255 -0.8283028296722792
u 3587 1.01968158504835 0.0024172839165096157
x 3587 4.30294660887677 -295.3433274366016 -1.5538771104334899
z 3587 213 6.367064904890693 -0.9491229911274459
u 3588 1.0067185645189207 -0.01844916703663825
x 3588 4.260297895525052 -296.5484296105974 -1.6584662601659688
z 3588 213 5.830191071506796 -1.070561036760509
u 3589 1.003718995563545 -0.010977018904769648
x 3589 4.149031638097265 -297.25457404409605 -1.7956938948096695
z 3589 213 5.415609470217021 -1.2224404014206718
u 3590 0.988842029587433 -0.011166096439500053
x 3590 3.816355105505919 -298.220673829873 -2.0091640340069925
z 3590 213 5.156983768885392 -1.3921201096416347
u 3591 1.0072518074491799 -0.0016099259981275523
x 3591 3.530811776683344 -298.934687811113 -1.8932910204645697
z 3591 213 5.074883755701113 -1.5870628376125646
u 3592 1.1229074627747202 1.5707963267948966
x 3592 4.023087925777764 -300.1249610180567 -0.46398102889569426
z 3592 213 5.843738861605938 3.0047097859608396
u 3593 1.0536608036772364 -0.006009478405874407
x 3593 4.952293277032694 -300.580104366459 -0.44695992863569023
z 3593 213 6.889405299234777 3.0311347693152904
u 3594 1.0062262585971575 0.0038349435941257798
x 3594 5.749180899890485 -300.9040068971574 -0.3251649982280198
z 3594 213 7.890091094533734 3.041601431500494
z 3594 521 8.28226957770812 0.5208216145536539
u 3595 0.9842330070776006 0.0075483725196085726
x 3595 6.438983947421166 -301.1256701516967 -0.29667611079516387
z 3595 521 7.442613963221804 0.5786894814970065
u 3596 1.0399037895560246 -0.003566543402302427
x 3596 7.361598444893575 -301.440146029659 -0.36032964667036493
z 3596 521 6.597737736354737 0.668803207558347
u 3597 1.0181314631182448 0.011022671426929217
x 3597 8.336939491142921 -301.9278547641168 -0.5670282542000713
z 3597 521 5.829289790672518 0.7655276741347219
u 3598 0.9908763556057684 -0.006229678535447798
x 3598 9.05762076420408 -302.3803074012326 -0.5542100597249675
z 3598 521 5.163148372462005 0.9055664781148245
u 3599 1.0091278439836762 -0.0026400155475890586
x 3599 9.944604805567495 -303.03043022733306 -0.7108005124903913
z 3599 521 4.61034563650638 1.0814620379550526
u 3600 0.9781442597071264 7.190110841274853e-05
x 3600 10.66252917031776 -303.7206976818168 -0.8207208310585457
z 3600 521 4.2393882078650975 1.2864716521747788
u 3601 0.9742031610740678 -0.009521606120951018
x 3601 11.368640250983036 -304.6288139572712 -0.9990621280930969
z 3601 521 4.079489709261127 1.5275909840003923
z 3601 670 8.051497476570562 -0.5384123901876543
u 3602 1.0019663507726289 0.007856557363751276
x 3602 12.140015319718227 -305.6361548488083 -0.8355155092864788
z 3602 521 4.154635110832283 1.763027334400765
z 3602 670 7.211878818070999 -0.6180394304436798
u 3603 0.9407004115986736 0.004611914477209498
x 3603 12.497120774044438 -306.12105471639427 -1.0365294951941655
z 3603 521 4.429622325069617 1.968504439415887
z 3603 670 6.469604967973317 -0.7072774063845961
u 3604 0.9813884463901508 -0.005336613641694697
x 3604 13.077926479344946 -307.00577904645337 -0.9432259907903466
z 3604 670 5.7571228547478555 -0.8125826474294513
u 3605 0.9799593603568207 0.012921449730168176
x 3605 13.556373202688347 -307.7236612310838 -1.0226342052770248
z 3605 477 8.330878466816774 1.1727745049991771
z 3605 670 5.138005206073725 -0.9652829982344184
u 3606 1.0076142949715623 -0.006840589095578927
x 3606 13.894955510859303 -308.20523157339 -0.8933787378948783
z 3606 477 7.997787583566706 1.296183212896091
z 3606 670 4.6359281102990915 -1.1376826090007155
z 3606 868 8.244702951180946 0.4219207472344113
u 3607 1.0130634008731039 0.0013168000906602288
x 3607 14.5589920997204 -309.1172630422453 -0.9895589880008306
z 3607 477 7.783725240063319 1.4204476952240537
z 3607 670 4.310628405979183 -1.354032340546949
z 3607 868 7.331920300965936 0.47713419113204303
u 3608 0.9936834070946292 -0.0024726993608783785
x 3608 15.148128845795291 -310.0518177502312 -1.0270976029556431
z 3608 477 7.6990706156649305 1.5509026335220142
z 3608 670 4.209051673560917 -1.5841457906855756
z 3608 868 6.465982063797564 0.550409405040881
u 3609 0.9809193390917653 0.0012865533879450888
x 3609 15.7357150436534 -311.0136521997251 -1.0177013695149428
z 3609 477 7.741299343377311 1.676643184068772
z 3609 670 4.335188532236134 -1.8136553485975215
z 3609 868 5.652886103087981 0.6399124317757803
u 3610 0.9810299631988519 -0.010210153225967878
x 3610 16.143454508165785 -311.74454616593954 -1.106169664242591
z 3610 477 7.910240275284819 1.8104247145909138
z 3610 670 4.664715941186504 -2.0092873683331183
z 3610 868 4.904552139725161 0.7706709557292442
u 3611 1.0313385249578877 -0.0003302436714073942
x 3611 16.393453109003943 -312.5616110499968 -1.4415705340573322
z 3611 477 8.216490014467473 1.9329881669924278
z 3611 868 4.226278863456247 0.9418554722519499
u 3612 0.9678766026380969 -0.0013775652389994635
x 3612 16.504490488511347 -313.741803005994 -1.5124060625878535
z 3612 868 3.740316536691403 1.1541517226922737
u 3613 1.0535266802511207 0.0006144979550780872
x 3613 16.56648168249847 -314.54916911701247 -1.4759232828223252
z 3613 868 3.450834221934788 1.4364364178451003
u 3614 1.0096191377220358 0.00642074638565773
x 3614 16.669264352968302 -315.6803146267857 -1.4844350675856184
z 3614 868 3.46005911435895 1.7232344755645412
u 3615 1.029827568535144 -0.018652739417881602
x 3615 16.70843694532298 -316.721593421182 -1.5819536566032546
z 3615 868 3.7656745417085298 2.0151798359617983
u 3616 0.9741057834410037 0.00018980308094158167
x 3616 16.672476835811924 -317.54909565612354 -1.6464967658555822
z 3616 47 8.348077860916183 0.3374994626170933
z 3616 122 8.336737036044587 1.0147474799821419
u 3617 0.9657618933324962 0.01038529051769292
x 3617 16.61928353756715 -318.5416049885415 -1.602182951458312
z 3617 47 7.441826641543084 0.36946237350592703
z 3617 122 7.865335178946964 1.1085008136921406
u 3618 1.0206047204646282 0.004130367876817125
x 3618 16.613746642552886 -319.6522116643719 -1.5493805572730062
z 3618 47 6.499678445512065 0.42176293151260325
z 3618 122 7.464246369247024 1.2269305462921194
u 3619 1.0240152334372754 -0.004229779039650144
x 3619 16.62217836669528 -320.6112799425576 -1.574629392124156
z 3619 47 5.582199828977863 0.5015141756781816
z 3619 122 7.186121275251456 1.3658250756479777
u 3620 1.0020235246348594 0.010617284949693974
x 3620 16.63947886804899 -321.71593852017025 -1.5356430193087132
z 3620 47 4.725172408997291 0.5920291684054906
z 3620 122 7.045449158888255 1.4947495479555428
u 3621 0.990720803408714 -0.0011968292823125502
x 3621 16.77325329078995 -322.8880933905143 -1.3786791235628595
z 3621 47 3.9424214507905186 0.7340513437755067
z 3621 122 7.040426856162913 1.6367294857049153
u 3622 0.9974567249245575 -0.015175884351127518
x 3622 16.938994291956995 -324.1448762704438 -1.5006724162607656
z 3622 47 3.276956620948413 0.9563136117238615
z 3622 122 7.182908755770054 1.790840742555873
u 3623 0.9756316643549505 0.005287141091452597
x 3623 17.005938562881358 -325.3463307764719 -1.5295966376055725
z 3623 47 2.8266616835036076 1.2363705925972592
z 3623 122 7.454469753952176 1.9137019470955376
u 3624 1.0188935427629837 0.001799346283821328
x 3624 17.093159611827893 -326.21814977386737 -1.412569790207936
z 3624 47 2.6706994424649038 1.6031171170908118
z 3624 122 7.855052885753099 2.0344082204515272
u 3625 0.9713865747487532 0.011776565567770226
x 3625 17.35337664781901 -327.39006347677235 -1.2920236308108193
z 3625 35 8.207395634998363 -0.566625261957781
z 3625 47 2.865893657669373 1.9370102328299357
z 3625 122 8.330015636842699 2.1274315639609043
u 3626 1.0373732494340038 -0.006461915295851469
x 3626 17.636084936557324 -328.1534946923281 -1.140259115815792
z 3626 35 7.351258936928262 -0.6355984958199712
u 3627 0.920072291525294 -0.007706591244973171
x 3627 17.840613413812868 -328.98073810266163 -1.516573009732845
z 3627 35 6.631062838228784 -0.7099241430271852
z 3627 52 8.205623804757392 -1.248217620126678
u 3628 0.9842175040111542 -0.005810961964913982
x 3628 17.978215427067383 -329.97867133350144 -1.3509737325773186
z 3628 35 5.917398879966798 -0.8123647221189327
z 3628 52 7.945815799833678 -1.3600402712352735
u 3629 0.9635545922668884 -0.01810428861051829
x 3629 18.154936024402414 -330.8449840271511 -1.3881573848080808
z 3629 35 5.2939960958214325 -0.9256206587946214
z 3629 52 7.792668440452912 -1.462902920312066
u 3630 0.9791730740945531 -0.006212266091273787
x 3630 18.267887686483103 -331.37921383640673 -1.3367144267954807
z 3630 35 4.767086709851302 -1.0838798461324615
z 3630 52 7.745579509116346 -1.58266239262018
u 3631 1.0281292838124052 0.004610981502845168
x 3631 18.48395294673239 -332.500528847298 -1.4241659546217096
z 3631 35 4.383559966364567 -1.297546107999814
z 3631 52 7.827946812201107 -1.7189813911686398
u 3632 0.991456946070929 0.0005726073399728281
x 3632 18.774297530840037 -333.78345115672323 -1.2722952163780126
z 3632 35 4.225550448464782 -1.5260335094474187
z 3632 52 8.034667042532753 -1.841898799685132
u 3633 1.0025345061829751 0.00013154544940867038
x 3633 19.084916518228653 -334.8732274806735 -1.3139635598955226
z 3633 35 4.29904425349337 -1.7612920464604753
z 3633 52 8.359195272113089 -1.9578384949785672
z 3633 306 8.309571591978848 0.14274113160213853
u 3634 1.0213937709929033 0.000976298514227651
x 3634 19.325434933231787 -335.7242298535931 -1.27673826850295
z 3634 35 4.603485190714795 -1.9818690015692937
z 3634 306 7.2999312500977505 0.16160286437362759
u 3635 0.9844277154229608 -0.004209352100607016
x 3635 19.658352043657853 -336.822746297097 -1.276329660974874
z 3635 306 6.330699563066915 0.19115798098861392
u 3636 0.9262661640425207 -0.0019102340638023029
x 3636 20.126902268873906 -337.72694057276436 -0.90906591350089
z 3636 306 5.424357940291004 0.2256778997005422
u 3637 1.0429279260445399 -0.006435950542064467
x 3637 20.800702648867276 -338.3438837679793 -0.5736874380023944
z 3637 306 4.414980478704224 0.28573941701752803
u 3638 1.0183959575972918 0.0014146372178902313
x 3638 21.52558712763795 -338.78700450576724 -0.5236841020588847
z 3638 306 3.44958063090002 0.36743368726338943
z 3638 745 7.951641871864556 -0.19381706806876098
u 3639 0.9981897819673198 0.007579999919966819
x 3639 22.576448233954032 -339.28741724033557 -0.36515848162744247
z 3639 83 7.600604405769068 -0.02905305881619924
z 3639 306 2.5415876218897315 0.5000031841664825
z 3639 745 6.975633251396125 -0.22949393794648598
u 3640 1.003309852318705 0.001766937643869617
x 3640 23.59451019307288 -339.6663404806426 -0.3474697553508732
z 3640 83 6.597812577680839 -0.03537169089877246
z 3640 306 1.7287212337056237 0.779738416388331
z 3640 745 6.00320387349286 -0.26943322262309577
u 3641 1.016461373020647 0.004967214647037535
x 3641 24.702568358376837 -340.02034046824883 -0.2709886070521281
z 3641 83 5.582213023299462 -0.04723035231931316
z 3641 306 1.2314592920101763 1.3921277414175446
z 3641 745 5.031502139985379 -0.32868508954240205
u 3642 1.0374198325828674 0.0036348328038300036
x 3642 26.036436638930248 -340.3628016155569 -0.23164087267733757
z 3642 83 4.546325888877489 -0.062053068118463006
z 3642 306 1.4608471241315182 2.1619512281382143
z 3642 745 4.064196487699727 -0.41525090992348357
u 3643 1.1208759655129497 1.5707963267948966
x 3643 26.61133514783813 -339.77972453098 1.816562608897497
z 3643 83 3.951459792418518 -1.8254737891693438
z 3643 275 8.159049142303314 -1.0358242527393622
z 3643 745 3.816897931319126 -2.2350961248456542
u 3644 1.0195736315452348 -0.002385865844719936
x 3644 26.26898132878601 -338.6381424104178 1.907749438911286
z 3644 83 4.321370165309262 -2.0535198087913376
z 3644 275 7.68833301012763 -1.1476908051097616
z 3644 745 4.5165628664057795 -2.4115650644339537
u 3645 1.028646248812385 0.0009850154919467551
x 3645 26.034491172582936 -337.83620534247945 1.8027914795357187
z 3645 83 4.884982873945617 -2.2420662319743556
z 3645 275 7.326749161774556 -1.277072312648546
z 3645 745 5.327702340053888 -2.5415969137959014
u 3646 0.9946809961571508 0.014795715387224972
x 3646 25.7875442190339 -336.7672528305578 1.7928706618653587
z 3646 83 5.563534129294308 -2.3964824803602145
z 3646 275 7.110139988766432 -1.4264735764723877
z 3646 745 6.1778046486330505 -2.64643974344712
u 3647 0.9822773753899452 -0.007151134522544718
x 3647 25.694615546327427 -335.96936064999255 1.5806126605674855
z 3647 83 6.318607964567732 -2.4953461242608244
z 3647 275 7.032823116025269 -1.557910997493785
z 3647 458 7.763765848718184 0.3220936342739833
z 3647 745 7.056089698451277 -2.7059231439729317
u 3648 1.0571924634737206 -0.0016848896785163299
x 3648 25.601080653361915 -334.85203222632066 1.7280164916442304
z 3648 83 7.190382990349451 -2.5824163557290483
z 3648 275 7.097473476465587 -1.7057216286982824
z 3648 458 6.769541132167633 0.3733594097181836
u 3649 1.0052313145088558 0.002072124917216391
x 3649 25.468042649794945 -333.98028335653083 1.716460142606751
z 3649 275 7.301966036758136 -1.8446156110833547
z 3649 458 5.844634889689723 0.43389557026252357
u 3650 0.9871105541859182 -0.0008773463860271499
x 3650 25.395503418537277 -332.82871997483704 1.550950186827487
z 3650 275 7.6279197978390085 -1.968664801578595
z 3650 458 4.966578047934793 0.5185062968434222
u 3651 1.003389145718947 -0.007010858195002376
x 3651 25.321067985011766 -331.75649948025716 1.7292635823347027
z 3651 275 8.066808642668297 -2.076744915980119
z 3651 458 4.127260909886627 0.6470377826209441
u 3652 1.0235605389038793 -0.0037734551008562476
x 3652 25.204759707901555 -330.95203445104073 1.6994960536459152
z 3652 458 3.3690283427329026 0.8354630006511568
z 3652 551 7.540196999120531 0.2503275012129804
u 3653 1.0033789003369737 -0.0026667553370634907
x 3653 24.937203299944336 -329.6519653051175 1.8480322376245866
z 3653 458 2.797931052572799 1.107652680679518
z 3653 551 6.573174987368051 0.2910146022256086
u 3654 0.9620816853718431 0.014540189286547912
x 3654 24.665904012366656 -328.89104176278784 1.9785378568154233
z 3654 458 2.512736674203573 1.4414021781078237
z 3654 551 5.655987761126189 0.3241118183263412
u 3655 1.103470008842057 -0.01613616551441822
x 3655 24.25648275180163 -327.9331036259272 1.9708555733137505
z 3655 458 2.6192199579042548 1.888996424698684
z 3655 496 8.367295978743199 0.6428155750277265
z 3655 551 4.626865821578742 0.4180990454898641
z 3655 599 7.767720193407944 -0.14241201460962571
u 3656 1.0453302372651965 -0.003997373059398806
x 3656 23.930797603017666 -326.74870003053064 1.707428935966691
z 3656 458 3.110722430149137 2.217626585782954
z 3656 496 7.5580169328637306 0.7300386452616316
z 3656 551 3.6970928631310604 0.5376704516525326
z 3656 599 6.734267811204716 -0.16014051851309397
u 3657 1.0153625730157194 -0.011115946512759269
x 3657 23.918969265785886 -325.67056735657246 1.4561051038293238
z 3657 496 6.839222478715662 0.8409417982175098
z 3657 551 2.8761931402554115 0.7322920953339134
z 3657 599 5.733149535054361 -0.17629606542816356
u 3658 1.0474511619579565 0.0017843434272462725
x 3658 24.155269217253398 -324.3651159697611 1.3273451217771974
z 3658 496 6.189472741334287 0.9655157837269233
z 3658 551 2.2102802518981273 1.0525698831301131
z 3658 599 4.705721503443237 -0.2173249267604076
u 3659 1.0104777365040691 -0.0065321599167051225
x 3659 24.351203157538308 -323.50318042691066 1.3672071806947228
z 3659 496 5.678639801452292 1.1192391049653327
z 3659 551 1.9252182599298397 1.5334907510872906
z 3659 599 3.7244985811099527 -0.2684575058674685
u 3660 0.9714353341229988 0.007280782876687544
x 3660 24.528336551510563 -322.5642942687085 1.4014423959783127
z 3660 496 5.323547449323512 1.2765986309513702
z 3660 551 2.1206212704149965 2.001622199082849
z 3660 599 2.8009988843926816 -0.36908171834372716
u 3661 1.0222330495344938 0.007688863195346609
x 3661 24.659418696688594 -321.3994652459236 1.5160264105595207
z 3661 496 5.117528470867517 1.4610339869635256
z 3661 551 2.7087710894253307 2.344571230089925
z 3661 599 1.8861677763092168 -0.5755361793159608
u 3662 1.03977201551983 -0.0008635090590666923
x 3662 24.78438056283187 -320.28257541932544 1.4027254196574468
z 3662 496 5.109699617121916 1.665577759962689
z 3662 599 1.1607565231362458 -1.0835875279312601
u 3663 1.0138703818365629 0.0031678493815228024
x 3663 24.89644667597857 -319.1023138311715 1.5495343855690766
z 3663 496 5.301056291445728 1.8540081074881742
z 3663 599 1.1298967602496406 -2.003405793021698
u 3664 1.0065810764112235 0.009190211335973626
x 3664 24.791225286236358 -318.24057207950443 1.8350616887116056
z 3664 496 5.66122170377129 2.016607167594553
z 3664 599 1.8036004555734604 -2.542671505158264
u 3665 1.0504941358296616 -0.006909335917211602
x 3665 24.533523883652876 -317.43777303614985 1.9277571221536807
z 3665 783 8.135405643383637 -0.642201228126134
u 3666 1.0408672490229074 0.0046819921930282265
x 3666 24.150595926488702 -316.55978928421484 2.036380150593997
z 3666 783 7.330090239423052 -0.7323047573975359
u 3667 1.0612704131689885 -0.01119621051821925
x 3667 23.63175985352321 -315.5280766535896 2.0371234464827683
z 3667 783 6.574855633689855 -0.8285596808695033
u 3668 1.0031318756907115 -0.003289029913027335
x 3668 23.34368803910144 -314.83899255736645 1.8964081985386851
z 3668 10 8.305834372685203 0.8827035476721914
z 3668 783 5.941616195921786 -0.9498263763793631
u 3669 0.9564723992779567 0.0031892548406877263
x 3669 22.98320315173512 -313.5371558349365 1.785456975495542
z 3669 10 7.732520432565389 0.975083377717433
z 3669 783 5.44236971843387 -1.0966078082525903
u 3670 1.032832370781535 0.0021638249225781146
x 3670 22.75964387293354 -312.62024037766423 1.8344369793242254
z 3670 10 7.202915883990979 1.0918038590018977
z 3670 783 5.056047884223126 -1.2816271658091267
u 3671 1.0003548768974984 0.0037804669694728077
x 3671 22.498071010012914 -311.758730382506 1.8967073762943762
z 3671 10 6.798290633919086 1.2188557396455408
z 3671 783 4.868070972280196 -1.4837776013140775
u 3672 0.9648079848005962 -0.01151427154198899
x 3672 22.37446713191575 -310.9175114540382 1.5366659287549211
z 3672 10 6.534257651488771 1.3697139143089467
z 3672 783 4.874292039071874 -1.670647789575856
u 3673 0.9742244858280849 -0.0005406268950603299
x 3673 22.367966344294338 -309.7907404697258 1.616465388121581
z 3673 10 6.411404845244325 1.5197086114977854
z 3673 269 8.058580866546738 0.12935912812995642
z 3673 534 8.470715403903055 -0.2726674876333419
z 3673 783 5.064783003211571 -1.862695199345552
u 3674 0.9675621222076574 0.0015696625097554981
x 3674 22.359192816243045 -308.68792443390237 1.5410380659608158
z 3674 10 6.434205570463209 1.6688848168992125
z 3674 269 7.100089339236275 0.14526353360507116
z 3674 534 7.543630585604596 -0.30888217356076675
z 3674 636 8.322141368401258 1.0709622078315437
z 3674 783 5.42365288778694 -2.035916624389502
u 3675 0.9924922546216496 0.00877285098321356
x 3675 22.373301484529232 -308.24330962245233 1.5371111968649673
z 3675 10 6.601441164208172 1.8103614077543693
z 3675 269 6.119019728329456 0.1592670457958434
z 3675 534 6.606528314216848 -0.36396747561760723
z 3675 636 7.890639872627446 1.1725405165298204
u 3676 0.9965089754443699 -0.009131715459988846
x 3676 22.360425597092366 -307.0612119425167 1.6262654065183302
z 3676 10 6.910297144911316 1.9598836970265134
z 3676 269 5.138429151067773 0.20003452559651924
z 3676 534 5.684507155415191 -0.41653108706966213
z 3676 636 7.564568533993056 1.3036300147553321
u 3677 1.0349592037291364 0.008044937442132973
x 3677 22.14510863175848 -306.1199093178515 1.9650768464158705
z 3677 10 7.36179949214733 2.0825004867971852
z 3677 269 4.12821493090223 0.2408357793394016
z 3677 534 4.758530542449235 -0.5134888902468253
z 3677 636 7.3552304605128 1.4315715509214488
u 3678 1.020565786410352 -0.00503502339468623
x 3678 21.806575913792148 -305.1649443259066 1.8578675738386323
z 3678 269 3.1473425122551415 0.3240842811605722
z 3678 534 3.90038492958329 -0.6367626068603549
z 3678 636 7.286629620104988 1.575808867768436
u 3679 1.0174139186632107 0.0012840495394920227
x 3679 21.574784559448 -304.38717126606866 1.863002311146765
z 3679 269 2.206508193465925 0.46988136461873964
z 3679 534 3.1416447061828783 -0.8319855682513602
z 3679 636 7.361718804331805 1.7131705633838958
u 3680 0.9796503717776511 0.015265266649154606
x 3680 21.022822010431334 -303.12510852166986 2.1031586206474993
z 3680 269 1.3996113742693783 0.7720667622473716
z 3680 534 2.592180414328683 -1.1324205946494463
z 3680 636 7.555937698583551 1.8267380302433587
u 3681 1.0298855294469407 0.0041603427637472165
x 3681 20.578035522089177 -302.34142200863516 2.07087885196779
z 3681 269 0.9746279598964077 1.594447564228748
z 3681 534 2.3502673307519566 -1.5449902470496042
z 3681 636 7.8779139434916665 1.949458559987999
u 3682 1.026689451260596 -0.0067025536458663205
x 3682 20.053200834776934 -301.2780681173585 1.9876871821939517
z 3682 269 1.434580036249487 2.398361198541992
z 3682 534 2.5371540980448466 -1.9547077991318647
z 3682 636 8.315405951270712 2.070981269905703
u 3683 0.9846922620189884 -0.003053429301408073
x 3683 19.454258910433563 -300.1658371799687 2.141855598079018
z 3683 100 7.660187942866984 0.16869368476446134
u 3684 1.0281006944288877 -0.0013420123848318785
x 3684 18.83319793046151 -299.24146101671397 2.182930133677461
z 3684 100 6.649055962603811 0.19610140060418324
z 3684 633 8.217828567457333 -1.0516135767876706
u 3685 0.9763296976274598 0.004370114280208639
x 3685 18.062337562715378 -298.20400449306885 2.2367120652674135
z 3685 100 5.694135383242941 0.2247786315336211
z 3685 633 7.781679040787043 -1.1652687692589618
u 3686 0.9591951258442265 0.008509464016650823
x 3686 17.181248375163246 -297.08034718208853 2.23485378700936
z 3686 100 4.762795628579571 0.26033624015053913
z 3686 633 7.459473627191283 -1.292429182112644
u 3687 0.9698838544846644 0.0024140954736321645
x 3687 16.676296405024598 -296.29212172921984 2.046242849269399
z 3687 100 3.8333575438190395 0.3227990436987973
z 3687 482 8.481747038592822 -0.48522312061525774
z 3687 633 7.25432020976705 -1.423795370020276
u 3688 0.9544267784993729 0.0040221646387856615
x 3688 16.182358054224895 -295.5488902706852 2.2684659616784417
z 3688 100 2.9430464276378587 0.4212119843875315
z 3688 482 7.651445526948545 -0.547678843540405
z 3688 633 7.178814771552763 -1.5597553666816601
u 3689 0.9879614294727056 0.007825080654307493
x 3689 15.28305012647103 -294.6131890859323 2.4042627398929444
z 3689 100 2.0787952575415596 0.607216102681722
z 3689 482 6.829661240689238 -0.6313832902160645
z 3689 633 7.239497934786625 -1.7044719978987857
z 3689 746 7.936894284443354 0.2966997325469074
u 3690 1.0093759519607457 0.007167500932834872
x 3690 14.81127590105195 -294.20535197015937 2.4532468356751282
z 3690 100 1.37305580701429 1.0305059055220047
z 3690 482 6.046736603678065 -0.7377272069303791
z 3690 633 7.445057466885097 -1.8463477636122088
z 3690 746 6.976670572296714 0.3313473266304934
u 3691 0.9827059535797081 0.005275895073106777
x 3691 14.031895685354929 -293.4921256281654 2.347726249865615
z 3691 100 1.206964248212748 1.7965938243044892
z 3691 112 8.219954115677787 0.6812120190028677
z 3691 482 5.362412382260905 -0.8669381730708938
z 3691 633 7.772574790227293 -1.97349668366068
z 3691 746 6.054896361419346 0.3784891471917735
u 3692 1.0501262781770329 -0.005972877539063352
x 3692 13.067088478293666 -292.7330117381892 2.602174120826314
z 3692 100 1.770431835465793 2.41846307853334
z 3692 112 7.435867285945346 0.7765649308110181
z 3692 482 4.748052258976768 -1.0299490265301445
z 3692 633 8.23822667616075 -2.0852169389824198
z 3692 746 5.095279121182929 0.4612656605396439
u 3693 0.9570422672625303 0.007615338403134866
x 3693 12.044949415116292 -292.11638321086446 2.595366433204065
z 3693 112 6.783619593104966 0.8675998827729376
z 3693 128 7.6689549294085495 -0.11725913589283454
z 3693 482 4.337104616406796 -1.2283189859297643
z 3693 746 4.257677967865053 0.553092376101695
u 3694 1.0153243855382699 -0.0009226363219151892
x 3694 11.157751491705422 -291.42871534407186 2.369072727034397
z 3694 112 6.176196288094352 0.9942985596540419
z 3694 128 6.661598922891448 -0.13409866924300662
z 3694 482 4.10851639750791 -1.462287077869039
z 3694 746 3.4356969457162685 0.710006843105917
u 3695 1.0094057873045188 -0.017822043358635613
x 3695 10.195384610480332 -290.42292216353303 2.29919458355464
z 3695 112 5.697479364200486 1.1620673182639667
z 3695 128 5.66150876515538 -0.13853996226113008
z 3695 482 4.114256679072048 -1.6905933540059923
z 3695 746 2.7574383766270274 0.9713048150362624
u 3696 1.0194811773379162 0.0017842899612007454
x 3696 9.396674353887343 -289.2525086919414 2.0400534383554874
z 3696 112 5.373455770439579 1.3352034281560243
z 3696 128 4.654078973219766 -0.17077284203005494
z 3696 482 4.356194727534566 -1.926847954109686
z 3696 746 2.338040125088752 1.337558589685952
u 3697 1.0088204354700976 0.0012742118309686324
x 3697 8.847480012467408 -288.20987651104195 2.07115673583427
z 3697 112 5.230139959629289 1.5225750663050786
z 3697 128 3.664085454297243 -0.21902729697158296
z 3697 746 2.321834762244723 1.7726671493071784
u 3698 0.9820614625483387 0.006751578568725067
x 3698 8.402884133742441 -287.49477301857485 2.182913790013629
z 3698 112 5.271527615778243 1.7029609906247813
z 3698 128 2.7148694149124566 -0.3056528718513096
z 3698 746 2.6934427824492837 2.1314537102350144
u 3699 0.990253858795127 0.013910268501464824
x 3699 7.9659165227402235 -286.8696788928062 2.178845517814194
z 3699 112 5.483921224818457 1.8691822598583006
z 3699 128 1.79858645577407 -0.4897055327863602
z 3699 317 8.348469040126583 1.0025226377445664
u 3700 0.9709077919859964 -0.005857777318330738
x 3700 7.5165685702852745 -286.07118897592903 1.9879015609077744
z 3700 112 5.846053774353333 2.0343091391364823
z 3700 128 1.0443786618166344 -0.93374277037542
z 3700 317 7.871160047323613 1.1127267670378256
u 3701 1.0183335008495824 1.5707963267948966
x 3701 6.654168130435316 -285.83929749298403 -2.513256853719197
z 3701 128 1.4880631202890302 3.1234042632075685
z 3701 317 7.009217850627008 -0.4160022808546815
u 3702 0.9994976968121816 0.013366146372479711
x 3702 5.6647162476122155 -286.5775726977627 -2.4878689557593825
z 3702 128 2.4873684526583006 3.120031262952054
z 3702 317 6.111460546752699 -0.4965062278246082
u 3703 0.9339341806711583 -0.0011282958845465006
x 3703 4.899168826359314 -287.03932982946515 -2.7098184776829943
z 3703 317 5.308681419129891 -0.5791921658039283
u 3704 1.0013565415186918 0.00673998626503108
x 3704 4.085255139414773 -287.5066577586902 -2.530940508475563
z 3704 317 4.50629658367957 -0.7084922584627829
u 3705 0.9528690109110906 0.006138422854328931
x 3705 3.5094779264267104 -287.9226117690038 -2.501012418386461
z 3705 317 3.8354593660791254 -0.8775840885472195
u 3706 1.0173928236454337 -0.006716267188868505
x 3706 2.4715627625639023 -288.5650787748027 -2.6736302061930846
z 3706 317 3.2769881201364304 -1.1113196367737688
u 3707 0.9789172089027686 -0.010233559764231771
x 3707 1.5109197964473617 -288.9896812764808 -2.7771955597177422
z 3707 317 2.9702314173035194 -1.4001658687306742
u 3708 1.0062945419404306 -0.009443759976973146
x 3708 0.4878685376848435 -289.40743440935876 -2.73063852299815
z 3708 317 2.9651361650366845 -1.731446545997958
u 3709 0.9829828389769135 0.00031873773721260843
x 3709 -0.5334836657133541 -289.99160025933827 -2.5134634772331172
z 3709 28 8.383140401280729 -0.6468347746553258
u 3710 1.0129229156838797 -0.0045901061637683375
x 3710 -1.5833673473216061 -290.730782892116 -2.5428286789672074
z 3710 28 7.597848146676957 -0.7224314786993946
u 3711 0.9659723108895684 -4.919921838549881e-05
x 3711 -2.339211915344442 -291.2556333083827 -2.5264556444331103
z 3711 28 6.902771525746906 -0.8150419140377361
u 3712 0.9947706466348257 -0.013978124654512687
x 3712 -2.8948976815342213 -291.6836431428868 -2.4440744712371814
z 3712 28 6.256949080804544 -0.9162556757331486
u 3713 1.1222994202650969 -1.5707963267948966
x 3713 -3.6088966473653787 -291.65441224230455 2.3622407782436614
z 3713 28 5.256816997289898 0.6294573297893793
u 3714 0.9483987517170251 -0.012795170294401697
x 3714 -4.294589853985261 -291.04019746641814 2.460012163748141
z 3714 28 4.52893173630927 0.7669352019375442
u 3715 0.9925295957268401 0.0034042142981086424
x 3715 -4.970651905954775 -290.42742678294513 2.3505130037892794
z 3715 28 3.8745866059999425 0.9419216747436572
u 3716 1.005855925945129 0.004760667190998664
x 3716 -5.528807838245379 -289.88135009011864 2.3837531742317175
z 3716 28 3.379963027194275 1.1797776991096693
u 3717 1.0082405585898748 -0.012279845050352251
x 3717 -6.3160824306219245 -289.2333733795335 2.5221391452617246
z 3717 28 3.1435323871228404 1.4938889793899124
u 3718 0.9728669949153669 0.008466857532886986
x 3718 -7.367358418194463 -288.5134844200259 2.560175103497212
z 3718 28 3.214422270995628 1.791855614726547
u 3719 0.986103835490023 -0.0027833569712636917
x 3719 -8.252393202377895 -287.9034816161206 2.5160721639390005
u 3720 1.0039223508859212 -0.001962289296682434
x 3720 -9.131786581112205 -287.1496249748253 2.349741444943642
u 3721 1.0210731815456005 -0.0003888345181504469
x 3721 -9.576571226313519 -286.70878446899803 2.3715544940884934
u 3722 0.9832737526277314 -0.014089356255126759
x 3722 -10.25891674703554 -285.9607502886062 2.249051110631287
u 3723 0.9880253391686115 0.007045741328869769
x 3723 -11.163883449362292 -284.81828899249786 2.2323769447791246
u 3724 1.006669832058421 -0.007477269849928803
x 3724 -11.790236585452801 -284.15285641545677 2.419525957661498
u 3725 0.997007178104535 -0.00977584821508619
x 3725 -12.363303064577883 -283.54153316639446 2.2282838181502873
u 3726 1.1257765452968644 1.5707963267948966
x 3726 -13.179207629221256 -283.7584874478452 -1.7084988059848367
z 3726 828 8.3173494594415 -0.8322285626339356
u 3727 0.9338779580212642 0.003982983640575253
x 3727 -13.303171148831737 -284.9880557811663 -1.634052271238776
z 3727 828 7.72106602033031 -0.9259297127580881
u 3728 1.06093686374648 0.011239816460759793
x 3728 -13.330228467928265 -285.97758033419063 -1.5622142732058013
z 3728 676 7.593208151466039 0.34844168893191174
z 3728 828 7.13907977041506 -1.0567195410186536
u 3729 1.0370313281111845 -0.0054490986043847466
x 3729 -13.352210475544043 -287.2701118192198 -1.6133889850126213
z 3729 550 7.915258317448805 -0.7865658077966593
z 3729 676 6.629071168970326 0.4077299417580309
z 3729 828 6.687733990527936 -1.1864958859628956
u 3730 0.9752503542250816 -0.00873265608321424
x 3730 -13.39523999660241 -288.3319060730216 -1.6092099243669522
z 3730 491 8.025045323071101 -0.3127974902098538
z 3730 550 7.256085117812278 -0.8727089595287385
z 3730 676 5.748754656306471 0.48446305489869834
z 3730 828 6.3822924907735 -1.3196470041377362
u 3731 0.9376688449855239 0.015018864465679137
x 3731 -13.433767395582867 -289.1556552129508 -1.6258561932792572
z 3731 491 7.141181061381921 -0.3691699931947281
z 3731 550 6.6979284483522665 -0.9958555711261639
z 3731 676 4.934550643873598 0.5567883163191505
z 3731 828 6.222984905339976 -1.4814189100987556
u 3732 1.0286322489089696 0.0022596886299390546
x 3732 -13.44348158746837 -289.92716741229094 -1.5409173416837325
z 3732 491 6.193468182801457 -0.4315706623698743
z 3732 550 6.2000293209528055 -1.1379056732183184
z 3732 676 4.096765338797835 0.6873664495982537
z 3732 828 6.217340013991142 -1.649235740302611
u 3733 0.9958328016930611 -0.005047291157236244
x 3733 -13.318732257798729 -291.19712519675016 -1.4048414210959228
z 3733 491 5.3040988274578975 -0.5047068166403337
z 3733 550 5.850100255765274 -1.2878197968863379
z 3733 676 3.3884669979968143 0.8805680463144236
z 3733 828 6.370725902056928 -1.8006900094198
u 3734 1.0245701148863462 0.00805945260842586
x 3734 -13.23456537190474 -291.95178682371295 -1.5146106424668224
z 3734 491 4.437432777655016 -0.6254661794109202
z 3734 550 5.65444018277588 -1.4709653889752032
z 3734 676 2.844105592323477 1.1530298672455332
z 3734 828 6.682952939193355 -1.958442970529179
u 3735 1.0190867041214937 -0.01619468634149383
x 3735 -13.096155776763709 -293.2166549432525 -1.408997090534589
z 3735 491 3.6544052292309672 -0.7714120212216793
z 3735 550 5.636469774565836 -1.6355013001702332
z 3735 676 2.611242108262695 1.5353188821271253
z 3735 828 7.1236881100400815 -2.0755159594648975
u 3736 1.0077859595556966 0.0031289314177048292
x 3736 -12.866965777749167 -294.1587152172002 -1.2552963362018092
z 3736 491 3.016234469577432 -1.0100170159500355
z 3736 550 5.791177763116117 -1.8131536845900467
z 3736 676 2.763929218932338 1.9051466798139822
u 3737 0.9975007866352406 -0.001930447101762748
x 3737 -12.60338385599517 -294.9398509826587 -1.2354227528830448
z 3737 491 2.624391986841996 -1.335588804447855
z 3737 550 6.106933993575168 -1.9704990131614455
z 3737 676 3.2324607688956477 2.2027695058042758
u 3738 0.9677750133969781 -0.0034634130393963454
x 3738 -12.196851044657336 -295.9624982243213 -1.1494196386306943
z 3738 491 2.5752057829051247 -1.7060859454595438
z 3738 550 6.543100231434951 -2.1038101955068855
u 3739 1.0104970967607305 0.0011761597389248503
x 3739 -11.674867916537194 -297.0970296160354 -1.1297519502258035
z 3739 491 2.890983779149853 -2.0608993420166324
u 3740 0.9943516969659147 0.0063608437579128685
x 3740 -11.344350451894062 -297.8159118956035 -1.149949902437909
u 3741 1.0437908480677869 0.0012491680881812038
x 3741 -11.044129303357288 -298.6885540367298 -1.3289373748628523
u 3742 1.0043928980950503 0.002490270912242691
x 3742 -10.753399210092464 -299.6113355016117 -1.2022272929871176
u 3743 0.9978598644912579 -0.004879175214242972
x 3743 -10.490084943113832 -300.5737226712493 -1.4052270743608521
u 3744 0.9761854714162395 0.00523398520358462
x 3744 -10.223099005004856 -301.5602804453479 -1.207779406108126
u 3745 1.0121251127297288 0.002137458582676438
x 3745 -9.934951669568814 -302.2957535704609 -1.187004290949122
u 3746 0.9922305110737447 -0.008887080670085153
x 3746 -9.608572952808684 -303.09101019093004 -1.1756975015610656
u 3747 1.0312955363339638 0.018098851959356028
x 3747 -9.335854263396731 -304.2869954616176 -1.5175049404151049
u 3748 0.9881732180239338 0.0028051869595772487
x 3748 -9.31000686150048 -305.25162836230135 -1.5705104018322193
u 3749 1.0306885307477804 0.0023398550764664808
x 3749 -9.129891620228452 -306.27746541829976 -1.2234678236550178
u 3750 0.9670417481607861 -0.002275937444210581
x 3750 -8.707909815315997 -307.3164120999326 -1.1465086752629343
u 3751 0.9569487168250375 -0.015050802520619704
x 3751 -8.389612605285285 -308.2530260099952 -1.3398969998336714
u 3752 0.9814797305858157 -0.00806020346114534
x 3752 -8.173453462349878 -308.99670774565243 -1.2359619132030912
u 3753 0.9779084477460552 -0.002556511738676749
x 3753 -7.730759597421503 -310.0369634019688 -1.1009366439946433
z 3753 259 7.919901616492556 -0.4867890703763216
u 3754 1.0007782604909052 0.004434360724687726
x 3754 -7.159297495387141 -311.21933709286384 -1.140230205090571
z 3754 259 7.052102230193978 -0.5579358690161005
u 3755 1.0118476160025491 0.0074324564672889745
x 3755 -6.7463176891632175 -312.2073113639969 -1.2094977897769004
z 3755 259 6.219092254920177 -0.6521286582324959
u 3756 0.9657210955465519 0.0034584332647031187
x 3756 -6.334836446213348 -313.086429750639 -1.0565514093962003
z 3756 259 5.484107217339342 -0.7629029272755115
u 3757 0.9670463190596905 0.013905474299626153
x 3757 -5.618151095744695 -313.945302308872 -0.6942485573886525
z 3757 259 4.836825077539614 -0.9164208453943559
u 3758 1.0097261942729074 -0.010155778955235123
x 3758 -4.951083219893152 -314.4737132209447 -0.64561070918149
z 3758 259 4.293005351855108 -1.0932388320820436
u 3759 0.9753563990874714 -0.0005258943900544751
x 3759 -3.829582857980347 -315.3912485925135 -0.7257886680407823
z 3759 259 3.9408477732508413 -1.3143009146618974
u 3760 0.9774797449363453 0.006475684821043404
x 3760 -3.2699026912047895 -315.87334405569385 -0.6963350643061457
z 3760 259 3.815152975894872 -1.5714296555753278
u 3761 0.9549745627116057 -0.0038748562850727014
x 3761 -2.4445413491462578 -316.48587512322973 -0.5805642770833761
z 3761 259 3.9316491284110846 -1.8129026662722887
u 3762 1.0395155580593494 -0.003238037177418888
x 3762 -1.7451533022365255 -316.90837858255975 -0.5062998095244948
z 3762 259 4.29945471764491 -2.0466984948764524
z 3762 604 7.912641717906369 -0.6625353095160453
u 3763 0.982690887031681 0.001826998945314771
x 3763 -1.0381798523299495 -317.3119338462643 -0.5310760888284873
z 3763 604 7.164013083119977 -0.7489378269576048
u 3764 1.0643730843292234 9.331788547235715e-05
x 3764 -0.21606308875747438 -317.71615809182106 -0.3828743877770142
z 3764 46 7.668405495223487 -0.5817102273544283
z 3764 604 6.425488320120231 -0.8620610228760031
z 3764 762 8.005466930557384 0.4498690742688285
u 3765 0.9669887687771068 -0.0009302306709065559
x 3765 0.4316430627393918 -318.0206771692303 -0.49609316955381155
z 3765 46 6.8807310913487845 -0.6580200405631653
z 3765 604 5.84203133388579 -0.987075813986737
z 3765 762 7.147289254723295 0.5097225377094476
u 3766 0.9898505646359784 0.004314542026097719
x 3766 1.3234385290797275 -318.4999347676769 -0.49015465205110686
z 3766 46 6.129000178745524 -0.7615398468783847
z 3766 604 5.362449511252996 -1.1462521749577457
z 3766 762 6.300625305538484 0.5818426591210368
u 3767 0.9874615818481594 -0.007268960472703966
x 3767 2.122033757700969 -318.88640972068066 -0.41128550607895864
z 3767 46 5.454232777125882 -0.8790447541615083
z 3767 604 5.033254578449977 -1.318420559261527
z 3767 762 5.504740611822455 0.6884014619899661
u 3768 0.9925670969708783 0.005581026022047467
x 3768 3.4898687591728597 -319.4450588885384 -0.36419969816526576
z 3768 46 4.883697163049916 -1.0421594219292638
z 3768 604 4.8837357127375185 -1.5222391078435586
z 3768 762 4.777971654898849 0.8147310801948127
u 3769 0.9825633566935149 0.004396187002964578
x 3769 4.706987444724002 -319.78236319074443 -0.17649746162909485
z 3769 46 4.471443181276007 -1.23770665108746
z 3769 604 4.936754753154985 -1.7267851716530598
z 3769 762 4.163865124318203 0.9825085645015719
u 3770 0.9820369169984696 -0.004608067147815965
x 3770 6.060084186076307 -319.9335182479319 -0.04600097897491118
z 3770 46 4.250600547211442 -1.453028873144064
z 3770 604 5.1788254488010725 -1.9106817791415627
z 3770 762 3.7120753547431686 1.209357755336141
u 3771 0.9766930780329667 0.010707390546803532
x 3771 6.922370436538141 -320.0312721586802 -0.1797670602522654
z 3771 46 4.253247658280208 -1.6939485013551605
z 3771 604 5.585489621787619 -2.0866848011722476
z 3771 762 3.4832484135761796 1.4634797715168544
u 3772 0.9793169524668422 -0.0009658413086405329
x 3772 7.644367179617722 -320.20626540438525 -0.2958099049430216
z 3772 46 4.47979008828616 -1.9116870450251402
z 3772 762 3.5163339070725677 1.7450300304577144
u 3773 1.0038332732781416 -0.02496741489152842
x 3773 9.128254256571175 -320.87654684274247 -0.5527343881701641
z 3773 46 4.896624707503696 -2.0820025524692034
z 3773 547 7.991766827555874 1.0013414867991486
z 3773 762 3.831802212737197 2.0303426092577403
u 3774 0.9679834101886912 -0.02477212726972913
x 3774 10.380844014120369 -321.5799514919771 -0.4706162470494002
z 3774 547 7.524994706323857 1.1355160548729994
u 3775 1.1325423105324526 -1.5707963267948966
x 3775 10.602616122713567 -322.3761300939647 -2.127657202087677
z 3775 547 7.932774968091725 2.8273455829831695
u 3776 1.0027643537790174 0.0017449649413660948
x 3776 10.187870130041446 -322.97318123814836 -2.228198084914038
u 3777 0.9781781120951836 -0.0070681192585964735
x 3777 9.83439703800149 -323.50102185381377 -2.0935369546938607
u 3778 0.9666120623747235 0.0018529994752647108
x 3778 9.080138612705872 -324.66911577123034 -2.1947729504960787
u 3779 1.0413989387196347 -0.00033942873133222646
x 3779 8.447281042138428 -325.62584623042625 -2.115625452312022
z 3779 730 7.652356025424326 0.44069894616702676
u 3780 0.9999512736802474 0.0054682508488970325
x 3780 8.083936806904848 -326.2955638785706 -2.020152557061095
z 3780 730 6.76009935829348 0.49800413654307807
u 3781 0.9985005909370935 -0.007837550966433801
x 3781 7.581254706065393 -327.15039929566694 -2.1846061661741776
z 3781 730 5.904332251307142 0.5872939383365932
u 3782 0.9964886506397698 -0.015738335652637606
x 3782 7.201639454185095 -327.6880164449713 -2.1866122830607284
z 3782 730 5.1098234609641455 0.7125837080074238
z 3782 769 8.022495480298149 -0.8110530154688322
u 3783 1.050312123351811 0.0007106647552810507
x 3783 6.378845798954933 -328.9001118028515 -2.1477179813393965
z 3783 730 4.3690895759367585 0.869630752158983
z 3783 769 7.339018473936818 -0.9157450447938942
u 3784 0.9767778876010935 0.011780842187108313
x 3784 5.967802719018644 -329.5503265226931 -2.121345055967578
z 3784 356 8.421437867756776 -0.46454768778617694
z 3784 730 3.80769865499509 1.0541386364903396
z 3784 769 6.793249542103727 -1.0423162735166516
u 3785 0.9887725556222516 0.011765277422642302
x 3785 5.452758176474438 -330.31454871767704 -2.2062981399637285
z 3785 356 7.553385475353396 -0.5356825892385881
z 3785 372 8.126562374919759 0.3371422999643099
z 3785 730 3.4231866739576273 1.295362375173898
z 3785 769 6.357720703342464 -1.1892568316295187
u 3786 0.9786787739773392 0.0002875852223842659
x 3786 4.973578987884321 -330.94679703344985 -2.23236680964181
z 3786 225 8.165271191558322 -1.161878150150403
z 3786 356 6.730444619160667 -0.6102782391301762
z 3786 372 7.210198590145588 0.38175149119938734
z 3786 510 8.344012167719058 1.0599984907259383
z 3786 730 3.294361944130528 1.5849865005312775
z 3786 769 6.061884353111198 -1.3399582137860016
u 3787 1.015686294202008 -0.0017855138289060977
x 3787 4.140676824798087 -331.94926795125554 -2.295766723659579
z 3787 225 7.816299157790064 -1.2795613488975697
z 3787 356 5.926165085296871 -0.7067482228098183
z 3787 372 6.2794281310053695 0.4439664747795993
z 3787 510 7.898167964124561 1.174259893282466
z 3787 730 3.4619894972635605 1.884499937396031
z 3787 769 5.911853301642834 -1.5061746283016983
u 3788 1.0246591411842143 -0.0013586075841516478
x 3788 3.462636020589797 -332.7237116482185 -2.2840745973030767
z 3788 225 7.58516168250078 -1.4079387771370655
z 3788 356 5.189249545235675 -0.8338629103639863
z 3788 372 5.372512973610982 0.5274543972358363
z 3788 510 7.562389146049548 1.3009623041343499
z 3788 730 3.9024601040038385 2.138227267061211
z 3788 769 5.933747437195371 -1.6779956131969085
u 3789 1.0027411535022903 -0.01387752980991665
x 3789 2.6110142478337925 -333.5981169686147 -2.4019159278063897
z 3789 225 7.481285961667878 -1.5265532336452754
z 3789 356 4.570213990502326 -0.9821456159137982
z 3789 372 4.538409966934244 0.654101594975244
z 3789 510 7.365722790223087 1.4466791098336103
z 3789 769 6.116038559590543 -1.8279784405007256
u 3790 1.0202103540944496 0.0013413741615287591
x 3790 1.7082574033947997 -334.62133248590425 -2.185547095170291
z 3790 225 7.506367139906849 -1.6640990084609415
z 3790 356 4.0933107431074305 -1.192385024793485
z 3790 372 3.7795922944139138 0.8175975190562288
z 3790 510 7.309179570624058 1.5842782920529315
z 3790 769 6.452056829910682 -1.9828160313299614
u 3791 0.97083485507134 0.003942362565973195
x 3791 1.1845312254953848 -335.31699885293636 -2.2466793263370386
z 3791 225 7.65993287822167 -1.794545597037554
z 3791 356 3.843954281008552 -1.4334191910644893
z 3791 372 3.193397915148862 1.0368727615734787
z 3791 510 7.384441926672413 1.7121790739994385
z 3791 769 6.9000760697220125 -2.115930496972852
u 3792 1.0450153182410902 -0.0017206959894461628
x 3792 0.690429417051236 -336.0723017164075 -2.0535254106010483
z 3792 225 7.956475019099167 -1.9212702709985763
z 3792 356 3.842001784584795 -1.704471380045967
z 3792 372 2.8103633943637796 1.3645887558164915
z 3792 510 7.603287585465523 1.8503774944917861
u 3793 0.9923692010599044 0.006364075368832979
x 3793 0.23267744792635536 -336.9793112296519 -2.0228406667031122
z 3793 225 8.352206528394612 -2.03932832766508
z 3793 356 4.097084372917092 -1.9531480850758003
z 3793 372 2.779120830150654 1.7150276195017762
z 3793 481 8.089739035485335 -0.8419845688125669
z 3793 510 7.93176359897368 1.9646703089183486
u 3794 0.986830984681244 -0.004145998284664554
x 3794 -0.2993865477486175 -338.02090708357616 -2.0632780859098405
z 3794 372 3.0817157320454225 2.041527432529082
z 3794 481 7.467240630944681 -0.9363982823808836
z 3794 510 8.362081671246681 2.077914692985236
u 3795 1.0439319780702954 0.0043503854475240205
x 3795 -0.7887952358226813 -338.98657280471707 -2.0164754919569083
z 3795 481 6.901912216580899 -1.063071251791245
u 3796 1.0097777446734648 0.0025757834277334445
x 3796 -1.093868740966578 -339.6545941135751 -1.981911183340348
z 3796 481 6.4726213395619245 -1.2024989708355365
z 3796 620 7.778674296502467 -0.16051414862906377
u 3797 1.0283422097602466 0.012080047972176839
x 3797 -1.719064322229991 -340.8917353994272 -2.0955263829479565
z 3797 481 6.1834209914248 -1.3707247578445205
z 3797 620 6.766716509613994 -0.19779119123108346
u 3798 0.9698748883937587 -0.012508955486289384
x 3798 -2.1387068549948247 -341.7972738312673 -1.9139780487946423
z 3798 481 6.059549732701007 -1.5155252509091133
z 3798 620 5.81751465806621 -0.21702477489125016
u 3799 1.0238224507399332 -0.00983738625779878
x 3799 -2.5235456319488354 -342.87495036367864 -1.913587268462021
z 3799 407 7.800718235054492 -0.2693250628159314
z 3799 481 6.084404473486989 -1.6744523970158145
z 3799 620 4.821460297950518 -0.2519052336560357
u 3800 0.9964726466986451 -0.004800369615909639
x 3800 -2.872817360452558 -343.7482454465834 -1.988926718847828
z 3800 407 6.84458340836523 -0.30293469434513876
z 3800 481 6.264076363500228 -1.8285826535344736
z 3800 620 3.863687319698393 -0.3108314904109366
u 3801 1.051595402760999 0.002450836565037243
x 3801 -3.3348174965760764 -344.9427816649151 -1.890749315411089
z 3801 407 5.849742013029723 -0.35925057723002096
z 3801 481 6.61202240886452 -1.9853834146075933
z 3801 620 2.881027326140202 -0.42558151463591143
z 3801 859 8.305669539741029 -0.4796379083475135
u 3802 1.0074019834960102 0.00040346317642155023
x 3802 -3.5356964809537197 -345.4873775879584 -1.9575948206205882
z 3802 407 4.919503032121128 -0.43174922864830556
z 3802 481 7.078304317602367 -2.1164117927587256
z 3802 609 8.335507292972352 -0.9910390226210835
z 3802 620 2.00717267011669 -0.6348015148686819
z 3802 859 7.426609644690578 -0.5427023230848782
u 3803 0.984374021756071 -0.018285251324529836
x 3803 -3.9269907412473946 -346.2199419581036 -2.165173064235435
z 3803 407 4.0419570717671105 -0.5135142766628178
z 3803 609 7.831641597787862 -1.0774629381855156
z 3803 620 1.339649282929134 -1.061358968207756
z 3803 859 6.5980947383700785 -0.600367594863402
u 3804 1.026361369297528 0.004185573634956664
x 3804 -4.498347582008046 -347.22863580231416 -2.007162866208447
z 3804 407 3.1894336209615552 -0.6770410998708831
z 3804 609 7.40301084671218 -1.2042015011629672
z 3804 620 1.229635094823322 -1.883205493472489
z 3804 859 5.781758712378528 -0.7053174221625671
u 3805 1.0271428689133832 0.00454756184315634
x 3805 -4.920846807300929 -348.2824848030384 -1.8970120322771165
z 3805 407 2.4758892946598157 -0.9452722905904638
z 3805 609 7.102168149136784 -1.3442952142188709
z 3805 620 1.8299901927202362 -2.450747347498183
z 3805 859 5.045570703939026 -0.8425777111521326
u 3806 1.015859047912881 -0.0004877807286537635
x 3806 -5.228595536513191 -349.1598499271894 -1.9192924592512832
z 3806 407 2.0532037110233596 -1.3574101684971822
z 3806 609 6.944701978563526 -1.4868285547141138
z 3806 844 8.195183931951634 1.014188093459465
z 3806 859 4.434558306715539 -1.0138711432104164
u 3807 1.0114107929582936 0.01111831220567579
x 3807 -5.548082769338586 -350.13547761852055 -1.8552259027636677
z 3807 407 2.0932345273137734 -1.8609727158647313
z 3807 609 6.939127100888627 -1.6437693126489261
z 3807 844 7.70376026074381 1.1143818979191078
z 3807 859 3.9986446185538567 -1.2421464701739904
u 3808 1.0164230573698831 0.016266425944333623
x 3808 -5.831389882208566 -351.07605719683346 -1.8714903050167264
z 3808 407 2.581732186181997 -2.2630452833830406
z 3808 609 7.0941814097915925 -1.8033286333657221
z 3808 844 7.305126520564939 1.2228301917502407
z 3808 859 3.8028014774523653 -1.5148832461414798
u 3809 1.0089488907836532 -0.01442117850115916
x 3809 -6.050842906413602 -351.8010804466163 -1.8579372824361142
z 3809 609 7.385368878683433 -1.9224642498836255
z 3809 844 7.032527647232431 1.3728854556540302
z 3809 859 3.872363004321374 -1.7635153800545114
u 3810 0.9876425340911213 0.004207239599232392
x 3810 -6.437565768388682 -352.88236954172896 -1.9706023550504455
z 3810 609 7.782867052557037 -2.0459953984729733
z 3810 844 6.904485605774037 1.5093332849834633
z 3810 859 4.177490161269593 -2.001801733129236
u 3811 0.9820375842027194 0.0019298930093309425
x 3811 -6.7735772660118325 -353.74976010425365 -1.9101536919560642
z 3811 609 8.279140800812025 -2.1535425492550724
z 3811 844 6.913051960761877 1.6496615603880365
u 3812 1.1541106947379414 -1.5707963267948966
x 3812 -7.861190779568391 -354.37820369724943 2.958053976370288
z 3812 844 7.732860730299407 -2.9753833083356334
u 3813 1.0189821397589254 0.0020208147641092803
x 3813 -8.863288281279193 -354.1915776560953 2.9568792687243395
u 3814 0.981624542788035 -0.018270977865648165
x 3814 -10.025132472856582 -353.97098040261875 2.951036586876147
u 3815 1.0143198452463642 0.004025479128665655
x 3815 -11.032276674592081 -353.7062183955087 2.8180138014873926
u 3816 1.0145263291653546 -0.0030666686046515925
x 3816 -11.82891761683395 -353.51319595324054 2.9897430239555085
u 3817 1.0150897184964907 -0.005697986661212126
x 3817 -13.012425235567306 -353.386136911168 3.0795454933323043
z 3817 443 7.525792941111651 0.2826527247605015
u 3818 1.0213201435024895 -0.006801364161328197
x 3818 -14.120557125859952 -353.402602800533 -3.049829395794517
z 3818 443 6.552316585516232 0.3334502097711671
u 3819 1.0222131112065889 0.013452065667392711
x 3819 -15.04726732806854 -353.4949596505569 -3.0346899490293775
z 3819 443 5.593815761608699 0.3786803136453596
u 3820 0.9767158282292205 -0.004514463723899351
x 3820 -15.813670941625222 -353.6238764131222 -2.915195486539984
z 3820 443 4.701160973346993 0.46051523134278227
u 3821 1.008649927314628 0.0051231321030456144
x 3821 -16.74848399389531 -353.7518579810233 -3.0958694355809335
z 3821 443 3.822544832182511 0.5723181474123038
u 3822 1.0384420428628032 -0.003440421396522246
x 3822 -17.72989467113261 -353.7249665426159 3.041081543018387
z 3822 443 3.003952606891782 0.7645990551242159
z 3822 630 8.292427710205267 -0.7080714817759355
u 3823 0.998526739673888 0.003686460719282387
x 3823 -18.85308340073605 -353.5625016865988 2.9548042036729463
z 3823 443 2.3840855373730703 1.0544878805429416
z 3823 630 7.563180941591987 -0.7979140643216573
u 3824 0.9793586712226059 -0.023793941718301778
x 3824 -19.801074480349644 -353.4099364947139 3.0092470136793814
z 3824 443 2.094316404104288 1.500054627203248
z 3824 630 6.905965688452155 -0.8746261622240032
u 3825 0.9851457438747856 0.0028956542006605
x 3825 -20.96013429548497 -353.2262366599776 2.959572330173522
z 3825 380 8.388496634660596 -0.848505806791584
z 3825 443 2.249232661607833 1.9492539658744663
z 3825 630 6.320775605475389 -0.9975450363211404
u 3826 0.9896637236531267 0.010471164930992977
x 3826 -21.921145401227164 -352.96353168481863 2.7899254526192987
z 3826 380 7.77399597442236 -0.9550793548676362
z 3826 443 2.7679832334136867 2.278185734459848
z 3826 630 5.848187728324309 -1.1511560631839548
u 3827 0.9946040759966904 0.01226684611859988
x 3827 -22.689447583204405 -352.7418247478751 2.9313890146776043
z 3827 380 7.2505651934925215 -1.0800527732578846
z 3827 630 5.524132563609744 -1.3290503524473953
u 3828 0.927734569779612 -0.009380597403226082
x 3828 -23.78558015172591 -352.49464474109266 2.9082120273068384
z 3828 302 8.069186889453091 0.44442240938050404
z 3828 380 6.858248529396417 -1.1899624106818427
z 3828 630 5.3736661327792605 -1.4878900803425734
u 3829 0.9747163495351469 -0.0024887764466129413
x 3829 -24.70989015091144 -352.3656878362155 3.097729003123619
z 3829 302 7.201944227363376 0.5052842397228492
z 3829 380 6.557496403160684 -1.3258379220169625
z 3829 630 5.3801367090059955 -1.666924864613053
u 3830 0.9532026698692088 -0.010952813715548477
x 3830 -25.589355117662613 -352.39048001970633 -3.0413637804699647
z 3830 302 6.387418824308405 0.5892519074821578
z 3830 380 6.388367287695483 -1.4599471134051294
z 3830 472 7.81778656342405 -0.5888049625964946
z 3830 630 5.548240559451302 -1.8279144221969115
u 3831 1.0533341704769934 -0.006471984494802178
x 3831 -26.58700355898944 -352.4041764170184 3.06881941786318
z 3831 302 5.544909953938081 0.7020047185201967
z 3831 380 6.355210342277962 -1.6188941746163135
z 3831 472 6.964315400388976 -0.6660209039119294
z 3831 630 5.901538125663291 -1.9950765994943813
u 3832 1.003036798541163 -0.007182227482793598
x 3832 -27.614111257966037 -352.2469918180041 2.9106499926185014
z 3832 302 4.825415571178344 0.8443963498735583
z 3832 380 6.477808710409288 -1.767023920018012
z 3832 472 6.204168863143126 -0.7584365559894048
u 3833 0.9749207095325827 -0.008237572342450462
x 3833 -28.867225181831955 -352.1297535405658 -3.097222015555916
z 3833 302 4.244406047189712 1.0258385495012377
z 3833 380 6.732312747792289 -1.90141721581388
z 3833 472 5.534125115779827 -0.8711296960470456
u 3834 1.0289098319320826 -0.00845865688545022
x 3834 -29.716110864195095 -352.1156099605058 3.0639024018160708
z 3834 302 3.818063815457467 1.2674413102525186
z 3834 380 7.129137620605345 -2.0300926024482813
z 3834 472 4.931007293799449 -1.0224170806445847
u 3835 1.0396792396012648 0.0011731828388016178
x 3835 -30.371192163102883 -352.0529830241531 3.0286586917305147
z 3835 302 3.6445158657883328 1.541943182798276
z 3835 472 4.478368939580022 -1.2230969765997406
u 3836 0.9984076959095607 0.0058058863575545195
x 3836 -31.21159378670318 -351.97836864422305 3.0774226039663395
z 3836 302 3.7480992027398803 1.8056299086067265
z 3836 472 4.246175392121025 -1.4520419168975527
u 3837 0.9573146077445304 -0.012692756423860677
x 3837 -32.2209114820755 -351.91439247655546 3.079160951808462
z 3837 302 4.083957057026788 2.0479580859457993
z 3837 472 4.234625268810599 -1.6655739470754802
u 3838 1.0457771612827482 -0.004731325316937135
x 3838 -33.094014648451335 -351.91245327890505 -3.0836030258643827
z 3838 279 7.8664601044807805 0.3961187034979501
z 3838 472 4.454550676764974 -1.8967898500889997
u 3839 0.9583233974002335 0.0005063188113673317
x 3839 -34.478803633875245 -351.920366385558 3.09503151151565
z 3839 279 6.992022455623957 0.44848812993591736
z 3839 472 4.8474410426711225 -2.0856770168368888
u 3840 1.01068558737882 0.007207173353285048
x 3840 -35.19177647487641 -351.87025390885566 3.047811287641072
z 3840 279 6.095257261167413 0.5127006311260836
u 3841 1.0164740632867162 -0.001324786023096542
x 3841 -36.11328656766271 -351.79616790923563 3.0749265182032204
z 3841 279 5.233670828439443 0.6095530389943153
u 3842 1.1223577561072628 1.5707963267948966
x 3842 -36.86717253502478 -352.50980765871935 -1.5589655270592377
z 3842 279 4.242460804992014 -1.0029229499826307
u 3843 1.035904910116228 0.002133332347923773
x 3843 -36.785231971156385 -353.5923857435037 -1.4315348010426505
z 3843 204 8.0251249502439 -1.0087392790511274
z 3843 279 3.788415599113582 -1.2378322403539315
u 3844 1.0463723208488025 -0.004999696837815251
x 3844 -36.73033013586929 -354.3554100257916 -1.5663995616861468
z 3844 204 7.517430265506561 -1.1216058595785157
z 3844 279 3.5828719671894786 -1.5122219006399487
u 3845 0.988506827695765 -0.004375239414255319
x 3845 -36.64443119208483 -355.3549675669152 -1.403740397835543
z 3845 204 7.141847533428477 -1.2421030600590655
z 3845 279 3.6584121945492782 -1.780930415917057
z 3845 502 8.304043396763673 -0.890744444775331
u 3846 0.9685625530927854 0.005685296452516607
x 3846 -36.61575445118596 -356.3098068721768 -1.6778041965396535
z 3846 204 6.893143455510145 -1.3813016361505905
z 3846 279 3.9774399104745752 -2.0269340197675216
z 3846 502 7.73404558870258 -0.9941828494998859
u 3847 0.9180356693872571 -0.010613883757275747
x 3847 -36.83105962056455 -357.31509811267483 -1.8857575486365934
z 3847 204 6.775567491968127 -1.5040111362955102
z 3847 279 4.454744724874273 -2.2028897295349603
z 3847 502 7.27003445329769 -1.0892577369710899
u 3848 0.9852075465571905 -0.002883071531118842
x 3848 -37.08261137259384 -358.3054668499908 -1.7533111094930727
z 3848 204 6.780028147022609 -1.6466128635363386
z 3848 502 6.868130738197056 -1.2137569504555046
u 3849 1.0574811588808604 -0.005291526110412239
x 3849 -37.34207054853362 -359.33142643847833 -1.8836829574683274
z 3849 204 6.937963738783379 -1.7939244529034122
z 3849 502 6.570897346508369 -1.3596763375884429
z 3849 751 7.944128721700632 0.16671423321569634
u 3850 0.9890790374387597 0.0022989274023918864
x 3850 -37.653806419945596 -360.1945556603366 -1.951090569496821
z 3850 204 7.222599950944872 -1.9301357515205257
z 3850 288 8.404800286763022 -1.3952752285171695
z 3850 502 6.437835453484179 -1.5128075527982556
z 3850 560 8.079146235958822 0.49563312350117084
z 3850 751 6.97048143139057 0.18780312398203058
u 3851 0.9366515781867022 0.00519865511567137
x 3851 -38.15676509896281 -361.2725101456549 -2.0636242340790725
z 3851 204 7.604874246680319 -2.0507755718915117
z 3851 288 8.295114541384756 -1.511936464458123
z 3851 502 6.454098241048435 -1.6634204992130721
z 3851 560 7.267583447835773 0.5514716182565707
z 3851 751 6.052307031106815 0.2111067568128977
u 3852 0.988461728280873 -0.004259581242493875
x 3852 -38.7332430988291 -362.1655869115609 -2.224374130856186
z 3852 204 8.10709402450857 -2.1549967082177197
z 3852 288 8.29375931299373 -1.6269189625561618
z 3852 502 6.6170616012849655 -1.8084846392519758
z 3852 560 6.44773988491541 0.6364186612108753
z 3852 751 5.0905333201135585 0.25647032692424787
u 3853 0.9816528348904145 -0.0052031562943614445
x 3853 -39.17749788080869 -362.91217002332746 -1.9907632039216767
z 3853 288 8.403639683653976 -1.7386273762242954
z 3853 502 6.911958710401223 -1.9418401891236226
z 3853 560 5.689987862660035 0.7446983537594791
z 3853 751 4.149269197346283 0.32231964179579853
u 3854 0.9771149325621619 -0.011780277526124894
x 3854 -39.430757858923535 -363.6658000108501 -1.799222816044141
z 3854 502 7.318014764466275 -2.0551034092815748
z 3854 560 5.019877151236083 0.889635219777376
z 3854 751 3.239664624878518 0.4314767926299279
u 3855 0.9858937641820873 -0.004924729584169699
x 3855 -39.74958079137653 -364.7912317658548 -1.8944826136995478
z 3855 560 4.467359626978087 1.067197627706494
z 3855 751 2.3814999893659525 0.611349598191115
u 3856 1.0605414297741869 0.007785077551448334
x 3856 -40.12761613167783 -365.908575414349 -1.8995987957061808
z 3856 560 4.059190291577562 1.2897847979847032
z 3856 751 1.6274561808224315 0.9846756008322322
u 3857 1.0177498217099932 0.0006132508586346652
x 3857 -40.43103979786405 -366.83088696946595 -1.8776519115434702
z 3857 560 3.901152690706991 1.542501589284777
z 3857 751 1.3605971696572712 1.6566863563573353
u 3858 0.9889901920781274 0.0022267674604977148
x 3858 -40.76241703917339 -367.72171408747363 -1.9761960247503325
z 3858 560 3.9962734311863195 1.7902408583590317
z 3858 751 1.748486902113346 2.25319075889072
u 3859 1.0037340278607632 -0.0033035977683025775
x 3859 -41.2220118733178 -368.7231755323644 -2.0258974553686566
z 3859 560 4.328624168297259 2.021758501159404
u 3860 0.9527266817721574 0.0033657067350423126
x 3860 -41.48153244568513 -369.429997211392 -1.8194641690303204
z 3860 397 8.146867890757193 -0.4641931335456153
u 3861 1.0200377910867593 -0.00829555936317666
x 3861 -41.66458959156582 -370.5071100964148 -1.6588148752988503
z 3861 397 7.2470483421454785 -0.5184305216284981
u 3862 1.0425071721036037 -0.002440476847431737
x 3862 -41.879376365675824 -371.48446403715275 -1.9154273024288975
z 3862 397 6.361817226579988 -0.5971053586376276
u 3863 0.9819278733091827 0.006062433883410191
x 3863 -42.11816920900457 -372.0986541564722 -1.9677814075882396
z 3863 397 5.579102863886696 -0.7027295410370313
u 3864 1.0005959501242034 0.011852511901948783
x 3864 -42.571453619542226 -373.02694934112606 -2.0822952945926905
z 3864 397 4.863213261386955 -0.8488882530251161
u 3865 1.1386828528047384 1.5707963267948966
x 3865 -42.25033372954691 -373.75067374931797 -0.224084561000494
z 3865 397 5.03333678176622 -2.624377592686607
u 3866 1.0245909370158515 4.2462644075142674e-05
x 3866 -41.02943709873583 -374.0191405315103 -0.20881217280758202
z 3866 397 5.945543879792283 -2.7097304626235674
u 3867 1.0136122879283735 -0.010772243689982275
x 3867 -39.922014299097 -374.2953889229483 -0.28011274169303935
z 3867 221 8.20513180531602 -1.0518297061842246
z 3867 397 6.877198087101294 -2.76140943901202
z 3867 557 8.442274783023748 -1.0126195340702058
u 3868 1.0518142030258124 -0.0019098816833412469
x 3868 -39.149544129309895 -374.52522328609547 -0.29826878612651253
z 3868 221 7.736617694346921 -1.1681829630475202
z 3868 397 7.863275632311473 -2.809276835030026
z 3868 557 7.934597210916545 -1.1233211557591982
u 3869 1.0387636754480842 0.018798428135361523
x 3869 -38.27473040209876 -374.80779025557865 -0.326579445733139
z 3869 221 7.401068190818993 -1.31698716419939
z 3869 557 7.552768402875891 -1.2669887413685892
u 3870 1.0108482146636562 -0.0038906954616778192
x 3870 -37.21911727528639 -375.1257697380433 -0.2585852918356104
z 3870 221 7.211964122726726 -1.449119012124301
z 3870 557 7.312309023823608 -1.39531061608521
u 3871 1.0128158284484534 -0.008854675476294233
x 3871 -36.07489261153612 -375.41539296984377 -0.23723586197279412
z 3871 221 7.155477971693937 -1.581149645563487
z 3871 557 7.2003565340118705 -1.5252925978346548
u 3872 0.9495197612632582 -0.0012786122128328962
x 3872 -34.98482889480763 -375.54015931096984 0.009312036439248494
z 3872 221 7.227340436030802 -1.711624541650845
z 3872 557 7.219141010411907 -1.6557830474135304
u 3873 0.9517245360183514 0.006018692180141135
x 3873 -34.067535637125786 -375.6274912733547 -0.19915213902029416
z 3873 221 7.423756651662237 -1.8448618904523104
z 3873 557 7.364060668706325 -1.7908988857015893
u 3874 1.0036506558449505 0.007780373984796924
x 3874 -33.36640562642654 -375.8112558290027 -0.3135116952793422
z 3874 49 7.681560791800506 -0.2862874990657902
z 3874 221 7.759404006650235 -1.9773467518927048
z 3874 557 7.649843705148723 -1.9269516889532614
z 3874 740 8.460939167419287 -0.07314156320449161
u 3875 0.9598329738571864 0.008205698489101524
x 3875 -32.62247213378106 -376.09300212441775 -0.41055333601983257
z 3875 49 6.767499055281231 -0.3351138460194303
z 3875 221 8.189994008036686 -2.093212178158234
z 3875 557 8.038539356960477 -2.047129777582833
z 3875 740 7.5043365058840665 -0.09121742418415169
u 3876 0.9809046269322087 0.009477532294864775
x 3876 -31.836215991669636 -376.5445648269813 -0.6320929906923558
z 3876 49 5.851844358367843 -0.40049715381225015
z 3876 740 6.528624400332089 -0.11509039166775015
u 3877 1.0395831218983418 0.0073889714615222105
x 3877 -30.824939871137076 -377.37850822487087 -0.7470840941302295
z 3877 49 4.913072845070413 -0.4911975595371443
z 3877 740 5.4977496812990365 -0.1448897312749171
u 3878 1.0334513835933656 -0.0004089750492132715
x 3878 -30.00293029387118 -378.1677547846298 -0.783050164826026
z 3878 49 4.031265883067943 -0.6119586331351039
z 3878 740 4.477576442235697 -0.17776472991602255
u 3879 1.0083617143830785 -0.007430920833241818
x 3879 -29.184506821344115 -379.00571185107077 -0.8113309457737241
z 3879 49 3.2551560109505076 -0.7824779191170563
z 3879 740 3.4888244083248763 -0.22040581902421152
u 3880 0.9928360297185816 -0.0024303687212740483
x 3880 -28.13182885067916 -379.9240325989756 -0.6233418091179783
z 3880 49 2.644313950885783 -1.0476195050764905
z 3880 740 2.5289745091741653 -0.3034428829082838
u 3881 1.0255606268660222 0.005884328801420365
x 3881 -27.42668378885678 -380.4473352648432 -0.6535365539284061
z 3881 49 2.312592604892086 -1.448492461289531
z 3881 740 1.5817162356298229 -0.5061573180096572
u 3882 1.0160712486144012 0.002923395203723351
x 3882 -26.4313552530466 -381.0258061834504 -0.39940489937640944
z 3882 49 2.4112167147288446 -1.883011224421789
z 3882 740 0.8516221293390169 -1.1277648103233897
u 3883 1.002848181356118 0.00939815154925468
x 3883 -25.364566223968517 -381.53463441821447 -0.49070686305818123
z 3883 49 2.8856161152149777 -2.2289520165401386
z 3883 740 1.0029919280558608 -2.269313354576207
u 3884 0.9655299686360813 -0.001435430485721368
x 3884 -24.592539861014117 -381.8744808991428 -0.33864301490640925
z 3884 353 8.298859945702793 0.7110839747070479
u 3885 0.9679413113497802 0.016959978404158253
x 3885 -23.779722647714234 -382.15221185519977 -0.3198609679277826
z 3885 353 7.586002934354153 0.7766699671761668
u 3886 0.9946551856655413 0.0075993202553966376
x 3886 -22.9785917585981 -382.4460678038414 -0.38326617882072034
z 3886 353 6.9089123866480655 0.8697571716599626
u 3887 1.002817374583564 -0.011427175120174627
x 3887 -22.387881701705496 -382.69625587011484 -0.4179969010871245
z 3887 353 6.313606098149321 1.0034482361472818
z 3887 754 7.954889140838176 -0.8357101646055254
u 3888 0.9837959815196917 -0.006971554254808679
x 3888 -21.29500336637105 -383.16048470169545 -0.3853654361763663
z 3888 353 5.847236105081536 1.1531074017852987
z 3888 754 7.328759240834995 -0.9281616270914821
u 3889 1.016351563533746 0.017517741886443026
x 3889 -19.96844538572549 -383.62844188917495 -0.29289835577323187
z 3889 353 5.505159929174297 1.3044729239545703
z 3889 754 6.776472371721383 -1.066820419393241
u 3890 1.0256515647380466 -0.007741852539325115
x 3890 -19.12031052446743 -383.9822108443055 -0.49744614355432226
z 3890 353 5.331870831416649 1.4990751151416886
z 3890 754 6.341350931726518 -1.200880537722388
u 3891 1.0301697066607591 0.0029406187124626348
x 3891 -18.27849145292571 -384.4898998140281 -0.5879243448125018
z 3891 353 5.356003230443272 1.6891550668709359
z 3891 754 6.047172638278657 -1.3634205417191783
u 3892 1.0662744805952609 -0.000584127990641272
x 3892 -17.560493209594647 -384.9556600112219 -0.5629869237578498
z 3892 353 5.583525455618943 1.8805197149906938
z 3892 754 5.919998616431991 -1.5400059416849632
u 3893 0.9647298936689376 -0.0016570132647457257
x 3893 -16.723479077825033 -385.52256200301696 -0.6276566152143737
z 3893 353 5.949670195979037 2.0371888610758537
z 3893 754 5.96791284996597 -1.70063229756556
u 3894 1.0742980546281116 1.5707963267948966
x 3894 -15.556994999781802 -385.4875592023815 0.6876528057452007
z 3894 754 6.760384904688354 2.9244295638330984
u 3895 0.9856318304750498 0.000872762298951321
x 3895 -15.00629702100026 -384.8413181607197 1.0424514057401462
z 3895 413 8.434489512739626 -0.3574850761898647
z 3895 754 7.725704883612128 2.9511026815673285
u 3896 1.0438144231609205 -0.010955758219083568
x 3896 -14.56405938842425 -384.1577822019958 0.9506354160028563
z 3896 413 7.463366043341259 -0.39476852891213765
u 3897 1.0003818619165061 -0.00581345190798705
x 3897 -14.106485880439797 -383.5070213778343 0.9653018130930171
z 3897 413 6.549966805043724 -0.4473175147112216
u 3898 1.0163640352474703 0.002117689593582888
x 3898 -13.681585507501989 -382.8466153708781 1.0328582314332806
z 3898 413 5.6512699131881865 -0.5274786036838348
u 3899 0.9793104066973911 -0.010418831644980833
x 3899 -13.235488819068232 -382.10743441922756 1.022754357684211
z 3899 413 4.827298866380613 -0.6184337872256651
u 3900 0.9857272331901961 -0.011072236000925734
x 3900 -12.80359852770177 -381.1275974839607 1.2885217684583177
z 3900 413 4.060776601314328 -0.7474544483627481
u 3901 0.9564095458454368 -0.004928047925601136
x 3901 -12.50116186973797 -380.19967607766716 1.2229267331833071
z 3901 413 3.4197604080474155 -0.9332885124377786
u 3902 0.9989027348526586 0.003339865702642075
x 3902 -12.166393158820906 -379.30441347750207 1.2029951971375814
z 3902 114 8.463980133871136 0.9962393123590498
z 3902 413 2.9385988901908355 -1.213652755872604
u 3903 1.0549599131186727 0.010857680952436256
x 3903 -11.806424384270235 -378.4091783383142 1.1739767807802437
z 3903 114 7.935071644782972 1.0968194997502447
z 3903 413 2.7590363680273247 -1.59166004152252
u 3904 1.0513530030017921 -0.004581623273805949
x 3904 -11.331195349764647 -377.46364612366585 1.0361573104695765
z 3904 114 7.515928170544292 1.2263343054730376
z 3904 413 2.970751793905088 -1.9487519368419552
u 3905 0.9587879289858399 0.0010636745594244477
x 3905 -10.61739641175262 -376.3634471230851 0.9543860130470225
z 3905 114 7.24805635456081 1.3500821106364107
u 3906 0.9681067273991205 -0.014057843341380544
x 3906 -10.002705447848859 -375.6355526584624 0.7846474559752474
z 3906 114 7.106019767285363 1.4976743244366304
u 3907 1.0294775635111615 0.006371701677050784
x 3907 -9.422798344187374 -375.11006944766365 0.6877583205332858
z 3907 114 7.102109835724939 1.6363423105749266
u 3908 1.0117967933768621 -0.005636326762295298
x 3908 -8.44278204946539 -374.4777020997671 0.45831628656391565
z 3908 114 7.2419225670233285 1.7818212777880937
u 3909 1.0110039447543542 0.0077769212190328795
x 3909 -7.72459681441104 -374.0881726268237 0.5356322796495694
z 3909 114 7.515255254594453 1.9060785405369147
u 3910 0.9746712496663703 -0.005357579017856775
x 3910 -6.828145217562063 -373.4967171837293 0.6307988308487742
z 3910 114 7.892172564522694 2.0282137100241684
u 3911 0.9839723102946863 0.019841809562037634
x 3911 -5.9767573249660115 -372.9273782021178 0.5480449253274271
z 3911 114 8.365107270714473 2.1146156320727414
u 3912 0.9889916035881267 -0.0065953078625123045
x 3912 -5.093354199672591 -372.35106101511917 0.6080523171833256
u 3913 1.0345138765338207 0.007698633134317288
x 3913 -4.250121328419625 -371.8389548926428 0.48350612568227724
u 3914 1.0361809051677984 -0.009043134814900737
x 3914 -3.479742817740336 -371.4227636055314 0.5071360162622653
u 3915 1.0046015158305484 0.006027588141437035
x 3915 -2.683187808321077 -370.982164089696 0.5033522007467925
u 3916 1.0311235648017787 -0.007248107410293099
x 3916 -1.9454397511472086 -370.5585313724487 0.5391497552813687
u 3917 1.0273476121587133 0.010388141035109811
x 3917 -1.000839240675103 -369.9963786935669 0.5345004849974093
u 3918 0.968428961100965 -0.0034307386226636737
x 3918 -0.3789520159152626 -369.5583268668144 0.6928333876138297
z 3918 844 8.429628857196871 -1.4342368428371635
u 3919 1.0006832042514884 0.022028431644540904
x 3919 0.19657934419448742 -369.1512200486711 0.5384611947291034
z 3919 844 8.363463711413042 -1.5752511142861731
u 3920 1.0419277256720436 -0.00041112672779232754
x 3920 1.0339732899321943 -368.6140216333917 0.6023092587955441
z 3920 844 8.432508223359534 -1.698716280001348
u 3921 0.9567980583296252 0.005247656340347264
x 3921 2.0614478665964597 -368.02570626033787 0.43772394291212313
u 3922 0.9980483917853562 -0.0018218503801218301
x 3922 2.7007916436334396 -367.661727790194 0.5973562489896604
u 3923 0.966969721221584 -0.004865921310281728
x 3923 3.505375151987522 -367.2331312821994 0.38156205778782093
u 3924 1.0061004416314892 0.008846745330075064
x 3924 4.533935138100336 -366.7159880194969 0.5501822233620244
u 3925 1.0311317546367924 0.004802646900601567
x 3925 5.282141666702013 -366.2029128703824 0.6520002734003065
u 3926 1.0075656246161582 -0.0027851583989682016
x 3926 6.063235021158601 -365.6507465839422 0.5787028624320887
u 3927 1.0177643281668136 -0.004713230146671704
x 3927 7.0227022507045085 -365.03183862135216 0.5670775892588154
u 3928 1.001337890106944 0.001840612306977096
x 3928 8.022135651404868 -364.4230501685885 0.5271390516643084
u 3929 1.0251394826822589 -0.006188870226029947
x 3929 8.94736714437935 -363.87079921938937 0.5491034460505344
u 3930 0.9706570138827592 -0.004725833793087445
x 3930 10.025047198961266 -363.3443130287377 0.3597664250035919
u 3931 1.012242658132889 -0.008007582845620123
x 3931 11.24935565797418 -362.90623258117364 0.3274799594680706
u 3932 0.9921785691721109 -0.0035490613369078333
x 3932 12.292072361895826 -362.53292212334424 0.36011826552845294
u 3933 0.9954050261323621 0.007508014770922064
x 3933 13.136274054825199 -362.2276377758017 0.33386834120341913
u 3934 0.9706315243428868 0.007218211385019497
x 3934 13.960120837779822 -361.9136088977344 0.394476406028232
u 3935 0.9935519501810812 -0.0046746275206128885
x 3935 14.801311854427246 -361.6044794188042 0.30986471632791
z 3935 225 8.218790224277372 0.9471636756067259
u 3936 1.046442776547349 -0.003262616196186373
x 3936 15.851462679816228 -361.3618542729644 0.14424403145350384
z 3936 225 7.656447118827011 1.0617333921556327
u 3937 1.039607742751042 0.004998814326168245
x 3937 17.024688935022066 -361.13033100590303 0.24542712427036273
u 3938 1.0134994950998428 0.0004799155572899254
x 3938 18.03961287316445 -360.962810857532 0.08173679921014321
z 3938 510 8.280499211440146 -1.377024807558038
u 3939 0.9964135603018274 -0.0002806111947581788
x 3939 19.11006994617052 -360.98222267459687 -0.1180011018802376
u 3940 0.9295228884755851 -0.0001350993531290287
x 3940 20.027244579955653 -361.0726139802636 -0.0784725945991589
u 3941 1.0049643723396084 -0.014200595736903252
x 3941 20.849896784539716 -361.0983467587445 0.015932458018476314
u 3942 0.9731837009293305 -0.018509053005594446
x 3942 21.498748256057826 -361.0199047442557 0.2246871106077224
u 3943 0.9739132455269879 0.001214197129818154
x 3943 22.486577531377623 -360.6944296750066 0.41187927606577635
u 3944 1.0895771330569541 0.0033026822622918015
x 3944 23.47983159842427 -360.29992174963326 0.34427933907798813
u 3945 1.029103992788628 -0.019722794242969143
x 3945 24.08449871178029 -360.12291471589396 0.22527687530727736
u 3946 0.9851197413374106 -0.017378559617459075
x 3946 24.983058999208936 -359.9219761374694 0.21472958313320678
u 3947 1.0263448996416515 -0.006717176879128599
x 3947 25.501120538695513 -359.7729875671424 0.34533364926275967
u 3948 0.9933400553175146 0.0026416125648936217
x 3948 26.65904399306224 -359.2452270701081 0.509969754070958
u 3949 0.9552472773777163 0.0032182681347979027
x 3949 27.679705384867518 -358.83969575254036 0.2464216550612357
u 3950 0.9902662471643436 0.0033116413784677235
x 3950 28.657147155682292 -358.5429372545852 0.3431043207613884
u 3951 1.0261779333889882 -0.016536434911101537
x 3951 29.659995623152355 -358.1287278707174 0.44027743904371786
u 3952 1.016516274235204 0.008316627449526574
x 3952 30.566281719042056 -357.6831821013198 0.4735602643037189
u 3953 0.9827260616224759 -0.004749282600394486
x 3953 31.386339816335788 -357.24915514155805 0.5000068402058737
u 3954 0.9717965310142479 -0.01395722669199362
x 3954 32.47893249864253 -356.543830679576 0.6464759057024416
z 3954 547 8.167635993151768 -0.10251121769745852
u 3955 0.9815435965612574 0.008168991610299237
x 3955 32.923665651162565 -356.15968823862926 0.7783802276191092
z 3955 547 7.192424471273587 -0.12520016564540315
u 3956 0.9834552851897713 -0.007635648245971298
x 3956 33.87362876298585 -355.30302242328725 0.6892244690663034
z 3956 547 6.2173481038436424 -0.13671869296714778
u 3957 1.0751271385994308 0.0026797953487684065
x 3957 34.64417442297376 -354.7080917863007 0.6257545239610631
z 3957 547 5.154575062478744 -0.168106916838767
u 3958 1.0021063362027065 -0.0017438236452385328
x 3958 35.51801321652738 -354.0763710886945 0.626140164834891
z 3958 547 4.169787242841505 -0.2063775289117551
u 3959 1.1149255936272613 -1.5707963267948966
x 3959 36.22236497197278 -354.18524974402334 -0.9328723122619316
z 3959 30 8.13502762979051 1.5390004799382755
z 3959 547 3.3746216316773965 1.5279128995310423
u 3960 1.0070669590519163 -0.0015631177247538038
x 3960 36.6362787267885 -354.73180320011784 -0.9123863008363418
z 3960 30 8.16607430220745 1.6641418442552034
z 3960 547 3.480829714906247 1.8227225339581192
u 3961 0.9750974492934309 0.002512060918322322
x 3961 37.36459027145611 -355.51421362858576 -0.7299993427488216
z 3961 30 8.312645604720664 1.7787028663542968
u 3962 1.0140521859193614 -0.010267716577910584
x 3962 38.11174969736527 -356.1848589661661 -0.7329684026606729
u 3963 1.024249434770777 -0.008919850116052709
x 3963 38.979360298719264 -356.90493018682355 -0.6525050564249009
u 3964 1.0155127553556407 0.0073737085145114956
x 3964 39.93492261533106 -357.5626761899375 -0.5532018016024596
u 3965 0.9710610931947752 0.016804349952581107
x 3965 40.775696327725186 -358.0338841136604 -0.4684531470644151
u 3966 0.9951239548291 0.015727281402496275
x 3966 41.58570135673005 -358.4261157528284 -0.43345706962091235
u 3967 0.9725981781031541 0.010781669213422133
x 3967 42.58718227136896 -358.9122463442761 -0.47036100515691226
u 3968 1.0190181472910116 -0.001434199636341089
x 3968 43.490779325075145 -359.4127419137249 -0.541292453975911
u 3969 1.028463136874705 0.006029252979839091
x 3969 44.115924060638626 -359.8442324313674 -0.6669783116928203
u 3970 0.9741818513389938 -0.01419052442969545
x 3970 44.95371701853935 -360.5016461642231 -0.6637017385072919
u 3971 0.9995429015510127 -0.0041828724039766835
x 3971 45.744175023243706 -361.0944629030785 -0.6232571379558092
u 3972 0.9756850762033175 0.001964480921734081
x 3972 46.421418259494914 -361.676308639993 -0.7962939954479049
u 3973 0.9664908061046908 -0.004690918980294159
x 3973 47.12015767124128 -362.393346181113 -0.8003497794089998
u 3974 1.1328507573487818 1.5707963267948966
x 3974 47.971939605066844 -362.372591154161 0.8490733316610664
u 3975 0.9859635833187431 -0.0034361062181629057
x 3975 48.606940652169826 -361.66920321167385 0.8238270517512203
u 3976 0.9883789241171549 0.0013134941580663754
x 3976 49.265150849619474 -360.71025756890725 1.114699883060017
u 3977 1.0119795896009232 -0.005067183031743829
x 3977 49.75935447432145 -359.6508296789354 1.1539424024298839
u 3978 0.9930242122724194 0.012996795783383407
x 3978 50.30120556245351 -358.6787356229349 0.9706273812525765
u 3979 0.9563414496884284 -0.0029208714460283456
x 3979 50.74352429248086 -358.01221423886466 0.999180691842608
u 3980 1.0368832059221653 0.005047324665472876
x 3980 51.20232208275357 -357.2054155938275 1.1082919853042803
u 3981 1.041879275936953 0.015549062180559334
x 3981 51.569007807467955 -356.2027404192953 1.3321027811770083
u 3982 1.004285366570502 -0.007833307249375839
x 3982 51.705790121143366 -355.37702923072305 1.4811635473091593
u 3983 0.9366741726625653 0.006068442898311806
x 3983 51.93832145611119 -354.4050506919425 1.1907859716433178
u 3984 1.01159519656726 0.0025331536211841517
x 3984 52.31770031143145 -353.3398972889086 1.2664796650527084
u 3985 0.9528979630354361 0.00301902205175192
x 3985 52.480751527347884 -352.73012896780597 1.3525417109125097
u 3986 1.0387936118862988 -0.002769794723807147
x 3986 52.57219482599832 -352.1120881741076 1.495268844540842
u 3987 1.0482040868885412 0.0066054623928531375
x 3987 52.627191382270766 -351.04340134884575 1.5434909069832807
u 3988 1.0041653824339847 -0.013358366706310892
x 3988 52.646948115959916 -349.9422526339768 1.5622217353973005
u 3989 0.9819653886803676 -0.010782810676054877
x 3989 52.64474218864443 -349.1101879083867 1.5846732031697996
u 3990 0.9900538974252782 -0.006119162686108328
x 3990 52.5957807821636 -348.16623567759336 1.6605636136683888
u 3991 0.9683463816956887 -0.012784276795631147
x 3991 52.50809335111701 -347.47876281246346 1.7347597460458042
u 3992 0.9453353771097353 0.00776344719029527
x 3992 52.317035953936255 -346.6268564152561 1.8480727073321868
u 3993 1.0076622609286316 -0.005973798058990813
x 3993 52.07853745687968 -345.7951716357911 1.8520624686301703
u 3994 1.0096035734978257 -0.005311509674429623
x 3994 51.753578583371954 -344.9329063927888 2.010342260906441
u 3995 1.0417527341152502 0.00227759093035168
x 3995 51.385521039214474 -344.1075517105498 1.9701931273615463
u 3996 1.045760320357357 0.006981728979042866
x 3996 51.03968994100882 -343.29142371746934 1.9730158250120944
u 3997 1.0214154779097386 -0.0050805564203966576
x 3997 50.58613498312785 -342.27612041705225 2.008820500533126
u 3998 1.0450205727333854 0.005105723691660962
x 3998 50.18171984738975 -341.6004773904198 2.211497055324946
u 3999 0.9984602361624643 -0.015817267885925117
x 3999 49.754993420593856 -341.0857594282281 2.314504600244554
u 4000 1.034383104921534 -0.0002154809238518459
x 4000 49.083152370521574 -340.22783489085583 2.155790110701428
u 4001 1.048040509291568 0.003756406158626812
x 4001 48.50993417970874 -339.4262748279382 2.227416771255501
u 4002 0.9878841843641208 -0.01832109927880294
x 4002 47.97678591441298 -338.6579756742983 2.1274611806369315
u 4003 0.9769923627621326 0.006906147222493128
x 4003 47.62900962935172 -338.0060692876527 1.99426795561026
z 4003 342 8.372215389747046 1.1238384676596516
u 4004 0.9596114588409136 -0.012891304991643133
x 4004 47.070867639796596 -336.8554144282428 2.0505808842953277
z 4004 342 8.010204476827866 1.2453040677490854
u 4005 1.005240293961474 -0.001343512970139594
x 4005 46.679143624767924 -335.88442260327105 1.8579256145420437
z 4005 342 7.74818428151803 1.36991402077786
u 4006 0.9676263409468394 0.007901694865843287
x 4006 46.52126964319214 -335.12982705622096 1.696150738482686
u 4007 1.0441036971392477 -0.0021181393332990123
x 4007 46.485579648135214 -334.238271628034 1.5254615031440295
u 4008 1.0183977618238444 0.015103454565688764
x 4008 46.54458200880878 -333.0080365221984 1.5202841306891308
u 4009 0.9608671684809477 -0.008038064907009947
x 4009 46.719575768729065 -331.92340916002627 1.3013854752344312
u 4010 1.0270142248171823 0.0029760679176480567
x 4010 46.91653781386679 -330.930810436779 1.448434879806367
u 4011 1.0148051640469724 0.009392731262699228
x 4011 47.07436301759538 -330.00156950661176 1.356682362295711
z 4011 679 8.402459673266911 -0.8410552848470743
u 4012 0.9790308840508368 -0.011823434738352236
x 4012 47.25324526118776 -329.1896751275763 1.3511859382057843
z 4012 679 7.7793997148973295 -0.9226708800740755
u 4013 1.0153728946493157 -0.00400285403374382
x 4013 47.447359126059204 -328.270308421539 1.3742416732509453
z 4013 679 7.210251508402071 -1.0310005463461924
u 4014 1.0469664906573293 -0.00024925012484661635
x 4014 47.65051941696766 -327.14713664264593 1.409458911231268
z 4014 679 6.7322048792094495 -1.1645440016381332
u 4015 0.9441706803001798 -0.00024802553433111795
x 4015 47.95794085511174 -326.2277162054891 1.0867773362680637
u 4016 0.9532022854604953 0.0020441984728243033
x 4016 48.28291634875182 -325.4328188202865 1.2786301138446188
u 4017 0.9395806183972899 0.000390177243214385
x 4017 48.496474047840366 -324.4429223798029 1.4380007656251657
u 4018 0.971918610996607 0.015769555411668527
x 4018 48.5786090314987 -323.5009557084181 1.5296414223474368
u 4019 1.0119367406397959 0.013005841429264307
x 4019 48.503028868396754 -322.7903428924974 1.8238727896403049
u 4020 1.017260710537368 0.012598758847582447
x 4020 48.179825033811845 -321.68777545704944 1.8880180041537775
u 4021 1.0568376265652846 -0.011536731870301548
x 4021 47.77874584909035 -320.723562602083 2.041961531295378
u 4022 1.0149622274170162 0.0051963539191953925
x 4022 47.519221537332776 -320.0601656714515 1.8454345506267522
u 4023 0.9327042659065322 0.008345287683629675
x 4023 47.215148726187046 -319.1502566021638 1.9411816349147077
u 4024 0.9685379624787749 0.014505661139646653
x 4024 47.03668995920517 -318.62608779665806 1.856713458407011
u 4025 1.037743913764472 -0.013083696034437436
x 4025 46.85167684122965 -317.7125187689198 1.6845080521331202
u 4026 0.9764270083195434 -0.000565761798688892
x 4026 46.75720755757066 -316.8781394269909 1.6825664375739748
u 4027 1.0504213051666702 0.010271045029891988
x 4027 46.723599561452914 -315.6473039271718 1.5136227036010679
z 4027 863 8.421372645714861 0.6599147186998096
u 4028 0.9715252515868512 -0.0008192761464693571
x 4028 46.749751679594134 -314.85290085351863 1.5621527908329433
u 4029 0.9904530962638357 0.00619673244441661
x 4029 46.724585565966834 -313.9176791694423 1.6332453772520452
z 4029 24 8.28922420554366 -0.08105757011417802
u 4030 1.0199833142401755 0.012086784949202185
x 4030 46.50698157915731 -312.85189984530234 1.9111580438412004
z 4030 24 7.273654927187859 -0.10534329751314431
u 4031 0.9875188371433782 0.014828484847201609
x 4031 46.25771890229886 -312.1632471465873 1.925008581878946
z 4031 24 6.293397178556114 -0.13782824691525208
u 4032 1.0005630109754937 0.0026230668146999905
x 4032 45.99089551741247 -311.3495943298873 1.8503483858173118
z 4032 24 5.304319747000074 -0.16661586372650383
z 4032 454 8.44341572532583 -1.0691260223497019
u 4033 1.019812807877592 -0.010542035675647942
x 4033 45.607759437793575 -310.4538062444331 2.099569146841148
z 4033 24 4.300878167706849 -0.1941747583752651
z 4033 454 7.998139042456628 -1.1702858734321708
u 4034 0.9916651470418814 -0.014654508199971378
x 4034 45.07171015200282 -309.56046491102535 2.1229357366089463
z 4034 24 3.331578640341832 -0.23484124448234045
z 4034 454 7.659113427765292 -1.2747676363266154
u 4035 1.0084231529569936 -0.008564356160018842
x 4035 44.46672810211423 -308.66147490627145 2.20334721218612
z 4035 24 2.3611153170283665 -0.3240329968818134
z 4035 454 7.423569239787688 -1.396330951084258
u 4036 0.9917114733173221 0.003727938508462587
x 4036 43.74803245927087 -307.6427011668617 2.1669963307738342
z 4036 24 1.456628901821583 -0.5474973269478998
z 4036 454 7.318748220120004 -1.53394796384562
u 4037 1.012917755116174 -0.0062568830231771785
x 4037 43.22478097093574 -306.93988830966015 2.2545533298710305
z 4037 24 0.7895687988505989 -1.2678934860509814
z 4037 454 7.348300080919545 -1.665863782847361
u 4038 0.9995028949361416 0.00443073493103252
x 4038 42.58765161332422 -306.3501425926279 2.535040091729969
z 4038 24 1.0746869706300846 -2.365980965305475
z 4038 355 8.118306145068788 -0.7490095209255223
z 4038 454 7.511543143353942 -1.8031177173495834
u 4039 1.048191143174096 -0.013043151892094082
x 4039 41.821058297206626 -305.8105747743568 2.521532901801523
z 4039 355 7.380122770497066 -0.8321429488365495
z 4039 454 7.813289400375352 -1.92119849762623
z 4039 519 8.041717038033655 0.3676450109511751
u 4040 0.9598295335357717 0.0007382156126007121
x 4040 41.07132263782109 -305.22817286133096 2.4407730402494785
z 4040 355 6.771454562922833 -0.9379132863338677
z 4040 454 8.192844600514434 -2.032180717391653
z 4040 519 7.154206047087842 0.41509992793813577
u 4041 1.0169105888546013 -0.005516055124321292
x 4041 40.28635319020804 -304.63254751955094 2.5442088662473505
z 4041 355 6.221768868919975 -1.064301156264495
z 4041 519 6.2384549329504875 0.4868129889344215
u 4042 1.0301402192583735 -0.0003268592125845297
x 4042 39.53991478187249 -303.962455546896 2.2758694937027215
z 4042 226 8.079015097264312 0.1907159886455605
z 4042 355 5.79234578508203 -1.220110470756632
z 4042 519 5.349829572089347 0.5773698180457849
u 4043 1.0372816833859881 -0.002589295195602671
x 4043 38.70603957073028 -303.12234250660936 2.4290668653537546
z 4043 226 7.063570474363211 0.22133266785987127
z 4043 355 5.521269219637512 -1.3948004178549176
z 4043 519 4.517187802659174 0.7058776449428059
u 4044 1.0667909376930258 -0.015310386956358599
x 4044 37.94582739647485 -302.33802744117776 2.2521139443047797
z 4044 226 6.0295009727017215 0.2768148206598404
z 4044 355 5.428735723501312 -1.5739143193850778
z 4044 519 3.7757627916056 0.907179366540376
u 4045 1.0042143764995162 0.012276463172677188
x 4045 37.365547924535136 -301.55145050270346 2.1606794251813994
z 4045 226 5.068972491891186 0.3175341765443891
z 4045 355 5.529966189817065 -1.768789919684966
z 4045 519 3.2491766525786008 1.139637802022718
z 4045 601 8.244042570200504 -0.957040341013685
u 4046 1.0431428207975144 0.0023740384545654094
x 4046 36.83241964643911 -300.75396249538835 2.1594678274943133
z 4046 226 4.090485742889599 0.39457857416554054
z 4046 355 5.826789170644203 -1.9475631416379215
z 4046 519 2.967322857346548 1.4621450008246102
z 4046 601 7.691762530947123 -1.0706025294786645
u 4047 0.9339288560754051 -0.0014330673652079423
x 4047 36.244478311939375 -299.981654033982 2.283484735825459
z 4047 226 3.2485474185048315 0.5069463065185031
z 4047 355 6.230625766636655 -2.0860048120809895
z 4047 519 3.0133297639439163 1.7768036677594132
z 4047 601 7.289444163581175 -1.1817879057867877
u 4048 0.9786877905941419 -0.01171544288595512
x 4048 35.44829503559812 -298.95345304412274 2.1759105572574455
z 4048 226 2.4433950997623866 0.7164639814492668
z 4048 519 3.3583130723135297 2.07742614666234
z 4048 601 6.971735567068634 -1.3000139845259857
u 4049 1.021765302610737 -0.005825906271431933
x 4049 34.985619629047676 -298.1832409408806 2.0475673566183454
z 4049 226 1.805063674069981 1.1045110106911356
z 4049 601 6.767442616245277 -1.44006744261994
u 4050 1.1247207057641313 -1.5707963267948966
x 4050 35.459763508143816 -297.37571656403657 0.03217958138875465
z 4050 226 2.330339641665026 3.100606321217149
z 4050 601 5.995980380148861 0.027715948437767146
u 4051 1.0032694214625295 -0.012178736889391473
x 4051 36.210162371161125 -297.328233720694 0.09420553044443203
z 4051 226 3.3331758418097497 3.123286867772645
z 4051 601 4.993405505056085 0.046685528224780004
u 4052 0.987708855526358 0.011165183268644425
x 4052 37.46165035352898 -297.3178939435779 -0.0776819329259526
z 4052 601 4.006741563860828 0.045649969425329395
u 4053 1.0324706579254537 -0.00869937514572623
x 4053 38.4986692093791 -297.3457040933908 0.024059984275586643
z 4053 601 2.976011856050786 0.07168936129312709
u 4054 0.9577937063296756 0.003294837128650601
x 4054 39.34999160880815 -297.34851572926095 -0.030665297725243512
z 4054 187 8.175682885851847 -0.6430958988636215
z 4054 601 2.0216785737312644 0.10155664552449162
u 4055 0.9408832232499984 0.002774905577740237
x 4055 40.19426066092308 -297.30497568845897 0.13371657624851263
z 4055 187 7.445021661499741 -0.7218696883796447
u 4056 0.9804989860282699 -0.003762717063157856
x 4056 41.08694447063247 -297.2039340324623 0.09170128805894873
z 4056 187 6.7389540329479685 -0.8141920460373799
u 4057 0.9764423307187236 -0.0043742099719049025
x 4057 42.175918556801975 -297.042308150594 0.20298805394106845
z 4057 187 6.108354997031508 -0.9260801217953696
u 4058 1.0085295348119072 0.00242213011238713
x 4058 43.570674534608344 -296.9175283167472 -0.02453601772142866
z 4058 187 5.562063147782978 -1.0740737052036522
u 4059 1.003018898019748 -0.011865627097691834
x 4059 44.628288272357715 -296.9145020293707 0.03025886153297508
z 4059 187 5.154351547302414 -1.233570705989036
z 4059 420 8.492881690932677 0.19570270225907205
u 4060 0.9996036096478564 -0.0017235768126469602
x 4060 45.77615537915888 -296.8363373783444 0.10572233169908296
z 4060 187 4.91413037002553 -1.4249438715615683
z 4060 351 8.149352108784027 -1.0714703789457865
z 4060 420 7.515063400882456 0.22340685317129472
u 4061 0.982684319438905 -0.00935372561998912
x 4061 46.907469337657666 -296.6693352182301 0.1873965257790351
z 4061 187 4.86477176436164 -1.6166573101196806
z 4061 351 7.722869828259654 -1.1737696078080522
z 4061 420 6.561595819049434 0.266630036354528
u 4062 1.112630523304739 -1.5707963267948966
x 4062 47.7823176076389 -297.01168662791355 -0.9334105850067007
z 4062 187 4.254525125410331 -0.2206947092384164
z 4062 351 6.806330246554251 0.34126548033736714
z 4062 420 6.127003740403808 1.979889704025502
u 4063 1.0052155552051332 0.013085466533628734
x 4063 48.54885186684102 -297.9067082861005 -0.7917376962982621
z 4063 187 3.2829780971651155 -0.302815118898788
z 4063 351 5.86621112549709 0.38450136790892575
z 4063 420 6.5860709612682 2.1076960835330123
u 4064 0.9570605978503258 -0.004861958942928505
x 4064 49.24361067204027 -298.8299316865232 -1.0596106639834932
z 4064 351 4.992984026218664 0.4617572029281032
z 4064 420 7.125063116717919 2.228070930058162
z 4064 849 7.7709606946163365 -0.0744893175707082
u 4065 0.9642914084159491 0.0011411097919414722
x 4065 49.643958957868534 -299.49428165326594 -0.9972995609162272
z 4065 351 4.151673619163239 0.5641618359458214
z 4065 420 7.75148783913059 2.32561645582312
z 4065 849 6.809768407301149 -0.0862494375577989
u 4066 1.0088137865568974 0.004216451616670286
x 4066 50.382042082236616 -300.35323241219095 -0.7245739033663625
z 4066 351 3.341585923793185 0.7215358807505945
z 4066 420 8.47318250143248 2.408403846881119
z 4066 849 5.805573289690942 -0.10580010512897209
u 4067 1.0449080000036637 0.001695049294462367
x 4067 51.390013508573574 -301.06425569475016 -0.5041082901249903
z 4067 351 2.6478511552721002 0.9832915354032519
z 4067 849 4.767899545682124 -0.13082532650341205
u 4068 1.0218480040325872 -0.007718552541203564
x 4068 52.20619397867081 -301.51062572589126 -0.4968135828477269
z 4068 351 2.252383530145552 1.3792626261728058
z 4068 454 7.889130214300827 -0.5920559587621237
z 4068 849 3.756508365381565 -0.15755817804901184
u 4069 1.037938549995303 0.013437878054612717
x 4069 53.19138987283495 -302.0969309460653 -0.5768266577311381
z 4069 351 2.286839489523778 1.8269777278157182
z 4069 849 2.7378184671616075 -0.23303498338549433
u 4070 0.9465643165902191 0.0012616923490612639
x 4070 54.209479985952484 -302.7869115169633 -0.6144059159261737
z 4070 849 1.8301489962132587 -0.35434142465822527
u 4071 0.9638027719275879 -0.003318599560709753
x 4071 54.81729504224705 -303.28026291360493 -0.7492390807974272
z 4071 849 0.9837144580753299 -0.6962646583586642
u 4072 0.9591147441447838 0.00069482350403665
x 4072 55.57450883430482 -303.99386337726554 -0.7622696067588031
z 4072 849 0.6635023825548224 -1.8845934455032092
u 4073 1.0038468621762784 -0.006422138654745367
x 4073 56.15187557844181 -304.67632039586437 -0.9749746614239876
z 4073 849 1.3620039280309872 -2.65605268542042
u 4074 1.0014626702872242 -0.003988300678759243
x 4074 56.80399555985822 -305.6774181588333 -1.0118935734908003
z 4074 805 8.109979288524768 0.4026544935583889
u 4075 1.01515220627452 -0.020771885176773593
x 4075 57.199904628422 -306.298483719378 -0.9946701436731602
z 4075 805 7.1917658906206645 0.48011467528105545
u 4076 0.9846500929265721 -0.0030297002913486355
x 4076 57.691770618069036 -307.1327247594743 -1.081452317752572
z 4076 805 6.335568376188211 0.5551991965469214
u 4077 0.9492861281586916 -0.002938843025537652
x 4077 58.18733261896494 -308.0766303131892 -1.0932270894002771
z 4077 238 8.446661741253582 0.4010921414083457
z 4077 805 5.55230652191624 0.6485959418730367
u 4078 1.0112765315578538 -0.004842141840579443
x 4078 58.69824328627902 -309.20644486489016 -1.198989150354136
z 4078 238 7.527085495490605 0.45871215887929395
z 4078 805 4.787256176125472 0.781802819330621
u 4079 1.1310028881575125 -1.5707963267948966
x 4079 58.418644895347846 -310.01173497679486 -2.610963617153102
z 4079 238 7.264618363897733 2.162655331474891
z 4079 805 4.890769230401871 2.562332499902615
u 4080 1.017120042708681 0.0012881828175340948
x 4080 57.522530783671236 -310.6329804257057 -2.459837307041238
z 4080 238 7.876929347006723 2.268782656733202
z 4080 805 5.768591170087677 2.657808899220199
u 4081 0.9775814546341404 -0.01443381395022668
x 4081 56.626701484176 -311.35112972605265 -2.4718450166080195
z 4081 805 6.6523703482713845 2.7397049263767634
u 4082 1.0182997351267697 0.021828147755697233
x 4082 55.870967836459876 -311.948498465358 -2.473560625521124
z 4082 805 7.596107387161095 2.771681685425249
u 4083 0.9988985417305615 -0.007599499441635825
x 4083 54.94971906350359 -312.7645093403733 -2.3598343943370557
u 4084 0.9913305441190862 -0.008065703894588444
x 4084 54.44956134682485 -313.32739406896167 -2.234677144309274
u 4085 0.9998675902341486 9.851881372683869e-05
x 4085 53.77050737263114 -314.4245201226709 -2.015373272403979
u 4086 1.068897474721499 -0.006046306125736774
x 4086 53.34806671899664 -315.61049183746957 -1.8105906664944496
u 4087 0.9936113083999396 -0.013876114164995993
x 4087 53.07157497670296 -316.7704322434855 -1.799003053359645
u 4088 0.9726091058578616 -0.004689826775735972
x 4088 52.86887800286525 -317.53955235935547 -1.857959114695115
u 4089 0.9784737409852249 -0.010912557693009022
x 4089 52.60213610438304 -318.7536002648012 -1.7161862865359565
u 4090 0.9875564130436203 -0.023142188762356686
x 4090 52.37959934422966 -319.50736673369875 -1.999561791143202
u 4091 1.0298763257710417 -0.00595189142196643
x 4091 51.92188105252977 -320.3237908647867 -2.1639784314906567
u 4092 1.0132653792523991 0.0009120621541879677
x 4092 51.435877278808995 -321.13879101424527 -2.053037892626828
u 4093 0.9800155510812414 0.00249805061945925
x 4093 51.08389564702282 -322.04216262486716 -1.8316263510788824
u 4094 1.023430416105974 0.0025617072098688995
x 4094 50.862664863880525 -323.0587177028634 -1.7385395535044703
u 4095 0.9345557562268882 0.009972912125503764
x 4095 50.67319824821324 -324.07973146935456 -1.7700132861868196
u 4096 0.987469916894813 -0.00447103903262732
x 4096 50.461127635219235 -325.02082538473854 -1.8148645603590114
u 4097 1.0121818543719987 -0.002655403995674179
x 4097 50.27361203872955 -326.1685334469248 -1.6506315660187334
u 4098 0.9918027671044413 -0.002261020584649421
x 4098 50.316998846035794 -327.4249518489062 -1.4219242543468944
u 4099 1.029407539512277 -0.00024483581362750234
x 4099 50.537099631202025 -328.4318977053781 -1.2892726322419619
u 4100 0.9827436971665308 0.006650028682933679
x 4100 51.0076229419952 -329.7184878796102 -1.1511114785544356
u 4101 1.01147797828678 0.005307553298324681
x 4101 51.335361414268874 -330.554201271175 -1.2430115007199922
u 4102 1.0208859947667326 -0.010989500251385745
x 4102 51.63743442326136 -331.3518920178169 -1.174587404775941
u 4103 0.9974329040516254 -0.002982827040932875
x 4103 51.96352008853854 -332.0791321843945 -1.123980319960339
u 4104 0.9022398838362835 -0.002849090770890422
x 4104 52.144306780774606 -332.4920102476338 -1.1921713359190993
u 4105 0.9814609638874948 -0.001716848761428479
x 4105 52.52116252687222 -333.26955541341886 -1.0467980766741753
u 4106 1.089516377724282 1.5707963267948966
x 4106 53.2598520880316 -333.4582982780233 0.5464817582692714
u 4107 1.017526705793844 0.008426258755402307
x 4107 54.06078116444715 -333.0011084346783 0.49089929813615685
u 4108 0.98483983382779 -0.009850537056878739
x 4108 54.971794133425206 -332.5335253253494 0.4574932804129448
u 4109 1.0319531383504321 0.0022328813112774456
x 4109 56.0381468947059 -332.11005306667687 0.2985526759470085
u 4110 1.0402725030024902 -0.000404569478069587
x 4110 56.85253322055658 -331.8897446786957 0.22984157250736503
u 4111 1.013678061700672 0.0017639363247323918
x 4111 57.87013255013521 -331.6104554837786 0.3058846016264076
u 4112 1.0291468728696724 0.0019319646995022068
x 4112 58.90696868996707 -331.2912910243018 0.2913563452097234
u 4113 1.0392623897400686 0.006429159085210448
x 4113 59.97083636866752 -330.9912092982046 0.25849204179881813
u 4114 0.9824076492251745 0.0046058873339385005
x 4114 61.19034897988037 -330.80985882890866 0.036758933312156294
u 4115 0.9911965575721264 0.005470524158485332
x 4115 62.106733392331584 -330.69951177785146 0.20291843435283985
u 4116 1.0006407053352775 0.01595352704912656
x 4116 63.232540480300635 -330.29175265236375 0.49207229619418413
u 4117 0.9433929862980855 0.001113365500763498
x 4117 63.96158631171038 -330.0020349727596 0.2644415214958431
u 4118 0.9897825216631368 0.014691673034828136
x 4118 64.75968404492552 -329.7631749854837 0.31716288928922776
z 4118 626 8.215365896880778 -0.0314082462359897
u 4119 1.0166520035075275 0.002603046900451331
x 4119 65.65099060609154 -329.4226187545552 0.41277510623018676
z 4119 626 7.199334780318696 -0.038629585386712684
u 4120 0.9965152699122201 -0.0022402637151438653
x 4120 66.41000530195024 -329.06347424335604 0.4711365066743536
z 4120 626 6.203633221791712 -0.042413242755462655
u 4121 1.0150800677180634 -0.006781897729746411
x 4121 67.20362501274091 -328.7935735499651 0.18449861132070167
z 4121 626 5.18947894834552 -0.04326236338546963
u 4122 0.9541870035971072 -0.008361886610662395
x 4122 67.82631431287494 -328.6909682566303 0.14212174003248723
z 4122 230 8.046443494172436 0.5438917828527545
z 4122 626 4.236187376247005 -0.04370128288075703
u 4123 1.0251966941496378 -0.002247854484043186
x 4123 69.12189310719853 -328.4644251270552 0.2040952427226732
z 4123 230 7.1894511433680455 0.6201340879390314
z 4123 626 3.212216422692469 -0.05503853736283837
u 4124 0.9501176644304128 -0.007582998434736767
x 4124 70.11620693816378 -328.2727770791416 0.17672280435939847
z 4124 230 6.442303796981993 0.7139860501896758
z 4124 626 2.2638715990144056 -0.06895545073137743
z 4124 838 7.622997688467407 0.1976683909822512
u 4125 1.034676555695103 -0.010652341162777726
x 4125 71.05140248037266 -328.1318475046244 0.12241695555208532
z 4125 230 5.704840362150574 0.8444216565197045
z 4125 626 1.2330501918103243 -0.11168476008198791
z 4125 838 6.61286137807959 0.23986953114588783
u 4126 0.9787775708481935 0.01700910245314437
x 4126 71.99451303361026 -327.9606413228882 0.2367389178429935
z 4126 230 5.100536078343679 0.9702668591390147
z 4126 383 8.453615408193825 -0.8066359780523107
z 4126 626 0.28648447773014696 -0.550748156965752
z 4126 838 5.6646234446235955 0.2624916534399402
u 4127 0.9956980142687026 0.0047080055050080375
x 4127 72.80022765507148 -327.67761875142924 0.4388708548050406
z 4127 230 4.609507397134029 1.1444391508431746
z 4127 383 7.79970313145733 -0.903848197580273
z 4127 626 0.7668410545616325 -2.9464063928037847
z 4127 838 4.70939596365888 0.31219258145399875
u 4128 0.9604816038501998 -0.020958615318299276
x 4128 73.7069515146027 -327.2612361800529 0.4221129365939662
z 4128 230 4.3119461382469755 1.3705932815817663
z 4128 383 7.236495314057141 -0.9864925355369745
z 4128 838 3.810690485877798 0.413160305117775
u 4129 1.0200087150569346 -0.0021259477777641066
x 4129 74.56849942586078 -326.7024569765092 0.7286339382079712
z 4129 230 4.230026890548296 1.611347192737476
z 4129 383 6.726877744289485 -1.1110920423814523
z 4129 838 2.9060881682249717 0.5570265767708769
u 4130 1.0028828821296751 -0.007379919168200155
x 4130 75.33118556718694 -326.0282288259178 0.7191954174802442
z 4130 117 8.37974137707651 -1.4546476125271042
z 4130 230 4.390231484581357 1.8489669575504557
z 4130 383 6.342371591225167 -1.2456363330526905
z 4130 838 2.1247956220426323 0.8181203342038454
u 4131 0.9826219743667518 0.0007940281070555439
x 4131 75.882556894983 -325.522603471602 0.7650964874714647
z 4131 117 8.323679418835683 -1.5729734681801366
z 4131 230 4.754531920190928 2.0482537782987578
z 4131 383 6.100332801638091 -1.3996862986612761
z 4131 838 1.6200553527920776 1.2757365838791248
u 4132 1.0205213358095837 -0.00039594578635321554
x 4132 76.74581200056278 -324.68733000159807 0.7727547301984807
z 4132 117 8.38801090200765 -1.6945437318441492
z 4132 383 6.011071332715467 -1.5673692004246673
z 4132 838 1.6447247402766534 1.9117853951499697
u 4133 0.9990956253964817 0.005567273517247889
x 4133 77.47714882466931 -324.02462124487 0.6996621634973437
z 4133 383 6.092900700030257 -1.737657117282624
z 4133 838 2.1894616833946148 2.3512313877793094
u 4134 0.9874985335907126 -0.0026256302208825474
x 4134 78.12699935419256 -323.45563928999275 0.7386299494584563
z 4134 383 6.331004609939969 -1.889490552129928
u 4135 0.9940080497196561 -0.021413251655903725
x 4135 78.99891101988278 -322.75036757028255 0.6216341306358086
z 4135 383 6.699622553338094 -2.009936319147192
z 4135 816 7.999710870141853 -0.316301671821122
u 4136 0.9635483895347995 -0.005841116668179637
x 4136 79.7830800816518 -322.23535109970186 0.5406013395447324
z 4136 816 7.089317417982485 -0.35237237665169063
u 4137 1.0358424624154363 -0.007908900802225454
x 4137 80.30767675636082 -321.9493246071001 0.4577478598173954
z 4137 816 6.125933563175997 -0.4022251286878764
u 4138 1.010625600015958 0.021384804589941003
x 4138 81.21655243605855 -321.6049152353625 0.26669305091975204
z 4138 816 5.216053582971528 -0.5014368155802007
u 4139 0.9948795002286365 -0.009014772182382773
x 4139 82.32352917897849 -321.24248270058 0.36612273981231436
z 4139 816 4.367336923517319 -0.6012350701115738
u 4140 1.057833802292015 0.00834181201252106
x 4140 83.58634795184979 -320.74842998197033 0.37972392840948777
z 4140 816 3.5489451401499132 -0.7800309890477686
u 4141 1.0100229412777226 -0.0059189345730894195
x 4141 84.48536370167758 -320.471033096198 0.21885191046244135
z 4141 816 2.9161374272387843 -1.0194280497736017
z 4141 836 8.09756927959764 0.6493170135775026
u 4142 1.0456813249340235 -0.006281935029268916
x 4142 85.5952891421189 -320.3570429390478 -0.014168060242615077
z 4142 816 2.527089857588736 -1.3726240818467765
z 4142 836 7.294359862417297 0.7427456804359851
z 4142 871 7.681258757838605 -0.6676510004377616
u 4143 0.9783727029414804 -0.01512298174489676
x 4143 86.71796937627664 -320.3746816994774 -0.01725194478191261
z 4143 816 2.516589408252129 -1.7479105166813769
z 4143 836 6.612444622077329 0.8589276770433782
z 4143 871 6.93441232311454 -0.7391497997162286
u 4144 1.0103026192270663 0.003839709411199934
x 4144 87.28378442415597 -320.36881754228295 0.03797937953326436
z 4144 816 2.873929411448184 -2.104970792317583
z 4144 836 5.999797681858482 0.9827174951666251
z 4144 871 6.226531577818506 -0.8527461770176794
u 4145 0.9909266953652287 0.001746937222066962
x 4145 88.17666786912696 -320.44846513126106 -0.21591377234615328
z 4145 723 8.247680946323074 -0.06090388982390449
z 4145 836 5.51129124070773 1.1310405263793717
z 4145 871 5.625033551958214 -0.9876545872733189
u 4146 1.005245106959765 -0.019107342641422786
x 4146 89.03207129143077 -320.59308199165486 -0.11904442411741334
z 4146 234 8.207946813665597 -0.5939556842719971
z 4146 723 7.243959909974138 -0.048919243254914146
z 4146 836 5.17337014873275 1.3276824032197023
z 4146 871 5.1317005667835645 -1.1317462642019116
u 4147 0.998421430607498 0.002368905717587927
x 4147 89.87762081193172 -320.62833369475385 0.0357109243977205
z 4147 234 7.402377263968117 -0.6720130423296315
z 4147 723 6.246991788004162 -0.0592926734594692
z 4147 836 5.0261248271237955 1.5192753592709058
z 4147 871 4.794403831512918 -1.323852451250355
u 4148 0.9389576199713722 -0.010159749617123109
x 4148 90.64344680142729 -320.58038023562085 0.08935908921337532
z 4148 234 6.689881406789602 -0.748782985787408
z 4148 474 7.7474769977858395 0.5190035976343683
z 4148 723 5.3096614432515725 -0.058715295512886456
z 4148 836 5.070047677513221 1.7155034363585813
z 4148 871 4.650032709596278 -1.5105061040979386
u 4149 1.0306244183678768 0.0007317217710672043
x 4149 91.58008172440438 -320.4708717414095 0.14341798625395263
z 4149 234 5.976543499931108 -0.8672240235350661
z 4149 474 6.871402400425877 0.5926889630378835
z 4149 723 4.281267791499308 -0.07366175828808652
z 4149 836 5.317028730208164 1.907786880776305
z 4149 871 4.702230009224155 -1.7318063251014753
u 4150 0.9514706185403357 -0.0019787230398742085
x 4150 92.3496021221007 -320.361645416913 0.13857981929561491
z 4150 234 5.409073027216564 -0.999669239856118
z 4150 474 6.105982740992841 0.6819496305079298
z 4150 719 7.859957834516446 0.6464153533441412
z 4150 723 3.333024761742101 -0.09241187611985335
z 4150 836 5.70359834925064 2.0678044162198344
z 4150 871 4.94388867385093 -1.9209847266286175
u 4151 0.9642038097351905 -0.0007066793152770387
x 4151 93.0904738011288 -320.3240757775541 -0.03724652107162685
z 4151 234 4.954383796562824 -1.1633945292136136
z 4151 474 5.392031901495716 0.795657409475675
z 4151 719 7.114256492509395 0.728885683434056
z 4151 723 2.3745587123187364 -0.12904201444637176
z 4151 871 5.351577073582236 -2.090355567018685
u 4152 1.0627798148100096 0.0012268664719559685
x 4152 93.84168794266466 -320.2427926690457 0.2528124962704479
z 4152 234 4.637754765107986 -1.376664907079304
z 4152 474 4.709336011510862 0.9562439320861653
z 4152 719 6.360532997694689 0.8391011259187469
z 4152 723 1.327828405123109 -0.23393881448255227
u 4153 0.9901596520766409 -0.00021518291476133256
x 4153 94.70835548768002 -320.0189699622514 0.25265642104600605
z 4153 234 4.551532171100531 -1.5915580870072885
z 4153 474 4.216845130837317 1.149518355996678
z 4153 719 5.746485113372837 0.9678864154814057
z 4153 723 0.43079059563786426 -0.7953576282872858
u 4154 0.950869028311593 -0.007724792205949098
x 4154 95.31776302852684 -319.8437382506227 0.3073252009099434
z 4154 37 7.713663909631458 -0.1335448869124427
z 4154 234 4.665497087995638 -1.7890497925107942
z 4154 474 3.9287282603216926 1.3803375946842458
z 4154 719 5.269180200046783 1.1252040632334603
z 4154 723 0.7169200097268461 -2.6960306063022212
u 4155 0.998782193265599 -0.011740197109146974
x 4155 96.45021417204556 -319.4902111755717 0.29785897145596074
z 4155 37 6.724219541183224 -0.14071840807814162
z 4155 234 4.972815510429798 -1.9749278501117713
z 4155 474 3.8719568811003353 1.6484460841350241
z 4155 719 4.927600724328322 1.321396700834092
u 4156 0.9853462581518385 -0.012656694808489254
x 4156 97.61147734539458 -319.10255081483393 0.3465296129882618
z 4156 37 5.749280448847733 -0.1510268872511804
z 4156 474 4.074675052783976 1.9044661390238629
z 4156 579 8.273154428181046 -0.27899230441871437
z 4156 719 4.786953176633239 1.5351945633477886
u 4157 1.0017833829048115 -0.0127281554413732
x 4157 98.52231417593268 -318.7362074209101 0.418282476069745
z 4157 37 4.760158966319451 -0.1686416360397165
z 4157 474 4.508805319851481 2.128217855249053
z 4157 579 7.3133530891996745 -0.30315599507323787
z 4157 719 4.861903011001836 1.755365450754697
u 4158 1.0532215393475093 0.0131034207536582
x 4158 99.48651272368733 -318.3698609493193 0.30792277075230823
z 4158 37 3.7275896544216875 -0.23101226477610703
z 4158 509 7.789508260341055 -0.44707119838469334
z 4158 579 6.318407409270282 -0.36708505331589825
z 4158 719 5.153723634358523 1.9447736484574323
u 4159 1.0268545163967444 -0.004525931677759659
x 4159 100.18406335595502 -318.1387218568131 0.3320209179380402
z 4159 37 2.737406027523229 -0.31165112532410877
z 4159 509 6.87678343663177 -0.5068404510005093
z 4159 579 5.371642020210888 -0.4308154670845319
z 4159 719 5.61286239025007 2.1202813558364806
u 4160 0.9682598367758368 -0.006696770577472295
x 4160 101.22880165645073 -317.8088676348904 0.27962691804755124
z 4160 37 1.8384309743111265 -0.4654582305766475
z 4160 509 6.046757152723648 -0.5774806888815531
z 4160 579 4.5084143686505165 -0.5132720366606249
u 4161 1.0438448358360939 -0.0069301323512902776
x 4161 102.1960836243534 -317.6137858212392 0.11839469226838828
z 4161 37 1.016725517657892 -0.9338463206203578
z 4161 509 5.201191423225026 -0.6797454228175308
z 4161 579 3.63319662116821 -0.6470137205859814
u 4162 1.0269299704601424 -0.002640673802092841
x 4162 103.14944409322497 -317.44296128105134 0.2362052945501274
z 4162 37 0.9187731288597074 -2.045659881793455
z 4162 509 4.44859253406868 -0.8224863852698303
z 4162 579 2.880081954527945 -0.8606168464486648
u 4163 1.0018496686861231 -0.006581624543655593
x 4163 104.08265505058836 -317.1803168707768 0.31248475041447543
z 4163 37 1.6383408788916107 -2.6151800672958796
z 4163 509 3.835018837855783 -1.0079416473901404
z 4163 579 2.3498508806675447 -1.182254264910478
u 4164 1.0191886993460397 0.0031229347956432466
x 4164 105.3283537710495 -316.78016929316755 0.30913986978541974
z 4164 509 3.4036975694252196 -1.267353515763343
z 4164 579 2.1801081459654883 -1.6331117074708184
u 4165 1.0300568337714373 -0.008129658614639351
x 4165 106.26803292527448 -316.58805550709974 0.09419418345607955
z 4165 509 3.2440332775130636 -1.5666725422450005
z 4165 579 2.464823139162538 -2.055336534660195
u 4166 0.9789722841105843 -0.0024666878379786526
x 4166 107.28390100904991 -316.4792636905354 0.11917751960684564
z 4166 509 3.3835058426005666 -1.8577352263769713
u 4167 1.0503379654933147 0.0053260318320189
x 4167 107.8462930009091 -316.31382956050084 0.4530062760315947
z 4167 509 3.8185145398454345 -2.129823819241663
u 4168 1.0000550825488783 0.011572133181314023
x 4168 108.82282961538905 -315.90766310755293 0.33531253122429394
u 4169 1.0015467681709902 0.009957445898038814
x 4169 109.79937065360276 -315.6056032077028 0.2646507531043394
u 4170 0.9923944838304269 -0.003985276351227551
x 4170 110.61059543909576 -315.4245503573326 0.1745208753816465
u 4171 1.0112930398792586 0.006353434017053087
x 4171 111.47576932484947 -315.27490709972983 0.1680165730536709
u 4172 0.980925738164106 0.012743160944270271
x 4172 112.41771804839274 -315.04462106473255 0.31153356227804174
u 4173 0.9764390078445271 -0.0023484586399925163
x 4173 113.19319932577899 -314.7293461279362 0.4607534184767914
u 4174 1.185676395619334 1.5707963267948966
x 4174 113.61708956114228 -313.5682446420398 1.9807554743315698
u 4175 0.9561301769234347 -0.009315337561777534
x 4175 113.17708909941466 -312.3743137956703 1.8670114638032347
u 4176 1.0073863730562085 0.008701654227324206
x 4176 112.97538145790276 -311.5390480634045 1.7484863585150618
u 4177 0.9765886959603254 -0.006839482975399885
x 4177 112.87142696832154 -310.5029376532698 1.5930999720256045
u 4178 1.0326565283827125 -0.0068203796403267115
x 4178 112.70471078560882 -309.4304174606548 1.8569112133879493
u 4179 1.0246932225235894 -0.003542416771155522
x 4179 112.47490700100971 -308.10220931576066 1.6273250798765382
u 4180 1.0020418465139047 0.016806644981538724
x 4180 112.45897105676866 -306.9190926296207 1.541204867048796
u 4181 1.0258430825407485 0.0029228825577586187
x 4181 112.50711446179865 -306.0828806775612 1.4853683414915348
u 4182 1.0207609184694266 0.00748683268646658
x 4182 112.55654849269264 -304.7945117373415 1.5795230015245867
u 4183 1.018303512756944 0.008283620400760113
x 4183 112.38426189620499 -303.5324473036616 1.8334158502320825
u 4184 1.0126883049867799 0.0023397497926568116
x 4184 112.08936946787162 -302.58567416209667 1.9120711858309143
u 4185 1.00137870022657 -0.004638744081735474
x 4185 111.82759040042261 -301.4632269778903 1.6877736360181332
u 4186 0.9821120851842167 -0.0031706893043519525
x 4186 111.74286760672109 -300.1418985738483 1.581882521119006
u 4187 1.0154624905974636 -0.005340585261683873
x 4187 111.66190746424489 -299.0184608985234 1.7035907034574311
u 4188 1.008280051238474 -0.004568091613085765
x 4188 111.52145908819384 -297.6791187212459 1.6469656338925782
z 4188 716 7.672478412994808 -0.2527756704175945
u 4189 0.9866708778985258 0.0014473384901636493
x 4189 111.46706101032898 -296.73205912527686 1.609378767806806
z 4189 716 6.721897067035171 -0.291043870650431
u 4190 1.0215974041621445 -0.014173489328395964
x 4190 111.50686273469132 -295.59606788625575 1.4621685399550248
z 4190 716 5.7483477629779625 -0.32668002080150593
u 4191 1.0238396898189965 0.00393239835973661
x 4191 111.57162576068451 -294.7474674293569 1.5270845083865332
z 4191 674 8.191342635468013 -0.2647079746756176
z 4191 716 4.790715214301527 -0.39964573323011443
u 4192 1.011410740504112 -0.006907471837060114
x 4192 111.65451140142312 -293.81195915416225 1.4377704769265556
z 4192 674 7.218982650034741 -0.29399622264920566
z 4192 716 3.8773482387139553 -0.49357342934089043
u 4193 0.9854975367768064 0.0036552370133646666
x 4193 111.86507266993344 -292.617843657532 1.3547457867175376
z 4193 674 6.28286558759816 -0.343394948040765
z 4193 683 7.757375974333242 -0.4303838861831455
z 4193 716 3.046566403338014 -0.6516176714026849
u 4194 1.0079874489145593 0.0008500307235646815
x 4194 111.97645147496605 -291.8546998805367 1.4969986070499903
z 4194 674 5.344683087125345 -0.4078610376488312
z 4194 683 6.854427695846432 -0.4926842057978966
z 4194 716 2.3271913926859162 -0.9184229445868723
u 4195 1.0304618744714722 -0.010410865839158668
x 4195 112.06983720799539 -290.81661426828697 1.4651579130878014
z 4195 674 4.415142077998946 -0.4890356848875683
z 4195 683 5.963566198802726 -0.5632977626961342
z 4195 716 1.8831485436303257 -1.355934763162705
u 4196 0.9896661862112617 0.0038433148583537583
x 4196 112.17274938401177 -289.73403975731446 1.486879483428429
z 4196 674 3.572971681299523 -0.6238440744737308
z 4196 683 5.155146039668502 -0.6701458194465797
z 4196 716 1.9333815562227399 -1.8837484093732773
u 4197 1.0325276904497729 0.002879237090023963
x 4197 112.26374573629067 -288.73710890932756 1.472664637321638
z 4197 674 2.801761719710602 -0.8441416275303641
z 4197 683 4.394068410291353 -0.8197634970130325
z 4197 716 2.4573810800651548 -2.29768509445506
u 4198 0.9796829323099072 -0.0031929776665343534
x 4198 112.37506142654586 -287.5504767132823 1.4818593028092852
z 4198 683 3.792419502813944 -1.0062569901495868
u 4199 1.0180382400611117 -0.008894164911755254
x 4199 112.60370557163986 -286.7670264312842 1.0918209195471213
z 4199 505 7.883652659789227 -0.4958047584286476
z 4199 683 3.355382629689104 -1.2558326793317354
u 4200 0.9548188143246744 0.0038996830157514047
x 4200 112.85069617293223 -286.204620461878 1.2221528227208074
z 4200 505 7.05943036372703 -0.5643270839232382
z 4200 683 3.193306574133376 -1.5481935927073915
u 4201 1.0454669205750757 -0.006166975121588926
x 4201 113.29742210937935 -285.17199274106605 1.1028410549783274
z 4201 505 6.199368520260101 -0.6480382471057222
u 4202 0.9760434047267512 0.006956115552335981
x 4202 113.72377854386103 -284.4614264801776 0.9578780817382206
u 4203 0.9733244682272977 0.013654412728859823
x 4203 114.25917482712957 -283.7603601165191 0.8793059510912933
u 4204 1.0093003847871305 -0.002954148647301659
x 4204 114.86005506533125 -283.0675426567627 0.8333827495187962
u 4205 1.0038901781868474 0.00128855281275957
x 4205 115.47960045904445 -282.4546949123665 0.7265443454193772
u 4206 1.0292818699423862 0.005267867345435595
x 4206 116.45528420687708 -281.68468002714314 0.6097039044495496
u 4207 1.1224026234111253 1.5707963267948966
x 4207 116.47647252201105 -280.79594799846774 2.484215656765489
u 4208 0.9880471610174343 -0.005842099552059267
x 4208 115.5903946963507 -280.16040438614255 2.5545441073865334
u 4209 1.0485249367599583 -0.006591070142846706
x 4209 114.98703035170348 -279.77231087495096 2.5854586908120645
u 4210 0.9772797644660567 -0.0019297677126263368
x 4210 114.2474123866968 -279.25671252353646 2.4801531974098285
u 4211 0.9494481195528077 0.0026522510755528877
x 4211 113.56839818018497 -278.5471980910912 2.1883111262489923
u 4212 1.0002442591538676 0.001194914765812755
x 4212 112.95406386648636 -277.61313044180594 2.1168169589339865
u 4213 0.9773289504776955 0.004601582330320855
x 4213 112.4653156613795 -276.5907393345063 1.916634196717541
u 4214 1.006288773037793 -0.00042766433400980366
x 4214 112.14307342781842 -275.81921570850204 2.016249822726026
u 4215 1.0226014091710984 -0.015897093778818688
x 4215 111.64620212428255 -274.79364995703594 2.0276604547979087
u 4216 1.0085642951039402 -0.0002175739579659835
x 4216 111.30770505054788 -274.0952644347099 2.016573830241496
u 4217 0.9852299469715683 -0.004805499178005016
x 4217 110.80419853233282 -273.0626336780693 2.032369172316921
u 4218 0.9892907972858579 -0.014036679476202156
x 4218 110.47955579242397 -272.2466625262038 1.8665448277625956
u 4219 1.0393505137657837 -0.009009228930547477
x 4219 110.22784906552576 -271.5202644632159 1.942178677038524
u 4220 1.2052708300536428 -1.5707963267948966
x 4220 110.50729728958491 -270.5604955118707 0.6327561307301632
u 4221 0.9769244112258795 -0.009537146392099571
x 4221 111.52134809097187 -269.7624626625428 0.7007406478517462
u 4222 1.0158482208157562 0.0005505135368556269
x 4222 112.25903385934654 -269.0787107735194 0.794205684686752
u 4223 1.0218316454797696 0.023680749861330275
x 4223 113.11682489320226 -268.26086989473737 0.7289159855397074
z 4223 842 8.340767238453415 0.39850031799622165
u 4224 0.9863725845778154 0.007610381170771739
x 4224 113.93345846507903 -267.5530388267667 0.6993800513319322
z 4224 842 7.439909515034635 0.4418919329600062
u 4225 0.9912465750830451 -0.0025989813914239364
x 4225 114.64851291459743 -266.9260044357086 0.7404351064465686
z 4225 842 6.558219780448077 0.5093513688141345
u 4226 1.0096568995588038 0.007766623504790198
x 4226 115.345792314526 -266.34438501359995 0.6499776102961228
z 4226 842 5.695845115899527 0.5875235511509813
u 4227 1.0398503475982668 -0.0039352892610658545
x 4227 116.21108758950056 -265.83186583655225 0.41950757387798276
z 4227 842 4.865959136792937 0.7105434242647535
u 4228 1.0269728762435422 0.000843180108407039
x 4228 117.04604471352091 -265.3142106730549 0.6904522978893541
z 4228 842 4.14169547374013 0.872063977751325
u 4229 1.0046699038309803 -0.009472190483873218
x 4229 117.84824576221449 -264.7076676963952 0.6043331242405232
z 4229 842 3.5833083933382492 1.0987628601101518
u 4230 0.9799186478483414 -0.004214848164228049
x 4230 118.61606822857705 -264.19049739873816 0.5811788254700212
z 4230 842 3.2588830046571355 1.3743948214184272
u 4231 1.0241675958955399 -0.0007831568203042415
x 4231 119.47875629325027 -263.7372289621999 0.38636425098678995
z 4231 842 3.2201207688686613 1.6924356839979247
u 4232 1.0251369755476918 -0.004936392964333116
x 4232 120.47547635724378 -263.3882206173978 0.2872648161140887
z 4232 842 3.4981928167733565 1.9924279724358103
u 4233 1.008477719407282 -0.0010610571866622686
x 4233 121.42309426314618 -263.17084848454 0.1637092141080143
u 4234 1.0024944183903968 0.0025318920401797883
x 4234 122.28296518490173 -262.9795942126754 0.27400955122696224
u 4235 0.9793034769591524 -0.0001819588788255295
x 4235 122.95724464476717 -262.75563655761124 0.3673494016112655
u 4236 1.0114590193099224 -0.017226100449431424
x 4236 123.98578741362837 -262.31167030296047 0.44762315583046774
u 4237 1.011347779756035 0.004123389847022847
x 4237 124.83565206604571 -261.7926944447076 0.6488143495189043
z 4237 305 8.191375854395256 0.636284217493547
u 4238 0.9909022557338895 0.0072081354786189995
x 4238 125.90099830301648 -260.9188367747104 0.7251282110292387
z 4238 305 7.415453397720957 0.7081729094165792
u 4239 1.0127615265511074 -0.0012096662949055994
x 4239 126.3326783900137 -260.5020366467856 0.8105973300638061
u 4240 1.0032583016622847 0.010097424667572002
x 4240 127.07988998121346 -259.7765121289615 0.7307497208432014
u 4241 0.9794802842212684 0.004642292422820088
x 4241 127.6042480792197 -259.3005028289646 0.7434596820625679
u 4242 0.9716309643329714 -0.00041432404248113253
x 4242 128.23231793374208 -258.83774745882454 0.5265257967596813
u 4243 0.9637952258510797 0.0017668994773725646
x 4243 128.91345592379258 -258.5072464057584 0.37698018746371975
u 4244 1.0313999081083813 -0.00802220581435764
x 4244 129.6557189743872 -258.05530381145354 0.7168536530481617
u 4245 1.0286077047744506 0.001957021320329161
x 4245 130.49568051434582 -257.37123407117576 0.6500735172119234
u 4246 0.9896737660442443 0.0032115921200014472
x 4246 131.4435660875429 -256.79254203143165 0.44614729678490894
u 4247 0.9848235486473927 -0.0001886259446014884
x 4247 132.21892489407182 -256.3977881285184 0.495693238098887
u 4248 0.9657599472852069 -0.01509906293386187
x 4248 133.29218389759484 -255.98542766550088 0.23795392512405655
u 4249 0.9839162228777456 -0.0029402800712155816
x 4249 134.14085093699407 -255.718079876558 0.3724056100135549
u 4250 0.9343850539207047 -0.005123994129514994
x 4250 135.02109940050008 -255.44374899432228 0.2318179976543906
u 4251 1.0171043989902604 0.008968572214294623
x 4251 135.93297236439895 -255.3233125668592 0.030813690045820685
u 4252 1.0402440915473816 -0.007087924303600509
x 4252 137.01017292770246 -255.25800313116395 0.090295769437855
u 4253 0.9986896439750117 0.005362884808957076
x 4253 138.0194724116386 -255.23136868583657 -0.037529933816140115
u 4254 0.9911710701693744 -0.00043733609477016933
x 4254 139.0435427907312 -255.28109743889553 -0.05951363160255374
u 4255 1.035421667029193 0.0036231667314095824
x 4255 140.0371287301877 -255.25508096616292 0.11187051047100516
u 4256 1.0614180802078272 -0.0002599141783730609
x 4256 141.3075293783795 -255.2733302494758 -0.14059849991454376
u 4257 0.9479662726788988 0.010546629930291818
x 4257 142.41939915047246 -255.38717695879325 -0.06347455688921277
u 4258 0.9900878699914666 0.01677477517470535
x 4258 143.50444517645596 -255.39385523888723 0.051165040781864235
u 4259 1.0151685226142848 -0.01205659219275121
x 4259 144.43719746666872 -255.3193263324158 0.10830045887227069
u 4260 0.994031339417989 0.0025378573474591605
x 4260 145.40741255290993 -255.2282475164689 0.07890066645907012
u 4261 1.03383076370848 -0.016169628742629467
x 4261 146.40654177346573 -255.25648068734998 -0.13540118541317447
u 4262 0.9998466124664217 -0.0016820798722954097
x 4262 147.43198999083538 -255.31427806855447 0.022794243022189242
u 4263 0.9729611424252874 -0.010036010883091168
x 4263 148.32886431903526 -255.20069745835445 0.2291456072683391
u 4264 1.0066278100087809 0.0016821275103922051
x 4264 149.16803244520085 -255.03836566535816 0.15302150714952178
u 4265 0.9784476487792428 -0.013016756053471882
x 4265 150.24138153416357 -254.8413152882135 0.2101042370730717
u 4266 0.9537490581036704 -0.004545404519024887
x 4266 151.1975832041539 -254.6340826218839 0.21674420039404252
u 4267 1.0273688718115324 -0.009719725572384427
x 4267 152.0909115606444 -254.36822541691745 0.36176833955854626
u 4268 0.9417407403121459 0.014636135050880841
x 4268 152.8601811270897 -254.12883752398236 0.241610988341884
u 4269 1.0431247276771303 0.0067505941304214015
x 4269 153.96306198020702 -253.8858643982433 0.1920765415960508
z 4269 250 7.911518781506831 -0.5978474360278856
u 4270 1.034700061953235 -0.010383597911474493
x 4270 155.14374761760075 -253.57707840469715 0.3195267755096953
z 4270 250 7.076918853060186 -0.669221136009325
u 4271 1.013931997406552 -0.005171318275887174
x 4271 156.47603654640466 -253.08326716694307 0.39037409841224724
z 4271 250 6.311282058666122 -0.7635533974340731
u 4272 1.0162170244753896 0.0019015925278506802
x 4272 157.64586870200225 -252.6310964040491 0.3473005666170548
z 4272 250 5.6220293242767685 -0.8908994536623531
u 4273 1.0453973053739396 0.002482620707178936
x 4273 158.7618056966347 -252.30548092492896 0.2205087349300574
z 4273 250 5.032018718046473 -1.0558108236622301
u 4274 1.1584812856272209 -1.5707963267948966
x 4274 159.4499420930429 -252.77369674412597 -1.415424521300031
z 4274 250 4.036547896409143 0.4459073493626322
u 4275 0.9547760154282915 -0.009739394725414173
x 4275 159.52455944503248 -253.74141304199108 -1.5722593887246883
z 4275 250 3.204262631452121 0.5858290115598335
u 4276 0.974805032841465 0.003467468714797965
x 4276 159.46476202398165 -254.71527926949108 -1.6919834588319504
z 4276 250 2.450749894072798 0.8035009489005627
u 4277 1.0087258318177232 -0.0010672988311793263
x 4277 159.2970517181644 -255.8649491885039 -1.739319547020613
z 4277 118 8.084190712808246 0.9096207084282995
z 4277 250 1.8956094355552993 1.1978537156403881
u 4278 0.9825985601164731 0.012339589902506694
x 4278 159.10417556345396 -256.6708430392224 -1.8720995631584323
z 4278 118 7.515793957173882 1.000152103922268
z 4278 250 1.7832926475522555 1.7228794376369798
u 4279 1.0212280532331466 -0.0015773961000499022
x 4279 158.83343503384776 -257.49960550584854 -1.9009952788108555
z 4279 118 7.017707241936609 1.1245642798133186
z 4279 409 8.389747562570504 1.1618901164520814
u 4280 1.016478339856079 0.0016682679728834149
x 4280 158.50215139859046 -258.54111002054384 -1.8565212929218067
z 4280 118 6.641809901804645 1.2613390824188855
z 4280 131 8.373732157793189 -1.1023783363133717
z 4280 409 8.039059444322891 1.2764594929079172
u 4281 1.0511185315335774 0.0011015225638125229
x 4281 158.24302181533375 -259.4287779329426 -1.8531297431199487
z 4281 118 6.399918194236053 1.4172926821991645
z 4281 131 7.955206893714122 -1.2216848721617009
z 4281 409 7.798694677012944 1.4046816240540627
z 4281 412 8.437795989571857 0.13868415068119777
z 4281 427 8.098790613089387 -1.0091149244977515
u 4282 0.9932070549375025 -0.01223227836883637
x 4282 158.03741666470384 -260.4205766561215 -1.6972827814687421
z 4282 118 6.330755731512153 1.585338777967788
z 4282 131 7.666530333470757 -1.3312153279459142
z 4282 409 7.703119886817474 1.5445482224679035
z 4282 412 7.456366624259309 0.17013792991930243
z 4282 427 7.6108740678706726 -1.1071267194426397
u 4283 0.9857951368909087 0.014030709996729661
x 4283 157.95841723044626 -260.9646524596673 -1.7326931268621337
z 4283 59 8.452614210321975 0.32170317996460085
z 4283 118 6.414373953265589 1.725599218781909
z 4283 131 7.500920310670085 -1.4734812416532774
z 4283 409 7.733352705133185 1.658266330127251
z 4283 412 6.4856420680278735 0.18079378011881886
z 4283 427 7.2305313196025 -1.243831580379812
u 4284 1.016513914843884 -0.004722865764480931
x 4284 157.7532672531101 -262.2659556183891 -1.7216249968356785
z 4284 59 7.496003349159572 0.3696198622494462
z 4284 118 6.649705269350773 1.881883477614175
z 4284 131 7.468573912561693 -1.6046056143591771
z 4284 409 7.889770804332787 1.791663839663424
z 4284 412 5.4892544538118 0.2192508423871824
z 4284 427 6.968491017416781 -1.3775844690559165
u 4285 1.0277188545277656 -0.008860460727721956
x 4285 157.65370279709327 -263.40238212387794 -1.5947451288031358
z 4285 59 6.5501220322830065 0.43584129911998115
z 4285 118 7.036766094324594 2.030033725057513
z 4285 131 7.568799938805939 -1.7318899011424813
z 4285 409 8.180921588797407 1.9232810122482409
z 4285 412 4.492929113895082 0.27887246014109035
z 4285 427 6.841314410907204 -1.5165593774781954
u 4286 0.9772655835556566 6.50206289441782e-05
x 4286 157.7004179121956 -264.0227290999827 -1.3965216204883721
z 4286 59 5.679206360546122 0.5084818991901163
z 4286 118 7.521116902219974 2.146709200578795
z 4286 131 7.785569453991759 -1.8561709310796761
z 4286 412 3.5635761365386602 0.35436054153648655
z 4286 427 6.858147543733302 -1.6593966811019314
u 4287 1.0406350941224654 -0.004712306616765214
x 4287 157.80943300372107 -265.1674516355208 -1.5551781862704257
z 4287 59 4.798473247889082 0.6194223661163321
z 4287 131 8.137753022509855 -1.9745592685420759
z 4287 412 2.6138349475145146 0.49854983438788736
z 4287 427 7.024713568625541 -1.8028139194805863
u 4288 0.9542746907113576 0.006248270595303299
x 4288 157.98561945668027 -266.27152186491367 -1.2699249269823027
z 4288 59 4.0574313360011445 0.7495413325462588
z 4288 412 1.831378084458031 0.7426268548677726
z 4288 427 7.306217189880093 -1.9364230931758737
u 4289 0.9654015997809882 -0.0039005686095610935
x 4289 158.299480596704 -267.03131902659163 -1.0881961672274354
z 4289 59 3.416225782139098 0.9475938111895097
z 4289 412 1.298321815022739 1.2746266321242743
z 4289 427 7.7026486860423775 -2.049928299888421
u 4290 0.9953437841954167 0.005990803380474019
x 4290 158.67165344228206 -268.08380950735454 -1.3736191814127494
z 4290 59 2.945449412357576 1.2189531520894104
z 4290 412 1.3836983183861478 2.026516846971771
z 4290 427 8.211646138266113 -2.163520893904159
u 4291 1.0225031332061398 0.002450763231699965
x 4291 158.82360414074014 -269.17048085645007 -1.4901124549239704
z 4291 59 2.76376551491029 1.5710288078096353
u 4292 1.0149156867759437 -0.013649582296885808
x 4292 158.85260453555804 -269.9755934566852 -1.5794707374725256
z 4292 59 2.950936831835488 1.935765450399252
u 4293 1.0355697930170746 0.020349989469275923
x 4293 158.86668286622395 -271.03680671788766 -1.5355909531735052
u 4294 0.9190190869274812 0.019128658370252814
x 4294 158.86578978491187 -271.732157927274 -1.6085704190982242
u 4295 1.0092043438306144 -0.00516850900120771
x 4295 158.79486689744624 -272.69800432472823 -1.6796207503919145
u 4296 1.0389537707848873 -0.013714326466438264
x 4296 158.613554663491 -273.86254644900123 -1.7708798174096065
u 4297 0.9677761612829785 0.008209396828816632
x 4297 158.49672692964307 -274.6092332158463 -1.6811192316263137
u 4298 1.0291342771533123 0.007870427523104623
x 4298 158.32102001725596 -275.85039128837803 -1.7417382180388392
u 4299 0.9475248876567919 -0.008270608463452673
x 4299 158.042282829415 -277.0275856284192 -1.8648524933584993
u 4300 1.004354452651712 -0.004632200445989766
x 4300 157.64618824458907 -278.2148532670144 -1.9207547314677713
z 4300 15 8.422760033938783 1.2177046259220141
u 4301 0.9525366238981573 0.006222800301971688
x 4301 157.32352197059834 -279.2943583546438 -1.8017362991601336
z 4301 15 8.13969872328516 1.321380460576587
z 4301 270 8.250464342462033 -0.5817961992452041
u 4302 1.0003177000239796 -0.007131496388543542
x 4302 157.07904406094966 -280.23963141108544 -1.846028957476175
z 4302 15 7.955625726080796 1.450772384995668
z 4302 270 7.432902632093319 -0.64828460504823
u 4303 1.0055336311934475 -0.00465270000473775
x 4303 156.84338916469346 -281.27705085180946 -1.7422927885910342
z 4303 15 7.900907806555557 1.5821515201185328
z 4303 270 6.657534714580435 -0.734676332518363
u 4304 0.9561248223509454 0.012793299537726645
x 4304 156.79670532041126 -282.29768851593735 -1.490715908912229
z 4304 15 7.963254469939462 1.6897133739670682
z 4304 270 5.987058115659328 -0.8554881498037386
u 4305 1.0157916977923316 0.012674601941477095
x 4305 156.95633232655965 -283.4220735164734 -1.3688250203247336
z 4305 15 8.14019045118599 1.801355165081893
z 4305 270 5.381249311645015 -1.0119353458092526
z 4305 296 8.146449259776123 0.8936926384499229
z 4305 651 7.659408974208655 -0.4928996255241942
u 4306 1.023718069912026 0.0028115249027404446
x 4306 157.23530855046926 -284.45637399838245 -1.2458574827639641
z 4306 15 8.431876681926859 1.9170575278212576
z 4306 270 4.917024896042767 -1.1923573963160639
z 4306 296 7.546133506249358 0.9966919450361029
z 4306 358 7.680089676175835 -0.24584512445655582
z 4306 651 6.775660501006571 -0.5674516583459663
u 4307 1.0130573079850447 0.014622856846424328
x 4307 157.57482069463185 -285.53181210256224 -1.2841463512441575
z 4307 270 4.646545464750442 -1.4115834811103838
z 4307 296 7.040841897174433 1.1026006279939615
z 4307 358 6.704133759778411 -0.2983237063243398
z 4307 651 5.950926157558002 -0.6747522994905051
u 4308 0.9944293179162769 0.008613611646672705
x 4308 157.92738538323096 -286.6733156362811 -1.2583158830380903
z 4308 270 4.599288467903367 -1.6354803280516466
z 4308 296 6.647500236822008 1.2275874214453086
z 4308 358 5.762524747075317 -0.35839078182521167
z 4308 651 5.214636565926964 -0.8034247891785071
u 4309 1.0177351543829258 -0.011457869832175558
x 4309 158.13621632944384 -287.3887778588495 -1.3152906377901232
z 4309 180 8.125299660394079 -0.19987096320026687
z 4309 270 4.768734190485283 -1.8387143003372426
z 4309 296 6.38317116744273 1.3900645243448757
z 4309 358 4.820264178365284 -0.41992333566255224
z 4309 651 4.562424055394721 -0.9523136289295309
u 4310 1.0131742986955825 0.0006291035680271944
x 4310 158.33377536319153 -288.4656777088231 -1.4634335703834542
z 4310 180 7.135203718409731 -0.2287399957914391
z 4310 270 5.131114947233562 -2.030908963341087
z 4310 296 6.28031995761119 1.5487976371578522
z 4310 358 3.9171147602340937 -0.5262739989151863
z 4310 651 4.060088934973179 -1.157735686052897
u 4311 0.9911308388914799 0.007198022543967768
x 4311 158.44848778976757 -289.5383484970969 -1.4650869898064978
z 4311 180 6.174924702451377 -0.2729042405512443
z 4311 296 6.3329391672689725 1.6986974810552384
z 4311 358 3.1026056827247253 -0.6956397153466738
z 4311 651 3.776581561742032 -1.40806820920875
u 4312 1.0202380607768413 -0.0019026810694837274
x 4312 158.5844732824824 -290.2332226555654 -1.2899943969975818
z 4312 180 5.199409700789329 -0.32373375522405334
z 4312 296 6.542740948125501 1.8558648726965323
z 4312 358 2.4090239000956606 -0.9682791045133818
z 4312 651 3.7480342050615247 -1.6780715676733848
z 4312 837 8.351076818855674 0.5708638249737943
u 4313 1.0669689367252473 0.0026249228688950163
x 4313 158.86707956499782 -291.49249362237117 -1.4100725670750602
z 4313 180 4.202149372154169 -0.4075346822815802
z 4313 296 6.917707362043272 2.0018558858558633
z 4313 358 2.0084939321530864 -1.4243655811127418
z 4313 651 4.006615619263952 -1.9486237744659123
z 4313 837 7.474714070160274 0.6452902936716995
u 4314 1.0296576092815153 -0.011470521833114413
x 4314 158.99276028540166 -292.5580707447569 -1.4967125994453694
z 4314 172 8.39647919313595 -0.819123761450069
z 4314 180 3.2793162936021867 -0.5191660559861839
z 4314 296 7.412240279969609 2.1395313757434433
z 4314 358 2.113594876650288 -1.9152919951158403
z 4314 651 4.484737480691958 -2.152697478340448
z 4314 757 7.986093437389609 -1.061109220271394
z 4314 837 6.68484914225923 0.7502380659384693
u 4315 0.9920714610839121 0.005763773359395219
x 4315 159.04248315296385 -293.87456568378207 -1.5693776834734523
z 4315 172 7.755246985658554 -0.9187300133256837
z 4315 180 2.4694491001163863 -0.7266234503144604
z 4315 358 2.6228134245029007 -2.2846688324848605
z 4315 500 7.874862836106789 -0.31166591903679164
z 4315 757 7.554514222447746 -1.1819410934697174
z 4315 837 5.995219496181055 0.8571877383440016
u 4316 0.9767141941354938 -0.014379090787093545
x 4316 159.00539740694956 -294.7961756504336 -1.6526519217162496
z 4316 172 7.1985064500691225 -1.0118069828675882
z 4316 180 1.850333650656907 -1.0675042560145123
z 4316 500 6.949253145590666 -0.33943480019605365
z 4316 757 7.2340699685664935 -1.292450151520594
z 4316 837 5.412462711436908 1.0092721334656396
u 4317 1.0556808765997037 -0.004710855593307983
x 4317 158.90792343119142 -296.2558731100748 -1.6222964186535676
z 4317 172 6.696442294193837 -1.1409507183587184
z 4317 180 1.6266164218375236 -1.6666095379269255
z 4317 500 5.9632121197665935 -0.39330766842133924
z 4317 757 7.015336812689542 -1.4328399793315247
z 4317 837 4.9342729591613885 1.1963555495504554
u 4318 1.0036406809647822 0.0019436638690608682
x 4318 158.75554970838934 -297.4123442027485 -1.78130201766187
z 4318 172 6.345074426737381 -1.2872462090841346
z 4318 180 1.9921578005849363 -2.193813144149672
z 4318 487 8.492547328988316 0.842769752866174
z 4318 500 5.051312068343613 -0.47165066395785615
z 4318 757 6.94976906024971 -1.578336863816574
z 4318 837 4.660773040689011 1.3961177338869764
u 4319 1.0218176802712349 -0.011464399560376893
x 4319 158.53863748458872 -298.4286668054351 -1.7808378824334854
z 4319 172 6.132296507572515 -1.4361729927552496
z 4319 315 8.206983642340095 0.6636169685155107
z 4319 487 7.854524369068931 0.9519967711212782
z 4319 500 4.163796807826476 -0.5706569528085272
z 4319 757 7.026312917386812 -1.7128162640130267
z 4319 837 4.600582284096449 1.6283129036314996
u 4320 1.0143999629637104 0.0016404663091962109
x 4320 158.31371825890744 -299.5173834487802 -1.7682049683733594
z 4320 172 6.080654482008336 -1.603909108283303
z 4320 315 7.43361026425936 0.7460433573900778
z 4320 487 7.31221905208287 1.0635350684720768
z 4320 500 3.3557392372803316 -0.7365348559727583
z 4320 757 7.240673115621165 -1.8535757033173876
z 4320 837 4.76689262899882 1.8407633046753684
u 4321 0.9965556504990561 0.0022254627094758384
x 4321 158.12876551724696 -300.5752022970015 -1.7195752959286996
z 4321 172 6.1953364741252575 -1.7675967502356933
z 4321 315 6.734977215775305 0.8442968992692883
z 4321 487 6.882414938860633 1.1881351871918016
z 4321 500 2.7026596681423993 -0.9893650802050491
z 4321 757 7.580411442540217 -1.9823409634384284
z 4321 837 5.122508754637536 2.027210803855688
u 4322 1.0737524229961506 -0.000946434669439606
x 4322 158.01744337742036 -301.3486411519396 -1.7079167001139843
z 4322 172 6.490795698679518 -1.9296197587766688
z 4322 315 6.075406772320902 0.9777987766147298
z 4322 487 6.558075209374089 1.3415889592494583
z 4322 500 2.295072213380276 -1.3899746950522918
z 4322 757 8.069728825658279 -2.1036735720196553
u 4323 1.0384407193548284 -0.004219942042396993
x 4323 158.04816691552003 -302.6588756935029 -1.386786777732024
z 4323 172 6.922150346024166 -2.066440279208563
z 4323 315 5.5641279127365 1.1376332616683023
z 4323 487 6.404692358502672 1.5044477870474644
z 4323 500 2.340642911558074 -1.8371853844214474
u 4324 0.9751995290168999 0.008090418349774243
x 4324 158.17091291564162 -303.36548635663024 -1.4108166070737087
z 4324 315 5.226428964955161 1.2993967853192405
z 4324 487 6.410341923275374 1.648697846417953
z 4324 500 2.7657195265052743 -2.1919653597779565
z 4324 637 8.281384520572177 -0.9201993787448508
u 4325 1.0101311349409812 0.010657954723310398
x 4325 158.25807373396083 -304.39427005586737 -1.5617353249807768
z 4325 315 5.0449152125633745 1.4825589503363608
z 4325 487 6.56139204163314 1.7921944878330418
z 4325 637 7.716201036520541 -1.0356378573146259
u 4326 0.9699818038790765 0.00874691460232043
x 4326 158.33684991938438 -305.39739319168575 -1.4231171661019617
z 4326 315 5.048460001595789 1.6663088947697506
z 4326 487 6.836194748191777 1.922455142028105
z 4326 637 7.273451780291226 -1.1596497840899485
u 4327 1.0139812592880053 -0.0033364339867617485
x 4327 158.6835140833601 -306.7422423163427 -1.2139158750087258
z 4327 315 5.244853195333835 1.8632694367725025
z 4327 487 7.2497444713246235 2.057395599874555
z 4327 637 6.92918495989079 -1.2907599853849518
u 4328 1.005743917832256 0.006139757068978852
x 4328 159.00675852930166 -307.8415404653921 -1.355705410623045
z 4328 315 5.615224707314002 2.0296456359841493
z 4328 637 6.724131404406985 -1.4412725527095276
u 4329 1.1283965734180967 1.5707963267948966
x 4329 159.9182659883704 -308.1261654839169 0.7503775986407089
z 4329 637 7.387692246056646 -3.1212679718673684
u 4330 0.9606048159557543 -0.004004299451415826
x 4330 160.67055093991104 -307.49611778474616 0.6440210640636317
z 4330 637 8.348084551403097 -3.1198325837777503
u 4331 1.0391198521111833 0.0106873454339409
x 4331 161.52454501234627 -306.79333365921605 0.7331226236365902
u 4332 1.015153844255551 0.005359991006281515
x 4332 162.34778014677406 -306.1237738809424 0.6325069831278727
u 4333 0.9958631268535544 -0.015184552359936137
x 4333 163.2261919483539 -305.5483895490966 0.5272964787211856
z 4333 794 8.15060443440922 -0.845443144979547
u 4334 1.0514660227450767 0.01108967926634834
x 4334 164.27871288995865 -304.78021228664846 0.7336569333115666
z 4334 794 7.499232385736911 -0.9621568355201675
u 4335 1.004757345439608 0.008348661619649526
x 4335 164.98373374754908 -304.2774969516521 0.5052049951288327
z 4335 794 6.9773585597164125 -1.089270332428713
u 4336 1.0349970382586937 0.0070184018099441695
x 4336 165.9364710604548 -303.7839640935117 0.4507071078725655
z 4336 794 6.565870988098727 -1.2367131315284812
u 4337 1.060948982485272 0.002481731953060219
x 4337 166.89783401008208 -303.3517114898057 0.3943765884791919
z 4337 794 6.2995418845965325 -1.39904845489214
z 4337 841 7.868987808606976 -0.12956418863905306
u 4338 1.041273225692329 -0.012443638987229713
x 4338 167.85082427094443 -303.0360953253946 0.2452551917564998
z 4338 794 6.2004825884609565 -1.5526473950816135
z 4338 841 6.8368321582570655 -0.13585940018030307
u 4339 0.9868549495974777 0.0017250384803854065
x 4339 168.911209328685 -302.8082629856972 0.1780258971342601
z 4339 794 6.261655294209614 -1.7126112988952298
z 4339 841 5.860730209133538 -0.16053661853258827
u 4340 1.0126805639366723 0.0018712048532516735
x 4340 170.28977380735515 -302.70867172428694 -0.03379101008780605
z 4340 794 6.483678356386882 -1.8697055745301765
z 4340 841 4.863948702675144 -0.19588690123181074
u 4341 1.0447083909342436 0.016038651172183904
x 4341 171.33678498146946 -302.80056951624687 -0.14130337342799137
z 4341 794 6.8718592939800756 -2.0311770074161615
z 4341 841 3.846715785361485 -0.26694754205800786
u 4342 1.032410986479887 -0.006907181569921328
x 4342 172.43128137262016 -302.88998907775454 -0.02173307604814756
z 4342 794 7.385692922356822 -2.150045970641267
z 4342 841 2.8625968781185183 -0.3541135442279817
u 4343 1.046026126604116 0.013344508126790224
x 4343 173.77800337768855 -302.9386189815883 -0.050455220678390145
z 4343 841 1.9197679470546198 -0.5610075144790696
u 4344 0.9692330619328295 0.014895926265038098
x 4344 174.70915334079206 -302.99415461072755 -0.06868760637895654
z 4344 841 1.220156038883345 -1.017762001606811
u 4345 0.9885310236640601 -0.003968209629633235
x 4345 175.80647556734323 -303.14802498756626 -0.20994269465961546
z 4345 841 1.0930590271966927 -1.8904688489811834
u 4346 0.9922737535317401 -0.010626193091215855
x 4346 176.88432503644955 -303.5261817844818 -0.4649099672332473
z 4346 841 1.688228044501195 -2.472967007974821
u 4347 0.9845379016958494 -0.001958205208616998
x 4347 177.58443263547937 -303.9206407406444 -0.5612755436236347
u 4348 0.9779396621847661 -0.003366575653874862
x 4348 178.3135265578979 -304.32359724085353 -0.448523214417591
u 4349 0.9746985735269426 0.0030496011417242737
x 4349 179.13618350891142 -304.7859951573515 -0.575615453910669
u 4350 1.0405897451666064 0.01415090925202452
x 4350 179.8891203405468 -305.24012848089 -0.5098484372526455
u 4351 0.9407215545047087 -0.009792176021854228
x 4351 180.48878706648432 -305.53337082753177 -0.39978377167119783
u 4352 0.9561104167484757 0.004695204863672623
x 4352 181.47461384642008 -306.0295913290141 -0.5328716932698461
u 4353 1.0009147072283993 0.0004687091199003752
x 4353 182.23846481583493 -306.55603879955265 -0.6740123744108186
u 4354 0.9930542745514009 0.0041433813842542645
x 4354 182.9385721260184 -307.0957970501684 -0.6395561557309373
u 4355 0.9781186308554514 -0.003919872409136319
x 4355 184.0603037472991 -307.95099955376 -0.6632174137593028
u 4356 1.0304303257196468 -0.00988463528142971
x 4356 184.76790975595347 -308.53707873214375 -0.7202516658936822
u 4357 0.9666208240994059 0.0020217269214929125
x 4357 185.29339836604362 -309.0620059002994 -0.8494756710922946
u 4358 1.0161711886743316 0.00958061946042902
x 4358 186.0791305814002 -309.8894855205165 -0.7730659855585351
u 4359 0.9939109967621559 0.0062563077054964885
x 4359 186.7363199188738 -310.54555375651074 -0.7960229820257969
u 4360 1.0523369070632942 0.0218560080976037
x 4360 187.6727704233219 -311.2962782062428 -0.5554940553699748
u 4361 1.026912846151083 0.0032745651756907607
x 4361 188.42243309914298 -311.7942181250731 -0.6171177378193664
u 4362 1.0285621967864838 -0.00354417880362832
x 4362 189.56771115869265 -312.4788813754091 -0.4605034466024893
u 4363 0.9709260324131732 -0.0028784853561652068
x 4363 190.2863483523121 -312.849057546014 -0.4908190984914489
u 4364 0.9739810353816366 0.0019451428127749443
x 4364 190.90124375693208 -313.23988446049 -0.6415505008180951
u 4365 0.9586194560235147 0.00375026780859748
x 4365 191.7921542562774 -313.7915787180573 -0.46735373050986784
u 4366 1.0312363364924428 0.00021420377154849902
x 4366 192.5034576788907 -314.11082997145365 -0.37640015858456755
u 4367 1.000674731112168 -0.009881374274671959
x 4367 193.3265673053623 -314.45543712050784 -0.4165850186739606
z 4367 715 8.43635103011603 0.26541845705426637
u 4368 0.9887167039890715 -0.01454109013803962
x 4368 194.00827039649377 -314.90323104761325 -0.7458015867160812
z 4368 715 7.488911157493538 0.3155237300209297
u 4369 1.0262363149534688 -0.007898433970743154
x 4369 194.7126431424986 -315.5676972750339 -0.7667041460643023
z 4369 715 6.5225718635941226 0.37285613524411954
u 4370 1.0185808831592338 -0.00926517497760445
x 4370 195.19440959409212 -316.00437173712044 -0.7059784956129485
z 4370 715 5.588334845811346 0.44935376850432807
u 4371 0.9532773358506131 -0.004618847853682168
x 4371 195.88968548723298 -316.70198939020713 -0.8681802672357861
z 4371 715 4.7489124039945825 0.5416987311686423
u 4372 0.9789782396275629 -0.0017017205294890402
x 4372 196.57121155537536 -317.5255377665566 -0.8907835122575793
z 4372 715 3.943052954861672 0.6719459801116074
u 4373 1.0017253782811628 0.025546654142178327
x 4373 197.10096012889665 -318.0439511310328 -0.6583849214058359
z 4373 715 3.210376777713036 0.8386820318910333
u 4374 1.0041261561073 0.010168717798053842
x 4374 197.7511986256198 -318.4782040972421 -0.5192391047468914
z 4374 715 2.642130284159721 1.113730856170367
u 4375 0.9822154386176336 0.017385519437389432
x 4375 198.34125601205557 -318.8283117446067 -0.5517845099054521
z 4375 715 2.369524599049067 1.4757432255840826
u 4376 1.010170210765899 0.006903371881277975
x 4376 199.33187057218242 -319.5664460779481 -0.7289665443819651
z 4376 715 2.482797440228146 1.8857033929495488
u 4377 0.9509926273300797 0.009339168814340494
x 4377 199.80084398115628 -320.0029969507628 -0.7702498324428348
z 4377 349 7.600213857715865 0.1791008190474246
u 4378 0.9772513993758003 0.002808645842215558
x 4378 200.55803986533886 -320.65590544977164 -0.6529008748748462
z 4378 349 6.640598227051135 0.20230807282067476
u 4379 1.0462494789921606 0.009673766712327853
x 4379 201.37157278993107 -321.33784506890976 -0.7423586534691884
z 4379 349 5.618436508160911 0.22917630188146587
z 4379 512 7.6990507393752585 -0.31810391043190567
u 4380 0.9883237405958868 0.01740096855222027
x 4380 202.12712578255733 -321.84033943151286 -0.43143183108172334
z 4380 349 4.659064891298819 0.25818277747905327
z 4380 512 6.7704854417681295 -0.38238218737088037
u 4381 1.0562100880573573 0.0007071247389470157
x 4381 203.0162786212698 -322.2027093800127 -0.34255590348921316
z 4381 349 3.6477224985256838 0.3313738069531227
z 4381 512 5.804115089145446 -0.4511024599687934
u 4382 1.0056173545817821 0.004090796157747361
x 4382 203.67263382040554 -322.4261699820399 -0.3137399583117153
z 4382 84 8.138766544511562 -0.9957235259753672
z 4382 313 8.475094299207244 -1.5776917137438295
z 4382 349 2.7156922434234274 0.4473284671333748
z 4382 512 4.919730318223884 -0.5448011239466943
u 4383 0.9889445642547462 0.012129271009368867
x 4383 204.45330002695 -322.79471005702123 -0.5683930551062266
z 4383 84 7.651421478758085 -1.1169530776481693
z 4383 349 1.8698079345901306 0.663048882518217
z 4383 512 4.109812498859763 -0.6832168644190548
u 4384 1.0048256806509226 -0.0013272697275700236
x 4384 205.2698229175103 -323.3943001690323 -0.6983888761610424
z 4384 84 7.266585300752456 -1.2401894386268701
z 4384 349 1.2433447820624308 1.1855117842352776
z 4384 512 3.3898843293898278 -0.8699704928716825
u 4385 0.993675466132471 0.007525873033953753
x 4385 205.99532895758654 -324.0326064122999 -0.7447047436533483
z 4385 84 7.0110065189257496 -1.38234896419431
z 4385 349 1.2633450753295343 1.9930414823140552
z 4385 512 2.855493174874698 -1.1475800166882304
u 4386 0.9578142099805658 -0.0035459671459144864
x 4386 206.6812877766109 -324.6847031707867 -0.7754885513836554
z 4386 84 6.894363535353445 -1.5156509144482544
z 4386 349 1.8732697291008316 2.4813815284954126
z 4386 512 2.610724399984139 -1.484833231625747
z 4386 684 7.993589739887964 -0.2769359969526559
u 4387 1.0255666801059091 0.013640171808646514
x 4387 207.2336471324855 -325.19822377499787 -0.722463595000788
z 4387 84 6.921048299070373 -1.6778435455119194
z 4387 512 2.728422950222099 -1.8825499327932649
z 4387 525 8.034790362537827 1.0430511543020229
z 4387 684 7.014920759193965 -0.3315173628113808
u 4388 0.994600676169138 0.0013602238487150265
x 4388 208.1443172176535 -325.9972796043245 -0.717953818609053
z 4388 84 7.097210269511678 -1.8189857937861231
z 4388 512 3.178327571486543 -2.18627908174786
z 4388 525 7.582147869551408 1.155219052469782
z 4388 684 6.083350474589785 -0.3862222325552529
u 4389 1.0091167814661335 -0.0021499787866537164
x 4389 208.63287295896788 -326.40763697299593 -0.6792951345891307
z 4389 84 7.408941857762028 -1.9492877564252282
z 4389 525 7.234944518249663 1.2853850956689836
z 4389 684 5.162099341374084 -0.4575815542454178
u 4390 1.018123575464918 0.009188460511354178
x 4390 209.47200665298794 -327.0718173624186 -0.6597867266106472
z 4390 84 7.8465304603444155 -2.0791176683932844
z 4390 525 7.012006944910623 1.41578307031412
z 4390 684 4.274969112864763 -0.5731646870925684
u 4391 0.9842647061814215 0.001775605225696556
x 4391 210.6053331429546 -328.1049562348553 -0.8185859767349983
z 4391 84 8.370579417910102 -2.1837425711486116
z 4391 525 6.927753567188197 1.5548248813751915
z 4391 684 3.4896510515706627 -0.7287111600102953
u 4392 1.0450982098008401 0.005436901146332832
x 4392 211.31184933882912 -328.8920037773658 -0.8599438720092976
z 4392 525 6.9868001707175305 1.6995066820475841
z 4392 684 2.800270388176482 -0.9860864857044618
u 4393 1.1194474478214282 1.5707963267948966
x 4393 212.71889644140776 -329.3890641660619 0.18078292789747374
z 4393 525 6.4213150771380745 0.25334397256842456
z 4393 684 3.159508622756072 -2.874800566530877
u 4394 0.9905444046961522 -0.01238852471069781
x 4394 213.4914675868445 -329.15830325294115 0.3997300178606147
z 4394 525 5.469861698153378 0.3122231827464077
z 4394 684 4.122027251970081 -2.927245326246097
u 4395 0.9727110067039153 0.00784281818131433
x 4395 214.4551412321129 -328.826279404611 0.2638743229864273
z 4395 525 4.552594298086 0.36925913808960953
z 4395 684 5.077346587200977 -2.975114987824171
u 4396 0.9916814153079856 0.011902437322432525
x 4396 215.0965079482902 -328.6156041073025 0.37087573458123746
z 4396 228 8.258633645826293 0.7904556923354615
z 4396 525 3.642735667087902 0.4542514542965388
u 4397 1.03451736831721 -0.006191671521355417
x 4397 215.84252451868355 -328.26509287409215 0.5075900883057605
z 4397 228 7.569119484012569 0.8942313310413708
u 4398 1.0490195973511716 0.013707981807868419
x 4398 216.51921086343106 -327.9539723932396 0.35430867296826607
z 4398 228 6.954457986998666 0.9977559029991596
u 4399 0.9955660089988633 0.0026744493644808806
x 4399 217.54011888418373 -327.60384373990547 0.30646666866572403
z 4399 228 6.4677863054579765 1.1246701174657066
u 4400 1.0224797421199436 -2.448593094925462e-05
x 4400 218.5519150617334 -327.172767524522 0.49905343202314967
z 4400 228 6.096805552095736 1.2765718398695913
u 4401 1.027128001071071 -0.01048207077514926
x 4401 219.17409095621986 -326.869696294394 0.40751977228707137
z 4401 228 5.8870076063476455 1.4550816787079377
z 4401 647 7.727455416145186 -0.532649691729095
u 4402 1.032236242148367 -0.007145902123957045
x 4402 220.05656259258282 -326.4851029462875 0.41446881322667206
z 4402 228 5.861936709072436 1.6381179902154859
z 4402 647 6.856179667381084 -0.601567865772795
z 4402 738 7.619471443931649 0.054161126909730406
u 4403 0.9528422490840521 -0.015749409327886373
x 4403 220.85064867647458 -326.1177351761256 0.4521451274474044
z 4403 228 6.0091106032072545 1.8126503051953087
z 4403 647 6.089769068013274 -0.6734609007246477
z 4403 738 6.668733551160071 0.07876868243791124
u 4404 0.9844554774357022 -0.00014795479726602262
x 4404 221.64052185244608 -325.83425443359107 0.2370071261440061
z 4404 228 6.317679158282545 1.9646689224915033
z 4404 647 5.3555133459512225 -0.788203099960759
z 4404 738 5.6878647716332855 0.09254901152130479
u 4405 1.0359068426073108 0.0021558999871713063
x 4405 222.6376513432597 -325.5900270742896 0.24339616448502133
z 4405 228 6.782056569860163 2.104095425872197
z 4405 647 4.683946882550747 -0.948001649793524
z 4405 738 4.657250152848181 0.11071194943507834
u 4406 1.0153633242443747 -0.0016325773853820506
x 4406 223.41573952308738 -325.3980682211583 0.24035549128345224
z 4406 647 4.173212672693537 -1.1451851533444544
z 4406 738 3.649945062754779 0.14331077873046372
u 4407 1.0098915478767156 -0.000571882082306657
x 4407 224.08248649468902 -325.24962335200433 0.19777948953800895
z 4407 647 3.866943478693536 -1.3847447271028126
z 4407 738 2.654384770149913 0.19835507427291965
u 4408 1.003710496802011 0.010796821463301414
x 4408 224.95938269036998 -325.0745677953046 0.19630172813477165
z 4408 647 3.816538141146061 -1.6572267655981796
z 4408 738 1.6803658128123855 0.30235199984654937
u 4409 0.999033871298608 0.005000056903393352
x 4409 225.90581883781022 -324.88504735495786 0.19896323352718337
z 4409 647 4.030048754642079 -1.9117236044881736
z 4409 738 0.783597277077201 0.6834620073216908
u 4410 1.0301047318629848 -0.010237870951423048
x 4410 226.81932600327812 -324.7010388693645 0.19857867957671926
z 4410 647 4.476428423329589 -2.120495560777882
z 4410 738 0.6546752817955545 2.282510833793731
u 4411 0.9745048336253377 -0.0123540523528679
x 4411 227.96046611594102 -324.27626127640895 0.5141182033764959
z 4411 738 1.4891512817555466 2.8102723128341456
u 4412 0.9646812503077772 0.001366292973384041
x 4412 228.87811570524698 -323.8966561795461 0.2703537074567177
u 4413 1.027592800703602 -0.01166422658576831
x 4413 229.77982169169476 -323.59635419078006 0.37261501641558725
u 4414 0.9880606329140879 0.01241055509216788
x 4414 230.69522667595007 -323.2681791411722 0.31584364303998624
u 4415 1.0093807728998874 -0.004193477332544971
x 4415 231.50594827822084 -322.9350413187279 0.4639172901144315
u 4416 0.9536970956933217 0.002027465221981124
x 4416 232.53053592741526 -322.39332031317747 0.5088017774050311
u 4417 1.0240517585790803 -0.009354723626295885
x 4417 233.49449516827508 -322.0059665178671 0.25537497054405556
u 4418 0.9893471614169072 0.0011421938037939725
x 4418 234.37556273482178 -321.7397085582033 0.3315714968082326
z 4418 219 8.49244827874617 1.2410469160336408
u 4419 0.9586721682731034 -0.0007592896764838977
x 4419 234.95217126470152 -321.54391951985923 0.32310367875096757
z 4419 219 8.232500465795978 1.352220517897484
z 4419 425 7.8559434650779805 0.40463272396835714
u 4420 0.9862063699594673 -0.00770531858473083
x 4420 235.85268482383432 -321.30784689976025 0.18966426565002337
z 4420 219 8.080021717228643 1.4794619874669976
z 4420 423 8.214508394784879 -0.7730237299914928
z 4420 425 6.961911068723935 0.4686367693135547
u 4421 0.9950348007291724 0.009442515215292328
x 4421 237.17405578016948 -321.0909256022979 0.135760707571428
z 4421 219 8.045785377646586 1.5934335197712803
z 4421 423 7.537954866943099 -0.8752221911911438
z 4421 425 6.088348686556936 0.5323877684193405
z 4421 660 8.174106819889065 -0.07783339798195188
u 4422 0.9901189046009836 -0.0015679165770627619
x 4422 238.43653522385654 -320.910938578443 0.14746332759267222
z 4422 219 8.129460162209305 1.7170648383661078
z 4422 423 6.944533201611912 -0.983254945566856
z 4422 425 5.259789090524955 0.6297800741928032
z 4422 660 7.187329621879564 -0.08686942911899997
u 4423 0.9645174720859093 0.021772582341413802
x 4423 239.46359686151516 -320.80544987360435 0.05723732785854674
z 4423 219 8.314741378490723 1.8104840352879918
z 4423 423 6.469389536602446 -1.130333035047804
z 4423 425 4.509037195751996 0.7324209453807042
z 4423 660 6.2281474346014685 -0.12375705607430776
u 4424 1.0022940813364858 -0.004080242302902596
x 4424 240.70750751595847 -320.71467625601395 0.08845319916095828
z 4424 423 6.107737832414555 -1.275098109825276
z 4424 425 3.8245934955313103 0.9130497624113962
z 4424 660 5.234684145961787 -0.14292674331793753
u 4425 0.9716109244394077 -0.0023686780959505174
x 4425 241.46482177174198 -320.6843565873055 -0.008424374654683486
z 4425 423 5.897153245112996 -1.4309401960862034
z 4425 425 3.3219045229128787 1.1492194901839365
z 4425 660 4.275021419334149 -0.17267049946994018
u 4426 1.0281365604511816 0.01762155850733097
x 4426 242.62696480227135 -320.6566411094524 0.056112524003687714
z 4426 423 5.852259563664579 -1.6236280326946417
z 4426 425 3.040095426213486 1.4440012142254393
z 4426 469 8.16642146989045 0.20868786918448246
z 4426 660 3.2690534282667536 -0.2470859882295975
u 4427 0.9938877644835742 0.00040009357326071924
x 4427 243.58127588426228 -320.6299961815912 -0.00028584896369299173
z 4427 423 5.987769449207364 -1.7905496080075922
z 4427 425 3.076462097979686 1.7698164810871129
z 4427 469 7.196996966586619 0.23687520074494817
z 4427 660 2.3181998277250093 -0.3526220145800969
u 4428 1.0170005785396161 0.007895065260394516
x 4428 244.3831604843616 -320.68286914768186 -0.1313953003917505
z 4428 423 6.292016825746756 -1.9567102242816752
z 4428 425 3.422257431200405 2.05775297432434
z 4428 469 6.211900537252141 0.26677961556378404
z 4428 660 1.4105722461055017 -0.6149197250273852
u 4429 0.9876766284546317 0.012563435179238726
x 4429 245.22208227573347 -320.77779688915047 -0.0939550894125949
z 4429 423 6.731679616661295 -2.1052720953813697
z 4429 469 5.2637031774202825 0.30256334265232665
z 4429 660 0.8362981462871658 -1.3853287473550884
u 4430 0.996019724808479 -0.02134535763384167
x 4430 246.33471571718246 -320.9812775766226 -0.2678111775391798
z 4430 469 4.327064088723064 0.3948954950192469
z 4430 660 1.169081597824641 -2.353237079319083
u 4431 0.9587944747471175 -0.0034622908047497974
x 4431 247.05602385661024 -321.2248374272698 -0.3834751245381871
z 4431 469 3.4625691847886335 0.5055327828918754
u 4432 1.0438553131693005 0.007238971829236651
x 4432 247.90402182540308 -321.3954873967098 -0.013697452794687148
z 4432 469 2.5964908537484375 0.6929360143011754
u 4433 1.0234184997667775 0.008609844266729028
x 4433 248.8457709029466 -321.3682375983713 0.07155192342551286
z 4433 196 8.340373252112611 0.4552638655721051
z 4433 469 1.9198099389932313 1.0299281537232776
u 4434 0.9705825477160374 0.008616646618400397
x 4434 249.64791177686695 -321.39411492628744 -0.13605021110869364
z 4434 196 7.478793719791545 0.5032378185797266
z 4434 469 1.6416961590002317 1.5512748617439316
z 4434 645 7.978721355207698 -0.8741365785229331
z 4434 671 7.6026286301368495 -0.27391675705357255
u 4435 1.0148524556646 0.007173146620105006
x 4435 250.99521239931974 -321.6388957534569 -0.22339393239363403
z 4435 196 6.605928319092292 0.5697370781846081
z 4435 469 1.9099986215535791 2.104110632488812
z 4435 645 7.371786302674077 -0.9874138741106391
z 4435 671 6.632433846372022 -0.3230209895416025
u 4436 1.0194043678659015 -0.005307871208269492
x 4436 252.00946817649242 -321.95562054980167 -0.38196235242290966
z 4436 196 5.775463951605668 0.6707944332816735
z 4436 363 8.378205177629413 -0.8979672270928498
z 4436 645 6.860763348090705 -1.1062159772054696
z 4436 671 5.673986853976122 -0.3743217848234033
u 4437 1.0099705116885929 0.007268755809149115
x 4437 252.6672973943084 -322.2013258052019 -0.3329636770080775
z 4437 196 5.021091883742488 0.7883093252195543
z 4437 363 7.79203582669797 -1.0070720956769001
z 4437 394 8.482895938575615 0.7018742390556243
z 4437 645 6.475028685201512 -1.253642943544582
z 4437 671 4.7499456878385535 -0.46013536773077934
u 4438 0.9877317138473068 -0.0023380040368245823
x 4438 253.46849624507985 -322.51721158608956 -0.41814404525549964
z 4438 196 4.3819943008492315 0.9513741487923699
z 4438 363 7.311035043689232 -1.1190960855172944
z 4438 394 7.755713670723345 0.786646181857888
z 4438 645 6.23685077795021 -1.4022919579114832
z 4438 671 3.8891296319129682 -0.5705513957773851
u 4439 1.0154480724697132 -0.01629339037191618
x 4439 254.36495074241054 -323.0119974170613 -0.5905132407332205
z 4439 92 7.780354743730667 -0.08720794416568678
z 4439 196 3.8891619027809705 1.1831453657227815
z 4439 363 6.9204576596955025 -1.2346720584432618
z 4439 394 7.081650952915598 0.9054590542681993
z 4439 645 6.140320103205751 -1.5495248069089929
z 4439 671 3.078091645278845 -0.7310835638634643
z 4439 696 7.863202216823066 0.8491471261346453
u 4440 1.0020980576876097 -0.010906870144509185
x 4440 255.49018929395194 -323.70511283981443 -0.5136485631661323
z 4440 92 6.7821024172417905 -0.08836759523078364
z 4440 196 3.6363020409058633 1.4526202208443415
z 4440 363 6.652132953849655 -1.3661855286196611
z 4440 394 6.515622634749053 1.0381775280339607
z 4440 645 6.195068536559881 -1.7010298190193316
z 4440 671 2.4215435327721346 -0.9983676007299351
z 4440 696 7.244848671001993 0.964578709193205
u 4441 1.0352189032022772 -0.0047078508682196415
x 4441 256.4256483797062 -324.3373848362955 -0.6750797928103105
z 4441 92 5.751399184655632 -0.09912323101992149
z 4441 196 3.6639218152466158 1.7418000248146264
z 4441 363 6.518617068945545 -1.5175306005768456
z 4441 394 6.058233779885872 1.1908362783505995
z 4441 645 6.409861914099672 -1.8572002266166496
z 4441 671 2.0517958396597353 -1.430929525499435
z 4441 696 6.711341523612964 1.0965999739278232
u 4442 0.9941941970381525 -0.0021820201543288655
x 4442 257.3638939305275 -325.03967892409923 -0.6100246677166212
z 4442 92 4.7629727091411365 -0.11737252311857738
z 4442 196 3.95731304152642 1.99410020880587
z 4442 363 6.540381494160272 -1.6677215700197663
z 4442 394 5.7649909540632125 1.353935768120765
z 4442 645 6.757367257791619 -1.9966710461525832
z 4442 671 2.150608155494065 -1.9041541716118517
z 4442 696 6.3205976502489065 1.2392602979554672
u 4443 1.024825932874956 -0.011510491935400225
x 4443 258.1913268085508 -325.68865362997457 -0.720192292367948
z 4443 92 3.7462691334483544 -0.13633713823090732
z 4443 363 6.71173058144176 -1.80885998953696
z 4443 394 5.639983139284872 1.5440669410397252
z 4443 645 7.236113109268549 -2.114833707635573
z 4443 671 2.663408269092455 -2.2655396767041456
z 4443 696 6.07074926429161 1.4113940262728146
u 4444 1.0060140718408739 -0.0031037168329330735
x 4444 258.8910607234572 -326.4002099807453 -0.8673577237533072
z 4444 80 8.485725461279237 -1.200256839011647
z 4444 92 2.752701299734974 -0.18236335886062882
z 4444 363 7.015953013714131 -1.945609388022532
z 4444 394 5.704015598268431 1.7244106486682913
z 4444 696 5.995497533250874 1.5809743915443253
u 4445 0.9622654204933414 -0.0071009979869780466
x 4445 259.55853565999166 -327.11749711248336 -0.7753509235821716
z 4445 80 8.183258502309782 -1.302832452686176
z 4445 92 1.813873215916259 -0.2697588113149245
z 4445 363 7.41944135606661 -2.059663321681689
z 4445 394 5.931267368766377 1.8924415473435605
z 4445 696 6.085256240884218 1.746857139663068
u 4446 0.9427351432189588 0.012114429471998336
x 4446 260.0505990535322 -327.6954923346114 -0.9557129134064994
z 4446 80 7.991213288503614 -1.42914263108585
z 4446 92 0.9424201313026158 -0.5577821418748075
z 4446 394 6.28805614331038 2.0233337406987815
z 4446 696 6.313496377754296 1.8824463134717533
u 4447 1.0044957054887889 0.007080447914716483
x 4447 260.7175224761427 -328.6415671465906 -0.9578159250773326
z 4447 80 7.915695311434608 -1.5622469758868227
z 4447 92 0.5425659839732322 -1.965151131279954
z 4447 696 6.686978915506124 2.0190016971162503
u 4448 1.0105390959544804 -0.00783180830789733
x 4448 261.3418213893577 -329.4520390829406 -0.8710544760982843
z 4448 80 7.9674337054340345 -1.6815811501214775
z 4448 92 1.3163998194449003 -2.7466468819750576
z 4448 696 7.186179537269279 2.1536661164793873
u 4449 1.0153716021726942 0.01061859482672398
x 4449 261.8995373571569 -330.1994777763748 -0.9884480015546235
z 4449 80 8.147706751026867 -1.8162991266266038
u 4450 0.9755525865462836 0.0020885371617501984
x 4450 262.42293917524006 -330.993764435668 -0.9878505179756969
z 4450 80 8.438993286186035 -1.9307287264938116
u 4451 1.005610582025816 -0.006751950953131118
x 4451 262.9957603126922 -331.9062304253358 -1.032560928014707
u 4452 1.02592821097947 -0.004178250182227535
x 4452 263.4441122291891 -332.61108806809847 -0.9759648509238907
u 4453 1.0925478190541078 1.5707963267948966
x 4453 264.39843136811055 -332.64151502938273 0.9122195981577992
u 4454 0.9898565973072216 0.01368706065087737
x 4454 264.9255830989917 -331.8067608695331 1.1028457360514619
u 4455 1.0069455785878403 0.003036655257887976
x 4455 265.3210745234889 -330.9746690891021 1.1513642821765728
z 4455 568 8.408209116051614 -0.32949947426195125
u 4456 1.0644257816204574 -0.007270894267906683
x 4456 265.7780165739788 -329.76121140234636 1.2699495932961256
z 4456 461 8.195214766640703 0.5507497001631565
z 4456 568 7.407642932686842 -0.36824476393658623
u 4457 1.0206561525983529 0.003424606489447249
x 4457 265.9894095407663 -329.1688969212547 1.1860381763467682
z 4457 461 7.343909247818582 0.6199177576082437
z 4457 568 6.466581061010518 -0.4287698065886776
u 4458 1.0098189156821755 -0.0022599773606309594
x 4458 266.2257936505054 -328.10937424515816 1.5165356829112797
z 4458 461 6.549068644447166 0.712021382078742
z 4458 568 5.563484487233491 -0.5018570151952351
u 4459 1.0465595808018686 0.005920199470181678
x 4459 266.1817464048337 -327.1426410577651 1.716119952023747
z 4459 278 7.708779331521306 0.3195588770031206
z 4459 461 5.794963818181798 0.8239650506764677
z 4459 568 4.6749534583162955 -0.6162615569158985
u 4460 1.0339266500977882 -0.00045195493935442163
x 4460 266.05985014355724 -326.04865587002524 1.6474053696210804
z 4460 278 6.735116859341749 0.36828822430720454
z 4460 461 5.149004972029889 0.972343751462077
z 4460 568 3.877386899616344 -0.7705004454166664
u 4461 1.061332125115122 -0.0006195769231897545
x 4461 265.97248191423387 -325.0216838243521 1.6639258154628944
z 4461 278 5.757783712638108 0.4353722823277648
z 4461 461 4.6350966130226245 1.163334068173274
z 4461 568 3.2020247316319335 -1.0027641810144745
u 4462 0.9866293312581225 -0.00258051162767946
x 4462 265.84109583086786 -324.0471747725939 1.7456963186515875
z 4462 278 4.881597663773638 0.5235338946777821
z 4462 461 4.340958051352472 1.3762540529524738
z 4462 568 2.796494575845509 -1.3018999126339719
u 4463 1.0273330063486623 0.007384109525587034
x 4463 265.7915669299042 -322.86740278604896 1.4798105735536806
z 4463 278 4.022482258481858 0.6433593333585144
z 4463 461 4.259435535931554 1.6075969221798
z 4463 568 2.7147312645469435 -1.6831293851848663
u 4464 1.0146204643469092 0.015347761978307707
x 4464 265.93107146374535 -321.65159387215016 1.4332970020386764
z 4464 278 3.2621643442750337 0.8137414123205833
z 4464 461 4.407260141047913 1.8244458261892538
z 4464 568 3.009768703400036 -2.0397441275601977
u 4465 1.0344949881242687 -0.012819282792789585
x 4465 266.1465933061251 -320.6460054269363 1.2860355773123526
z 4465 278 2.6660991391785913 1.114248617501481
z 4465 461 4.778997917252986 2.0480083387853574
u 4466 0.9921575788262004 0.0036472728488188442
x 4466 266.42073550747716 -319.9161443193482 1.1369485928473786
z 4466 278 2.3982348857531615 1.4906851129427787
u 4467 1.0430215849067739 -0.010338381152272987
x 4467 266.97071433599905 -318.9513046152853 0.9684754044088137
z 4467 278 2.5426061145942964 1.9224518882948267
u 4468 0.9913873876365961 0.0073902794838881
x 4468 267.43136967976363 -318.21274223623834 1.0577621035581597
z 4468 278 3.0276581882171634 2.2279617735085004
u 4469 0.9675582892590616 -0.003925721161388889
x 4469 267.7407857271705 -317.7504303917208 0.9042113158786522
u 4470 1.0610444484169823 -0.0013148503489974804
x 4470 268.26717833416535 -316.9675196735028 1.05352297894387
u 4471 0.9619265629420847 -0.004579949351215453
x 4471 268.7809599328365 -316.08337840884246 1.0352446367743031
u 4472 0.9612497383582558 -0.008133910465917629
x 4472 269.30939350929805 -314.9272621568291 1.2489017293236202
u 4473 1.0556394137919674 0.00048337470775904566
x 4473 269.6401631029468 -314.13028161869124 1.1059020696490283
z 4473 86 7.920773753585901 -0.42021094034662854
u 4474 1.0029309681500118 0.015647954723837232
x 4474 269.9610876451733 -313.40411412434776 1.2034236983049746
z 4474 86 7.020686480803066 -0.49518934544799986
z 4474 582 8.255922207258426 -1.1960054073786541
u 4475 1.0170352213101126 -0.0011864936587796203
x 4475 270.4304133556434 -312.5012314843522 0.9794325031170388
z 4475 86 6.144526464731171 -0.5726517826703632
z 4475 252 7.772337766474579 0.06228414215049227
z 4475 582 7.9396315136907205 -1.3142791277046857
u 4476 1.006907459588447 -0.0025113245068987874
x 4476 270.99942170864534 -311.6845554997788 0.9450948419001834
z 4476 86 5.325483218641454 -0.6725716851925085
z 4476 252 6.7677644937924155 0.0742426919207162
z 4476 582 7.744390679533687 -1.4378232233877606
u 4477 1.021587436596034 -0.006802503813820999
x 4477 271.80477659496034 -310.68751505395204 0.8376058765778649
z 4477 86 4.568385099154345 -0.804937848090475
z 4477 252 5.7498028822428955 0.09482701764912749
z 4477 582 7.672551032082155 -1.5633181669029408
u 4478 1.1479647465038703 -1.5707963267948966
x 4478 272.82456605920993 -310.7929682243453 -1.043687029995111
z 4478 86 3.5351086783703014 0.7601461501362525
z 4478 252 5.1534272304557955 1.8208481251641668
z 4478 582 6.974110336047539 -0.09671370026596326
u 4479 0.9597315514008363 0.0049660707989707484
x 4479 273.6149270154588 -311.93308186045823 -0.8855698979089532
z 4479 86 2.9135524611930954 0.9835331484212251
z 4479 252 5.468350516768406 1.9868694253988304
z 4479 360 7.6217347348786975 -0.42375904379761486
z 4479 582 6.019848148738439 -0.11746921153435075
u 4480 0.9875997797728412 -0.013400852868246894
x 4480 274.4035677995222 -312.80867965069854 -0.789632135159489
z 4480 86 2.5115030679451014 1.3319654797247402
z 4480 252 5.94220112057393 2.1524232865636685
z 4480 360 6.730693607714721 -0.46982945778485163
z 4480 582 5.0394909357756195 -0.12573312239848455
u 4481 0.9923449204115703 0.0007423482106692274
x 4481 274.83133682028677 -313.37325584287623 -1.055161988532034
z 4481 86 2.472128293234584 1.731837227833596
z 4481 252 6.539875012737702 2.2788416601172274
z 4481 360 5.863303462942921 -0.5473269415815567
z 4481 582 4.0569461065511305 -0.15724424213279242
u 4482 1.0453342647926156 -0.01775178486390705
x 4482 275.33420147074224 -314.1779180157982 -0.9693199873753224
z 4482 86 2.8421963683841294 2.120526835416732
z 4482 252 7.269554879402717 2.4052036302266133
z 4482 360 4.994739838774246 -0.6371046653751451
z 4482 582 3.0270565028460825 -0.1905622957664459
u 4483 1.00836158437952 -0.006401768437694473
x 4483 275.86117303084245 -315.2245692774145 -1.2394117405588054
z 4483 252 8.047157093091705 2.4955642686147304
z 4483 360 4.2247119575761385 -0.7725477382840036
z 4483 582 2.044987548581468 -0.2761363357102278
u 4484 0.9586703317038685 0.006785656557146456
x 4484 276.37350593087217 -316.15899642102323 -0.8991289502147568
z 4484 360 3.603556464151435 -0.9667556755357096
u 4485 0.953472408031999 0.024497590453025707
x 4485 277.0603974270651 -316.9096214295367 -0.7602810400281594
z 4485 330 7.713935358589547 0.5931152323251521
z 4485 360 3.1719649089820883 -1.2433853092236455
u 4486 0.9760367751997836 0.0010710580495927025
x 4486 277.4818218903187 -317.22789549574105 -0.5334038325276862
z 4486 330 6.925796378399422 0.6708341906403543
z 4486 360 3.004309712206029 -1.5572065741993932
u 4487 1.0169540385859552 0.0009619761802787849
x 4487 278.33353830967667 -317.7234667247153 -0.5205302170758657
z 4487 212 8.478960632579309 0.2832390811603247
z 4487 330 6.16138702926767 0.7725939137951081
z 4487 360 3.159109622850366 -1.8858871980076277
u 4488 0.9578655872880865 0.0011089471484310631
x 4488 278.8700421499619 -317.9977532398589 -0.4246807126021741
z 4488 212 7.563833100223638 0.31746110090921675
z 4488 330 5.515711182696375 0.8929290275323458
z 4488 360 3.5743815881229946 -2.14457653552628
z 4488 507 8.457745140955112 0.07360449358595211
u 4489 0.9967694171523291 0.002145726435880311
x 4489 279.5092892593782 -318.2846801230075 -0.41911576519132954
z 4489 212 6.623802404076097 0.36215317191991225
z 4489 330 4.950920422553232 1.0481144331935397
z 4489 507 7.463946223920477 0.0811366303659069
u 4490 0.9763744759950249 0.0018251985782792646
x 4490 280.35013501368667 -318.6734915072419 -0.4471282487597166
z 4490 212 5.720861480176267 0.42068505201959416
z 4490 330 4.54213651033913 1.2335422622981067
z 4490 507 6.4911837178561305 0.09136571827812867
u 4491 1.0261821462725802 -0.004642804940719356
x 4491 281.34120021191325 -319.2540918730232 -0.61274916791543
z 4491 212 4.80363530278674 0.5131349097148648
z 4491 330 4.315069214494014 1.464716240530663
z 4491 507 5.470345152448584 0.11355847853564205
u 4492 0.9692472340329461 -0.0029456141660465316
x 4492 282.1644285717402 -319.75371614421306 -0.4782184023011342
z 4492 212 3.9885519243086844 0.635974100323125
z 4492 330 4.322712650443106 1.692548879265244
z 4492 507 4.508876459311861 0.14117970416109582
u 4493 1.056923700397487 0.0038520698466946337
x 4493 283.14451324148075 -320.3486783485772 -0.612958699246251
z 4493 212 3.19893212119239 0.8291256463602954
z 4493 330 4.571130424125992 1.9203213979611977
z 4493 507 3.465291388479159 0.1796758927376394
u 4494 1.0435165412050713 0.005365829859954908
x 4494 283.94658598035613 -320.91291181495785 -0.6131422856544155
z 4494 212 2.6074780647179767 1.1225437405434864
z 4494 330 5.022660370360373 2.111610104094101
z 4494 507 2.444991490039376 0.24952727451657974
u 4495 0.9946970890204577 -0.0035584125226255287
x 4495 284.36599281491294 -321.20400756006313 -0.6003214201773792
z 4495 148 8.332492373365637 0.6977018023669488
z 4495 212 2.355536733250567 1.5168569146587298
z 4495 507 1.5020463060281997 0.4185150916364009
u 4496 1.0098343166248416 0.011280397111331768
x 4496 285.251698792109 -321.93080186384776 -0.7740095807060783
z 4496 148 7.582424589760697 0.7715097795027415
z 4496 212 2.506996757380308 1.919374380216965
z 4496 507 0.705116810947645 1.0193985354841244
u 4497 0.9791071509425854 0.0015197645890801486
x 4497 285.9806630384389 -322.8278113931977 -1.002756577770016
z 4497 148 6.913755996629908 0.8688117466971867
z 4497 507 0.8553311990733274 2.362811011527005
u 4498 0.9857097971968587 0.00378283409601846
x 4498 286.648061229245 -323.69589859024023 -0.8279677321455261
z 4498 148 6.3206548716255595 0.9841979819298103
u 4499 0.9558896632337965 -0.015744913645603254
x 4499 287.33762922760513 -324.57799085325627 -0.9866088394671375
z 4499 148 5.852792548092444 1.1370977560042386
u 4500 0.9966465794646169 -0.001846217913422459
x 4500 287.87682137593373 -325.2119583078677 -0.745410100126914
z 4500 148 5.509602478387238 1.3039064030187646
u 4501 1.054014586350399 0.015047421823114105
x 4501 288.92703995580194 -326.0847887379912 -0.6414204706462856
z 4501 148 5.321595097894416 1.4806844115198974
z 4501 262 7.808362816625188 -0.8507447497826104
z 4501 470 7.994524396671158 0.392022876348999
z 4501 517 7.709854691784642 0.265481876845862
u 4502 0.9725751793534637 0.009453978962216192
x 4502 290.05487989826656 -326.72596087214333 -0.39244427237654333
z 4502 148 5.318368006475587 1.654299808117547
z 4502 262 7.207977158492318 -0.9622316036991365
z 4502 470 7.103491287163467 0.4343026884304959
z 4502 517 6.774801866581516 0.2930468322239346
u 4503 1.014226668778753 0.011207055320932066
x 4503 290.6632021466556 -326.96424143751625 -0.35421941981113836
z 4503 39 8.034249272007193 -0.9012630770584722
z 4503 148 5.491194641748364 1.8282890226306634
z 4503 262 6.685227190345953 -1.0987242983186718
z 4503 470 6.195411234957902 0.4911985788403892
z 4503 517 5.809312265934755 0.33135521791260025
u 4504 0.9702272742937185 0.006372206616405515
x 4504 291.6704123561129 -327.29485983680144 -0.280120732210587
z 4504 39 7.473552462373402 -1.0098637308624347
z 4504 148 5.811641827540314 1.9842041347951218
z 4504 262 6.306463849268678 -1.242772981534362
z 4504 470 5.357790807927785 0.5698351633212315
z 4504 517 4.900850659678647 0.3888344557552341
u 4505 0.9933420447467538 0.004423296214053833
x 4505 292.73438746215055 -327.58781398109295 -0.257242494831349
z 4505 16 8.056324324901524 0.4251078748338202
z 4505 39 6.997855562295711 -1.134943243685358
z 4505 262 6.062010894569159 -1.4030693778011893
z 4505 470 4.551663122412675 0.6830134520717248
z 4505 517 3.998411933383683 0.4782238658292082
u 4506 0.9907695359587494 -0.004389766735977462
x 4506 293.73504875603055 -327.86105976166965 -0.275890621977422
z 4506 16 7.166410617174225 0.4868229863444218
z 4506 39 6.638509694679839 -1.2661224537088496
z 4506 237 8.499247837712097 1.0411395581076501
z 4506 262 5.974804483176576 -1.562852357147428
z 4506 470 3.8361097538374866 0.851584700798707
z 4506 517 3.1532189646115953 0.628340584171668
u 4507 0.9895417953811589 -0.007071692230533815
x 4507 294.96944004296796 -328.13225857494075 -0.15664236165604262
z 4507 16 6.310704454281927 0.5678073252167932
z 4507 39 6.4080811109688725 -1.4067310020576165
z 4507 237 8.047940454950384 1.1547399438053931
z 4507 262 6.044976104220337 -1.7202059888505885
z 4507 470 3.2731680208801284 1.0888281694591484
z 4507 517 2.426193357972014 0.8787102084191583
u 4508 1.0523454615077508 -0.007437167572835665
x 4508 296.360731866217 -328.25435827934274 -0.018429007420846855
z 4508 16 5.455382120612672 0.679777458533084
z 4508 39 6.31811921071454 -1.5642616569771666
z 4508 237 7.686915748727531 1.2879347590846209
z 4508 262 6.284600755532455 -1.8792101370277856
z 4508 470 2.941183937833631 1.4195172408435761
z 4508 517 1.9364595806491554 1.3192483383673999
u 4509 0.9901046999015123 0.0008721819400856292
x 4509 297.19050196552973 -328.27744224488544 -0.03719607030101946
z 4509 16 4.726210719279323 0.8109082654356468
z 4509 39 6.389259546843119 -1.7207218481749176
z 4509 237 7.470887457460086 1.4146541442346976
z 4509 262 6.652765007003139 -2.0223458653791337
z 4509 470 2.958148512853587 1.7558593228063524
z 4509 517 1.9427092272084372 1.8345504904536316
u 4510 0.979525754850171 -0.0018453589551735376
x 4510 297.9950528334108 -328.31424546020145 -0.05422780052893028
z 4510 16 4.113980793564361 0.9863753431267543
z 4510 39 6.606077965284219 -1.8660405712632655
z 4510 237 7.383154584277675 1.5479530885511608
z 4510 262 7.134077424286233 -2.1444134089440414
z 4510 470 3.283554116669909 2.0552434961686394
z 4510 517 2.39357355802028 2.242442838777757
u 4511 0.9607060064700716 -0.009637008482737203
x 4511 298.95950443953063 -328.3701036946632 -0.061477130119854895
z 4511 16 3.6767504354967806 1.2164094970993125
z 4511 39 6.942475764851129 -1.9893803905825596
z 4511 237 7.428205367729487 1.6872638811266203
u 4512 1.0458508229076187 0.020976310253339937
x 4512 299.93052808824234 -328.32478374945674 0.15475411938108197
z 4512 16 3.4450005262691867 1.4829735174514358
z 4512 39 7.438615455308584 -2.138557890161792
z 4512 237 7.610226826765876 1.803369975793765
u 4513 0.9978185771729644 -0.004932819778157352
x 4513 301.02290099053073 -328.2085986964123 0.057169644238732165
z 4513 16 3.5039347383211426 1.7755920834243888
z 4513 237 7.902406296972148 1.9314093468564515
u 4514 1.019450342761799 -0.006955008072114159
x 4514 301.70136495427835 -328.180174350782 0.02657167283414763
z 4514 16 3.8463017495925396 2.044863645773928
z 4514 237 8.320146870332506 2.0531117480218555
u 4515 1.0360050974679371 0.00718692631379588
x 4515 302.9815027100771 -328.0971774727486 0.1029157637735576
u 4516 1.06004475969231 0.012785565546869845
x 4516 304.1892057477733 -327.9340103679125 0.16566855816681292
u 4517 0.969731097831325 0.013869228228783836
x 4517 304.79955595869836 -327.83649296576993 0.15119902047613287
u 4518 1.03282318776654 0.005383324479107317
x 4518 305.77620522010074 -327.7754126593399 -0.02628036236412168
u 4519 1.0077057792793338 0.00020224948132438486
x 4519 306.81027798881183 -327.7245735313457 0.12452920481986052
u 4520 0.9247388366429173 -0.0036020090264946717
x 4520 307.86627442587474 -327.5245903187404 0.2497952103137786
u 4521 1.1448053015571757 -1.5707963267948966
x 4521 308.80179757986303 -328.29667457954 -1.6297484445196337
u 4522 1.0121110189404854 0.004598575632874999
x 4522 308.66125467008936 -329.23870581192074 -1.8080422022973563
u 4523 0.99588540743823 0.00828009950213981
x 4523 308.38349034176525 -330.0241053142995 -2.0134136565897203
u 4524 0.9948369024062336 -0.004621109904040896
x 4524 308.0606939940662 -331.0144439945723 -1.7583525025875586
u 4525 1.019305159782297 -0.005316147671545293
x 4525 307.83763317186055 -331.966619300904 -1.843469728917075
u 4526 0.9763814718738903 0.02041664911589806
x 4526 307.6095485051002 -332.8569646820858 -1.7996877110870575
u 4527 0.9976303004511835 -0.001205617370723638
x 4527 307.3106738692563 -333.8800205198181 -1.910363882932146
u 4528 0.9950088634298229 0.0005638823541981588
x 4528 307.00961432837323 -334.8323938552633 -1.8435785571376473
u 4529 0.9785778018834462 0.007524900388546524
x 4529 306.7034115347639 -335.88982264021587 -1.8617410445286622
u 4530 0.9656515391784295 0.00836178319875761
x 4530 306.2844769202882 -337.17962800237495 -1.9079617810685716
u 4531 0.973352375697149 -0.005237449117926154
x 4531 305.97248786422057 -337.9918685721654 -1.9670964397091668
u 4532 1.0149222113597862 -0.0063041188758114495
x 4532 305.5704220514524 -338.971974142926 -1.953079388611192
u 4533 0.9903729660239529 -0.009391782659771468
x 4533 305.2369474439619 -339.8466491144165 -1.9170004604518964
u 4534 1.121392525025417 -1.5707963267948966
x 4534 304.16337259527705 -340.11041020333454 2.398826963961577
u 4535 1.0142598316059774 -0.00390710542099769
x 4535 303.31586252561317 -339.3542623173884 2.4273812139071307
z 4535 153 8.108523154511891 0.5130006289232139
z 4535 790 7.9362531376639085 -0.5056194137639265
u 4536 1.0178801082495272 0.007558361265837095
x 4536 302.3525837247695 -338.58962990121984 2.5139293881058835
z 4536 153 7.236821557210787 0.5740639132487155
z 4536 341 7.766081972674638 0.10340910162449513
z 4536 581 7.743500711010681 0.2947930084145627
z 4536 790 7.065065617276801 -0.5834927115355373
u 4537 0.9716442273846362 0.009639857004926174
x 4537 301.4484863689591 -337.9215821721824 2.4965229793777617
z 4537 153 6.439730954474305 0.6458387539405006
z 4537 341 6.799832369215477 0.10783448497296888
z 4537 581 6.818087199040772 0.32591159525059066
z 4537 790 6.279971472204639 -0.679101837641082
z 4537 792 8.090171816788569 -0.3100174652608718
u 4538 1.0257780716702134 -0.0020820334020070007
x 4538 300.6990578435716 -337.3961474078351 2.5637159989742866
z 4538 153 5.655088309558878 0.7574635478280922
z 4538 341 5.781202790042464 0.12919770934411234
z 4538 581 5.855923392182727 0.38428046094186996
z 4538 790 5.518745183509191 -0.7938798678037413
z 4538 792 7.119805341339391 -0.3517599752468632
u 4539 0.9773804769086043 -0.010102495020128444
x 4539 299.87908469698965 -336.95068955831283 2.7241630955653715
z 4539 153 4.99418774778891 0.9031613023163771
z 4539 341 4.814398406425252 0.16647578585050082
z 4539 581 4.965568710438985 0.46916370309061683
z 4539 790 4.879540143238599 -0.9263793569132073
z 4539 792 6.209474698188361 -0.3951684727529461
u 4540 0.9503176664015429 0.0024987645220313917
x 4540 298.9565837252056 -336.5523766378562 2.7438318766502707
z 4540 153 4.467531790105792 1.0683259731954555
z 4540 341 3.8801726828991887 0.204270687752798
z 4540 581 4.13964927511256 0.5703904405193789
z 4540 790 4.3761804854651345 -1.103533631347188
z 4540 792 5.345463088448169 -0.4663651188419635
u 4541 1.0612498606939944 -0.012500393299858845
x 4541 298.092459841578 -336.23790984321266 2.8413210117397174
z 4541 153 4.070690263362666 1.3121433120070014
z 4541 341 2.850997901696059 0.2946355577926161
z 4541 581 3.301113020618192 0.7590754902176764
z 4541 790 4.005189965591047 -1.3290884406543828
z 4541 792 4.4197822534498 -0.5606897962954984
u 4542 1.0048358524479584 -0.020519784716437315
x 4542 297.23850194035816 -336.01682057810314 2.9351903826032917
z 4542 153 3.945757643620883 1.5820832430755534
z 4542 341 1.9164112351137292 0.4732108882300592
z 4542 581 2.6723197014692732 1.0442480635051723
z 4542 790 3.8787260158960146 -1.5621565486662767
z 4542 792 3.6019267095890934 -0.6866074660460968
u 4543 0.9755151861124958 -0.003516601697263721
x 4543 296.09358206629156 -335.8383754121932 3.0387663855655163
z 4543 153 4.076892846703776 1.8272020475564847
z 4543 341 1.1398093429543197 0.8788725904861323
z 4543 581 2.341080457435675 1.4166964927871586
z 4543 790 3.9896689427009413 -1.805640825536246
z 4543 792 2.9124957976952532 -0.8965779443408639
u 4544 0.970180496927476 -0.008942354459004404
x 4544 294.687150492041 -335.67558753766735 3.0139538065141416
z 4544 153 4.427490033394499 2.0494702167424697
z 4544 341 0.9148615287559428 1.848519048020317
z 4544 581 2.396819342776154 1.8374330571462725
z 4544 790 4.315828408653315 -2.0173407016384477
z 4544 792 2.4240782281895608 -1.2044422558520314
z 4544 832 7.767459421863085 -0.41269820803436064
u 4545 1.0007451197304011 0.004957176348362329
x 4545 293.72314988758495 -335.4679707113594 2.844971897623
z 4545 341 1.5284357940923807 2.525250233737097
z 4545 581 2.8282090237742437 2.1810625814098668
z 4545 792 2.2695611591737785 -1.6341250856174518
z 4545 832 6.863613261888625 -0.47649973870670514
u 4546 1.0263370054245968 -0.018313284576486327
x 4546 292.68047575946764 -335.17249162424696 2.8859221563785216
z 4546 640 8.24978471132064 0.9625583226508923
z 4546 792 2.5409622378580563 -2.0309523096970903
z 4546 832 5.965291320935768 -0.5357751037813627
u 4547 0.9932568522158918 0.005082595006013633
x 4547 291.70283433406365 -334.9221365647147 2.895876357257883
z 4547 640 7.723128897789503 1.0630274180430268
z 4547 832 5.137807273585114 -0.6401356537222043
u 4548 0.9922230822933141 -0.001006781463652042
x 4548 290.5630468996952 -334.69551306915656 2.994769078377158
z 4548 640 7.292870558901209 1.1832377192059216
z 4548 832 4.381940515393888 -0.7747027299212328
u 4549 1.005602120598992 0.008097268388997134
x 4549 290.03183910742064 -334.6579740285714 -3.13586918761599
z 4549 343 8.434268024715186 0.33621340702173486
z 4549 640 6.971299323045565 1.3088670782398424
z 4549 832 3.733584185274122 -0.9731282782564086
u 4550 0.985481156924674 0.008681789129367068
x 4550 289.01234700292696 -334.646687325704 3.113728276993264
z 4550 14 8.449826315319966 -0.16463820077308755
z 4550 343 7.509431085958711 0.3703018884045175
z 4550 640 6.778987781364958 1.4408985770358615
z 4550 832 3.2857853310358096 -1.233107152126653
u 4551 0.9848154707113415 0.003586639317675248
x 4551 288.0819592648369 -334.6226906712113 3.1178842621554583
z 4551 14 7.480398694027277 -0.19003671980782677
z 4551 343 6.600271721860104 0.4204896304688539
z 4551 640 6.720956915762218 1.583087915045489
z 4551 832 3.103715358197756 -1.5409353586375634
u 4552 1.0650876102698605 0.0007836597236500525
x 4552 287.07103796226716 -334.5607783948755 3.042967003871329
z 4552 14 6.437721828795845 -0.22214084414304747
z 4552 343 5.644534583436114 0.49674078045581727
z 4552 640 6.817333499822056 1.739167991042164
z 4552 697 8.202131855485453 -0.05105344739857687
z 4552 832 3.2515619063930954 -1.8752903783881827
u 4553 0.9525181632436462 -0.0035811963974503387
x 4553 286.0869492436045 -334.52246073385066 -3.1208020879515663
z 4553 14 5.512168244175447 -0.25633836796924125
z 4553 343 4.829474216993723 0.594765157002763
z 4553 640 7.0414926113613845 1.8764657377761118
z 4553 697 7.250921476240537 -0.05394109552534321
z 4553 832 3.650546381239275 -2.1234202794426738
u 4554 0.9858930495685354 0.007711679852452278
x 4554 284.95212941117643 -334.5347272331032 -3.1407656528077905
z 4554 14 4.56651205622983 -0.31962176672319
z 4554 343 4.0481911239789525 0.723152564981032
z 4554 475 7.842198826115161 -0.05910218970713821
z 4554 640 7.394709822502701 1.9963977909807111
z 4554 697 6.2669358540211935 -0.07074023405474383
u 4555 1.0290353757963775 -0.01260328555649591
x 4555 283.8997491378726 -334.3818756893635 2.852295575947487
z 4555 14 3.6015737418560225 -0.395195863639362
z 4555 343 3.3519199359953213 0.9418128664498235
z 4555 475 6.8148207375731324 -0.054468094472775785
z 4555 640 7.8810655558870595 2.127860349487479
z 4555 697 5.2404619351046255 -0.07078183319392162
u 4556 1.0039945429296449 0.00037026588966013435
x 4556 282.972719224724 -334.06234742027965 2.767035386602453
z 4556 14 2.702843174738336 -0.5391297298287756
z 4556 343 2.877948333891722 1.2273805337747756
z 4556 475 5.812584025804452 -0.06427393028318784
z 4556 697 4.239592305036233 -0.08794475170002425
u 4557 1.0171020834385696 0.0064464130112097074
x 4557 282.1960463072755 -333.7651252480554 2.7851652102777216
z 4557 14 1.905447128221417 -0.8247014364389047
z 4557 343 2.7070536486884853 1.5821097521238547
z 4557 475 4.798290102208919 -0.0850174323348809
z 4557 697 3.228044318122733 -0.12308075397661966
u 4558 1.0281932875780244 -0.004303879366333174
x 4558 281.1867320804747 -333.4162429682572 2.832408815296043
z 4558 14 1.421988553274996 -1.378907426884389
z 4558 343 2.9086552292887453 1.9476831252230742
z 4558 475 3.7745852568408735 -0.10326210027571081
z 4558 697 2.2108428238521918 -0.174909509210329
u 4559 0.9808183454397876 -0.012100010006464998
x 4559 280.3732804097433 -333.2378199464073 3.0189338687066263
z 4559 14 1.560612168277313 -2.0307256925012425
z 4559 475 2.80002242205222 -0.12516720033851092
z 4559 549 8.242617303826842 0.8098703340893056
z 4559 697 1.2548535897524384 -0.29454700835290826
u 4560 1.0251361136672297 0.0030373764937497824
x 4560 279.51098537783594 -333.128649337072 3.0123820388021745
z 4560 475 1.7878001080325663 -0.20071642758473596
z 4560 549 7.570946657779561 0.904907389844988
z 4560 697 0.4058421971421172 -1.1261587989745294
u 4561 1.0172293813639564 -0.004857949163436468
x 4561 278.83670546245787 -333.06122320487833 3.07147142384334
z 4561 475 0.8155062294548688 -0.44411868435121793
z 4561 549 6.99058284393365 1.024663613563515
z 4561 697 0.9178816276479911 -2.729069212392064
u 4562 0.9610693004018215 0.00044975190023366574
x 4562 277.8769283692732 -333.0493877689429 -3.0961330586287366
z 4562 475 0.4164196404067644 -2.1411381819771425
z 4562 549 6.542965238622773 1.1500483244886466
u 4563 1.0172983475224087 0.010459336731222967
x 4563 276.56915977288156 -333.2124217937032 -2.9390003936749505
z 4563 475 1.2920750177911913 -2.873054364969926
z 4563 549 6.192294811537279 1.2897553318525823
u 4564 0.9613409984287608 -0.009797400257310249
x 4564 275.68277008888725 -333.4362525105755 -2.849487739123132
z 4564 549 6.001884958912378 1.4542735961079103
u 4565 1.0223006157077204 0.017409219821739444
x 4565 274.7010225816044 -333.7415856779042 -2.830644089243079
z 4565 549 5.96112450788866 1.6078457762363083
u 4566 1.01935537512741 -0.00026812149531264454
x 4566 273.719941917436 -334.1942177224024 -2.5880188057529354
z 4566 549 6.084889330699396 1.7763124759617241
u 4567 0.9653106122689915 -0.0008677551193469885
x 4567 272.94031117420707 -334.6790432561446 -2.582482134943915
z 4567 549 6.35295658050158 1.9264697596969675
u 4568 1.0124882259639258 -0.011838557883153647
x 4568 272.2291397149042 -335.15081918247125 -2.529257585861302
z 4568 549 6.777623790028918 2.0784929293767878
u 4569 1.0294272714225658 -0.009964808727100824
x 4569 271.72178752933286 -335.5148814007934 -2.509082111976657
u 4570 1.018345753852365 0.008238537841938225
x 4570 270.8196429825454 -336.17216749116733 -2.514799290478588
u 4571 1.0298399203547137 -0.000700791373380135
x 4571 269.9929646185751 -336.7392941648696 -2.5658082390086037
u 4572 0.9873085650124785 -0.005468562689125605
x 4572 269.0213963727707 -337.24524816058386 -2.757142194969739
u 4573 1.0112309034502678 0.001404309605618208
x 4573 268.26329425014 -337.6132697255067 -2.6221612080043393
u 4574 0.9643798785940448 -0.008991542550007467
x 4574 267.281788739922 -338.3010528991243 -2.4385751239575617
u 4575 1.0232588758923695 -0.010300415399997626
x 4575 266.56305545058405 -338.8459755927795 -2.5471901162451434
u 4576 0.9975549268987184 -0.009373931213877475
x 4576 265.8291633105282 -339.39453260507594 -2.45224465414782
u 4577 1.0192090642794587 0.010129807060853587
x 4577 265.26384804491084 -339.8270487429465 -2.524764770994647
u 4578 1.0268090668445187 -0.001710745340902025
x 4578 264.3903564094528 -340.4024901556167 -2.5933709730458365
u 4579 0.9722496987514866 0.004745443570888322
x 4579 263.6533082665092 -340.89440998029517 -2.5127680026027606
u 4580 1.0908573927248437 -1.5707963267948966
x 4580 262.4735992872235 -340.66155547521663 2.123012086212526
u 4581 1.008181007237581 0.012354069617884213
x 4581 261.84511089709036 -339.78944727187826 2.2674880279251077
u 4582 0.9941852298440862 0.0028456634993930603
x 4582 261.2277260383809 -339.1426689991774 2.398406765010641
u 4583 1.0332730408821076 -0.009739388181649464
x 4583 260.3616819090421 -338.4077673359617 2.4774484772769982
u 4584 1.0241255958590507 0.005999898445826921
x 4584 259.7067022457184 -338.06077080972733 2.831359872101486
u 4585 0.9792253594665269 -0.00510480479253017
x 4585 258.67661879836373 -337.84345346918377 3.035982168438622
u 4586 1.0639554643881304 0.0011029201996035616
x 4586 257.26154244223727 -337.73634180403275 3.096104859131879
u 4587 1.0355443497174484 -0.0028783593669035514
x 4587 256.39018765906945 -337.6680223696184 3.030588621834509
u 4588 1.0521847124549994 0.0004150592892968334
x 4588 255.36511110421128 -337.5857312783002 3.092384270352211
u 4589 0.949851008659057 0.003081847718351225
x 4589 254.39789873446594 -337.5129741956793 3.040636884241268
u 4590 0.9797479260844888 -0.0034627331168333754
x 4590 253.46063843154397 -337.4889002250176 -3.0919965299395855
u 4591 0.9832514790347554 0.01031665871995272
x 4591 252.54557187940955 -337.562175607626 -3.0313766584311437
z 4591 252 7.9833547224248 -0.24986142212289897
u 4592 1.0945268739510468 1.5707963267948966
x 4592 252.00795750518938 -338.32405580661384 -1.339220508278755
u 4593 1.0264817547241867 -0.008043689106258266
x 4593 252.11572230926262 -339.1163505841102 -1.5319992359706738
u 4594 0.9882363220557505 0.005366208514514905
x 4594 252.14118369690658 -340.28360344534855 -1.5659741618870497
u 4595 0.987109059180811 -0.0021577610286973112
x 4595 252.0651585953261 -341.518939849896 -1.698547499773756
u 4596 1.0292443751551688 0.016618901543421747
x 4596 251.8794549374601 -342.4853745075312 -1.8227240469305173
u 4597 0.9631090209295368 0.005142118570404881
x 4597 251.76254384403617 -343.4645771370765 -1.5565319299767544
u 4598 0.9730233756966921 0.01168126325949486
x 4598 251.76536372070603 -344.07430582431914 -1.575811178284085
u 4599 1.0116172367841583 0.0058905303301398735
x 4599 251.54560672048376 -344.96190131437163 -2.0511938898171316
z 4599 152 8.207758938043016 -0.7190586893026167
z 4599 402 8.493103602728645 -0.7431335282428351
u 4600 1.0115632311128084 0.0004301217583836016
x 4600 251.07178131231342 -346.03529244492364 -1.9218048067639422
z 4600 152 7.47653883400717 -0.8087470334838223
z 4600 402 7.778567375589215 -0.8316864690602275
u 4601 0.9888367503160868 -0.0008079027149812155
x 4601 250.7663168058488 -346.8467749606615 -1.9398313964196265
z 4601 152 6.831081284547969 -0.9128103011657025
z 4601 354 7.9660994502136315 0.1826816219865539
z 4601 402 7.1495837410848955 -0.9332378386618978
u 4602 0.974491394969684 -0.007165949718047651
x 4602 250.45649084134328 -347.9832228759561 -1.734077999048574
z 4602 152 6.279649433445199 -1.0283956220576513
z 4602 354 7.0107890971097975 0.21559146837037702
z 4602 402 6.6130078631370415 -1.0444440072797048
u 4603 1.0067930368084284 0.01611067808237839
x 4603 250.2009263892076 -349.0042533361189 -1.8980376199975864
z 4603 152 5.831642633865137 -1.1936338794287558
z 4603 354 6.029180806643615 0.23389474235917973
z 4603 402 6.176476121799942 -1.2026267219942302
u 4604 1.0187849329141085 -0.004700006572748158
x 4604 250.03295495205188 -350.1105954734908 -1.5449054932399395
z 4604 152 5.535697199895577 -1.3607213032541843
z 4604 354 5.0443338130579685 0.2858831911177404
z 4604 402 5.884705207909788 -1.3600112150992132
u 4605 0.9626270825632496 0.0003195927422647822
x 4605 250.06729956901668 -350.9970749444425 -1.5192404741719063
z 4605 152 5.417544718445463 -1.53571426314155
z 4605 354 4.129655968706268 0.3513108534076057
z 4605 402 5.76087843286746 -1.5244713500935942
u 4606 1.0803034560787637 -0.004484340265204699
x 4606 250.08440133614744 -352.10926307425626 -1.591601231799861
z 4606 152 5.484529070877799 -1.7293591723409598
z 4606 354 3.1385394790967305 0.4752545043249303
z 4606 402 5.809517800653611 -1.7068064707597177
u 4607 1.0344792044437787 0.004287608110180579
x 4607 250.12610427794613 -353.5038752591796 -1.490203447912195
z 4607 152 5.741597731409266 -1.9124489293042055
z 4607 354 2.2672341264764864 0.6803989020215413
z 4607 373 8.359823648801488 -0.559513799220198
z 4607 402 6.039530299645921 -1.8815711925476304
u 4608 0.9715454046328112 -0.0003618541321924374
x 4608 250.28556698012838 -354.61017559144483 -1.3650801357555085
z 4608 152 6.135621431859412 -2.0618489506908046
z 4608 354 1.6310445977558994 1.0649572588448848
z 4608 373 7.553944292456304 -0.6274504707144781
z 4608 402 6.403626748857337 -2.0261751736316382
u 4609 1.0268696919852427 -0.006605778692036783
x 4609 250.49288607958405 -355.6699053451427 -1.3901246873792612
z 4609 354 1.4496087132771962 1.741319382887296
z 4609 373 6.747419918127804 -0.7099011732035985
u 4610 1.0175849656758111 0.011041861347905486
x 4610 250.69060995094662 -356.3325830016628 -1.1715444950850458
z 4610 354 1.9030015828884392 2.285886714545919
z 4610 373 6.016472991528091 -0.8321118390505395
u 4611 1.0063658183160211 -0.002330867554910551
x 4611 251.0619403577421 -357.12314478398946 -1.0918105493542307
z 4611 373 5.3895030209024 -0.9681328139228058
u 4612 0.9827984941696323 0.00031891146538169044
x 4612 251.42498818230712 -357.9869630627306 -1.2540456569940535
z 4612 373 4.8999152514971165 -1.1344705588757247
u 4613 1.00992723483449 -0.00033911508053595634
x 4613 251.70219139378412 -358.7542922183195 -1.1942107397245842
z 4613 373 4.565627943694115 -1.335961007059712
z 4613 438 8.435796391259535 -0.8756855735048901
u 4614 1.0055087552175002 -0.002932382199138271
x 4614 252.08157421978567 -359.78289511412754 -1.2406755763287685
z 4614 373 4.439203247716485 -1.5550604167864428
z 4614 438 7.8287506989391575 -0.971430642357729
u 4615 1.0091391657308908 0.006973808300486901
x 4615 252.36956217827463 -360.87644023402066 -1.385905461543491
z 4615 373 4.540389919076182 -1.7861467170951268
z 4615 438 7.310256091646468 -1.092907399610334
u 4616 1.02200496158769 0.012672412574669983
x 4616 252.53340897398917 -361.82688444315363 -1.4142635570055517
z 4616 373 4.86828325898777 -2.005070814312049
z 4616 438 6.906269523798865 -1.2377958227094066
u 4617 0.9262507734634272 -0.002329782230028572
x 4617 252.79203931947436 -363.1642682219177 -1.3452746091830372
z 4617 438 6.660206742452475 -1.367226424135735
u 4618 0.9779497635173452 0.0022869825948121326
x 4618 253.0443317307611 -364.1366426835168 -1.2885934178774008
z 4618 7 7.658892737602339 0.4641176121959232
z 4618 102 8.058724331131959 -0.37729814878052537
z 4618 438 6.534199607471415 -1.5166541451491096
u 4619 0.9863629196991944 0.00824987268028314
x 4619 253.3966800088236 -365.5628006396881 -1.368577605738016
z 4619 7 6.789195083518103 0.5204100595135177
z 4619 102 7.152678080712817 -0.43690301973439905
z 4619 312 8.279497440366026 -0.14774691318512767
z 4619 326 7.801551551924134 -0.6000448495833512
z 4619 438 6.559284252385371 -1.6756625674119263
u 4620 0.9640428724820198 0.012719436231569691
x 4620 253.65268400762196 -366.5744684751959 -1.2773179783885578
z 4620 7 5.968603915064137 0.5871940183234718
z 4620 102 6.2954012482664385 -0.5153470317076732
z 4620 312 7.328379961693425 -0.18066005051749157
z 4620 326 7.030900273856828 -0.6909877264186921
z 4620 438 6.734784882955133 -1.8311245983671025
u 4621 0.9841075218777092 0.000252992269426795
x 4621 254.04580062861305 -367.7712257858875 -1.22951353072618
z 4621 7 5.178040534836847 0.6924115584504609
z 4621 102 5.460759705738613 -0.6045534167022488
z 4621 312 6.362771730689752 -0.20872618121817643
z 4621 326 6.303895277587686 -0.7909102155663907
z 4621 438 7.052613186411406 -1.9666212955073874
z 4621 460 8.28793420147429 0.15293577939659286
u 4622 1.021281102458356 0.003081437127101643
x 4622 254.44242794222998 -368.716460542888 -1.1174910265293758
z 4622 7 4.438910550482045 0.8364659624891058
z 4622 102 4.657866559563477 -0.7328655582864556
z 4622 312 5.368218322119551 -0.25152632947575526
z 4622 326 5.633984109252183 -0.9234319244463318
z 4622 438 7.507137943101907 -2.0954755109196856
z 4622 460 7.279964883906232 0.17101356185270955
u 4623 1.018514533187167 0.010793377030010088
x 4623 254.82523371032255 -369.94557686830626 -1.4202493543222074
z 4623 7 3.827022570581476 1.0235435201516196
z 4623 102 3.9642483654875207 -0.917442973162347
z 4623 312 4.390774091624172 -0.3212977510992947
z 4623 326 5.089921910445662 -1.0951859005964972
z 4623 460 6.277637754188526 0.18697106394961693
u 4624 0.9689551733948152 -0.004226715699329896
x 4624 254.97838671736653 -370.9257692007257 -1.4113538884219512
z 4624 7 3.4262637475685094 1.272002365893373
z 4624 102 3.459988303322046 -1.1370916188667248
z 4624 312 3.484052387400973 -0.4044513708350044
z 4624 326 4.7234738036384005 -1.274151836773239
z 4624 460 5.329066251416205 0.22538010444069734
u 4625 1.0026745128213148 0.006604636464798499
x 4625 255.14806040572645 -371.9405016679227 -1.3988836837705592
z 4625 7 3.271147758366706 1.562383589111552
z 4625 102 3.1751988607424066 -1.4347717162654403
z 4625 312 2.5942358701515587 -0.5649284423291068
z 4625 326 4.5362584855692285 -1.4939612318541373
z 4625 460 4.35661843590531 0.26948916520081134
u 4626 1.0203482582248344 -0.006876182327289303
x 4626 255.33018772245447 -372.9383343270231 -1.3816377934613486
z 4626 7 3.421740269414716 1.872057092290687
z 4626 102 3.1972265523747327 -1.7494442335000553
z 4626 312 1.8138251748694199 -0.8622445070168006
z 4626 326 4.569075148349119 -1.711562131613836
z 4626 460 3.385230563722303 0.35770082322454533
u 4627 0.938053777467494 -0.01907937525337037
x 4627 255.53198453962617 -373.9815993060812 -1.3778177329324077
z 4627 7 3.8146333889200945 2.1274538904647535
z 4627 102 3.4801869798730753 -1.9992867500635771
z 4627 312 1.389589855635556 -1.3764367033286327
z 4627 326 4.783095599598255 -1.8881584863832863
z 4627 460 2.532235237276385 0.5101785125104712
u 4628 0.9558587162483726 0.001265428190340387
x 4628 255.67275778438022 -374.940112769888 -1.4721274776667326
z 4628 312 1.527482452641813 -2.0389065606303944
z 4628 326 5.162425116635279 -2.0662173751239417
z 4628 460 1.7606599858400198 0.7769253402425291
u 4629 1.0168552399335975 0.006115740314176069
x 4629 255.74731867091202 -375.93683484311487 -1.5201311259796304
z 4629 460 1.254183082539347 1.373246724293974
u 4630 0.9751763947569573 -0.010229000995978487
x 4630 255.75500609386833 -377.1984431776873 -1.6092749755625453
z 4630 460 1.43391853850345 2.1143512335459427
z 4630 829 7.896303162869016 -0.5460594576010984
u 4631 0.9735108505397392 -0.005289381775677671
x 4631 255.71684381954404 -378.25040684073434 -1.6048402335566283
z 4631 829 7.08094350623871 -0.6119173268169744
u 4632 0.992651021676902 -0.003170308725168131
x 4632 255.59687326516777 -379.246611172031 -1.7764534033959603
z 4632 829 6.293277307829946 -0.6992730247093455
u 4633 1.003906262177411 -0.0021591152053468386
x 4633 255.43801627861006 -380.21211342038015 -1.691283184251398
z 4633 829 5.561847389083104 -0.8134067066461252
u 4634 0.9602118639642577 0.0018195694189072514
x 4634 255.4126784193761 -380.4743485630379 -1.6429567768700462
z 4634 829 4.952273355313625 -0.9567078683067729
u 4635 0.9848478236282292 -0.0007583969055628695
x 4635 255.3409247801435 -381.52231780802305 -1.6353609305808023
z 4635 675 8.373973435095518 0.9365963065482967
z 4635 829 4.457718413738591 -1.137462889455112
u 4636 0.9523970806185658 0.01442266473238983
x 4636 255.39875674383524 -382.43209235820234 -1.3792678372337854
z 4636 675 7.84135372187608 1.0196457455871357
z 4636 829 4.155552878689845 -1.362120728944717
u 4637 0.9955678834353007 -0.016385968104591146
x 4637 255.48829641720928 -383.31870352699946 -1.5610254961566041
z 4637 675 7.376392882605861 1.1518455747843896
z 4637 829 4.0594798400267385 -1.5875834177965107
u 4638 1.0112899622171014 0.0015792315964243628
x 4638 255.3982709286457 -384.5373305147502 -1.7280483045238344
z 4638 675 7.025232973019862 1.2821032929706053
z 4638 829 4.200760883942923 -1.8322522154995369
u 4639 1.0071746334932963 0.006387991181639767
x 4639 255.31960796750005 -385.28585898759854 -1.6229559744757687
z 4639 675 6.804126172603949 1.417957292494151
z 4639 829 4.56882369418632 -2.0530489202915163
u 4640 1.03939201485693 -0.007281069636342471
x 4640 255.3738743611831 -386.49543243355356 -1.4289686578686256
z 4640 675 6.728594174042956 1.5785961986413266
u 4641 0.9638221788598463 0.005157609705278032
x 4641 255.4372075894543 -387.3321864260297 -1.5615337096530282
z 4641 675 6.8022532521032515 1.7156065314905575
u 4642 1.0188924953992737 0.010022650674353695
x 4642 255.46417941076515 -388.2342078309748 -1.5202736950354603
z 4642 675 7.017142926924848 1.849867272629596
u 4643 1.0267294302310255 0.00487011987494269
x 4643 255.49814568426328 -388.9533400007377 -1.5269244916447744
z 4643 675 7.364100469250264 1.9795251048972222
u 4644 0.9478304274658563 0.0004889736900214258
x 4644 255.48690150370967 -389.64462142341466 -1.647196705909597
z 4644 675 7.789317532502916 2.090941288912222
u 4645 1.0309909761184202 0.0030751269305209026
x 4645 255.39110859651453 -390.8274535435478 -1.656015333751243
u 4646 0.9693618869271425 -0.0061045610005047496
x 4646 255.44742085636935 -391.63444408503625 -1.346242043592732
u 4647 0.9862225397720177 0.0071492346796914715
x 4647 255.77415571978946 -392.5282802971851 -1.0944441357210861
u 4648 0.9928026823476761 -0.0006355624372759507
x 4648 256.11255427546797 -393.31720383091294 -1.2367472048907513
u 4649 1.0442090147743661 0.0107775825436657
x 4649 256.436099585128 -394.2409468918696 -1.2310421127818796
u 4650 1.0565051499835647 -0.01061133411750501
x 4650 256.98888101502985 -395.30471403255433 -0.9520706890271518
u 4651 0.955566483589349 0.007656596202927839
x 4651 257.68142655725615 -396.1408377904803 -0.8060234886332278
u 4652 0.9891123663383821 0.006345345610032126
x 4652 258.0070587343253 -396.55229713050954 -0.9966094413560116
u 4653 1.0176295831213702 0.006399851687895997
x 4653 258.54768247151014 -397.3818245478762 -0.9898094068433485
u 4654 0.9086978962504588 0.013625809246642443
x 4654 259.17984676474293 -398.15397857443804 -0.7797008120512814
z 4654 313 8.103140798392737 0.8865759778379445
u 4655 0.9864096352323362 0.0002063772881285992
x 4655 260.0480248752937 -398.9692154456512 -0.7282188064864199
z 4655 313 7.518533129181193 0.988203161224293
u 4656 1.0126913183837085 0.001955831768901623
x 4656 260.8542951247913 -399.53947265486545 -0.5029688836675721
z 4656 313 7.011647044613018 1.1070678166923358
u 4657 0.9708570661648914 0.0062619182639938094
x 4657 261.8758032822864 -400.15098669232265 -0.5758666020860024
z 4657 313 6.6315943672499635 1.231913018181639
u 4658 0.990588804551561 0.007039627879191648
x 4658 262.879469529496 -400.8846928152644 -0.6866268987614097
z 4658 313 6.367737943141095 1.371935910905698
u 4659 1.05515056542554 0.011215318693421026
x 4659 263.6468076659369 -401.51234263415705 -0.6845630984573399
z 4659 313 6.239625520809105 1.5270680335483497
z 4659 442 8.38731554453364 -0.4894317261562051
u 4660 1.0208552082382933 -0.01869097514583098
x 4660 264.613287482159 -402.30020119127425 -0.6832987927423284
z 4660 313 6.28785450586055 1.7087347052309108
z 4660 442 7.4967167909826316 -0.533673936357471
u 4661 1.0165870167111342 -0.003449345263695462
x 4661 264.99806271673157 -402.6579864976283 -0.8148353049979211
z 4661 313 6.5077075319003095 1.867499381888571
z 4661 442 6.64065092251745 -0.607949903772357
u 4662 1.0944498692289528 -1.5707963267948966
x 4662 265.0152306093285 -404.1067910293069 -2.303059066671258
z 4662 313 7.392208159688481 -2.7822697016940166
z 4662 442 5.673439279640126 0.9935085879458256
u 4663 0.9591498728355451 0.014195809259033548
x 4663 264.2950480798848 -404.92899343923807 -2.277233851084375
z 4663 442 5.206122277847223 1.133584102316819
u 4664 1.0105028474827802 0.011164071162033388
x 4664 263.630869973156 -405.65779833432003 -2.3424325628794183
z 4664 442 4.8597005949234395 1.3114238351585872
u 4665 1.0056694175861391 0.0032416471546464322
x 4665 262.8455269844018 -406.47515577643554 -2.330011090607488
z 4665 442 4.701685277726894 1.5163337075465932
u 4666 0.9545067205536137 0.004154686058818078
x 4666 262.1062356653929 -407.34950366006495 -2.2153733714268613
z 4666 442 4.744440741195655 1.7144174241756858
u 4667 1.0496183492115003 -0.002067861187970805
x 4667 261.53226861816523 -408.26487414949105 -2.046338390314711
z 4667 442 5.004709579527657 1.925540363800625
u 4668 1.0224176116285444 -0.008265600126214431
x 4668 261.10242619369546 -409.0907547983879 -2.055025623130295
z 4668 442 5.44855817546859 2.1104165823723733
u 4669 1.0380883049676326 -0.004257649372446724
x 4669 260.455092107609 -410.21054579674905 -2.134865934738775
u 4670 1.028776081257614 -0.00968097104967264
x 4670 260.0805876807751 -410.7541291525131 -2.213275980512102
z 4670 518 8.076172364834283 0.06665384243511818
u 4671 1.0164124080024044 -0.014918055725124396
x 4671 259.45692427304607 -411.6129498652738 -2.184486694372934
z 4671 518 7.062960488555681 0.09222763183058369
u 4672 0.9968720107806882 0.003984040989711121
x 4672 258.9474032660089 -412.49348711789327 -2.0062488202931124
z 4672 391 7.732335681229571 -0.3632355178407054
z 4672 518 6.070809543456297 0.10304137848564032
u 4673 1.0296302517490883 -0.007793523106943609
x 4673 258.35412305584435 -413.6869970322021 -2.0579754393842613
z 4673 391 6.778148321852395 -0.4088852682821291
z 4673 518 5.04825990472355 0.13260585052418383
u 4674 1.001718795157868 0.002462516084460719
x 4674 258.03273538176035 -414.2643421235519 -2.0995086434480617
z 4674 391 5.873094362435847 -0.4794055875355907
z 4674 518 4.057295974579264 0.1624912394462501
u 4675 1.1341102025728198 -1.5707963267948966
x 4675 257.2666444230389 -414.5878197707437 2.898577342167986
z 4675 391 4.909111578607194 1.1540873952946598
z 4675 518 3.5595616828987398 1.968423331234991
u 4676 0.9797744575058727 0.0002461316935175406
x 4676 256.1805441693214 -414.4117700649916 3.063216444720246
z 4676 391 4.600507586666163 1.3498290975724183
z 4676 518 4.041118470988859 2.1936296768861965
u 4677 0.9831510221976059 0.010946881722383164
x 4677 255.34029800618023 -414.27569002297116 2.8988518001932224
z 4677 391 4.483339985343166 1.5542335855910139
z 4677 518 4.679427518516497 2.354849353824477
u 4678 1.0233787331599842 0.0019214889408512177
x 4678 254.36352191059873 -414.0539063306386 2.937790893965369
z 4678 391 4.581140519347188 1.7775673532960976
z 4678 396 8.491566247740776 1.4574306314339012
z 4678 518 5.4498746510405605 2.4864103801461788
u 4679 0.9559843039123779 0.016087623057690733
x 4679 253.8962105295528 -413.9998706733179 3.115155026645466
z 4679 391 4.8610629117086805 1.9554833406845056
z 4679 396 8.429370477456835 1.554157226813139
z 4679 518 6.231050377567051 2.564919294753233
u 4680 1.069818181040711 0.012676862200103058
x 4680 252.49455188785183 -414.0462280873806 -3.0490326181874376
z 4680 391 5.349425725813218 2.129735510509848
z 4680 396 8.472567711740844 1.6680523467111676
u 4681 1.015712777374293 -0.0012224504858835594
x 4681 251.29942751363382 -414.1263630322572 -3.1002500151997063
z 4681 391 5.9511567596274935 2.2761130343083398
u 4682 1.0031666275514153 -0.00457501064718064
x 4682 250.2972337008633 -414.161109664903 -3.1136219119610153
u 4683 1.011202133482116 -0.003784030310562525
x 4683 249.11928376498753 -414.2283913642292 -3.0554521362389697
u 4684 0.9802450823369475 -0.0010302121528504976
x 4684 248.05273465364928 -414.40481424956704 -2.8998725981907567
u 4685 1.009104439210619 0.009678856901617015
x 4685 247.2160316109584 -414.6333881018121 -2.8499585645805867
u 4686 1.007838584752064 -0.00586285747983771
x 4686 246.11814427992275 -415.01325000986617 -2.767024487174599
u 4687 0.9848842316956119 0.003821459467696231
x 4687 245.24419507117898 -415.37107726432896 -2.738930286848996
u 4688 1.032439369348549 0.0010162436719893852
x 4688 244.29112819856624 -415.7654906318726 -2.759501508676766
u 4689 1.0593765720257706 -0.010206757257558903
x 4689 243.25105431641077 -416.2981093161298 -2.577127227541439
u 4690 0.9720821027745269 -0.01347204024976404
x 4690 242.32483910350285 -416.9823392320798 -2.4335499576644875
u 4691 1.026404331405766 0.004511234903916959
x 4691 241.57857739600425 -417.5725168089503 -2.5113676745210793
u 4692 0.9610381424760164 0.006812493861398729
x 4692 240.6008410295848 -418.2058918381787 -2.622167177815415
u 4693 1.0261520789411922 -0.0055333283380696275
x 4693 240.05087021260556 -418.46218486962573 -2.7888391690471
u 4694 0.9974254750397894 -0.0010440211868594112
x 4694 239.35759752851916 -418.76462560162656 -2.6716233095174067
u 4695 0.9978204165671524 -0.005682615052543163
x 4695 238.5386544550308 -419.2817901949989 -2.485038784023499
z 4695 170 8.259117955324317 -0.6650311234408557
u 4696 1.0332878995523165 0.006680554886844467
x 4696 237.7140497444172 -419.9561191508788 -2.4271926504393333
z 4696 170 7.475637033669329 -0.7574731808230695
u 4697 1.0307186483641864 0.005084997870401651
x 4697 237.03093325189045 -420.64510304610815 -2.2766439426835507
z 4697 170 6.765913060833096 -0.8677036677600323
u 4698 0.9981171420077453 -0.008413641013494148
x 4698 236.3610825887129 -421.4407918340451 -2.264435793296534
z 4698 170 6.164222300818352 -0.9826818492124016
u 4699 1.0706948222116002 -0.005408914864623834
x 4699 235.6252935939356 -422.2975894016789 -2.2962797960961474
z 4699 170 5.638358243491335 -1.1356386002129208
u 4700 1.0045316879134119 0.010060095754657827
x 4700 235.00868049563493 -423.11264792617817 -2.1406424297444993
z 4700 170 5.298738280807299 -1.3188733418749385
z 4700 171 7.721823750515672 0.30443979668111343
u 4701 1.0117041616412499 0.0004808052850567212
x 4701 234.32906255341197 -424.0229278687115 -2.2835974778215578
z 4701 170 5.141026466839056 -1.5111176615497404
z 4701 171 6.763362124015774 0.34877939864951735
u 4702 1.0053607249897616 0.014446407752151296
x 4702 233.77829136415147 -424.82598549485857 -2.06031732726559
z 4702 170 5.186414749469183 -1.7203705897412456
z 4702 171 5.825825261230126 0.392167589416474
u 4703 1.010296090302792 0.003476948007574491
x 4703 233.2771881015553 -425.7679504164194 -2.059076172522754
z 4703 170 5.431321357309771 -1.9087874594354464
z 4703 171 4.9066474211663005 0.4671348845346346
u 4704 1.1587448724393599 -1.5707963267948966
x 4704 232.3949245253824 -426.11175389293777 2.802238668967452
z 4704 170 5.068027851816183 -0.5246589394533836
z 4704 171 4.6861509101331995 2.250980583687575
z 4704 439 8.283701902591007 1.0841307934529967
u 4705 0.989747431213087 -0.015581598851022789
x 4705 231.47861412573494 -425.76554107653527 2.7584415056493174
z 4705 171 5.369328218719591 2.409450306346364
z 4705 439 7.876782343957977 1.2114631962258073
u 4706 0.9741201619924588 0.0004554391821038138
x 4706 230.98137322155418 -425.53359512362493 2.6518191442733112
z 4706 171 6.128386179016832 2.5154767665677236
z 4706 439 7.589002902086395 1.3314497770250853
u 4707 1.0049427878753152 -0.004434941791253965
x 4707 229.99507218878065 -425.0878378517501 2.7824199270928167
z 4707 171 6.968778288058135 2.6042575372270225
z 4707 439 7.417529349537132 1.4679591191696293
u 4708 0.9981159863226123 -0.017719209595858314
x 4708 228.88428418741617 -424.6500069187832 2.749837562300926
z 4708 171 7.846871773327799 2.6861560205617216
z 4708 439 7.390972875237289 1.6205343209741105
u 4709 1.0279767175738552 0.0014822801291014774
x 4709 227.7437781310359 -424.10533587890666 2.642262097101411
z 4709 439 7.511820655094658 1.7561648896180753
u 4710 0.9905822828962849 0.015898115709982917
x 4710 226.79143856346914 -423.46671504690244 2.459507925914794
z 4710 439 7.748239043614053 1.8664391897645691
u 4711 0.9955886812267305 -0.013872159165513355
x 4711 225.90439423650534 -422.7644971941303 2.484434934581463
z 4711 439 8.100843719022283 1.997897395689149
u 4712 1.0223893686959575 0.002453154654664391
x 4712 224.73332266731862 -422.0579247386726 2.712984138280367
u 4713 1.0220546735388862 0.0035183649274691544
x 4713 224.0468311432815 -421.7468628462593 2.719312963017301
u 4714 0.9683496114644539 0.007908974092662228
x 4714 223.3186763698381 -421.39984594467984 2.674414866870899
u 4715 1.04898902866509 0.009835549494624788
x 4715 222.8404582096036 -421.15292088155996 2.655496182216597
u 4716 0.9777551055779551 -0.00018544996282009163
x 4716 221.85783664630316 -420.6860652018571 2.7406090593119004
u 4717 0.9880811524279829 0.004049915062356925
x 4717 220.75501235092176 -420.3779923551872 2.997766419176674
u 4718 1.163469217083506 -1.5707963267948966
x 4718 220.2272245504707 -419.5341594589086 1.2616932474323432
u 4719 0.9774645018128174 0.002104714998121299
x 4719 220.5120946974346 -418.2560371707102 1.441304685904985
u 4720 1.0112702582654869 0.0018429304165754367
x 4720 220.651123498803 -417.2120365532002 1.435507302852156
u 4721 0.9844225559676131 -0.0014857552732812896
x 4721 220.89176010203846 -416.23971099545344 1.2208637491137608
u 4722 0.9642762213310763 0.0019079404368382694
x 4722 221.24943529510745 -415.3427519246293 1.1618476959740018
u 4723 1.0226121540455226 -0.00013111586556077717
x 4723 221.62671938480233 -414.4926616180902 1.1443453039485707
u 4724 1.0354496141141392 0.0020923510760102325
x 4724 221.94032924970568 -413.7438549905107 1.2040104361939505
u 4725 0.9964519565423201 0.006671627226411391
x 4725 222.39935124003335 -412.7359735473016 1.0828573733492624
u 4726 0.9916858339190497 -0.008330809902000485
x 4726 222.88732807717992 -411.9561396679742 0.9404661257222919
u 4727 0.9694051430421471 0.007813175187122517
x 4727 223.40054476961782 -411.12238227736503 1.0975813100489837
u 4728 0.9680396613782324 -0.005473631964523887
x 4728 224.01609523486053 -409.91458286257955 1.1013417216773327
u 4729 0.9818688677502404 0.0003420348719529151
x 4729 224.28823736504643 -409.3038353918261 1.2018921727436904
u 4730 1.0204268423244613 -0.010472368614654417
x 4730 224.64613227401995 -408.18854529548736 1.3186649535996056
u 4731 1.0076411958453377 -0.0014361688904032564
x 4731 224.81178270426534 -407.25229244264136 1.4726939284192664
u 4732 0.9988763729804347 0.0007067793755711149
x 4732 224.85051560049465 -406.2734227230216 1.5898019880886132
u 4733 1.0173108434009541 0.0029375155957535124
x 4733 224.87061557537623 -405.50135709904345 1.4997343763794833
u 4734 0.965354530889272 0.0033998335893525265
x 4734 224.96737119730477 -404.42760397049807 1.4621242021052145
u 4735 0.9892110546979948 -0.008699947900286246
x 4735 225.0425796826226 -403.623193727719 1.4930200888718526
u 4736 0.9937764588906602 0.0023225736430295056
x 4736 224.95150001579884 -402.55620847769717 1.8188830878634956
u 4737 0.9976682822838706 -0.016374876953490155
x 4737 224.77408265825747 -401.62481872074864 1.6991728518355194
u 4738 1.0061724298345607 0.00539368898304925
x 4738 224.55312461987285 -400.7921600808525 1.961192354601442
u 4739 0.9904453773003697 -0.007208724629776683
x 4739 224.29408436620866 -399.8441125883204 1.713850404981132
u 4740 0.9986505421582346 0.010469914641475779
x 4740 224.13947147821122 -398.72278257283637 1.7017812689867382
u 4741 0.9534266023319087 -0.003541245982556456
x 4741 224.12628261663752 -397.5149630714067 1.4616496433761395
u 4742 0.9746647891098988 -0.00025287854315573507
x 4742 224.28415486692023 -396.493828610758 1.3731623864461717
u 4743 1.0184511166780945 0.0009936720488492045
x 4743 224.47286198005037 -395.71277934457555 1.2943021135767117
u 4744 0.9954718942246957 -0.003268989013549213
x 4744 224.56313171940127 -394.8639899144067 1.6353847522081786
u 4745 1.024687893665589 0.002784953442777712
x 4745 224.41827141064903 -393.73052901614267 1.7604367781103916
u 4746 1.0030187791765686 0.015849982500159128
x 4746 224.27955533337547 -392.59316301598193 1.6238822394674468
u 4747 0.9732922356132644 0.000996237254054788
x 4747 224.23856105670194 -391.6215647252583 1.6020456312129383
u 4748 1.0103280072073435 0.0011463495230653981
x 4748 224.18978300841303 -390.5107344103712 1.627313322025822
u 4749 1.0400493916350635 0.00562323556182861
x 4749 224.07452325398484 -389.09001904531596 1.6761806961555745
u 4750 1.024304614368424 0.0056098330434299565
x 4750 224.0014864584491 -388.22149260744146 1.6332027280325736
u 4751 1.0389628482368967 -0.008565906128745672
x 4751 223.93571769727413 -386.9953146300088 1.6155616410648719
u 4752 0.977436647319997 -0.002013052684783476
x 4752 223.88671524508243 -386.20216203327067 1.6494379012986755
z 4752 726 7.685875511874425 0.23078426673027685
u 4753 1.0428695776157093 0.00044284103728434117
x 4753 223.68744342532742 -385.10232531834976 1.8506320860664323
z 4753 726 6.674858378988425 0.26605348930703876
u 4754 0.9165864235885648 0.009383229529410703
x 4754 223.42923277618243 -384.0502290785912 1.7722967757636043
z 4754 126 8.432585516752786 0.4682779155892476
z 4754 167 8.418315806831458 0.22231255318104015
z 4754 726 5.7942459399382695 0.297556991440866
u 4755 1.0187120766175843 -0.010004157146333906
x 4755 223.2234982582088 -382.9913619401998 1.7531074121615777
z 4755 126 7.540166891519172 0.5399026383206618
z 4755 167 7.429362143848974 0.2632230835905096
z 4755 726 4.8313553569906595 0.3704292859066243
z 4755 781 8.258989660855256 0.6087172433599433
u 4756 1.0083868839552281 -0.008394162625589863
x 4756 223.1205445697481 -382.1684472765113 1.6374090549373879
z 4756 126 6.697771427614673 0.6263104822037668
z 4756 167 6.462316186953655 0.3128617688171653
z 4756 726 3.910357041949214 0.47332697610526253
z 4756 781 7.456753735343241 0.6949821945221499
u 4757 1.0212474085353662 0.0039098523575459
x 4757 222.93791524108798 -380.96586588301454 1.805609284569491
z 4757 126 5.8994771063071 0.7237686769713019
z 4757 167 5.498913868865077 0.3657977435596549
z 4757 303 7.627447135479242 0.2930023783784712
z 4757 726 3.03610915360779 0.6227647267776164
z 4757 781 6.7029217793250355 0.7885637985947329
u 4758 0.9971450918493089 0.003794133639946044
x 4758 222.63968904930505 -379.5569169827147 1.7531574263473448
z 4758 126 5.193021360168405 0.8472000188930062
z 4758 167 4.580835859214221 0.4395575472284863
z 4758 303 6.678390237376409 0.33207475935836683
z 4758 726 2.2994292084426693 0.873997327540021
z 4758 781 6.040129261662791 0.9019192979590178
u 4759 0.9913458019152179 -0.00874950823783642
x 4759 222.50812876392217 -378.7042302759577 1.6945992833089365
z 4759 126 4.600777163970973 1.018772300464553
z 4759 167 3.7100965744886003 0.5633217993365562
z 4759 303 5.751947918595172 0.3977539363496687
z 4759 726 1.8329261167565383 1.3121129026075415
z 4759 781 5.484606939025363 1.0534440808212437
u 4760 0.9984032867645677 -0.024114618859366607
x 4760 222.35430302391916 -377.3715762450939 1.6768324328261306
z 4760 126 4.17624132237561 1.249401031305915
z 4760 167 2.923393501546208 0.7743587272673951
z 4760 303 4.852570514336027 0.50393583392635
z 4760 726 1.8608793781316102 1.883400921630626
z 4760 781 5.077052526793524 1.2504903212752136
u 4761 0.996738176326576 0.009226576178681101
x 4761 222.27096150495973 -376.46579832053254 1.648265501352081
z 4761 126 3.9709197247750523 1.480261770288613
z 4761 167 2.3140683661629904 1.0695799288072738
z 4761 303 4.006061582319994 0.6141291984729236
z 4761 726 2.362393015734459 2.2879440907856257
z 4761 781 4.851701627369336 1.4372060201996142
u 4762 0.9716218658636008 0.000995543021309115
x 4762 222.19117859908513 -375.71000854572986 1.7036727361237851
z 4762 126 4.001346583738132 1.7235055356794406
z 4762 167 2.0337944286658134 1.5007757948547553
z 4762 303 3.2600701324350534 0.7856092433219253
z 4762 781 4.818988998608177 1.6373783004605817
u 4763 1.0401804880700092 0.010062316157633797
x 4763 222.10931005489505 -374.4426203258513 1.5669332013322697
z 4763 126 4.279904266593114 1.956212760905454
z 4763 167 2.2138292090038045 1.9783408872590105
z 4763 303 2.625128415665973 1.0581214096691385
z 4763 781 4.992122857964708 1.836813995950453
u 4764 1.040270775844388 -0.008709520735538476
x 4764 222.01845924746078 -373.45012957094974 1.7572270410779725
z 4764 303 2.305472374336184 1.4719914724196101
z 4764 781 5.364468654527471 2.033501956711257
u 4765 0.987901313817646 -0.013498574582353656
x 4765 221.83637354041025 -372.47463038571476 1.753436399011263
z 4765 303 2.4233044676332773 1.903494824681009
u 4766 0.9809874669094532 -0.002214706771506758
x 4766 221.69057201459418 -371.369955409791 1.650611067229062
z 4766 303 2.8969808309160943 2.2313680074182134
u 4767 1.0825000042722301 -0.011876299669142816
x 4767 221.73883199537997 -370.6044027035218 1.3650694066913651
u 4768 1.0272611508467606 0.0028814422585161648
x 4768 221.90992534952986 -369.5928279993617 1.441423298657634
u 4769 1.022165332462533 -0.009219644823112532
x 4769 222.04588051613527 -368.87294865652194 1.3268498236343103
u 4770 1.0017447244493332 0.007296030523924941
x 4770 222.25330136586854 -367.9207167788917 1.3857914014782304
u 4771 1.0279162831337647 0.013141855270507045
x 4771 222.34143415619133 -367.1250724765314 1.5351625477971913
u 4772 0.9993028772746972 -0.0012611728900336703
x 4772 222.36910318312232 -366.1345896845183 1.5505748536409332
u 4773 1.0410957239943721 -0.005248459448534657
x 4773 222.32120070594357 -365.12315473611625 1.6856688882997792
u 4774 1.0599923797397808 -0.003197705709434411
x 4774 222.20266572750265 -364.36835502488725 1.7674625934276778
u 4775 1.1067693116888637 -1.5707963267948966
x 4775 222.6350463782738 -363.43376042844625 0.5074994160598836
z 4775 307 8.02298819103174 0.2842893552222372
z 4775 388 7.762889248944161 0.6264823918935516
u 4776 0.9420540589692552 -0.00741391004396497
x 4776 223.7612261548019 -362.8631422097608 0.4304629196369012
z 4776 307 7.1247609372164975 0.329267399112509
z 4776 388 7.023763997474417 0.71301751179994
u 4777 1.0236997275586015 -0.019151131898998877
x 4777 224.9444945457276 -362.3642715337396 0.36751844929441546
z 4777 307 6.168675521299776 0.4036072594493749
z 4777 388 6.29242989863254 0.8399660958245132
u 4778 0.9960363119572876 -0.006192408201713431
x 4778 226.16270167089772 -361.8274483012633 0.4626120381833303
z 4778 307 5.268641354119483 0.48465453441935225
z 4778 388 5.678799527277106 0.9775005932392045
u 4779 0.9433581218574036 -0.007216165837511234
x 4779 227.28385160977575 -361.20550123028903 0.55033860670616
z 4779 307 4.457537181810498 0.5913092701880025
z 4779 388 5.2134891556093 1.1356756652413544
z 4779 694 8.426097891101609 -0.5679211942017592
u 4780 1.0197189394114727 -0.006440399301184805
x 4780 228.29047422969938 -360.6472833739033 0.4623137851630226
z 4780 283 7.822672234879847 0.8534037367995122
z 4780 307 3.6576613589658833 0.7545466034953447
z 4780 388 4.875400035466137 1.3332264918937815
z 4780 694 7.584351515358753 -0.6334958041070098
u 4781 0.9990180985117904 0.006877653604248234
x 4781 229.44628608462992 -360.0748655926425 0.45736972583149393
z 4781 283 7.202521609702442 0.9509177149714816
z 4781 307 3.005789000649698 0.9764817839097741
z 4781 388 4.737352168751769 1.5325936662431197
z 4781 694 6.807198804329958 -0.7277670812277415
u 4782 1.0092833935802237 0.009372317217565903
x 4782 230.31105066446605 -359.56236664167255 0.61261892904403
z 4782 283 6.662847086376233 1.0647390091681066
z 4782 307 2.5753694151316853 1.2967126157826367
z 4782 388 4.801161009333091 1.7348192673828073
z 4782 694 6.094248722924086 -0.8481109448340614
u 4783 1.0344097685910858 -0.006091586007641054
x 4783 231.04581607494657 -358.9478299014491 0.7804381286898705
z 4783 6 7.840932706430322 -0.6485283854234289
z 4783 283 6.230459935349555 1.2168082169665269
z 4783 307 2.50520715585616 1.711954176163398
z 4783 388 5.07670024090799 1.943206814613215
z 4783 694 5.462804859660036 -0.984137368873335
u 4784 1.0134207351101847 -0.008055453774712012
x 4784 231.8601248473836 -358.0721875716195 0.862912545128582
z 4784 6 7.057120622609129 -0.7268564279525958
z 4784 283 5.959527010721867 1.3852936782794796
z 4784 307 2.8350824393774148 2.0815286791266976
z 4784 388 5.530142836328326 2.1225202498512425
z 4784 694 4.970190225614421 -1.1462522559484587
u 4785 0.989427239173248 0.013901384338730628
x 4785 232.38223573278765 -357.39505072757225 0.9649966153468634
z 4785 6 6.356976043109081 -0.8451819281911579
z 4785 283 5.851436235826763 1.5381320791235096
z 4785 694 4.657569987968873 -1.3555727420576493
u 4786 1.0769516920341782 -0.0050505882518180655
x 4786 232.90324729224676 -356.46629433150105 1.1541315443828912
z 4786 6 5.69727883596672 -0.981697505766979
z 4786 283 5.91771343268247 1.7261060596270426
z 4786 694 4.548137796782503 -1.5838308672285695
u 4787 1.000307641227846 -0.012168436669882966
x 4787 233.30145487309215 -355.42753466459675 1.2553205886458798
z 4787 6 5.20280566435545 -1.1294110589790596
z 4787 283 6.158116034181954 1.8992947025648999
z 4787 694 4.663625311331704 -1.7878268785005462
u 4788 1.0035957025625997 -0.004462882844189294
x 4788 233.60797776059326 -354.33964569094144 1.3369932664258615
z 4788 6 4.857381306403437 -1.3126619719990171
z 4788 283 6.553126358673848 2.0491166894136494
z 4788 694 4.975124621935311 -1.9817495618458785
u 4789 0.9912795506727249 0.010942020389125878
x 4789 233.76641693613425 -353.5982137303094 1.383545326333988
z 4789 6 4.708443140556542 -1.5288897589307047
z 4789 283 7.059952003169777 2.1635042481576203
z 4789 795 8.162255966583606 1.0203738299299792
u 4790 0.9780871292356795 -0.0034895642647261
x 4790 233.90326727286865 -352.66166291624364 1.4678577570738653
z 4790 6 4.7669870823878995 -1.731847310003553
z 4790 795 7.6974961292543 1.1324911312676065
u 4791 1.052258485245313 -0.003416098720790788
x 4791 233.97374380081763 -351.52841726119493 1.549514909970367
z 4791 6 5.042144076087614 -1.9359665913700894
z 4791 795 7.314957250889665 1.2666357093357288
u 4792 1.0008485974024486 0.002302422474227402
x 4792 233.93145188818085 -350.5784706144865 1.6810595918095022
z 4792 6 5.480876150216311 -2.109597563854134
z 4792 795 7.078767652752702 1.399594023445017
u 4793 1.0393669184558252 -0.0022096075643222154
x 4793 233.80818825062642 -349.6545064458883 1.7257816285514274
z 4793 795 6.9784184609717 1.5491266589109403
u 4794 1.008408510780539 0.006457211027265856
x 4794 233.68239526761482 -348.59300393649215 1.6517201116933355
z 4794 795 7.026010397996768 1.6866466786826493
u 4795 1.0186881443359785 -0.010646488349523418
x 4795 233.67325359985477 -347.8706700835657 1.5151826660261802
z 4795 795 7.220307670839216 1.8378064368952778
u 4796 1.0000920556367279 0.006088315127526162
x 4796 233.7543431114809 -346.9882936509551 1.4431267992187307
z 4796 504 8.306645575218484 0.7476380769563082
z 4796 795 7.543280642732029 1.9600582548460483
u 4797 1.0197886073422144 -0.0038450037018334664
x 4797 233.86009121407778 -346.1373988168653 1.4511764001259193
z 4797 182 8.07456549980401 0.8396011915219841
z 4797 504 7.592032448780792 0.8431281843693537
z 4797 795 7.987936838255609 2.082200853716687
u 4798 0.9656233711386618 0.0074881805391626335
x 4798 233.99971114795326 -345.26946479143385 1.3714197531093877
z 4798 182 7.461543947326579 0.928268968234458
z 4798 504 6.984145077123852 0.9387192261204387
z 4798 708 8.401776976739658 1.0700158593547382
z 4798 795 8.499351436947626 2.174159504150129
u 4799 0.9827088800347522 0.000549721172222243
x 4799 234.08512697978935 -344.4287676260346 1.5676654288728855
z 4799 182 6.917335170590722 1.04167700917988
z 4799 504 6.452199959796264 1.0613367480740896
z 4799 708 7.9764358932818045 1.1777346299438012
u 4800 1.0122623509151147 0.005450474734165159
x 4800 234.00498178195284 -343.5640732530445 1.758771429390647
z 4800 182 6.463148058022979 1.1716268241937176
z 4800 504 6.02111199058803 1.2029608763504527
z 4800 708 7.643455416232612 1.2947872441651818
u 4801 0.999490291054774 0.005293519986972132
x 4801 233.90734399318112 -342.6771141867006 1.6021013372018258
z 4801 182 6.1415381820898 1.3166794608091532
z 4801 504 5.735410022553752 1.360833292985169
z 4801 708 7.430926241768963 1.4191725020353507
u 4802 0.9937196497981818 -0.0028227558825066044
x 4802 233.82675192223 -341.89990235770523 1.746140428706151
z 4802 182 5.9711128398334505 1.4813433089707235
z 4802 504 5.614478404681182 1.537690419089902
z 4802 708 7.348201283989676 1.5561071037980092
u 4803 1.0333166282787132 0.0017609709215754873
x 4803 233.5490679756612 -340.8309171345967 1.903746324497007
z 4803 182 5.96730446716235 1.652905826475151
z 4803 504 5.674137844143039 1.7189542712929011
z 4803 708 7.404550796682931 1.694337563780076
u 4804 1.0433963364426766 -0.00893368669544091
x 4804 233.09931375444683 -339.71230034695594 2.0024131393769213
z 4804 150 7.9399648719233396 0.16793631849247115
z 4804 182 6.146066682782628 1.8317865132705329
z 4804 222 7.986295836268216 0.8681036967149094
z 4804 227 8.234619106723677 -1.2999313319802022
z 4804 504 5.923232796096844 1.902884673351398
z 4804 708 7.6084550120252645 1.8397080970596802
u 4805 0.9761512568839502 -0.005463212102164511
x 4805 232.7679339769688 -339.0331366615399 2.0470588054489536
z 4805 150 6.97996599973771 0.1971540172552344
z 4805 182 6.4695317267702315 1.9834374537599144
z 4805 222 7.395257989823452 0.9746992127934293
z 4805 227 8.026084278979788 -1.4118359003407837
z 4805 504 6.311691711591563 2.054941591766365
z 4805 708 7.926348650031843 1.9640880818953095
u 4806 0.9971851232980208 0.0035578433889567533
x 4806 232.38382801098837 -338.2809318745892 2.0387807526421877
z 4806 150 6.004874220022969 0.22584022811345505
z 4806 182 6.928385761701439 2.1122148356612582
z 4806 222 6.88347659629791 1.0911662206269543
z 4806 227 7.931377736004907 -1.5398917322596353
z 4806 708 8.357842767489256 2.071038321411857
u 4807 1.025376934894942 -0.00047960849631780437
x 4807 231.8825422572239 -337.3639064996596 2.10333673709869
z 4807 150 5.010864804492665 0.2722057654841019
z 4807 222 6.474771221228127 1.232625851977688
z 4807 227 7.965654990213329 -1.668432096130282
u 4808 1.0358696938323875 -0.0038383991947437746
x 4808 231.35578856485625 -336.3690663261257 2.0121699488217812
z 4808 88 7.96342509770501 0.7003494836408866
z 4808 150 4.023456204029625 0.3457956659550474
z 4808 222 6.2104524249032504 1.3945758760246845
z 4808 227 8.130305038301337 -1.7917613680983033
u 4809 0.976124186997072 -0.003048811384458259
x 4809 231.01307253020656 -335.4025873812277 1.810961331124945
z 4809 88 7.245485979691545 0.7904913591618765
z 4809 150 3.1233407301606686 0.4554233123778122
z 4809 222 6.11679815373839 1.5554307698164926
z 4809 227 8.397013382536338 -1.9024162831434484
u 4810 0.9785432892507371 -0.010697856245324577
x 4810 230.67118737212004 -334.54826562592984 2.091959806249597
z 4810 88 6.597961298002549 0.907348303032073
z 4810 150 2.2885945066700213 0.6574009898262343
z 4810 222 6.184888840220498 1.7250026247588295
u 4811 1.0153928250956321 0.0013477962805801755
x 4811 230.22308716667283 -333.5707951180082 1.909314465743174
z 4811 88 6.025394158691918 1.0390947003480324
z 4811 150 1.6086570619331675 1.0516602903145618
z 4811 222 6.419088736607627 1.880621215005414
u 4812 1.0960707857711722 -1.5707963267948966
x 4812 230.54135172507958 -332.71650182030714 0.5190411478689834
z 4812 88 6.34537867793566 2.7610039962604596
z 4812 150 2.096895120613009 3.093730789202181
z 4812 222 7.31036833732129 -2.7699244411570993
z 4812 839 8.239724345149769 0.7005861001713849
u 4813 1.0333201388903117 -0.002264959684297313
x 4813 231.24944458263863 -332.2785125380049 0.5888509999491904
z 4813 88 7.315215107163008 2.8156163517504025
z 4813 150 3.1294593187238817 3.1114203770920845
z 4813 222 8.281267174255783 -2.8131224278299607
z 4813 227 8.21713515483323 -0.7067457878165984
z 4813 839 7.480343026263403 0.7921420748555441
u 4814 0.9739090169356002 0.005299950450046314
x 4814 232.1116356424549 -331.8246350048825 0.3802733568818919
z 4814 88 8.243000902508669 2.84845764338389
z 4814 227 7.505036327627407 -0.7966739119199264
z 4814 839 6.8296057238459005 0.8882619226357464
u 4815 0.9564000701395696 -0.007253989893321193
x 4815 233.06507013346294 -331.4647193719733 0.34163712876298025
z 4815 227 6.867842552942578 -0.8888035888159402
z 4815 839 6.273355381381189 1.0144447909504422
u 4816 0.9848832886566427 0.011486368629906074
x 4816 233.7885593584957 -331.17867508760105 0.41137619828400274
z 4816 227 6.2984491524738315 -1.0225499454761486
z 4816 839 5.808545413137492 1.1469240289083311
u 4817 0.9757052882974554 0.0016877919860188919
x 4817 234.61311519102117 -330.71825790984815 0.6071353664908603
z 4817 839 5.479099815172589 1.3082132256765462
u 4818 1.0434642555344105 0.002475943958758156
x 4818 235.46420889101194 -330.03153340273155 0.7507001410972096
z 4818 839 5.303542756719313 1.496839439241164
u 4819 0.9689301295574669 -0.005026038362803842
x 4819 236.26695246352384 -329.2293098049028 0.8194482289362068
z 4819 839 5.32285154061621 1.6844457846851864
u 4820 0.9729358539050363 0.0016681422591965803
x 4820 236.86389202617661 -328.48303842391306 0.972789261369476
z 4820 839 5.517732358763416 1.8588946793747132
u 4821 1.0378049391626198 0.003937829100913788
x 4821 237.29850098064938 -327.7443299005 1.1052053545049345
z 4821 529 7.835431382163939 0.4766572748787312
z 4821 839 5.8953216931131 2.0246516088280675
u 4822 1.0302467457487863 0.0017707617095738394
x 4822 237.64207796365113 -326.96357193511096 1.2072802421673225
z 4822 529 6.935675613295644 0.5429755191119372
u 4823 1.0015253407200053 -0.0022070020714620763
x 4823 238.0255508584749 -326.0505375312626 1.1390593234581017
z 4823 529 6.100832649247404 0.6302603686363444
u 4824 0.9927697085549855 -0.0110490466703642
x 4824 238.43096804660667 -325.1380263203004 1.1663470495130177
z 4824 147 8.039518827542881 -0.22337395432807705
z 4824 529 5.334720458625714 0.7520404740536599
u 4825 0.9843921919277675 0.005644182314912111
x 4825 238.86833767827403 -324.0779446837036 1.1926358616934936
z 4825 147 7.083644916174678 -0.2601895421013962
z 4825 529 4.6623834127852035 0.8906933181801371
u 4826 0.9626838018701742 -0.0003198489590163268
x 4826 239.41434863112426 -323.05318400539335 0.9698447062408482
z 4826 147 6.158300349450504 -0.30007259163815947
z 4826 529 4.12558190227068 1.073474947756191
u 4827 0.9864594587630472 -0.002774066977701155
x 4827 240.0709314058162 -322.08548246911647 0.9794513307383976
z 4827 147 5.22358935400171 -0.3528980787790523
z 4827 529 3.7577050774082394 1.3092408878281256
u 4828 1.1684851796965854 1.5707963267948966
x 4828 239.81968377524706 -321.0934844194715 2.6582573090019963
z 4828 147 4.877091750888163 -2.12081017210335
z 4828 529 2.8949971320635797 -0.07876868732087727
u 4829 1.0190264411431773 -0.006346043384161184
x 4829 239.14147674586303 -320.6916502881709 2.5551626248396424
z 4829 147 5.476588496783989 -2.2740760349929614
z 4829 529 1.880458247741317 -0.11336053960599513
u 4830 1.0020363864363984 0.01451181807740058
x 4830 238.5442349420774 -320.26498808378705 2.4873886417928217
z 4830 147 6.177027191334071 -2.4118634620455888
z 4830 529 0.8938792916482875 -0.2631666654759952
u 4831 0.9764297421609305 0.006278366326630381
x 4831 237.63127605445254 -319.6405648473804 2.5960437170498327
z 4831 147 6.937245848959002 -2.5117833591204564
u 4832 1.0033694248008247 0.0025282542081952663
x 4832 236.87856736726704 -319.27706400855584 2.787354679638147
z 4832 147 7.771279958942236 -2.5902987953542294
u 4833 0.9618988801607449 0.005576886579553014
x 4833 235.96122534161995 -318.913361412819 2.7409039372133632
u 4834 1.0117554310257053 -0.0018138116198332286
x 4834 235.15444023911206 -318.5807558224628 2.7602196767866714
u 4835 1.0332710926044844 -0.0023123308815355377
x 4835 234.25414906898743 -318.3405573897181 3.0015103400940752
u 4836 1.0092742100414336 -0.0013861911799257257
x 4836 233.59237059118544 -318.28956798691775 3.1278807235176185
u 4837 0.9551380214757892 -0.0007169768122341304
x 4837 232.34278025894264 -318.25486252850453 3.0997719212948045
u 4838 0.9901195987871482 -0.00017634873804076687
x 4838 231.32165974910887 -318.3017480216933 -3.008004915329641
u 4839 1.0160761927156576 0.0012436018801153701
x 4839 230.32652238385907 -318.44320954655115 -2.9927670054180555
u 4840 0.9649801457766406 -0.0005625565571689664
x 4840 229.608533507475 -318.5715486647613 -2.9366582553550935
z 4840 33 8.077351231306794 0.2075253616864381
u 4841 1.0443999479627266 0.001986498779087057
x 4841 228.7058360757463 -318.7538096882643 -2.948069774651414
z 4841 33 7.058397134375 0.23588636990502643
z 4841 588 7.740519845292818 0.6399427083985607
z 4841 750 8.040980795335269 0.6342031276006121
u 4842 0.9796780143882412 0.004055854604001378
x 4842 227.7831092120308 -318.9662595091854 -2.8825204517230962
z 4842 33 6.109606455083835 0.26899747648212635
z 4842 588 6.977938873593389 0.7195936481769412
z 4842 750 7.273704633236962 0.7098185285826313
u 4843 1.0837190531134129 -0.008983994704027788
x 4843 227.00148611393843 -319.13216243352224 -2.9823641131275203
z 4843 33 5.074616719339286 0.33569348300733814
z 4843 588 6.207773316540237 0.8444836231317918
z 4843 750 6.493832436327695 0.8283464923910806
u 4844 1.0014003342395306 0.00920807905722179
x 4844 225.85259265716329 -319.3007210858824 -3.009471934635253
z 4844 33 4.1404236470005955 0.4051884280369551
z 4844 588 5.58924318277811 0.9690739864125328
z 4844 750 5.859647442520536 0.9448554690754225
u 4845 0.986308406644514 -0.0015049540304836863
x 4845 225.01884646549743 -319.4831684513002 -2.8428482896364495
z 4845 33 3.2576377092209627 0.5265380918109202
z 4845 588 5.096880671682301 1.1308708876978688
z 4845 750 5.342608159088354 1.0966181706385125
u 4846 1.0000091598648646 0.010885954430650368
x 4846 224.37823529971524 -319.6345233467415 -2.976313523802416
z 4846 33 2.441650195785671 0.720983669052897
z 4846 588 4.752558056950522 1.31103344930969
z 4846 750 4.961131961234899 1.2655241100015386
u 4847 1.0093341352572383 0.002616338748837737
x 4847 223.15377688397902 -319.87333967875 -2.9216313654822854
z 4847 33 1.8093633001586706 1.094895993647297
z 4847 588 4.59665592835036 1.5221807377665275
z 4847 750 4.7549019825246726 1.4666895201670114
u 4848 1.032601021031029 0.0025676199517182317
x 4848 222.21037638964452 -320.03925442268115 -3.0133768267213887
z 4848 33 1.619836257717926 1.6942911749616965
z 4848 588 4.660687775331629 1.742739589894276
z 4848 750 4.758398251428563 1.681634910417209
u 4849 0.9717960132248296 0.00430413310823289
x 4849 220.99024512308412 -320.28997611484425 -2.864475747864816
z 4849 33 1.987295152020101 2.1968172066747833
z 4849 588 4.919051266532042 1.9344039639755746
z 4849 750 4.9588240651269 1.8734012156782436
u 4850 1.0052385780743176 0.0038307885179789873
x 4850 220.35921021720395 -320.49068102314584 -2.8028311548199163
z 4850 588 5.35789976327498 2.1069653815453186
z 4850 750 5.3435215849627395 2.0502337610589088
u 4851 1.048228378190368 -0.01881148189634436
x 4851 219.58745318396782 -320.8974414281014 -2.5102368648131335
z 4851 18 8.467820120233851 -0.27064301743484886
u 4852 0.9479210393793053 0.006563968393302993
x 4852 218.8217141724498 -321.4758399721446 -2.47911981364523
z 4852 18 7.55959271968142 -0.31113380298197413
u 4853 0.9838804791170783 -0.014220466764849247
x 4853 218.03154481936346 -322.31803529539496 -2.169547664133096
z 4853 18 6.6273892396729295 -0.3413698558042966
u 4854 0.9460312018700594 -0.006626932646028225
x 4854 217.48400429548212 -323.01389125412766 -2.3053982230492798
z 4854 18 5.7434803282005165 -0.38939808190018255
u 4855 0.978564193589867 -0.006309179922916626
x 4855 217.01536745499595 -323.56109537040976 -2.2526138793270127
z 4855 18 4.8510345624847515 -0.4591533581319376
z 4855 713 8.074052512160257 -0.4215600142764018
u 4856 0.9855193613308793 -0.003353090019215286
x 4856 216.47926031776427 -324.3042737126183 -2.1388292597521175
z 4856 18 3.9906678230784967 -0.5650946340180019
z 4856 713 7.185379469263168 -0.47414835214690987
u 4857 0.9600962324828 0.004889374098869796
x 4857 216.07303870685195 -324.9033456677065 -2.194495175882996
z 4857 18 3.2226855668609207 -0.730824904638883
z 4857 713 6.347573730784049 -0.5484819421090772
u 4858 1.043368826649196 0.0062847369675688314
x 4858 215.65249997946222 -325.5708634621915 -2.071476363854796
z 4858 18 2.5457678061584317 -1.0152020501157883
z 4858 713 5.486281463152466 -0.6545989788121647
u 4859 0.9901367954662912 -0.008708762862062819
x 4859 215.24176961256876 -326.262544016478 -2.1418350463539166
z 4859 18 2.18715529435795 -1.4001500227598025
z 4859 713 4.736281354968942 -0.772787225423297
u 4860 1.0431206496321646 -0.0029551874217757976
x 4860 214.4213509473267 -327.4129342191751 -2.238772336470864
z 4860 18 2.2561539987370796 -1.8701426396837664
z 4860 713 4.054107071350433 -0.9501649551635776
u 4861 0.9911115045525413 0.009017541512091328
x 4861 213.93272967518965 -328.2677720666502 -1.9413638610745299
z 4861 713 3.574102374707405 -1.187474025930107
u 4862 0.974020461941231 -0.003940080826589483
x 4862 213.56271171509476 -329.1974317779779 -1.9578157708554174
z 4862 713 3.3325978110499723 -1.4578033134919999
u 4863 0.9864701577373138 -0.001231413877339805
x 4863 213.3158809974297 -329.885713769704 -1.8724411293207726
z 4863 125 8.201388566451953 -0.44438682578131994
z 4863 713 3.366594433611388 -1.751977871890097
u 4864 1.015736860587488 -0.007292842413757716
x 4864 213.09625276173793 -330.53844134849896 -1.918307037374226
z 4864 125 7.295601498312371 -0.49652389348077497
z 4864 235 7.964122903908602 0.5725511154575766
z 4864 713 3.6842221667201547 -2.019496088593132
u 4865 1.0057973499287962 0.008705865126464856
x 4865 212.75639268633896 -331.6171548829693 -1.833717425209457
z 4865 125 6.431517531803295 -0.580395887058204
z 4865 235 7.136919140013352 0.6397536723678758
u 4866 0.9982467143922834 -0.001095329808073317
x 4866 212.53293218251116 -332.7379162717288 -1.7014792156049166
z 4866 125 5.623100814696149 -0.676720545663692
z 4866 235 6.3644139313070855 0.7346936037639704
u 4867 1.0408309794571318 -0.00374788873599679
x 4867 212.29371253804723 -333.8474444963151 -1.8648218285942386
z 4867 125 4.854172508363377 -0.8073412629315646
z 4867 235 5.636918387922221 0.8627970731975889
u 4868 0.9740588556103452 0.008715241077532092
x 4868 211.87134968044464 -335.00173948572024 -1.97831812105839
z 4868 125 4.243017779570476 -0.9833770511479711
z 4868 235 5.054306457202039 1.0004574744592425
u 4869 1.017308015947722 0.01681659362632149
x 4869 211.47536721286312 -335.87461946110324 -2.0150456585538894
z 4869 125 3.7834175652874165 -1.227194229361704
z 4869 235 4.577784217797008 1.1707659926689278
u 4870 0.9921939677584101 0.008742246084004607
x 4870 210.93319637525641 -337.03568024339785 -2.0002856918143843
z 4870 125 3.5777645455239298 -1.500530169773925
z 4870 235 4.285586844338912 1.3765078471648895
u 4871 0.9761876363172077 -0.0010850203414469416
x 4871 210.54863939814342 -338.2270067834583 -1.76578362955794
z 4871 91 8.024440692067186 -0.6260919549183255
z 4871 125 3.641311055595092 -1.7701545287828686
z 4871 235 4.2081151329247275 1.6072432227503075
u 4872 0.9967705352010259 0.007478865103265319
x 4872 210.39489467242225 -339.0611972890647 -1.7403266364172703
z 4872 91 7.2427604103403285 -0.714720795507894
z 4872 125 3.964452256409747 -2.0264516320044876
z 4872 235 4.3561582661142575 1.8305021241981407
u 4873 0.9720758360219021 0.005839229053554151
x 4873 210.2517345844633 -340.2595513408997 -1.6390668875184546
z 4873 91 6.541746573489545 -0.8184339669404443
z 4873 235 4.69807936525379 2.0261479961281452
u 4874 1.0381895926587406 -0.007285646962677394
x 4874 210.23682028188625 -341.3923326538075 -1.5288564279892842
z 4874 91 5.878263909290404 -0.9400062964802611
z 4874 398 7.748724764127679 -0.5483866121327581
u 4875 1.0068526484563824 -0.0022266411139175582
x 4875 210.25523041851744 -342.04354322495 -1.5562100107013281
z 4875 91 5.345632547035989 -1.0903517867605879
z 4875 398 6.908821052438956 -0.6220672661917002
u 4876 0.976801891248662 -0.004152083064564344
x 4876 210.25542701664534 -343.2380080634958 -1.585053460948957
z 4876 91 4.968311973209403 -1.261251712910601
z 4876 398 6.140105041111427 -0.7104804009420338
u 4877 0.9731966340654205 -0.0014003170293116337
x 4877 210.0468098571226 -344.78842428231985 -1.824043673875302
z 4877 91 4.762244887051879 -1.4557015040481602
z 4877 398 5.439031426855241 -0.8259476073137337
u 4878 0.9485210187179722 -0.0030520023360430457
x 4878 209.74939221696243 -345.7098434367609 -1.9419981964862114
z 4878 91 4.74631239781801 -1.6524627159545087
z 4878 398 4.845304462871653 -0.9671138176355623
u 4879 1.050072575257286 -0.002403117480446152
x 4879 209.45596698685196 -346.6083175621591 -1.8309181566895516
z 4879 91 4.942806574990145 -1.863432158709069
z 4879 398 4.335085415337824 -1.1653008970861582
u 4880 1.0283776869015893 -0.0026137514123957483
x 4880 209.20242770970825 -347.56056417155514 -1.8311082860752586
z 4880 91 5.329997299585173 -2.0466984376659876
z 4880 255 8.440433109410863 0.7004173902946924
z 4880 398 4.040124813741318 -1.398638514129474
u 4881 0.978289237100281 0.00995445574768453
x 4881 208.90674595786098 -348.67047379390436 -1.8311942690948007
z 4881 255 7.714838866688154 0.7717999449665305
z 4881 398 3.9955313327181567 -1.6524333456834475
u 4882 1.0237356470544847 -0.006451796292377759
x 4882 208.78814613568318 -349.2559720181709 -1.7101144204894831
z 4882 255 7.020124203637172 0.8804708656963038
z 4882 398 4.2015597223586365 -1.891343060587975
u 4883 0.9669534184946668 -0.0056727221850860895
x 4883 208.69906318368945 -350.36969798013286 -1.5911112162067012
z 4883 255 6.44993577574727 1.0022661731163947
z 4883 398 4.596348298040629 -2.08687051126686
u 4884 0.9771645750403937 0.012412778942886029
x 4884 208.5579656096829 -351.4299355106968 -1.8150888253549218
z 4884 255 5.975294275254349 1.1275472161374296
u 4885 0.997486624175195 -0.004158282851374802
x 4885 208.36851739919246 -352.4248449467494 -1.7028336496080305
z 4885 255 5.622194858881997 1.292833691260661
u 4886 1.0668116854018284 -0.008948113009035955
x 4886 208.20607561346108 -353.67723770237984 -1.6967290834779156
z 4886 255 5.432056455249372 1.4920194247556413
u 4887 1.0339371943071205 -0.0064110861703231955
x 4887 208.1433706760651 -354.4827064628883 -1.600248174384083
z 4887 255 5.452356395344989 1.6886655462407738
u 4888 1.005170776618678 -0.0019957036588817544
x 4888 208.18965121208615 -355.5907613868472 -1.4578582713931547
z 4888 215 7.897960211823161 0.05102942530833188
z 4888 255 5.660247841929989 1.8679191474272887
u 4889 0.9858417790086078 0.0028173922349263854
x 4889 208.24654176017776 -356.88014817552806 -1.595547231342983
z 4889 215 6.913505113863076 0.05528492975919441
z 4889 255 6.021846278318832 2.0223538916177546
u 4890 1.008104771908916 0.0031149322197809503
x 4890 208.24999015711265 -357.63958206826925 -1.5369639912808666
z 4890 215 5.907103496068949 0.06133482665168577
u 4891 0.986295687046893 0.00833471161266163
x 4891 208.28735787526531 -358.43070092222524 -1.5102307969737057
z 4891 215 4.922744448695452 0.06444787384034045
u 4892 0.9155156127975095 0.0014045231882327258
x 4892 208.42203998469245 -359.51406588740156 -1.3839943706226627
z 4892 215 4.009512556491175 0.07758941777880812
z 4892 520 7.9454143423149715 0.5094499206440144
u 4893 0.9545318002711711 0.004673723270985931
x 4893 208.53559606015565 -360.72970334449104 -1.5713133036936282
z 4893 215 3.0585250948617926 0.09638115578102813
z 4893 520 7.126105296452065 0.5698750013691019
u 4894 1.0641228863895806 0.001441233570189355
x 4894 208.6725095985379 -361.9104307326881 -1.3393965969460224
z 4894 215 2.001849369983888 0.14573450225280293
z 4894 520 6.256073990214578 0.6602298654178451
u 4895 1.0562686707796471 0.007764800977015518
x 4895 208.84662380880496 -362.93184695022154 -1.4645147980823257
z 4895 215 0.9677831861799355 0.29289137269395926
z 4895 520 5.457469338186805 0.7708478373689349
z 4895 807 8.492932930727305 0.9902668654012627
u 4896 0.9687050300270054 0.00030498747163642555
x 4896 209.00001150805937 -363.9863050895512 -1.3881724657694816
z 4896 215 0.2824331702272385 1.7202423002638145
z 4896 520 4.810068175334928 0.9113031708101023
z 4896 807 8.00259760911235 1.091343013772244
u 4897 1.0162425502734962 0.01011887531621479
x 4897 209.19916901567893 -365.12518182571927 -1.407177500338524
z 4897 215 1.0932083002222033 2.8779984975061783
z 4897 520 4.259149254202431 1.0901317225719875
z 4897 807 7.582769895622759 1.2000979368672242
u 4898 1.0382848976864587 0.011657659662387606
x 4898 209.41440963274397 -366.157315216499 -1.323229143265171
z 4898 520 3.883732169307767 1.3170540453816315
z 4898 652 7.654553377733801 -0.1799224740233223
z 4898 807 7.2654458165206 1.3217300419025069
u 4899 1.0225168597391348 0.012182661046247325
x 4899 209.67533775001934 -367.49862893770694 -1.4340992118430964
z 4899 520 3.7534472128272123 1.5712864680172167
z 4899 652 6.6523702962258495 -0.2205358415450922
z 4899 807 7.076871125549676 1.4498151813724327
u 4900 1.074907333929003 1.5707963267948966
x 4900 210.50374762649747 -368.0263163133285 0.2997518413337099
z 4900 520 3.1449030110344527 0.21994655885450598
z 4900 652 6.188553962093515 -1.9238063028096075
z 4900 807 6.343109318529867 -0.026768256232545085
u 4901 1.0234175670248435 -0.009514273230652515
x 4901 211.21625517213843 -367.9687920455556 -0.13863138434034683
z 4901 520 2.159292429178487 0.33526424426242674
z 4901 652 6.608194357427086 -2.060384742052669
z 4901 807 5.319991202623481 -0.021487961787446608
u 4902 0.9907494780303229 -0.0032537830044659854
x 4902 212.27113105131363 -368.11639822455703 -0.1394183485781637
z 4902 652 7.126618146349924 -2.180237520349433
z 4902 807 4.32948227243194 -0.022778858538384128
u 4903 1.0390838106629945 -0.00739018788954246
x 4903 213.07904812919978 -368.23940532413843 -0.1627652375958717
z 4903 652 7.765370856896009 -2.283072286952774
z 4903 807 3.290649772381181 -0.02141438091097214
u 4904 1.0071088562983639 -0.0007299878320535003
x 4904 213.93358136176255 -368.4294509661223 -0.274905780400577
z 4904 652 8.457737834608613 -2.372618655095935
z 4904 807 2.2838624166760217 -0.029965934015212525
u 4905 0.9772447460521526 0.005801392849511847
x 4905 214.8882663861425 -368.6941057448006 -0.26594628305014467
u 4906 1.0053860110257253 0.002512812466341357
x 4906 215.89831976651772 -368.9379936141805 -0.20790444169107847
u 4907 1.0213021037139176 0.004535765907937092
x 4907 217.09602002162467 -369.11998927377925 -0.09369687269665672
u 4908 1.0140558510946724 -0.013394529725581722
x 4908 217.7705298420559 -369.2283152265814 -0.2247826512539728
u 4909 0.9692957450073508 0.00988103773178376
x 4909 218.7039297397628 -369.47604645883166 -0.2940700525934288
u 4910 1.0157350785432007 -0.008622606567562195
x 4910 219.7248468017142 -369.70158395766714 -0.1407787387734647
u 4911 1.0221903519644495 0.013963271934214514
x 4911 220.80279607110225 -369.909406918488 -0.2401371289718024
z 4911 429 7.573545917751165 -0.38728925816056714
u 4912 0.968395012436389 -0.004692657572492693
x 4912 221.99180459289173 -370.2832158221648 -0.369069117975378
z 4912 22 8.337733069101468 0.025927258781905937
z 4912 429 6.685915225724782 -0.4370121214911329
u 4913 1.0172763505168798 0.005496268998461068
x 4913 223.11994235802337 -370.54456894035354 -0.08623438596960087
z 4913 22 7.320769230512557 0.02365161782332237
z 4913 429 5.781672716928118 -0.5174837412362931
u 4914 0.9917203204229927 0.002237791522680247
x 4914 224.06307232846098 -370.5959986523875 -0.022719473996160033
z 4914 22 6.32934030693212 0.02494410088101695
z 4914 429 4.944844843488022 -0.6192951664494846
u 4915 0.9779906523250147 -0.01745725624799715
x 4915 225.2485055147824 -370.6406883454863 -0.05264291738888671
z 4915 22 5.352017738681213 0.04855327636585738
z 4915 429 4.181329640529259 -0.7363406153230079
u 4916 1.0193002887700873 -0.007300715922518578
x 4916 226.31782424654784 -370.74779035552467 -0.14700944741312316
z 4916 22 4.3344346382738 0.0681250807461713
z 4916 429 3.490831360909057 -0.9256092104947817
u 4917 0.9724289429468473 -0.009036006096825446
x 4917 227.35834507015943 -370.8076694878027 0.032041708923200574
z 4917 22 3.3653137956913293 0.09813478029546285
z 4917 429 3.0040654415656136 -1.1772687307374718
u 4918 0.9717779248391516 0.001224568512056614
x 4918 228.3475585405526 -370.8063569839766 -0.029388079357597796
z 4918 22 2.4000192928188224 0.13634513731567033
z 4918 429 2.780876049324397 -1.5072018797372921
u 4919 1.007244800021735 -0.006933118778535449
x 4919 229.44336160246814 -370.8691384344268 -0.0850720738350712
z 4919 22 1.4096110078750945 0.24302137226922715
z 4919 415 8.266163751971208 -0.44663207358131896
z 4919 429 2.893512236206013 -1.8549819377514165
u 4920 0.973829138555744 0.0022727988280947953
x 4920 230.42479349777759 -370.9297733980626 -0.03833535072691596
z 4920 22 0.5194523619597906 0.706459507871334
z 4920 415 7.400359723183251 -0.5059092112801533
z 4920 429 3.3025717687934755 -2.1441216879647946
u 4921 1.0109219819770354 0.0034182872573273156
x 4921 231.3195423002505 -371.0125667818415 -0.14620424365515206
z 4921 22 0.701241584304296 2.6393458799178244
z 4921 415 6.535411612261923 -0.5845898479069609
u 4922 1.0051024741281334 0.0013899750536631925
x 4922 232.58042045273803 -371.114747921507 -0.015521657826328639
z 4922 415 5.724595787676378 -0.6831272804378092
u 4923 1.016026133626945 -0.006593875864555081
x 4923 233.5549930775556 -371.1636378614644 -0.084725340144022
z 4923 415 4.975623067099434 -0.8052614899152659
u 4924 0.9783905244484862 0.003909744209870625
x 4924 234.57671401206917 -371.28556479611245 -0.15282103222766263
z 4924 415 4.356761906205348 -0.972111449335272
u 4925 1.0115855889307046 -0.0042696903852513495
x 4925 235.4744828477 -371.52280177068695 -0.36387184215817703
z 4925 415 3.8757829121161653 -1.1848334977394241
u 4926 1.0201599412961029 0.018758886438899447
x 4926 236.39328057410904 -371.81445234140415 -0.25086131320863014
z 4926 415 3.626894095151237 -1.4682331972379359
u 4927 0.9967429575196602 -0.0028562476029613507
x 4927 237.1241047707827 -372.06737094395714 -0.4154830907290119
z 4927 415 3.660237377354665 -1.7396479677021768
u 4928 1.0544395719440134 -0.002872842819181017
x 4928 238.25926691388764 -372.5018162371189 -0.3155541243768387
z 4928 415 3.974346345803036 -2.001456731253386
u 4929 1.0350099211063193 -0.015175273453886844
x 4929 239.28855974723822 -372.7665654231368 -0.18796047915918956
u 4930 1.0419869942646314 0.004740462507211257
x 4930 240.18181479683005 -373.00846712293605 -0.34097134753605474
u 4931 0.9697155726303199 -0.014777497531834492
x 4931 241.27414048139136 -373.35069227848487 -0.2662549056071648
z 4931 314 7.61462166674585 -0.3825884000900901
u 4932 1.0434852936468937 -2.3852841216365793e-06
x 4932 242.54577940980107 -373.6680448309588 -0.22287756638264078
z 4932 314 6.657984543714495 -0.4411290304821307
u 4933 1.0259661601234813 0.0043110112585148345
x 4933 243.22659700810334 -373.82346955198153 -0.22601226033061605
z 4933 314 5.748049756146853 -0.5220706585924257
u 4934 1.0203527391944631 0.005792662950564159
x 4934 244.41011343924166 -373.9944893058293 -0.06100380308445974
z 4934 314 4.891901141733987 -0.6325915641608328
u 4935 1.026768789591538 -0.0031006456957343668
x 4935 245.4736376049151 -373.999978777347 0.05068072262127821
z 4935 314 4.107787234092517 -0.7775015623297961
z 4935 612 7.951237233433074 -0.9637513201574723
u 4936 0.9981503202179711 0.0013606906897113543
x 4936 246.18882292414668 -374.0235399827381 -0.11654529362933408
z 4936 314 3.4684268473009343 -0.9822809844775842
z 4936 612 7.427831143900815 -1.0757608938246297
u 4937 1.001519191313521 0.007203358230139437
x 4937 247.22291690533257 -374.14928124576517 -0.12545783245444975
z 4937 314 3.0326859220227513 -1.2684293616684528
z 4937 612 7.011050701380419 -1.2092428722411555
u 4938 0.9533068802660268 -0.004362954814228281
x 4938 247.7026906977907 -374.2396103583987 -0.24673401528727146
z 4938 115 7.923117466286277 0.060580370954284035
z 4938 314 2.893462474979409 -1.5837936351385853
z 4938 494 8.176166701173933 -0.05635818851140684
z 4938 612 6.731118550224456 -1.3376301914139717
u 4939 1.1057677378303985 -1.5707963267948966
x 4939 248.24280982089948 -375.38900100809013 -2.016271526084955
z 4939 115 7.301212381699635 1.7336312641606462
z 4939 314 2.3114475641250753 -0.32659565593487816
z 4939 494 7.463201992525447 1.6034159350744712
z 4939 612 5.9066922788677445 0.14463395336790263
u 4940 0.9796986345901966 0.010490074970254563
x 4940 247.8392330884774 -376.3495049427132 -1.920869285733101
z 4940 115 7.517489601373101 1.8522062967625113
z 4940 314 1.4214961532502968 -0.5635464258633323
z 4940 494 7.5537700156981575 1.722939290062472
z 4940 612 4.938376360261515 0.1617104224578867
u 4941 0.9847722826654449 0.004231122375420403
x 4941 247.47176351188068 -377.2703465244105 -1.9801121625208207
z 4941 115 7.846280069972812 1.9689144409625499
z 4941 494 7.76227297345774 1.8444807972576172
z 4941 612 3.9692059472594345 0.19691759816229526
u 4942 1.0322628044757665 0.017447315617660216
x 4942 247.0411971800111 -378.04868012315285 -2.172058524294022
z 4942 115 8.293317332880036 2.0668730176449133
z 4942 494 8.09413155524984 1.9504265358773711
z 4942 612 2.96148525791953 0.24472659193457735
u 4943 0.973557186125071 0.010281616191896362
x 4943 246.33084994615672 -378.84193127410055 -2.430167983107846
z 4943 494 8.498693139298974 2.0469620119091445
z 4943 612 2.0289362606356773 0.3485572373881545
u 4944 0.9919883929817315 0.0002097316436646598
x 4944 245.543539270677 -379.443691713373 -2.547806098292889
z 4944 612 1.1476829024444304 0.6479321786318852
u 4945 0.9912827652347113 0.019437441347381193
x 4945 244.72603158648477 -380.004680096261 -2.53254680531679
z 4945 687 8.495156662320225 -0.3389227498250085
u 4946 0.976111706889446 -0.008985944997356712
x 4946 243.82256595217854 -380.75687434381143 -2.3620686783877347
z 4946 687 7.579901111697393 -0.3722175838014383
u 4947 1.0184244560586238 0.008858646306387162
x 4947 243.11132652289598 -381.66628015778156 -2.106975837509901
z 4947 687 6.643436563692516 -0.43748959623516903
u 4948 0.9921547137636003 0.005999614010398124
x 4948 242.54326154404822 -382.5536239651578 -2.1735069146690407
z 4948 687 5.761542749328365 -0.5169795108433028
u 4949 1.00209429511211 0.0020803850079099966
x 4949 242.00171270196034 -383.3751138420437 -2.1337553764954014
z 4949 687 4.916027802386747 -0.6201667206322159
u 4950 0.997922862994109 -0.011584201169901014
x 4950 241.30876295833633 -384.24735857607743 -2.350525372701839
z 4950 524 8.094863728086079 1.1650952690243308
z 4950 687 4.14074788753777 -0.7479567734435033
u 4951 1.010641882159939 -0.006182854128090668
x 4951 240.41222017615112 -385.07421388242886 -2.4426917483756427
z 4951 524 7.754820879819472 1.2914709269740765
z 4951 687 3.4661248447754653 -0.9407357312148146
u 4952 0.935219546651237 0.012523277592641819
x 4952 239.69773080437974 -385.7294177331051 -2.3562108222592304
z 4952 524 7.544902955500893 1.398162303156849
z 4952 687 3.0169022955423745 -1.2076015565163103
u 4953 1.0013599734193253 0.0026754039674542177
x 4953 238.98615509083916 -386.49395837603254 -2.2844463918270868
z 4953 524 7.437254414092692 1.528487303155198
z 4953 687 2.822318059573042 -1.5485133454373317
u 4954 0.9458089251729451 0.0021599073037628764
x 4954 238.45305419826795 -387.2296573397473 -2.1112620994612246
z 4954 479 8.296229337382465 1.1192739091367194
z 4954 524 7.4563451946098995 1.6533958456919873
z 4954 687 2.957506433265645 -1.8761151329853294
u 4955 0.9873131265432491 -0.01550761575357337
x 4955 237.90342980654728 -388.2737339321695 -1.999452003374444
z 4955 479 7.922672039992283 1.2475675062790899
z 4955 524 7.609227651929545 1.798487335540151
u 4956 0.9553249806809831 -0.0054295129635284515
x 4956 237.6040812064628 -388.85648975783806 -2.091200053873625
z 4956 479 7.6754321827992005 1.3714000644782232
z 4956 524 7.882461283439707 1.922185749338138
u 4957 0.9968200985399527 -0.0024769337353387757
x 4957 237.10694531862197 -389.5025493930578 -2.362108484651251
z 4957 365 7.883686067093464 0.6097771534476628
z 4957 479 7.542777634305549 1.5038116792789555
z 4957 524 8.279745544413773 2.037889078308468
u 4958 0.9539642337173291 0.0012135022797763327
x 4958 236.65858473305678 -389.97349639783965 -2.3011524857790215
z 4958 365 7.122265586379525 0.6852782764257945
z 4958 479 7.538671593683586 1.6291898113783025
u 4959 1.0135273290812123 -0.007630832780233297
x 4959 235.93761185697028 -390.783908348499 -2.2945609373923173
z 4959 365 6.372672351114106 0.7942074310147706
z 4959 479 7.668690863679211 1.769114550826016
u 4960 1.024523705456977 0.005566203093888373
x 4960 235.36781439490443 -391.4978230548465 -2.1942322595357258
z 4960 365 5.699393357299074 0.9168654189693015
z 4960 479 7.931674677964099 1.8905968881526825
u 4961 0.9485994683362986 0.018171609006687326
x 4961 234.87001119151267 -392.1605543187064 -2.235819550665542
z 4961 365 5.169883245227647 1.0438128577073016
z 4961 479 8.271152850711601 1.9818378532582708
u 4962 1.014540722752136 -0.0035375815655066772
x 4962 233.95262330408684 -393.17421635711213 -2.3769402053382547
z 4962 229 8.489311587201122 -0.9570866850725763
z 4962 365 4.743127352986506 1.2334905615216307
u 4963 1.0040245266763548 -0.002546703281044652
x 4963 233.1604778969911 -393.9950030433706 -2.2999379566395013
z 4963 229 7.952441759372167 -1.0578454419659455
z 4963 365 4.51272623239558 1.4476568865332506
z 4963 729 8.489393589980834 1.087138314750102
u 4964 1.0397307059729197 0.0012011313594474816
x 4964 232.4975545711934 -394.826618210891 -2.187658040816835
z 4964 229 7.497705275045702 -1.1802096246891423
z 4964 365 4.504166709065331 1.6775805178415322
z 4964 729 8.058056730257508 1.2003809705368216
u 4965 1.0492587766754973 0.0019009963091439726
x 4965 231.78214168070423 -395.75613990580223 -2.2658613316214375
z 4965 229 7.165187634805618 -1.3179908195729446
z 4965 365 4.731484188238182 1.898027291248038
z 4965 706 8.127142214270526 -0.9758660282047034
z 4965 729 7.739301494678765 1.325152000558921
u 4966 0.9656233675318642 0.010848077491752805
x 4966 231.2240185717755 -396.46875086113397 -2.204567648927841
z 4966 229 6.991706277312912 -1.463147010046976
z 4966 365 5.119513584424662 2.0670808826326104
z 4966 706 7.632625323361668 -1.0920675903911965
z 4966 729 7.557508314767612 1.4383856360295102
u 4967 0.961845690836597 -0.02232844566876143
x 4967 230.7297192509253 -397.18452825906206 -2.145772375050002
z 4967 229 6.943689737944997 -1.5787973583818944
z 4967 706 7.23004116140246 -1.1873954783698453
z 4967 729 7.502177928651243 1.5883251398349678
u 4968 1.004473308134648 0.012705806091576486
x 4968 230.06056568551196 -397.9588811562836 -2.421118566123493
z 4968 229 7.030220640018169 -1.734857321536566
z 4968 706 6.923495760009095 -1.3354034433013418
z 4968 729 7.5802413902598165 1.7085130362226817
u 4969 0.9889373904240025 0.001224589931467938
x 4969 229.07299717288132 -398.70468009010295 -2.568441636448063
z 4969 229 7.258197396594505 -1.8708978112223034
z 4969 248 8.474487532783757 -1.356872981401322
z 4969 706 6.762189422954428 -1.4793449821148488
z 4969 729 7.777351556093888 1.8335867567711013
u 4970 1.013532272894545 0.003531622306040363
x 4970 228.3931138900846 -399.308036537309 -2.2630775525935274
z 4970 229 7.621210682367614 -2.0017480829662158
z 4970 248 8.32027364683319 -1.4797713570731892
z 4970 706 6.7473509940351155 -1.6330484964167582
z 4970 729 8.098331597012333 1.951265443215326
u 4971 1.0075489436075113 0.007142994412358808
x 4971 227.55181561472594 -400.3094075289828 -2.2760064566086156
z 4971 229 8.097107676421354 -2.122001591746518
z 4971 248 8.293233151735521 -1.6082377066745606
z 4971 706 6.887396040661823 -1.786686606401754
u 4972 0.9814143029889767 -0.003358716774625797
x 4972 226.71765097036752 -401.2584171795465 -2.3077505566468632
z 4972 248 8.385875389933013 -1.7221042265195456
z 4972 706 7.160528600334494 -1.9176578084840359
u 4973 1.0395067986056818 -0.0028758811144481327
x 4973 225.85866410165875 -402.36345030404584 -2.1553832539449282
z 4973 706 7.575906118970206 -2.0442506494683275
u 4974 1.0020452121576975 -0.004051091326342667
x 4974 225.2997290252371 -403.29976445502285 -2.0625607615453627
z 4974 605 7.918984051116754 -0.9471780087983053
z 4974 706 8.080461494734271 -2.1509070993702273
z 4974 727 8.337818698554107 0.7309419764612848
u 4975 1.010564927291272 0.005377730927116917
x 4975 224.96140626620274 -404.0857109080072 -1.8920134377550784
z 4975 605 7.376978789856858 -1.0642057929391862
z 4975 727 7.613364687688105 0.8140239158318785
u 4976 0.9905041551680808 -0.009001061098815294
x 4976 224.7910537692656 -404.84269672768687 -1.692285271221451
z 4976 605 6.946428475186939 -1.1798974260925932
z 4976 727 6.974154683592735 0.9269092646252135
u 4977 0.9719296148475739 -0.0006972089060633375
x 4977 224.79553505920842 -405.65193190723573 -1.4382321245218648
z 4977 605 6.636889450960591 -1.3149945728675105
z 4977 727 6.438090619406244 1.048671009818249
z 4977 853 8.057308510817041 0.9764069910495081
u 4978 0.9892384509664284 0.004859502350296414
x 4978 224.8297060785444 -406.8460395106207 -1.6461434134384025
z 4978 605 6.460291666595573 -1.4686393364089434
z 4978 727 6.004019907868599 1.186909059689226
z 4978 853 7.545835829188045 1.0801951641254526
u 4979 0.9304421936296406 -0.004375103592273127
x 4979 224.82517041916947 -407.8821771248013 -1.5042041204724483
z 4979 605 6.430314978437655 -1.6086747391506497
z 4979 727 5.7229480549856815 1.3427428874853753
z 4979 853 7.156572724114089 1.1996349263072865
u 4980 0.9754824162437713 0.0012560694380568654
x 4980 224.9174668691852 -408.66752845541635 -1.4034167686194483
z 4980 287 7.735324807566032 0.6160200577616628
z 4980 605 6.540907641677148 -1.7595130723591539
z 4980 727 5.583243319425761 1.5124865049416414
z 4980 853 6.862642264219437 1.331201452979701
u 4981 0.9698218381636576 -0.005569909671039364
x 4981 225.07905272366725 -409.56702413744955 -1.3826864867334765
z 4981 287 6.968081550591944 0.702411229421628
z 4981 605 6.787442511556768 -1.8948306263558377
z 4981 727 5.613569358279084 1.6914209053754643
z 4981 853 6.701760841853423 1.4779121078066106
u 4982 1.0461279829487917 -0.001360778086842117
x 4982 225.32056056854785 -410.70544097150304 -1.3408174346374753
z 4982 287 6.207011583139921 0.8129631222484592
z 4982 605 7.188610849465684 -2.031895376077996
z 4982 727 5.8333337481291 1.8717539597388555
z 4982 853 6.687073320981233 1.6356856788338234
u 4983 0.9997836244476425 -0.00266495101535225
x 4983 225.5710531489506 -411.5649520809617 -1.2336119757030348
z 4983 287 5.568452039445064 0.9465741150035756
z 4983 605 7.684662865452721 -2.1460871216679402
z 4983 727 6.204824599476334 2.0288559947399207
z 4983 853 6.826517252797318 1.785010650574927
u 4984 0.9725290276546462 0.010139693492365412
x 4984 225.87122703786105 -412.3938387496702 -1.2130812944314255
z 4984 287 5.057537202453526 1.0925250234217803
z 4984 853 7.092527358299946 1.9094081100036782
u 4985 1.1024788085147763 -1.5707963267948966
x 4985 225.44999319149088 -413.3971674186752 -2.7234891044660587
z 4985 287 5.440515314674754 2.83811510006708
z 4985 584 8.313780622789173 0.5655510420938139
z 4985 853 7.99918035534874 -2.749341722838831
z 4985 866 8.023503498540427 0.6118251380906328
u 4986 1.0046876979233792 -0.004492164947347748
x 4986 224.6224299947805 -413.7501472538003 -2.753365909899656
z 4986 287 6.406901112247455 2.889149995552529
z 4986 584 7.486264046532302 0.6422777369695281
z 4986 648 8.39812330604737 0.3327510448927127
z 4986 866 7.225591439958597 0.6965213046302656
u 4987 1.0214711460939787 0.004161305943413891
x 4987 223.57208418793599 -414.3739094235624 -2.458028910432205
z 4987 287 7.399934008919399 2.9197514078115354
z 4987 584 6.69493117592524 0.7293835167376255
z 4987 648 7.4393872821694 0.37318455085793545
z 4987 823 7.522465444488796 -0.047123490775682786
z 4987 866 6.473769922607771 0.7935084550486673
u 4988 0.998951071360004 -0.0008722777424556834
x 4988 222.8690882828442 -415.0020409722469 -2.3667243240989815
z 4988 287 8.377373217056546 2.9468127268967566
z 4988 584 5.987577286015332 0.8417227641579514
z 4988 648 6.51955520501888 0.43001098147493977
z 4988 823 6.5247694824691465 -0.05339657416878829
z 4988 866 5.817250773414427 0.9171481244706747
u 4989 0.9615893877150165 -0.00549717920665895
x 4989 222.11599151883073 -415.60445945448123 -2.5670745277363864
z 4989 584 5.397055198264288 0.9808197895319708
z 4989 648 5.660995960682926 0.5068048665283742
z 4989 823 5.564627331625225 -0.05664792416577491
z 4989 866 5.29022362716995 1.0677568050929747
u 4990 1.052014585705273 0.010584410807093181
x 4990 221.34022645189663 -416.1151058210317 -2.5518065108226433
z 4990 584 4.885441655072946 1.1494912716102137
z 4990 648 4.765448511655619 0.6025505383113767
z 4990 823 4.51510469786887 -0.08165552546233634
z 4990 866 4.865761346778332 1.2471826171561826
u 4991 0.9861386575914616 0.01719367939137466
x 4991 220.7288022504274 -416.65621268987803 -2.282453852894596
z 4991 584 4.563349469046321 1.3300170003561504
z 4991 648 3.9865953746029743 0.7242362212270459
z 4991 823 3.5341094968420976 -0.12400090029147481
z 4991 866 4.6387859063095 1.4323263928937848
u 4992 0.9858424013813629 -0.010985470401623574
x 4992 219.93049168118236 -417.45609655752963 -2.427966283321926
z 4992 584 4.438303173703495 1.5587187641814442
z 4992 648 3.3175481338555777 0.934646853015801
z 4992 823 2.557843615883339 -0.15859948749738617
z 4992 866 4.612760380120972 1.6567618212898587
u 4993 0.9921382298960743 0.0011287363702002433
x 4993 219.34384474405363 -418.0266296295795 -2.3122711277856824
z 4993 584 4.535586068023206 1.7781005682715634
z 4993 648 2.841925261085353 1.2180429923341487
z 4993 823 1.5860601111063966 -0.25903429352751006
z 4993 866 4.800273162148405 1.8630475174505872
u 4994 0.9948357307882237 1.4391333769018478e-05
x 4994 218.67116031526152 -418.74027857949784 -2.341037395465962
z 4994 584 4.839275352121478 1.9806426036938678
z 4994 648 2.66695835126582 1.575656090369458
z 4994 823 0.6744141832376078 -0.6465279604788488
z 4994 866 5.175323293011786 2.0481651709228945
u 4995 1.0058760170063943 0.007756111631779621
x 4995 218.044821869323 -419.35652830959924 -2.387589457381463
z 4995 648 2.85126558549382 1.9284417684004724
z 4995 823 0.6219824671867366 -2.4292314523659186
u 4996 0.9925189652967522 -0.0029739262500416705
x 4996 217.32727644314858 -419.95056465630995 -2.5125818405940312
z 4996 823 1.5182783914119147 -2.868554910221242
u 4997 0.9402340370884321 0.010791817557388702
x 4997 216.98786091238077 -420.1608962196493 -2.661063527325119
u 4998 0.9932293315083406 0.0004650265611359424
x 4998 216.16078705420264 -420.72462773997387 -2.4255852450435738
u 4999 1.0052599309253276 0.0015985747760297881
x 4999 215.28394783507397 -421.56561641565276 -2.3285370662368785
