delta 1.0
u 0 0.0 0.0
x 0 0.0 0.0 0.0
z 0 65 6.795946384852101 1.747996007404371
z 0 89 7.264068246475646 -2.4765193927602365
u 1 1.0406817051384256 -0.0030175533964949953
x 1 1.167910891344786 -0.09893318238169986 -0.16901556158702968
z 1 6 8.464008012375428 -0.5926060998131741
z 1 65 7.055655314295154 1.8966751506552217
z 1 89 8.107555216419978 -2.5529504631499162
u 2 0.9812634955964784 0.00569983754971305
x 2 2.031675089226986 -0.12717796680665175 0.10363956226527593
z 2 6 7.671396693025595 -0.6701116099670577
z 2 65 7.425679049456953 2.016615295878653
u 3 1.010650759948895 0.001077536719911722
x 3 3.116521886495348 -0.11174039192057064 -0.07518110522950083
z 3 6 6.908249254551237 -0.762237347990248
z 3 65 7.9137154948993365 2.1310503430346186
u 4 0.9561568104805103 -0.007290133091361279
x 4 3.993500844232287 -0.19466730257199574 -0.11337772528268308
z 4 6 6.248979032554741 -0.8603980044083714
z 4 65 8.46343599680511 2.233969898107609
u 5 0.9945303229526627 0.015662824718633794
x 5 5.118545727016744 -0.2868838734004414 -0.05019064244862914
z 5 6 5.657486009863157 -1.0106257873634998
u 6 0.9781736306829409 0.005228574762131517
x 6 5.908033552574975 -0.39992600148796054 -0.23424433378727105
z 6 6 5.206509098775614 -1.1759588856169125
u 7 1.0164093402331897 -0.014518800885877398
x 7 6.985701453847526 -0.6226430337809669 -0.17334892732357154
z 7 6 4.8988622038110465 -1.3535485369858966
u 8 1.023980292067499 0.003910192951043541
x 8 8.144621928411185 -0.8941783310295148 -0.2869484319137978
z 8 6 4.785819886895645 -1.5680331296091858
u 9 0.959077883044995 -0.005983601546568518
x 9 9.118263165145505 -1.102673164977112 -0.1349582162565719
z 9 6 4.875558370022295 -1.7600485502754024
u 10 0.9894445549118995 -0.0012486838492173327
x 10 10.371218656883407 -1.3787170826285748 -0.298741790676309
z 10 6 5.153563247887407 -1.9485228252220255
z 10 39 7.946332654644931 0.6035791029296877
u 11 0.9721888291366673 -0.006540157060145236
x 11 11.76434362329846 -1.8695752708839957 -0.3787798621961702
z 11 39 7.1692004461571415 0.6875302592548427
u 12 1.0333990758693663 0.00029048714052586647
x 12 12.87635643155794 -2.3051244514437164 -0.3678408079892135
z 12 39 6.404135217326997 0.7898081330872788
u 13 1.0678150875238497 -0.0022785208730537122
x 13 13.663522526395383 -2.5744200904540087 -0.2914124990652689
z 13 39 5.70403280227699 0.9255882438408438
u 14 0.9804479038242562 -0.002134302126704206
x 14 14.699095174598435 -2.8298710341567626 -0.19228305473633878
z 14 39 5.174991501065819 1.0798023752007069
u 15 1.045818150534904 -0.006156269519857056
x 15 15.873029047889714 -3.0455573958073474 -0.17112313696926185
z 15 39 4.7749392207051615 1.2806509631471092
u 16 1.0191832186012577 0.013950408934451443
x 16 16.936147012037075 -3.086708546242762 0.09374580366212815
z 16 39 4.58140268452998 1.481049952593497
u 17 0.9714183935848311 0.0027464809619070617
x 17 17.777836076422464 -3.127472673078446 -0.19053285081151516
z 17 39 4.59597406286052 1.6903755297275591
u 18 1.0267920606853573 0.0161775239218139
x 18 19.040798728466093 -3.231204543634024 0.026633224543632927
z 18 39 4.81947483598281 1.8875382075837068
u 19 0.9804466532784981 -0.011610405391184447
x 19 19.816352386124596 -3.1406679588929594 0.2057907836662558
z 19 39 5.213849724213517 2.078456127757148
u 20 1.1282094030972811 -1.5707963267948966
x 20 20.58931757488009 -3.612972891154421 -1.3027714963925363
u 21 1.0322354176542374 0.009150612502638
x 21 20.976340883651947 -4.681805554016851 -1.1439960084739655
u 22 1.0102572313817126 -0.007608959516963677
x 22 21.439290347085286 -5.573125061835349 -1.0395062154725325
u 23 0.9988247583196022 0.0034305484869265233
x 23 21.908021225305216 -6.276155995225441 -0.9259953846162259
z 23 128 8.028702738364828 0.683822404454923
u 24 0.9994046678076242 -0.009950537799693892
x 24 22.522951702898677 -7.189059537842278 -1.0300247894521277
z 24 128 7.284902887250911 0.7810817479975154
u 25 0.9753864625055176 -0.008460189043419464
x 25 23.024881720695394 -8.068137022507567 -1.0739617584072985
z 25 128 6.631102170174957 0.8937312669884161
u 26 1.0163681774233564 -0.003800484935354896
x 26 23.478078031273547 -8.943872884773677 -1.112526698501537
z 26 128 6.048108988271847 1.029089188752656
u 27 0.9496686883615854 -7.334782794057279e-05
x 27 24.061401703547343 -9.985798724458363 -1.0083155269619883
z 27 128 5.617735920119164 1.1745226987650055
u 28 1.0111059933435382 0.000547118366933264
x 28 24.472510598435704 -10.640236112165306 -1.0115018694875872
z 28 128 5.309760458352185 1.3505386715561976
u 29 1.0242867449512325 -0.0035298647168649487
x 29 25.051474510867976 -11.514026145706577 -0.9597418134300559
z 29 95 7.887649486419491 0.057311619655192825
z 29 128 5.185069333354848 1.5481330973029692
u 30 0.9756916981124271 0.010202725884561371
x 30 25.646910665525976 -12.365016244805282 -0.9608042050210344
z 30 95 6.9134790437783185 0.054473957418140095
z 30 128 5.2493831609826636 1.7248117015140911
u 31 0.9722276893990387 -0.004489711452343071
x 31 26.288418784862433 -13.319713212019895 -0.9974864169957849
z 31 54 8.441647253591741 0.42338267033338495
z 31 95 5.943071149807094 0.06823745700963535
z 31 128 5.485411788072836 1.9052876118411746
u 32 0.9996616361693835 -0.005093743693121787
x 32 26.91312963788786 -14.140714280806614 -0.8432076722692079
z 32 54 7.542618295595427 0.4832629460277591
z 32 57 8.406464953695645 -0.5879380344446035
z 32 95 4.946419215929573 0.0876251032240205
z 32 128 5.89201243437687 2.07119166514887
u 33 1.0423736776394361 0.010154887325678737
x 33 27.632401026963176 -15.000432709182082 -0.9050165230289142
z 33 54 6.634532486920233 0.545469572774361
z 33 57 7.564534784079146 -0.675178975826884
z 33 95 3.9085445038944044 0.09946161929001551
u 34 1.0468989430440632 -0.004275391430409644
x 34 28.30010436345586 -15.959050507013908 -1.0197933354211979
z 34 54 5.7665373579660235 0.6444080309551969
z 34 57 6.777427124048282 -0.7673434835676662
z 34 58 8.48429558219536 -0.7430573422723232
z 34 95 2.8690105150956065 0.14075517214115862
u 35 1.000283087562382 0.01096341435530149
x 35 28.782610838225477 -16.985376404901814 -1.2428647874864787
z 35 54 4.999291446445857 0.7530464103191687
z 35 57 6.101384998272239 -0.89301670919453
z 35 58 7.781243891120066 -0.8416198290661008
z 35 95 1.8827095516648704 0.20150461374131456
u 36 0.9865770078775307 -0.013687050655392944
x 36 29.00526072742143 -17.83384492775902 -1.385472406947691
z 36 54 4.337682538725481 0.9240528104497789
z 36 57 5.530556799388208 -1.0179606744403946
z 36 58 7.156369293780672 -0.9302850237454772
z 36 82 8.372503213023425 -1.4303406310695495
z 36 95 0.9398962116608336 0.43405011617537603
u 37 1.0013196635757657 0.0056266119971302925
x 37 29.174716875448336 -18.63465782726042 -1.3390621132671285
z 37 54 3.81628863129525 1.1289241941245214
z 37 57 5.079405586989613 -1.1924470037475936
z 37 58 6.609385299383434 -1.0579392874960378
z 37 82 8.294628838307396 -1.5558312122019966
z 37 95 0.4196374180381679 1.9270733643005622
u 38 0.9916530115111858 0.0005405877595915639
x 38 29.278327993884968 -19.679793667073106 -1.6049032645797499
z 38 54 3.5084029318632206 1.3867177098492451
z 38 57 4.802609343168369 -1.386084764080808
z 38 58 6.183731801097262 -1.1986933882045265
z 38 82 8.339215225016202 -1.6755553491800637
z 38 95 1.2039707437925216 2.808523683358829
u 39 1.0500381453552199 -0.01256340881262594
x 39 29.13182287537197 -21.13091391377976 -1.7379275279594
z 39 54 3.4797074495047 1.7008320145979994
z 39 57 4.7173081570267845 -1.5938431279089613
z 39 58 5.877391925256469 -1.3529205548015422
u 40 0.9857857447784422 -0.0023817145219064643
x 40 29.02689963080233 -22.04630776535004 -1.631910794684018
z 40 54 3.7386941333667476 1.9676902974658876
z 40 57 4.840250460772102 -1.7965107996735155
z 40 58 5.744326462191922 -1.518841185500987
z 40 59 8.496479443334461 -1.4567907768503991
u 41 0.9593489812983564 -0.00018309059505781456
x 41 28.938874372509865 -23.201279387782932 -1.6618161857016196
z 41 57 5.140622327273748 -1.979237153395335
z 41 58 5.77444860819098 -1.6853407791372454
z 41 59 8.441238969090156 -1.5697602916791116
z 41 63 7.862024074762563 0.5376993295668622
u 42 0.9800429130865107 -0.010881242209386369
x 42 28.942468336187087 -24.211120542223217 -1.4726586187338602
z 42 58 5.961305161877319 -1.8386182466132377
z 42 59 8.491633022446841 -1.6745465787390046
z 42 63 7.041264572874229 0.6205772432066543
u 43 0.9874934060752459 -0.00025643284822327576
x 43 29.07355302282657 -25.26263318931814 -1.4208877686218495
z 43 58 6.2949572672060174 -1.990228269310271
z 43 63 6.264353907056575 0.7126456830952255
u 44 1.0649626445818638 0.0033809256532333844
x 44 29.270028143919895 -26.079435417375468 -1.248590366282254
z 44 63 5.501460514387853 0.8359240403665269
u 45 1.0353507189054916 -0.0052104759133126234
x 45 29.82299503639359 -27.324600366280336 -1.0571435311727906
z 45 63 4.870513265799647 0.9998841578786237
u 46 0.9854243482892276 -0.005299270390086723
x 46 30.43770819830819 -28.49413107665514 -1.116604157339614
z 46 17 8.400108649602288 0.3714081132355793
z 46 63 4.418943456479212 1.19426049375845
u 47 0.9431882231125162 0.0002787448191922923
x 47 30.832610476889624 -29.530675613033264 -1.296983119243379
z 47 17 7.528962031844569 0.41659443191539225
z 47 63 4.165393694821725 1.406129166532966
u 48 1.0077512527056718 0.017630026418211223
x 48 30.996520400211338 -30.275037842145714 -1.4111239202919406
z 48 17 6.615935952909615 0.45940694896875733
z 48 63 4.113016982312273 1.6322396080460697
u 49 1.0022261484908153 -0.005546459683325737
x 49 31.067411460745372 -31.14777722387329 -1.5683681961913647
z 49 17 5.73629636809792 0.5429385654075474
z 49 63 4.295395448659932 1.8727876012678975
u 50 1.0428388306628196 0.010338829668294918
x 50 31.002930830919958 -32.174132938304325 -1.6987092091283573
z 50 17 4.870037534530209 0.6425041761907773
z 50 63 4.707250684298505 2.0759165048479433
u 51 1.0334032881363366 0.00616454089498396
x 51 30.94088958008123 -33.120453144507735 -1.5738171194631139
z 51 17 4.087577348831705 0.7877806674954035
z 51 60 7.879427437535126 -0.8757383558761349
u 52 0.9847734322350528 -0.02022633737473457
x 52 30.980768826314716 -34.121774156334304 -1.48816433883506
z 52 17 3.472321930563246 1.0124551763006888
z 52 60 7.279869367267146 -0.9587041661927542
z 52 67 8.100221092447999 0.9010662731270642
u 53 0.9609603767999644 -0.0008463590810880254
x 53 31.01739302089996 -35.20455539134108 -1.585805722060692
z 53 17 3.073655573630199 1.2817486844246107
z 53 60 6.773178260185955 -1.0742047738424696
z 53 67 7.541749646154125 1.002008093262324
u 54 1.0186792053553853 -0.016347797722358642
x 54 31.076486604783703 -36.60499399284639 -1.471444000180128
z 54 17 2.9579092537844227 1.6353456618361637
z 54 60 6.343523207723374 -1.198881126830219
z 54 67 7.053081574516607 1.1409838541608384
z 54 118 7.815626824779423 -0.2825503952918682
u 55 0.9392639534457582 0.00843797137944716
x 55 31.123512630267978 -37.35587901373901 -1.5450570970632547
z 55 17 3.1569702050590784 1.9284345460341497
z 55 60 6.0695084274512885 -1.3522326841910188
z 55 67 6.712405564648221 1.2598440134875304
z 55 118 6.919824512859222 -0.32939108135099016
u 56 1.0453973880262986 -0.01282496299283395
x 56 31.04568021419487 -38.30897531405958 -1.7594993386211688
z 56 60 5.924596758839877 -1.5122698857676455
z 56 67 6.476189101991917 1.4272770112736675
z 56 118 5.937764608841524 -0.3724746987663661
u 57 0.98251498189143 -0.005797908111861161
x 57 30.91549169533844 -38.85838653075011 -1.8474305856030795
z 57 60 5.945714026153197 -1.67216481838543
z 57 67 6.412700771234875 1.5853642503304233
z 57 118 5.034115523001194 -0.4372349790712473
u 58 0.963943468186672 -0.01174800795336023
x 58 30.725920233408065 -39.73806512107807 -1.7186716838269795
z 58 60 6.113398699789984 -1.8180264038440654
z 58 67 6.504199506822152 1.74583129242614
z 58 118 4.177961357376581 -0.5221028425244838
u 59 0.9549689123670413 0.007079206160151689
x 59 30.47778532778171 -40.72816679555207 -1.9140368673167167
z 59 60 6.417401894014159 -1.9697640777504724
z 59 67 6.733243071329567 1.8789591410121371
z 59 118 3.385990124135257 -0.6711749621243954
u 60 0.9783986661026717 0.012249034304044207
x 60 30.177910010044947 -41.61145340492918 -1.8821352976434318
z 60 60 6.862160391330168 -2.1134295754731234
z 60 67 7.086119644930118 1.998916383873616
z 60 118 2.6942569470834226 -0.9130121940622646
u 61 1.1267963653783322 -1.5707963267948966
x 61 29.44102126145131 -42.03378905751405 2.9229961970027762
z 61 67 8.044358605815237 -2.669354440190196
z 61 118 1.692963422666323 0.5814473464211876
u 62 1.0024219302182302 0.0015178883941541572
x 62 28.608646931841548 -41.76831798736404 2.7427208440221715
z 62 118 1.0164621807102623 1.1515811194951677
u 63 0.9867139586207957 -0.010054155352811579
x 63 27.811677771440927 -41.45158830418669 2.7839078405706115
z 63 118 1.0952264175805242 2.131377396092902
u 64 1.0021255979551154 0.01253703290609853
x 64 26.718269501374625 -40.97521280822534 2.6775147892224886
u 65 1.004051827240524 0.0027864477054524808
x 65 25.723405361036043 -40.506062444770016 2.7243746740744967
z 65 77 8.207221230458286 1.1174963085743261
u 66 1.0052691096467783 0.007026287839815012
x 66 24.635756212314437 -39.95295865175951 2.6179117375800187
z 66 77 7.816051200493212 1.2261557031119885
u 67 0.9978469361645438 -0.006438046999815784
x 67 23.868092682714195 -39.56708615480597 2.733729487232372
z 67 77 7.540794397259726 1.3576074744361026
u 68 1.003417766285623 -0.009917259579500574
x 68 23.184892491815173 -39.24988441883133 2.680111422405739
z 68 77 7.398782272798245 1.5006063776121472
u 69 0.9387988071436585 -0.002758346634749031
x 69 22.621254268532144 -38.80277846384396 2.2618509975842596
z 69 77 7.393792082503594 1.630376641966393
u 70 0.989685763765567 -0.00529798700449948
x 70 22.18836812629851 -38.20367290260213 2.131147806490797
z 70 77 7.520490541963188 1.7673989164277053
u 71 1.005183654010817 -0.008061635156567066
x 71 21.584637082016776 -37.36974285175611 2.263695678788035
z 71 77 7.7833935299038295 1.9023545589400062
u 72 1.0245803337996964 0.00973346914015138
x 72 21.026407802273752 -36.581043040714576 2.109759354072324
z 72 77 8.170024553064135 2.011676041212108
u 73 1.0244772543681016 -0.005017083531530142
x 73 20.579552347689166 -35.7157246700898 1.9852052397968771
u 74 0.99244137614485 0.0017510040599077713
x 74 20.346230606599956 -35.10682832502767 1.8882469157438209
u 75 0.9644703821595336 -0.006574215147887955
x 75 20.146726832360088 -34.478595186088555 1.8683277446375044
z 75 104 8.410132690368135 0.017502462350369896
u 76 1.0179994273982615 0.011987995193231224
x 76 19.71631233468721 -33.318898161647446 1.9840363439867463
z 76 66 7.727511311784994 -0.3041581275644063
z 76 104 7.392216055210971 0.007099281045770844
u 77 0.9862910342427353 0.0012028816405284571
x 77 19.376483185810145 -32.4365377527245 1.8928116411797955
z 77 66 6.793119260789629 -0.3489409814000166
z 77 92 8.081893447435753 0.5810934193529365
z 77 104 6.40594910765311 0.006896831508759416
u 78 1.0347156977362746 0.0035587414347367304
x 78 18.75389434439783 -31.104073720712087 2.1229870146847256
z 78 66 5.83223672796162 -0.4134921280736603
z 78 92 7.2382032538672565 0.6558738226476049
z 78 104 5.371250114676113 0.004323911224052512
u 79 1.0147322461462143 0.0032424474490060223
x 79 18.26310592625106 -30.258072247900785 2.06996349370025
z 79 66 4.920732106086575 -0.49999619402639617
z 79 92 6.462582287274438 0.7483323250717513
z 79 104 4.356522882329882 0.0017109795315559673
u 80 1.0142202641355749 -0.015851290656995906
x 80 17.96779103570088 -29.58818339989015 1.9020527065534836
z 80 66 4.055260151726701 -0.6025805128282071
z 80 92 5.766984825032549 0.8851576483084749
z 80 104 3.342374617231674 0.02048636508092949
u 81 1.024861627573635 0.012934229146568312
x 81 17.769004361076785 -28.570688862389623 1.6254170098384222
z 81 66 3.2677103495392528 -0.7959156121458486
z 81 92 5.173488422715249 1.0253369180336058
z 81 104 2.317665375695287 0.0137511814384772
u 82 0.9892899587127016 0.0022432714531369674
x 82 17.73080583115279 -27.74597140374063 1.6087437085645524
z 82 66 2.6717782227448343 -1.066210117293367
z 82 92 4.735317784546508 1.2025344812852445
z 82 104 1.3285132726140547 0.02091250715537729
u 83 0.9694351318357309 -0.005755570852958706
x 83 17.761156807639377 -26.92955726464331 1.4585312564644566
z 83 66 2.358136254510192 -1.4279663889572558
z 83 92 4.48135429442239 1.4117362600380279
z 83 104 0.36009299362887465 0.09075355344235625
u 84 1.0012291756874947 0.0035247825180775108
x 84 17.813575751972426 -26.03630341116637 1.5658295570426048
z 84 66 2.4288561354747356 -1.8518931612468952
z 84 92 4.43261009959153 1.6330645668362145
z 84 104 0.643357046646939 3.0900662515161486
u 85 0.977973011945609 0.0001316125521160273
x 85 17.87152266831927 -25.175488570260306 1.441333200224916
z 85 66 2.859014982723584 -2.186882351449335
z 85 92 4.59819611962024 1.8468352910707564
u 86 1.0190693466758305 -0.007627487262888282
x 86 18.028160159435128 -23.892906072872744 1.4572097595310582
z 86 92 4.976998204785742 2.052545135883431
u 87 0.9513560538238284 0.011385565100584936
x 87 18.11043281922162 -22.901878103026913 1.5187277664236776
u 88 1.0016940183711094 0.0002685493406392955
x 88 18.07861681813906 -21.923250828746223 1.687863686320366
u 89 1.0435561544593683 -0.014116089737175845
x 89 17.97906362622293 -21.01544072177322 1.6721820808099555
z 89 109 8.345580878030985 -0.7635689947473656
u 90 0.9760103372780436 0.0014354136023313412
x 90 17.872645650829124 -20.176480073961145 1.7217529920187422
z 90 109 7.6708158470680265 -0.8531692976607084
u 91 0.9541282347894314 -0.004266275578423987
x 91 17.78893961727848 -19.357198738992892 1.6234732105101148
z 91 40 8.407581134963916 0.5050107621234874
z 91 109 7.07830669514406 -0.9504391257372848
u 92 0.956787960274539 0.002451467732993472
x 92 17.667882637010724 -18.465819753137534 1.788085088499189
z 92 40 7.583741583961953 0.5635014207458156
z 92 109 6.569429048688297 -1.0717791705326798
u 93 1.0016286077112515 -0.005173735695494646
x 93 17.410621531769834 -17.294068430828418 1.785754694907479
z 93 40 6.759742740689797 0.6482306432416429
z 93 109 6.150835937895717 -1.209878851740237
u 94 1.010201334325093 0.0005597784201860671
x 94 17.141457216345806 -16.256995046704425 1.8637163696319954
z 94 40 5.9854220697535885 0.7497138318181662
z 94 109 5.870954332815974 -1.3721412909245696
u 95 1.1190477590937773 -1.5707963267948966
x 95 17.578479901867862 -15.428521794519645 0.3070609167200553
z 95 40 6.034073644179696 2.488156003892751
z 95 109 5.0627853177803175 0.08825390058039595
u 96 0.9962559019185974 -0.0028259564649197604
x 96 18.621886060884425 -15.13967752844135 0.23306927030664415
z 96 40 6.852671643707033 2.579314067742472
z 96 109 4.071509566787071 0.1129927638294026
u 97 0.9333903255984852 0.002363866833147025
x 97 19.710115271908663 -14.896443788612617 0.20672865600500234
z 97 40 7.658015368200526 2.642096377810679
z 97 109 3.1456723303534537 0.14374259459391503
u 98 0.9899287665893922 0.002609055428412093
x 98 20.537534828548186 -14.563329342238816 0.5587531262290142
z 98 109 2.170323316501218 0.20592829442193317
u 99 0.941496114559189 -0.0005320389141045663
x 99 21.217317658232886 -14.089550009719762 0.658608260000745
u 100 1.010228307597206 -0.0007680016423674262
x 100 22.157277792963185 -13.277369055024662 0.7665909188776845
u 101 1.0197151170106828 0.0012526686255142083
x 101 22.821606535349265 -12.714816515652652 0.6386739847907084
z 101 115 8.238920755604997 -0.19773408794145197
u 102 1.0363649791256553 -0.006209170136951141
x 102 23.44933763353704 -12.263918801310037 0.607127893517081
z 102 115 7.224905425687059 -0.21927082306995693
u 103 0.9924852930953688 -0.003727387494142434
x 103 24.31574714472451 -11.520773267749291 0.8108015332418139
z 103 115 6.259445660039369 -0.24975081575096514
u 104 1.0382111915520345 -0.0010840074531419282
x 104 25.13723035233089 -10.704054261906593 0.7541784318201339
z 104 115 5.259543975343505 -0.2973711914406296
u 105 0.9760017632169221 0.005768320539700016
x 105 25.770851689492307 -10.116006176137452 0.7420443182837415
z 105 115 4.336826542285457 -0.36975031640676104
u 106 0.9969816885925832 -0.0027801636896672434
x 106 26.16804707323684 -9.632068414119344 1.0250078933047915
z 106 115 3.4255869969010484 -0.47196225828469096
u 107 0.9907489959448286 0.011880855809195191
x 107 26.825265426282986 -8.765134644234026 0.8192608512641772
z 107 115 2.5863013064857565 -0.6609498257217714
u 108 1.0294017350909235 0.005781915626696656
x 108 27.634526605018127 -7.8646906719169 0.8580994509372317
z 108 115 1.8854003393155292 -1.0098303901239087
u 109 0.9334729512081745 0.008442122780742278
x 109 28.187522275254036 -7.138537986941612 0.9817990578560183
z 109 115 1.6018989876841117 -1.5357892641991189
u 110 1.0037743473772018 0.00488627872959396
x 110 28.55830782696347 -6.525726086449696 1.0715358009767852
z 110 71 8.265473364461903 -0.7453453989711423
z 110 115 1.862508499688066 -2.109510141708845
u 111 0.9720541422370608 -0.00043004600641119233
x 111 29.120048036435286 -5.399398834926927 1.1447846853196273
z 111 71 7.579726276235006 -0.8319834010360965
z 111 72 8.292959134734657 -0.8265516627808354
u 112 1.0301488469329787 -0.0071009613697055425
x 112 29.455327820845167 -4.547912963589459 1.2465795577147158
z 112 71 6.925044157217513 -0.934717920559279
z 112 72 7.629910525457776 -0.9186041933190499
u 113 0.9840183864465741 0.005839731442949132
x 113 29.889605579720843 -3.6263827117689855 1.0142328669347958
z 113 71 6.3922212751377465 -1.0649789050925165
z 113 72 7.078495120223002 -1.0354002369469324
u 114 1.1194088164295872 -1.5707963267948966
x 114 30.62176680328184 -3.5167022775419072 -0.716837013269632
z 114 71 5.43065765204119 0.45458368064183796
z 114 72 6.10709654842687 0.49455663269599537
u 115 1.0092046058770627 -0.0017600930177993984
x 115 31.477327798209288 -4.343085493645677 -0.8192674941043148
z 115 71 4.546061287541173 0.5541506913307854
z 115 72 5.241244271422593 0.5879866492503116
u 116 1.024556888775569 0.0002352714738286879
x 116 32.06916099442606 -4.942823903798362 -0.7647971883944615
z 116 71 3.7140930899153646 0.6995638143002259
z 116 72 4.425315892850577 0.7165062541946403
u 117 1.014222355459927 -0.009268777517686979
x 117 32.71426146387997 -5.637284343955828 -0.8796615583347673
z 117 71 3.0135329989901107 0.9284879220843614
z 117 72 3.724278416454531 0.9065593454862819
u 118 1.08152997024748 -0.007446335875497118
x 118 33.416043898011885 -6.454637551708494 -0.8429955768038333
z 118 71 2.523034390364364 1.2873094744742684
z 118 72 3.1776601194955765 1.1861207676375312
u 119 0.965533553068335 0.003446632682109543
x 119 33.94894350791889 -7.064009776355167 -0.8614968953728486
z 119 71 2.4345705533485504 1.6742769858606126
z 119 72 2.9525060049753713 1.4904197688983096
u 120 0.9668141533859119 -0.0050209683157600845
x 120 34.4015045491186 -7.596249223517868 -0.8707640627039179
z 120 72 3.0344567316807782 1.8186868304585753
u 121 0.9941668135265295 0.0034025893187399313
x 121 35.00194240781352 -8.348837332870605 -0.9239950590862542
u 122 0.9837032929528684 0.004519999768715326
x 122 35.660398968367836 -9.252612567959979 -0.9583191605957802
u 123 0.9684349579046669 0.010137507261294955
x 123 36.10690547782949 -9.986298864016549 -1.089865182284889
u 124 1.0202251134124642 0.00364317956748195
x 124 36.45490532432157 -10.755174650239146 -1.2016851140607996
u 125 1.026654956714207 0.001795076777066629
x 125 36.83366291906368 -11.830715343500971 -1.2627199104802185
u 126 0.9457338766282277 -0.005994376327451113
x 126 37.318901338192106 -12.82553154883196 -0.9712460929625428
z 126 46 7.72861757686492 -0.629992012412032
u 127 0.9992247586510811 -0.0060804663550320034
x 127 37.87685253036563 -13.99643938654692 -1.28098463861006
z 127 46 6.944215448076825 -0.7084310712116877
u 128 0.9947150673672691 0.002164961331601644
x 128 38.24391348524206 -14.987309223203562 -1.151068693011185
z 128 46 6.223376531506919 -0.8149121519531284
u 129 0.9578507733768545 -0.009999379993565568
x 129 38.59007019688158 -15.888351896282371 -1.2569462994245955
z 129 46 5.605967618044107 -0.9289736003525748
u 130 1.0073911498990282 0.006932363280384125
x 130 38.87759050445719 -16.90497818592571 -1.3334063493858745
z 130 46 5.07064213171725 -1.096138607298644
u 131 1.0613870385342994 0.015214449252379515
x 131 39.130246136991275 -18.16799812979651 -1.4133165522209339
z 131 46 4.68951125365059 -1.3148445904195578
z 131 59 7.676087164748398 -0.027125448567994148
u 132 1.027525111301078 0.004556420341826752
x 132 39.25375311758399 -19.121121969821395 -1.4705497146678543
z 132 46 4.541889634266279 -1.5401829422253759
z 132 59 6.649075719720899 -0.03622516536275677
z 132 82 7.5850610816003305 0.48120859301648533
u 133 0.9629936049824623 -0.0028222034109158588
x 133 39.32151029855328 -20.18745813879641 -1.5441294733918562
z 133 35 7.976106885530482 0.8565832588887625
z 133 46 4.612594433917644 -1.7475732222848865
z 133 59 5.6867647430231365 -0.03929719764672912
z 133 82 6.746877722367882 0.550321293955343
u 134 1.046716706035515 0.014702929750657576
x 134 39.39794592226511 -21.041038707840244 -1.418845485043327
z 134 35 7.326957646366929 0.94934024110227
z 134 46 4.913201695403581 -1.9732769173454974
z 134 59 4.64145277762305 -0.06451637944235467
z 134 82 5.875652021796396 0.6277920121127107
u 135 0.9841120737350807 -0.001646141255932954
x 135 39.7251553427317 -22.219668227745846 -1.181149120152527
z 135 35 6.801925785686278 1.0689596593491313
z 135 46 5.374808863216766 -2.1409640433446873
z 135 59 3.6598724059342698 -0.0799861444113068
z 135 82 5.11251623258972 0.7428706381890486
u 136 1.0064639020909338 0.007483994871234216
x 136 40.04941599361487 -22.974148374022075 -1.1486183973275463
z 136 35 6.375582652198602 1.2000310424084883
z 136 59 2.658269555927436 -0.11913916286607718
z 136 82 4.420982714575932 0.8893531192008339
u 137 0.9896951884079339 -0.008021976474397105
x 137 40.268886709064155 -23.640194733857108 -1.356358203033608
z 137 35 6.091163045633702 1.3603151790299632
z 137 59 1.6789823190727182 -0.17888265037965478
z 137 82 3.8780936981270435 1.097557970644596
u 138 1.0074234978920151 0.007357964083625094
x 138 40.391560977894855 -24.289178210181085 -1.4115924537062403
z 138 35 5.958932762866567 1.5189165169219896
z 138 82 3.530958016985839 1.3464702408019464
u 139 0.9672245818350752 0.019549458303347103
x 139 40.645376735811254 -25.322105140526396 -1.2480983786311037
z 139 35 5.977802884142795 1.6615700647776013
u 140 1.0070034768772937 0.007293794421774915
x 140 40.77423955116473 -26.257254230419832 -1.619620637641014
z 140 35 6.147828824877245 1.8181857839542346
u 141 0.95950593019951 -0.004911109761305422
x 141 40.63958136495924 -27.363383150495395 -1.7642562863067563
z 141 35 6.452401572911394 1.9676880966968673
u 142 1.0305645456658612 -0.006214518298646236
x 142 40.51414579325174 -28.5998690005956 -1.5795350708326183
z 142 35 6.9191394555196855 2.1115229869400034
u 143 0.9426335774376715 0.015242587039583451
x 143 40.54337377393615 -29.37996152573733 -1.4871579663661607
u 144 0.9315832169885274 -5.988343634190292e-05
x 144 40.598328493515176 -29.984442798159986 -1.4731087546536643
u 145 1.0178043121640505 0.0003965624580657424
x 145 40.60032099171181 -30.71245238365422 -1.663010088532263
u 146 0.9821841317426843 0.0015399329976055831
x 146 40.46639815855434 -31.494822664198406 -1.8176479187419183
u 147 1.0098766031118125 -0.004285471275395206
x 147 40.13921942071146 -32.40905423769884 -2.011287298493135
u 148 0.9760636584530106 0.012428251765432738
x 148 39.70651076874774 -33.62834828509039 -1.812344736463507
u 149 1.0235261199279888 -0.010124936552742698
x 149 39.444442549741034 -34.85808248284564 -1.749185169626417
u 150 0.9774406998647188 -0.0005664675521504206
x 150 39.25031549651725 -35.74189891590836 -1.8248333959943905
u 151 1.0392489100849713 0.0067163991303370255
x 151 39.04257856443775 -36.73270961779091 -1.7300992069802148
u 152 1.0056728550000489 -0.0016633787890495157
x 152 38.871803446659634 -37.55761530579616 -1.8197734670293588
u 153 1.0036656084669842 -0.0052477183596738195
x 153 38.59425684880408 -38.229907033882824 -2.1048654994956992
u 154 0.986356614166429 0.0064680912183623105
x 154 38.0625625458464 -39.094078719163306 -2.1398631054139505
u 155 0.945117399511298 0.006947219265138263
x 155 37.58189188545506 -39.93169702836709 -2.0436748335329007
u 156 1.043432304036386 0.0019896271187643836
x 156 36.959378242965656 -40.946492718664246 -2.1984006320880063
u 157 1.014439224355586 -0.005193686126858438
x 157 36.3986446917327 -41.67412601010988 -2.2563359289927445
u 158 1.0218372872698047 0.01249291154685472
x 158 35.883753047065845 -42.38225503784189 -2.1426437089619412
u 159 1.0288128594726207 -0.005667322424149164
x 159 35.355302339908334 -43.287981418102405 -2.0552795871888154
u 160 0.9477798661401344 -0.006604353548807278
x 160 34.961347768001 -44.15214626364372 -1.9417772745526298
u 161 1.006195025414278 -0.0009238034016411782
x 161 34.53864981299015 -45.16194909676537 -1.9926807426524877
u 162 0.9837059836233751 0.004457822169732297
x 162 34.32053324138105 -45.887557599338116 -1.7329228372909395
u 163 0.9582974504072085 -0.020052080968047965
x 163 34.211760706919925 -46.98545899799058 -1.6061715788733457
u 164 1.0096232832693395 0.010469348743727425
x 164 34.17237644136647 -47.97552415350646 -1.6149380864367022
z 164 93 8.239239951429726 -0.036582512920722454
u 165 1.043470729223441 -0.007951423554478445
x 165 34.18997573445681 -49.13714269759383 -1.4963555558825294
z 165 93 7.1964070353112115 -0.0333582053674748
u 166 1.033629226384492 -0.021231599900047485
x 166 34.241113505972166 -50.37753468288932 -1.562829553779267
z 166 33 8.088184718996212 -0.873669420299553
z 166 93 6.16310933289646 -0.015940395359345327
u 167 1.042724270385949 0.012817757358255785
x 167 34.194406233556705 -50.92187576831052 -1.7499541032650852
z 167 33 7.467257870638683 -0.9943279134690917
z 167 93 5.120705621980063 -0.03330871920358147
u 168 1.008406907266493 0.0008863247140003603
x 168 33.792463992106406 -52.147157143642346 -2.0255979609390153
z 168 33 6.969482211973593 -1.1168550854430692
z 168 93 4.113013849639479 -0.042468674170466514
u 169 1.0142117794691288 -0.008919875121676076
x 169 33.26285338220343 -53.16771012393403 -2.0733712693248436
z 169 33 6.583802931448506 -1.2465208519746942
z 169 93 3.099777529332053 -0.045982108277842215
u 170 0.9571354352457903 0.004238251343392691
x 170 32.89533633030748 -54.1055137622437 -1.8152145854672979
z 170 33 6.3460415399868495 -1.3943164304158857
z 170 93 2.1442438066322174 -0.07168486997964463
u 171 0.9820247508721999 0.012165468535828125
x 171 32.76037199593157 -54.9903099330845 -1.629118853709498
z 171 33 6.254842899481344 -1.5618335895678799
z 171 93 1.1676881306533504 -0.14923309700429543
u 172 1.030124704226365 0.002776638661286634
x 172 32.885723274423086 -56.29298651679097 -1.3206126402770764
z 172 33 6.331398650736831 -1.7280329294981265
z 172 93 0.21485200194101745 -0.9550031442204094
u 173 0.9786703838129119 0.017093286324965574
x 173 33.20276458612565 -57.63538340883383 -1.3571286387170785
z 173 33 6.564256324131151 -1.8927062545562399
z 173 93 0.87405597443722 -2.9468776162479537
u 174 1.088335298747356 -1.5707963267948966
x 174 32.87319487953592 -58.68694274040614 -2.391892259900289
z 174 33 6.188575989615474 -0.464014929897838
u 175 1.0456344994048583 -0.008250425848631343
x 175 32.14597193216876 -59.368221977912256 -2.385711281338097
z 175 33 5.272051450105746 -0.5439093816301441
u 176 0.9555616833575284 0.012112036579084497
x 176 31.79839546506722 -59.63905938828452 -2.573595738471436
u 177 0.9786404672757361 -0.000530675412324779
x 177 30.885524692312043 -60.15196138070398 -2.6857892195907556
u 178 0.9815528304447563 0.010976336062813249
x 178 29.935485320462945 -60.63518225794781 -2.6563366550200858
z 178 100 8.069912104556161 -0.798078087912601
u 179 0.9850782994673334 -0.001750551181520521
x 179 28.89321193642456 -61.215233891394085 -2.611170007089678
z 179 100 7.415191782727239 -0.8915097753119201
u 180 0.999782567674543 -0.006721521257825915
x 180 27.988843251048483 -61.84201700499866 -2.4599071904065846
z 180 100 6.8286854819258815 -0.9986335088553862
u 181 0.972218079033496 -0.0049466574640541225
x 181 27.45440695342174 -62.36233164859717 -2.279257419701989
z 181 100 6.352889602897375 -1.1224991929551722
u 182 1.0128216153815233 -0.003435442906648064
x 182 26.670159451694747 -63.085608939330015 -2.5139753394115294
z 182 100 5.982257756725837 -1.2721088535399747
u 183 1.0979180409709768 -1.5707963267948966
x 183 25.946752474892108 -63.03006351012062 2.360709869742136
z 183 100 5.129447577585721 0.20843249289109833
u 184 1.0510215046462694 0.003476716990760557
x 184 25.213019859140108 -62.415506193208394 2.528000803892998
z 184 100 4.106466636312267 0.2575059755363869
u 185 0.9835648052693171 -0.005529978430660371
x 185 24.388077214238344 -61.70956981006726 2.3395505424855685
z 185 100 3.166162735757021 0.34306436907538984
z 185 122 8.15389730913267 0.9412693833252739
u 186 1.0161012134572283 -0.01121047878887214
x 186 23.593328566563095 -60.93412430634009 2.3974241511930536
z 186 100 2.2382914613776115 0.5099980491856959
z 186 122 7.605114093390529 1.0611280083998578
u 187 0.9962605886198412 -0.014179769345467368
x 187 22.900300783938054 -60.370181742418 2.5196383533875455
z 187 100 1.457986804063383 0.8687492219154134
z 187 122 7.178521575063386 1.1972306465572924
u 188 0.987774331724686 0.012642141316033048
x 188 22.11856263008915 -59.68163085554259 2.319341773151182
z 188 122 6.873730289626385 1.3184447362514478
u 189 0.9793998972475572 -0.0035420930672748962
x 189 21.50237805751628 -59.02359045989468 2.3273746929157557
z 189 122 6.698410883329356 1.4641120626242063
u 190 0.9642684270521912 -0.005728108595168069
x 190 20.883041281881322 -58.42283369515633 2.415468632534319
z 190 122 6.667815689399074 1.6141772809947588
u 191 1.0409336009159733 0.01641728160602112
x 191 20.0545918095713 -57.804273392069554 2.585011674601784
z 191 122 6.784646126130225 1.7516955054954835
u 192 1.0257484032560718 0.0006547708643600836
x 192 19.34337256407216 -57.256316135125864 2.3852541546210944
z 192 122 7.04153873080986 1.8948384062243573
u 193 0.9841192660150568 0.001571788861841223
x 193 18.726354559571902 -56.697698641854565 2.4264046156216015
z 193 122 7.413115745232457 2.0194793860503726
u 194 1.0246890146056784 0.022032814758437266
x 194 17.97194066611422 -56.22043174745245 2.728642339446079
z 194 122 7.902088334483026 2.115166494640455
u 195 0.9669726150459124 -0.01047434854072466
x 195 17.45471641459413 -55.94821438358283 2.585605054958723
u 196 1.0172903712597259 -0.016026663067605747
x 196 16.624495587773417 -55.40735270998358 2.542768285557308
u 197 0.9781395724286148 -0.011322686159376547
x 197 15.691715929209732 -54.63187400678671 2.353268099687873
u 198 1.0201871192080219 -0.0060276413998405194
x 198 15.06790923714639 -54.05517061762661 2.437552798221004
u 199 1.0366093709638913 0.007323050501033724
x 199 14.093082120432614 -53.20052997342657 2.4060372025126773
u 200 0.9628214912054398 0.012400530366463726
x 200 13.423833627812241 -52.5367078400911 2.314492875888522
u 201 0.9656717847318 0.010444778085725259
x 201 12.667053962747216 -51.62170207738488 2.2091683260877772
u 202 1.0531349405012216 0.002810018641903278
x 202 11.964253943177692 -50.63117720908608 2.1666014915770067
u 203 0.9683862463663527 -0.0029806626390801155
x 203 11.53150088400235 -49.97309253253099 2.1383826713426712
u 204 0.9763509470820072 -0.01671936364347423
x 204 10.99770985213898 -49.02315666872278 2.0271124120327437
u 205 1.0110862606277196 0.0030948080663030036
x 205 10.548181105264186 -48.15512970518981 2.0701692108551866
u 206 1.00813547338899 -0.009604424293877244
x 206 9.838843477405113 -46.97154704293147 2.1512532748999353
u 207 0.9905156095610129 -0.006516170714013196
x 207 9.148440009417481 -46.04444979485861 2.270532198294407
u 208 0.9675836488500018 0.000285253325724383
x 208 8.537077798914375 -45.209203989424026 2.134764109265568
u 209 0.9419102657377266 0.0067041313740646875
x 209 8.003618450453871 -44.298781644582725 2.0668733657448133
u 210 1.0290359382943555 -0.015616254157653135
x 210 7.489304549284007 -43.29896311329989 2.024933019720364
u 211 1.0058881122215264 -0.004441122191528816
x 211 7.0794906107146875 -42.30740243607283 1.9005010367778041
u 212 0.9749188905466127 0.005639687057483787
x 212 6.860995384679457 -41.302192213293374 1.6691583906313046
u 213 0.9425831568683973 0.0001709390161610212
x 213 6.7260125166777955 -40.447724949663034 1.7857909874032423
u 214 1.0512599796043836 -0.002368987248166208
x 214 6.50648375624291 -39.358088875537234 1.753418521129646
u 215 1.002143768184594 -0.005888476754827237
x 215 6.233664278182742 -38.430046474208154 1.9600108816203559
u 216 1.0759077644776718 -1.5707963267948966
x 216 6.806600355474855 -37.55014367369469 0.027235470739197076
u 217 1.0026401665580822 0.004666185004777283
x 217 7.660136151391027 -37.51702119434863 0.050338001629850915
u 218 1.009622390345924 0.007203297500494722
x 218 8.79142154944716 -37.40278417892902 0.1509393863827042
u 219 1.017205452047802 -0.0020418214936350383
x 219 9.702245164042957 -37.229461186949614 0.22514928289234692
u 220 1.0119369456311855 0.006384818894875952
x 220 10.60891063456885 -36.980277069088665 0.311277790496848
u 221 0.9768635051673773 0.004547731589880549
x 221 11.812178530053608 -36.59293989057474 0.3115811160925741
u 222 0.9894883169941717 0.0036556849057645317
x 222 12.431279693347763 -36.33159395845912 0.4873063746687376
u 223 1.0148294981040447 0.0006094998431957399
x 223 13.201736206008936 -35.94144340716922 0.4501847838011779
u 224 1.0089940174482037 -0.006893610286922401
x 224 13.944546884575901 -35.582054995086416 0.4510590869100195
u 225 1.0613922788151677 -0.01918326093182288
x 225 15.067806452791352 -35.072786536221564 0.4002707082314414
u 226 0.9696341876086219 0.0020192779053616067
x 226 16.163520663368498 -34.64964642010878 0.33679706488537153
u 227 1.0236499477249992 -0.004170248503414013
x 227 17.026054190471225 -34.43149393639279 0.15865404281896422
u 228 0.9512708781862874 -0.002372148572104785
x 228 18.269594191728327 -34.37488118673986 -0.06766591716880477
u 229 1.019130682894217 0.010751765780249598
x 229 19.358315862472903 -34.46402016160695 -0.095719443044608
u 230 0.9948126146101014 -0.008536746108175846
x 230 20.03216615828827 -34.544476968933914 -0.1419526735355836
u 231 1.0278092819533837 -0.01428321334408841
x 231 21.163221856790585 -34.723508812767854 -0.17201721998516062
u 232 0.9950320895511309 -0.005545294395593989
x 232 22.20526800603503 -34.83257370176505 -0.03655172444476218
u 233 0.9658375561689226 0.009129290427108284
x 233 22.937819094794484 -34.79621717588607 0.13573038947525662
u 234 1.0143436572222881 0.0076472762544272975
x 234 23.974340726485526 -34.745885189137994 -0.038689514936191216
u 235 1.0362684436051275 -0.012257041811786206
x 235 24.853635916613552 -34.7962706594136 -0.07578951736331074
u 236 1.03680800271265 -0.015133485950084775
x 236 26.01014446846727 -34.880157525741524 -0.06902603429721088
u 237 1.033490629047419 -0.0011947708100618567
x 237 27.28962634173059 -34.966497420727826 -0.06573038745649828
u 238 0.9934695630266277 -0.005912447841687452
x 238 28.521872842352593 -34.98272968292772 0.03938610749873783
u 239 0.9457153862963135 -0.0028619210500337756
x 239 29.40839889020658 -34.94359480962859 0.04884476258752546
u 240 1.0096863935445994 0.006966592948723389
x 240 30.197258130568375 -34.91639609187834 0.020085019474951782
u 241 0.9845672675829389 0.005647690330327348
x 241 30.87355762848601 -34.97020862400609 -0.17888861193736227
u 242 0.9677439114556489 0.00779005889925799
x 242 31.8952432043369 -35.173295394336776 -0.21354848194379628
u 243 0.9869784214886568 0.01403646550375155
x 243 32.93267312319583 -35.434469806628144 -0.2797041960391242
u 244 0.9498348614843971 0.019352423495580612
x 244 33.83811183764261 -35.54211084665678 0.043049423621243754
u 245 0.9509825912364273 0.007183907704394181
x 245 34.42268308670337 -35.47057828938708 0.2004750147442924
u 246 1.0699879104796473 0.0024673778017142993
x 246 35.40572675856796 -35.255106647046915 0.23107682079233127
u 247 1.0018241251087026 0.006335682652014623
x 247 36.31665853742805 -35.029471772303886 0.2545427015806516
u 248 1.0082923346385622 0.0029769804524674764
x 248 37.22972032036513 -34.75538508266511 0.3287087891513796
u 249 1.022183959976305 -0.0006081432201139525
x 249 38.20662253735814 -34.44073930654731 0.29447788186065926
u 250 1.0222310576202007 0.0011682118348143502
x 250 39.1261536342795 -34.13397784645387 0.349514708933909
u 251 1.0024438655718255 -0.00944229450011966
x 251 40.179846124635105 -33.781941342193136 0.29536239964884636
u 252 1.0548620597396778 0.009038951340863882
x 252 41.23087922349105 -33.57110434672281 0.10058198631899451
u 253 0.9774707725210097 0.01279856666893833
x 253 41.862736714697796 -33.45043469896977 0.27682565328479214
z 253 31 7.951992940085525 0.08446723578980198
u 254 0.9721828676504759 0.0013415542218593699
x 254 42.63878975200086 -33.16165231489985 0.4356554527939349
z 254 31 6.9836954639600775 0.09477739387355699
u 255 1.0465233534846117 0.008009970866334626
x 255 43.6118851422899 -32.71631178146368 0.422745226927038
z 255 31 5.942240701565476 0.10273258256571793
u 256 1.0031172029111095 -0.0028768622784615303
x 256 44.549895222230745 -32.311697216947366 0.39173548692332893
z 256 31 4.945661703266042 0.1267015761052015
u 257 0.9852403998570431 -0.004711833830364018
x 257 45.25340263671126 -32.037318855507934 0.35200249568705555
z 257 31 3.970640978980691 0.16335319563771966
u 258 1.0354313525084275 0.009754414330968438
x 258 46.441571234053896 -31.624967329797087 0.3160826068211837
z 258 31 2.952713632197831 0.20896747431180618
u 259 1.0243758409566037 -0.004527021516128949
x 259 47.22146105459746 -31.338126269349253 0.38879883356711487
z 259 31 1.9628922524206323 0.32313123426285495
u 260 1.0186138112072554 -0.0042391543861924055
x 260 48.09503317820572 -30.908977714146683 0.5244589696545363
z 260 31 1.049438306412763 0.6427321232879168
z 260 45 8.429557609014017 -0.17732483369165353
u 261 0.9526739542061945 -0.001912398668779092
x 261 48.82156977242343 -30.484732174538458 0.5325780595239764
z 261 31 0.6399194925387245 1.7496508076821833
z 261 45 7.493526812840986 -0.1977204781260049
u 262 1.002082743391406 -0.008244402262721204
x 262 49.9156022014783 -29.847356387950718 0.5224659422196472
z 262 31 1.283363387512671 2.6332774561756764
z 262 45 6.513021475543939 -0.21908130742463117
u 263 0.9854931466600113 0.01235345974970087
x 263 50.914529011365374 -29.2539284052008 0.549623040444382
z 263 45 5.556792784388432 -0.2710572404539504
u 264 1.0182928741449477 0.011515094228756587
x 264 51.67806546998561 -28.701123364946277 0.703689764225051
z 264 45 4.585722923627797 -0.34329601326666115
u 265 0.9920466922325331 -0.013409701929796148
x 265 52.395438804856106 -28.095264711852227 0.6989549418204701
z 265 45 3.664029465215883 -0.41942720792644117
u 266 0.9567733216480354 -0.00093257957783653
x 266 53.376586012351005 -27.331278743921285 0.6242377765745686
z 266 45 2.817024590768462 -0.5571073821564427
u 267 1.0393220610293146 -0.002405680668591444
x 267 54.33360576041093 -26.340268565595725 0.9814522455631831
z 267 45 2.010458092782778 -0.831008823492521
u 268 1.0312170900161541 0.004850583718200628
x 268 55.07597000289299 -25.247737072615188 0.9664847179056961
z 268 45 1.5223485360512232 -1.361110895105669
u 269 0.9680766113587442 0.0006631649428951523
x 269 55.642477306450914 -24.511065088361825 0.8639955078852033
z 269 45 1.625467509528717 -1.9836539210898616
u 270 0.9590244897034051 0.0005247558255819928
x 270 56.399406499792 -23.770251506637905 0.6852817837400464
u 271 0.9832620719665074 0.012844538242329425
x 271 57.19284798235261 -23.12366913092588 0.6822496953968891
u 272 1.0163100241053338 0.0011538136204210729
x 272 57.8893099257728 -22.492749156203924 0.7898730241088017
u 273 0.9757025030677962 0.008688955451032952
x 273 58.46092416607729 -22.004447093061284 0.6240406651468651
u 274 1.04532308125897 -0.008972149528032936
x 274 59.55319960122983 -20.96610021271103 0.8961441175076885
u 275 0.945280741689386 -0.006682280219806885
x 275 60.07770670920923 -20.258331829137997 0.9699236244191471
u 276 0.9778795105896475 0.003273807614673542
x 276 60.529180109495975 -19.467285367737787 1.1344313908577117
z 276 36 7.564070124924695 0.1406050047551597
u 277 1.0019830076340668 -0.0038734390456475506
x 277 60.91758944781641 -18.73161719382445 1.0356193617384033
z 277 36 6.573790955224802 0.1661329593325247
u 278 0.9940630267221505 0.018677500441077077
x 278 61.31122078485579 -17.887734972538162 1.2330700237812602
z 278 36 5.594090380104537 0.17520673468137282
u 279 1.000116614629714 0.008614140697323929
x 279 61.6079523862441 -17.07232228161015 1.2105086373038043
z 279 36 4.611684018904678 0.20348299387306756
u 280 0.9866413452283872 -0.01039146057346349
x 280 62.06882066144674 -15.944457546196634 1.1552532253403074
z 280 36 3.652175937254807 0.26987009371208703
u 281 0.9734178744300007 -0.0063086450537316995
x 281 62.419010181984206 -15.14296366339953 1.1624906876665415
z 281 36 2.727474258165902 0.3725623124796451
u 282 0.9719999406322388 0.0002536896036980527
x 282 62.78589263005907 -14.271965617704002 1.1817714920988092
z 282 36 1.8561220364954027 0.5640376744386426
u 283 0.9987253669198721 0.0005852836496846268
x 283 63.1496646491191 -13.233461441878545 1.2859644866334783
z 283 36 1.1440410938671475 1.0487615018764673
u 284 0.9491475426405965 0.00647088002161636
x 284 63.29720708640565 -12.611862403634364 1.3895345690956358
z 284 36 1.0586330218544109 1.930126741002935
u 285 0.9660261263446515 -0.00936039066655259
x 285 63.53026993871099 -11.745704474103066 1.2263560848613206
z 285 36 1.6679600829598495 2.51136874085271
u 286 1.1075775668187544 -1.5707963267948966
x 286 64.3191691826488 -11.243898369907521 -0.093295919701335
u 287 1.0207861859546037 0.002152172858272148
x 287 65.09595648453481 -11.365208785804025 -0.21654022667089023
z 287 69 7.64149779750567 0.5757091177112139
u 288 1.021179225157393 -0.00847303329385737
x 288 66.04420909996216 -11.585563636463107 -0.2401148553299679
z 288 69 6.810320150296094 0.6664417386457524
u 289 1.0340484764253917 0.0005526886606086144
x 289 66.71584109578237 -11.75690665344617 -0.2594579967786861
z 289 69 6.0313016967001145 0.7720383620971756
u 290 0.9682226588367432 -0.002071484807818056
x 290 67.58323874210598 -11.98967902735324 -0.2649019896386089
z 290 69 5.380929809354061 0.9000991328831036
u 291 1.0027081366177244 0.0066395116459493685
x 291 68.39006834336514 -12.172311097887325 -0.1803106465756894
z 291 69 4.819217094025845 1.056749161275734
u 292 1.0126611915424353 -0.004928109968799363
x 292 69.47588789978616 -12.28468602125413 -0.025941435748175756
z 292 69 4.412711269204495 1.2631433483739114
z 292 70 8.320470534023235 1.3202732891032012
u 293 0.9753154811987774 -0.003951184980749939
x 293 70.56320242892494 -12.386569683523165 -0.16091717452951704
z 293 69 4.222902512869246 1.4891672830948668
z 293 70 8.13565672882005 1.4406852042013094
u 294 0.9909216790072659 -0.0069322491782680025
x 294 71.3820346015725 -12.47493041297356 -0.054072247050140465
z 294 69 4.261612245978662 1.7300398792572382
z 294 70 8.070583468995785 1.5697189625459114
u 295 0.9991972151253834 0.010113046189783337
x 295 72.34004867143534 -12.595852800505668 -0.1970436466902057
z 295 69 4.524117466838909 1.9399365254433025
z 295 70 8.126116939853755 1.6828762514048545
u 296 1.0264679566073815 -0.005251729175770785
x 296 73.09168071716427 -12.783829878216054 -0.2930866422537566
z 296 69 4.989503032605236 2.1380532943137007
z 296 70 8.306430184502489 1.8112013322389195
u 297 1.0203589002618505 -0.0020173461834709695
x 297 74.0875935639908 -13.152381081521305 -0.41578527102603147
u 298 0.9743003882197343 -0.001250094444545937
x 298 74.93597941116425 -13.49408134849296 -0.3499904610640163
u 299 0.9264245580931095 -0.0008781857022645466
x 299 75.98043918574416 -13.971820119335561 -0.5079954854518234
u 300 0.9818030460302758 -0.0019154829927889771
x 300 77.02313176162569 -14.572449193100413 -0.5372304230786042
u 301 0.9759251967937376 -0.0004604493845287818
x 301 78.00238163420998 -15.097326156347739 -0.44683034353425644
u 302 0.9729454165841012 -0.011433809816630346
x 302 78.89469391458734 -15.626745588017943 -0.6241440850688256
u 303 0.9518969344039826 -0.018425663427468278
x 303 79.86558846232548 -16.286551346572516 -0.5696421072217994
u 304 0.9781662836007239 0.0033272217184960673
x 304 80.80872149967472 -16.912718423931867 -0.602558425365594
u 305 1.0195217582493379 -0.004355379907971338
x 305 81.73913137709518 -17.467568462240546 -0.4729044547435133
u 306 0.9849316599094516 -0.0010852041623425968
x 306 82.55275612873753 -17.88220410224138 -0.46971603478549406
u 307 1.0028340159025837 0.0025701520133018805
x 307 83.39139596243047 -18.24597513939737 -0.34882320429614433
u 308 1.0695396310817893 -0.005027561021433749
x 308 84.46272904144459 -18.733710211066896 -0.5056158066336365
u 309 0.9617861154944396 -0.008662545299528418
x 309 85.24319423688834 -19.14770455169045 -0.46979700837649485
z 309 49 8.41729543542755 0.4475023537498082
u 310 1.002831974875963 0.0010046702639712152
x 310 86.13844956426114 -19.699177404318608 -0.6343982426040946
z 310 49 7.525489115535098 0.5041320068752508
u 311 1.0334495981961727 -0.00195499040780278
x 311 86.91573862363298 -20.238961726856203 -0.5795775255906768
z 311 49 6.639954263467458 0.5814735941364253
z 311 117 8.427896777422134 1.110443679797175
u 312 1.0655424871448937 -0.011200927375144073
x 312 87.50976504676309 -20.575290477185646 -0.45079089940487105
z 312 49 5.783024552853353 0.6949150694805577
z 312 117 8.01722280433697 1.2413288752469391
u 313 1.0596693343973573 -0.00024780190169106054
x 313 88.48654749186768 -21.024823505134933 -0.4118466851514935
z 313 49 5.015293385824654 0.830891051906367
z 313 117 7.739730652689302 1.3714963985874897
u 314 1.0072459838880252 0.002217229452859383
x 314 89.06505608009799 -21.42212851516322 -0.7917425283495523
z 314 49 4.398595285223068 0.9984352368791658
z 314 117 7.603561987690624 1.4994655054991224
u 315 1.002039928715568 -0.010480435276819104
x 315 89.6149647168931 -21.9808410190295 -0.7949360176934439
z 315 49 3.951733040292231 1.2244533671444673
z 315 117 7.603411675480487 1.6418277863246091
u 316 0.9841434947859028 -0.0017842018224177596
x 316 90.44980674243686 -22.86026348369467 -0.8278597452236642
z 316 49 3.7350890072392513 1.4767701312879602
z 316 117 7.736657256354831 1.7708312472612828
u 317 1.1474417615149213 1.5707963267948966
x 317 91.38221718671738 -22.912443504752396 0.7160513650918912
z 317 49 3.012147210707961 0.1264277010110204
z 317 110 7.97712976386436 -1.0240767502694093
z 317 117 7.2174374683688285 0.31962357492412163
u 318 1.0194915873026131 -0.01810205733311547
x 318 92.25281598861106 -22.13073636391008 0.7472514907389183
z 318 49 2.006740893893223 0.21320015527084646
z 318 96 7.700768969879225 -0.10144706170217432
z 318 110 7.489495659428696 -1.1218679433239633
z 318 117 6.261185209846018 0.3903079659449462
u 319 0.970925477653621 0.0030819246530972015
x 319 93.03620616193479 -21.415461437062724 0.7327061272495898
z 319 96 6.735728037793896 -0.1193485633030793
z 319 110 7.123451676014945 -1.2481465023468528
z 319 117 5.37532679474472 0.4557456101799957
u 320 0.9657241209495724 -0.00296163715322519
x 320 93.8614777584752 -20.656458027294217 0.7544815097530986
z 320 96 5.777820986136094 -0.1360434047759509
z 320 110 6.87708437433904 -1.3786952004054243
z 320 117 4.5289127447413495 0.5529819017200652
u 321 1.0047180123426744 -0.006306759106975723
x 321 94.4073770720431 -20.035275982920858 0.9451465823253917
z 321 96 4.783815764888633 -0.15756826439178662
z 321 110 6.754452383424986 -1.518833602682067
z 321 125 8.427071089601146 -1.480122737457254
u 322 1.0211522584695263 -0.007725525397286601
x 322 95.01120744938196 -19.348546545998566 0.7539434084609065
z 322 41 8.307020924117342 0.045622614469815304
z 322 96 3.7779410445401376 -0.19123663257556522
z 322 110 6.774635239144751 -1.662178557036649
z 322 125 8.392476912347275 -1.5938265164992074
u 323 0.9730352861590726 -0.003654437455592775
x 323 95.74865288725113 -18.703613870458792 0.6832063858313515
z 323 41 7.335226559365951 0.055569061738900416
z 323 96 2.8282481996386437 -0.25240333560579664
z 323 110 6.929760960116183 -1.7988352628237987
z 323 125 8.469163689076774 -1.7052918371227894
u 324 0.9903936301537746 -0.004470361009180502
x 324 96.49499691519253 -18.013625904919074 0.809157977008482
z 324 41 6.346745824056397 0.06905472072439789
z 324 96 1.884702355592662 -0.378396755049748
z 324 110 7.216346658498838 -1.9285259836597215
u 325 1.0132869936993174 -0.0011786077655393148
x 325 97.1740237186412 -17.250823521083927 0.8777151987403045
z 325 41 5.33638114202759 0.0834472270542932
z 325 96 1.0142641316686427 -0.754643259026718
z 325 110 7.62988000131802 -2.0520958267524776
u 326 1.0033614286865895 -0.0009071578462791698
x 326 97.68529171316837 -16.575535192234376 0.9678046098568212
z 326 41 4.337364283564458 0.1037415890141773
z 326 96 0.7430012160152609 -1.9337942630292932
z 326 110 8.142703152193159 -2.1606564154703944
u 327 0.998865515351897 -0.011176697338474114
x 327 98.23974957156695 -15.942987815004571 0.734376403045812
z 327 41 3.3462430812286725 0.14749427866242382
z 327 96 1.4384214460221731 -2.630901700955185
u 328 1.002419254387196 0.0032782070257788747
x 328 99.1316252446167 -15.214516921534312 0.6354083553673355
z 328 41 2.3589711921004852 0.20601542758937308
u 329 1.017035288038264 0.0101173478690451
x 329 99.79258330492928 -14.750227179743117 0.5893278783983407
z 329 41 1.3774484459587546 0.34381548016031926
u 330 0.9874330729891214 0.006824900343433367
x 330 100.83072386832742 -14.08820407110206 0.5460329516217683
z 330 41 0.555159560636889 0.9728019608936327
z 330 116 8.258692505411862 -0.15871398544450255
u 331 1.0242139719756305 -0.008367369508100672
x 331 101.51833615169934 -13.646256633878933 0.596458764858423
z 331 41 0.8490698771265307 2.573061454905865
z 331 116 7.248400540241059 -0.17209691814403705
u 332 0.9878650298491649 0.0013431111517103512
x 332 102.50430485356333 -13.038011384064244 0.5090496975839094
z 332 113 7.963409487960963 -0.7547496108136311
z 332 116 6.277539829127336 -0.20049598588522954
u 333 1.0197227349104125 0.015518754630554967
x 333 103.70269151092994 -12.532343952890603 0.2895307649182084
z 333 38 7.715645798099951 0.09627273536738734
z 333 113 7.2602970872371095 -0.8674356884790506
z 333 116 5.2840677436109305 -0.2559243114970675
u 334 0.9951505587157787 0.002522670232132285
x 334 104.30112653176415 -12.345705343286816 0.31510511897366067
z 334 38 6.7256464608563595 0.10778760551552269
z 334 113 6.661080942330417 -0.9842705335401267
z 334 116 4.329054941526924 -0.3169518208687512
u 335 0.9542392587613627 0.014101538381929086
x 335 105.05825391640717 -12.110921547813199 0.2862852916169478
z 335 38 5.777049834122157 0.11029803457277154
z 335 113 6.190268743749812 -1.1277176764190049
z 335 116 3.437922079517679 -0.4195338747819619
u 336 1.0047703082782964 -0.007721562000632146
x 336 106.3670398957517 -11.870623068564395 0.07687816665651193
z 336 38 4.7801925075650065 0.14196529844697325
z 336 113 5.826878275382929 -1.2761286695929068
z 336 116 2.551185153399773 -0.5715267737380092
u 337 1.0026859471284786 0.003739908301002688
x 337 107.68488223731562 -11.673578911163023 0.21996333718299432
z 337 38 3.789917919963471 0.17517721178144852
z 337 113 5.620071964184189 -1.4515287031001671
z 337 116 1.793348851530906 -0.8834338566729354
u 338 0.9983703453569794 0.004487461567950022
x 338 109.2441350448874 -11.242467137069207 0.31953131938377766
z 338 38 2.811692951866041 0.23182704983031943
z 338 113 5.592112761330388 -1.634269295168815
z 338 116 1.395351427701428 -1.4751314074850042
u 339 1.0495225017020382 0.0044101871632195675
x 339 110.47023501119041 -10.68302153788474 0.5365978099040669
z 339 28 8.406846956135274 -0.19843280311600786
z 339 38 1.8055904400070808 0.36010666317951534
z 339 113 5.7570479843448945 -1.8216069795607044
z 339 116 1.6658826065976273 -2.1575714684208824
u 340 0.9537398631807211 0.005193914626780875
x 340 111.30971453474545 -10.13273791258414 0.6238740670875154
z 340 28 7.4747414742871126 -0.22910742529842665
z 340 38 0.9712976156604343 0.7056777521902617
z 340 113 6.066820601658721 -1.9795796850577654
u 341 1.0283886725043572 -0.008388552449288279
x 341 112.0873385487463 -9.533276878533838 0.6895978591749312
z 341 13 8.308038320726244 -0.06143292054766114
z 341 28 6.476319686922102 -0.2561402688898724
z 341 38 0.6970092194795543 2.006801399608806
z 341 113 6.540318566265327 -2.1162423756590805
u 342 0.9749471069455514 -0.004088249278772938
x 342 112.52958673697911 -9.076942969595137 0.9125468935461827
z 342 13 7.335038981979271 -0.06523385420162064
z 342 28 5.538103076362189 -0.29631862087772065
z 342 38 1.4187438010595996 2.6825748924134496
u 343 0.9804315164065075 0.0013311586594864874
x 343 113.1982685286118 -8.161112642000589 0.9677112493899545
z 343 13 6.357063508767799 -0.07672131110699265
z 343 28 4.609529398028128 -0.35993311100823533
u 344 0.9688160494248094 0.0036670388904743267
x 344 113.5738839749363 -7.570223126700194 1.0413993415658496
z 344 13 5.391771715149866 -0.09448935673764769
z 344 28 3.719262152553834 -0.45592427733261864
u 345 0.9486135106616448 -0.0021340872242144107
x 345 114.11540183119152 -6.648290607898104 1.0380275759989779
z 345 13 4.448175327320563 -0.11225076118899224
z 345 28 2.897231653553583 -0.5981379714194155
u 346 0.9960396963560226 -0.009699867999913266
x 346 114.73401299837305 -5.732616645708412 0.915268822279792
z 346 13 3.459526599358974 -0.13341826239966093
z 346 28 2.1449602025778463 -0.8510664341929983
u 347 1.0213469818626124 -0.010833458478178928
x 347 115.48519769922011 -4.920054850789451 0.7339872866830066
z 347 13 2.4500116642889087 -0.17582465124232138
z 347 28 1.6546906026496995 -1.3204189294115694
u 348 0.9727332994894042 0.0009333463774471952
x 348 116.31233258146092 -4.270841692916013 0.5969363517595925
z 348 13 1.5020741269008444 -0.2905782605227367
z 348 28 1.6994293721353735 -1.9092424499379719
u 349 0.9947547703105073 -0.014116185799228196
x 349 116.97879347154218 -3.700490807918322 0.8187559388590144
z 349 13 0.6137481882747922 -0.7470273497485973
u 350 1.005157021740526 -0.0008525898840798561
x 350 117.55354359771187 -3.105409314105483 0.7867963658064614
z 350 13 0.693827700560098 -2.4967115983505908
u 351 1.064553528909217 1.5707963267948966
x 351 117.35503599775815 -2.2098861883722343 2.7910751756383245
u 352 0.9765306078984634 -0.012048692182380315
x 352 116.48373492041044 -1.9180772210382808 2.8457692219705173
z 352 119 8.060097012893124 -1.097381358643048
u 353 1.0323580199070692 0.004383578685071881
x 353 115.71895431316855 -1.7095469869391522 2.90502467481169
z 353 119 7.646956257746607 -1.2223458810322818
u 354 1.0086003742959304 -0.006038326203819884
x 354 114.7846216326045 -1.482378186072957 2.901146740080348
z 354 119 7.360881662965373 -1.3453101043735163
u 355 0.9993839445445029 0.008558775821283112
x 355 113.5282098482578 -1.2396963171884665 3.0004286046862774
z 355 94 8.114192443904793 0.9836823442025064
z 355 119 7.20786235654891 -1.489557896245229
u 356 0.9272621433539587 0.008284698015847147
x 356 112.41200639686843 -0.9889589397277025 2.8408243764574275
z 356 94 7.636239150459292 1.0763843969830234
z 356 119 7.196079358012072 -1.6266721120590704
u 357 1.0057573940722084 -0.00805120800364745
x 357 111.58798707747033 -0.6322291905885786 2.6252509512841833
z 357 32 8.046622236501422 -0.6623788438852687
z 357 94 7.217303471205589 1.207677953134069
z 357 119 7.3174650485487085 -1.7563166753350732
u 358 1.0127198533159998 -0.001623770521590574
x 358 111.07192118889108 -0.298166115795355 2.508947521353206
z 358 32 7.274211528403364 -0.7463904020493906
z 358 94 6.923431937429103 1.3465102189918863
z 358 119 7.56920970188525 -1.8865938159995717
u 359 1.0261745736827252 0.004378992731669719
x 359 109.98325867467058 0.4574487085573119 2.5607593112712337
z 359 32 6.55966529846846 -0.85744239023541
z 359 94 6.767298162584808 1.4904392177130674
z 359 107 7.6675717716330976 0.16250042794070652
z 359 119 7.950028629864749 -2.0138889774811997
u 360 1.0012587858269426 -0.011787760515202096
x 360 109.09391607024587 1.0244795683030272 2.587230906332124
z 360 32 5.947909072105498 -0.9726357535110859
z 360 94 6.766880499857522 1.65032144187286
z 360 107 6.682588659582324 0.19940229268032805
z 360 119 8.422946992921869 -2.1100015633410925
u 361 1.029695996973565 -0.010964863162573476
x 361 108.02961712438612 1.8420583592541797 2.3858774667588083
z 361 32 5.429989713728492 -1.1184296894424848
z 361 94 6.930666561403938 1.8098661401211773
z 361 107 5.678300244199485 0.24726949837721524
u 362 1.0029438355792177 0.0033440825937997506
x 362 107.3669617465133 2.4502783250519435 2.4121251950448244
z 362 32 5.074076478585015 -1.3006490031366371
z 362 94 7.232527700043976 1.941715440773753
z 362 107 4.711767309323326 0.2957022774274982
u 363 1.0148904930182756 -5.985408968455219e-05
x 363 106.55646025370736 3.328796997795963 2.2197668801074792
z 363 32 4.901770902502029 -1.5014723095671356
z 363 94 7.659054968907544 2.0655872205006016
z 363 107 3.7526090509515786 0.3746638107405138
u 364 0.9405741327035178 0.0022602163758597216
x 364 105.95909220283104 4.136356709366067 2.195604502617873
z 364 32 4.927850600115645 -1.6953279486261894
z 364 94 8.146961714597085 2.165169483380673
z 364 107 2.8972950802913484 0.49114558518926366
u 365 0.9987168018776948 0.00017415545791389493
x 365 105.38167315804351 4.822598632218657 2.344974070530685
z 365 32 5.148262133726865 -1.8891976918355151
z 365 55 8.282808438768404 -0.7096057068752595
z 365 56 8.35506510632154 -0.36471429376824505
z 365 107 2.0708556712371897 0.7203991031655619
u 366 0.9755598582133296 0.006071657562479859
x 366 104.72883317946471 5.5430180625080325 2.269072269652284
z 366 32 5.534419080618033 -2.0633019108096105
z 366 55 7.571579768000214 -0.8000205062930936
z 366 56 7.4529910229177565 -0.41786225836133406
z 366 107 1.4817173102827041 1.16195749008934
u 367 1.0121142402993635 0.009115737451931357
x 367 103.69912022237835 6.5236453845767 2.492140170684043
z 367 55 6.908366247556935 -0.9148958150913136
z 367 56 6.543015446541639 -0.4904369164840734
z 367 107 1.4194926066888234 1.8643093952799035
u 368 0.975450894725717 -0.006744029429718445
x 368 102.78507141546598 7.233445988205488 2.4704951656493908
z 368 55 6.357788846101471 -1.0297246537788478
z 368 56 5.699316114216073 -0.5638837575279174
z 368 107 1.943346372194736 2.3716900752302585
u 369 1.0034785463213631 -0.0024336036930568948
x 369 102.17098088177828 7.789056593261281 2.3418018594704337
z 369 55 5.902808123205565 -1.1734207757914852
z 369 56 4.879986690119462 -0.6713641275711599
u 370 1.0158075093504686 -0.0004534844275352517
x 370 101.32641804705618 8.770341920925693 2.2211028363735545
z 370 55 5.588515936445454 -1.3413495272165217
z 370 56 4.133053982743543 -0.8243548474265205
u 371 1.0601225519848947 -0.003905527731442142
x 371 100.63143130089328 9.537159807582281 2.3930877831816666
z 371 55 5.444071577670387 -1.528136969777681
z 371 56 3.499005702547404 -1.044331926165197
u 372 1.0006964605078923 -0.0019274816458273393
x 372 99.78963300942335 10.357839381719726 2.344706144723986
z 372 55 5.492190265448419 -1.7092602069986955
z 372 56 3.1176583825801556 -1.3234470907884057
u 373 0.9608008526142242 -0.009813366878736336
x 373 99.04287055945096 10.992216082693057 2.530068617959701
z 373 55 5.700230580716596 -1.8672867437144476
z 373 56 3.024511168259099 -1.6263207718373094
u 374 0.9749400370882279 -0.001725538011978711
x 374 98.14463039526113 11.547913309767633 2.645075188203317
z 374 55 6.056510190554234 -2.0201671376427632
z 374 56 3.228061140909267 -1.9309332672691193
z 374 88 8.490148111316852 -1.5752601888679134
u 375 1.0026360529138052 0.008161352693817368
x 375 97.20036869402479 11.948580577815571 2.835524371405171
u 376 1.0568461127506041 0.0024301790598115513
x 376 95.95019013457916 12.208903191441195 3.037071401911346
u 377 1.0475667739176786 0.014671272508197412
x 377 95.05479757740602 12.374091924349244 2.8812415470648407
u 378 0.9861131258983998 -0.002772794129953111
x 378 94.13441549337594 12.653766954433236 2.811939770722069
u 379 0.989765246765672 0.006060190117865349
x 379 93.08348141472389 13.1482440060273 2.5916852696543584
u 380 0.9701224531434758 -0.002292399052241765
x 380 92.20565359407387 13.722524419567414 2.532847127121456
u 381 1.003721904097962 -0.008989803740701642
x 381 91.47741813504966 14.275629878041418 2.4512127987774583
u 382 1.0044975482555332 -0.004308093262061269
x 382 90.83299814093697 14.822032369988829 2.42542742916556
u 383 1.0377849132870494 0.003944729399080878
x 383 90.38026724042304 15.270942491799925 2.2954366665664363
u 384 0.9837505523670074 -0.00010095820003427456
x 384 89.65282225635056 16.022025474573617 2.3849799932728093
u 385 1.0219305881167482 0.012466558506997162
x 385 88.91564674067108 16.735123362205176 2.3606101975604235
u 386 0.9783338180359084 0.004447534302811436
x 386 87.99278089398554 17.602784519932946 2.413422317463013
u 387 0.9770069295665268 0.0014809006949034593
x 387 87.42770500785475 18.08163571640405 2.4637854702914446
u 388 1.0007780941783988 0.012872181018161072
x 388 86.83427424701239 18.581938351393955 2.4184877618487075
u 389 0.9663076335753729 0.005503919519677986
x 389 85.99096813933791 19.220393279470372 2.5686565366480334
u 390 0.9492964535180005 -0.008587715169988335
x 390 85.16270326065921 19.981630368646748 2.228020608134128
u 391 1.0113794255610085 -0.008692954070053811
x 391 84.54976197325396 20.82678428065302 2.1685059103166218
z 391 10 8.421615010551886 1.3981201405840862
z 391 86 8.098374108273806 -0.32719658376792715
u 392 1.094799419105354 -1.5707963267948966
x 392 84.82150543394712 21.92525719297884 0.4880586693072231
z 392 86 7.227542802757069 1.303960538919016
u 393 0.9500172669203933 0.011792020578712606
x 393 85.72745082456288 22.36448027007184 0.4148060930089157
z 393 86 7.0314199066275735 1.4226541772943193
u 394 1.0575786646393013 0.012963605264423108
x 394 86.8250451117662 22.920298524658875 0.5226978237634374
z 394 86 6.947577824566083 1.5606689986182483
u 395 1.0020718682200604 -0.016432902789273656
x 395 87.88630085294639 23.58703729672489 0.5991746953578301
z 395 86 7.017574825688167 1.7203844041379046
u 396 1.0190667789172938 0.00784207491628786
x 396 88.41601420972037 23.890096054772062 0.4401572730531669
z 396 86 7.236084756652631 1.8523365851835703
u 397 0.9858957994847993 -0.00646941868804976
x 397 89.17865380129977 24.2291664467288 0.39655298131958006
z 397 86 7.572409807164307 1.9840853685776576
u 398 1.0251523471461672 0.008236456306930958
x 398 90.22007260810058 24.730078127368085 0.5000950323346798
z 398 86 8.035496440761921 2.09316403699488
u 399 1.0530549817899233 -0.004056505125751421
x 399 91.2314184025622 25.336290192604565 0.5798779612545193
u 400 0.9900480066742147 -0.0010317544211961751
x 400 92.22177220102661 25.889923779564263 0.43961521833122763
z 400 99 7.79738140624812 0.3642268419418184
u 401 1.0152068380264931 -0.003751913360950004
x 401 93.03454677685203 26.20562280386508 0.30135504815566794
z 401 53 7.714133596776145 -0.31618072649995455
z 401 99 6.8590879222161245 0.42098769852632856
u 402 1.026312576507934 -0.0009111327853842058
x 402 94.14643097144898 26.38176186443138 0.012863710514996018
z 402 53 6.74608130811228 -0.3625258737645085
z 402 99 5.937440552642472 0.49266878532476177
u 403 1.046790786946751 -0.0015520558186743062
x 403 95.09039955240618 26.428380242257784 0.08582714527342539
z 403 53 5.778927170118125 -0.4251250589455786
z 403 99 5.0399739013101685 0.5927588225984133
u 404 1.0533864344273018 0.009109211644830134
x 404 96.08588487603127 26.546539711820994 0.15045803315345996
z 404 53 4.84122632193881 -0.5250007163843153
z 404 99 4.204449263330257 0.7231179368840137
u 405 1.016661396342171 0.010303987630374779
x 405 97.21499715087542 26.78090599851668 0.2588633357240968
z 405 53 3.997321825518999 -0.6642699850272153
z 405 99 3.5031944607184067 0.9049080206607254
u 406 1.0547124488214612 0.00042978328302538073
x 406 98.59529219433544 27.005376941457563 0.06356468827071104
z 406 53 3.2331098024263043 -0.8672480525598534
z 406 99 2.9695925122574014 1.187488985218593
u 407 1.0466479283417196 -0.015355373531409906
x 407 99.36925710957297 27.10674532948989 0.19689843855412636
z 407 22 7.832245186922482 -0.2833430032014821
z 407 53 2.6703346557251697 -1.1533650456441726
z 407 99 2.76287430954191 1.5629887313295576
u 408 0.9960491515937031 0.0063213152985667305
x 408 100.27734616009135 27.3115299757588 0.24670430197431203
z 408 22 6.882557243309896 -0.33057377689603085
z 408 53 2.445721944620101 -1.5417229183547336
z 408 99 2.926639371829315 1.9039223055657928
u 409 0.9901837211155601 0.011128495252175349
x 409 101.42573459668692 27.501525073708848 0.08121523995059476
z 409 22 5.956753899054012 -0.396559005339177
z 409 53 2.616898098640237 -1.9407826513183388
z 409 99 3.3779258051956895 2.1740328215745013
u 410 0.9787062392989506 0.001965834441214068
x 410 102.30051116847358 27.51823788918552 -0.043009410001057624
z 410 22 5.068554656723792 -0.47335148477721134
z 410 53 3.108531701760882 -2.2405594554011024
u 411 0.927171831010853 0.010553044691371808
x 411 103.34111920617215 27.461197260104065 -0.06651041052223405
z 411 22 4.266995719638285 -0.5841469378840665
u 412 0.9561663433366425 -0.004164898099651466
x 412 104.10182464250744 27.440182501855713 0.011273747774431797
z 412 22 3.507890004450831 -0.730396983623903
u 413 0.9626675920693346 -0.011956286128813033
x 413 105.27315159003703 27.461598071505193 0.025288518547964767
z 413 22 2.859051403288211 -0.9434707574394436
u 414 0.9837640321667231 0.000755341895586796
x 414 106.1269426521798 27.522106967631778 0.11621658138042168
z 414 22 2.4169733648083853 -1.2801231426311288
z 414 114 8.221184113198522 0.42479285131709243
u 415 0.9901069444761016 -0.003937609666304802
x 415 107.1405801420607 27.61052859466296 0.057806907685712616
z 415 22 2.332671572571374 -1.6947027711974292
z 415 111 7.96860384414734 -0.7421390294450276
z 415 114 7.331343422895387 0.4846606711407624
u 416 1.001840993700615 -0.0060338450739260046
x 416 108.45995196324091 27.546473854093936 -0.1548295724548554
z 416 22 2.647393492506307 -2.0737810051196983
z 416 73 8.08149166473322 0.4278044037803954
z 416 111 7.2596216761386625 -0.8292029238337815
z 416 114 6.463365203906163 0.563389020446357
u 417 1.0502417962241883 0.003447335293177984
x 417 109.35019151090437 27.33517603433284 -0.31124489578811376
z 417 73 7.138359452720243 0.48520271017030714
z 417 111 6.597314654782771 -0.9504952742709971
z 417 114 5.602466355419132 0.659949112979163
u 418 1.1131191434046228 1.5707963267948966
x 418 110.31388826302482 27.712178823764095 1.0570476648590894
z 418 73 6.1881179642131645 -1.1335013721366156
z 418 111 6.833891939938253 -2.666452307750718
z 418 114 4.609888061526018 -0.938050891741252
u 419 0.9867673355631448 -0.0010519074473726816
x 419 110.90726129826602 28.409214760786984 0.6740711163369246
z 419 73 5.83856425494329 -1.2861208456153745
z 419 111 7.724344496494134 -2.723933437645894
z 419 114 4.103760711947503 -1.1320629541902951
u 420 1.021895852663055 0.003385869954209848
x 420 111.63423628963234 28.873838637703425 0.463305444410993
z 420 73 5.639256659237743 -1.4644006439784305
z 420 114 3.786178086284257 -1.382486917410756
u 421 1.004805448547181 0.006967697095388532
x 421 112.4550068064743 29.29204544515207 0.47917881468988144
z 421 73 5.625534226041029 -1.6499863590004888
z 421 114 3.734498580948161 -1.6571164490034669
u 422 1.0097617555790772 0.007073999933983329
x 422 113.16207970380803 29.674953195410517 0.513469708028238
z 422 73 5.796984534506808 -1.83153557515307
z 422 114 3.9551074947556617 -1.9212886695313136
u 423 1.0094705550377892 -0.005427592060925238
x 423 114.21945025446934 30.255815607963715 0.49121240279190514
z 423 43 7.894899777768047 0.27959553024225237
z 423 73 6.132742232578936 -1.9859418351348719
z 423 114 4.402648478999675 -2.1331262667130257
u 424 1.0238302341027803 -0.010304716803309561
x 424 114.87738106931381 30.605198018216278 0.4851156574763982
z 424 43 6.918281820862372 0.33148447643161827
z 424 73 6.607896118475485 -2.1182186134206047
u 425 1.0168438174478671 0.0021116657487429097
x 425 116.0865423726976 31.324156383552626 0.5877523131224107
z 425 43 5.965575581987171 0.38470390143145927
z 425 73 7.190611616817977 -2.241295190063703
u 426 0.9812943407912844 -0.006069022995199262
x 426 116.91929278559103 31.89711489579832 0.6175440193450101
z 426 43 5.070719532275006 0.46400798398953214
u 427 0.9678579066700599 -0.0038289879077624757
x 427 117.64851939637106 32.436556409903865 0.656266657514653
z 427 43 4.228443352019017 0.5708481813828827
u 428 0.9891170207650268 -0.005039509436335095
x 428 118.36797114052364 33.00733122790989 0.6850753298499526
z 428 43 3.439615929743765 0.7325216212820003
z 428 62 8.046085172972544 -0.9297664659337537
u 429 0.9746371550540892 -0.005746837100982293
x 429 119.0361083073673 33.54160099072201 0.6639684732555948
z 429 43 2.7944342292595645 0.9744459082100274
z 429 62 7.501596689998151 -1.0281151879674573
u 430 0.9443426624541934 -0.008547379933839949
x 430 119.53603757132838 33.9765474551809 0.7680319828680187
z 430 43 2.398996031397084 1.3157350379752026
z 430 62 7.056702840111557 -1.13411688252976
u 431 1.0053515200290788 -0.006432415429846224
x 431 120.15964452898922 34.48398260182078 0.598057821259891
z 431 43 2.358791251765543 1.7476592196163043
z 431 62 6.690702973946272 -1.264062125148159
u 432 0.9966080452123539 -0.0030005877725134042
x 432 121.06224622874723 35.131746837957195 0.646907205916941
z 432 43 2.718689443240663 2.119743432591836
z 432 62 6.458552188813814 -1.4086323397678102
u 433 0.9699979002413164 0.02232606797969492
x 433 121.553149813322 35.534623364343986 0.7275453404215138
z 433 62 6.385060529385722 -1.5817138103834412
u 434 1.0731007097592173 -0.006219500848422836
x 434 122.22262845841949 36.02782004764616 0.5423079709861676
z 434 62 6.48286451968884 -1.7417830954745177
u 435 0.9691581967595572 -0.003237576202132759
x 435 122.96469588484729 36.566951059693054 0.714306983830153
z 435 62 6.714528219725097 -1.8813020898466313
u 436 1.1090971499039766 -0.009883413866557906
x 436 124.19825527541927 37.57573006593916 0.6566693987495467
z 436 61 8.408892254553356 1.4089962362734925
z 436 62 7.127101457296461 -2.0203766044561826
u 437 0.9886511738926164 0.0022971911299943786
x 437 125.10929714960164 38.39474989098738 0.8078470030338467
z 437 61 8.3059941623227 1.5244226409468418
z 437 62 7.609991801794108 -2.1398822090301337
u 438 1.0191891607142993 -0.005543639586389173
x 438 125.6972300568925 39.140719505127045 0.9988037847674986
z 438 61 8.324079833604461 1.6525955319015413
u 439 1.044587861640264 -0.003525181120177791
x 439 126.0977153136013 39.87274306654815 1.1415710385111373
z 439 61 8.475432434783729 1.7792504094594106
u 440 1.0077610787943707 0.01491829177064665
x 440 126.63043978722175 40.99997000927278 1.1170492738597853
u 441 1.0023294407101822 -0.0008092524623035589
x 441 127.10061763827827 41.92464874584625 1.0837310346755409
u 442 0.9609535395077444 0.009187595607062934
x 442 127.68205694164698 43.0074165271374 1.072256347428553
u 443 0.9891151242951154 0.01733990262701536
x 443 128.0740065056671 43.809422584722604 1.1601841547741145
u 444 0.9432825142515724 -0.00045893608227980353
x 444 128.50055436144547 44.79358960042778 1.1634637014430975
u 445 0.9702882403789576 0.011339222744702386
x 445 129.0549451635651 46.003226400865465 1.1186400080373433
u 446 1.0535650670994177 0.001793697054429023
x 446 129.60628331938065 46.978423688633725 0.9938329129735539
u 447 1.0191147923007016 0.001005439607956679
x 447 130.06567071054954 47.65732794727081 0.9579812835453367
u 448 1.050357739801413 -5.2886654277189666e-05
x 448 130.67226695280388 48.5805614149791 1.021002360354892
z 448 102 7.938653634967956 0.7693408542814959
u 449 0.9549319936328047 0.0013245807255652647
x 449 131.05755565520175 49.102482269613155 0.8487611334422267
z 449 102 7.282540655771506 0.8593000916454727
u 450 1.0102742480479199 0.002361551778009049
x 450 131.88446158705173 49.961163194111634 0.7597327222298542
z 450 102 6.6659327865170175 0.9718621190443404
u 451 0.9938912685307935 -0.0015794376861743644
x 451 132.37044930132137 50.35969093768697 0.6139464215357178
z 451 44 8.11941266129382 -0.06549433411551231
z 451 102 6.1612525137914185 1.1071458508796077
z 451 124 8.133086055389851 0.9653967110223132
u 452 0.9924134295838399 0.0005006545716145797
x 452 133.29310702339265 50.86436804158633 0.38709982644724095
z 452 44 7.129441382777343 -0.07514013723120438
z 452 102 5.7856861275745874 1.2606541372016666
z 452 124 7.61196108609087 1.072288289607327
u 453 1.0119544478306377 -0.002805534209101572
x 453 134.04962853154922 51.18629791952412 0.41755542317228045
z 453 44 6.120691160123711 -0.08451510282780239
z 453 102 5.562385358302087 1.4376655043363993
z 453 124 7.184649134902475 1.1992142799608985
u 454 0.9856490376442252 0.005999210146781748
x 454 134.84839851675517 51.63456989976953 0.6052516381926263
z 454 44 5.139537702091353 -0.10727703237994168
z 454 102 5.515755054376472 1.609648033319159
z 454 124 6.885394463044166 1.3268368875237124
u 455 1.0101699064639988 -0.004618960512258672
x 455 135.66334395636605 52.14701250518228 0.517411470371
z 455 44 4.136283059128891 -0.12824914199977488
z 455 102 5.648234522874142 1.7939273190943972
z 455 124 6.715665936507552 1.4780293637990631
u 456 0.9402548106004408 0.00372058353789397
x 456 136.17946609290271 52.454516038781854 0.5572337926131334
z 456 44 3.206297658955264 -0.17002624650110487
z 456 102 5.926022148506783 1.9456286770895987
z 456 124 6.692607465608267 1.6146317707417666
u 457 1.0264377181167537 -0.0062832956899765485
x 457 136.8339177778815 52.97881483346918 0.7936215026925098
z 457 44 2.200736636821163 -0.24129579710300142
z 457 102 6.376581712833358 2.1020832322810854
z 457 124 6.818339215106276 1.7718620309322555
u 458 1.0178090022252244 -0.000676725037544904
x 458 137.53553440826437 53.61351253977589 0.6771039529372551
z 458 44 1.2364227467614686 -0.43834444949595985
z 458 124 7.092405732744779 1.9136123486983827
u 459 0.96294232419232 0.016484017233744697
x 459 138.29567473475015 54.213493291434226 0.6592641027098951
z 459 44 0.5552728356042798 -1.3013267523346899
z 459 124 7.464222585517406 2.019284808368247
u 460 0.9948939436953327 0.0065509576117072435
x 460 139.19337253797298 55.049258538587374 0.840107310072808
z 460 44 1.0037373910686227 -2.5818736710908237
z 460 124 7.943584084984767 2.12601171329094
u 461 0.9605969904265073 0.00991660435989363
x 461 139.97725556440076 55.99294498805442 0.9151678002035499
u 462 1.0023464722486428 -0.0031030591593576295
x 462 140.34965243396525 56.47711739626344 0.9151463511348501
u 463 0.9785542260381883 0.000149208359614121
x 463 140.97098489281908 57.15553693841148 0.7434365946230717
z 463 75 7.703389963313925 0.0853208529327194
u 464 0.9597880216131449 -0.005351870438379308
x 464 141.41598560520524 57.702233362473855 1.0317396095036857
z 464 75 6.747843923735354 0.10317322026916287
u 465 1.0348525465467948 -0.012364136566726245
x 465 141.93832835710214 58.64762011305413 1.1003050437766762
z 465 75 5.720294495361187 0.13528245936571182
u 466 0.9954007742393725 -0.003257325852935166
x 466 142.3975675805452 59.72354696746184 1.2344461602965318
z 466 75 4.736157722021694 0.16722857971733696
u 467 1.101459574089639 1.5707963267948966
x 467 141.7872656574553 60.363545870159115 -2.8527372921103895
z 467 75 3.9698328404910024 -1.5488481458788215
u 468 1.020521989837842 0.0038562597257002394
x 468 140.8335449079142 60.034679771208175 -2.766334936907491
z 468 75 4.07907256919193 -1.8055235927381954
z 468 91 7.797538891810256 -0.21767731173094784
u 469 0.9998547209917386 0.005376328787409094
x 469 140.04112171710534 59.62994745148137 -2.5724248604140305
z 469 75 4.422327910002876 -2.0324581568258244
z 469 91 6.825364254876094 -0.2550800077900277
u 470 0.9686129242992414 -0.006238137805391624
x 470 139.47264964556197 59.22684298004292 -2.4771437340246796
z 470 75 4.9282167261091105 -2.203386067953134
z 470 91 5.892286620613152 -0.2898354305470354
u 471 0.9689147218752678 0.007758967353118282
x 471 138.69400186343788 58.499614234789405 -2.3035098967364953
z 471 75 5.558979934670887 -2.351777486271878
z 471 91 4.9727859614483485 -0.3540333462073635
z 471 120 8.087678463580238 0.7796395390702195
u 472 0.958960610154513 0.008665126647428342
x 472 137.95493743930675 57.69154815114816 -2.319738623437198
z 472 75 6.273766618255857 -2.468746008447609
z 472 91 4.088608106963498 -0.4450564685383176
z 472 120 7.433151835754711 0.8613968709785018
u 473 1.025061763777787 0.0019825835061034096
x 473 137.2412358206353 57.02921895582869 -2.4672832430131844
z 473 91 3.1945944825121617 -0.5859110156494722
z 473 120 6.809167930157239 0.9737899957673175
u 474 0.9666265277372585 -0.002493287870498431
x 474 136.65328545796038 56.558325103240676 -2.465313967411967
z 474 91 2.4473833300313528 -0.8031700297229625
z 474 120 6.317626633876494 1.1032696829481488
u 475 0.9778984191150648 -0.007370128361323959
x 475 136.05597537154446 56.05830868495963 -2.4239410782974
z 475 12 8.346611681629227 0.43297034144190816
z 475 91 1.8998315952471374 -1.1737955987096407
z 475 120 5.944811824224999 1.2582909015648323
u 476 0.9868606129592651 -0.00671945395558496
x 476 135.2798190521805 55.37720232251008 -2.41871337963042
z 476 12 7.4638742820283515 0.49559639916944676
z 476 91 1.766859215627074 -1.7073484357928184
z 476 120 5.722312165458501 1.4300409078380172
u 477 1.0067917144214578 -0.011037323852181374
x 477 134.42009286562066 54.72248939113691 -2.5627844857791664
z 477 12 6.598624291037226 0.5799972338563362
z 477 20 8.208444902076689 1.1331418372335547
z 477 91 2.1448206489029267 -2.1803745705111597
z 477 120 5.674943477233297 1.6177856807288524
u 478 1.0968219462125395 0.0016309342587555358
x 478 133.61004512242454 54.20160609981037 -2.5774842451703615
z 478 12 5.712315796321027 0.6836553588070591
z 478 20 7.806208013412486 1.259071335615575
z 478 120 5.829460267355035 1.8052302816062227
u 479 1.0163608094205145 0.0061492672274722545
x 479 132.73584188043273 53.66727967125469 -2.608450493522433
z 479 12 4.963765784340682 0.8067066205889093
z 479 20 7.553593839955664 1.3812146243631602
z 479 120 6.142697128035657 1.9608350596622381
u 480 0.971062929753612 0.0039013293774738697
x 480 131.8688646740509 53.07619611719119 -2.477955717724575
z 480 12 4.347237088513473 0.964486243519497
z 480 20 7.430148449284621 1.5059702391866203
z 480 120 6.571924287041546 2.0941347571619424
u 481 0.9494969375602466 -0.0018549703186524998
x 481 131.27355745631317 52.65355159191401 -2.5704705191893855
z 481 12 3.886138506665891 1.1686259778828116
z 481 20 7.430186188119452 1.6357017442565462
u 482 0.9876609801711628 0.0141599833054061
x 482 130.49161330743027 52.022644516883396 -2.3549141802391196
z 482 12 3.608733841025039 1.408264940967575
z 482 20 7.551910292459029 1.7524788312658268
u 483 0.9587800053050813 -0.009413952052915987
x 483 129.7247036229833 51.18223869848901 -2.266086426924853
z 483 12 3.5853319739619067 1.6849421024809548
z 483 20 7.78679273256615 1.883185899551453
u 484 1.0329020017877486 -0.00672074748900052
x 484 128.97131593471997 50.32076395275711 -2.312636578820814
z 484 12 3.845751555850606 1.96166134908281
z 484 20 8.166773338153961 2.010421572241869
u 485 1.0208246730036712 -0.007694756123316424
x 485 128.20439927379869 49.39786237932309 -2.215656719488721
u 486 1.0225431479858216 -0.00956849048527496
x 486 127.77210647172613 48.89753026456942 -2.3510810239692166
u 487 0.9923043458133507 -0.0024215956812347734
x 487 127.27248757398519 48.31095347755504 -2.2015341225547465
z 487 19 7.696548452885904 -0.4539397161377461
u 488 0.979297752320729 -0.0052100253964734574
x 488 126.6076508421561 47.45988021761801 -2.26637074982625
z 488 19 6.828684822234454 -0.5113209350861583
u 489 0.9450970627177567 0.0019994633998360687
x 489 126.03072350600472 46.80290402122712 -2.316450820563042
z 489 19 6.022774699445357 -0.5903190979942972
u 490 0.9565610649591723 0.01710163515968221
x 490 125.31696743554396 46.01915104151999 -2.3025216977201683
z 490 19 5.260399613811698 -0.7101058361804258
u 491 0.9934920659912424 0.01275688801271009
x 491 124.91832674249794 45.61484781852855 -2.395763094408522
z 491 19 4.558131913940616 -0.8664978681961015
u 492 1.111628847618226 -1.5707963267948966
x 492 124.03335341628414 45.59482823424731 2.440998741162617
z 492 19 3.561526758043533 0.6815317979686295
u 493 1.0777470360433365 -0.0034015192742498468
x 493 122.87572127636126 46.53127110620786 2.481862294030951
z 493 19 2.8093307904984055 0.9295531989302521
u 494 0.9823839284977394 0.014157759131107407
x 494 122.0410599386009 47.1794445150823 2.4807419552008545
z 494 19 2.3503979216828 1.255044593279786
u 495 1.011282848981006 0.004632653079146273
x 495 121.43905215302429 47.75573191286195 2.275297044676531
z 495 19 2.2495302381914777 1.691588388277406
u 496 0.9386244589465618 -0.013627869718472232
x 496 120.74514936637243 48.58128974983318 2.264231833802235
z 496 19 2.545347538768067 2.079665239779141
u 497 1.0084443305131234 0.006845626077412569
x 497 119.92077800666124 49.5642286273865 2.273131837504991
u 498 0.9962972790561909 0.014034214446812862
x 498 119.11370038742908 50.523154441340786 2.2677108986605834
u 499 1.0542373165683856 0.00418172155666246
x 499 118.52654236420062 51.201330803789254 2.301060960407357
u 500 0.9866837138382459 -0.010019513845843844
x 500 117.82957061153769 51.87594409799999 2.443927498065664
u 501 0.9798411891456837 0.002248594695984382
x 501 117.30933010305289 52.2899564909768 2.494896619868502
u 502 0.9477266358758408 0.002151154971046476
x 502 116.34164700957025 52.98347169775076 2.544627836421123
u 503 0.986287671157346 -0.0053098103514230225
x 503 115.43171654101431 53.70236002080051 2.4012718001058193
z 503 90 7.733703515351351 0.5186583990572657
u 504 0.991100031432764 0.023570036920578408
x 504 114.8821236884939 54.17971760253433 2.4515650324682126
z 504 85 8.293419633336853 0.705981526798579
z 504 90 6.884070600545829 0.5650334686407139
u 505 0.9865750174836271 -0.013865210052257819
x 505 114.24937586307341 54.7502099459049 2.3642114840063524
z 505 85 7.5746553640160394 0.8051361973954463
z 505 90 6.078031800800642 0.6668720006302711
u 506 1.0383505780477138 0.01237375722172143
x 506 113.45032133746604 55.55321511339099 2.3432455529710357
z 506 9 7.699639478248075 -0.43981651757989226
z 506 85 6.89074593357409 0.9009590944758905
z 506 90 5.296651096619691 0.7750904850061944
u 507 1.0208152814185492 0.005095385490409058
x 507 112.76997214817114 56.23700561912836 2.364098036307702
z 507 9 6.791160590327078 -0.5093028839054217
z 507 85 6.305705655972778 1.0228554850864384
z 507 90 4.620866138892387 0.924801506120744
u 508 0.9611623719840363 0.002550626511464719
x 508 112.12166933684692 56.92083462168552 2.294966232268303
z 508 9 5.971085801387159 -0.5905976771522496
z 508 85 5.861573805835441 1.1606262776385972
z 508 90 4.113369548834436 1.1097521172313414
u 509 1.0023323172232024 0.006251915378274326
x 509 111.45503224601167 57.83060820195407 2.1113659247633034
z 509 9 5.1707867209125915 -0.7055100763899151
z 509 85 5.535645658703806 1.3209667042632462
z 509 90 3.772656607072955 1.3433656907266576
u 510 1.022419013984067 0.005847728449023937
x 510 110.88352693015067 58.95465670519862 1.9709719588867074
z 510 9 4.444448353246449 -0.8615992791507789
z 510 85 5.37196772608223 1.500455705927612
z 510 90 3.676532229949989 1.6116871327241968
u 511 1.0071203602944787 0.0021909289798971968
x 511 110.41031759973258 59.97114643393964 2.042012049272129
z 511 9 3.8658728873659607 -1.0629921438525827
z 511 85 5.394443073813526 1.6855778999417979
z 511 90 3.850429024009591 1.8739202948406852
u 512 1.0090823191642735 -0.007188000032563018
x 512 109.84243664956578 61.02771845983356 2.0859329790795735
z 512 9 3.484962586602995 -1.3110751057805743
z 512 85 5.6039261536144815 1.8725391625269125
z 512 90 4.265007604840531 2.108619104911317
u 513 0.9817338837815156 -0.00729824715229509
x 513 109.3726418849053 61.88309172942469 2.0601599641546615
z 513 9 3.365618236831119 -1.5892756875234326
z 513 85 5.972943660128653 2.0372445286013487
u 514 1.0407956602461268 0.0019656638196332505
x 514 108.86177867797022 62.770271118832866 2.1263461333266385
z 514 9 3.5421719022660993 -1.8894141331614067
u 515 0.9350230979248275 -0.0024945752122516344
x 515 108.08900346564167 63.865302923770976 2.244342722959164
z 515 9 3.9355311014371814 -2.1146013603611458
u 516 0.9786309800761059 -0.003671652859987693
x 516 107.53419656654367 64.59734520831105 2.1943120702999
u 517 0.994084945787516 -0.001250071838549593
x 517 106.7766941036427 65.63584176197409 2.2076820527412293
z 517 50 8.484009358978359 -1.3560699782282537
u 518 0.9994835568813195 0.015508954222485829
x 518 106.34649980199183 66.31104124265143 2.0684689875976936
z 518 7 7.625169816850756 0.30049355310391235
z 518 50 8.336205075634172 -1.489186519386669
u 519 1.0064078918004342 -0.003421057536660046
x 519 105.83079527197427 67.35369244021614 1.9917744875374446
z 519 7 6.671097848012095 0.3488296863819871
z 519 50 8.313166442701492 -1.606701923182582
u 520 0.9684189925387949 -0.0020273714268422044
x 520 105.42697270854894 68.20598344426757 2.034769322868099
z 520 7 5.770893285112414 0.4084061190637738
z 520 50 8.402872178577018 -1.7201091465921916
u 521 0.9843525507844347 0.005687873153689795
x 521 104.83412898871502 69.03415318617164 2.3493898533227995
z 521 7 4.881863858299714 0.4823542643706977
u 522 1.0125098068111118 0.0024774779756362845
x 522 104.27818071817644 69.56073969110976 2.4172321536437185
z 522 7 4.011751977633451 0.5969401703055679
u 523 0.9719727815408266 -0.007538302400186594
x 523 103.52382197238687 70.37261548380687 2.221743540569973
z 523 7 3.256614171217119 0.773987184659648
z 523 23 8.374765476342478 -0.17592515283453025
u 524 0.9714483298486364 -0.0018454829258110225
x 524 103.0711107838643 71.04038748451683 2.1113862154429093
z 524 7 2.651135279266022 1.035098977173302
z 524 8 8.488628405709026 1.2523420420936553
z 524 23 7.420083067964864 -0.19687644881958732
u 525 0.9855935472198686 -0.005474118629238102
x 525 102.69545765751005 71.708613338957 2.0544761855153375
z 525 7 2.311864882025364 1.416560981650977
z 525 8 8.236063586162222 1.3718160959338803
z 525 23 6.455806764289727 -0.22085954759735493
z 525 68 8.054543956772681 -0.8293577460783119
u 526 0.998890431066623 -0.008479884567394779
x 526 102.09923534999166 72.73599587158316 2.1387798907482214
z 526 7 2.3774615742921825 1.8534576505809666
z 526 8 8.102253753080305 1.5015476618824772
z 526 23 5.484467405293764 -0.2515348249629916
z 526 68 7.413236437367867 -0.9200267378059745
u 527 0.9857500099830322 0.0010548749192324854
x 527 101.5861121464928 73.53022030360121 2.1500253510731087
z 527 7 2.815841001397241 2.1953162581887335
z 527 8 8.093488001771584 1.622292790267366
z 527 23 4.53653347946927 -0.306809094309763
z 527 68 6.861489846843642 -1.0356799091037239
u 528 0.9491960169332951 -0.009242789672199258
x 528 100.76811988299816 74.6279838631015 2.2723397293322964
z 528 8 8.20166375373216 1.7473438016225122
z 528 23 3.641325018937763 -0.37522288825147143
z 528 68 6.42549075857249 -1.1535019542836302
u 529 0.9809517626294381 -0.015198142019122856
x 529 99.95354277958165 75.44274913082107 2.439818281422495
z 529 8 8.43657919782853 1.877099027568292
z 529 23 2.748628819086141 -0.48864291959044026
z 529 68 6.087089435980499 -1.285658644644007
z 529 101 8.275447036449947 0.7424375503541594
u 530 1.0267081565858722 -0.01515267334830889
x 530 99.11815242509314 76.19351037913289 2.3791795966247307
z 530 23 1.8988498570969181 -0.7263698414279753
z 530 68 5.873678337160799 -1.4386586702030455
z 530 101 7.5567102222346 0.8503358920213682
u 531 1.0289860959592616 -0.012850478363371796
x 531 98.42787482635234 76.81449808677719 2.438795196768755
z 531 23 1.3139309439166258 -1.2561043529749547
z 531 68 5.821454392350762 -1.6017771640967264
z 531 101 6.926632488127288 0.9756895869568112
u 532 1.028831785353578 -0.010406653252335548
x 532 97.59059738547087 77.4250395676227 2.5842806835950007
z 532 23 1.3909354568058254 -2.02409785025647
z 532 68 5.937723410096004 -1.7654606147788072
z 532 101 6.411572924259933 1.119839352024286
u 533 1.0239913587465073 -0.0026522896316984027
x 533 96.73494031480334 78.0155842508218 2.490714930625087
z 533 24 8.08395922088647 0.3231634267079304
z 533 51 7.886277445244242 -0.4393176134595316
z 533 68 6.21623335514134 -1.925180238527767
z 533 101 6.0373628932356125 1.2758431421278171
u 534 1.074305552951862 -0.0006089720121347945
x 534 95.70795324594437 78.76155247264498 2.5360647536115675
z 534 24 7.073615504471432 0.372065636766175
z 534 51 6.928909415778521 -0.5046585382246875
z 534 68 6.665333358610092 -2.076332703108706
z 534 101 5.816939251267878 1.4541117494663318
u 535 0.9686257976642318 -0.003507388511727477
x 535 95.05729529728448 79.28922149029992 2.384322862429843
z 535 24 6.182011628988016 0.4328213360591189
z 535 51 6.098109830159421 -0.5777828031995424
z 535 101 5.786425973566999 1.6246870121314485
u 536 1.0068728497410695 0.0028394307082373095
x 536 94.09849098519594 80.0667736543194 2.536085705177033
z 536 24 5.284187243211539 0.5097415398274272
z 536 51 5.2842765609782445 -0.6851062514053488
z 536 101 5.925170825071107 1.7923703061070038
u 537 1.020573923403921 -0.012025158038594587
x 537 93.4018030927771 80.45301392954511 2.734677165824899
z 537 24 4.425093115312454 0.6357590077181836
z 537 51 4.5356535538865765 -0.8148819643513527
z 537 101 6.235219150137493 1.964536353452174
u 538 1.0113650574482695 -0.0029423627779893236
x 538 92.23851960272081 81.00601297093509 2.660995204096997
z 538 24 3.661988286801685 0.8037686573898783
z 538 51 3.9104959444851524 -1.0009919899761797
z 538 101 6.690032719136001 2.107456966172613
u 539 1.0276577551820927 0.01863464423168073
x 539 91.1965848144852 81.60709821013697 2.5756780824975554
z 539 24 3.031932559701526 1.029381883145433
z 539 51 3.474977691509161 -1.2728018680545314
u 540 0.983116424857913 -0.011029205573405254
x 540 90.34543262574822 82.05106339943951 2.7459436265593844
z 540 24 2.6674173065681037 1.3628640065936644
z 540 51 3.3166126994537755 -1.5485597807308216
u 541 1.0683163504558548 -1.5707963267948966
x 541 90.15442337727434 82.90621577811534 0.8351602418194153
z 541 24 3.2926179979753307 -3.102265125635658
z 541 51 2.7045328794997454 -0.22612627512093564
z 541 81 8.191443114823917 -0.0398840062798298
z 541 112 8.35217456429493 2.0425544797303505
u 542 1.0293309856110984 0.008648605559203583
x 542 90.74339729382203 83.75373173890151 1.0917867177453937
z 542 24 4.321465399194042 -3.1192495267731575
z 542 51 1.7185756494073414 -0.3720134251256866
z 542 81 7.163265462138879 -0.05488311297784909
u 543 1.0084187563533966 -0.00303273673324593
x 543 91.24975763549745 84.77214783447076 1.126989657304649
z 543 79 7.694308036488605 -0.30056403263841425
z 543 81 6.156517736338815 -0.06058764481085355
u 544 0.9939174637461861 -0.0013116774626112768
x 544 91.6985185105346 85.76537409818071 1.1658678641876241
z 544 79 6.751144263615636 -0.3427602625356654
z 544 81 5.164727905620419 -0.07080279530142564
u 545 1.0284005037128146 0.006732037764246102
x 545 91.95118162283097 86.33628073216632 1.1424177182732862
z 545 79 5.794249424473379 -0.40974202653812597
z 545 81 4.139858104211201 -0.09594355425297163
u 546 1.01939453921345 0.005768643299027694
x 546 92.33736196954044 87.18781817385864 1.1476376959865489
z 546 79 4.877574031348509 -0.4994199431888262
z 546 81 3.127057093412304 -0.13388234697179824
u 547 1.0159827017983634 0.007582502283774348
x 547 92.73944930206501 88.1058793832659 1.1683377973128461
z 547 79 4.017523293290788 -0.6292593958573227
z 547 81 2.1252688692130537 -0.20711886508039523
u 548 0.9860953608082877 -0.006082562010966197
x 548 93.06608486897679 89.01133712735566 1.2808323589978095
z 548 79 3.2700174548407 -0.8008475464743992
z 548 81 1.1767322764027235 -0.3716945433529819
u 549 0.9961645688752403 -0.0013683275656759212
x 549 93.33013260416112 90.02485490161608 1.351038909473652
z 549 79 2.67340826036839 -1.0701142404473272
z 549 81 0.43831125403000704 -1.3387538976360307
u 550 0.9652623317895556 0.005636639645953215
x 550 93.51089199890892 90.91557484440186 1.3901191272514355
z 550 79 2.369424250647745 -1.4417986523748538
z 550 81 0.9651825317868324 -2.6863116911400677
z 550 126 8.299491609256833 0.369497802871563
u 551 1.0045726733331233 0.0044222816898554515
x 551 93.65372477750789 91.8969900971114 1.4624277875672957
z 551 79 2.4538505638834285 -1.8644030773916551
z 551 123 7.946110649199861 -0.5378343531478866
z 551 126 7.370751871252504 0.41403527814284935
u 552 0.9826214830325491 -0.011088094522125213
x 552 93.75147388710684 92.5910755067322 1.3993420806699017
z 552 79 2.8908364427015343 -2.1852804221314237
z 552 123 7.116935182315459 -0.5968740289171404
z 552 126 6.485731919549303 0.48688189690838657
u 553 0.9659701929012515 -0.009091980139291576
x 553 93.89994477175546 93.43359321441883 1.3933866776969142
z 553 123 6.33851110826972 -0.6729670795862477
z 553 126 5.652486839479929 0.5767031299996361
u 554 0.9974710149368937 -0.00741114763793644
x 554 94.22786430242655 94.81409689070558 1.2817779323595477
z 554 123 5.590572249760588 -0.7764761211473177
z 554 126 4.849311879725344 0.6971497430054239
u 555 0.9925897836501962 -0.001818215092653074
x 555 94.64007333255717 96.06046290430953 1.221005583027984
z 555 123 4.93105325544944 -0.916058545363633
z 555 126 4.138367805074042 0.8537447398216975
u 556 1.02457506398182 0.013418556559427943
x 556 94.97995848499139 96.98223005447649 1.2140585738596155
z 556 123 4.389288548293706 -1.116672053289701
z 556 126 3.5440455349638955 1.0586823864478818
u 557 1.0069694016030186 -0.003520725187136402
x 557 95.30195017251349 97.87744994642487 1.2369915331069494
z 557 123 4.048219202368742 -1.3383909628986304
z 557 126 3.1761114546707137 1.3425033301937006
u 558 1.1351567471860322 1.5707963267948966
x 558 94.64054581787897 98.86409742200699 3.085704961021868
z 558 123 4.666761517541429 -3.096638835310695
z 558 126 2.371044408385664 0.0016284478091206367
u 559 0.9904828568479109 -0.0016706406305146942
x 559 93.59775569630663 98.82620677670916 -3.013065256957855
z 559 123 5.656387794368615 -3.102983555718153
z 559 126 1.3805668296922342 0.00506670921402419
u 560 0.9199801426505432 -0.0012121206042743258
x 560 92.93903399522276 98.73616138567483 -2.998409765879146
z 560 16 7.757703798452755 0.0225170612518113
z 560 123 6.5757595021652415 -3.107256444017411
u 561 1.0201095573397314 0.008247271441325145
x 561 92.10209719572984 98.55777606497604 -2.8647788204028566
z 561 16 6.737795810417691 0.017054412972408173
u 562 1.0231489446491646 -0.006266407728032668
x 562 91.00107191859179 98.29263698708607 -2.9457830095750652
z 562 16 5.7148943401509085 0.026934806519777865
u 563 1.021661566055549 0.0037991124839515354
x 563 89.89023587069516 98.04307114600343 -2.89541141358409
z 563 16 4.693623219181 0.028584574617399827
u 564 1.06379872184036 -0.00858562392980056
x 564 89.16275074183415 97.86125307301548 -2.8979542475019606
z 564 16 3.6305710598667607 0.0468020316700577
u 565 0.9646508384816925 -0.013643734360027865
x 565 88.14638223735562 97.35742111280338 -2.4647990888351368
z 565 16 2.6678153572344074 0.07982731262959053
u 566 1.0416839936383888 0.007495181742115297
x 566 87.43983165493535 96.76455227159892 -2.4221186505827403
z 566 16 1.6310697908615444 0.12089261485349123
u 567 1.0038070548353075 0.0031404479255341513
x 567 86.86802876567117 96.36537422085456 -2.6421615701680734
z 567 16 0.6455561266065439 0.3039260156303012
u 568 1.0110251174006422 -0.007872127667381403
x 568 86.10797436602188 95.86191182698747 -2.4709335461204875
z 568 16 0.4415181198703895 2.6865230341858233
z 568 37 8.397473085800952 -1.3094463239485727
u 569 0.9806664417909956 -0.0064705109067404315
x 569 85.12994574480487 94.95529036302666 -2.317196833065537
z 569 16 1.3912953444766833 3.0058234007664204
z 569 37 8.195861720432 -1.4187239214136464
u 570 1.0351156465813118 0.002058019720801699
x 570 84.35289870586506 94.21900855335105 -2.449054033955918
z 570 37 8.104970347597286 -1.5473794271137369
u 571 1.0120211222869668 -0.0021836390038586337
x 571 83.77520183482234 93.68022621475595 -2.3330161105014957
z 571 37 8.143261650953377 -1.6697574204352459
u 572 0.9637902378751388 -0.004676505662652299
x 572 83.10348357010282 92.97499070161768 -2.330699295640467
z 572 37 8.291918275538363 -1.7810307787707946
u 573 0.9956606488410153 -0.006772315135770504
x 573 82.53987787088042 92.39081903522593 -2.3458573582741487
u 574 1.0850877645385089 0.0042518089211273065
x 574 81.93699716273417 91.70196982223905 -2.2336216184588302
u 575 1.0068464490467701 0.005093013402565352
x 575 80.83601335696625 90.64702108336722 -2.521466353155479
u 576 1.1682391284287705 1.5707963267948966
x 576 80.72756161974495 89.40101678361624 -0.7937679202200272
u 577 1.0022037571595084 -0.004601673222212692
x 577 81.41339584791136 88.695249479001 -0.8056741257814957
u 578 1.02565415957416 -0.006587394921985916
x 578 82.17201008873094 87.92334869189646 -0.7824839547934879
u 579 0.9856948915834658 0.006422962863652298
x 579 83.01072125783872 86.87209227579777 -1.0122907658613718
u 580 0.9787570838463392 0.0017759204659511393
x 580 83.53226204594061 85.80885322269243 -1.2172309474719323
u 581 0.9584453813057164 -0.001176176075770781
x 581 83.82580213651264 84.81388705659965 -1.350588645218852
z 581 34 8.040567229600857 0.5288455570086468
u 582 0.9816286274988756 -0.004284889538131104
x 582 83.97851329941321 83.95456975859204 -1.4392519067268252
z 582 34 7.211255155539568 0.6021165877920693
u 583 0.998394584924938 0.006384501753956682
x 583 84.07656992155401 83.10621211048027 -1.4721938946694586
z 583 34 6.411393701059755 0.683634008706878
u 584 0.9883048293237305 -0.008554080882361615
x 584 84.14904405532405 82.15772667314047 -1.5168743761162418
z 584 34 5.682609070863152 0.8028378817276192
z 584 52 8.465577212741408 0.5491753555296128
u 585 0.9877374795434799 0.0008058842634492447
x 585 84.16859323845576 81.2555583484203 -1.5813868421233515
z 585 34 5.04640233821415 0.9432412818393798
z 585 52 7.6402669478836875 0.6158586045224439
u 586 0.9646129277460286 0.007816499535878985
x 586 84.23549872546121 79.94181298024512 -1.4584391575909759
z 586 27 8.201510781157095 -1.1216429602825215
z 586 34 4.544166849030692 1.1076148133798398
z 586 52 6.873079839988849 0.6887536693724781
u 587 0.9924872880817415 0.006463220236246565
x 587 84.36585605322813 79.04364428153448 -1.3948926983689254
z 587 27 7.82486506230384 -1.2427918390705712
z 587 34 4.19264825105954 1.314195151066757
z 587 52 6.1370568796915 0.7848514793180592
u 588 1.018010509004043 0.007902543591105756
x 588 84.48174477686561 78.18195418636553 -1.479324258363772
z 588 27 7.562543639638266 -1.3786488890743793
z 588 34 4.051612790317622 1.5515224898729159
z 588 52 5.461204460547774 0.9085440108823626
u 589 1.0315204523288226 -0.0010356049493095727
x 589 84.61490810541922 77.11775430315768 -1.4133024154704454
z 589 27 7.434294270113241 -1.5142221441784143
z 589 34 4.1620709695372335 1.8029613549793622
z 589 52 4.895463677461298 1.076589402986711
u 590 0.9894677238036754 -0.0028710870879239997
x 590 84.76688517317453 76.175974962184 -1.4083042594073536
z 590 27 7.442769474071216 -1.6444636294087793
z 590 34 4.495383476843381 2.0216326675887775
z 590 52 4.512383787858763 1.2738724594358573
u 591 0.9869153372659791 -0.007043262847795492
x 591 84.95817530693607 75.30006336720646 -1.3032606013407577
z 591 27 7.576177267855093 -1.7677338659002597
z 591 52 4.331247246596198 1.5008048970121566
z 591 108 7.877397810574564 0.12989902284911503
u 592 0.9720995016535996 0.0014655792026667678
x 592 85.23574078198838 74.23751295046014 -1.3273004453929256
z 592 27 7.825351048666682 -1.8913080007803176
z 592 52 4.371455298431271 1.7230182580068991
z 592 83 7.806072193007331 0.17178691766912557
z 592 108 6.914530164280753 0.14654319324959886
u 593 1.0534035279650236 0.0031821532314727755
x 593 85.43239731825352 73.11107305262736 -1.468611391531054
z 593 27 8.219779417009091 -2.0163554805789943
z 593 52 4.647722095033379 1.9458379957393044
z 593 83 6.770240506848966 0.19496146319425378
z 593 108 5.874145332269286 0.1692670862513923
u 594 0.9994403696078644 0.007672109486842314
x 594 85.47767477284242 71.8600944740858 -1.6006255877804207
z 594 76 8.090219504560173 -1.173074049029454
z 594 83 5.792113742099698 0.2200737876558181
z 594 108 4.891122177610951 0.1952510582976501
u 595 1.0021757438370091 -0.00566030230567732
x 595 85.4611221628472 70.79494130651763 -1.5720448079267602
z 595 42 7.623869908383949 -0.2613067089672976
z 595 76 7.754553159927758 -1.2867037099925753
z 595 83 4.8198278321155135 0.27171527837695564
z 595 108 3.9135166940389703 0.2513263466698108
u 596 0.9752926457422463 -0.0031358357185430883
x 596 85.47623875024809 69.88515589127438 -1.536319798112332
z 596 42 6.685985456462799 -0.2956434492642961
z 596 76 7.538032887912776 -1.4080286648474847
z 596 83 3.8896456280731138 0.3425763307208509
z 596 84 8.145568755452912 -1.0366233967800733
z 596 108 2.9792568710366614 0.3364621056769588
u 597 1.0179205037562749 -0.00730737283121416
x 597 85.48105939320733 69.02006465773377 -1.5941281510189955
z 597 42 5.718664442902138 -0.3395971040210495
z 597 76 7.437468276064341 -1.5361071213879631
z 597 83 2.9524096409450413 0.4671532032218906
z 597 84 7.674075850100673 -1.143481512979473
z 597 108 2.0479971805186334 0.5103464748677804
u 598 0.9551403440956882 0.01299213320822157
x 598 85.48882292467404 68.30745633094067 -1.5256763082890625
z 598 42 4.831042634067217 -0.419707008809719
z 598 76 7.471794441455471 -1.6772306622677071
z 598 83 2.139394903047497 0.6539511926369643
z 598 84 7.335883323609846 -1.2755960476003343
z 598 108 1.2963495932256421 0.8610403516857383
u 599 0.9896423097112875 0.016228070283396803
x 599 85.64419288279028 66.96433864091858 -1.3855829331837204
z 599 29 8.274238666169772 0.8674819656171167
z 599 42 3.951991364437849 -0.5400167010133421
z 599 76 7.648359016237208 -1.822358764827607
z 599 83 1.4747153355009999 1.0534911731616479
z 599 84 7.119212624130377 -1.425541598863019
z 599 108 0.9859741766192379 1.7019964109798558
u 600 1.018421908068632 -0.003581352682415722
x 600 85.95387949549114 65.74281037244013 -1.2594246870290604
z 600 29 7.656590038620863 0.97284175391143
z 600 42 3.1215201618325037 -0.7044693542839422
z 600 76 7.9614895727373565 -1.943045995292226
z 600 83 1.3157372879768192 1.7959212215595945
z 600 84 7.042427318546025 -1.56550434192848
z 600 108 1.508516650605233 2.4386461936758774
u 601 1.0079901186359412 0.0037031356031666744
x 601 86.30079626605391 64.83727768311837 -1.1504479830026213
z 601 29 7.136268670637399 1.0859975502617658
z 601 42 2.4438825446211037 -0.979176525143929
z 601 76 8.382522289354409 -2.0589162963594463
z 601 83 1.826069950422336 2.3606338726602463
z 601 84 7.110765122110474 -1.711441154712154
u 602 1.0006825152317183 0.004086004815719819
x 602 86.74727626548928 63.887923577643434 -1.1119336449334503
z 602 29 6.726508882071288 1.2137757396117372
z 602 42 2.062626994503207 -1.3983220443240871
z 602 84 7.320388246964384 -1.8512521840505585
u 603 1.0402262829412914 -0.0031614627298270285
x 603 87.25828451959883 63.111462091846356 -0.8655282240263169
z 603 29 6.438787105068946 1.3689801939097475
z 603 42 2.143212854526459 -1.8935650343241646
z 603 84 7.672190329374142 -1.9788084240552015
u 604 0.9623460549246249 -0.003389383324285436
x 604 87.75914924895702 62.42102898009896 -1.0208771742089757
z 604 29 6.318272600573888 1.5222012945971395
z 604 42 2.611755986705322 -2.24735941144257
z 604 84 8.100913811464684 -2.084759508540655
u 605 0.9601794742825718 0.00231389501821629
x 605 88.23764646605422 61.68362667987462 -0.9695183729687749
z 605 29 6.3434299678114625 1.6716479151076138
u 606 1.0317646585990403 -0.0057916081852410406
x 606 88.8552937669469 60.79532855848338 -0.9569243492326587
z 606 29 6.531404174066312 1.8352134711239705
u 607 1.026413726481422 -0.007751704017424419
x 607 89.46687729007475 60.094066224919956 -0.7502775065796827
z 607 29 6.875098702071608 1.9874200480627202
u 608 1.025719642186018 -0.0005974773638598943
x 608 90.31557503934731 59.31445975695816 -0.735706829036483
z 608 29 7.350538358735128 2.115956372708384
u 609 0.9686377971926139 -0.0012649336974414503
x 609 91.06270519683987 58.52097719361244 -0.895245338784044
z 609 48 8.141797352426261 1.0042321891950792
u 610 0.9637048221996276 0.003325672320680373
x 610 91.79220195648756 57.65843125238875 -0.8423062225112186
z 610 48 7.666342905168813 1.1070577674838429
u 611 0.9765416789376491 -0.010488223638394098
x 611 92.32412870057915 56.87878898110641 -1.1018315345016134
z 611 48 7.2869361013740495 1.2380083846103318
u 612 1.0298282199753115 -0.004048619505533182
x 612 92.82202622679077 56.24925331677031 -0.7014305219321493
z 612 48 7.020378713688877 1.3812457098545838
u 613 1.027976424417356 0.004002044131915405
x 613 93.86341901184878 55.42646394040863 -0.6359019424746957
z 613 48 6.898880795956558 1.5240512818899177
u 614 0.9900369441120366 0.001796396479934621
x 614 94.87568862705204 54.696682341293155 -0.6133764824349885
z 614 48 6.9227274034325905 1.6655954975565983
u 615 1.0129199279825254 0.011197443048573532
x 615 95.67730012541094 54.21770404830098 -0.46381034804356425
z 615 48 7.085157945876384 1.7972782083966896
u 616 0.9754596115618819 -0.000493244748664738
x 616 96.32873230764186 53.97702868751067 -0.24399187995333627
z 616 48 7.36601476628063 1.9271701050921486
u 617 0.9347823175677126 -0.004392273536852556
x 617 97.55772603223274 53.8414431095544 0.02423569215781507
z 617 48 7.743694398871405 2.0448421613370433
u 618 0.9993960397749043 -0.009607920947214028
x 618 98.68678267251745 53.75443683023725 -0.1780537755612528
z 618 48 8.25198150210326 2.162145786099048
u 619 1.0328583518329746 -0.002309915751229948
x 619 99.81082586574576 53.474295630378336 -0.3104470328850111
u 620 1.0154722341198847 -0.005634327812449242
x 620 100.76187747809051 53.10709763395981 -0.4264803979772016
u 621 0.9245422357857888 0.010093259999794792
x 621 101.69105237438434 52.73719672567575 -0.3312476273760052
u 622 0.947866188560874 -0.0001728731824175867
x 622 102.50076746667267 52.42760528281188 -0.3991434108556753
u 623 1.0444951735640415 0.004466682786020457
x 623 103.46559586995227 51.94158240005318 -0.534127219196407
z 623 25 7.88524697882533 0.08455885690050957
u 624 1.0373126687277365 -0.019396122317296205
x 624 104.17997080469435 51.46154682355696 -0.6491974156488931
z 624 25 6.853250430931145 0.11820091344842432
u 625 1.0456318714064925 0.005827970277516258
x 625 104.89695352490783 50.981815407939514 -0.5301699204469044
z 625 25 5.815805059249154 0.13305610467859985
z 625 127 8.051824839482865 0.5344636836920476
u 626 1.131454454139651 1.5707963267948966
x 626 105.68639747435563 51.29262250919667 1.2803036855155518
z 626 25 5.044353655209728 -1.5606380994685132
z 626 127 7.069588289449217 -1.0721195142479534
u 627 0.9979306060103815 0.009733093061558002
x 627 106.08012420361045 52.31387173993103 1.1253405887075392
z 627 25 5.136933535563643 -1.765876594266718
z 627 127 6.654854035514575 -1.21427942915729
u 628 0.9818372541020932 -0.005869259908224697
x 628 106.54821396412396 53.32372663444911 1.1481688893886943
z 628 25 5.410952276032099 -1.9390769025760264
z 628 127 6.376071751523969 -1.353060292350543
u 629 0.9853554340090785 0.006890446315478087
x 629 106.82914325270262 54.12361892240375 1.31792100020124
z 629 25 5.841449158951873 -2.1037839513967955
z 629 87 8.462672421262015 0.6722524160228023
z 629 127 6.2412442688454695 -1.5148359291841047
u 630 0.9553138130649563 0.00184630301149964
x 630 107.00771813933444 55.05266054764444 1.4438756171295077
z 630 25 6.380826091904197 -2.2348690283731067
z 630 87 7.737517927305253 0.7472804962916446
z 630 127 6.261771579956046 -1.669609451460802
u 631 1.013685758201581 0.010688884710416456
x 631 107.15119848001846 56.0793358651027 1.4200108486549006
z 631 25 7.05477180521711 -2.358474900028184
z 631 87 7.023749855604545 0.8342675217198487
z 631 127 6.446488214984464 -1.8373362478313713
u 632 1.0231266356838242 -0.003628898591161059
x 632 107.26468286842957 56.88056142945072 1.4401766389503647
z 632 25 7.812107859032876 -2.447542985958525
z 632 87 6.383178887501399 0.9571134551327187
z 632 127 6.786411727029354 -1.9797349037361505
u 633 0.9894357830149 -0.00739018319069602
x 633 107.4168748289964 57.685115385068336 1.3275077538682867
z 633 87 5.872642005583323 1.103043370401867
z 633 98 8.496958575333007 -1.5803326727178517
z 633 127 7.233865231126529 -2.098377966323914
u 634 1.0585932589089089 -0.00019594435945222328
x 634 107.65723799839796 58.64503240177677 1.3233748043165336
z 634 87 5.477554434911103 1.2766160506242157
z 634 121 8.060022830261655 0.524345229323746
z 634 127 7.820397458513784 -2.2154144323184335
u 635 0.9909607060520286 0.010599150860319933
x 635 107.91829288273038 59.645597881572115 1.3077823207261003
z 635 87 5.270940598175546 1.4466329339684432
z 635 121 7.216344413196699 0.5819172153060292
u 636 1.0100249304784459 0.0019327123146101334
x 636 108.1541750912428 60.60015273408413 1.3492924318211994
z 636 87 5.241575360765822 1.637072856744095
z 636 121 6.3960886605454075 0.6667589567827013
u 637 1.085448346675231 1.5707963267948966
x 637 107.6711674186089 61.274054781025335 3.036036123861245
z 637 87 4.656258371580467 0.22484934245439314
z 637 121 5.426944036903332 -0.9253526371474337
u 638 0.9838056883349678 -0.015274063947517595
x 638 106.89744526432061 61.4048987756231 2.9120995252990056
z 638 87 3.7058680622384905 0.30132524611814926
z 638 121 4.891955725066039 -1.0704862149123393
u 639 0.9917325366256958 0.01086101325879189
x 639 105.73867906659231 61.663878840092345 2.9313201285268278
z 639 121 4.5062802884496 -1.276252158814301
u 640 0.9967712663222751 -0.0035792298952852966
x 640 104.65535902605974 61.89637798322648 2.92904463814204
z 640 121 4.321666697443503 -1.495094284199647
u 641 0.9598318427683 -0.0032541942587241226
x 641 103.61685844033626 62.246090238526165 2.704500749345284
z 641 106 7.892891929173257 0.07603267690270155
z 641 121 4.353984954185205 -1.713439455742459
u 642 0.9925741920171139 -0.004157289728031966
x 642 102.78576353419926 62.64566313467846 2.6823788972564078
z 642 106 6.903779422764686 0.09140904376983272
z 642 121 4.599275069450997 -1.924624968446245
u 643 0.9787560503652455 0.0036851196171636237
x 643 102.17254143418734 62.888674956875114 2.846203914766244
z 643 106 5.929593485115101 0.10248879935891786
z 643 121 5.024575670500256 -2.1119424963105144
u 644 1.0662008175525446 -0.01855168698611297
x 644 101.21715691037406 63.119591391984606 2.962677855947735
z 644 106 4.871511633268154 0.14545297659120537
u 645 1.0372129001280566 -0.0003145913999424373
x 645 100.20680151743929 63.110698135252726 -2.9450740956666017
z 645 106 3.8482189106149947 0.18488543399060653
u 646 0.9942533789240179 0.006603874956269006
x 646 99.46309734157299 62.94286494805665 -2.8942033277391563
z 646 106 2.8759241241370637 0.24075400438946692
u 647 0.9733502169765035 -8.180945339569734e-05
x 647 98.39056493540778 62.72115795122318 -2.9812969843428645
z 647 106 1.9445598979721683 0.36048971738815183
u 648 0.9721279502210367 0.01832972567460279
x 648 97.14792888076121 62.57874925426939 -3.0736797247079615
z 648 106 1.084703972961494 0.6556925844162329
u 649 1.049374699880382 0.011434784621070698
x 649 95.89856090151532 62.509302125189684 -3.0984482526207833
z 649 106 0.6822254284980996 1.8409642438683473
u 650 1.014129070155897 0.03451943835578981
x 650 95.05532951085657 62.48730259083998 -3.132569772380078
z 650 106 1.3564688352463294 2.615746561872349
u 651 1.008472767501999 0.005539972613268887
x 651 94.10095075721762 62.36219808124675 -2.889932359448819
u 652 0.9523800629608259 -0.00925212358587468
x 652 93.30160117234124 62.10606008707158 -2.7730615790146125
z 652 11 8.492734236636432 -0.1893961237688937
u 653 0.9564299183998003 -0.0032409698029255865
x 653 92.8298883883948 61.94520611362684 -2.852854830226734
z 653 11 7.555226831494364 -0.20978875747428827
u 654 1.0296872775731085 -0.0019550154612201867
x 654 91.87907547581884 61.641052587376066 -2.811128006429554
z 654 11 6.551384707937526 -0.24042058632345098
u 655 0.9857764854012748 -0.00777924865747976
x 655 90.92776202976134 61.32992794730491 -2.839892031102319
z 655 11 5.597826055005169 -0.27391871938255674
u 656 1.0194042342359373 -0.0026567034909810647
x 656 89.96087980809037 61.09143819394474 -2.9596306925857974
z 656 11 4.624213488374149 -0.33064779202514405
u 657 0.9541372599447636 0.011149742607114575
x 657 88.98971345073103 60.994368152632276 -3.1243123156036043
z 657 11 3.7367880544839274 -0.4261384976821647
u 658 0.9983851767471854 -0.012190243919077587
x 658 88.21760112188959 61.0028967514939 3.102221612706753
z 658 11 2.854382537626091 -0.5570728536298626
z 658 112 8.188168971524473 -0.10060302296718326
u 659 0.9685210342590185 -0.0023522446906684056
x 659 87.15098908314019 61.00158438360425 -3.099760798128056
z 659 11 2.094993581415025 -0.8011671902133171
z 659 112 7.225071123597626 -0.11155739847015234
u 660 1.0404525933295994 0.009606484385690095
x 660 86.48216835761582 60.94668091690432 -3.0196118945754793
z 660 11 1.5662015485476253 -1.3106352104463794
z 660 112 6.192836506186079 -0.140670599388514
u 661 1.0007888153770235 -0.002086711679308588
x 661 85.4484991579943 60.83165886846558 -3.0419342242312366
z 661 11 1.6263461553247445 -1.9451759190261337
z 661 112 5.203652010376841 -0.16535362356900896
u 662 1.0022257630782496 -0.013999805041491092
x 662 84.55838189328206 60.69288875821142 -2.9319391352112696
z 662 112 4.216936549612872 -0.1888406185579541
u 663 1.0513274467398135 0.0058852072415642625
x 663 83.37714816581362 60.45910119092345 -2.960460251713507
z 663 112 3.1911838711999447 -0.2575629706318967
u 664 1.0162250269299407 -0.003005648687577249
x 664 82.3176959298369 60.296449919798114 -3.0180559759217958
z 664 112 2.223042704857818 -0.37059597318899673
u 665 0.9830206829307122 -0.0029813451723107467
x 665 81.60311288366874 60.2450497072655 -3.121515963520823
z 665 112 1.3535186301238278 -0.6327341397653976
u 666 0.9521472426566826 -0.009362261361106608
x 666 80.73999411457265 60.29840467138184 2.9980401220711563
z 666 112 0.8080570011161295 -1.3881011069118039
u 667 1.0062353785988825 0.004997007274688573
x 667 79.28310221141014 60.51685162931043 2.987481863613752
u 668 0.98443989314126 -0.009311515842194204
x 668 78.51654910018618 60.677893308446755 2.8815553167887806
u 669 1.0127036094308082 0.002326809235717207
x 669 77.71160578406955 60.927817007975705 2.799531835282341
u 670 1.0068571508559254 0.010359066209839497
x 670 76.57102231290777 61.50016402258875 2.5534772059785293
u 671 0.9713160084291038 -0.0018750727151465307
x 671 75.90925175042807 61.987373578611894 2.460459629763525
u 672 1.0433221173249938 0.0009374747116001824
x 672 75.22894283013234 62.61157182876889 2.3379022085706733
u 673 0.9845952400857556 -0.005060240019205821
x 673 74.79351130528869 63.14094649241137 2.180358813994326
u 674 1.015328082755791 -0.00041200920202127565
x 674 74.10049697366357 64.15819596310108 2.15731331219817
u 675 0.9658047419859543 0.00237850205740128
x 675 73.41759678246473 64.99002981743982 2.359059092239688
u 676 1.0064149605096122 0.003006039982116166
x 676 72.78773159678707 65.77651805506285 2.1330610220086914
u 677 1.0467535691369636 -0.0030637688155845714
x 677 72.31179123076134 66.51577873002282 2.1525486226286468
u 678 1.0518562560765883 -0.007856815386873458
x 678 71.85769017361315 67.17643077597147 2.19341884701442
u 679 0.974060617815144 -0.012248604478378756
x 679 71.1789127773152 68.07150531957444 2.2458178753798386
u 680 0.9791794347271565 0.004096852199953669
x 680 70.7277183077443 68.65563359277226 2.211171667009477
u 681 1.01864343620516 0.005625085086548621
x 681 70.20449620837421 69.4473458979657 2.098384158332104
u 682 0.9942675281567904 0.002798823678251307
x 682 69.65600549009793 70.28092782205435 2.207155294781389
u 683 0.9940362694455273 0.0033194899417642834
x 683 69.04950827108553 71.16957903260594 2.132194634592212
u 684 1.005095166652077 -0.007053133427673305
x 684 68.26820844299706 72.14246814172246 2.3626204167764815
u 685 1.0294603231823378 0.001775690836750625
x 685 67.62894126612625 72.84081442076628 2.261490847508691
u 686 1.0246844599279874 -0.004487827496258986
x 686 67.15403300029206 73.42412840527635 2.24672764398969
u 687 0.9593087556516068 -0.011778146105218738
x 687 66.52431594705727 74.17950708623715 2.284708425879752
u 688 1.0048782730135382 0.0021328847194343682
x 688 65.74812705471172 75.20655096884757 2.151226747181627
z 688 37 8.250959648228022 0.6369616092236008
u 689 1.0036559700478536 -0.0008738636820904301
x 689 65.05405034763142 76.27475085613956 2.14278302123474
z 689 37 7.4682973074177275 0.7178966979904873
u 690 1.0382411846899011 0.004447428947905085
x 690 64.57674532762184 77.12818813656921 2.0186801078459986
z 690 37 6.71940746057463 0.8150040921953248
u 691 0.9540113017428501 -0.004020797479265399
x 691 64.10337666924809 78.03972597127759 2.0808610004811534
z 691 37 6.106228233277011 0.9331850268152584
z 691 74 8.167073641489985 -0.9111092014848992
u 692 1.0011864643993431 0.006418994052338706
x 692 63.483301338902585 79.03278823127206 2.177077642722427
z 692 37 5.565831739921857 1.071463621861934
z 692 74 7.597527557609909 -1.0221060182788766
u 693 1.0031077286887433 0.004065919520474867
x 693 63.0439645655277 79.79793418441584 2.0069609899375456
z 693 74 7.127776003519239 -1.146686240383233
u 694 0.992254963566272 0.011389134923886223
x 694 62.48920909822007 80.91027136976324 2.0598931913484524
z 694 74 6.785456765099549 -1.2920931484262708
u 695 1.0182973934186645 -0.0020092864450383693
x 695 62.12465836990611 81.59286871593808 2.06275162084226
z 695 74 6.57755371342777 -1.4394357883540436
u 696 0.958666849217505 -0.008054285259925973
x 696 61.82044948371291 82.35870242015274 1.835066068393302
z 696 74 6.517748265229265 -1.5776416398535333
u 697 0.9574427917358195 -0.0025404878764292457
x 697 61.532630071873285 83.37659094438486 1.8576612882565477
z 697 15 8.189165885816735 0.9074681870325874
z 697 74 6.59297499438118 -1.7208358381394453
u 698 0.9995695447158256 -0.005786658000128991
x 698 61.2524277478571 84.34438244427324 1.8475745428423487
z 698 15 7.616984784565381 1.0170760341219491
z 698 74 6.811672988335879 -1.860721472589414
u 699 0.9765145762995997 0.000432684039528765
x 699 61.037292037192515 85.38606404325463 1.7013458710343548
z 699 15 7.151683467391557 1.1330306033419602
z 699 74 7.1525106692164275 -1.992351347433485
u 700 1.0171017390411987 0.008306833568003193
x 700 60.83699215702833 86.72421511852431 1.7374086653038479
z 700 15 6.779327168657609 1.2607594712223769
z 700 74 7.628984119022348 -2.1223795577245994
u 701 0.9719355270541011 0.010973625248297569
x 701 60.49398248490843 87.69484366422917 2.083565946939652
z 701 15 6.543285225525639 1.3914652371301592
u 702 1.0360004712946242 -0.0011123872390305474
x 702 60.156796714839004 88.46806885489049 1.8804576739443934
z 702 15 6.440263469916123 1.5515455798202336
u 703 1.008099202359885 -0.0028938195194196698
x 703 59.59711929974093 89.83622033422594 2.037746221987648
z 703 15 6.500929857446292 1.7101127791006707
u 704 1.0604875704209364 -0.009274943029662587
x 704 59.280460336764804 90.64576037940066 1.8495699571989475
z 704 15 6.735335247893768 1.875847475383046
z 704 21 7.876825886705914 0.3514545449757236
u 705 1.0285709085873171 0.0020721263875552063
x 705 59.02523204962253 91.76233429236828 1.7414644265900865
z 705 15 7.111287029941368 2.0122235722094945
z 705 21 6.919777047070246 0.40043209376633904
u 706 0.9651912814054264 0.00213761817683205
x 706 58.83697224304536 92.58135833434683 1.8519966047882388
z 706 15 7.573211556264293 2.125632267620011
z 706 21 6.042204635988606 0.4604470768600204
u 707 0.9930065446085221 0.009482485835614013
x 707 58.47530552879175 93.56517338689943 1.9941597790227963
z 707 21 5.1690440588902495 0.5356106291920515
u 708 1.0024460925815422 0.0023400144926455303
x 708 58.203785182145374 94.49437082931871 1.7160215500688096
z 708 21 4.336551020301354 0.6512890146507817
u 709 1.0315080191023815 0.011686601737105975
x 709 58.154471994834914 95.37663506216094 1.5372427047395139
z 709 21 3.5669404935392217 0.8144519345002679
u 710 1.0006735190492115 0.0064051167621197135
x 710 58.190755840140945 96.30689707388618 1.5263816731649742
z 710 21 2.9679568689774167 1.0550403179075936
u 711 1.103959854222907 -1.5707963267948966
x 711 59.038095903007665 96.88658857422544 -0.3263897537757363
z 711 21 3.3716841095526324 2.913936385078248
u 712 1.0218327121257607 -0.004359839436655334
x 712 60.13964959625572 96.48368697158132 -0.3748966474878346
z 712 21 4.373621661588427 2.970553982891806
u 713 0.955830881184104 -0.009400437237482904
x 713 61.04008951413301 96.152882818041 -0.32925129102289663
z 713 21 5.318611404176782 3.0097144525630863
u 714 0.9226435060234365 -0.008975595184109515
x 714 61.92472193295418 95.88491640398908 -0.25900244845023446
z 714 18 8.034841071564792 -0.6372499217037952
u 715 1.0025595053059848 -0.005029110389510445
x 715 62.656781771758645 95.66577161384588 -0.3227249798140557
z 715 18 7.251959763386638 -0.7142881929475529
u 716 1.03567872393562 0.008403682286124694
x 716 63.658459750317895 95.36349502590018 -0.2634351419153953
z 716 18 6.508107206089975 -0.8276356195503762
u 717 0.9971423199085535 0.0020598464147995824
x 717 64.89267118194064 95.12681981606505 -0.11548942373682447
z 717 18 5.88028532360424 -0.955004122141343
u 718 1.0506544177794843 0.004240156360181559
x 718 65.90992803948355 95.1007825344781 0.06430943382591447
z 718 18 5.344714346383753 -1.1206544526567832
u 719 0.9828200512282176 0.005248805448540919
x 719 67.10557493327839 95.01885243295463 -0.2011428550778045
z 719 18 4.998575188560811 -1.3041023873670359
u 720 1.0281066501952407 -0.0029716572143882493
x 720 68.18332512774113 94.78739097235861 -0.2219574419863406
z 720 18 4.829005131703148 -1.507892846080867
u 721 0.9688529541683595 0.0036194634278956792
x 721 69.37473865580249 94.46123309161831 -0.3124631684306194
z 721 18 4.866893826929992 -1.711542153792907
u 722 1.0098725903563606 0.011239111579860888
x 722 70.43994726352506 94.08669486494108 -0.3637540071126639
z 722 18 5.112739313712211 -1.9194545794307565
u 723 1.0581912934594666 -0.0035825161720345095
x 723 71.53269793697356 93.75332751783986 -0.2284524841954645
z 723 18 5.5622239582678406 -2.0957559987275656
u 724 1.0129621551770076 0.011159870857845172
x 724 72.57357618364274 93.50577864610185 -0.23852600785938582
u 725 1.0531976940674186 -0.0020841838296296214
x 725 73.9432168398699 93.11968062316659 -0.31100842061080636
z 725 78 8.232446234490432 0.7646363982492432
u 726 1.0117010363644756 -0.0074601743007090835
x 726 74.86134301932273 92.81077556147135 -0.33810038518125873
z 726 78 7.537849488055026 0.8655072001656636
u 727 1.0277668293666902 -0.018611561661803486
x 727 75.72893694715745 92.436199084328 -0.4770336981761476
z 727 78 6.923985032313424 0.9982780065025558
z 727 80 7.789332787138497 -0.2807214319098117
u 728 1.0163523121521025 -0.002730447301656853
x 728 76.32732991667815 92.04999126453038 -0.6692474468712328
z 728 78 6.431631054666249 1.1343453280437874
z 728 80 6.818143447123279 -0.3191055039209294
u 729 0.9731736933809298 -0.0027253386573667234
x 729 77.2190036169001 91.34733026458089 -0.6655450031871757
z 729 78 6.085774283170257 1.2825949813985833
z 729 80 5.901521377134806 -0.3679222281959853
u 730 0.9774048012140405 0.0018449881107614374
x 730 78.00018160914955 90.65656656901493 -0.7825551033769722
z 730 78 5.882186591228727 1.440697838437206
z 730 80 5.002280326012664 -0.4402718083762789
u 731 1.0156440399807116 0.007301953931546239
x 731 78.90587183255036 89.92335329066401 -0.5785346744230653
z 731 78 5.834236635356603 1.6067917737683377
z 731 80 4.108303596096346 -0.553950274064066
u 732 1.04132021409262 -0.023649743474439083
x 732 79.75938972848523 89.44753060108599 -0.4386073791598082
z 732 47 7.899612189919172 -0.37540178436238314
z 732 78 5.975234370509632 1.8054021964532287
z 732 80 3.260879488835196 -0.6958159162758357
u 733 1.0226702527660783 0.002823599347197001
x 733 80.59944825550366 89.060034073816 -0.42577085288075045
z 733 30 7.501856624482624 -0.017332937478102828
z 733 47 6.9588726212136995 -0.4323267794312011
z 733 78 6.2907451311149 1.9614128117939362
z 733 80 2.562440288036098 -0.9577905784507204
u 734 1.0160712237228822 0.0057006555929934545
x 734 81.61606502878081 88.47112950810148 -0.6243171100964435
z 734 30 6.486026141092792 -0.026195197523239955
z 734 47 6.052681104171089 -0.508856203340339
z 734 78 6.740894014097199 2.0957102752940235
z 734 80 2.1482035355312052 -1.36156103489248
u 735 1.0312691828677347 -0.0024589442462632557
x 735 82.69768835059041 87.82064699624362 -0.45857162900845516
z 735 30 5.455139334556322 -0.028455435728760303
z 735 47 5.175788852821116 -0.6034050231147701
z 735 80 2.1800564622586336 -1.8400374119624547
u 736 0.9822582149176958 -0.0009747231212497135
x 736 83.58327589998216 87.28671734371757 -0.6265413943768721
z 736 30 4.473349635463059 -0.033621180721868704
z 736 47 4.402097232523765 -0.7292981520887736
z 736 80 2.618144018974355 -2.2091595172242515
u 737 1.011274010601759 -0.00817425279253874
x 737 84.3996724341559 86.73585747493318 -0.5606081880454417
z 737 30 3.4626482271889083 -0.03407124229238079
z 737 47 3.7065030218945854 -0.9030975440760134
z 737 64 8.05982474959028 -0.26230461962806384
u 738 0.9346186735939781 -0.0025580458464780605
x 738 85.21101007032942 86.29627850155266 -0.43243632044704583
z 738 30 2.5287179441708894 -0.043631380585114954
z 738 47 3.2116712961057337 -1.1308523177151404
z 738 64 7.160929016477025 -0.2934355053834503
u 739 0.9788245008767474 -0.006417098761457804
x 739 86.05370047771338 85.94154501390035 -0.3644401805326858
z 739 30 1.551199141484279 -0.0627173280499882
z 739 47 2.9286501110795524 -1.4311608367084838
z 739 64 6.229342496305498 -0.33199970456755334
u 740 0.9591824298579811 -0.009065897222366531
x 740 86.91858144083146 85.61700452329114 -0.3535271338979933
z 740 30 0.5962577880151659 -0.14733478950327816
z 740 47 2.9478554638960026 -1.7499429519579122
z 740 64 5.330070206008754 -0.3808482650475691
u 741 1.0157786883813824 0.01116532697739493
x 741 87.99741566114368 85.25698168878323 -0.2906603502120402
z 741 30 0.43603720992610334 -2.9373464532309432
z 741 47 3.2896284983493396 -2.0695003893174055
z 741 64 4.405863569821892 -0.47901425904659334
u 742 1.0200033909543944 -0.007978934021573214
x 742 88.98738541304051 84.93680650280547 -0.3349424897380402
z 742 30 1.449424124123573 -3.0753702416804423
z 742 64 3.5297595992908595 -0.6035873883736098
u 743 0.9822853866785527 -3.027941728924746e-06
x 743 89.81045903100737 84.66505577560781 -0.3028515805737504
z 743 64 2.777571912558753 -0.8056879756940187
u 744 1.0113345125463962 0.015250085740720667
x 744 90.6710864956045 84.35721189221313 -0.38417908538326806
z 744 64 2.208516697094625 -1.160113948553932
u 745 0.9710177513675629 -0.0037508072354861676
x 745 91.47932112966038 84.01282848871558 -0.4214136362965166
z 745 64 2.0250242733646338 -1.6111571628967754
z 745 97 8.424701362852522 0.034773193564513694
u 746 1.015684635775399 0.0041184143526271
x 746 92.11031538908352 83.78416104152056 -0.2739299117420759
z 746 64 2.303645498439806 -2.071438070082208
z 746 97 7.409635365340628 0.03513830008967789
z 746 103 8.31049773594347 0.742226777290548
u 747 0.9775026322905664 -0.004643706791159777
x 747 93.12413571723795 83.3592589661962 -0.5198122273496866
z 747 97 6.432923545651921 0.045472887506950777
z 747 103 7.62049211802697 0.8339030800087235
u 748 0.997596703668561 0.0019501806820741354
x 748 93.81334371016668 82.82107778205581 -0.8061205323052767
z 748 97 5.436495601279318 0.051685445630939686
z 748 103 6.988486592635872 0.9377705484250098
u 749 1.0269461834677256 0.004987140114718502
x 749 94.5561933199075 82.19401312819004 -0.5960368842960277
z 749 97 4.411081801304779 0.05814631085511257
z 749 103 6.432210922584693 1.061625412933651
u 750 1.023557670610183 -0.005971286511427524
x 750 95.35708478022732 81.52286392511617 -0.7989384059309912
z 750 97 3.3900144284078433 0.08256488421234165
z 750 103 6.003068879941336 1.2172791742789837
u 751 1.0075854314470412 0.0038563051194815583
x 751 95.95623358264135 80.94347139651634 -0.7383344065978812
z 751 14 7.724120173712952 -0.4917572358773379
z 751 26 7.8316889925335795 0.2750042823147747
z 751 97 2.3870837627620034 0.1127149137154011
z 751 103 5.730806367891669 1.3790073690315428
u 752 1.0193390983236135 -0.00466011497864014
x 752 96.69892217013832 80.14693577705675 -0.902399855638039
z 752 14 6.841254346111155 -0.557201869495846
z 752 26 6.856983012893435 0.32037684893119067
z 752 97 1.3794554475435208 0.20230128949074055
z 752 103 5.628580002533801 1.5624786859123452
u 753 1.0750368679193387 -0.0036466191510377663
x 753 97.3209305865717 79.40381542501021 -0.8453697731225578
z 753 14 5.954834117694171 -0.6488876278043652
z 753 26 5.8471846510497745 0.38227499192367587
z 753 97 0.3927432355020881 0.7941520817429901
z 753 103 5.7234624945171895 1.7550733273428616
u 754 1.0031203160291746 0.005065268061577867
x 754 98.03775906091039 78.73181888100056 -0.6608880158318833
z 754 14 5.192870879465548 -0.7713459370317972
z 754 26 4.929571301373059 0.45271141115711755
z 754 97 0.7789846841473426 2.7721687645611723
z 754 103 5.986627163547258 1.915563568286899
u 755 0.9926139298971172 -0.01759197848908094
x 755 98.99646307566971 78.017894192702 -0.6192831454898284
z 755 14 4.527365436965384 -0.9057861062048924
z 755 26 4.064916201713775 0.5792550291601692
z 755 103 6.39843278121388 2.07921048752924
u 756 1.0349342955974288 0.010204276785256526
x 756 99.5666923304069 77.69585572036354 -0.40891487682297223
z 756 14 3.977847824763294 -1.1230155972645175
z 756 26 3.2449882449917324 0.7431483009930644
u 757 0.9800129136492467 -0.0015834802068552397
x 757 100.22120518805356 77.4050996461666 -0.42718027328243613
z 757 14 3.660933649477434 -1.3650455772008918
z 757 26 2.609684954932461 1.0018612524122599
u 758 0.9701545354273828 -0.009392727931168316
x 758 101.31158871538737 76.81253959408403 -0.5684081893546633
z 758 14 3.5860514974862365 -1.6234066562537588
z 758 26 2.245837465503047 1.384907337742165
u 759 0.9998272544796616 0.0053468486307452975
x 759 102.0908811926743 76.35117385504412 -0.5006713079553355
z 759 14 3.775665160662199 -1.8963387227089958
z 759 26 2.2807090136835346 1.8247327985288937
u 760 1.0088628713456669 0.0020644986516345706
x 760 103.08188312232744 75.71249872224274 -0.6442903059329499
z 760 14 4.20920328279628 -2.127412033148002
z 760 26 2.7149395132165375 2.190696307940584
u 761 1.0419351342294545 0.0059068768792350625
x 761 103.72903044377507 75.1718211174383 -0.7477154518161853
u 762 0.9990588320955169 0.014589613407026511
x 762 104.59968582501037 74.48614490796133 -0.58647907052669
u 763 0.9821705168586179 0.02300331932982365
x 763 105.28509664985381 74.10867098104858 -0.4203226060139742
u 764 0.9589739448277668 -0.00620930767616393
x 764 106.21501478489533 73.68146990450114 -0.44095833731436995
u 765 1.0963684282292687 -1.5707963267948966
x 765 106.44886600308716 72.59260628962872 -2.2775287519250007
u 766 0.9945769371994133 -0.00204743863027547
x 766 105.57169949874334 71.65942870317825 -2.3730010267373016
u 767 0.9882957311945817 0.004454918003249273
x 767 104.6807041705405 70.67949532980491 -2.244385783704561
u 768 1.0130453867026215 -0.012019176252146414
x 768 104.21548223148618 70.0448948604988 -2.1623935250208737
u 769 1.0140250674848328 0.006732138960055332
x 769 103.63838124171153 69.24024476777466 -2.223561997438837
u 770 1.0057607547725052 0.022906562547134367
x 770 102.86730283714056 68.18813096785347 -2.182945087124248
u 771 0.9716327011661283 -0.005676220889366009
x 771 102.3930301723345 67.53307542770185 -2.211977336456228
u 772 0.969738412356384 0.0002842702085373134
x 772 101.99883281089669 66.93467195977134 -2.094616746624299
u 773 1.015727641565087 -0.003939347611863396
x 773 101.4910696754032 65.93061351073644 -1.9833874122128519
u 774 1.0082646428670812 -0.0004493753797510084
x 774 101.06357399636067 65.13139072716591 -2.14054104342882
u 775 0.9617665284295507 -0.0019616266601635342
x 775 100.51960824811268 64.3118707065513 -2.173028731070224
u 776 0.9694196390949154 0.0075891592671019446
x 776 99.95312525222165 63.47001538528068 -2.153172716103025
u 777 0.9669436174094335 0.001099749969704647
x 777 99.44608028442414 62.72595794678102 -2.1847678557491257
z 777 105 8.256478818112583 -1.3527828478372927
u 778 1.018486795943431 0.005638302291871927
x 778 98.98040345424063 62.03912926200856 -2.1484542680983276
z 778 105 8.100335852828056 -1.481565826123312
u 779 1.0300137764744213 0.004950098042779112
x 779 98.52104185548693 61.38524940808571 -2.2179646095658154
z 779 105 8.076540291518551 -1.6139120430453628
u 780 0.9843699139550292 0.00402532474865722
x 780 97.98172129195763 60.62086268201 -2.1525233465961957
z 780 105 8.180269584153663 -1.738440855570735
u 781 1.0180991437822222 -0.0004564436179975309
x 781 97.4843519294188 59.838092199425674 -2.1211499142325336
z 781 105 8.410048927427876 -1.8576345994913916
u 782 0.9563372841613871 -0.008904255911460475
x 782 97.02038009036747 58.98289919893789 -2.0146299354144936
u 783 1.024436410125623 -0.007163890104761843
x 783 96.57219730649518 57.9989921572616 -1.9818214244333885
u 784 1.038283783944002 0.006855284050276709
x 784 96.01925323751502 56.91858873434448 -2.105847806771851
u 785 0.9746180083887158 -0.011119267627869009
x 785 95.57428366242601 56.00571375806935 -1.9428393787681684
u 786 1.0368226548205528 -0.0007731833279550823
x 786 95.24973772538814 55.1653331762813 -1.9358415710938628
u 787 1.0111802109499177 0.01590395439575116
x 787 94.64330722337873 54.09809035662752 -2.239201618028919
u 788 0.9756480674242993 0.019190591410150757
x 788 93.87846729626035 53.261978786352564 -2.384209507309365
u 789 1.0174479872226956 -0.0007747130657436438
x 789 93.06276268351012 52.592648586260935 -2.524677401401375
u 790 1.0231329047668463 0.0025146627869927895
x 790 91.97600678075813 51.8308081497986 -2.5356840337454525
u 791 0.9707171683986222 -0.0017355228060191594
x 791 90.89749759564366 51.06441802568062 -2.5118900517504907
u 792 1.0357521402373844 -0.007810949679811644
x 792 90.12383467811796 50.34315381354845 -2.270572260783606
u 793 0.966849024588396 0.006342523206712701
x 793 89.4382759470511 49.509577136644744 -2.2475586141828097
u 794 1.01994974659337 -0.005752134784136055
x 794 88.88538913467853 48.81341343817611 -2.2364114446699976
u 795 1.0222286244948502 0.009852249287521587
x 795 88.19928047144128 47.88176848103586 -2.174724564669666
u 796 1.0077265671308533 -0.004193842639689593
x 796 87.3455047976497 46.9405140633617 -2.4402737489723374
u 797 1.008094919317138 -0.0010673485720047874
x 797 86.66470536147003 46.24285964218123 -2.247661536446869
u 798 1.0488429810202058 -0.002486633579820645
x 798 86.01815066239791 45.49549709882928 -2.320339177912806
u 799 0.9981017372638757 -0.004363883562990552
x 799 85.36698556689998 44.71817134633642 -2.2158720309236335
