delta 1.0
u 0 0.0 0.0
x 0 0.0 0.0 0.0
u 1 1.587356637211678 -3.13485
x 1 -1.01267 -0.009047 3.148335307179586
u 2 1.0150920039471376 -0.007217
x 2 -2.026688715638149 -0.05566618485515663 3.1411183071795863
u 3 1.0020814419579342 -0.002254
x 3 -3.0285488137082064 -0.07671695850018848 3.138864307179586
u 4 1.0226378413708237 0.007834
x 4 -4.051121849482124 -0.06543898651430179 3.146698307179586
u 5 1.0170812416506594 0.004881
x 5 -5.068185085474709 -0.07131881315222574 3.151579307179586
z 5 6 3.6897048370432017 -0.7825867541917715
z 5 7 3.735248509456901 -2.313743012118565
z 5 8 7.91817184098072 -0.3289444622783683
z 5 9 7.728550001093349 -1.892258826704833
u 6 1.0075285339300928 0.006539
x 6 -6.07569164447706 -0.07769558288627545 3.158118307179586
u 7 0.9757720658230172 0.015427
x 7 -7.051274906924499 -0.09639155297106959 3.173545307179586
u 8 1.0170774728971899 0.010614
x 8 -8.06649041753002 -0.1578272223087776 3.184159307179586
u 9 1.0225392214130042 0.017829
x 9 -9.087632948932066 -0.21099387714824988 3.201988307179586
u 10 1.0255563667245378 -0.011125
x 10 -10.111223347640633 -0.2743792803625193 3.190863307179586
z 10 6 7.810473206976643 -1.255986627294865
z 10 15 7.785143195760756 0.32769117509465634
z 10 16 7.927326074396082 1.8786340999207873
z 10 7 8.008489009345022 -1.8959411533109496
u 11 1.0248055647876422 0.008885
x 11 -11.134012807209166 -0.3385763053053475 3.199748307179586
u 12 1.0156296721241271 -0.018686
x 12 -12.146406722969457 -0.4193981878344189 3.1810623071795856
u 13 1.009813353018125 -0.003467
x 13 -13.15533563337183 -0.46164082338523005 3.1775953071795855
u 14 0.9829537545656082 -0.006951
x 14 -14.137183662222816 -0.508209499493037 3.1706443071795856
u 15 1.0007111806932598 -0.005277
x 15 -15.137477144434275 -0.5370797739855746 3.1653673071795856
z 15 22 7.836044605411584 2.8355289386878755
z 15 15 7.855524714670561 -0.3258654791967527
z 15 16 3.3613808713235693 2.355775869812945
u 16 1.0150127757618077 0.008446
x 16 -16.151589059509497 -0.5797627245802283 3.1738133071795858
u 17 1.0059419508288232 0.008763
x 17 -17.157373454167374 -0.5973832938867951 3.182576307179586
u 18 1.021954940744401 0.016118
x 18 -18.178803358639527 -0.6297907181905625 3.198694307179586
u 19 0.9768740384975665 0.002907
x 19 -19.153083421044315 -0.7009284371976021 3.201601307179586
u 20 0.9880639285665944 -0.012369
x 20 -20.139587825565926 -0.7563083979095678 3.189232307179586
z 20 22 7.874942131203251 -2.8246978062057244
z 20 16 3.4730955315395518 -2.343774842602911
z 20 28 7.8897109114593045 1.2347860607250623
u 21 1.0211410862102703 -0.003425
x 21 -21.159517141712946 -0.8060305125958128 3.185807307179586
u 22 1.0106713949056507 -0.006522
x 22 -22.16828095373347 -0.8680677536597641 3.179285307179586
u 23 1.0209322152096167 0.009612
x 23 -23.188320817447966 -0.910649904877212 3.188897307179586
u 24 0.9949414070520439 -0.003557
x 24 -24.18274463710603 -0.9427221148052151 3.1853403071795863
u 25 1.0272384967466244 -0.002683
x 25 -25.20863901378253 -0.9952485281944042 3.182657307179586
z 25 16 7.929481089787654 -1.8941169577352912
z 25 28 3.4382315841141358 0.8032380599323702
z 25 34 8.052840252047721 2.806352755241047
u 26 0.9786667086442424 -0.004821
x 26 -26.186300971314324 -1.0395629538941469 3.177836307179586
u 27 0.9891557939055058 -0.012731
x 27 -27.17500895621721 -1.0691008971921798 3.165105307179586
u 28 1.001364891604724 0.000272
x 28 -28.176275559043248 -1.0550712848953412 3.1653773071795857
u 29 0.9950365711809132 0.000627
x 29 -29.170672372442276 -1.0907465291671823 3.166004307179586
u 30 0.9896072101196658 -0.001708
x 30 -30.16019457768661 -1.077785141495098 3.164296307179586
z 30 40 7.8618471222289745 1.8960611795947124
z 30 28 3.468290037021126 -0.7577631097683376
z 30 34 8.034412844670106 -2.8280902989485117
u 31 0.9688108295018184 0.006463
x 31 -31.128154192892687 -1.1183479270885808 3.170759307179586
u 32 1.006714965236792 -0.008121
x 32 -32.13478951168589 -1.1307892396442005 3.162638307179586
u 33 0.9991863682436063 0.000684
x 33 -33.13390835925553 -1.142403368587353 3.163322307179586
u 34 0.9779256987490907 0.006834
x 34 -34.11106183383205 -1.1812110658653967 3.170156307179586
u 35 1.019788919579509 -0.001693
x 35 -35.130304872702446 -1.2145700198395109 3.1684633071795862
z 35 40 3.6673565456470145 2.392167288905175
z 35 28 7.797384151784494 -1.2628923098367124
u 36 1.1261416228081642 -1.57121
x 36 -35.12456726426948 -0.20075988543293954 1.5972533071795862
u 37 1.0257677261397635 -0.004922
x 37 -35.16148512727941 0.8243422437033625 1.5923313071795862
u 38 0.9950453298056069 0.000798
x 38 -35.15650933053417 1.8193751061118109 1.5931293071795862
u 39 0.9923829728360142 0.004792
x 39 -35.15945697380759 2.8117527517745557 1.5979213071795861
u 40 1.0002614834100418 0.00263
x 40 -35.19565925538145 3.8113586007434614 1.600551307179586
z 40 40 3.5061402264028176 -0.8368080287060972
z 40 51 7.849793866420952 0.3282094692559466
z 40 34 7.918680033976623 2.806845081565762
u 41 0.9704850760360213 -0.005762
x 41 -35.24350378920731 4.780662256768232 1.594789307179586
u 42 1.0050405283437118 -0.009376
x 42 -35.26027077528762 5.785559232579077 1.585413307179586
u 43 0.9983206242131489 0.014222
x 43 -35.29764832753106 6.7831714761668795 1.599635307179586
u 44 1.0134428667094428 -0.004529
x 44 -35.31566378393675 7.796453338153215 1.595106307179586
u 45 1.0019200222182667 0.016678
x 45 -35.34986267195604 8.797777910137366 1.6117843071795859
z 45 40 8.094019039093002 -1.2426985291340615
z 45 57 7.94071683071497 1.8755398000631136
z 45 51 7.901251847713753 -0.30257780705367004
z 45 34 7.937018966539011 -2.8165288213431525
u 46 0.9758834959199714 0.008908
x 46 -35.38912643219964 9.772867986569556 1.6206923071795858
u 47 1.0083525557635684 -0.000556
x 47 -35.4257696831355 10.780554506615276 1.6201363071795858
u 48 1.0137091354329884 -0.006965
x 48 -35.48650777214701 11.79244034089068 1.6131713071795857
u 49 1.0192396719169172 -0.008419
x 49 -35.54573319152079 12.809954823551246 1.6047523071795857
u 50 0.9836248905147758 0.008263
x 50 -35.56807888889027 13.79332306084238 1.6130153071795856
z 50 63 7.818896822448804 0.317602197444668
z 50 57 3.4656794035801988 2.3597405601491754
u 51 1.035643791318061 -0.007597
x 51 -35.62102863580407 14.827609881943163 1.6054183071795856
u 52 1.001633856090302 -0.004236
x 52 -35.67948915947567 15.827535503497607 1.6011823071795857
u 53 0.9954713337403673 0.000875
x 53 -35.687592615026816 16.82297382257224 1.6020573071795856
u 54 0.9906419833644674 -0.007441
x 54 -35.71185250647602 17.813316424297458 1.5946163071795856
u 55 1.002254254081583 0.009261
x 55 -35.775496716857745 18.813544310778276 1.6038773071795855
z 55 63 7.871755569286943 -0.30179396321664176
z 55 57 3.461450531814661 -2.3597122073379704
u 56 1.117040454524332 1.58259
x 56 -36.77857239887235 18.76900526728907 3.1864673071795853
u 57 0.9632956735535712 -0.01654
x 57 -37.741662578542936 18.749647945700556 3.1699273071795853
u 58 1.001647173954645 -0.020972
x 58 -38.74312070878871 18.731157351182063 3.1489553071795853
u 59 1.0152241752730513 0.007623
x 59 -39.75815434961023 18.71161654798444 3.1565783071795854
u 60 0.9961988060153057 0.006076
x 60 -40.75427922076594 18.69960617588264 3.1626543071795856
z 60 63 3.5165369858000926 0.7376656638660855
z 60 57 8.123382567336096 -1.2525886252619867
u 61 1.0203571641383822 0.012981
x 61 -41.77440258198277 18.678101509977928 3.1756353071795855
u 62 1.0217262119829726 -0.000562
x 62 -42.79391561022078 18.610888341409858 3.1750733071795856
u 63 1.0192704848958565 0.000464
x 63 -43.813019030663696 18.5924351253611 3.1755373071795856
u 64 1.0178209530586197 -0.000458
x 64 -44.82956870165114 18.541580029339904 3.1750793071795855
u 65 1.0102633045393863 -0.001512
x 65 -45.83907936992252 18.50259335594666 3.1735673071795856
z 65 63 3.4979596634752665 -0.8155733840293933
z 65 79 7.860716860503246 2.8163759727113438
u 66 1.1324486658525128 1.56584
x 66 -45.82011768349864 17.482518138950894 4.739407307179586
u 67 0.9877510154027008 0.013326
x 67 -45.788626819429965 16.49527654957917 4.752733307179586
u 68 1.0393119363855696 0.002678
x 68 -45.722120660660075 15.45809499054205 4.755411307179586
u 69 1.0010790410271757 -0.001065
x 69 -45.68667839495195 14.45764359369037 4.754346307179587
u 70 1.040404638008736 0.004577
x 70 -45.64837951419304 13.417945023499176 4.758923307179587
z 70 63 3.5172165701446363 -0.8260297939771769
z 70 85 7.728553619332663 1.8837647932085295
z 70 51 7.966576806238675 1.2619511476108236
u 71 1.1307139581046932 -1.58511
x 71 -46.66356768159558 13.377297971861124 3.1738133071795867
u 72 1.0292969673946528 -0.007436
x 72 -47.69282328543475 13.368338771301358 3.1663773071795864
u 73 0.9953876697690931 0.011347
x 73 -48.68738574575882 13.32794700354936 3.1777243071795866
u 74 1.0306272343103804 0.005085
x 74 -49.71753134378853 13.296478699098554 3.1828093071795864
u 75 0.9982794601305266 -0.008384
x 75 -50.71549635996607 13.271541386978727 3.1744253071795865
z 75 63 7.891325902140907 -1.869998393098734
z 75 85 7.765497429688583 -0.3147075999978004
u 76 1.0960824161631149 1.58111
x 76 -50.67289529140264 12.287036249518158 4.755535307179587
u 77 1.0015378838757552 0.006546
x 77 -50.63819273746859 11.286101544475189 4.762081307179587
u 78 1.0130476555901449 -0.012751
x 78 -50.57360574486181 10.27512173850179 4.749330307179587
u 79 1.0155268242924713 0.011059
x 79 -50.54272683519889 9.260069664419367 4.7603893071795875
u 80 1.008575834379182 -0.005749
x 80 -50.48894243100953 8.252930324571103 4.754640307179588
z 80 85 3.608747446774296 0.8273931331338966
z 80 51 7.763719955485257 0.34224969756777107
u 81 0.9910408402091314 0.014131
x 81 -50.42845151178572 7.263745583400143 4.768771307179588
u 82 0.9888231834162124 0.000542
x 82 -50.41508274405725 6.275012788265673 4.769313307179588
u 83 1.034623103825216 0.004135
x 83 -50.34034009968623 5.243093712535203 4.773448307179588
u 84 0.9751837112906386 -0.005
x 84 -50.239551946197466 4.273133384650952 4.768448307179588
u 85 0.99337547163411 0.004041
x 85 -50.178859824720654 3.2816143726301816 4.772489307179588
z 85 85 3.684103992153316 -0.8552615720423163
z 85 51 7.799410949789734 -0.33237883715549127
u 86 0.9761205251459388 0.000117
x 86 -50.105053554985325 2.308288161602884 4.772606307179588
u 87 1.0192486959637 -0.001747
x 87 -50.049856184113466 1.2905352985497585 4.770859307179588
u 88 1.0007334664826741 -0.011601
x 88 -49.97671604405974 0.2924838173240045 4.759258307179588
u 89 0.9687175362485462 0.003042
x 89 -49.892464004998516 -0.6725625729055146 4.762300307179588
u 90 1.0220471722806106 -0.006772
x 90 -49.817373845515505 -1.6918456043961876 4.755528307179588
z 90 85 7.974328704568179 -1.241639998531062
u 91 0.9926500020499691 -0.003213
x 91 -49.76549013716118 -2.68313832589494 4.752315307179589
u 92 1.0200391900105188 0.001884
x 92 -49.738981170058516 -3.7028328468467544 4.754199307179589
u 93 0.9897909962767513 0.000565
x 93 -49.67819171609603 -4.690755329907011 4.754764307179589
u 94 1.007382094075845 0.017265
x 94 -49.62369045161843 -5.696649503153056 4.772029307179589
u 95 1.005396624416559 0.002116
x 95 -49.543439347490455 -6.698837986181694 4.774145307179589
u 96 1.002808552799171 0.014908
x 96 -49.47724729551882 -7.699450289262555 4.789053307179589
u 97 1.0312863659579943 0.003329
x 97 -49.41779860726451 -8.729021287234449 4.792382307179589
u 98 1.009038438651718 0.007022
x 98 -49.32753012379748 -9.734011828444446 4.799404307179589
u 99 0.9736089989927151 -0.005197
x 99 -49.248286097651345 -10.704389452742404 4.794207307179589
u 100 0.9819907201886964 -0.001766
x 100 -49.15124806965785 -11.681573747049335 4.7924413071795895
u 101 1.0134076537514527 -0.001781
x 101 -49.066318162994676 -12.69141616652387 4.790660307179589
u 102 0.9885178620520582 -0.002904
x 102 -48.950892904336044 -13.67317167913258 4.787756307179589
u 103 0.9973525230497831 -0.001552
x 103 -48.878402099927115 -14.667886180306734 4.786204307179589
u 104 0.9912514498942304 -0.007888
x 104 -48.779099507211974 -15.654148486840372 4.778316307179589
u 105 1.0094111279489957 -0.014031
x 105 -48.693442254727785 -16.659910359472686 4.7642853071795885
z 105 121 8.024725892222113 1.2477465339546203
z 105 122 7.9056232994559 1.2617138247510236
z 105 123 7.831466558965824 0.32077660975105754
u 106 1.0063217380217264 0.003556
x 106 -48.610191174246324 -17.66278205160866 4.767841307179588
u 107 1.037103741935413 -0.00638
x 107 -48.51103981351991 -18.695133508618383 4.761461307179588
u 108 0.9811160381672525 0.011382
x 108 -48.44832966539854 -19.674238061654265 4.772843307179588
u 109 0.9722204480867342 -0.002189
x 109 -48.37276718067775 -20.64351745024551 4.770654307179588
u 110 0.992631879007457 -0.00794
x 110 -48.32692591277885 -21.635087643872982 4.762714307179588
z 110 121 3.6015821098234038 0.7778196653396697
z 110 122 3.538002092212496 0.785863838322666
z 110 123 7.982623808660909 -0.32013507379572026
u 111 1.0015801112677625 0.015173
x 111 -48.2865906297744 -22.635845625959035 4.777887307179588
u 112 1.024400072058741 0.010013
x 112 -48.241018045338336 -23.65922721632346 4.787900307179588
u 113 1.023677571148389 -0.015731
x 113 -48.160014357978646 -24.67968425232945 4.772169307179588
u 114 1.0159623841777163 -0.017093
x 114 -48.09913602578101 -25.69380863519865 4.755076307179588
u 115 0.9791935841177758 0.009771
x 115 -48.02755931282822 -26.670378766298754 4.764847307179588
z 115 121 3.6441661133515852 -0.7770602530215803
z 115 122 3.4846268094732897 -0.7828109074267706
u 116 1.0154160013498499 0.007488
x 116 -47.9795713176125 -27.68465781588825 4.772335307179588
u 117 1.0374197227726967 0.015018
x 117 -47.909549601149514 -28.719701975631967 4.787353307179589
u 118 0.9939794479908566 -0.020335
x 118 -47.77765850490125 -29.704874973919797 4.767018307179589
u 119 0.9743497376522491 0.010729
x 119 -47.73928419182225 -30.67846406412609 4.777747307179589
u 120 1.013727550939213 -0.0126
x 120 -47.67438251426822 -31.690105168535986 4.765147307179589
z 120 121 7.76585025254801 -1.2607246204430347
z 120 139 7.78673977945841 0.3074062356596849
z 120 122 7.970379036112398 -1.259815067220523
u 121 0.9987842129249823 0.012283
x 121 -47.635897669450046 -32.688141379627204 4.777430307179589
u 122 1.0238252524396736 -0.00802
x 122 -47.55901017327296 -33.70907273970614 4.769410307179589
u 123 1.0342111434567025 0.003188
x 123 -47.50127613561353 -34.741670708065335 4.772598307179589
u 124 1.023355317341627 0.01041
x 124 -47.43850630539239 -35.763094516555235 4.783008307179589
u 125 1.0232722822441522 0.003935
x 125 -47.39631983713651 -36.785496157005845 4.786943307179589
z 125 139 7.877724783133769 -0.3272235443836732
z 125 145 7.677553189480357 0.31321246310133205
u 126 0.981401589281901 0.003023
x 126 -47.344295156864504 -37.76551747239016 4.789966307179589
u 127 0.9919559110215472 -0.001566
x 127 -47.28432828753417 -38.75565902939336 4.788400307179589
u 128 0.9499359409696687 0.003633
x 128 -47.229880322198056 -39.70403275240542 4.792033307179588
u 129 0.9774462440268306 -0.018188
x 129 -47.16214785051225 -40.679115895034975 4.773845307179588
u 130 0.981137346335915 0.019065
x 130 -47.10571583812258 -41.65861411509035 4.792910307179588
z 130 145 7.766957411444974 -0.3440672083977413
u 131 0.9918472753034971 -0.006199
x 131 -47.05972118092276 -42.649392777931894 4.786711307179589
u 132 0.9984818831913351 0.022527
x 132 -46.95646999314981 -43.642500578469416 4.809238307179589
u 133 1.0064417234229819 -0.02034
x 133 -46.86743311953885 -44.64497873601779 4.788898307179589
u 134 0.9792208123948172 -0.001279
x 134 -46.80416098157046 -45.62215318578094 4.787619307179589
u 135 0.9857268626152936 0.011026
x 135 -46.71889027110101 -46.60417992153768 4.798645307179589
z 135 156 7.914724690808897 0.29901736187276584
u 136 1.0118006101238683 0.017887
x 136 -46.60858685415892 -47.60993652038001 4.816532307179589
u 137 0.9869711940254786 0.004069
x 137 -46.527453831776455 -48.59356664725905 4.820601307179589
u 138 0.9934945164143618 4.7e-05
x 138 -46.39261331984541 -49.5778681205421 4.82064830717959
u 139 1.0210189162399734 -0.007574
x 139 -46.31062182653709 -50.59558715781421 4.81307430717959
u 140 0.9982188165239003 -0.003637
x 140 -46.21827421754808 -51.58952459366518 4.809437307179589
z 140 156 7.786114645707447 -0.34354308137670186
u 141 1.1261643913113508 1.58362
x 141 -45.21108650398031 -51.48971039857184 0.10987200000000286
u 142 0.9997340957210062 -0.013873
x 142 -44.216581446060616 -51.3876715716179 0.09599900000000286
u 143 0.9901970419102736 0.01068
x 143 -43.232149571199635 -51.28101911807978 0.10667900000000285
u 144 1.003558709378032 -0.009774
x 144 -42.23286040017435 -51.18858958718946 0.09690500000000285
u 145 1.0057291812908955 -0.006114
x 145 -41.23322287872078 -51.0780777736709 0.09079100000000286
z 145 156 3.618718713163542 0.7779727991360583
u 146 1.0123142367770634 0.00025
x 146 -40.22677098152179 -50.96929042482668 0.09104100000000286
u 147 0.9945255644502508 0.000209
x 147 -39.23539816062713 -50.890163787489 0.09125000000000286
u 148 0.9860803757943504 0.014876
x 148 -38.2548900442769 -50.785567372792684 0.10612600000000286
u 149 0.9722197135250551 0.01838
x 149 -37.29159365588677 -50.654248561632464 0.12450600000000286
u 150 1.0055708355506048 -0.010464
x 150 -36.295424795315675 -50.51709507090956 0.11404200000000286
z 150 156 3.473224077913776 -0.7849054803913097
u 151 0.9998652355702338 -0.002978
x 151 -35.30066447219409 -50.4161909084382 0.11106400000000287
u 152 1.0132244583894567 -0.015964
x 152 -34.290895797723174 -50.33270902742059 0.09510000000000288
u 153 1.0093993507397 -0.006752
x 153 -33.29002604107104 -50.201778096701005 0.08834800000000288
u 154 0.9887987353674337 -0.016041
x 154 -32.30716478310505 -50.09367758000694 0.07230700000000288
u 155 0.9757667098319508 0.00936
x 155 -31.336459506748827 -49.99445567089315 0.08166700000000288
z 155 177 7.78773415972194 0.31585657739989714
z 155 156 7.9652144842998425 -1.2345952606080797
u 156 0.9970859046643823 -0.014171
x 156 -30.34539025047512 -49.88516068801616 0.06749600000000287
u 157 0.9778060453101977 -0.002457
x 157 -29.36936596306552 -49.82616262327179 0.06503900000000287
u 158 1.0372410943748605 0.000455
x 158 -28.33344216085281 -49.77390417601998 0.06549400000000287
u 159 0.9803712576211633 -0.005759
x 159 -27.354534576157366 -49.720377668617324 0.05973500000000287
u 160 0.9990268180272366 -0.012027
x 160 -26.359347505681292 -49.63294056355174 0.04770800000000287
z 160 177 7.954415594077292 -0.3192169657438095
u 161 0.9853309614134653 -0.010726
x 161 -25.37456301020105 -49.60027111345337 0.036982000000002874
u 162 0.9788536243199552 -0.007204
x 162 -24.396445825578706 -49.562362708442606 0.02977800000000287
u 163 1.0030109720006093 0.014291
x 163 -23.3942458233237 -49.522249823778594 0.04406900000000287
u 164 0.9940232142102629 -0.000843
x 164 -22.400499494143386 -49.49879081453595 0.04322600000000287
u 165 0.998197544232819 -0.005257
x 165 -21.402578482067465 -49.4753452123391 0.037969000000002875
z 165 188 8.0026257495712 1.2310126864612305
u 166 1.0160930626258273 -0.016572
x 166 -20.387295642858774 -49.435068170834775 0.021397000000002876
u 167 0.9737972714010407 -0.000449
x 167 -19.41482364411515 -49.38428114969181 0.020948000000002874
u 168 1.0512953241070595 0.005154
x 168 -18.36463103587597 -49.33616776771975 0.026102000000002873
u 169 1.0113972975024126 0.005496
x 169 -17.353267234262805 -49.328094397198704 0.031598000000002874
u 170 0.9812349230617491 0.000129
x 170 -16.372053537401168 -49.334548387524265 0.03172700000000287
z 170 194 7.881419661590163 0.3236993393842061
z 170 188 3.644224746705395 0.7785156911896148
u 171 1.0199217327476326 0.005172
x 171 -15.352426205018421 -49.310091790090404 0.036899000000002874
u 172 0.994368878724652 -0.013842
x 172 -14.359471521996392 -49.257227084382144 0.023057000000002874
u 173 1.0037977042160762 0.009157
x 173 -13.357530979132774 -49.19625218096151 0.03221400000000287
u 174 1.00931360212254 -0.022813
x 174 -12.34861799027816 -49.16860533503924 0.009401000000002872
u 175 0.9839301171494617 -0.011092
x 175 -11.364712361369302 -49.17479104780837 6.281494307179589
z 175 194 7.927430093441379 -0.31430375962438034
z 175 188 3.35140877561959 -0.7232242808258199
u 176 1.0050167312295903 0.001715
x 176 -10.35971929283848 -49.167912480442766 2.4000000002466493e-05
u 177 0.9806617152200826 -0.006883
x 177 -9.379156960768883 -49.18173694695078 6.2763263071795885
u 178 0.9868112250944611 0.008144
x 178 -8.392357996388624 -49.17739924594119 0.001285000000001979
u 179 1.0318114714047257 -0.00958
x 179 -7.361709985068741 -49.128496823236674 6.2748903071795885
u 180 0.98596726160723 -0.010951
x 180 -6.375842518596091 -49.14217397062925 6.263939307179588
z 180 188 7.926946772629422 -1.250756773606055
u 181 1.0118661828109918 -0.018344
x 181 -5.364095090700014 -49.15672055355002 6.245595307179588
u 182 0.9899737188676506 0.000821
x 182 -4.374287626510763 -49.17486146960312 6.246416307179588
u 183 1.0139843992974433 0.008881
x 183 -3.360938904155357 -49.21066609418803 6.255297307179588
u 184 1.0275001196928242 -0.000967
x 184 -2.3335290185376643 -49.22428008093109 6.254330307179588
u 185 1.0281656534765578 0.006846
x 185 -1.305718023488719 -49.2512066607454 6.261176307179588
u 186 1.0217845582309992 -0.011418
x 186 -0.28448713339975407 -49.2846702213614 6.249758307179588
u 187 1.0008533864673126 0.01321
x 187 0.716074862939198 -49.308516100066335 6.262968307179588
u 188 1.0231145929816012 0.005726
x 188 1.7390274750222496 -49.32664242847176 6.268694307179588
u 189 0.977860044206464 0.004766
x 189 2.7158104398530325 -49.372506310409356 6.2734603071795885
u 190 0.9980910408967176 0.013459
x 190 3.7135268479654977 -49.345438669578265 0.0037340000000023466
u 191 1.0135311162017995 0.000688
x 191 4.726988283551584 -49.357321496211206 0.004422000000002347
u 192 1.0099844854132392 0.000208
x 192 5.736466803542622 -49.32535628421903 0.004630000000002347
u 193 0.9900745694413724 0.001116
x 193 6.7265034887971344 -49.33401152351419 0.0057460000000023465
u 194 0.9560238299548239 -0.011935
x 194 7.681864639875999 -49.29857446354491 6.276996307179589
u 195 1.002685600611471 -0.002839
x 195 8.684545544682441 -49.301531072673 6.274157307179589
u 196 1.0081993790100527 -0.002073
x 196 9.692743730525459 -49.302960020485 6.272084307179589
u 197 0.9811848921165929 0.007204
x 197 10.673797704812333 -49.31885745650248 6.279288307179589
u 198 1.0068332241897513 -0.015602
x 198 11.6804928092573 -49.3349056592535 6.263686307179588
u 199 1.0050675541589005 0.001811
x 199 12.684844111302462 -49.372839475515356 6.265497307179588
u 200 1.0054809165405398 0.011807
x 200 13.688688803164084 -49.43007550791844 6.277304307179588
z 200 225 8.011407208356095 1.2333916477362359
u 201 1.018886936647859 0.003536
x 201 14.707336802091234 -49.452115523406476 6.280840307179589
u 202 1.0001073055559035 -0.003432
x 202 15.707425394572978 -49.458152745605865 6.277408307179589
u 203 1.0223105799566303 -0.003687
x 203 16.729718087062356 -49.46410159690815 6.2737213071795885
u 204 1.0049565531080276 0.002766
x 204 17.734424944772986 -49.441714998121626 6.276487307179589
u 205 1.0001104792033102 -0.020986
x 205 18.73444952405698 -49.453338373400214 6.255501307179589
z 205 225 3.4204778211530624 0.8270037359312612
u 206 1.0162345237771224 0.006154
x 206 19.749652206209895 -49.499086184173265 6.2616553071795895
u 207 1.0022966381734746 0.013245
x 207 20.750808576813316 -49.54672845725279 6.27490030717959
u 208 0.9790389684163434 0.002567
x 208 21.729699017845633 -49.56376605651327 6.27746730717959
u 209 1.005544435918368 -0.008666
x 209 22.735178963933286 -49.552659177943355 6.26880130717959
u 210 0.99082437472137 -0.004126
x 210 23.725974980328886 -49.56006206221971 6.26467530717959
z 210 236 7.979598274161425 1.2542776874268586
z 210 225 3.508694959896058 -0.7542688655152392
u 211 1.009942441008758 -0.007541
x 211 24.735885821664695 -49.567742760195706 6.25713430717959
u 212 0.9870172207781865 0.001082
x 212 25.722489162235163 -49.5963215538055 6.25821630717959
u 213 0.9493177495833689 0.015581
x 213 26.67093943420853 -49.63667052512626 6.27379730717959
u 214 1.0093188379348035 -0.007839
x 214 27.680238312070934 -49.642592944791694 6.265958307179591
u 215 0.9760998612451881 0.006116
x 215 28.655815896743782 -49.674473119005285 6.27207430717959
z 215 236 3.4725791281553255 0.8441678566043935
z 215 225 7.874169095168074 -1.2718936614212057
u 216 1.101089469013298 -1.5693
x 216 28.63451144645716 -50.6657755997865 4.70277430717959
u 217 1.0022183135868659 0.001916
x 217 28.63567265496642 -51.667993087362824 4.70469030717959
u 218 1.0049460771533663 0.003028
x 218 28.65147540782177 -52.67281452391073 4.707718307179589
u 219 1.0146340756704235 0.001982
x 219 28.618468549811094 -53.68691142156118 4.709700307179589
u 220 1.0203657340104877 0.010727
x 220 28.636953653304097 -54.70710480937196 4.720427307179589
z 220 236 7.925165286610747 -1.2664673477861819
u 221 1.0952166473181364 -1.58568
x 221 27.652931457527647 -54.70369550602782 3.1347473071795893
u 222 1.017349739750086 0.006061
x 222 26.635687799247485 -54.71827851685541 3.140808307179589
u 223 1.0393709410228618 -0.006751
x 223 25.596416314511213 -54.73251337245935 3.134057307179589
u 224 1.0095887940826587 0.016159
x 224 24.587116020049887 -54.70884334507698 3.1502163071795892
u 225 1.0029792933525437 -0.002609
x 225 23.58415579385152 -54.70270519119173 3.147607307179589
z 225 225 7.8460124844216255 2.81983363529751
u 226 1.0140888966861052 0.008712
x 226 22.570073704849516 -54.705407555773974 3.156319307179589
u 227 0.9818325339988108 0.010413
x 227 21.58834570480098 -54.719427121591 3.166732307179589
u 228 1.0251719124647323 0.010593
x 228 20.563239914675005 -54.70821366832248 3.177325307179589
u 229 0.9517597087468397 0.006374
x 229 19.611584935178968 -54.72222353318246 3.183699307179589
u 230 1.0110566390326983 0.00572
x 230 18.600539863919373 -54.72676270245468 3.1894193071795893
z 230 225 7.942924514874858 -2.8383734947361225
u 231 0.9616284515059175 0.003802
x 231 17.639884989090632 -54.770010549623926 3.193221307179589
u 232 1.0148442639436275 0.003666
x 232 16.627198748724894 -54.836149079800386 3.196887307179589
u 233 1.0214642771290174 0.015482
x 233 15.608986784652917 -54.91746835675662 3.212369307179589
u 234 1.0043111272147882 0.004047
x 234 14.606052354986168 -54.97002302727252 3.216416307179589
u 235 0.9891054649549763 -0.009368
x 235 13.618947164605771 -55.0328387032227 3.207048307179589
u 236 0.9834176099971913 0.007751
x 236 12.63767342591818 -55.097701663277554 3.214799307179589
u 237 0.9701073570085709 -0.009113
x 237 11.670166446175898 -55.16863836245342 3.205686307179589
u 238 1.0232815287638952 -0.006231
x 238 10.648516675219781 -55.22637435440224 3.199455307179589
u 239 0.9875601874061453 0.005606
x 239 9.661024907756644 -55.23788863950945 3.205061307179589
u 240 0.9924456942173145 0.011558
x 240 8.670487481653915 -55.299314194344376 3.216619307179589
u 241 0.9772327206653215 -0.000869
x 241 7.69491164225369 -55.356195753918165 3.215750307179589
u 242 0.9917343623884807 0.014168
x 242 6.707396083492373 -55.44748438715541 3.2299183071795894
u 243 1.0322162771401762 0.005359
x 243 5.67719441055143 -55.51192355178906 3.2352773071795893
u 244 1.0107643981561922 -0.003147
x 244 4.668113111266447 -55.570222409833875 3.2321303071795895
u 245 0.9927093265130446 -0.018176
x 245 3.682164796577321 -55.68576719506745 3.2139543071795895
u 246 1.0167645018053175 -0.009006
x 246 2.6685587605813343 -55.7658038642729 3.2049483071795897
u 247 0.997653590286365 -0.012691
x 247 1.6753785672242412 -55.860103551060114 3.19225730717959
u 248 1.009858576169331 -0.003721
x 248 0.6685064440866697 -55.93770313114557 3.18853630717959
u 249 1.0104333186335988 0.006017
x 249 -0.3392941906218243 -56.010574880007226 3.1945533071795897
u 250 1.0197309057906903 -0.004308
x 250 -1.3576203254371755 -56.06406689037352 3.1902453071795898
u 251 0.9911126979827802 -0.004637
x 251 -2.3487292107415816 -56.061659097264105 3.18560830717959
u 252 0.9898837295180066 0.001766
x 252 -3.3377679636443216 -56.102547831123104 3.18737430717959
u 253 0.9990256554966367 -0.006932
x 253 -4.336784714389357 -56.098833602827504 3.18044230717959
u 254 1.0590289754808997 0.002101
x 254 -5.394750672208541 -56.146267667008594 3.18254330717959
u 255 1.0028972793458355 0.000926
x 255 -6.39641607606487 -56.19595971633579 3.1834693071795903
u 256 0.9791412394350327 -0.008675
x 256 -7.373879693014606 -56.253199841331636 3.17479430717959
u 257 0.9769102015965172 -0.003405
x 257 -8.350210659263594 -56.28682221870622 3.1713893071795902
u 258 1.0394943376695749 -0.004654
x 258 -9.389072003680763 -56.32306631836055 3.1667353071795903
u 259 1.0154879480638466 -0.013097
x 259 -10.404201285444138 -56.34977911609076 3.15363830717959
u 260 0.9873470912984527 0.008618
x 260 -11.391545301447772 -56.34958101809907 3.16225630717959
z 260 188 7.9491558816895775 2.8100788170952016
u 261 1.0293181429596494 -0.002419
x 261 -12.420850532031816 -56.344475621314196 3.1598373071795898
u 262 1.0298832761835963 -0.001049
x 262 -13.450453899911391 -56.3684833315556 3.1587883071795897
u 263 0.9969724205519686 0.0073
x 263 -14.447417664241566 -56.37206746012552 3.1660883071795896
u 264 0.946571111914669 0.000564
x 264 -15.393178034791799 -56.41123591243971 3.1666523071795893
u 265 1.004376763164743 0.006016
x 265 -16.397314046205327 -56.433156461965915 3.172668307179589
z 265 188 7.806967794028614 -2.8304912850547073
u 266 0.9940768822810384 0.002099
x 266 -17.388031217075785 -56.51481411570663 3.174767307179589
u 267 0.9855319167876194 0.011803
x 267 -18.372703710974807 -56.555825858911184 3.186570307179589
u 268 1.0117605870684119 -0.011829
x 268 -19.383777229846476 -56.59294578240868 3.174741307179589
u 269 1.0018070592649777 -0.007177
x 269 -20.385419807521554 -56.61097971202544 3.167564307179589
u 270 0.9926263311636205 0.002398
x 270 -21.37747177828191 -56.644735429622465 3.169962307179589
u 271 1.100602600561759 -1.58434
x 271 -21.430153395236985 -55.65708936786299 1.5856223071795887
u 272 1.0148551364207856 -0.015214
x 272 -21.47422157283893 -54.6432012686889 1.5704083071795887
u 273 0.9732399932228387 -0.000826
x 273 -21.443699120112463 -53.67044003876988 1.5695823071795887
u 274 0.9981194703255084 -0.022626
x 274 -21.410799043864138 -52.672884244977446 1.5469563071795887
u 275 1.0312526298035742 9e-06
x 275 -21.360839957179273 -51.64284246129165 1.5469653071795886
z 275 188 7.86642609700873 2.8080363866436957
u 276 1.110369911522098 -1.57022
x 276 -20.36278916493808 -51.70132638431945 6.259930614359175
u 277 1.0142337933314185 0.010453
x 277 -19.351600508668156 -51.779801364485266 6.270383614359175
u 278 0.9998256741149064 0.011649
x 278 -18.3517831566742 -51.78211155880331 6.282032614359175
u 279 0.9948191657257881 0.008606
x 279 -17.356967463780954 -51.781216274861414 0.0074533071795892525
u 280 0.989924321040119 -0.009356
x 280 -16.367139808088456 -51.79478923059319 6.281282614359175
z 280 194 8.019963961527507 0.3254427948396931
z 280 188 3.4439549538430376 0.8054365117535687
u 281 0.9810678372577939 -0.003417
x 281 -15.386439059325705 -51.82160725028477 6.277865614359175
u 282 0.9885144192748493 -0.01482
x 282 -14.39793852378071 -51.824699788442764 6.263045614359175
u 283 0.9620912855474254 -0.012287
x 283 -13.43671772477116 -51.86547444039033 6.250758614359175
u 284 0.9881121050156064 -0.001602
x 284 -12.450038699642473 -51.91867053646049 6.249156614359175
u 285 0.9330403972146213 -0.00081
x 285 -11.517178562968224 -51.93700903803782 6.248346614359175
z 285 194 7.8587702582592405 -0.31835076861042355
z 285 188 3.470477819695726 -0.7922971631276541
u 286 1.0234422170421398 0.008325
x 286 -10.494217929324236 -51.96830543129155 6.256671614359175
u 287 1.006520742030825 -0.005364
x 287 -9.48843531040113 -52.00681385287925 6.251307614359175
u 288 1.0567741100010974 0.003324
x 288 -8.43193614496941 -52.03089714057174 6.254631614359175
u 289 1.002839205474166 0.004494
x 289 -7.430035768129238 -52.07426088523848 6.259125614359175
u 290 0.963167078836877 0.00804
x 290 -6.4668837086616024 -52.07915320823001 6.267165614359175
z 290 188 7.979165969604844 -1.2569503936324682
u 291 1.0400284487488507 -0.01126
x 291 -5.426957445144232 -52.093334614641236 6.255905614359175
u 292 1.0021465338515751 0.012015
x 292 -4.42521777635831 -52.12167592070976 6.267920614359175
u 293 0.9770102917950493 -0.009722
x 293 -3.4483956024880964 -52.14065044266606 6.258198614359175
u 294 0.9977670941185495 -0.002191
x 294 -2.452285747384021 -52.198130286216106 6.256007614359175
u 295 0.9851269037102581 0.015956
x 295 -1.4673601278165682 -52.17874083667083 6.2719636143591755
u 296 0.9935862231906046 0.004497
x 296 -0.4741015171084624 -52.20422125007414 6.276460614359175
u 297 0.9853000945920036 -0.004264
x 297 0.5111978211330412 -52.204361038682435 6.272196614359175
u 298 1.0278787999546648 -0.013049
x 298 1.5385059336155855 -52.23838863919367 6.2591476143591755
u 299 1.015175843842533 0.012266
x 299 2.553671505749448 -52.241205341188476 6.271413614359176
u 300 1.0011879372650052 -0.005733
x 300 3.5548248215889995 -52.24936490364434 6.265680614359176
u 301 0.9937432947078307 -0.009222
x 301 4.548009861661056 -52.28256450112785 6.256458614359175
u 302 1.009388680561305 -0.014845
x 302 5.556247057203227 -52.33057028359473 6.241613614359175
u 303 1.009087433160578 -0.006202
x 303 6.564980693929633 -52.3572280025654 6.235411614359175
u 304 1.0089076088164384 0.007118
x 304 7.5722955684280135 -52.41385846287884 6.242529614359175
u 305 0.9970572281264817 0.01798
x 305 8.567193175807187 -52.47924260139266 6.260509614359175
u 306 1.0071895757895566 0.016452
x 306 9.574339030966692 -52.48731644998101 6.276961614359175
u 307 0.9998763257223413 0.017463
x 307 10.574183704350643 -52.48116101671117 0.011239307179589098
u 308 1.0237548124418197 -0.017645
x 308 11.59791633725406 -52.48542948302099 6.276779614359175
u 309 0.9709670436647454 0.003067
x 309 12.568619309083143 -52.508056929787834 6.279846614359175
u 310 1.008290987733877 -0.012416
x 310 13.57684215777642 -52.4969060077716 6.267430614359175
z 310 225 7.90260587853146 1.2455347936628174
u 311 0.9460503678925006 -0.000479
x 311 14.522787731835924 -52.51098622059797 6.266951614359175
u 312 1.0124098645114756 -0.003546
x 312 15.533869653730516 -52.56281292189122 6.263405614359175
u 313 1.0053319867518937 -0.001646
x 313 16.53889636405215 -52.58758159032684 6.261759614359175
u 314 0.9897002801828828 0.009929
x 314 17.528277247772717 -52.61256287312629 6.271688614359174
u 315 0.995481433863301 -0.012956
x 315 18.52372940284568 -52.61922846916771 6.258732614359174
z 315 225 3.5242275234155924 0.7719547687633221
u 316 1.0681642965685827 -1.55826
x 316 18.50574053827862 -53.582387575353486 4.700472614359175
u 317 1.0051762082777038 -0.002356
x 317 18.513098620245508 -54.58753661950304 4.698116614359175
u 318 0.9546975916800529 0.00114
x 318 18.522699957049184 -55.542185878226675 4.699256614359175
u 319 1.0025283271558656 -0.016719
x 319 18.503757636741874 -56.544523557746594 4.682537614359175
u 320 0.9555434865888084 0.003463
x 320 18.478330379853922 -57.49972819387811 4.686000614359175
z 320 225 8.06284357497403 -1.2397562924626977
u 321 1.0998946562806167 -1.56942
x 321 17.488048655067587 -57.48206516052591 3.116580614359175
u 322 1.0385800255945827 -0.004156
x 322 16.44991329532517 -57.45170248850111 3.112424614359175
u 323 1.0344489333861688 0.004789
x 323 15.415518240437622 -57.462162940364365 3.117213614359175
u 324 0.9953467904025594 -0.00496
x 324 14.420999749480027 -57.421589880195995 3.112253614359175
u 325 0.9796098717744454 0.002063
x 325 13.444370312925422 -57.34523476127764 3.114316614359175
u 326 1.0081059379585067 0.005249
x 326 12.436446901572218 -57.32611289886518 3.1195656143591752
u 327 1.0278509944353322 -0.00402
x 327 11.409209204104883 -57.29063111613083 3.115545614359175
u 328 0.9566144466537747 0.006086
x 328 10.452649592671731 -57.30073481485252 3.121631614359175
u 329 0.9961515395048562 -0.003222
x 329 9.457071641156286 -57.26694763306255 3.118409614359175
u 330 0.9993350053387083 -0.005661
x 330 8.458313032040476 -57.23305033834675 3.112748614359175
u 331 0.9882098983872684 -0.000835
x 331 7.471698325609389 -57.17692398460895 3.111913614359175
u 332 0.9786211976351831 -0.004602
x 332 6.4931002576944845 -57.17032249059507 3.107311614359175
u 333 0.9838553240808896 -0.00014
x 333 5.509313055137378 -57.15874504593479 3.1071716143591748
u 334 0.993614205332431 0.002681
x 334 4.51588725761925 -57.1780785016391 3.1098526143591747
u 335 0.9635893581078009 -0.016783
x 335 3.5528407118627143 -57.14607838102362 3.0930696143591745
u 336 1.0205819504390339 -0.005707
x 336 2.532260164489266 -57.146270367776076 3.0873626143591744
u 337 1.0104917330878704 -0.014828
x 337 1.5238077955317992 -57.08224964168622 3.0725346143591743
u 338 0.9930047866819561 0.001076
x 338 0.535774976213544 -56.983004696288376 3.073610614359174
u 339 1.0183998627506512 0.00214
x 339 -0.47939361606689923 -56.90194537300386 3.075750614359174
u 340 1.0685638942658577 0.000321
x 340 -1.5434093767034844 -56.803460615594666 3.076071614359174
u 341 1.0917885012820223 -1.58616
x 341 -1.5218821552304351 -55.822813884036535 1.489911614359174
u 342 0.9769002642534838 0.020126
x 342 -1.4417254114097973 -54.84922423231818 1.510037614359174
u 343 0.9942601022211661 0.01816
x 343 -1.3633696274379414 -53.85807018034838 1.528197614359174
u 344 0.9662807861677204 -0.006914
x 344 -1.35414834850465 -52.891835319540284 1.521283614359174
u 345 1.0145798631299685 0.01338
x 345 -1.3060901135894787 -51.878401874305304 1.5346636143591739
u 346 1.109224218113609 1.57685
x 346 -2.302129611728151 -51.8187301475525 3.1115136143591737
u 347 0.9849428279205917 -0.011507
x 347 -3.2867055661335027 -51.792049445541664 3.100006614359174
u 348 0.9812864261752983 -0.010622
x 348 -4.266619331499105 -51.74025167490423 3.0893846143591737
u 349 1.012722530092657 0.003686
x 349 -5.276894204721643 -51.66989229540025 3.0930706143591737
u 350 1.0077549088414952 -0.008002
x 350 -6.281902543201049 -51.595576907956854 3.085068614359174
z 350 188 7.934591195776881 1.8601448275936883
u 351 1.016921384813151 -0.009216
x 351 -7.295222679125489 -51.510112964734724 3.075852614359174
u 352 0.9815701132859227 0.010309
x 352 -8.275299863775514 -51.45607532417298 3.086161614359174
u 353 0.9968906462463526 0.012349
x 353 -9.271246073227282 -51.4128378488575 3.098510614359174
u 354 1.002820332867193 0.016233
x 354 -10.272929358505126 -51.36532855533523 3.114743614359174
u 355 0.9740565911176159 0.007627
x 355 -11.246082708129194 -51.323445366661794 3.122370614359174
z 355 194 7.88761144773879 2.8097608700171213
z 355 188 3.716530368529228 2.364181686677599
u 356 0.9927668607300465 0.002355
x 356 -12.238837661397612 -51.328260656686474 3.124725614359174
u 357 0.9811280565628032 0.010341
x 357 -13.219895504127336 -51.31689428336419 3.135066614359174
u 358 0.9769589525687128 -0.020836
x 358 -14.196836507579905 -51.31615875764185 3.114230614359174
u 359 0.9680249941353006 -0.012125
x 359 -15.164502818973386 -51.29002795658002 3.1021056143591736
u 360 1.0050196003422047 0.001
x 360 -16.168471890173617 -51.244088681734326 3.1031056143591735
z 360 194 7.991923144688016 -2.819884041717623
z 360 188 3.3407621464570028 -2.3132735333393772
u 361 1.0176216326372314 -0.00132
x 361 -17.185709030794637 -51.21612018892235 3.1017856143591733
u 362 1.0224500825416678 -0.001378
x 362 -18.207346742237142 -51.175372275816045 3.1004076143591734
u 363 0.9844103626066006 -0.009333
x 363 -19.19086663861612 -51.13359499405091 3.0910746143591736
u 364 0.9743238910528613 -0.01519
x 364 -20.162320777877433 -51.05899173108567 3.0758846143591736
u 365 1.000199866580118 0.012269
x 365 -21.159307400319122 -50.97896111945918 3.0881536143591735
z 365 188 7.906389680517904 -1.8907702365631047
u 366 1.0698646641835912 -1.56267
x 366 -21.12040693185909 -50.01546251483352 1.5254836143591735
u 367 0.9988090039553925 0.006313
x 367 -21.052970766937168 -49.01893430309558 1.5317966143591735
u 368 0.987456771973857 0.009226
x 368 -21.013740700475584 -48.03226061742517 1.5410226143591734
u 369 0.9878603902229709 -0.002731
x 369 -20.967590438936167 -47.0454791333063 1.5382916143591734
u 370 0.9593133926752636 -0.000289
x 370 -20.90226358747054 -46.08839262653819 1.5380026143591734
z 370 177 7.889733110175527 0.31809436467747776
z 370 194 8.017934235013405 2.8209046144707433
z 370 188 7.927112586421364 -2.817461346971168
u 371 1.0094513093544242 -0.001707
x 371 -20.888286526511983 -45.079038208956355 1.5362956143591735
u 372 1.0123469957064724 0.027265
x 372 -20.84999104932038 -44.06744717985039 1.5635606143591736
u 373 0.9527465504163012 0.011336
x 373 -20.834210878875336 -43.11483642251572 1.5748966143591736
u 374 0.9983682716791721 -0.001538
x 374 -20.829237371407217 -42.11648063741631 1.5733586143591736
u 375 1.00103380800773 0.014432
x 375 -20.826300262136577 -41.115459825698025 1.5877906143591736
z 375 177 7.979516920779102 -0.30488642355747364
z 375 194 7.995943071964683 -2.842098287851365
z 375 402 7.987823251981731 1.8931775296783235
z 375 403 8.150226818101444 1.8940775367817642
u 376 1.0398964134277702 0.005952
x 376 -20.829925100172094 -40.07557126495788 1.5937426143591735
u 377 1.00070220701945 0.00635
x 377 -20.81652686199182 -39.074960436802066 1.6000926143591736
u 378 1.0061392707764232 0.000164
x 378 -20.852222554630156 -38.06945457035669 1.6002566143591737
u 379 0.9851279271774048 0.016548
x 379 -20.90523313689569 -37.08576520613246 1.6168046143591737
u 380 0.9850804348923125 0.00097
x 380 -20.987369164288058 -36.10411503416375 1.6177746143591736
z 380 402 3.543235409904343 2.377258167824522
z 380 403 3.4461317539815566 2.352911467478666
u 381 1.0344449861234561 -0.007353
x 381 -21.053100983333042 -35.07176289656435 1.6104216143591736
u 382 0.9760444763961754 0.004964
x 382 -21.07380241858916 -34.09593898096977 1.6153856143591736
u 383 0.9670826842108058 -0.003259
x 383 -21.11035416893135 -33.129547724869056 1.6121266143591737
u 384 0.993001351885098 -5.3e-05
x 384 -21.163843627157625 -32.137988063293584 1.6120736143591736
u 385 0.9979602650560803 0.000255
x 385 -21.216512493420574 -31.141418609736746 1.6123286143591735
z 385 402 3.5243011460713745 -2.3395006793076627
z 385 403 3.391155095745401 -2.3673335930503088
u 386 0.9835482747336005 0.00268
x 386 -21.269956502425842 -30.159323722451692 1.6150086143591735
u 387 0.9966634904042835 0.000388
x 387 -21.312288535827314 -29.163559644172054 1.6153966143591736
u 388 0.9879936141746627 0.005845
x 388 -21.326426213811818 -28.175668593161767 1.6212416143591737
u 389 0.9870427039712755 -0.000396
x 389 -21.358680201718666 -27.189153024610462 1.6208456143591736
u 390 1.017023175498527 0.009729
x 390 -21.417250934853826 -26.17382182242863 1.6305746143591737
z 390 419 8.061100139863045 1.905281305500805
z 390 420 7.787677678775618 0.3202119859971992
z 390 402 7.882237313333062 -1.9044067475799016
z 390 421 7.881825645756191 1.2410780325176325
z 390 422 7.954953131533837 1.90042467802339
z 390 403 8.039225759984602 -1.898588866059239
u 391 1.098350568075515 -1.57892
x 391 -20.42978070312461 -26.14977574211084 0.05165461435917362
u 392 0.9821703912821506 -0.010413
x 392 -19.448336829033376 -26.112120954755287 0.041241614359173624
u 393 1.011587111422427 -0.000211
x 393 -18.4382018927553 -26.057937094515548 0.04103061435917362
u 394 1.0161649551447063 0.002496
x 394 -17.424136021269625 -25.992660082757922 0.04352661435917362
u 395 1.012992743833084 0.009952
x 395 -16.411160530544066 -25.987513735965102 0.05347861435917362
z 395 419 7.906533015329791 -0.3275655701467321
z 395 428 7.8280457520507625 1.8797900430727077
z 395 429 8.013679362521312 0.3277048592055056
z 395 430 7.946935912494828 1.893339944091097
z 395 402 7.773476859661962 -2.8383767214277613
z 395 422 7.739225407913895 -0.3456508458489961
z 395 403 7.777952026934853 -2.806065870847024
u 396 1.115791944535752 1.58394
x 396 -16.481793773261337 -24.98724928525807 1.6374186143591736
u 397 1.004965896495257 0.019751
x 397 -16.560489433030167 -23.985385714451372 1.6571696143591736
u 398 1.0094609215249883 -0.012909
x 398 -16.6259017430547 -22.978053380513234 1.6442606143591736
u 399 1.0207571632988537 0.019673
x 399 -16.68219311903866 -21.9588660264027 1.6639336143591736
u 400 0.9896564708151637 -0.011907
x 400 -16.75082715264781 -20.971598216667903 1.6520266143591738
z 400 419 3.509967524066284 0.7783390589410117
z 400 436 7.832656627543429 2.8231446157608118
z 400 429 3.687492535178885 2.335084184094848
z 400 421 7.801856646324643 0.31331891019864844
z 400 422 3.4719202198783314 0.8119958054077907
u 401 0.9805204119439939 -0.003175
x 401 -16.830401466002282 -19.994312486059826 1.6488516143591738
u 402 1.0046779135750363 4e-06
x 402 -16.92121011110845 -18.993746895946924 1.6488556143591737
u 403 0.9919872215043656 0.012169
x 403 -17.01362084649514 -18.006079563156025 1.6610246143591738
u 404 0.9967192076712299 0.003467
x 404 -17.10982809157003 -17.014014872813657 1.664491614359174
u 405 0.997976377075104 0.010531
x 405 -17.25225257166333 -16.02625836828425 1.675022614359174
z 405 419 3.39344347838593 -0.8458761050590359
z 405 442 7.956460717008537 2.814894251573701
z 405 436 7.754605821535999 -2.811101342536574
z 405 429 3.581537654611494 -2.3887210697529957
z 405 421 7.801652660007365 -0.3296611417004891
z 405 422 3.5627623466209473 -0.8471282565869881
u 406 0.9729465090856204 0.010106
x 406 -17.355098245899182 -15.058766962536389 1.685128614359174
u 407 1.0060805381703426 0.019453
x 407 -17.472919927989324 -14.059625240197436 1.7045816143591739
u 408 1.0040550719020598 -0.006974
x 408 -17.598770476763757 -13.063490640457935 1.6976076143591738
u 409 1.0138454655039284 -0.017413
x 409 -17.729293626202587 -12.058095015143419 1.680194614359174
u 410 0.9984832358291917 0.01326
x 410 -17.818827504082694 -11.063641472164285 1.693454614359174
z 410 419 7.9240424762932715 -1.2480468905367135
z 410 442 7.837104787483705 -2.820177004821974
z 410 15 8.010013796305222 2.8268820622271953
z 410 429 7.8573499041661625 -1.8999019240487756
z 410 422 7.846108898581512 -1.2712477187620148
u 411 1.084386070296839 -1.57689
x 411 -16.850776521718885 -10.943510960151455 0.11656461435917409
u 412 1.014291252663817 0.009475
x 412 -15.84442298189452 -10.816894999577872 0.1260396143591741
u 413 1.0083424703060053 0.007258
x 413 -14.844172129813654 -10.68942615275049 0.1332976143591741
u 414 0.9748153949036252 0.017579
x 414 -13.87645666118228 -10.572091779451105 0.1508766143591741
u 415 0.9912994583499753 0.005553
x 415 -12.899645771102337 -10.403235106446367 0.1564296143591741
z 415 442 3.5478332121169394 2.36934512253707
z 415 15 3.5723716370081093 0.7684400337081121
z 415 436 8.13238796931135 2.8250503773312947
z 415 429 8.083077709214479 -2.810497234987354
u 416 0.9859734413043634 0.006291
x 416 -11.928787219473712 -10.231263906803617 0.1627206143591741
u 417 0.9969332848644524 0.005245
x 417 -10.946841921249288 -10.059051458632918 0.1679656143591741
u 418 0.996194723491446 0.006574
x 418 -9.966554333757834 -9.881747767672508 0.1745396143591741
u 419 0.9984364217671174 0.000774
x 419 -8.974935754410678 -9.765266732145145 0.17531361435917409
u 420 0.9942196671519531 0.008458
x 420 -7.9972803177101675 -9.584555080902252 0.18377161435917408
z 420 442 3.5078604123881556 -2.30514087918906
z 420 15 3.4485104964317568 -0.779312330444938
z 420 8 7.834587142472793 1.251585417699867
z 420 436 7.883308098228814 -2.8482086161636566
z 420 458 7.9971918968410405 1.9011288628921552
u 421 1.0106481309399176 -0.003427
x 421 -6.997026948787676 -9.439980384346438 0.18034461435917407
u 422 1.0120954848427863 0.012439
x 422 -6.009071563998316 -9.220280087790632 0.19278361435917407
u 423 0.9982718965979475 -0.012885
x 423 -5.033366242669293 -9.009253743342299 0.17989861435917406
u 424 1.0066909991733008 -0.02484
x 424 -4.043526248801396 -8.82597404932356 0.15505861435917406
u 425 1.001307840192529 -0.002143
x 425 -3.0533311114419837 -8.677210488345835 0.15291561435917406
z 425 6 7.917257108222518 0.31256905417472497
z 425 442 7.786291386565237 -1.9212827855947412
z 425 15 7.878237117985216 -1.2517816777915924
z 425 464 7.7894400228514495 2.812131843744148
z 425 8 3.7243174878895595 0.8263704778940193
z 425 465 7.990598465778392 1.2569082144711379
z 425 458 3.669856459536258 2.3556472798638395
u 426 1.0229379203591624 0.009036
x 426 -2.0418784121643156 -8.524376244081276 0.16195161435917405
u 427 0.9922049755450865 0.002316
x 427 -1.0646230613062664 -8.352788795037615 0.16426761435917406
u 428 0.9693132191287704 0.002448
x 428 -0.11005139056453717 -8.184382818355243 0.16671561435917406
u 429 1.039229767071987 0.003137
x 429 0.912038005356076 -7.996417689015686 0.16985261435917406
u 430 0.9647882459834981 0.005213
x 430 1.8624589361219055 -7.830543320856485 0.17506561435917406
z 430 6 7.92701267702405 -0.3065784838193318
z 430 464 8.153805510067063 -2.825924837935073
z 430 8 3.6262292040217203 -0.7680405360537735
z 430 465 3.54954807743183 0.7464905311295245
z 430 471 7.784568254823128 2.8151908187905983
z 430 458 3.5873632001513314 -2.3483099904297893
z 430 472 7.795733424668907 2.818456830986162
u 431 1.011066909717775 0.012654
x 431 2.858165321564366 -7.655011416733299 0.18771961435917406
u 432 1.0211707228550466 -0.026926
x 432 3.860157695403645 -7.458191888207985 0.16079361435917405
u 433 1.014908778603795 0.020059
x 433 4.857549048327577 -7.270533206211736 0.18085261435917405
u 434 0.99591774668919 -0.009345
x 434 5.8398417098870805 -7.106380633541229 0.17150761435917405
u 435 0.9898389256342309 -0.013047
x 435 6.819221078986847 -6.962911990198011 0.15846061435917405
z 435 478 7.898446593932253 0.3311409008877893
z 435 8 7.777096963777679 -1.2349016342547787
z 435 465 3.425978907845172 -0.7869502585131829
z 435 471 8.009635131171706 -2.821624663687432
z 435 479 7.875386749163498 1.2401310792570137
z 435 458 7.8649829376547284 -1.907390261005149
z 435 472 7.941912812175667 -2.8066254625421347
u 436 1.1312424527154208 1.58936
x 436 6.650055766189411 -5.961216106735297 1.7478206143591741
u 437 1.0164513807613265 -0.014678
x 437 6.458344686871366 -4.96301686689001 1.7331426143591742
u 438 1.0278535320055102 -0.00086
x 438 6.266042436588243 -3.9533126217384673 1.732282614359174
u 439 1.036696603506789 0.010122
x 439 6.0972605364801655 -2.9304522490966747 1.742404614359174
u 440 1.0073129895788862 -0.000202
x 440 5.894280523165369 -1.9438020731398034 1.742202614359174
z 440 6 7.679387090419391 0.3223414698763544
z 440 478 3.5821180506649974 2.3542145762004876
z 440 8 7.9472517642578815 -0.32101959673337105
z 440 465 3.430782120654123 -0.8192432033930018
z 440 479 7.956109389909116 -2.829637391473832
z 440 9 8.063965182464518 1.2552888285426267
u 441 1.1496195142333914 1.57723
x 441 4.873088338642445 -2.106742735864911 3.319432614359174
u 442 0.9997804174652924 0.013367
x 442 3.8901619059111696 -2.289503858339495 3.3327996143591743
u 443 0.9791359623260858 -0.01779
x 443 2.9289427238158487 -2.4758895668205967 3.315009614359174
u 444 1.0155303671058744 -0.006805
x 444 1.9237395258805823 -2.6203349806789578 3.308204614359174
u 445 1.0046259955045835 0.00904
x 445 0.929541973670913 -2.7646878287849157 3.3172446143591743
z 445 6 3.601990786565118 2.3644651244295862
z 445 478 7.972107978351773 -1.9165614679727871
z 445 7 7.874751211943143 2.8036861646986915
z 445 8 3.6801152392418364 0.8142023953520476
z 445 465 3.4199143478894323 -0.7739081714142115
z 445 458 7.95954200042314 0.31661550788497267
z 445 9 7.904005718583457 -2.8229499679476895
u 446 1.0048539964009102 0.004378
x 446 -0.0636747659203214 -2.917168809552217 3.3216226143591743
u 447 1.0113739482333786 -0.018484
x 447 -1.0605956405893675 -3.087453601222244 3.3031386143591743
u 448 1.0152934018592055 0.008732
x 448 -2.06540911391597 -3.232932210912224 3.3118706143591745
u 449 0.9869831380919826 -0.008653
x 449 -3.0377715208368055 -3.4021686914568146 3.3032176143591747
u 450 0.9742265210282991 0.004082
x 450 -3.991553354260016 -3.600703853583977 3.3072996143591746
z 450 6 3.332687324862625 -2.371354842775915
z 450 15 7.842077318778488 1.260247746667261
z 450 7 8.059889566172728 -2.810989446533492
z 450 8 3.435388825387892 -0.7830434636929094
z 450 465 8.048064935647574 -1.2556555876243969
z 450 458 7.850558641478962 -0.3475102352056556
u 451 1.0152560369578665 -0.011339
x 451 -4.995359224358058 -3.7527155372162317 3.2959606143591746
u 452 0.9747491632987823 0.01105
x 452 -5.955434939509391 -3.921181809023551 3.3070106143591746
u 453 1.0410204257981603 0.003833
x 453 -6.985172798729334 -4.074028599601991 3.310843614359175
u 454 0.9799389876830555 -0.003769
x 454 -7.958015559658384 -4.191741153430978 3.3070746143591747
u 455 0.974644994509044 -0.001395
x 455 -8.913173212872042 -4.3856652849344515 3.3056796143591747
z 455 6 7.8508637172797755 -1.8907306838504465
z 455 442 7.882265016966887 0.3286923826271188
z 455 15 3.520283093729821 0.8049557681063831
z 455 8 7.87302449504636 -1.256805114806278
u 456 1.0151223649670393 -0.000159
x 456 -9.910631696268718 -4.574212328358648 3.3055206143591747
u 457 1.0030583610268107 -0.00082
x 457 -10.897611814051368 -4.753087330387286 3.3047006143591746
u 458 0.9873604329116898 -0.002882
x 458 -11.872738604225486 -4.908031490621624 3.3018186143591746
u 459 0.9942464765311635 -0.011123
x 459 -12.85371926867361 -5.0698733897668005 3.2906956143591746
u 460 1.0039102318084516 -0.009778
x 460 -13.838352418093663 -5.265641836527628 3.2809176143591747
z 460 442 8.00025940945042 -0.3423579318174253
z 460 15 3.421675357043681 -0.8016585059075212
z 460 16 7.9252899041296905 2.816783675293628
u 461 0.9959233752155827 -0.006432
x 461 -14.827446794761485 -5.382056027454222 3.2744856143591745
u 462 1.0002722933869777 0.008574
x 462 -15.821832559917645 -5.490386454979439 3.2830596143591744
u 463 1.0057595990120982 -0.016022
x 463 -16.81624948500232 -5.640937812084386 3.2670376143591744
u 464 0.9777824920225795 0.007157
x 464 -17.784914637227175 -5.7741382009359175 3.2741946143591742
u 465 0.9847595117413168 -0.013315
x 465 -18.762585583926278 -5.892021570524169 3.2608796143591743
z 465 15 7.981023424379859 -1.2526296314028804
z 465 16 8.011492002498661 -2.842620464095288
z 465 28 7.840305684072528 1.9084458467481935
u 466 1.093373374805026 -1.57506
x 466 -18.878413752938545 -4.915056048575587 1.6858196143591744
u 467 0.9839306986320523 -0.004797
x 467 -18.994960328255857 -3.9380531524556184 1.6810226143591744
u 468 0.990087498306594 -0.001139
x 468 -19.11849275558698 -2.955702457579964 1.6798836143591744
u 469 0.9807581688786038 -0.002527
x 469 -19.21971437973137 -1.9801819520212283 1.6773566143591745
u 470 1.008436650121936 0.01909
x 470 -19.343741001693367 -0.9794167492220418 1.6964466143591745
z 470 22 7.938738713328459 1.9056226008884134
z 470 16 3.6599101228445488 2.3575179333104828
z 470 28 7.9521004476616115 -0.3409188176766336
u 471 0.9838974085507753 0.008626
x 471 -19.443375207568128 -0.0005801269930277853 1.7050726143591746
u 472 1.0038715116025332 -0.000243
x 472 -19.582528835803664 0.993600075283142 1.7048296143591746
u 473 1.0002750787490724 0.005115
x 473 -19.721438465712644 1.9841818065999224 1.7099446143591746
u 474 1.0314987293186089 0.003262
x 474 -19.849691384757282 3.0076757606033304 1.7132066143591747
u 475 0.9951056914460702 0.013934
x 475 -19.973314361651823 3.9950645771942073 1.7271406143591745
z 475 22 3.5274292228335353 2.293989879225652
z 475 16 3.6041255617000916 -2.306338673736039
z 475 34 7.905766358462664 0.30992398672360305
u 476 1.0113349133650062 -0.010787
x 476 -20.13064540994642 4.994081759524683 1.7163536143591744
u 477 1.013460967543404 -0.001754
x 477 -20.27635232562945 5.997013643618084 1.7145996143591744
u 478 0.9926580181101814 0.010752
x 478 -20.390238827596782 6.983112174585272 1.7253516143591745
u 479 1.02357082744594 0.004381
x 479 -20.52453757421809 7.99783352044183 1.7297326143591745
u 480 0.943640229352756 -0.004822
x 480 -20.704173500403353 8.924216859612264 1.7249106143591744
z 480 22 3.3978915186479983 -2.392314220275815
z 480 16 7.758233070854471 -1.8782790756844825
z 480 525 8.000582411024837 1.2472015071724478
z 480 34 7.900138745541119 -0.3143060543625865
u 481 1.000494350729722 -0.00428
x 481 -20.850962016546173 9.913883747675408 1.7206306143591743
u 482 1.0040406315648258 -0.014247
x 482 -20.998788096896707 10.906973868559307 1.7063836143591744
u 483 0.9643685176107213 -0.005236
x 483 -21.096235932703536 11.8664051752851 1.7011476143591744
u 484 0.9967311991721365 -0.009934
x 484 -21.211844328324055 12.85640497946238 1.6912136143591743
u 485 0.9957601534480439 -0.006225
x 485 -21.322426177966538 13.846004259895953 1.6849886143591744
z 485 22 7.876982860524707 -1.9123962673378083
z 485 525 3.3976865612060214 0.7616542658187662
u 486 1.0206262843325091 0.010373
x 486 -21.401046668153473 14.863593317680461 1.6953616143591743
u 487 1.0338839643548434 0.010097
x 487 -21.533912721227537 15.888899897412358 1.7054586143591743
u 488 0.986485426646052 0.001675
x 488 -21.663820656967555 16.86679416454545 1.7071336143591744
u 489 1.004334034291732 -0.006569
x 489 -21.793701768139606 17.862692815104186 1.7005646143591744
u 490 1.0138931930145192 0.011217
x 490 -21.9508125143627 18.864333889466764 1.7117816143591744
z 490 536 8.075295571290255 1.8955712048690772
z 490 525 3.577439005461868 -0.743581467560447
u 491 0.9878812899990171 -0.011706
x 491 -22.087361839894843 19.842726745516785 1.7000756143591744
u 492 0.9732637661908176 -0.005268
x 492 -22.20119709726055 20.809309231453955 1.6948076143591744
u 493 0.9955865137177924 0.006407
x 493 -22.332482447827573 21.796199940880534 1.7012146143591744
u 494 0.988608024313462 0.009132
x 494 -22.453209384020614 22.777405342728404 1.7103466143591743
u 495 0.9794672380460765 0.007185
x 495 -22.56564123612749 23.750396104183423 1.7175316143591743
z 495 536 3.520802675427863 2.3743089528134362
z 495 525 7.923799268141514 -1.2338487892763037
u 496 1.0130607997813248 0.000476
x 496 -22.701902481303996 24.754251192201085 1.7180076143591743
u 497 1.024897208642873 -0.005921
x 497 -22.820001318524106 25.772319895250273 1.7120866143591742
u 498 1.0054995159242244 0.004201
x 498 -22.982798378207647 26.76455218003161 1.716287614359174
u 499 1.036746322192404 0.007958
x 499 -23.13580162281847 27.789943457187587 1.724245614359174
u 500 0.9938358794373149 0.004712
x 500 -23.29999691935489 28.770120906605964 1.728957614359174
z 500 536 3.6529339296105534 -2.3762479876121363
z 500 547 7.990749190564049 1.2574747879812955
u 501 0.9722974166924457 -0.012216
x 501 -23.460202913266976 29.729122757313583 1.716741614359174
u 502 0.9965832848029633 -0.006742
x 502 -23.62564823956729 30.711875180622414 1.709999614359174
u 503 1.0126954104463197 0.01125
x 503 -23.77388753098394 31.71365673889562 1.721249614359174
u 504 1.0175030914816523 0.019233
x 504 -23.914805173003597 32.72133865572832 1.740482614359174
u 505 0.9780096263159732 -0.018822
x 505 -24.06908120052039 33.687088881544305 1.7216606143591742
z 505 553 7.987358861006559 1.8832289973962775
z 505 536 8.025916720879927 -1.9057351147051065
z 505 547 3.578231582360203 0.8045045967287262
u 506 0.9883304157173506 -0.000397
x 506 -24.215969751246373 34.66444283557919 1.7212636143591742
u 507 1.0216947300541723 -0.000255
x 507 -24.372194125353584 35.674123013011034 1.7210086143591743
u 508 1.02351986093854 0.004069
x 508 -24.5210801309484 36.686755432835234 1.7250776143591744
u 509 1.0147635565255007 0.002867
x 509 -24.674496574980743 37.68985451318795 1.7279446143591743
u 510 1.0134933831972421 -0.003285
x 510 -24.84231686150755 38.689356521947346 1.7246596143591744
z 510 553 3.5054957174414008 2.3794420798177613
z 510 559 7.7959701827161965 1.8963930722363131
z 510 560 7.872313113164389 0.3193809467468183
z 510 547 3.527238074258668 -0.7607277798605853
u 511 1.0538832420421491 0.019481
x 511 -25.014611526143874 39.729043643651686 1.7441406143591744
u 512 1.0328364179480125 0.001248
x 512 -25.196319156144746 40.745770384218424 1.7453886143591744
u 513 0.9805216292423522 0.006733
x 513 -25.37441042112046 41.7099812194196 1.7521216143591745
u 514 1.0158076060695986 -0.00968
x 514 -25.567851820570553 42.70719607099362 1.7424416143591746
u 515 1.0112660759649728 -0.005821
x 515 -25.74594006733734 43.70265614809994 1.7366206143591745
z 515 553 3.6009530015955495 -2.393094250424655
z 515 559 3.503419150672668 2.3879179199227454
z 515 560 7.9038351281450705 -0.3345623174845294
z 515 547 8.027245592555394 -1.2445248664872073
u 516 0.9738570493865425 -0.015733
x 516 -25.89290741335445 44.66534955160372 1.7208876143591745
u 517 1.0042947889156886 -0.009683
x 517 -26.07036553926916 45.65383766786149 1.7112046143591744
u 518 1.009248152063498 0.009849
x 518 -26.19099521640728 46.655846689622045 1.7210536143591744
u 519 1.035399006946345 0.015449
x 519 -26.34178471666709 47.68019638968565 1.7365026143591744
u 520 0.9884702772413616 -0.001905
x 520 -26.491651834013673 48.65723939827955 1.7345976143591744
z 520 553 7.848128052828903 -1.8925823393838976
z 520 559 3.3443829030928858 -2.3627510176664193
u 521 1.1149375309602856 1.58314
x 521 -27.477489753585818 48.47745147995726 3.3177376143591744
u 522 1.003803065033342 0.008344
x 522 -28.46802633671257 48.314810695414806 3.3260816143591745
u 523 0.9810788599422358 0.006148
x 523 -29.427541435194886 48.110253922225866 3.3322296143591745
u 524 1.0054147710811818 -0.01607
x 524 -30.413392688504395 47.91293586844449 3.3161596143591745
u 525 1.0070768280113471 -0.005298
x 525 -31.399658583966772 47.7092671455713 3.3108616143591747
z 525 559 7.8212399148600475 -1.245102841100394
z 525 560 7.876241064898915 0.3214446145968337
z 525 576 8.032919693324464 1.2462050834387386
u 526 0.9613767387281484 0.019808
x 526 -32.343633991933096 47.52726317907383 3.3306696143591745
u 527 0.9996476875795746 -0.00028
x 527 -33.3267622172143 47.3462814523459 3.3303896143591745
u 528 1.0235659219438926 -0.003778
x 528 -34.33151534232209 47.15094300761437 3.3266116143591744
u 529 1.0366185727252963 -0.016953
x 529 -35.35147840520265 46.96593576612552 3.3096586143591744
u 530 1.0299277175464663 -0.013183
x 530 -36.36425766742747 46.77881573243763 3.2964756143591742
z 530 560 7.861426351699798 -0.3346020680050837
z 530 576 3.5076892273119067 0.7845756857474769
u 531 1.1174925547738526 1.5724
x 531 -36.19535312493162 45.787221918847976 4.868875614359174
u 532 0.983486459807331 -0.026104
x 532 -36.04961582100032 44.814621625218656 4.842771614359174
u 533 0.9940650496543193 0.010352
x 533 -35.89255179539973 43.833047690051195 4.853123614359174
u 534 1.0003163486141609 0.012913
x 534 -35.767556820515246 42.84057847169799 4.8660366143591745
u 535 1.0299680120361194 0.006842
x 535 -35.583599340670055 41.827173511657826 4.872878614359174
z 535 587 7.811662571540069 1.8896168265142816
z 535 560 3.5265030443769647 0.7732428162680312
z 535 588 7.91248907945534 2.814648539679906
z 535 576 3.4599503018685107 -2.2915238377410856
u 536 1.0162184509364771 -0.009369
x 536 -35.41291815657108 40.825394933628445 4.863509614359174
u 537 0.9988869034620628 0.000243
x 537 -35.257721003862834 39.83863818306007 4.863752614359174
u 538 1.0017978005745727 0.004207
x 538 -35.09289279401075 38.850493955600356 4.867959614359174
u 539 1.0283953807708652 -0.011101
x 539 -34.94358622691408 37.833000099391484 4.856858614359174
u 540 0.99747307559052 0.011097
x 540 -34.78189401409989 36.84872475441364 4.8679556143591745
z 540 594 7.958030491855381 2.812425926432014
z 540 587 3.458419010371647 2.336452638671345
z 540 560 3.3897801501867346 -0.8190432821069025
z 540 595 7.988643324826813 1.8876870527980747
z 540 547 7.899565397798793 0.32584293836058664
z 540 588 7.859863880920585 -2.808382617833738
z 540 576 7.776909551177768 -1.8715375160419312
u 541 1.0994755936896898 -1.56177
x 541 -35.76335546486339 36.710885640696915 3.3061856143591744
u 542 1.0376949515126026 -0.008285
x 542 -36.786688766927504 36.53885771904597 3.2979006143591745
u 543 0.9848372468694333 -0.012104
x 543 -37.762704533442395 36.40738230337314 3.2857966143591746
u 544 0.9540271199339206 0.017715
x 544 -38.70950691884316 36.29029606882178 3.3035116143591745
u 545 1.012331058405909 0.001349
x 545 -39.70984257404994 36.13491719856579 3.3048606143591743
z 545 594 3.6415727079518816 0.8042130062839349
z 545 587 3.4655815110598684 -0.7721149654611946
z 545 560 7.989555789704457 -1.8909114289260316
z 545 595 7.789511691993279 -0.34203766585953244
z 545 588 3.6519781674183105 2.3878474464516626
z 545 576 7.866550816698511 -2.8159552445350604
u 546 0.9882191810262452 0.003773
x 546 -40.688270374155465 35.99615469923092 3.308633614359174
u 547 1.017421066105586 0.015612
x 547 -41.69017470624134 35.81920185180667 3.324245614359174
u 548 0.9962849980790405 -0.009641
x 548 -42.67318101840399 35.65710712834722 3.3146046143591743
u 549 1.003502921514799 -0.007118
x 549 -43.66436060951195 35.50033697852575 3.307486614359174
u 550 0.9992383835502777 0.000236
x 550 -44.64856388406309 35.3276486555539 3.3077226143591743
z 550 594 3.6862553000300995 -0.7705812498018464
z 550 587 8.050704947226672 -1.2434794439302026
z 550 588 3.537009630323333 -2.3502969176248762
u 551 1.0957135523223946 -1.56192
x 551 -44.78498747043744 36.30586365814319 1.7458026143591743
u 552 1.004759891829863 -0.006404
x 552 -44.96961059169435 37.29351404827036 1.7393986143591742
u 553 0.9988740015766948 -0.010421
x 553 -45.13271263322935 38.27897737366817 1.7289776143591742
u 554 0.9894585837681396 0.012213
x 554 -45.27962513747346 39.25746234342638 1.7411906143591742
u 555 0.9837833644192325 0.000559
x 555 -45.46208530646761 40.224177383982095 1.7417496143591742
z 555 594 7.914300343365799 -1.880839358341269
z 555 588 3.593082738652145 -2.387478458334511
z 555 576 7.93192860908367 2.821125042195228
u 556 1.1054793615717706 1.5815
x 556 -46.43849621713806 40.03896779211197 3.323249614359174
u 557 0.9864125429422029 0.000233
x 557 -47.409367414504366 39.8645578766871 3.323482614359174
u 558 0.989770775652561 0.00227
x 558 -48.3907114993541 39.73567981494482 3.3257526143591742
u 559 0.9881210777296288 -0.004755
x 559 -49.362932995071894 39.559138636042405 3.3209976143591744
u 560 0.9977051484991506 -0.012346
x 560 -50.34280969570194 39.37140326051775 3.3086516143591744
z 560 588 7.854858996194649 -1.2333614804386654
u 561 0.9842208716959984 -0.010419
x 561 -51.3167749742162 39.229721936770986 3.2982326143591743
u 562 0.9865365699095292 -0.000203
x 562 -52.28826944677106 39.05810349306415 3.2980296143591743
u 563 1.0535031940351234 0.010238
x 563 -53.329860207792905 38.90015422261654 3.3082676143591745
u 564 0.9916660076540702 0.001907
x 564 -54.30381068206149 38.71354863217243 3.3101746143591746
u 565 0.9794911288412348 0.008839
x 565 -55.26618433006969 38.53124781821818 3.3190136143591746
u 566 1.096457151383144 1.56904
x 566 -55.09208768172065 37.55932226912112 4.888053614359174
u 567 1.005897053381886 -0.000233
x 567 -54.901206122487565 36.57170234841794 4.887820614359175
u 568 1.0600529982713953 -0.013654
x 568 -54.71932321042156 35.527377922014736 4.874166614359175
u 569 0.9869003883746493 -0.006528
x 569 -54.5626122426237 34.5530008952182 4.8676386143591746
u 570 1.0121633333492936 0.002626
x 570 -54.422938241449124 33.550521370214376 4.870264614359175
u 571 0.978727793087486 0.006481
x 571 -54.273450665549376 32.58327879222703 4.876745614359175
u 572 1.0180833408336945 0.003993
x 572 -54.09068254033421 31.581735920388617 4.880738614359175
u 573 1.009292100840958 -0.009384
x 573 -53.97528625436235 30.57906610099247 4.871354614359175
u 574 0.9919733176951464 -0.021913
x 574 -53.79493519724954 29.60364558414843 4.849441614359176
u 575 1.0042075938612458 -0.011234
x 575 -53.61735709511876 28.615268984024457 4.838207614359176
z 575 79 7.92508039057018 1.2509339433746962
u 576 0.9605039864467848 -0.017965
x 576 -53.483154489255796 27.664199714061123 4.8202426143591754
u 577 0.993173577330905 -0.010333
x 577 -53.38092698183352 26.676305734448825 4.809909614359175
u 578 1.017249979942842 0.011068
x 578 -53.27642429182687 25.66444302345174 4.820977614359175
u 579 0.9909874708313022 0.014348
x 579 -53.16379710001204 24.679885033522805 4.835325614359175
u 580 1.0266373240303175 0.006206
x 580 -53.03451610125451 23.66142186008144 4.841531614359175
z 580 79 3.4927483451288044 0.836989101461008
u 581 1.0883231927008308 1.57994
x 581 -52.05962976692765 23.746687622141796 0.13828630717958834
u 582 0.9824080314888661 -0.001792
x 582 -51.08562475381509 23.874904300045284 0.13649430717958835
u 583 0.9554407731971366 0.011838
x 583 -50.13838136645772 23.999749706900083 0.14833230717958834
u 584 0.9690928235362244 0.003213
x 584 -49.17902137910745 24.13674790899153 0.15154530717958833
u 585 0.9707374381984146 -0.002948
x 585 -48.21904342641943 24.280875705800195 0.14859730717958833
z 585 79 3.403156575078496 -2.387909063250814
u 586 1.0219417414808505 0.000726
x 586 -47.204233770117234 24.40140055213827 0.14932330717958833
u 587 1.0208747730199452 0.011871
x 587 -46.20123265119646 24.59156316388064 0.16119430717958833
u 588 1.0176524762025603 0.001056
x 588 -45.19864350195576 24.76600932723424 0.16225030717958833
u 589 1.0000878207960384 0.015619
x 589 -44.21234025568243 24.93142160869993 0.17786930717958832
u 590 0.9675265610120439 0.006666
x 590 -43.25644331922816 25.080971689857886 0.18453530717958833
z 590 594 8.062720449488497 0.3386501085503089
z 590 79 7.922245902501386 -1.907581172202602
z 590 595 7.785240570727407 1.2426575974190242
u 591 0.9748903031539808 0.004575
x 591 -42.30237932728912 25.2813995939664 0.18911030717958832
u 592 0.9770051991858247 -0.009443
x 592 -41.34430330795264 25.472769412350544 0.17966730717958831
u 593 1.0018599632866096 0.009401
x 593 -40.355855517302146 25.636130848724463 0.1890683071795883
u 594 1.002718743391246 0.007289
x 594 -39.37033424974067 25.821031519283068 0.1963573071795883
u 595 1.0252160060616538 0.012803
x 595 -38.36967141739998 26.044027926939993 0.2091603071795883
z 595 594 7.967582965002624 -0.31514541357559805
z 595 587 7.8203176427048025 0.3064470958250967
z 595 595 3.623621747423426 0.7706803140881098
u 596 1.0756771536998415 1.5686
x 596 -38.588697174176595 26.987683116787657 1.7777603071795882
u 597 0.9505297127502474 0.003055
x 597 -38.7864876033043 27.9174061821477 1.7808153071795882
u 598 0.9892668053074193 0.012284
x 598 -38.97791330914034 28.88796926873928 1.7930993071795882
u 599 0.9980683542800406 0.002829
x 599 -39.17266831028281 29.866851419451507 1.7959283071795882
u 600 1.0086570898133234 -0.01125
x 600 -39.395992001848434 30.850469700791123 1.7846783071795882
z 600 594 3.7579740466373637 0.790064590466797
z 600 587 3.63270669310089 2.35845048695676
z 600 595 3.423876331659775 -2.353156542631386
z 600 588 7.797313910277051 1.2705323656337744
u 601 1.0295643112914306 0.005224
x 601 -39.61700633254171 31.856030701465475 1.789902307179588
u 602 1.0284802929371495 0.00325
x 602 -39.836160114059496 32.860890095583606 1.793152307179588
u 603 1.018058337192002 -0.004526
x 603 -40.07024900432205 33.851669283958415 1.788626307179588
u 604 0.9822394481784124 -0.007269
x 604 -40.284590105022055 34.81023486749285 1.781357307179588
u 605 0.9684883419003509 -0.002073
x 605 -40.4574695505382 35.76316824911931 1.779284307179588
z 605 594 3.4813916949547634 -0.71597005046439
z 605 587 3.5382779387860417 -2.35088058944056
z 605 560 7.961480076719404 2.82352333123374
z 605 595 7.988172756331701 -1.880876369737205
z 605 588 3.351230232496717 0.7685174284790041
z 605 576 7.955076270156058 1.887503164738625
u 606 0.9857689945253341 0.00215
x 606 -40.67806150789816 36.723938421737664 1.7814343071795882
u 607 1.010428284576998 0.005301
x 607 -40.89981810638456 37.70973096507107 1.7867353071795882
u 608 1.0245158503076446 0.002671
x 608 -41.1018648915308 38.714125907370196 1.7894063071795883
u 609 1.004763824704243 -0.012978
x 609 -41.30933029963965 39.69723031596535 1.7764283071795883
u 610 0.9868096935798093 0.003262
x 610 -41.5083405448941 40.663764035058875 1.7796903071795884
z 610 594 8.137598755929172 -1.2422354901458768
z 610 587 8.065301300075529 -1.8862719235780723
z 610 560 8.017879872266732 -2.82447753686903
z 610 588 3.466475538482855 -0.7431873858956123
z 610 576 3.4151934613576436 2.388389704453211
u 611 1.0160705948541326 0.001489
x 611 -41.71806409613983 41.65795480902224 1.7811793071795885
u 612 1.0192880269708733 0.015303
x 612 -41.93831778784917 42.65315133139579 1.7964823071795886
u 613 1.0130185485904653 -0.009074
x 613 -42.16187940130681 43.64118966239526 1.7874083071795885
u 614 0.9476909222045468 -0.004739
x 614 -42.346596016747434 44.57070360805351 1.7826693071795885
u 615 0.9939751632051184 0.00491
x 615 -42.562249586737884 45.541001592152924 1.7875793071795885
z 615 588 7.828810279148422 -1.2595347696779189
z 615 576 3.6290956863659574 -2.3353368979424296
u 616 1.1122454432132738 1.56618
x 616 -43.53852222178933 45.315385398031786 3.3537593071795886
u 617 0.9986221488932777 -0.003747
x 617 -44.509375757719425 45.0815297988813 3.3500123071795884
u 618 1.0109973423030605 0.005921
x 618 -45.50557209203441 44.90917695291296 3.3559333071795883
u 619 1.019862490482795 -0.000333
x 619 -46.50403545396702 44.70135393984839 3.3556003071795883
u 620 1.0280051349300132 0.007067
x 620 -47.51054202402944 44.49222554955864 3.3626673071795885
z 620 588 8.0078611109147 -0.33691161313594387
z 620 576 7.9688528319953305 -1.2504624549824448
u 621 1.0375885431974725 -0.00113
x 621 -48.51948216321901 44.25008991412234 3.3615373071795887
u 622 1.0020701352440562 -0.000409
x 622 -49.49752243703453 44.03195746641257 3.3611283071795888
u 623 0.9897654095948817 -0.021978
x 623 -50.46788413482989 43.837036176826956 3.339150307179589
u 624 1.0305884305631423 9e-05
x 624 -51.48013562472899 43.64349177960231 3.339240307179589
u 625 1.028341584981459 -0.00827
x 625 -52.483671418430866 43.41900057904394 3.330970307179589
u 626 0.9805276334398186 0.016899
x 626 -53.443980676367204 43.220966013763636 3.347869307179589
u 627 1.048166462454685 -0.013515
x 627 -54.471175410189375 43.01238224394202 3.334354307179589
u 628 1.0015307182480684 0.006494
x 628 -55.44874813564739 42.79463968738363 3.340848307179589
u 629 0.9770953288265293 0.003477
x 629 -56.40963453099115 42.617406352425775 3.3443253071795893
u 630 0.9958250290621703 -0.004203
x 630 -57.386195480372116 42.422483955515766 3.3401223071795894
u 631 1.0665484064184036 1.57905
x 631 -57.20273712972391 41.481047042445944 4.91917230717959
u 632 0.9896457615518005 0.0095
x 632 -56.98607736170295 40.51541258137586 4.92867230717959
u 633 0.9861380578959461 -0.001245
x 633 -56.761824011898575 39.555111285573595 4.92742730717959
u 634 0.9773343492971402 0.00885
x 634 -56.54296196994436 38.60260112679962 4.93627730717959
u 635 1.0148261798645504 0.010742
x 635 -56.33532597336326 37.60924843758356 4.947019307179589
u 636 1.0384928061752485 -0.01585
x 636 -56.07127304053597 36.604897513158086 4.931169307179589
u 637 0.9282845250742355 0.004201
x 637 -55.8509472944578 35.70313953133142 4.935370307179589
u 638 0.9899784655141782 0.014225
x 638 -55.58607779934285 34.74926061523014 4.949595307179589
u 639 1.0142262940065179 -0.01168
x 639 -55.35402517149353 33.76194361491199 4.937915307179589
u 640 0.9978289308367058 0.011297
x 640 -55.12793242657833 32.790072194969156 4.949212307179589
u 641 1.0155382729989535 -0.000111
x 641 -54.88375341911317 31.804326489841646 4.949101307179588
u 642 1.0233759380764298 -0.007921
x 642 -54.66922921391664 30.803690591919832 4.941180307179589
u 643 1.0079846927538425 0.013206
x 643 -54.473092057439985 29.814980022265974 4.954386307179589
u 644 0.9934211766725393 0.008069
x 644 -54.241374821383815 28.84896376866954 4.962455307179589
u 645 1.0421810392467419 0.004805
x 645 -54.00652032461526 27.8335906381522 4.967260307179589
z 645 79 7.895107828383346 1.2390666441886407
u 646 1.0144483880422317 0.007355
x 646 -53.775728617939116 26.84574647993213 4.974615307179588
u 647 1.0388379527907945 -0.020363
x 647 -53.50652945729491 25.842412630154573 4.954252307179589
u 648 1.0059612520227998 -0.005853
x 648 -53.26990687744115 24.864678051478258 4.948399307179589
u 649 1.0149160518928577 0.00221
x 649 -53.03964200695819 23.87622862810321 4.9506093071795885
u 650 0.9803252165043277 -0.003761
x 650 -52.810907713971886 22.92296212785574 4.946848307179589
z 650 79 3.6184404433125605 0.7810872388009965
u 651 0.9970213718520023 -0.000631
x 651 -52.592786714418935 21.950092757128086 4.946217307179588
u 652 0.9830325420211721 0.005849
x 652 -52.336992293815676 21.00092499635645 4.952066307179589
u 653 1.0474031842865137 -0.017818
x 653 -52.07239557810246 19.98750850531499 4.934248307179589
u 654 1.002737651516477 0.000723
x 654 -51.86023178451826 19.007473159696804 4.934971307179588
u 655 0.9816972757645464 0.004224
x 655 -51.64002815912803 18.05079219318289 4.939195307179588
z 655 79 3.3845418737696242 -0.7901929520023208
u 656 0.9967571270239747 0.015619
x 656 -51.39707289964198 17.084108524895758 4.954814307179588
u 657 1.0196164670843118 0.006537
x 657 -51.164301654189266 16.091419457194096 4.961351307179588
u 658 0.9874253789895969 -0.008973
x 658 -50.90726828731008 15.138038009126351 4.952378307179588
u 659 0.958598220038421 0.002886
x 659 -50.67389407635418 14.208281918895311 4.955264307179588
u 660 0.9796910768711985 -0.021148
x 660 -50.44094471678615 13.25670773306751 4.934116307179588
z 660 63 7.96019107148189 0.31792293023789225
z 660 79 7.991494126038009 -1.26509192066758
u 661 1.0111196330316807 -0.004093
x 661 -50.24807269545402 12.264154526223535 4.930023307179588
u 662 1.0070278987030963 0.00671
x 662 -50.02723964059667 11.281640330029216 4.936733307179588
u 663 0.9879521303509177 0.005934
x 663 -49.81874231569503 10.31594088750382 4.942667307179588
u 664 1.0280616657277941 -0.021586
x 664 -49.57931950189891 9.316167680236319 4.921081307179588
u 665 1.0090189166806944 -0.010982
x 665 -49.36510278980445 8.330155437890697 4.910099307179587
z 665 63 7.928780820983766 -0.34100272582066626
z 665 85 7.8659895766648456 1.2558930143699345
u 666 0.9682355752513984 -0.005978
x 666 -49.168799208065806 7.382029791613486 4.9041213071795875
u 667 0.999340026105356 0.007636
x 667 -48.96821554343624 6.403029368406339 4.911757307179587
u 668 1.0033842810153828 0.000171
x 668 -48.7776315772534 5.41791122078646 4.911928307179587
u 669 1.0035971662805734 -0.01432
x 669 -48.56493409522294 4.437120803965977 4.8976083071795875
u 670 0.980786190822274 0.027021
x 670 -48.37842193719551 3.4742624345512683 4.924629307179588
z 670 85 3.583165915723133 0.7673878185912191
z 670 51 8.059776631569886 0.338064531686751
u 671 0.9826392586044163 0.014496
x 671 -48.19675618517435 2.508570683121452 4.939125307179588
u 672 1.032445812726328 -0.001199
x 672 -47.9680229334458 1.5017810685198298 4.9379263071795885
u 673 0.9843108590280846 0.002605
x 673 -47.74389745557515 0.5433265367483673 4.940531307179588
u 674 1.0109608894459736 0.000981
x 674 -47.53171967525411 -0.4451179116467038 4.941512307179589
u 675 0.9704922088255258 0.002248
x 675 -47.34856808028859 -1.398171018253878 4.943760307179589
z 675 85 3.63334728316741 -0.8342057736165387
z 675 51 7.909802568964665 -0.30537913058074756
u 676 1.0049332110409004 -0.003426
x 676 -47.127153305963645 -2.378408371432502 4.940334307179588
u 677 0.9748927051395767 0.004151
x 677 -46.88920637808192 -3.323816051401652 4.944485307179589
u 678 0.9959943320448233 -0.019842
x 678 -46.643438773401904 -4.2889950233808625 4.924643307179589
u 679 1.019186180081531 -0.019552
x 679 -46.445275650066 -5.288714361880804 4.905091307179589
u 680 0.9893185754720638 -0.008695
x 680 -46.23266261352467 -6.254913499793209 4.896396307179589
z 680 85 7.783153594475699 -1.2480284026995951
u 681 1.1126345596179201 1.57731
x 681 -45.24871435440523 -6.0718656425213275 0.19052100000000216
u 682 1.000338685573339 0.007958
x 682 -44.2725510821783 -5.853285060663694 0.19847900000000215
u 683 0.9751966409118523 0.003212
x 683 -43.315629902543186 -5.665376767108739 0.20169100000000215
u 684 0.98199782640948 0.021858
x 684 -42.35437290937917 -5.464712044206876 0.22354900000000213
u 685 1.0100262861670584 0.009422
x 685 -41.36746913174865 -5.249848167439273 0.23297100000000215
z 685 85 7.8320448217563206 -0.32157693697850304
z 685 40 7.814628601859464 1.2390868935298962
z 685 51 7.844480633827838 0.31927740236428304
u 686 1.0007412051865352 -0.014151
x 686 -40.39642188416373 -5.007911211779835 0.21882000000000215
u 687 0.9982982910138225 0.001201
x 687 -39.41970317127036 -4.801465301348261 0.22002100000000216
u 688 1.0162659215108647 -0.009856
x 688 -38.42902125322235 -4.574887720917817 0.21016500000000216
u 689 0.9963930302071041 0.009617
x 689 -37.45761749278743 -4.353153300592758 0.21978200000000214
u 690 0.9976624072296673 0.001288
x 690 -36.48442712033317 -4.13353854662037 0.22107000000000215
z 690 40 3.5758758354422766 0.7692160933387755
z 690 51 7.864245390201148 -0.3031596187127665
u 691 1.0096858799178348 0.005389
x 691 -35.49999182620323 -3.9091499092959925 0.22645900000000216
u 692 1.0160500244238162 0.005112
x 692 -34.50729520866581 -3.6925654465897155 0.23157100000000216
u 693 0.9946311303584788 -0.004298
x 693 -33.540767050124174 -3.457804118194025 0.22727300000000217
u 694 0.9988236707918638 -0.000381
x 694 -32.56538996183112 -3.2426570780145862 0.22689200000000218
u 695 1.0091916454133636 0.002648
x 695 -31.587484798123945 -2.9933206128699186 0.2295400000000022
z 695 40 3.3689375051045394 -0.7630744923778757
z 695 28 7.662114716610552 1.9024336550491405
u 696 1.0145390702139676 0.002377
x 696 -30.607916320773995 -2.7292474439596717 0.23191700000000218
u 697 1.0141198949137553 0.003374
x 697 -29.6224085074153 -2.490056023892054 0.23529100000000217
u 698 1.0146873054641405 0.000618
x 698 -28.633687659837772 -2.2619740634774423 0.23590900000000217
u 699 0.9774053631492848 -0.005095
x 699 -27.680896345225154 -2.0440110204798705 0.23081400000000218
u 700 0.9959504528086849 0.006755
x 700 -26.715324456574795 -1.7999117363019455 0.2375690000000022
z 700 40 7.926557298600699 -1.2225845076831703
z 700 28 3.480600228380157 2.3223909268814498
z 700 34 8.028531061420887 0.30899795048469736
u 701 0.9957495241386624 -0.009158
x 701 -25.751396977339795 -1.550203907380504 0.2284110000000022
u 702 0.9906361567802829 -0.0111
x 702 -24.783913647143816 -1.3373050467896077 0.2173110000000022
u 703 1.0340551913150526 -0.003123
x 703 -23.771571047931815 -1.1265166897921508 0.2141880000000022
u 704 1.012623315950488 0.011257
x 704 -22.780265312898717 -0.9198573288827329 0.2254450000000022
u 705 0.9907532768792778 0.009079
x 705 -21.81854316200073 -0.6817904946488312 0.2345240000000022
z 705 16 7.8012149310219625 1.2373485219176728
z 705 28 3.582085205016765 -2.318948176393825
z 705 34 7.901121767496056 -0.35282312269097543
u 706 0.9867092516047402 -0.012349
x 706 -20.85360052097322 -0.4757116888514935 0.2221750000000022
u 707 0.9860807457091011 0.002733
x 707 -19.893435407769985 -0.25112854787153915 0.22490800000000222
u 708 1.0127348689059024 0.000728
x 708 -18.91214497554223 -0.0007269563844554128 0.22563600000000222
u 709 1.0163034364521026 -0.003037
x 709 -17.91832210210548 0.2118476829729424 0.2225990000000022
u 710 0.983305007016177 0.008361
x 710 -16.962130649742143 0.44115317925964176 0.23096000000000222
z 710 22 7.936847239760886 0.3277035314609541
z 710 16 3.48201362826167 0.7914741778330459
z 710 28 7.982908664797562 -1.8723202411417057
u 711 1.005643343845365 0.006655
x 711 -15.982797302216266 0.669672318335039 0.2376150000000022
u 712 0.9937228397642336 0.008901
x 712 -15.010858639308957 0.8765872722241972 0.2465160000000022
u 713 1.002209910249673 0.004456
x 713 -14.0508342383445 1.1642957909959506 0.2509720000000022
u 714 0.9617706137892686 -0.004104
x 714 -13.13107817643512 1.4454544683045993 0.2468680000000022
u 715 0.9846423966375475 0.001261
x 715 -12.181812554396917 1.7070176530256576 0.2481290000000022
z 715 22 7.812999979380519 -0.33116669605997445
z 715 15 7.820248143543784 2.82402168486085
z 715 16 3.5619203080641766 -0.7447740928080474
u 716 1.0859774273837228 -1.56975
x 716 -11.979406467281443 0.7503318804547452 4.9615643071795885
u 717 0.985269795438709 0.002464
x 717 -11.745726932961759 -0.20682534482129844 4.964028307179588
u 718 0.9956296928845325 -0.017085
x 718 -11.489237593120304 -1.1688376064456993 4.9469433071795885
u 719 0.9618368167814237 0.006844
x 719 -11.255181606066108 -2.1017600286915608 4.953787307179589
u 720 1.0164062036920225 -0.000172
x 720 -10.99864335661653 -3.0852587297203655 4.9536153071795885
z 720 442 8.012025897536777 1.2335787788003418
z 720 15 3.731259643659229 0.7880095985293507
z 720 16 7.903637576964167 -1.8967095760864572
u 721 1.0011240827652406 0.004002
x 721 -10.748554760760525 -4.054641928278486 4.957617307179588
u 722 0.9722746627835922 0.004832
x 722 -10.551879910077373 -5.006815853414939 4.962449307179589
u 723 1.0064727227420398 -0.004269
x 723 -10.271842952137428 -5.973544928901831 4.958180307179589
u 724 1.0044934753528885 0.001534
x 724 -9.982865184330617 -6.935573407626548 4.959714307179589
u 725 1.0072052475096733 -0.001038
x 725 -9.72607910560089 -7.909494980082776 4.958676307179589
z 725 442 3.4838302413435707 0.7643630167702055
z 725 15 3.4706990549167465 -0.7696364840571288
z 725 436 7.864426496191569 1.2491784650531381
z 725 429 7.937602979646941 1.9021383160586587
u 726 0.9947338161625179 -0.009037
x 726 -9.494724141716326 -8.876947052072893 4.949639307179589
u 727 1.0032927761402959 0.011551
x 727 -9.294094487292146 -9.859969403968634 4.961190307179589
u 728 1.00623332939618 0.005631
x 728 -9.057158855927323 -10.837908228430447 4.966821307179589
u 729 1.0055969591406348 -0.0127
x 729 -8.804671348331116 -11.81128467724347 4.954121307179589
u 730 0.9885054414335689 -0.010991
x 730 -8.53529198289921 -12.762372437926208 4.943130307179589
z 730 419 8.143546996518163 2.8221188036742
z 730 442 3.541959998785983 -0.8040134058756493
z 730 15 7.81815923944377 -1.2434991296938955
z 730 436 3.5007712385987175 0.779778883290607
z 730 429 3.5616292350832928 2.3057611972385765
z 730 422 7.928695078636837 2.839723968258983
u 731 0.9913318225820403 0.003681
x 731 -8.322928169877917 -13.730690197614141 4.94681130717959
u 732 1.0098024164880939 0.011729
x 732 -8.094011808139106 -14.714197457248387 4.9585403071795895
u 733 1.0161608596353358 -0.001613
x 733 -7.8418702649694 -15.698579146931815 4.95692730717959
u 734 1.034873487070951 0.00572
x 734 -7.5893082054785905 -16.702159049248895 4.96264730717959
u 735 1.0001277138366245 0.010956
x 735 -7.339367791825754 -17.67054700263537 4.97360330717959
z 735 419 7.947675603149641 -2.838654117543708
z 735 442 8.018767714212702 -1.2490650960164063
z 735 428 8.01498252227664 1.239899284223191
z 735 436 3.5670854114388684 -0.7690929441008708
z 735 429 3.44694863833217 -2.372793123615043
z 735 430 8.129792294031871 1.2513885648192171
z 735 422 7.822526916316748 -2.8047099387266896
u 736 1.0274711327310564 -0.005001
x 736 -7.074364572086414 -18.6632544227128 4.96860230717959
u 737 0.9874029993160652 0.010195
x 737 -6.822982856758877 -19.618117487046103 4.97879730717959
u 738 1.0207073551182606 -0.000677
x 738 -6.534953068532905 -20.597342847264322 4.978120307179591
u 739 1.010959399366567 -0.012668
x 739 -6.260513839859662 -21.570332235228154 4.965452307179591
u 740 1.0015459528161204 -9.7e-05
x 740 -6.013100401451144 -22.54083771450371 4.965355307179591
z 740 428 3.5292845808747133 0.784476534217541
z 740 436 7.848227169762608 -1.2694249099363244
z 740 429 7.740686097601426 -1.8979607046865787
z 740 430 3.508561768987401 0.7347785429419438
u 741 1.0290051402088898 0.006166
x 741 -5.738962355443474 -23.532652493359166 4.971521307179591
u 742 1.0477781524610936 -0.004161
x 742 -5.499169462476694 -24.552621532725862 4.967360307179591
u 743 1.016491636536988 0.019702
x 743 -5.269970006807432 -25.542919181911152 4.987062307179591
u 744 0.9953109479534386 -0.000338
x 744 -5.01472610022997 -26.504945388331787 4.986724307179591
u 745 1.007730448798333 -0.00294
x 745 -4.741324365081394 -27.474879106259845 4.983784307179591
z 745 428 3.5358583613742223 -0.7697929620650246
z 745 430 3.547003550858104 -0.7415543065566312
z 745 402 7.973809399201865 2.8303017713039216
z 745 403 8.095374521052129 2.841694380865681
u 746 0.9754117239175191 -0.002678
x 746 -4.495301175925589 -28.418754126027615 4.981106307179591
u 747 1.0084859145636942 0.000861
x 747 -4.208935411752158 -29.385727975805036 4.98196730717959
u 748 1.032528295730152 -0.004182
x 748 -3.9225820235018793 -30.377753612942296 4.97778530717959
u 749 0.9976225709486694 0.010879
x 749 -3.7062044325681454 -31.351623068447864 4.98866430717959
u 750 1.027562549527875 0.011942
x 750 -3.429416385279217 -32.341199049208804 5.0006063071795905
z 750 194 7.940350256311116 1.9072178966164508
z 750 428 7.76025175228871 -1.2306751914480678
z 750 430 7.949870832284006 -1.2358192936068386
z 750 402 7.7113217090781525 -2.818919823643737
z 750 403 7.749270598998335 -2.823624548283013
u 751 1.0024496409602655 0.002193
x 751 -3.1203061883917473 -33.2948005205296 5.002799307179591
u 752 0.9974385744157195 -0.010132
x 752 -2.8692782337143248 -34.26012956531975 4.992667307179591
u 753 1.0120874510847033 -0.016577
x 753 -2.552436925378081 -35.22133148869526 4.976090307179591
u 754 0.9898496382893129 -0.005214
x 754 -2.2961007482580125 -36.17741299724852 4.970876307179592
u 755 0.9982074252246489 0.001254
x 755 -2.023737841354368 -37.13774438804182 4.972130307179592
z 755 194 3.5219869576703435 2.3459430312629337
z 755 188 7.681961661144893 1.8836300176160616
u 756 0.9789435740600154 0.004781
x 756 -1.758842544321564 -38.08016636218498 4.976911307179592
u 757 1.005733878017778 -0.012704
x 757 -1.4922474031388298 -39.04991584539534 4.964207307179592
u 758 1.0320092581126779 0.010129
x 758 -1.2569385968554192 -40.054736112272195 4.974336307179592
u 759 1.014540988131308 -0.015054
x 759 -1.001932388476012 -41.03669630086283 4.959282307179592
u 760 0.9727294691635738 0.010781
x 760 -0.7615844954986103 -41.97926001000844 4.970063307179592
z 760 194 3.651077615170623 -2.3709682291053285
z 760 188 3.6156868769986152 2.3421621421703818
u 761 0.9964167833952727 -0.018197
x 761 -0.5074105910072699 -42.94269897329237 4.951866307179592
u 762 1.0087287336175512 0.004921
x 762 -0.30604668964863274 -43.931124076096644 4.956787307179592
u 763 0.9765903598104363 -0.003639
x 763 -0.05601373387093833 -44.875163905465655 4.9531483071795925
u 764 1.0078194926857582 -0.013501
x 764 0.16617483392414653 -45.8581781179983 4.939647307179593
u 765 1.0076248182024927 -0.006553
x 765 0.36115204654701066 -46.84675690977861 4.9330943071795925
z 765 194 7.972665001177461 -1.8870533898836819
z 765 188 3.468788215212915 -2.379977681670035
u 766 1.1001108231092604 1.56564
x 766 1.3309727828494904 -46.64226960470146 0.21554900000000643
u 767 0.9777692791738609 -0.010542
x 767 2.2887042711943053 -46.44535768123865 0.20500700000000643
u 768 0.9765001703102448 0.000386
x 768 3.2473267830410504 -46.25935915823742 0.20539300000000643
u 769 1.011932504322919 0.00555
x 769 4.236336756985189 -46.045200254037724 0.21094300000000643
u 770 0.9535277867709735 -0.010159
x 770 5.162636158521401 -45.818977268393795 0.20078400000000643
z 770 188 7.975895720061791 -1.223910698668507
u 771 0.9628153838895062 -0.001624
x 771 6.103550704696092 -45.61478844276694 0.19916000000000644
u 772 1.016975306550733 0.009819
x 772 7.1043130822807 -45.43394285037607 0.20897900000000644
u 773 0.9879271513248787 -0.001856
x 773 8.072437210557732 -45.23712961809522 0.20712300000000644
u 774 0.9977324883202584 0.003717
x 774 9.04629235810394 -45.02016159344008 0.21084000000000644
u 775 0.9940111110503714 0.018644
x 775 10.0238110149592 -44.83992079872954 0.22948400000000643
u 776 0.9989994531840851 0.017662
x 776 10.988766653186023 -44.581396949811754 0.24714600000000644
u 777 1.023996057539236 -0.004402
x 777 11.980841573095889 -44.327716864044596 0.24274400000000645
u 778 1.0177881208752917 0.003134
x 778 12.973530414087255 -44.10308232508805 0.24587800000000645
u 779 1.0386461379195138 -0.016263
x 779 13.982959757197609 -43.85851244879745 0.22961500000000645
u 780 0.9925985120653091 -0.001239
x 780 14.950669487645277 -43.637628864729045 0.22837600000000646
u 781 1.0038887844748685 0.005083
x 781 15.924742154344756 -43.39478537246918 0.23345900000000647
u 782 1.0139466811119349 -0.008756
x 782 16.912374106159746 -43.16529804930052 0.22470300000000648
u 783 0.9975510910402446 -0.004992
x 783 17.884772049833767 -42.94270345848005 0.21971100000000648
u 784 1.0173652268788853 -0.000115
x 784 18.878385927707324 -42.724154916004764 0.21959600000000648
u 785 1.0289695027994215 0.008726
x 785 19.88341650727297 -42.503508017936966 0.2283220000000065
u 786 1.0802702755053741 1.55862
x 786 19.695192316864656 -41.54766692064614 1.7869420000000065
u 787 1.0110351835517697 -0.002618
x 787 19.47300200987502 -40.56134900738295 1.7843240000000065
u 788 1.0080765943134449 0.005868
x 788 19.300609745521236 -39.5681237503506 1.7901920000000064
u 789 0.9989935550894283 -0.027763
x 789 19.08027957042803 -38.59376312105906 1.7624290000000065
u 790 1.0362549635514247 -0.002825
x 790 18.87987602771205 -37.57707140013138 1.7596040000000064
u 791 1.1128648844186084 1.56958
x 791 17.894010928261054 -37.75670465462641 3.3291840000000064
u 792 1.0018754518698048 -0.00276
x 792 16.90764590415592 -37.93231166786359 3.3264240000000065
u 793 1.003760323412548 0.005337
x 793 15.918048958800487 -38.100330360535544 3.3317610000000064
u 794 0.9413667831235312 -0.007778
x 794 14.997074877285343 -38.29519876221816 3.3239830000000063
u 795 1.004783496468551 -0.001568
x 795 14.011807342058301 -38.49227121577936 3.3224150000000066
u 796 1.0090129222085193 -0.005768
x 796 13.021780642921888 -38.6870823794663 3.3166470000000063
u 797 1.0164128383246338 -0.009872
x 797 12.029078291991373 -38.90532240845509 3.3067750000000062
u 798 1.0272367586342646 -0.004417
x 798 11.018815621510797 -39.09128740335857 3.302358000000006
u 799 0.9800214537778584 0.013193
x 799 10.059873296647027 -39.293420371225935 3.315551000000006
u 800 1.0157832998555971 -0.005127
x 800 9.059059235936363 -39.467157724572395 3.310424000000006
u 801 1.1152046353208895 1.56394
x 801 9.244178187497088 -40.45493653557872 4.874364000000006
u 802 1.017752594251465 -0.000144
x 802 9.431510529215275 -41.45529993707958 4.874220000000006
u 803 0.994150492564585 -0.0059
x 803 9.621270659121405 -42.43117053709375 4.868320000000007
u 804 1.0061729381954065 -0.012048
x 804 9.727468913363499 -43.431717220872635 4.856272000000007
u 805 0.9766114116001994 0.012372
x 805 9.882199615230304 -44.395986941120974 4.868644000000007
u 806 1.0872189603083873 -1.57986
x 806 8.914458795910827 -44.534659163548056 3.288784000000007
u 807 1.0236567100502223 0.008068
x 807 7.896173364486607 -44.63935947933169 3.296852000000007
u 808 0.9947118651385877 0.00879
x 808 6.91712232536527 -44.81515591473761 3.305642000000007
u 809 0.9972087190490321 0.000491
x 809 5.934398111036791 -44.9845026830607 3.3061330000000066
u 810 1.0179667110771276 -0.01741
x 810 4.931076598818271 -45.15647940660357 3.2887230000000067
z 810 188 7.919732254691443 1.905349298340568
u 811 0.9708171996591047 0.002919
x 811 3.978511285332315 -45.3438418614562 3.2916420000000066
u 812 0.9803740121228688 -0.024731
x 812 3.0131138503276036 -45.51440566061746 3.2669110000000066
u 813 1.0088452786880533 -0.02143
x 813 2.014804746358369 -45.65969426798963 3.2454810000000065
u 814 0.9900752103017944 -0.005107
x 814 1.0287017468951172 -45.74828132110451 3.2403740000000063
u 815 1.0122516637974694 0.006962
x 815 0.020961113567070644 -45.843717729820405 3.2473360000000064
z 815 194 7.941884664391695 2.832633095232974
z 815 188 3.436779343586085 2.3449008014110455
u 816 1.0152983242273013 0.00281
x 816 -0.9890830031332998 -45.94687242531687 3.2501460000000066
u 817 0.9999888043346382 0.010873
x 817 -1.9835758415946696 -46.051523041459575 3.2610190000000068
u 818 1.0047016393195003 -0.009532
x 818 -2.9815823393126566 -46.167284743402305 3.2514870000000067
u 819 1.0028550652769679 -0.002416
x 819 -3.979733789355824 -46.26429750300496 3.2490710000000065
u 820 0.9693109748908413 -0.017004
x 820 -4.945508555128882 -46.34688218427816 3.2320670000000065
z 820 194 7.920615068604206 -2.8175799667263326
z 820 188 3.487800115502607 -2.3480342278859303
u 821 1.129051710055708 1.56294
x 821 -4.8893465365067215 -47.36292351350069 4.795007000000006
u 822 0.9969583232598421 0.011856
x 822 -4.8032247603955245 -48.356149215681945 4.806863000000006
u 823 1.0057279905714174 0.015341
x 823 -4.677527181340383 -49.353981402115956 4.822204000000006
u 824 0.9944205615899604 0.011052
x 824 -4.549017557392153 -50.3400582065702 4.833256000000007
u 825 1.016168670689154 -0.007316
x 825 -4.4207654819457085 -51.34809866544062 4.825940000000006
z 825 188 7.769441815169221 -1.2698998722007684
u 826 1.086460359460599 1.59425
x 826 -3.4513998436375504 -51.24340034259151 0.13700469282041983
u 827 1.0271655851171968 -0.009979
x 827 -2.4325119816703706 -51.11329304587088 0.12702569282041984
u 828 1.012709107247774 -0.006347
x 828 -1.4262019522090492 -50.99964262745303 0.12067869282041983
u 829 0.9928909615333184 0.006929
x 829 -0.43902225776539083 -50.89331874423705 0.12760769282041984
u 830 0.9882794226175771 0.007547
x 830 0.5445810547354236 -50.797318197408266 0.13515469282041984
z 830 188 7.873824635499574 -0.3120159590716362
u 831 1.0249071681413564 0.018854
x 831 1.5615839465238173 -50.67039812422028 0.15400869282041985
u 832 1.004336584595208 0.010696
x 832 2.55621679035238 -50.53115781180141 0.16470469282041986
u 833 1.0108881136916417 0.002234
x 833 3.549857708164712 -50.3452221243983 0.16693869282041984
u 834 1.0129954203439684 0.000627
x 834 4.546793304944857 -50.165558260770645 0.16756569282041983
u 835 0.9872721517398398 0.002735
x 835 5.52526110355397 -50.034004237263055 0.17030069282041982
u 836 0.993587268292338 -0.000179
x 836 6.5098052159966695 -49.90025616164543 0.1701216928204198
u 837 0.9919430356494301 0.003177
x 837 7.488229690309752 -49.737051668976974 0.17329869282041982
u 838 1.0071783605387605 0.019336
x 838 8.475288997910841 -49.53682537711185 0.1926346928204198
u 839 1.013329615844784 0.005314
x 839 9.464201389290368 -49.31572183540113 0.19794869282041982
u 840 1.006022104734148 0.010002
x 840 10.447293621435598 -49.10217628766082 0.20795069282041984
u 841 1.027912298162875 0.001164
x 841 11.45350144195307 -48.89205871260942 0.20911469282041983
u 842 1.0174606498347414 -0.018577
x 842 12.445951870158659 -48.66791913543809 0.19053769282041982
u 843 1.032049936504413 0.000127
x 843 13.463529376766257 -48.49568938175057 0.1906646928204198
u 844 0.99351204124764 -0.011317
x 844 14.435029705974156 -48.28774046575209 0.17934769282041982
u 845 1.0146740255733147 -0.015751
x 845 15.433892730038833 -48.10937356356065 0.16359669282041983
u 846 1.0705897238924018 1.58595
x 846 15.29215140459328 -47.158008944566475 1.7495466928204197
u 847 1.0058343999653898 0.027152
x 847 15.083036428564098 -46.17418395322842 1.7766986928204198
u 848 1.0171073970867803 -0.011393
x 848 14.877012290132622 -45.17816672361863 1.7653056928204198
u 849 1.0075591957704326 0.005603
x 849 14.695339338365935 -44.1871229224951 1.7709086928204198
u 850 1.0287698971983632 0.011446
x 850 14.48793421416454 -43.17948257937708 1.78235469282042
u 851 1.020247947994461 0.006109
x 851 14.279351644856613 -42.18078545313464 1.7884636928204198
u 852 1.015477402490388 0.01691
x 852 14.06943470124045 -41.18725404464931 1.8053736928204198
u 853 0.9797155284480958 0.001091
x 853 13.827759761887716 -40.23781439666485 1.8064646928204198
u 854 0.9729206213403813 -0.009165
x 854 13.585747290137538 -39.295478006004714 1.7972996928204197
u 855 1.0367046327481066 -0.007108
x 855 13.350737503866304 -38.28576400151 1.7901916928204198
u 856 0.989199880399226 0.000843
x 856 13.13776721055212 -37.319761931326056 1.7910346928204197
u 857 0.9871613309139328 0.012265
x 857 12.938604114986562 -36.35290654470056 1.8032996928204197
u 858 0.9507777925019587 -0.014664
x 858 12.713205571169937 -35.4292411786083 1.7886356928204197
u 859 0.9807327678798107 -0.005602
x 859 12.51558067460148 -34.46862749618633 1.7830336928204196
u 860 0.9891259786649921 -0.002673
x 860 12.323444307598203 -33.49834236509713 1.7803606928204196
u 861 1.0018627913904379 -0.009805
x 861 12.13304559259364 -32.514742171550175 1.7705556928204196
u 862 0.9979021731463216 0.003029
x 862 11.958614390830821 -31.532203754155425 1.7735846928204195
u 863 0.994685919324313 0.004809
x 863 11.770575594240121 -30.555454255920733 1.7783936928204196
u 864 0.9937027958065702 -0.013749
x 864 11.541544426795978 -29.58851350505325 1.7646446928204196
u 865 0.9669069655531741 0.011049
x 865 11.342569474289911 -28.64230605571869 1.7756936928204197
u 866 1.111781769919307 -1.56535
x 866 12.326338804029518 -28.453630033159694 0.21034369282041965
u 867 1.0134079312734858 0.005127
x 867 13.32518813862312 -28.282476907839364 0.21547069282041964
u 868 1.0013660385332752 0.002098
x 868 14.30798786305526 -28.090543906557375 0.21756869282041963
u 869 1.0114341114274914 -0.004024
x 869 15.29443874301142 -27.86713342610107 0.21354469282041963
u 870 0.9982629148255138 0.006991
x 870 16.269358570954523 -27.652526535476866 0.22053569282041963
z 870 926 7.905382733226772 0.30745270405888725
u 871 1.1010691355578008 -1.57572
x 871 16.48010961279455 -28.620491975636455 4.928001000000005
u 872 1.015774007905402 0.00375
x 872 16.69232757378208 -29.613849495884978 4.9317510000000055
u 873 1.030904453191754 -0.002671
x 873 16.91380467394088 -30.620681782753675 4.929080000000005
u 874 0.987092035116458 0.008519
x 874 17.12572039439814 -31.58475466411124 4.937599000000005
u 875 0.9904118348175917 -0.016598
x 875 17.353089440478133 -32.54870300296228 4.921001000000005
u 876 0.9673964701255148 -0.007254
x 876 17.53746292143199 -33.49836517772284 4.913747000000005
u 877 0.9891345036840639 -0.004461
x 877 17.717146629786267 -34.47104149017064 4.909286000000005
u 878 1.0082316809405776 -0.007232
x 878 17.920526873135817 -35.45854499322219 4.902054000000005
u 879 0.9823947551549936 0.003777
x 879 18.105167948261535 -36.42343150520814 4.905831000000005
u 880 0.9868678304048353 -0.00976
x 880 18.26772506604737 -37.39681507151546 4.896071000000005
u 881 1.011473052902801 -0.009175
x 881 18.448157893807334 -38.39206104839331 4.8868960000000055
u 882 0.9850011567044403 0.02176
x 882 18.62809410992098 -39.36046796394415 4.908656000000006
u 883 1.0034885415068233 0.002809
x 883 18.79563358918371 -40.349871376960486 4.911465000000006
u 884 1.000623258641666 0.004715
x 884 19.01271285051715 -41.32666288241236 4.916180000000006
u 885 0.9956745065414558 0.014588
x 885 19.204768062189018 -42.3036300966584 4.930768000000006
u 886 1.1575321716844225 1.57383
x 886 20.2173337595398 -42.05893378554293 0.22141269282041964
u 887 0.9922761613665412 -0.007166
x 887 21.181184719212034 -41.82313918315365 0.21424669282041964
u 888 0.9918583431592147 0.000852
x 888 22.154738136869444 -41.63346404943398 0.21509869282041963
u 889 1.0274048921518766 -0.003249
x 889 23.16686384991715 -41.45693806023218 0.21184969282041963
u 890 0.9943934007266064 -0.01226
x 890 24.143523750823718 -41.270012171556566 0.19958969282041963
z 890 225 7.959326206671014 1.2629685732780915
u 891 1.020418106420798 0.000346
x 891 25.145395498121125 -41.07634724574077 0.19993569282041965
u 892 1.0079499562678025 -0.005125
x 892 26.13146961167214 -40.86749626253844 0.19481069282041966
u 893 0.9952436805223233 0.008084
x 893 27.114239500132374 -40.71043596924996 0.20289469282041966
u 894 1.0081835396660161 0.022404
x 894 28.106942500680816 -40.53456019664007 0.22529869282041967
u 895 0.9984001135557917 -0.007581
x 895 29.078882528421683 -40.3062389421584 0.21771769282041967
z 895 225 3.5339124251316703 0.8138090134834957
u 896 0.9379661423903933 0.002926
x 896 29.994439066345173 -40.10243491263113 0.22064369282041968
u 897 1.0141071006342495 -0.001777
x 897 30.98115129940718 -39.86831547716755 0.21886669282041968
u 898 1.0037846247098534 -0.008877
x 898 31.9620109685228 -39.65502866143954 0.20998969282041968
u 899 0.9884274392509402 -0.016112
x 899 32.92317139184988 -39.42451118220267 0.19387769282041967
u 900 0.9806453401069782 -0.006882
x 900 33.8778923678128 -39.200526036245606 0.18699569282041967
z 900 236 8.048257213745098 1.2114923859096909
z 900 225 3.5213470528194177 -0.7828037500309892
u 901 1.0077360995977933 0.000414
x 901 34.87231103035661 -39.03723624625992 0.18740969282041967
u 902 1.0310340672487706 -0.005961
x 902 35.87636766721765 -38.80293223426631 0.18144869282041967
u 903 0.9802990225261672 0.006767
x 903 36.843191138358726 -38.64096037845263 0.18821569282041967
u 904 0.989281618107669 -0.00376
x 904 37.81274659968942 -38.444391880679404 0.18445569282041965
u 905 1.0041614710069906 -0.017921
x 905 38.80512207050128 -38.29108109064834 0.16653469282041966
z 905 236 3.3650488831516254 0.6962975264923051
z 905 225 7.968080417126824 -1.270021000561869
u 906 1.0090795495964484 0.003405
x 906 39.804400273591 -38.15078274265104 0.16993969282041965
u 907 0.9725292705430235 -0.029979
x 907 40.76614371482369 -38.006588773575004 0.13996069282041965
u 908 0.9864827817095173 -0.012813
x 908 41.7452733885253 -37.88642202676463 0.12714769282041966
u 909 0.9738140832927162 0.0133
x 909 42.713871892771415 -37.78583958526918 0.14044769282041966
u 910 0.9671519111252815 0.000599
x 910 43.66362009630369 -37.603189260571355 0.14104669282041965
z 910 236 3.502055538822878 -0.8236051566064391
u 911 1.0026526971146739 0.003482
x 911 44.657566622613366 -37.4713495164085 0.14452869282041966
u 912 1.017117898026668 0.010296
x 912 45.664451204838606 -37.32746373670422 0.15482469282041966
u 913 0.992496718231734 -0.013872
x 913 46.646714746909254 -37.185364217240476 0.14095269282041967
u 914 0.9636113453377974 -0.001719
x 914 47.604101578428256 -37.076015915717264 0.13923369282041967
u 915 1.011396397914249 -0.006572
x 915 48.605281671115534 -36.93263734704089 0.13266169282041967
z 915 972 7.879161085965943 0.3165643252205851
z 915 236 8.020314135805405 -1.2628035468522558
z 915 973 7.84439845778502 0.337396093227961
u 916 0.9604166540138516 -0.008308
x 916 49.555804527216225 -36.79515591632682 0.12435369282041968
u 917 1.0054848342304397 -0.007613
x 917 50.55554273678346 -36.687832194497474 0.11674069282041968
u 918 1.010614571160399 0.001598
x 918 51.56093640517217 -36.585239964460854 0.11833869282041969
u 919 1.0215676723463698 0.020203
x 919 52.573371802636096 -36.44907984110949 0.13854169282041967
u 920 1.0001618813431339 -0.015004
x 920 53.5671992207459 -36.33677629721973 0.12353769282041967
z 920 972 7.99543830343903 -0.30733805808887826
z 920 979 8.147597087098747 1.2718418788766008
z 920 973 8.018132103638601 -0.30537392694127485
u 921 1.1135287171321608 1.57525
x 921 53.431396645895376 -35.34410516634457 1.6987876928204197
u 922 1.0098128520856267 -0.033732
x 922 53.28808052143877 -34.34456237202772 1.6650556928204197
u 923 1.0068348439852144 -0.02248
x 923 53.20966313312266 -33.34080720923866 1.6425756928204196
u 924 1.0153344259619077 -0.00258
x 924 53.13395242624182 -32.328299770468654 1.6399956928204196
u 925 0.9938305095612232 -0.014044
x 925 53.07126024075136 -31.336456769919458 1.6259516928204196
z 925 972 3.505980934417642 0.8134866127562428
z 925 985 7.969468351910308 2.8079509411183827
z 925 979 7.983791657783914 -2.789532431073001
z 925 973 3.5967011844327574 0.7202405447476672
u 926 1.0219779884614284 0.012672
x 926 53.01015549715732 -30.316314013739564 1.6386236928204196
u 927 0.9855433157440673 -0.011861
x 927 52.94037651016257 -29.333249858587934 1.6267626928204197
u 928 0.9641209433468663 0.011698
x 928 52.87879833553077 -28.37110292496604 1.6384606928204197
u 929 0.9736045431888974 0.015031
x 929 52.81460522466017 -27.39962610877496 1.6534916928204197
u 930 1.0092660077605513 -0.009174
x 930 52.70468824574373 -26.39636692586813 1.6443176928204197
z 930 972 3.6332904723129413 -0.8122237493011788
z 930 985 8.081548938761678 -2.8303900693838626
z 930 973 3.5188900207309692 -0.7670025314807806
u 931 1.0091144046135736 0.009042
x 931 52.62917069467203 -25.39008563160239 1.6533596928204197
u 932 0.997259293228701 0.00644
x 932 52.54918376533549 -24.396040988813994 1.6597996928204197
u 933 0.9724414855113159 0.0044
x 933 52.46046480639945 -23.42765580541159 1.6641996928204197
u 934 1.0035763229586938 -0.017356
x 934 52.364142081529 -22.42872533410814 1.6468436928204198
u 935 0.9859514312912823 0.001406
x 935 52.26644859466662 -21.447625926632185 1.6482496928204198
z 935 972 7.781654540841556 -1.2429826053015411
z 935 973 7.943600500761604 -1.2296180965834376
u 936 1.004704648689412 0.005274
x 936 52.186070911965565 -20.446142766793933 1.6535236928204198
u 937 0.9877180668369948 0.011321
x 937 52.0861093995195 -19.463501298123138 1.6648446928204197
u 938 1.0066399460337359 0.004074
x 938 52.0156266520905 -18.459332606261626 1.6689186928204196
u 939 1.0019521626270385 0.004325
x 939 51.90958171557158 -17.46300884224779 1.6732436928204195
u 940 0.9768401572926901 -0.004248
x 940 51.79541707850785 -16.492863650226973 1.6689956928204195
u 941 1.0197494307131074 0.015777
x 941 51.707239892865715 -15.476944305331802 1.6847726928204194
u 942 0.9878749125551731 -0.003038
x 942 51.62284532707327 -14.492681307175971 1.6817346928204193
u 943 1.0294299813666534 -0.020012
x 943 51.523348010539884 -13.468088215062494 1.6617226928204194
u 944 1.0230565328868377 0.002252
x 944 51.42314804624855 -12.449950604373242 1.6639746928204193
u 945 0.980938657412654 -0.025608
x 945 51.33854956311126 -11.472693645642392 1.6383666928204192
u 946 1.017157949355862 -0.003146
x 946 51.290385271116634 -10.456677089875383 1.6352206928204192
u 947 1.0199780525678477 -0.005664
x 947 51.24801115103262 -9.437580980386143 1.6295566928204193
u 948 0.9954574688093372 0.008884
x 948 51.15354135418195 -8.446619572356045 1.6384406928204192
u 949 1.0079277279655077 -0.004667
x 949 51.081715704506344 -7.441255192200931 1.6337736928204192
u 950 0.9984649091320099 0.014079
x 950 51.01201820728508 -6.445234125031118 1.6478526928204191
z 950 1011 7.862545288448264 0.31919299258608447
z 950 1012 7.737241747922835 2.81535119340783
u 951 0.99721870789044 -0.011491
x 951 50.952231281670386 -5.449814749856241 1.6363616928204192
u 952 1.014825635458392 -0.013773
x 952 50.86083089288324 -4.439121542569994 1.6225886928204192
u 953 0.9622858097357379 -0.005774
x 953 50.7969953175618 -3.4789567513511224 1.6168146928204192
u 954 1.016716297186644 0.012168
x 954 50.749999734600905 -2.463333450167477 1.6289826928204192
u 955 0.9799885633983543 0.005421
x 955 50.70872771777421 -1.4842155547549498 1.634403692820419
z 955 1011 7.976036131939223 -0.31840828639961016
z 955 1018 7.972249781567309 1.901791982308649
z 955 1012 7.868172146083231 -2.820476309323486
u 956 0.9841637737382696 0.01723
x 956 50.641201501704 -0.5023832972566336 1.6516336928204192
u 957 0.9958703304214523 0.005717
x 957 50.54126132623028 0.4884582516896553 1.6573506928204191
u 958 1.0112396789401668 0.000382
x 958 50.44943775748399 1.495520368965296 1.6577326928204192
u 959 1.0286446890174157 0.009914
x 959 50.361110398769554 2.5203615797889682 1.6676466928204192
u 960 1.0005036613708516 -0.00391
x 960 50.26944506480039 3.5166566001887096 1.6637366928204191
z 960 1024 7.813329865895846 0.3178445092368587
z 960 1018 3.5113997973030644 2.372734141384101
z 960 1025 7.774915018236534 2.8199185641061817
u 961 1.023290303706976 0.01099
x 961 50.16134130265264 4.5342154844850935 1.6747266928204192
u 962 1.0114303794714559 0.002967
x 962 50.056542443072324 5.540201498846956 1.6776936928204191
u 963 0.987447077909949 0.016394
x 963 49.95099118563837 6.521979898360366 1.6940876928204192
u 964 1.0343087207228525 -0.001778
x 964 49.845399749800094 7.550884508425658 1.692309692820419
u 965 1.0108948251709795 0.019455
x 965 49.774070983097836 8.559243731404123 1.711764692820419
z 965 1024 8.121252287061399 -0.3253317175938008
z 965 1018 3.592680637351447 -2.309417243129971
z 965 1025 7.740585895557261 -2.820826253133934
u 966 0.9806547650423532 0.005202
x 966 49.63894018045242 9.53054248344564 1.716966692820419
u 967 0.9997951271786634 -0.017905
x 967 49.478680524601906 10.517396289495792 1.699061692820419
u 968 1.01579036549957 0.009168
x 968 49.35243654036285 11.525307642643702 1.708229692820419
u 969 0.9986475871694869 0.001202
x 969 49.21663709284391 12.514678853736156 1.709431692820419
u 970 0.9900357643502066 0.01714
x 970 49.0925047275877 13.496889612504813 1.726571692820419
z 970 1036 7.994845277408438 2.8207585645042412
z 970 1018 7.958684168026772 -1.8746085491560536
u 971 1.0122929337347983 0.000183
x 971 48.94466817695363 14.49832924379849 1.726754692820419
u 972 0.9969467579857271 0.004112
x 972 48.789486681967134 15.48312371038467 1.7308666928204188
u 973 1.0430131145245096 -0.009375
x 973 48.64916831413849 16.516651235368357 1.721491692820419
u 974 1.0272797180595044 0.011812
x 974 48.483643436700554 17.53050174909568 1.7333036928204189
u 975 0.9969148280166906 0.000973
x 975 48.298718410939394 18.510114851682225 1.7342766928204187
z 975 1036 7.92219845887491 -2.7931690139459757
z 975 1042 7.997878579736004 1.8978285194356936
u 976 1.0083709366891314 -0.018693
x 976 48.15476090884328 19.5081421936555 1.7155836928204187
u 977 0.9830852101087988 0.021404
x 977 48.031113731566656 20.483401651162847 1.7369876928204186
u 978 1.0067069412241856 0.013214
x 978 47.89922524865388 21.48142447004825 1.7502016928204187
u 979 0.9571037971328471 0.008546
x 979 47.70314529014345 22.418224743928736 1.7587476928204187
u 980 0.9818890634114539 -0.003619
x 980 47.51798141430043 23.382496188946053 1.7551286928204186
z 980 1042 3.468866291023625 2.4023203052915685
u 981 1.0179561841573008 0.009084
x 981 47.302643003346056 24.377411781291276 1.7642126928204187
u 982 1.00589022595546 0.029345
x 982 47.06672802251196 25.355208622132483 1.7935576928204187
u 983 0.9888943493428777 -0.009761
x 983 46.87537382236852 26.325408519002952 1.7837966928204188
u 984 1.0268761240729067 0.0228
x 984 46.68856629389576 27.335127213714454 1.8065966928204187
u 985 0.9993333188721603 -0.005774
x 985 46.47549041555868 28.31147908559717 1.8008226928204187
z 985 1042 3.547678951159476 -2.3722380689082296
u 986 1.1332307725584132 1.55775
x 986 45.48126635604515 28.074493719733727 3.3585726928204185
u 987 1.0121984705548126 -0.010555
x 987 44.49042270874899 27.867696479527652 3.3480176928204184
u 988 1.0066289831705963 -0.01017
x 988 43.507570287130086 27.65022396774314 3.3378476928204184
u 989 1.006402505222245 -0.009435
x 989 42.5241321373194 27.43647669998765 3.3284126928204185
u 990 1.0025053965049737 0.008301
x 990 41.53949315185599 27.248069249724683 3.3367136928204184
z 990 1058 8.027633059688267 1.2700970522910104
z 990 1042 7.908385833841189 -1.2238432844088236
u 991 0.9904800381873134 -0.01751
x 991 40.558917505092154 27.10843744309137 3.3192036928204183
u 992 0.9961987384457683 -0.014872
x 992 39.580107947638844 26.923166060122885 3.3043316928204183
u 993 0.9751574396361291 -0.00212
x 993 38.61923346472129 26.756877443555396 3.302211692820418
u 994 1.0123576301282242 -0.00048
x 994 37.621690710996575 26.584319029989697 3.301731692820418
u 995 0.9897275918023576 0.004311
x 995 36.64576960982768 26.419585326099774 3.306042692820418
z 995 1064 7.875189527039968 1.9021818066592082
z 995 1058 3.505244531227458 0.7829915432693804
u 996 1.0095946405395642 -0.001375
x 996 35.65156807808064 26.243959326066037 3.304667692820418
u 997 0.9944032070899576 -3e-06
x 997 34.672761079180525 26.06853242654049 3.304664692820418
u 998 1.0235847395044915 0.003944
x 998 33.67008473673297 25.862706011527766 3.3086086928204184
u 999 0.9986215047817831 0.003576
x 999 32.68266491193347 25.71355529348078 3.312184692820418
u 1000 0.9651111525104697 0.014561
x 1000 31.73062596038529 25.555299442543017 3.326745692820418
z 1000 1070 7.712672838808865 0.3337744051196206
z 1000 1064 3.418422110857581 2.3319656364123262
z 1000 1071 7.922342364130699 2.8096693456730457
z 1000 1058 3.515705370619102 -0.8062244617463815
u 1001 1.1029825811985254 -1.55764
x 1001 31.52489884266433 26.528606382230198 1.7691056928204183
u 1002 1.0214848374025032 -0.018663
x 1002 31.323498053802034 27.530024731068305 1.7504426928204182
u 1003 1.0214787341398137 0.009187
x 1003 31.11206139378833 28.529377523792803 1.7596296928204183
u 1004 1.0156440628243726 -0.015201
x 1004 30.94194488507423 29.530663383528637 1.7444286928204182
u 1005 0.9894983326098094 0.011913
x 1005 30.768816696248386 30.50489230990574 1.7563416928204183
z 1005 1064 3.4968834092803265 -0.7776109557120734
z 1005 1071 3.574394729643048 0.7871212252240083
z 1005 1058 7.867779979282593 -1.909989814369539
u 1006 0.9960958582700988 0.001084
x 1006 30.61835632003152 31.489559023516836 1.7574256928204184
u 1007 1.0021326261648484 -0.002006
x 1007 30.417041553762598 32.47126255745062 1.7554196928204184
u 1008 1.020008277815742 0.012662
x 1008 30.24167537247636 33.47607581812998 1.7680816928204184
u 1009 0.9891437582873115 -0.00012
x 1009 30.03336754246529 34.443036634987145 1.7679616928204185
u 1010 1.0192006898966905 -0.011127
x 1010 29.820058841421123 35.43966029859736 1.7568346928204184
z 1010 1064 7.895645831786023 -1.2275199523678761
z 1010 1071 3.669887914323815 -0.7800127863702343
u 1011 0.9829400336846079 -0.008419
x 1011 29.63774960137956 36.40554266411268 1.7484156928204184
u 1012 1.0001589040002885 -0.000478
x 1012 29.492243512442897 37.39506062367044 1.7479376928204184
u 1013 0.9875656250965988 -0.000573
x 1013 29.35097926900244 38.372470594313874 1.7473646928204185
u 1014 1.0172379207989672 0.014026
x 1014 29.196655329059627 39.37792578727701 1.7613906928204186
u 1015 0.9970979933741453 0.014289
x 1015 29.014347107596787 40.35820697391483 1.7756796928204186
z 1015 1087 7.9656499194290475 2.7998638724630793
z 1015 1088 7.756522489724374 1.9015667969759713
z 1015 1071 7.844115667588031 -1.2327295650331547
u 1016 0.9856167330656328 -0.005511
x 1016 28.77629744581739 41.3146431946759 1.7701686928204186
u 1017 1.0103191249846397 -0.016995
x 1017 28.596767171199364 42.30887105918412 1.7531736928204185
u 1018 0.9956441097942397 -0.011469
x 1018 28.401481979003048 43.28517020438186 1.7417046928204185
u 1019 0.9851883464214246 -0.017687
x 1019 28.25339793871908 44.25915269527848 1.7240176928204185
u 1020 0.9812733445122472 0.003667
x 1020 28.133742373627523 45.23310281894787 1.7276846928204186
z 1020 1094 8.075286126701641 1.9142012822515886
z 1020 1087 7.93881308990834 -2.8356616895432825
z 1020 1088 3.4720454278710124 2.3493882166064926
z 1020 1095 7.825859398085299 1.903484751925899
u 1021 0.9895349079157388 -0.000941
x 1021 27.949474162035102 46.20532938098294 1.7267436928204185
u 1022 1.01622484510994 0.004634
x 1022 27.786383033981156 47.20838091093247 1.7313776928204185
u 1023 1.0232346745036867 -0.006123
x 1023 27.620299899525584 48.218045370260626 1.7252546928204184
u 1024 1.0127192583063058 0.003779
x 1024 27.4705749527632 49.219634864976896 1.7290336928204184
u 1025 1.0499057327760382 -0.01276
x 1025 27.314031791153184 50.25779734270817 1.7162736928204183
z 1025 1094 3.569784684613345 2.3458921113322155
z 1025 1088 3.5324066388936597 -2.393562230978313
z 1025 1101 7.802328289049366 0.32052776631021274
z 1025 1095 3.5587683833736636 2.3887602712493043
z 1025 1102 7.950386352807013 1.2646458190538408
u 1026 0.9859482437889785 -0.00219
x 1026 27.155523860502072 51.23092055527157 1.7140836928204184
u 1027 0.9894037257874506 0.0062
x 1027 26.9969766351544 52.207536843347164 1.7202836928204184
u 1028 0.9856462314159358 -0.01195
x 1028 26.829330284032782 53.17881519350257 1.7083336928204185
u 1029 1.0027314244085013 -0.005161
x 1029 26.71222269823767 54.174683604009324 1.7031726928204185
u 1030 0.9780357629377522 0.001852
x 1030 26.587203896085597 55.14469596438751 1.7050246928204185
z 1030 1094 3.3944100822676093 -2.3648730050370097
z 1030 1088 7.818871442567655 -1.88604583950918
z 1030 1108 7.8839775592082955 0.3168767470215612
z 1030 1101 7.799952988486533 -0.32665862077982016
z 1030 1095 3.5694184905107442 -2.3498987862800185
z 1030 1102 3.686185182448109 0.8185422020032341
u 1031 0.990791931126023 -0.005491
x 1031 26.458218833268702 56.127054879360095 1.6995336928204186
u 1032 0.9921100184727365 0.009605
x 1032 26.28566160160832 57.104039384567166 1.7091386928204186
u 1033 0.9992405640021467 -0.005718
x 1033 26.14410825003948 58.09320147084 1.7034206928204187
u 1034 0.9799095505990276 0.002541
x 1034 26.02836868226719 59.066251604776006 1.7059616928204187
u 1035 0.9870557420952999 -0.000135
x 1035 25.904677115022885 60.0455265573392 1.7058266928204187
z 1035 1094 7.876886058157754 -1.8837635625421292
z 1035 1108 8.007842793424457 -0.32218336214688875
z 1035 1095 7.756707085355228 -1.9018503415939876
z 1035 1102 3.6788643214992316 -0.7826380544662453
u 1036 1.1199471576972566 -1.56281
x 1036 26.906658046768698 60.16772093749963 0.14301669282041862
u 1037 0.995668253235414 0.016167
x 1037 27.896812569730656 60.27225657088354 0.1591836928204186
u 1038 0.9792271033052998 -0.005698
x 1038 28.86729833141985 60.40279588238602 0.1534856928204186
u 1039 0.9833312865248576 -0.010839
x 1039 29.84129032614484 60.53796446839858 0.1426466928204186
u 1040 0.9745733891998163 -0.008347
x 1040 30.80951386547843 60.6490092985229 0.13429969282041862
z 1040 1094 7.9763744185563406 -2.829226339063779
z 1040 1095 7.6778244215728195 -2.8251548556702484
z 1040 1102 7.951716672543105 -1.8998794611098615
u 1041 0.9830321615832891 0.004742
x 1041 31.782896616852625 60.78640085287468 0.13904169282041862
u 1042 1.0024384695756943 0.005
x 1042 32.77943909899239 60.894954402202686 0.14404169282041862
u 1043 0.9707806070695267 -0.006458
x 1043 33.73654137653015 61.05733340963293 0.13758369282041863
u 1044 1.0172805961066633 -0.003698
x 1044 34.744233468106906 61.19667213527179 0.13388569282041862
u 1045 1.0288987669726763 -5.2e-05
x 1045 35.76630726401205 61.31498455290005 0.13383369282041863
u 1046 1.0144211741476075 -0.01057
x 1046 36.773238454872654 61.4379898966378 0.12326369282041863
u 1047 1.0199628905484248 0.010412
x 1047 37.7883518106786 61.53728629412227 0.13367569282041863
u 1048 0.9766700061148793 0.00769
x 1048 38.760151546979316 61.63467660488188 0.14136569282041864
u 1049 0.9932324687690726 -0.00516
x 1049 39.74220693391737 61.783255759324675 0.13620569282041864
u 1050 1.0014989593915054 0.008219
x 1050 40.731871638926634 61.93674286339186 0.14442469282041864
z 1050 1129 7.830285696045834 1.8917670426239885
z 1050 1130 7.846306041654251 2.7999106631706305
u 1051 0.9690512025974315 -0.003034
x 1051 41.69145205124727 62.07189072758722 0.14139069282041863
u 1052 1.0331281688664067 -0.000338
x 1052 42.71756852526234 62.192052222663115 0.14105269282041863
u 1053 0.9888070734729463 0.000875
x 1053 43.69916526724532 62.31124619187879 0.14192769282041862
u 1054 0.9903243488326515 0.005577
x 1054 44.68188395293 62.43373602289825 0.14750469282041861
u 1055 1.0080708352896846 0.027071
x 1055 45.676369515929736 62.59848800556947 0.17457569282041863
z 1055 1129 3.534521737222732 2.454916989320283
z 1055 1130 7.851339616785151 -2.8437676630498587
z 1055 1136 7.989608236766055 2.825874110071074
u 1056 1.0777414933668095 -1.56527
x 1056 45.860210739087826 61.64500988493653 4.892491000000005
u 1057 1.0179678132487475 -0.008177
x 1057 46.08124051769192 60.65133059471295 4.884314000000005
u 1058 1.0075618347965218 0.005903
x 1058 46.238248255558894 59.6560786299694 4.890217000000005
u 1059 1.0319380244927383 -0.004101
x 1059 46.384152077926075 58.634507942966465 4.886116000000005
u 1060 1.0086404877910482 0.000858
x 1060 46.559445549231086 57.64121656068338 4.886974000000005
z 1060 1129 3.478859444933066 -0.7528223048918029
z 1060 1130 3.6829515153474395 2.369484747235834
z 1060 1136 3.537813228153799 0.7908166966571756
u 1061 0.9899134051925206 0.001988
x 1061 46.750168647962745 56.669850035289805 4.888962000000005
u 1062 1.0227506347508988 0.009507
x 1062 46.921275600393315 55.66151804967895 4.898469000000005
u 1063 0.9851455622997085 0.021656
x 1063 47.13098562086732 54.69897165733322 4.920125000000005
u 1064 0.9820083240023161 0.006983
x 1064 47.408202097977146 53.75690613168502 4.927108000000005
u 1065 0.9697671157610636 0.011737
x 1065 47.595910735471115 52.80548460042395 4.938845000000005
z 1065 1129 7.769264571611653 -1.26285287444468
z 1065 1130 3.4778475580881922 -2.2998355848545717
z 1065 1136 3.657394792198403 -0.7621531931502179
u 1066 1.0036515252436733 -0.002565
x 1066 47.81043732259863 51.8250284946959 4.936280000000005
u 1067 1.026000933381955 -0.001793
x 1067 48.0394812776601 50.8249202505874 4.934487000000005
u 1068 1.007273107147286 0.002178
x 1068 48.27538160254659 49.84566045460757 4.936665000000005
u 1069 1.0100942576772869 0.012615
x 1069 48.49621384661163 48.860008386763546 4.949280000000005
u 1070 0.9937338703236854 0.00355
x 1070 48.70629199042901 47.888734408201756 4.952830000000005
z 1070 1152 7.8424881303384835 1.9092874980727677
z 1070 1130 7.97964765170117 -1.8858165881644344
z 1070 1136 7.686459661307018 -1.269550592937901
u 1071 0.9972792823208495 0.007881
x 1071 48.94732370327063 46.92102343242405 4.960711000000005
u 1072 1.0070822708569611 0.003643
x 1072 49.23659454996479 45.95638051618362 4.9643540000000055
u 1073 0.9853144129421512 -0.00084
x 1073 49.46299588143769 44.99742959336572 4.963514000000005
u 1074 1.0160126632023387 -0.001377
x 1074 49.73356450236757 44.018106260628215 4.962137000000006
u 1075 0.9751293881852354 -1.2e-05
x 1075 49.9918331072646 43.07780064468171 4.962125000000006
z 1075 1152 3.5327558372466106 2.396765489475231
u 1076 0.9853335255193314 -0.007743
x 1076 50.232612671945766 42.122341327357866 4.954382000000006
u 1077 0.9697385172017732 -0.000635
x 1077 50.43700989912968 41.17438851541809 4.953747000000006
u 1078 0.9967196541092017 0.006372
x 1078 50.66786126431925 40.20477294483761 4.960119000000006
u 1079 1.0256067416858685 -0.00183
x 1079 50.92290908174166 39.211385051882864 4.958289000000006
u 1080 1.0232871534144161 0.006931
x 1080 51.18551491262323 38.22237009542973 4.965220000000006
z 1080 1152 3.437341745375342 -2.364441628332453
u 1081 1.0197610836987354 -0.006459
x 1081 51.43192442983112 37.2328290895359 4.958761000000005
u 1082 1.021323188940255 0.005485
x 1082 51.67101298501101 36.23988644069308 4.9642460000000055
u 1083 1.0109840280329947 0.007375
x 1083 51.92476693075844 35.261268534003435 4.971621000000005
u 1084 0.9873170571613512 -0.000883
x 1084 52.212938559595614 34.31694230840217 4.970738000000005
u 1085 1.010651478491116 0.008191
x 1085 52.50319564218437 33.348871274739835 4.978929000000005
z 1085 1152 7.900049539743406 -1.8882542030750324
z 1085 1042 8.109569650184898 1.8964057761442517
u 1086 1.0190148414989812 0.017598
x 1086 52.788517005027494 32.37062990926333 4.996527000000005
u 1087 1.0293266465653903 -0.011011
x 1087 53.08592183887661 31.385209691603784 4.985516000000005
u 1088 1.0106245868492714 0.002696
x 1088 53.38271457131593 30.419147834953186 4.988212000000005
u 1089 1.0288818634881092 -0.008282
x 1089 53.667038969147626 29.430334670132527 4.979930000000005
u 1090 1.0007206803412452 0.007139
x 1090 53.93746195966544 28.466846718451034 4.987069000000004
z 1090 1042 3.411671342919772 2.329477427705306
u 1091 1.0233127827366362 0.016023
x 1091 54.20858097569155 27.480114167668383 5.003092000000004
u 1092 0.9647366586669324 0.024353
x 1092 54.4890419751843 26.55706896238073 5.027445000000004
u 1093 1.0021932118155599 0.006872
x 1093 54.80710454219665 25.606688257276446 5.034317000000004
u 1094 1.0332851724403072 -0.010311
x 1094 55.13297829684854 24.626139898290475 5.024006000000004
u 1095 1.022631728272858 -0.003961
x 1095 55.436772619597384 23.649675206749315 5.020045000000004
z 1095 1036 7.903594267882177 1.2386536250705233
z 1095 1042 3.349944449225987 -2.357897907837111
u 1096 0.9560577053761059 -0.006364
x 1096 55.72303623994169 22.737482030532583 5.0136810000000045
u 1097 0.997545897833697 0.003734
x 1097 55.98793548275615 21.775751791202797 5.017415000000004
u 1098 1.0011207833098088 0.005983
x 1098 56.29588532333222 20.823172803006454 5.023398000000004
u 1099 0.9991273162473694 -0.003018
x 1099 56.645961748948906 19.887383760221464 5.020380000000004
u 1100 0.9751713837578431 -0.00457
x 1100 56.937689027422515 18.95687166054818 5.015810000000004
z 1100 1036 3.6259518577333596 0.7944546785166727
z 1100 1042 7.961438185654649 -1.8894836754132036
u 1101 0.9942514394377334 0.013038
x 1101 57.213864099343304 18.001754258778355 5.0288480000000035
u 1102 1.00271668352422 -0.019078
x 1102 57.518347906062225 17.046400992509298 5.009770000000003
u 1103 1.0256401142122535 0.001021
x 1103 57.83504304946125 16.0708797274169 5.010791000000003
u 1104 0.9777098629678772 0.001895
x 1104 58.13304925232753 15.139693068825714 5.012686000000003
u 1105 1.03440763784753 -0.002856
x 1105 58.45449417913457 14.156498483324443 5.009830000000003
z 1105 1036 3.552735327392121 -0.782836623235475
z 1105 1018 7.811110977223406 1.8845402053571327
z 1105 1025 7.990195667917026 1.2567878973917919
u 1106 1.0388158580254494 0.015085
x 1106 58.77241650283001 13.167537756437328 5.024915000000003
u 1107 1.0053211748932827 0.026657
x 1107 59.0536819705871 12.202394992607859 5.051572000000003
u 1108 1.0020884259586254 9.9e-05
x 1108 59.40535579815246 11.264041790647356 5.0516710000000025
u 1109 0.984262689427286 0.00686
x 1109 59.72386510128538 10.332741051653885 5.058531000000002
u 1110 1.0218863451600182 -0.00829
x 1110 60.07940725374822 9.374703735145761 5.050241000000002
z 1110 1036 7.921796327222759 -1.2477963169410806
z 1110 1018 3.526204388460771 2.3213555290019334
z 1110 1025 3.5472255937845283 0.7921558678891352
u 1111 1.0071903189802391 -0.000558
x 1111 60.41251114336286 8.424191183388238 5.049683000000003
u 1112 0.9910962790905338 -0.003947
x 1112 60.76186028413359 7.4967076325628055 5.045736000000002
u 1113 1.0153833190355963 -0.012858
x 1113 61.06785565216749 6.528536204092722 5.032878000000003
u 1114 1.008152355781486 4.2e-05
x 1114 61.3777786882427 5.569203684035718 5.0329200000000025
u 1115 0.9925850142699224 -0.004423
x 1115 61.718363674345696 4.636881169216826 5.028497000000002
z 1115 1018 3.476224083254703 -2.320891052797587
z 1115 1025 3.4389734790486535 -0.7302158187380062
z 1115 1012 7.888907273539219 1.2578425646376297
u 1116 1.1032639070639918 -1.57247
x 1116 60.77762994868388 4.318782490869309 3.4560270000000024
u 1117 0.999643168855174 -0.008523
x 1117 59.82243727103354 4.024015863729835 3.4475040000000026
u 1118 1.007371488106854 0.005757
x 1118 58.86170343972747 3.7210554411529624 3.4532610000000026
u 1119 1.0179189568264817 0.012076
x 1119 57.8983834770434 3.392176952468518 3.4653370000000026
u 1120 0.9744833006209729 -0.003258
x 1120 56.97233293139898 3.088784055188993 3.4620790000000023
z 1120 1024 7.866301592298632 1.8909991686217371
z 1120 1018 3.6121623806246586 -2.366068643639745
z 1120 1025 7.846997598221884 -1.8853916962638277
u 1121 0.9841661650783708 -0.000473
x 1121 56.04825088418883 2.750176033355635 3.4616060000000024
u 1122 1.0076986045391378 0.000904
x 1122 55.093027467723765 2.429232684658687 3.462510000000002
u 1123 1.015336686647715 0.001494
x 1123 54.144579133443195 2.0668045501252097 3.4640040000000023
u 1124 0.9853916267294838 0.00755
x 1124 53.201566969094635 1.7809372671219732 3.4715540000000025
u 1125 1.0106807115303449 0.001003
x 1125 52.257055787972234 1.4212512321417872 3.4725570000000023
z 1125 1011 7.952110392656782 0.2975868600863626
z 1125 1024 3.649878435468776 2.3186496422610303
z 1125 1018 7.98258023273177 -1.871605003870541
z 1125 1208 8.039466381278052 1.8730841603360795
z 1125 1209 7.8878058432304226 1.8929674327909607
u 1126 1.0016708847669686 -0.001969
x 1126 51.316787899151585 1.075939004611738 3.4705880000000024
u 1127 0.9987780047791609 0.002613
x 1127 50.379652087227925 0.7304923296383316 3.4732010000000026
u 1128 1.0054974874099025 -0.003111
x 1128 49.41911248060023 0.4331910584191749 3.4700900000000026
u 1129 1.0143563761580736 0.002455
x 1129 48.4578646845177 0.10927592199841257 3.4725450000000024
u 1130 1.0026114395677592 0.016425
x 1130 47.52065733240332 -0.24688342268700947 3.4889700000000023
z 1130 1011 7.881970188537888 -0.31568672056879743
z 1130 1024 3.4344145416213228 -2.387274259037373
z 1130 1208 3.5148493957067353 2.336564391714975
z 1130 1209 3.5734044815133927 2.3024856929447153
u 1131 0.9818015593579232 0.02231
x 1131 46.605552055925116 -0.6025189854584393 3.5112800000000024
u 1132 0.9895860995129777 0.006706
x 1132 45.686723075212754 -0.9699836540567717 3.5179860000000023
u 1133 0.9939269276362456 0.002906
x 1133 44.76599381424158 -1.34434667340761 3.520892000000002
u 1134 1.0385221453675746 0.009007
x 1134 43.79845970381138 -1.7217041964517956 3.529899000000002
u 1135 1.032624591648622 -0.001661
x 1135 42.84714101418404 -2.123333444498695 3.528238000000002
z 1135 1024 7.824287753942847 -1.8912636673525012
z 1135 1208 3.625767671114629 -2.3286869784975774
z 1135 1209 3.4687364474257767 -2.3359608581586726
u 1136 0.9639660467327993 0.009192
x 1136 41.94043588940267 -2.4506098004858146 3.5374300000000023
u 1137 0.9940563912121408 0.00871
x 1137 41.02803424955636 -2.845153979825419 3.5461400000000025
u 1138 0.9928407884989247 0.013705
x 1138 40.10595150757316 -3.2132311720035487 3.5598450000000024
u 1139 1.0328133415235914 -0.009252
x 1139 39.17466130379183 -3.659767111973589 3.5505930000000023
u 1140 0.9953907116679863 -0.000808
x 1140 38.26330039266625 -4.060046894928412 3.549785000000002
z 1140 1225 8.043033935878924 2.8271358559375273
z 1140 479 7.866745229286378 1.8784188088493718
z 1140 1208 7.731583204764727 -1.9053148148642
z 1140 1209 7.96438712701737 -1.8954136022102945
u 1141 1.012812486638405 0.006729
x 1141 37.33413169920911 -4.4630739431511595 3.556514000000002
u 1142 1.005530009191913 0.00028
x 1142 36.41387896074709 -4.868321386245073 3.5567940000000022
u 1143 1.0077762820276528 0.006994
x 1143 35.49457109621113 -5.281215979145407 3.5637880000000024
u 1144 1.0157913550673738 -0.005152
x 1144 34.56769492803293 -5.696824404901304 3.5586360000000026
u 1145 0.9830745253143113 0.003161
x 1145 33.67803339090341 -6.1150791920374985 3.5617970000000025
z 1145 1225 8.015324784218041 -2.815037901705121
z 1145 1231 8.052450753807811 0.3317581495011061
z 1145 479 3.614741954635213 2.369856841363393
u 1146 1.0080767894288796 -0.002063
x 1146 32.76002975839709 -6.531597839488252 3.5597340000000024
u 1147 1.0187282773771822 0.001691
x 1147 31.822383614298293 -6.929877595797382 3.5614250000000025
u 1148 1.007494790911664 -0.004563
x 1148 30.898183942515352 -7.330999720848224 3.5568620000000024
u 1149 0.978081265838376 0.003238
x 1149 29.997018083825665 -7.711186808843174 3.5601000000000025
u 1150 1.0520962543213996 -0.004048
x 1150 29.040914468265267 -8.150243631089833 3.5560520000000024
z 1150 478 7.9334100630687185 2.8413555422944987
z 1150 1231 7.881304764041294 -0.31175916483266647
z 1150 465 7.872509889311032 1.8803485773987079
z 1150 479 3.6306773995495663 -2.368881426080412
u 1151 0.9624094071968307 -0.008164
x 1151 28.16047017282461 -8.53888815399348 3.5478880000000026
u 1152 1.0391438681894487 -0.00952
x 1152 27.209997595144916 -8.958904466203995 3.5383680000000024
u 1153 0.9620336230215268 0.000818
x 1153 26.312269787557966 -9.304727287462406 3.5391860000000026
u 1154 0.9815859571015296 -0.008172
x 1154 25.40353145280896 -9.675807154987714 3.5310140000000025
u 1155 0.9891035061394146 -0.013224
x 1155 24.485675494716915 -10.044388121863296 3.5177900000000024
z 1155 478 7.814158964271202 -2.818927914280609
z 1155 8 8.013214944040874 1.911120159099134
z 1155 465 3.490408606825281 2.346684975315859
z 1155 471 7.900590252158379 0.32585121325767097
z 1155 479 7.938568464931193 -1.9006182061333872
z 1155 458 7.963627692766657 1.2427319979731226
z 1155 472 7.9253383557107515 0.33634880020869906
u 1156 0.9617761934684573 0.007168
x 1156 23.59849686103531 -10.415768732089308 3.5249580000000025
u 1157 0.9876224080356711 0.000212
x 1157 22.670262094096653 -10.753079026399064 3.5251700000000024
u 1158 1.0123181642121615 0.014181
x 1158 21.734443784993132 -11.139103616614026 3.5393510000000026
u 1159 1.005848695047748 0.004404
x 1159 20.813194340385596 -11.542872638347127 3.5437550000000027
u 1160 0.9859709303057915 0.001996
x 1160 19.910191627679655 -11.938757032460753 3.5457510000000028
z 1160 6 8.008599564430726 2.8293947037459986
z 1160 464 7.914518671005837 0.3206345998193387
z 1160 8 3.5341851751429214 2.346970840832507
z 1160 465 3.452078915798421 -2.3018516350364084
z 1160 471 8.04447030257431 -0.3269866643358979
z 1160 458 3.592326489686036 0.8266730562588687
z 1160 472 7.802206092208793 -0.3326741623072048
u 1161 0.9868150191688683 0.000301
x 1161 19.00435036299186 -12.330235611560322 3.5460520000000026
u 1162 1.0117953251412997 0.010777
x 1162 18.083284349477573 -12.74899242696623 3.5568290000000027
u 1163 1.002427140574211 -0.000494
x 1163 17.171129403819535 -13.1647249212899 3.5563350000000025
u 1164 1.0093748793231787 0.004758
x 1164 16.2405933949533 -13.555798394090472 3.5610930000000023
u 1165 1.029678992822017 -0.012204
x 1165 15.311822868501846 -14.000332957874983 3.548889000000002
z 1165 6 7.876607568160293 -2.8199521039221076
z 1165 442 7.862039013010556 1.270042852295498
z 1165 15 8.15466645861129 1.899134662768587
z 1165 464 7.960859583349023 -0.33061203632190556
z 1165 8 3.5620606129739008 -2.387220718829458
z 1165 465 7.868823988735547 -1.8942552494167646
z 1165 458 3.526636208754739 -0.76098029191451
u 1166 0.9910294397396683 0.007118
x 1166 14.42218567202921 -14.437003156469196 3.5560070000000024
u 1167 0.9739040925993746 -0.013086
x 1167 13.530939823688348 -14.829630822668584 3.5429210000000024
u 1168 1.0156406260747064 -0.010897
x 1168 12.594691205351715 -15.22327304435186 3.5320240000000025
u 1169 1.0247688784265983 -0.007971
x 1169 11.64985507467495 -15.62004801848299 3.5240530000000025
u 1170 1.0015992539578773 -0.011402
x 1170 10.709912220691548 -15.966021468824977 3.5126510000000026
z 1170 442 3.3786958842281143 0.7836213418258031
z 1170 15 3.4368551873042312 2.3074327406580744
z 1170 8 7.845215631478844 -1.8934505947173583
z 1170 436 7.913765776683058 0.28702782187082754
z 1170 458 7.837490710457015 -1.2594125923728867
u 1171 0.9656268565380881 0.022342
x 1171 9.804193749966219 -16.30079078031719 3.5349930000000027
u 1172 1.010055651026171 0.019
x 1172 8.88580317372517 -16.72119591423046 3.553993000000003
u 1173 1.011851476015971 -0.010583
x 1173 7.975050667345955 -17.162062930248872 3.543410000000003
u 1174 1.0169612400203465 0.004036
x 1174 7.036579735992348 -17.553829532742363 3.547446000000003
u 1175 0.9977093516812802 -0.009115
x 1175 6.119155107766037 -17.945938076459296 3.538331000000003
z 1175 442 3.540702065028912 -0.7506719361310693
z 1175 15 3.618429707718529 -2.3256791212417047
z 1175 436 7.96621735456672 -0.31372550454927844
z 1175 429 7.845133896683982 0.3001607045846817
u 1176 0.9694369228303813 0.005598
x 1176 5.216589109855853 -18.299746092886842 3.543929000000003
u 1177 1.043848730388387 0.00028
x 1177 4.24452240928107 -18.680149161288842 3.544209000000003
u 1178 1.0175752102824516 0.01707
x 1178 3.3063325413951925 -19.074146543921366 3.561279000000003
u 1179 1.0156630153860997 -0.001464
x 1179 2.376052437014468 -19.481761685898928 3.559815000000003
u 1180 1.0037118558495812 -0.012333
x 1180 1.4686560099946997 -19.910779685937104 3.547482000000003
z 1180 419 8.204721378937862 0.3314764389015575
z 1180 442 8.074414459637305 -1.2569640676717257
z 1180 15 8.013287044060009 -1.8654700312789927
z 1180 429 7.884959801197467 -0.3301627160166794
z 1180 422 7.795496934512899 0.3142913120500075
u 1181 1.0658059163952553 1.58708
x 1181 1.8470475274918114 -20.79025069001355 5.134562000000003
u 1182 1.0123154594403962 -0.000669
x 1182 2.240989240618654 -21.722770114936534 5.133893000000003
u 1183 1.0474256644020172 -0.005332
x 1183 2.642803321601267 -22.69005671545372 5.128561000000003
u 1184 1.0232846354304734 0.00716
x 1184 3.0750125269750717 -23.617581472269485 5.135721000000003
u 1185 1.0160267752214382 0.006905
x 1185 3.462701288855925 -24.556732008794537 5.142626000000003
z 1185 419 3.6991072210737554 2.3397466807458223
z 1185 442 7.911367256726236 -0.32574849614151075
z 1185 436 7.9017908145559 0.32888853927011436
z 1185 429 3.629452310886589 0.8094184562028126
z 1185 421 8.043422523957075 2.822720359864714
z 1185 422 3.518723700690351 2.388063383998736
u 1186 1.0199200546788498 0.000868
x 1186 3.8879004736685365 -25.483793228919556 5.143494000000002
u 1187 0.9891700288417221 0.002957
x 1187 4.326594844405451 -26.370361828682565 5.1464510000000026
u 1188 1.0126480525087722 2.3e-05
x 1188 4.761403653453272 -27.284909464292333 5.146474000000002
u 1189 1.0322777711332802 -0.009345
x 1189 5.185954597166976 -28.225837802792032 5.1371290000000025
u 1190 1.0243544101961062 0.004808
x 1190 5.591335586210925 -29.16656421893583 5.141937000000002
z 1190 419 3.5370611476902685 -2.362821675983589
z 1190 436 8.086514111407956 -0.3124628473364085
z 1190 429 3.5817956498521797 -0.7335233675228127
z 1190 421 8.013911260832629 -2.8126110179834054
z 1190 422 3.526377479638276 -2.34485086951384
u 1191 0.9868586743556621 -0.000296
x 1191 6.0086564771397075 -30.060842313285907 5.141641000000003
u 1192 0.9849003561339946 0.003039
x 1192 6.403847578228375 -30.96297975213507 5.144680000000003
u 1193 1.0094231232852409 0.005236
x 1193 6.843593061449117 -31.87158121807652 5.149916000000003
u 1194 1.0502513774199398 -0.020686
x 1194 7.316006857030268 -32.80956513529771 5.129230000000002
u 1195 0.9880179730846191 -0.014564
x 1195 7.709687917255268 -33.71575357226108 5.114666000000002
z 1195 419 7.8869792391574105 -1.9053002166731687
z 1195 428 7.7391104306696645 0.3039297218639701
z 1195 429 7.859148591546033 -1.2289662106479093
z 1195 430 7.932717771987101 0.3039903264079333
z 1195 402 8.04048604190692 1.8697971674956588
z 1195 422 7.816591960912377 -1.9048611788573173
z 1195 403 7.79607748058599 1.8964899642188155
u 1196 1.1024750026439538 1.55318
x 1196 8.624057054734385 -33.32350200052848 0.38466069282041637
u 1197 0.9844134438915566 -0.005162
x 1197 9.526415215175671 -32.930033543137014 0.3794986928204164
u 1198 0.9965288617311668 -0.002651
x 1198 10.460884866135281 -32.58386066420594 0.37684769282041636
u 1199 0.9855880952199312 -0.004413
x 1199 11.376723531851841 -32.2196878269727 0.37243469282041636
u 1200 1.016087635026277 0.011657
x 1200 12.312655369003918 -31.82414517790672 0.38409169282041633
z 1200 428 3.5806365976178034 2.357576855844319
z 1200 436 8.091699891864502 0.3213753814829717
z 1200 429 7.992486832144299 -0.3359907054182268
z 1200 430 3.537153142853727 2.332451132564208
u 1201 1.1020947574523423 -1.57535
x 1201 12.706799272723016 -32.734064139712146 5.091927000000003
u 1202 0.9862962431582549 0.004882
x 1202 13.099079561390326 -33.638992049711106 5.096809000000003
u 1203 1.0181719041649904 -0.008287
x 1203 13.491052846725797 -34.57868616871118 5.088522000000003
u 1204 0.9926495956773439 -0.003568
x 1204 13.836472692941406 -35.50929742175532 5.084954000000003
u 1205 1.0196694910044624 -0.005334
x 1205 14.213318190614322 -36.456773477716446 5.079620000000003
z 1205 428 3.4695134770454485 -0.7760800298622995
z 1205 430 3.417281119545186 -0.8210167760610677
z 1205 402 8.033978678344871 2.8162787140524865
z 1205 403 8.126272552517543 2.8381577237636884
u 1206 1.0051027422102046 -0.006398
x 1206 14.553986909427516 -37.40238063733569 5.073222000000003
u 1207 1.0047196752315128 -0.011035
x 1207 14.953730819826246 -38.32414860614516 5.062187000000003
u 1208 0.9948314115829533 -0.010711
x 1208 15.318682783512715 -39.24961613114125 5.051476000000004
u 1209 1.0407224683187473 0.011197
x 1209 15.65550630614744 -40.2343200738245 5.062673000000004
u 1210 1.0072131194774328 0.010053
x 1210 16.021233368560715 -41.17278341357707 5.072726000000004
z 1210 194 7.870290635815173 1.8860561689201358
z 1210 428 7.7820068499070345 -1.2652390179071364
z 1210 430 7.962523294314434 -1.2407830731367138
z 1210 402 7.878230975161873 -2.8077750884064927
z 1210 403 7.90776720333243 -2.8439817142266914
u 1211 0.9996990585549606 0.013041
x 1211 16.391836478269223 -42.101243094474626 5.085767000000004
u 1212 0.9850044290994756 0.00987
x 1212 16.760749667692238 -43.01454967367503 5.095637000000004
u 1213 0.993136029678306 -0.018616
x 1213 17.128729381514177 -43.936982120776456 5.077021000000005
u 1214 1.0139924177965634 0.003693
x 1214 17.475001460977662 -44.89001680104 5.080714000000005
u 1215 1.014643303503876 0.003269
x 1215 17.859181245040553 -45.82911531028245 5.083983000000005
z 1215 194 3.5641414851826516 2.371328615636357
z 1215 188 7.800504125683161 1.9002924166240465
u 1216 1.009239356067821 0.008733
x 1216 18.228916342708068 -46.76818589441433 5.092716000000006
u 1217 0.9734590067618225 -0.027012
x 1217 18.60524705936637 -47.66592751186361 5.0657040000000055
u 1218 0.9884158925573848 -0.004827
x 1218 18.95282848887366 -48.59121191656665 5.060877000000006
u 1219 1.00646992200088 0.008149
x 1219 19.304627579329605 -49.53419309250304 5.069026000000006
u 1220 0.9743557469691821 0.006375
x 1220 19.628036602938348 -50.453308161391824 5.0754010000000065
z 1220 194 3.483213972482885 -2.365611990442967
z 1220 188 3.503740207035904 2.3369563126428203
u 1221 0.9890759788854597 0.011682
x 1221 19.966579171424065 -51.38263538904799 5.087083000000007
u 1222 0.9920154592475323 -0.012378
x 1222 20.346875172768762 -52.298854281006804 5.074705000000007
u 1223 0.9733760437464213 -0.001296
x 1223 20.7126206768207 -53.20090251485619 5.073409000000007
u 1224 0.9892533790192652 -0.002775
x 1224 21.086617696336205 -54.116734294876146 5.070634000000007
u 1225 0.9583539939573328 0.009422
x 1225 21.43107774376153 -55.01104009212435 5.080056000000007
z 1225 194 7.812224019221415 -1.8962729434685284
z 1225 188 3.5791606678940804 -2.270077416465524
u 1226 1.1141862063446346 1.57263
x 1226 22.37557687697966 -54.6738950104767 0.369500692820421
u 1227 0.9779821837143913 0.013111
x 1227 23.293166363208417 -54.33556826677552 0.38261169282042096
u 1228 0.9783468024005573 -0.004335
x 1228 24.199025706882058 -53.966001200719624 0.378276692820421
u 1229 0.9801100596792395 -0.011253
x 1229 25.118897139773768 -53.62770822240238 0.36702369282042097
u 1230 1.0019348001267723 0.010435
x 1230 26.055715376884045 -53.2724114097139 0.377458692820421
z 1230 188 7.878452299360579 -1.2521970363848018
u 1231 1.0318609847633273 -0.016068
x 1231 27.008535564877402 -52.87637116737443 0.361390692820421
u 1232 0.9496835813359575 -0.002337
x 1232 27.904189773916404 -52.560614881597374 0.35905369282042104
u 1233 0.9844695969710705 0.017411
x 1233 28.827504729340443 -52.21908099257565 0.37646469282042105
u 1234 0.9716941485287443 -0.017026
x 1234 29.716853894357524 -51.827641632841065 0.35943869282042107
u 1235 1.008979774677271 -0.004497
x 1235 30.652282481340027 -51.449472585043765 0.3549416928204211
u 1236 1.041156377554398 -0.00311
x 1236 31.63107055159704 -51.09453647484004 0.3518316928204211
u 1237 1.001258085186137 -0.00539
x 1237 32.575196996260345 -50.761158937299754 0.3464416928204211
u 1238 1.0069694259345425 -0.001554
x 1238 33.505999652083965 -50.37697976475041 0.3448876928204211
u 1239 1.0116163974081873 0.004906
x 1239 34.446528600554444 -50.00445999347644 0.3497936928204211
u 1240 0.9826586437705677 0.002127
x 1240 35.37172740385278 -49.67336360191603 0.3519206928204211
u 1241 1.113467378761468 1.56274
x 1241 35.03228316379059 -48.72893897516988 1.914660692820421
u 1242 1.0277694205063475 -0.012434
x 1242 34.67282460797274 -47.76608596495994 1.902226692820421
u 1243 0.9736371672888959 0.004096
x 1243 34.3942254410502 -46.83316018422491 1.906322692820421
u 1244 1.0328360916897055 -0.000772
x 1244 34.03569784422354 -45.86454865134411 1.905550692820421
u 1245 0.9945806900459115 0.004177
x 1245 33.754895855683834 -44.91043149186255 1.9097276928204212
u 1246 1.0054253832210633 0.020759
x 1246 33.38359776166191 -43.976096634833404 1.9304866928204212
u 1247 0.9924284232170726 0.005704
x 1247 33.027178279886684 -43.04988032218064 1.936190692820421
u 1248 0.9980927052112002 0.015039
x 1248 32.67781990914032 -42.11493700768107 1.9512296928204211
u 1249 0.9839966597476562 -0.007356
x 1249 32.30823522247112 -41.202987327202685 1.9438736928204212
u 1250 1.0461013915366566 -0.020184
x 1250 31.945274351177336 -40.22189081008031 1.9236896928204212
u 1251 1.003935985788729 0.002525
x 1251 31.58754337369076 -39.28385271073919 1.9262146928204213
u 1252 1.0158328596097002 0.017909
x 1252 31.269884654601483 -38.318978751922515 1.9441236928204213
u 1253 1.031045450518042 0.000136
x 1253 30.947814797521872 -37.33952700397537 1.9442596928204212
u 1254 1.0020423703304921 0.009331
x 1254 30.61757093391301 -36.39347171108299 1.9535906928204212
u 1255 1.024257967617717 0.013262
x 1255 30.24444900573209 -35.43960115665773 1.9668526928204213
u 1256 1.0969041581820216 -1.57386
x 1256 31.156388802174824 -35.061679179837135 0.39299269282042126
u 1257 1.0097822433197845 -0.000354
x 1257 32.08837621566617 -34.673015276998576 0.39263869282042124
u 1258 1.013979768554146 -0.001272
x 1258 33.02092952915518 -34.27489575988133 0.39136669282042125
u 1259 0.9691480522167399 -0.002974
x 1259 33.9253308290991 -33.926606306270195 0.38839269282042127
u 1260 0.9714993723241083 0.012821
x 1260 34.81473184483945 -33.53575603415433 0.4012136928204213
z 1260 926 7.948123117780701 0.32689178476465963
u 1261 0.9953356020811713 -0.002417
x 1261 35.732171821323035 -33.14975555743598 0.3987966928204213
u 1262 1.002194079056941 0.009101
x 1262 36.662108816493166 -32.77612040858359 0.4078976928204213
u 1263 1.0144928629494327 -0.004431
x 1263 37.59417246305337 -32.37555650129549 0.4034666928204213
u 1264 0.983709697619122 -0.004618
x 1264 38.49419535347816 -31.978515135476517 0.3988486928204213
u 1265 1.0066780867872323 0.004658
x 1265 39.41895942847703 -31.58075849668781 0.4035066928204213
z 1265 926 8.023009142672093 -0.3222014632391338
u 1266 1.1064441982664583 1.57175
x 1266 39.01546630133971 -30.6701273860695 1.9752566928204214
u 1267 0.9844732938370255 0.009495
x 1267 38.64356901292043 -29.758605147318086 1.9847516928204214
u 1268 0.9893149416813509 -0.011031
x 1268 38.243848818958746 -28.853642222272406 1.9737206928204214
u 1269 0.9965307300666147 0.009482
x 1269 37.839523247277135 -27.94282561745597 1.9832026928204214
u 1270 0.9887410601042674 -0.000565
x 1270 37.46493016874508 -27.027790709135594 1.9826376928204215
z 1270 926 3.513017000827067 0.7328172176149983
z 1270 1357 7.863502872498999 1.2459460246606555
u 1271 1.0044171625507325 0.007921
x 1271 37.091943478711315 -26.09519782331528 1.9905586928204215
u 1272 1.0194864968010358 0.009034
x 1272 36.6985108200698 -25.154689241985338 1.9995926928204215
u 1273 0.9766915001356204 -0.007827
x 1273 36.30301414467798 -24.261658561519088 1.9917656928204215
u 1274 0.9880131131733852 0.002493
x 1274 35.88776385578888 -23.365144978910592 1.9942586928204216
u 1275 1.03742300947878 -0.000487
x 1275 35.428692256048286 -22.434822590898452 1.9937716928204217
z 1275 1231 8.164911182768616 1.8889585304132415
z 1275 926 3.4195102911381916 -0.8026284236633521
z 1275 1363 7.998851809809956 2.822363194280356
z 1275 1357 3.2672674675942894 0.7878567136098885
u 1276 1.0028540199383171 -0.008524
x 1276 35.00289201529793 -21.52685549303315 1.9852476928204217
u 1277 0.9697884945013255 0.009566
x 1277 34.606852265453035 -20.641623846093893 1.9948136928204216
u 1278 0.9859051272434408 0.010088
x 1278 34.179930244513024 -19.752951654154426 2.0049016928204217
u 1279 0.9988487872190269 -0.002168
x 1279 33.7412093928649 -18.85560973310418 2.0027336928204216
u 1280 0.9869635407010802 -0.005473
x 1280 33.33471547315303 -17.95624479470249 1.9972606928204215
z 1280 1231 3.6009163645522233 2.3676607019848626
z 1280 471 7.850130257785535 0.32271493252073674
z 1280 926 7.867384084795911 -1.2251159385140824
z 1280 1363 7.7969216237243275 -2.8242641554047108
z 1280 472 7.96557563095725 0.3062350489823448
z 1280 1357 3.663042052242917 -0.8131432323010593
u 1281 0.9811205762559979 -0.005776
x 1281 32.93935438769121 -17.05831132218771 1.9914846928204215
u 1282 0.9792716190377477 0.007892
x 1282 32.54201303114772 -16.163276254226027 1.9993766928204215
u 1283 1.0168705943601966 0.000515
x 1283 32.12041271986331 -15.2379228296655 1.9998916928204216
u 1284 1.0218116199039138 -0.007795
x 1284 31.71712012825882 -14.29906779008754 1.9920966928204216
u 1285 1.020756511163431 0.00898
x 1285 31.289355840150357 -13.372269771626634 2.0010766928204218
z 1285 1231 3.539984024328359 -2.3603592601199286
z 1285 471 8.102688530487889 -0.30390271633410637
z 1285 479 7.759525826911075 1.8939793668903995
z 1285 472 7.856780080420986 -0.31328568010550434
z 1285 1357 7.936042709820808 -1.2341595660080478
u 1286 0.9968177670799244 -9.3e-05
x 1286 30.868977784993753 -12.468429104919966 2.0009836928204217
u 1287 1.0085662364729728 0.007353
x 1287 30.439824495596625 -11.555725032129324 2.008336692820422
u 1288 0.9959038159835839 -0.013003
x 1288 30.015051563881 -10.654959583963315 1.9953336928204217
u 1289 0.9839936936682189 -0.003029
x 1289 29.596184731324108 -9.76457010431255 1.9923046928204218
u 1290 0.997140733719128 -0.021265
x 1290 29.162117775321395 -8.866885274906071 1.9710396928204217
z 1290 478 7.829956862952694 1.2597844543912642
z 1290 1231 7.902941731690801 -1.8939917847466798
z 1290 465 7.967061930749629 0.3109041351715227
z 1290 479 3.6648004237748064 2.3566170408684566
u 1291 1.0095196354958949 0.020107
x 1291 28.756909657996555 -7.9422762001560665 1.9911466928204218
u 1292 0.9795825197402181 -0.01079
x 1292 28.348443591884013 -7.051923418400686 1.9803566928204217
u 1293 1.0027954255539737 0.004612
x 1293 27.971914184879545 -6.1225029060894585 1.9849686928204218
u 1294 1.0194906715794505 -0.011843
x 1294 27.585688570264146 -5.179010004155925 1.9731256928204217
u 1295 1.0327992901290473 -0.005921
x 1295 27.160564765029765 -4.237765611021475 1.9672046928204217
z 1295 1384 7.926873620545493 1.8944493855054552
z 1295 1225 7.969792499193439 2.8140910956300105
z 1295 478 3.4189778155466293 0.7771418877133811
z 1295 465 8.025149008143089 -0.31499300855282836
z 1295 479 3.7311048048801845 -2.412825822327027
u 1296 1.0070821021716276 0.009914
x 1296 26.76095679541253 -3.313363358687898 1.9771186928204216
u 1297 1.0302453045977435 0.008472
x 1297 26.383215145072096 -2.354869600363365 1.9855906928204217
u 1298 1.0301836638583088 -0.008132
x 1298 25.969244229387083 -1.411524163218036 1.9774586928204216
u 1299 0.9782061821948538 0.012418
x 1299 25.59094651117474 -0.509434436636287 1.9898766928204217
u 1300 0.9998984271674937 -0.007034
x 1300 25.203156194344256 0.41220074746451185 1.9828426928204217
z 1300 1384 3.6142549783461595 2.3872109706862115
z 1300 1225 8.008926265536473 -2.7908699105202963
z 1300 478 3.503421671509155 -0.7583936368531838
z 1300 479 7.996936728504234 -1.8944200632042199
z 1300 9 7.9176404476333735 0.3242387969838695
u 1301 0.9791270636762183 -0.009908
x 1301 24.787870684520136 1.298891172257811 1.9729346928204217
u 1302 0.9781646654456884 0.007455
x 1302 24.42590112321158 2.2076153977801045 1.9803896928204217
u 1303 0.9871863080936253 -0.00596
x 1303 24.025622029725774 3.1100069809911743 1.9744296928204217
u 1304 0.98715066919313 0.010279
x 1304 23.638643072665598 4.0181397634132265 1.9847086928204216
u 1305 0.985572953774895 -0.008407
x 1305 23.26985254464849 4.932110152750792 1.9763016928204216
z 1305 1384 3.666366514930006 -2.3848269996097957
z 1305 478 7.792890944238858 -1.2097698062442857
z 1305 9 7.86201049597366 -0.3218623722569476
u 1306 1.024908553514466 -0.000888
x 1306 22.869386816266825 5.875542542714557 1.9754136928204216
u 1307 1.0356188747543384 -0.020413
x 1307 22.46295632095495 6.828056828592489 1.9550006928204215
u 1308 0.9976002607427907 -0.005193
x 1308 22.100184011273104 7.7573577997886325 1.9498076928204215
u 1309 1.0422913838955532 0.004711
x 1309 21.69926467927408 8.719456032285429 1.9545186928204215
u 1310 0.9747887830558648 0.002902
x 1310 21.339254069044898 9.625328465486932 1.9574206928204214
z 1310 1384 7.746545607772538 -1.899175161839789
z 1310 1400 7.891667608718705 1.231109389070314
u 1311 1.0010879686624117 0.01089
x 1311 20.98230214498942 10.560610530300586 1.9683106928204215
u 1312 1.0040443368581553 -0.001129
x 1312 20.61141620484772 11.493642439026761 1.9671816928204215
u 1313 1.0176274838448804 -0.011617
x 1313 20.229701839696958 12.436960091338298 1.9555646928204216
u 1314 0.9967536432246615 0.010591
x 1314 19.843405063848824 13.355809012237343 1.9661556928204216
u 1315 0.9779713059799692 -0.003572
x 1315 19.479615310283826 14.263599667391446 1.9625836928204217
z 1315 1406 7.907219633752435 1.885369804453351
z 1315 1400 3.4866344817459716 0.7315172381714792
u 1316 0.9969305923644621 0.003453
x 1316 19.097580052600577 15.184424667252383 1.9660366928204216
u 1317 1.0234929009566422 -0.001329
x 1317 18.701286078156652 16.12808172887193 1.9647076928204217
u 1318 1.012322409338309 -0.018305
x 1318 18.327689031795213 17.068928843218895 1.9464026928204217
u 1319 0.993357902838577 0.002324
x 1319 17.9661271453981 17.99414907717131 1.9487266928204217
u 1320 1.0252673854730663 -0.001365
x 1320 17.561426551366083 18.93616313104213 1.9473616928204216
z 1320 1406 3.5103905034198117 2.380044346386545
z 1320 1400 3.5702364584156046 -0.7697669466981788
u 1321 1.030192974016445 -0.001236
x 1321 17.199156700670926 19.900558269913283 1.9461256928204216
u 1322 1.022067051112679 -0.011385
x 1322 16.81997761863789 20.849680494536425 1.9347406928204216
u 1323 0.9133052870829548 -0.004549
x 1323 16.513962428273256 21.710191861266175 1.9301916928204217
u 1324 0.9911044035813329 0.001474
x 1324 16.134552295634446 22.625798606654172 1.9316656928204217
u 1325 0.9882842487819108 0.008372
x 1325 15.808882678331216 23.55887917764607 1.9400376928204217
z 1325 1406 3.42739663499864 -2.3258539880912337
z 1325 1400 8.076688094045728 -1.2602402828129142
z 1325 1417 7.8856085457306335 1.2589932089912945
u 1326 0.9827418128508487 0.003246
x 1326 15.451800393581635 24.474451602223187 1.9432836928204218
u 1327 0.9679413468270154 -0.00452
x 1327 15.10229228879488 25.37708826249429 1.9387636928204217
u 1328 0.9714815202297056 0.009481
x 1328 14.78637137506602 26.295762987746226 1.9482446928204218
u 1329 0.9830230437799374 0.00608
x 1329 14.412704764615553 27.204995956800616 1.9543246928204219
u 1330 0.9718194999127209 -0.00837
x 1330 14.029423889354248 28.098037611714275 1.9459546928204219
z 1330 1406 7.803560005542342 -1.9035488351890548
z 1330 1423 8.017381810603757 1.9212833180215378
z 1330 1417 3.545272096200798 0.7804298275668586
u 1331 0.9740344863759035 0.000178
x 1331 13.666792924770055 29.002051970931394 1.946132692820422
u 1332 0.9929441297110366 0.007239
x 1332 13.308947108960254 29.928270147887243 1.953371692820422
u 1333 1.0025447147273099 -0.002753
x 1333 12.950525197485366 30.864554828740076 1.9506186928204219
u 1334 0.9783575017670896 0.004323
x 1334 12.594769259622066 31.77593818565417 1.954941692820422
u 1335 1.0217957594642484 0.011525
x 1335 12.211407833031382 32.72308602741192 1.966466692820422
z 1335 1429 8.063420466725024 0.3094327881559746
z 1335 1423 3.6716388187429327 2.417928668213235
z 1335 1417 3.4252082313342647 -0.7227722832462994
z 1335 1430 7.885986884315749 1.8988803113634138
u 1336 1.0080146527784637 -0.009639
x 1336 11.848602800093738 33.66354239598205 1.956827692820422
u 1337 0.9535307713162627 0.012478
x 1337 11.484228453894595 34.54470099156059 1.969305692820422
u 1338 1.00798628561697 -0.00038
x 1338 11.096366106588993 35.475076796978264 1.968925692820422
u 1339 0.9678220780637179 -0.014593
x 1339 10.732758278487122 36.371989445817626 1.9543326928204219
u 1340 0.9990389085831691 0.002566
x 1340 10.36844542299209 37.30223368070546 1.956898692820422
z 1340 1436 8.157920940956709 1.2503261238555536
z 1340 1429 8.010787693504303 -0.3258702020857231
z 1340 1423 3.534382940769152 -2.3427417051050146
z 1340 1417 8.175117452079817 -1.2521089841625443
z 1340 1430 3.5422595422978254 2.3454068019502308
z 1340 1101 7.966815378888857 2.8047942660994543
u 1341 0.9799800158819911 -0.013465
x 1341 9.986894151912834 38.20487699298546 1.9434336928204219
u 1342 0.976995231057517 0.002654
x 1342 9.652763708126805 39.12295976036776 1.9460876928204218
u 1343 0.9934613130936718 0.017496
x 1343 9.306016025627995 40.05393035543869 1.9635836928204218
u 1344 1.003190909047619 0.01154
x 1344 8.919009167022088 40.97946075627271 1.9751236928204219
u 1345 1.0192169016684738 -0.007711
x 1345 8.559181947736862 41.93304468949016 1.9674126928204219
z 1345 1436 3.4785516133298926 0.8293687781466857
z 1345 1423 7.956139246927495 -1.9044134426448123
z 1345 1108 7.918429898010085 2.8324936561025287
z 1345 1430 3.4615656913310198 -2.3727781881052845
z 1345 1101 7.989748751856969 -2.814474343972303
u 1346 0.9866418227074406 -0.009106
x 1346 8.192367334277417 42.848960842380585 1.9583066928204218
u 1347 1.0152014102990539 -0.013042
x 1347 7.843502502723359 43.80232993363578 1.9452646928204218
u 1348 0.9772037513803571 -0.010981
x 1348 7.473562272702275 44.706797623687756 1.934283692820422
u 1349 0.9969431013393019 0.005655
x 1349 7.105325312226069 45.63323944031697 1.9399386928204219
u 1350 0.9692294929775792 -0.002245
x 1350 6.763116049806586 46.54004605488223 1.9376936928204218
z 1350 1436 3.6095449496023733 -0.8671949628369999
z 1350 1108 7.902205563948587 -2.8091135592349743
z 1350 1430 7.833289015030659 -1.8873472364806825
u 1351 1.1119650969478685 1.56232
x 1351 5.830666034993763 46.17249200187837 3.5000136928204215
u 1352 0.9857240005761005 0.011137
x 1352 4.8969843781279145 45.85645351382629 3.5111506928204217
u 1353 0.9732941739391145 0.002821
x 1353 3.984152279826202 45.51875767270281 3.5139716928204217
u 1354 0.9885428640717102 0.010484
x 1354 3.063067426909008 45.159855545338665 3.5244556928204216
u 1355 0.9752089081011265 0.013712
x 1355 2.1708407480490184 44.76621984185831 3.5381676928204215
z 1355 1436 3.5845354727774703 -0.7040625615064247
u 1356 1.0140630076539645 0.017522
x 1356 1.2262410376406174 44.39739893524866 3.5556896928204216
u 1357 0.9839753144956599 -0.008819
x 1357 0.31974327107502765 44.01469416184023 3.5468706928204217
u 1358 0.984657152716191 -0.00448
x 1358 -0.5922130228323373 43.64336707584361 3.5423906928204216
u 1359 1.0044966237148072 -0.002246
x 1359 -1.51158448921398 43.23868306369058 3.5401446928204217
u 1360 1.033259512490837 0.006826
x 1360 -2.4700411634005723 42.85270135631162 3.546970692820422
z 1360 1436 7.935767476917403 -1.2401622481112167
u 1361 1.0071044428822862 0.009427
x 1361 -3.395991954381607 42.45663699249862 3.556397692820422
u 1362 1.0204897297381716 0.006177
x 1362 -4.326348441083748 42.037312792252266 3.562574692820422
u 1363 0.9954947719115245 -0.016189
x 1363 -5.228971691382117 41.61748012897938 3.5463856928204223
u 1364 0.9941405795729227 0.000801
x 1364 -6.1318017687377635 41.2012911207944 3.5471866928204223
u 1365 0.9604037385128622 -0.011049
x 1365 -6.99140904527871 40.77299065681747 3.5361376928204225
z 1365 1462 8.06683342364896 0.3429594819098093
u 1366 1.010241206843809 0.010201
x 1366 -7.938360679259823 40.421051672461516 3.5463386928204224
u 1367 0.9424936639051809 -0.009427
x 1367 -8.803733823651907 40.04766574737869 3.5369116928204223
u 1368 0.9927173950049031 0.005052
x 1368 -9.72455621996315 39.6767589602035 3.5419636928204223
u 1369 0.9684741976177975 0.004353
x 1369 -10.622037868592535 39.31279813708173 3.5463166928204224
u 1370 1.0122739948589585 0.005146
x 1370 -11.548822206660974 38.90565299085001 3.5514626928204223
z 1370 1462 8.010186998996964 -0.3126653111990899
z 1370 559 7.802835251400609 1.2486854847835434
u 1371 0.988970856033816 -0.000954
x 1371 -12.459670891951308 38.52040248480249 3.550508692820422
u 1372 0.982632548624838 -0.011378
x 1372 -13.365070908497353 38.13855550113701 3.539130692820422
u 1373 0.9910585856751981 0.007278
x 1373 -14.276241461549844 37.74873373676897 3.546408692820422
u 1374 0.9978548773344036 0.01025
x 1374 -15.193837101668846 37.356657366914064 3.556658692820422
u 1375 1.0246107098000996 0.006502
x 1375 -16.120509970325966 36.91950658904013 3.563160692820422
z 1375 553 7.950327170506884 0.31851004358064566
z 1375 559 3.454062000630562 0.7861351463011261
u 1376 1.022860835398465 0.001776
x 1376 -17.0319848174145 36.45533246576964 3.564936692820422
u 1377 1.0229775357094535 -0.008652
x 1377 -17.968523814001486 36.043785119287065 3.5562846928204217
u 1378 0.9927476172515494 0.009468
x 1378 -18.86991561165382 35.62781240814474 3.5657526928204217
u 1379 1.0050428723237774 0.004876
x 1379 -19.783873762047786 35.20973385903651 3.5706286928204216
u 1380 1.0089396487222715 0.012585
x 1380 -20.69794020597498 34.782617580527614 3.5832136928204217
z 1380 553 7.760237093143482 -0.32953954146568004
z 1380 559 3.417050436926561 -0.8073950412771292
u 1381 0.9964691452235129 -0.013319
x 1381 -21.597005677934618 34.352946362236246 3.5698946928204216
u 1382 1.0169274152004586 0.004284
x 1382 -22.508425607119392 33.90188816325431 3.5741786928204218
u 1383 1.0317842323274196 0.011448
x 1383 -23.43649500113445 33.45105085851842 3.585626692820422
u 1384 0.9709663303574498 -0.00016
x 1384 -24.319546006122497 33.047322564654095 3.5854666928204217
u 1385 0.9703390966466429 0.001717
x 1385 -25.20292615415695 32.645828797300695 3.587183692820422
z 1385 559 7.980659498412396 -1.254246084362173
z 1385 560 7.988745095057171 0.3322413409743539
z 1385 576 7.924830991466001 1.245874643233274
u 1386 1.0011101332631502 0.006883
x 1386 -26.092222838888127 32.18608000860176 3.594066692820422
u 1387 0.9912317771144532 -0.01287
x 1387 -26.977330121169956 31.739860362229408 3.581196692820422
u 1388 0.9901377271504846 -0.011646
x 1388 -27.873956805889172 31.31983390303972 3.5695506928204224
u 1389 0.9580616807013878 -0.032042
x 1389 -28.74174135750614 30.913935360292967 3.5375086928204222
u 1390 0.9874263027362274 0.010577
x 1390 -29.651173185418532 30.52931169490832 3.5480856928204223
z 1390 560 8.006687090226517 -0.30623453648797655
z 1390 576 3.3989019939092096 0.7497534036046324
u 1391 1.0316868390188902 -0.004268
x 1391 -30.58128405894635 30.082915143576077 3.543817692820422
u 1392 1.021517614578733 0.019874
x 1392 -31.521761904757195 29.684210600712582 3.5636916928204223
u 1393 0.9738386194602153 -0.001909
x 1393 -32.408455738514014 29.28155018060448 3.5617826928204224
u 1394 0.9736187093640156 -0.013096
x 1394 -33.292698594545705 28.87407697302155 3.5486866928204224
u 1395 0.9868508182721195 -0.011604
x 1395 -34.20234443623033 28.491443921173076 3.537082692820422
z 1395 588 7.675797709065814 0.3405598013853055
z 1395 576 3.6107362277795922 -0.7964552054657266
u 1396 1.022905611928274 -0.011444
x 1396 -35.146380163767454 28.097589866176243 3.525638692820422
u 1397 0.9751804256294923 -0.00261
x 1397 -36.05191697024369 27.73567908324511 3.5230286928204224
u 1398 0.9891778302513973 -0.010344
x 1398 -36.973167647394966 27.375455201249054 3.5126846928204225
u 1399 0.9740071434131398 -0.011296
x 1399 -37.87943530536504 27.018581610359462 3.5013886928204223
u 1400 0.99976257063549 0.004208
x 1400 -38.82396430662734 26.690879476532952 3.5055966928204225
z 1400 588 7.961967942424787 -0.3153647655893169
z 1400 576 7.917597379609549 -1.2401023187295261
u 1401 0.9982596494097492 -0.00886
x 1401 -39.76161260950099 26.348342662611934 3.4967366928204227
u 1402 0.9872422483659753 0.007961
x 1402 -40.69028411465202 26.013363043934145 3.5046976928204225
u 1403 1.0114745648342713 0.006825
x 1403 -41.637588690220625 25.658833968810825 3.5115226928204226
u 1404 1.0098197963704616 0.010191
x 1404 -42.57647819603897 25.28706294853062 3.5217136928204225
u 1405 0.9754405285325644 0.007065
x 1405 -43.481316876253935 24.922718016109663 3.5287786928204223
u 1406 1.0028611821359794 -0.001739
x 1406 -44.408153093249965 24.539697228102675 3.527039692820422
u 1407 1.01869320410503 0.008095
x 1407 -45.35175336344303 24.155836957462984 3.535134692820422
u 1408 0.996305226002784 0.002436
x 1408 -46.27068491680308 23.770884476318503 3.537570692820422
u 1409 1.0413511588285407 0.007636
x 1409 -47.23965901518681 23.389444882855216 3.5452066928204222
u 1410 1.021716321979126 0.004537
x 1410 -48.1770565382472 22.98301120353687 3.5497436928204222
u 1411 1.1151591091833406 1.57018
x 1411 -47.75929983130035 22.06996305858452 5.119923692820422
u 1412 1.0080458659999876 0.024946
x 1412 -47.302585272028914 21.171344349690422 5.144869692820422
u 1413 1.0174905493717992 -0.000905
x 1413 -46.84974950055575 20.260176576185284 5.143964692820422
u 1414 0.9998363309130726 -0.008116
x 1414 -46.43505759094386 19.350397580272844 5.135848692820422
u 1415 1.0419968369082282 -0.013036
x 1415 -46.001088839537275 18.403078650277983 5.122812692820422
u 1416 0.969896685139608 0.004775
x 1416 -45.611626376366374 17.514812483946713 5.1275876928204225
u 1417 1.0051477108670235 -0.001936
x 1417 -45.19478437230031 16.60017356680936 5.125651692820423
u 1418 0.9582073111854423 0.001645
x 1418 -44.82191077449489 15.717492240269799 5.127296692820423
u 1419 0.9850997848915246 0.00555
x 1419 -44.381239175145815 14.836454422255086 5.132846692820423
u 1420 0.9438925327521491 -0.000561
x 1420 -44.009490670501314 13.96885074584945 5.132285692820423
u 1421 0.9954818898574469 -0.000963
x 1421 -43.61059880853181 13.056781999041126 5.131322692820423
u 1422 0.9901888964408787 0.007382
x 1422 -43.202260247832555 12.15471259040393 5.138704692820423
u 1423 0.9760085720014476 -0.018949
x 1423 -42.75772126466449 11.285834393026473 5.119755692820423
u 1424 0.9710804506907018 0.002787
x 1424 -42.378289900006884 10.391950468322563 5.1225426928204225
u 1425 1.00066885618807 0.008377
x 1425 -42.0074604327557 9.462532472850556 5.130919692820423
z 1425 79 8.054661969524233 1.262389537881901
u 1426 0.9999945560031446 -0.013314
x 1426 -41.62666030518622 8.53788897222771 5.1176056928204225
u 1427 0.9964429675274111 0.001569
x 1427 -41.22977362719424 7.623898081311673 5.1191746928204225
u 1428 0.9912514534876765 -0.015315
x 1428 -40.85756935920288 6.7051901724472645 5.103859692820422
u 1429 1.0151023859340202 0.010729
x 1429 -40.43599484053361 5.781773747087191 5.114588692820423
u 1430 1.0113325521705643 -0.009568
x 1430 -40.02651553957692 4.8570508532335674 5.105020692820423
z 1430 79 3.601908135488744 0.7792161805343056
u 1431 0.9776436099460217 0.004651
x 1431 -39.63038406127104 3.9632582838892056 5.109671692820423
u 1432 1.034819566935855 0.009712
x 1432 -39.24909471451059 3.001249160735485 5.119383692820423
u 1433 0.9925224864060845 -0.013067
x 1433 -38.811867609751346 2.110227652527717 5.106316692820423
u 1434 1.0288973086545214 0.018922
x 1434 -38.38165563831676 1.1756070099120262 5.125238692820423
u 1435 0.9614745586932208 -0.002426
x 1435 -37.99517005797036 0.2952310846367434 5.122812692820423
z 1435 79 3.655687559748508 -0.8000236610498752
u 1436 1.024407914213411 -0.006289
x 1436 -37.614334386015265 -0.6557538294683699 5.116523692820423
u 1437 1.013042108255961 0.002891
x 1437 -37.19615137936752 -1.5784545237756054 5.119414692820423
u 1438 1.0115941135989008 0.00632
x 1438 -36.76233200479391 -2.4923035237496496 5.125734692820423
u 1439 1.0046662738395797 -0.004381
x 1439 -36.37150441539898 -3.4178339137249054 5.121353692820422
u 1440 1.0405190989525932 0.005589
x 1440 -35.97494148770663 -4.379818851948508 5.126942692820422
z 1440 63 7.910545025533954 0.30641936055363544
z 1440 79 8.066927315830979 -1.2527396460368405
u 1441 1.0179315990242315 -0.001732
x 1441 -35.56335375279664 -5.310829065497566 5.125210692820422
u 1442 1.0007251789017133 -0.001042
x 1442 -35.14251471115184 -6.218763696461428 5.124168692820422
u 1443 1.0024868482705307 0.00968
x 1443 -34.73507503539261 -7.134713992153402 5.133848692820423
u 1444 1.0197563185679266 0.000265
x 1444 -34.31122584578865 -8.062213214604864 5.1341136928204225
u 1445 1.030600058717452 -0.006611
x 1445 -33.85628761390551 -8.986963893321589 5.127502692820422
z 1445 63 7.860844048911033 -0.3221009422024845
z 1445 85 7.8003388806448655 1.2455888975463243
u 1446 0.9674008076829872 0.01634
x 1446 -33.44174647291476 -9.861034338239552 5.143842692820422
u 1447 1.0060433463323086 0.000911
x 1447 -33.00735955041634 -10.768465407943115 5.144753692820422
u 1448 1.0077848484753027 0.007892
x 1448 -32.629499962536954 -11.702728305228254 5.152645692820422
u 1449 1.0029005176088444 -0.011778
x 1449 -32.230798956587265 -12.622964866588267 5.140867692820422
u 1450 1.0023615718779892 0.008933
x 1450 -31.80749952641641 -13.531556981837475 5.149800692820422
z 1450 85 3.4488480032903737 0.8216671805758162
z 1450 51 8.02695734009469 0.3189735465052963
u 1451 0.9603563589198237 0.014017
x 1451 -31.399814666269208 -14.401075406276977 5.163817692820422
u 1452 1.021761331650495 0.01518
x 1452 -30.96830641339824 -15.327237810592896 5.178997692820422
u 1453 1.017525311474199 -0.002614
x 1453 -30.50563129569521 -16.233487723916745 5.176383692820422
u 1454 0.9828090868204848 -0.024216
x 1454 -30.049585343475847 -17.10405569332599 5.152167692820422
u 1455 0.9662188858131507 -0.017621
x 1455 -29.640177086769814 -17.97923547975043 5.134546692820422
z 1455 85 3.530371140404363 -0.7902492662224758
z 1455 51 7.97863340902438 -0.3306279675733997
u 1456 0.983878920301845 -0.011105
x 1456 -29.242470552350643 -18.879145083131398 5.123441692820422
u 1457 1.0183937269588008 0.017828
x 1457 -28.82836952048932 -19.809531373343905 5.141269692820422
u 1458 0.9715477913225801 0.010419
x 1458 -28.457940636454087 -20.70768448605989 5.1516886928204215
u 1459 1.010679751846854 -0.008109
x 1459 -28.022798416243248 -21.619890171018596 5.143579692820421
u 1460 1.001464807831724 0.013707
x 1460 -27.61306751751917 -22.533693568545527 5.1572866928204215
z 1460 85 7.815058561015394 -1.2448735273281522
u 1461 1.1103797968115205 1.56236
x 1461 -26.71559354086957 -22.090719209177227 0.43646138564083525
u 1462 1.013265278151724 -0.00306
x 1462 -25.801391268086192 -21.653752474508895 0.43340138564083525
u 1463 0.9833188377191533 0.010554
x 1463 -24.91558722413394 -21.226835436648102 0.44395538564083525
u 1464 1.065644990578003 -0.017816
x 1464 -23.93879412944556 -20.800872458329447 0.42613938564083526
u 1465 0.9733974118653083 0.000893
x 1465 -23.051392096974283 -20.400847345084234 0.42703238564083523
z 1465 85 8.005896726769587 -0.31030457604635514
z 1465 40 7.953739135098661 1.2551693960291896
z 1465 51 7.809699014494733 0.32454934237585903
u 1466 0.989573157583082 -0.00087
x 1466 -22.14363594366651 -20.006850214924793 0.42616238564083525
u 1467 0.9957657165568541 0.005944
x 1467 -21.254627569250623 -19.55828522173939 0.43210638564083526
u 1468 0.9983831596176799 0.00169
x 1468 -20.339432356100964 -19.15930349534462 0.4337963856408353
u 1469 0.9985379481944785 -0.002555
x 1469 -19.42212564308171 -18.764809026661204 0.4312413856408353
u 1470 1.002631002368156 0.002603
x 1470 -18.511790890644203 -18.34461978619265 0.43384438564083533
z 1470 40 3.4730306480219832 0.8587209277098472
z 1470 51 7.992309562354301 -0.31052648791113163
u 1471 1.1166320073278253 1.56816
x 1471 -18.956101534004077 -17.44240692890168 2.002004385640835
u 1472 1.0083926171513566 0.004555
x 1472 -19.36741427269931 -16.521713851286762 2.006559385640835
u 1473 0.9897949206383461 -0.013365
x 1473 -19.767472687576085 -15.616378186085019 1.993194385640835
u 1474 0.9818229064482242 -0.013419
x 1474 -20.17654053845673 -14.72383953265992 1.9797753856408349
u 1475 0.9973029541886157 0.003609
x 1475 -20.560445343236026 -13.803388988773193 1.9833843856408349
z 1475 85 7.941852241542901 0.32445618304142604
z 1475 40 3.7552887787359306 -2.3186111270403353
z 1475 51 3.253928496156607 0.820655102054994
u 1476 1.0970439174772149 -1.58116
x 1476 -19.663151329119067 -13.393975140221546 0.40222438564083496
u 1477 1.0243707378628573 0.004082
x 1477 -18.709696096236392 -13.019466034306019 0.40630638564083493
u 1478 0.9985585557921718 0.007011
x 1478 -17.797520528576108 -12.613201540731156 0.4133173856408349
u 1479 1.0116505413456334 0.001435
x 1479 -16.8706729151779 -12.20775099662122 0.41475238564083494
u 1480 0.9829596218761412 0.00136
x 1480 -15.962475763325688 -11.831735833786617 0.41611238564083497
z 1480 40 3.5242548962440274 -2.3688491977366817
z 1480 51 7.942593825224855 -1.257209758264024
z 1480 34 7.599453571527364 1.2701712128757834
u 1481 0.9690640004344467 0.006587
x 1481 -15.075825966940217 -11.440668345941358 0.422699385640835
u 1482 0.988992532764317 0.025503
x 1482 -14.186591330015919 -11.007869341894313 0.448202385640835
u 1483 0.9738892981944616 0.004462
x 1483 -13.314497468688247 -10.57438221571455 0.452664385640835
u 1484 1.011132685191846 0.013461
x 1484 -12.417757462123369 -10.107229960202472 0.466125385640835
u 1485 0.9884073719571079 -0.00146
x 1485 -11.547337908964408 -9.638915150615421 0.464665385640835
z 1485 40 7.922556841481164 -1.8985704694993355
z 1485 28 7.939126662927101 2.818491809044026
z 1485 34 3.4999835463756113 0.7775047123385878
u 1486 1.114936209733194 -1.56677
x 1486 -11.07284290333367 -10.524108347388017 5.181080692820421
u 1487 1.0017878797974045 -0.001091
x 1487 -10.602644077064358 -11.408694081129502 5.179989692820421
u 1488 1.0170200810401526 0.007402
x 1488 -10.173425697920933 -12.330700971401745 5.187391692820421
u 1489 1.0167719962247164 0.001383
x 1489 -9.722472007656734 -13.241999987511221 5.188774692820421
u 1490 0.9825335570274188 -0.021171
x 1490 -9.288393095696252 -14.123425895832053 5.167603692820421
z 1490 40 8.04203052951181 -2.8287698576112534
z 1490 28 3.466855982947662 0.7691804361361613
z 1490 34 7.896080876289199 -1.2460753560278492
u 1491 1.0044685624509055 -0.000131
x 1491 -8.862872590612138 -15.033310169386642 5.1674726928204215
u 1492 1.028050206983999 -0.003191
x 1492 -8.445870921448334 -15.972988805508376 5.164281692820421
u 1493 1.003742905322376 4.4e-05
x 1493 -8.009741325486937 -16.877030173672217 5.164325692820421
u 1494 0.9823698171894396 0.003476
x 1494 -7.5704921652661765 -17.755727881236858 5.167801692820421
u 1495 1.0000824885661068 -0.022411
x 1495 -7.1059603686875334 -18.64135383686904 5.145390692820421
z 1495 28 3.497440937671428 -0.7797674670491106
u 1496 0.9852651315302385 -0.004568
x 1496 -6.691878106721799 -19.535379324043394 5.1408226928204215
u 1497 1.0464083413661427 -0.007768
x 1497 -6.260299342987199 -20.488639352336993 5.133054692820421
u 1498 1.0066816003659955 -0.002557
x 1498 -5.847711682525902 -21.40688698494547 5.130497692820421
u 1499 0.9984442109668072 0.005762
x 1499 -5.429708639086538 -22.313618224052973 5.1362596928204205
u 1500 1.0375291055444182 0.031224
x 1500 -4.984653828542497 -23.250797719100003 5.16748369282042
z 1500 421 7.95597958490342 1.2427632915339322
z 1500 28 7.915621860176243 -1.2704321483761813
z 1500 1598 7.843776680961793 1.8832160678399272
u 1501 1.0166006988387717 0.00645
x 1501 -4.574124595506957 -24.180818765513607 5.1739336928204205
u 1502 1.0048778096882778 -0.003309
x 1502 -4.115491864052971 -25.0749297813629 5.170624692820421
u 1503 1.0058629895066986 0.006465
x 1503 -3.6719482782758615 -25.977717639721654 5.177089692820421
u 1504 1.0167555688641954 0.003862
x 1504 -3.235503137252494 -26.89603470956904 5.180951692820421
u 1505 1.0288063095063633 0.008423
x 1505 -2.7662352285966088 -27.811580336302484 5.1893746928204205
z 1505 419 8.000261814528322 0.3237229618155051
z 1505 420 7.961212244005306 1.9068457573586932
z 1505 421 3.4681689585428215 0.7775362862247652
z 1505 422 7.983097536075831 0.3088489109028454
z 1505 1598 3.374804936955616 2.366325208358445
u 1506 0.9987739516996493 0.008548
x 1506 -2.2963015497170125 -28.692889402385255 5.197922692820421
u 1507 0.980008036431518 0.010309
x 1507 -1.8500437276558968 -29.56539224021976 5.208231692820421
u 1508 1.0183740298625987 -0.000662
x 1508 -1.3555163717900895 -30.455632837544087 5.207569692820421
u 1509 1.002670781703967 -0.008142
x 1509 -0.8737783557893452 -31.334991482546037 5.199427692820421
u 1510 0.9823051879747471 -0.011043
x 1510 -0.435723520981215 -32.21420797363411 5.188384692820421
z 1510 419 7.789869716920816 -0.32269478827960024
z 1510 420 3.387405188193464 2.3404418767401154
z 1510 421 3.5184947930045314 -0.7168584519611891
z 1510 422 7.949055938273426 -0.32215075933113413
z 1510 1598 3.3856961830028403 -2.360150142630701
u 1511 1.0108915082142216 -0.00547
x 1511 0.026860938727834016 -33.11304873316813 5.182914692820421
u 1512 1.0028475440678921 0.004144
x 1512 0.43960622155737 -34.0270197879193 5.187058692820421
u 1513 0.9746932036290974 0.006753
x 1513 0.9085550940046265 -34.881484641436664 5.193811692820421
u 1514 0.9922470880287573 -0.001925
x 1514 1.3548636537038075 -35.76769152992729 5.191886692820421
u 1515 0.9920995021816164 -0.003995
x 1515 1.8018523303695733 -36.65338969301254 5.187891692820421
z 1515 420 3.5730810150484973 -2.3406608252422805
z 1515 421 7.931351602759772 -1.2552066168500267
z 1515 1598 7.852100951751703 -1.885750757882518
u 1516 1.0766367185130383 1.56085
x 1516 2.6677808998938257 -36.21488687624202 0.4655563856408351
u 1517 1.0065537380882934 -0.026403
x 1517 3.5890936051335505 -35.809579004322586 0.4391533856408351
u 1518 1.018137940605148 -0.001829
x 1518 4.508920914357812 -35.37309040386405 0.4373243856408351
u 1519 1.023962580717557 -0.015247
x 1519 5.435516094192709 -34.937314742047406 0.4220773856408351
u 1520 1.032047981963188 0.007438
x 1520 6.37465023288423 -34.50936007614325 0.4295153856408351
z 1520 419 7.836035226630876 0.32050760213577084
z 1520 420 7.966690927562082 -1.2375013852898706
z 1520 402 7.886059912002952 2.8211425292503454
z 1520 421 7.977800887023942 -0.3293136452563176
z 1520 422 7.734307289091894 0.32056607591896563
z 1520 403 7.876017212430404 2.830228072792468
u 1521 1.0125567558557316 0.000617
x 1521 7.301259392433748 -34.10111184682322 0.43013238564083506
u 1522 0.9946333799949455 0.001885
x 1522 8.197823574170656 -33.670451962814475 0.4320173856408351
u 1523 1.0039961218817686 0.001386
x 1523 9.11102824093042 -33.253240639865076 0.4334033856408351
u 1524 0.999873391827062 -0.004743
x 1524 10.015957228246942 -32.82797783476299 0.4286603856408351
u 1525 1.0248385025864497 0.000636
x 1525 10.951221886104971 -32.40896239263382 0.4292963856408351
z 1525 419 7.897763649603601 -0.30169709533489936
z 1525 428 7.970168321547544 1.8974683645102122
z 1525 429 8.052759883449896 0.3124023163739285
z 1525 430 7.785437778294808 1.8964336133162611
z 1525 402 7.829591254682456 -2.8273698341360927
z 1525 422 7.864064318404319 -0.32420508190788466
z 1525 403 7.772660291541114 -2.8198408786544134
u 1526 0.9951826073063256 -0.008362
x 1526 11.848294029566627 -31.978097889095746 0.42093438564083513
u 1527 0.9790245827870019 0.011954
x 1527 12.741093062863829 -31.576367125970016 0.43288838564083515
u 1528 0.9641858994257541 0.009404
x 1528 13.614041200857017 -31.166966166196808 0.4422923856408352
u 1529 0.9956324222869372 0.002727
x 1529 14.514070124171718 -30.741253536366568 0.44501938564083515
u 1530 0.9854130274917708 -0.002875
x 1530 15.404289566531553 -30.31870471038128 0.44214438564083514
z 1530 428 3.541268338109949 2.3296843779828134
z 1530 436 7.741127857528255 0.31736239594363186
z 1530 429 7.9677159507916695 -0.32792416070624
z 1530 430 3.571469214875021 2.3844788165972526
u 1531 0.984777292747893 -0.000722
x 1531 16.30266308529864 -29.91532982895949 0.44142238564083514
u 1532 0.9762797328492229 0.005708
x 1532 17.185740943573457 -29.499045040415925 0.4471303856408351
u 1533 0.9606613153340059 -0.008034
x 1533 18.057303284495887 -29.095010036021737 0.43909638564083514
u 1534 1.0101570704912124 -0.008912
x 1534 18.975586109352957 -28.674097685438483 0.43018438564083517
u 1535 0.9719399567539773 0.010543
x 1535 19.853645798341727 -28.25736070390463 0.4407273856408352
z 1535 428 3.5871857524527497 -2.3685424134453923
z 1535 436 8.007287216161288 -0.32547352068510677
z 1535 430 3.5015497735716967 -2.3241692368234874
u 1536 1.0070155288616458 0.001031
x 1536 20.758757795074036 -27.815939749585226 0.4417583856408352
u 1537 1.0238831767196737 -0.011386
x 1537 21.695590158586022 -27.402816817909255 0.4303723856408352
u 1538 1.0172460008761985 0.009636
x 1538 22.634778179570603 -27.012039028540325 0.44000838564083516
u 1539 1.0130642834227699 -0.030465
x 1539 23.540445197047042 -26.55818098776509 0.40954338564083514
u 1540 0.9804848418504087 -0.006073
x 1540 24.437189531960875 -26.161700006827868 0.40347038564083515
z 1540 464 7.839303147837822 0.3025630527890815
z 1540 428 7.993698853672184 -1.8835841315056823
z 1540 430 7.850696359967057 -1.8998481384954453
u 1541 1.107001572125755 1.55357
x 1541 24.04620249098763 -25.242405742964557 1.957040385640835
u 1542 0.9958687171339157 0.002243
x 1542 23.687460358672766 -24.313396502713857 1.959283385640835
u 1543 1.0154324353068855 -0.006747
x 1543 23.30188578587003 -23.374018321150654 1.9525363856408349
u 1544 0.9770244343733465 0.001126
x 1544 22.95188636010035 -22.461835748160524 1.9536623856408348
u 1545 1.0144081247733663 0.008229
x 1545 22.538599441259162 -21.535438447044662 1.9618913856408349
z 1545 464 3.66492813629408 2.338944907409186
z 1545 471 8.021566440502752 2.8200092493058007
z 1545 436 7.9749859838434825 0.33760625253955306
z 1545 458 7.936726933925597 1.877704994074554
z 1545 472 7.852135494354386 2.8193793642895297
u 1546 0.9772713235338036 -0.005713
x 1546 22.17291226581467 -20.629166119381267 1.9561783856408348
u 1547 0.9587518147752221 -0.007808
x 1547 21.83128452280407 -19.733347578818794 1.9483703856408348
u 1548 1.0226087377263644 0.007786
x 1548 21.428642107127157 -18.793346284801675 1.9561563856408348
u 1549 1.026024300482611 -0.017933
x 1549 21.02785449095794 -17.84885333098233 1.9382233856408349
u 1550 1.0088217043157859 -0.005995
x 1550 20.666054080911298 -16.907142841333265 1.9322283856408349
z 1550 442 8.003642145704667 0.3376245575530962
z 1550 464 3.5553245816380814 -2.3845993307779336
z 1550 8 7.910905501072555 1.8817070142937664
z 1550 471 8.046954190350533 -2.821200232307218
z 1550 436 7.84882968279985 -0.3205209094379616
z 1550 458 3.517859468782117 2.3943162508423477
z 1550 472 7.74284252719891 -2.8167381552960284
u 1551 0.9914003681012052 0.010848
x 1551 20.32790504733012 -15.975198485512534 1.9430763856408348
u 1552 0.9805621964219525 0.00299
x 1552 19.948205697743493 -15.071135485136734 1.946066385640835
u 1553 1.0076889098657587 0.019858
x 1553 19.60414317391827 -14.124021685089446 1.9659243856408348
u 1554 1.0016242835776321 -0.000155
x 1554 19.215889897070124 -13.200706681172756 1.965769385640835
u 1555 1.0275126751094137 0.001221
x 1555 18.846546671803367 -12.241870017139956 1.9669903856408348
z 1555 6 7.7843936622771075 1.9142629610188313
z 1555 442 7.8967226523729455 -0.33130434134579306
z 1555 15 7.737672169179823 0.3143070890225231
z 1555 464 7.864893386817141 -1.8837759028758732
z 1555 8 3.5399326463225256 2.3746305985341665
z 1555 465 8.03657334045425 2.809247295248678
z 1555 458 3.3932757624012817 -2.3075070083857288
u 1556 1.0011565908953577 -0.002098
x 1556 18.452327810161815 -11.321595253294918 1.964892385640835
u 1557 1.0515209166954498 0.004451
x 1557 18.048867258248748 -10.350557666046102 1.9693433856408349
u 1558 0.9995189027263692 -0.012868
x 1558 17.646284304343382 -9.435707286641454 1.9564753856408348
u 1559 0.9942589687116945 -0.00147
x 1559 17.23243748912225 -8.531671041581928 1.9550053856408347
u 1560 1.0025400384875476 -0.011663
x 1560 16.868009273135623 -7.597718574326339 1.9433423856408347
z 1560 6 3.444001968829286 2.4037408738372132
z 1560 15 8.129315225755487 -0.3278737913885693
z 1560 7 8.050013479553932 1.8842423835283053
z 1560 8 3.6367177637122183 -2.3655605817797287
z 1560 465 8.093640635857266 -2.8094614923008034
z 1560 458 7.955932238053565 -1.9019691460972568
u 1561 1.0028140699852903 -0.010935
x 1561 16.518031120644793 -6.657962578814683 1.9324073856408348
u 1562 0.9960851711541572 0.000592
x 1562 16.16963258538124 -5.724793730297325 1.9329993856408347
u 1563 1.0179749840983978 0.010406
x 1563 15.833665566622262 -4.763861953564343 1.9434053856408346
u 1564 0.9866316611169567 -0.014118
x 1564 15.471724910839416 -3.846024915842786 1.9292873856408346
u 1565 0.9994431860588444 0.005247
x 1565 15.112092064454897 -2.913529014368485 1.9345343856408346
z 1565 6 3.4045993731421613 -2.3383029789754963
z 1565 7 3.3758937581772326 2.405170604434895
z 1565 8 7.835398659174912 -1.9014687293843686
z 1565 9 7.860975798207242 2.8129631345643515
u 1566 0.9693491293239188 0.005021
x 1566 14.778069167330006 -2.0035485394887793 1.9395553856408345
u 1567 1.0107255214663884 -0.007493
x 1567 14.432720716828777 -1.0536560467126752 1.9320623856408345
u 1568 0.9984841336154676 0.001751
x 1568 14.079900608875116 -0.11958523473985339 1.9338133856408346
u 1569 0.9891469545374467 -0.001799
x 1569 13.740359458838233 0.8094590275128287 1.9320143856408345
u 1570 0.9453738078309811 -0.014131
x 1570 13.398882884252817 1.6909977467772808 1.9178833856408346
z 1570 6 7.835154740999057 -1.9041740858245748
z 1570 7 3.6322981530292915 -2.3414903834430336
z 1570 9 8.000451461761392 -2.8171906758953504
u 1571 0.9905193998563683 0.008847
x 1571 13.075162810428264 2.6271214543864976 1.9267303856408347
u 1572 0.9979703671722708 0.0044
x 1572 12.698635620831338 3.5513349159083694 1.9311303856408346
u 1573 1.0318694039485676 -0.00786
x 1573 12.34032031644759 4.518991429235998 1.9232703856408346
u 1574 0.9737688047409628 0.019741
x 1574 11.990713363430883 5.427820274344016 1.9430113856408346
u 1575 0.9935583062228428 0.00504
x 1575 11.649384863119522 6.360907019038847 1.9480513856408346
z 1575 7 7.803908384501961 -1.8779330142744868
u 1576 0.9902445943453027 -0.006769
x 1576 11.287735965541609 7.282747942067696 1.9412823856408346
u 1577 1.0292983916200156 -0.005214
x 1577 10.887895103832998 8.231209888654966 1.9360683856408345
u 1578 0.973522857616423 0.004825
x 1578 10.520771731946372 9.132855797778717 1.9408933856408346
u 1579 0.9847988271209288 0.008337
x 1579 10.185630992615211 10.05887080704021 1.9492303856408346
u 1580 0.9592045820324117 -0.003799
x 1580 9.850055405595576 10.957459338580884 1.9454313856408345
u 1581 0.9610359316057527 -0.0023
x 1581 9.494798789329174 11.850422042889942 1.9431313856408345
u 1582 0.9762102979674695 -0.000327
x 1582 9.146085741957634 12.762225611624928 1.9428043856408346
u 1583 0.9598113281670714 -0.007367
x 1583 8.744873368993597 13.634155798601824 1.9354373856408347
u 1584 1.0080805827241421 -0.013086
x 1584 8.394133840054442 14.579245076050542 1.9223513856408347
u 1585 1.0039579151107976 -0.01679
x 1585 8.001165748133324 15.503086997557071 1.9055613856408347
u 1586 1.0380690496360652 0.008327
x 1586 7.6335022538133375 16.47386229607286 1.9138883856408346
u 1587 0.9755920187528924 0.007839
x 1587 7.3177192556817285 17.39693109700593 1.9217273856408346
u 1588 1.042657637745818 0.010176
x 1588 6.984147286309314 18.38478498785923 1.9319033856408345
u 1589 0.9811695365459556 -0.006713
x 1589 6.615947970565808 19.294245986512838 1.9251903856408346
u 1590 0.964403410792411 0.016849
x 1590 6.290693274530581 20.202134370914816 1.9420393856408344
z 1590 1689 7.805300061804159 1.884566251865257
u 1591 1.0028421968527284 -0.001373
x 1591 5.922298379635605 21.13486022303607 1.9406663856408344
u 1592 1.0312211703354777 0.01089
x 1592 5.535135930689449 22.09063835153139 1.9515563856408344
u 1593 1.0159102240701203 0.015997
x 1593 5.134816592078053 23.024338518275368 1.9675533856408345
u 1594 1.0116799937637124 -0.008691
x 1594 4.796560278262749 23.977791523728747 1.9588623856408345
u 1595 0.9912536604930786 0.007072
x 1595 4.408699189537979 24.890010521624667 1.9659343856408344
z 1595 1695 8.072523607261857 1.882765924035383
z 1595 1689 3.552324361724306 2.3179407858999284
u 1596 1.0010822524806235 0.00767
x 1596 4.029166396638622 25.816355825671714 1.9736043856408345
u 1597 0.9927091132746767 -0.010757
x 1597 3.620231276902842 26.72091867523148 1.9628473856408346
u 1598 1.0024722380266198 -0.003047
x 1598 3.245683160487685 27.65079152621158 1.9598003856408346
u 1599 0.9942527979652722 0.005752
x 1599 2.8801066628758125 28.575393994915746 1.9655523856408346