delta 1.0
u 0 0.0 0.0
x 0 0.0 0.0 0.0
u 1 0.000985144000000067 -1.54136e-06
x 1 0.000985143999999677 -7.592584600400929e-10 -1.54136e-06
u 2 0.004926580000018737 -6.57618e-06
x 2 0.0059117239999520845 -2.4551877340303395e-08 -8.117540000000001e-06
u 3 0.026599200004379 -4.12159e-05
x 3 0.03251092399147414 -7.886269421712184e-07 -4.933344e-05
u 4 0.0640488000385206 -8.11689e-05
x 4 0.09655972375348776 -6.547759897257792e-06 -0.00013050234
u 5 0.08819000009469569 -0.000112047
x 5 0.18474972226790243 -2.2997473645569695e-05 -0.00024254934
u 6 0.0 0.0
x 6 0.18474972226790243 -2.2997473645569695e-05 -0.00024254934
u 7 0.13602100021138253 -0.000118978
x 7 0.3207707161946519 -6.408103007246268e-05 -0.00036152734
u 8 0.17697600014782291 -8.91877e-05
x 8 0.49774670168910196 -0.00013595473186477986 -0.00045071504
u 9 0.19183200000187173 -7.73962e-06
x 9 0.6895786818697051 -0.00022315864948247382 -0.00045845466000000003
u 10 0.0 0.0
x 10 0.6895786818697051 -0.00022315864948247382 -0.00045845466000000003
u 11 0.2510390000076042 2.82921e-05
x 11 0.940617657090115 -0.0003346974343890471 -0.00043016256000000003
u 12 0.25352700005480444 5.78624e-05
x 12 1.194144636702327 -0.00043642041478621403 -0.00037230016
u 13 0.31562500000406846 6.09925e-06
x 13 1.50976961518881 -0.0005529651106370424 -0.00036620091
u 14 0.30871400000084476 -3.57749e-06
x 14 1.8184835942870214 -0.0006665686645100924 -0.0003697784
u 15 0.38324500028030517 8.1693e-05
x 15 2.201728573727931 -0.0007926301681923544 -0.0002880854
u 16 0.374448001218935 0.00018594
x 16 2.576176567279826 -0.00086569073917044 -0.00010214540000000002
u 17 0.44606500461702053 0.000330129
x 17 3.0222415689882998 -0.0008376247306608316 0.0002279836
u 18 0.41945600427629476 0.000357778
x 18 3.4416975363079194 -0.0006669595813068236 0.0005857616
u 19 0.4989300119596265 0.000458205
x 19 3.940627378257283 -0.00026039947472181234 0.0010439666
u 20 0.46837600998197865 0.000485901
x 20 4.409002995779893 0.0003423614494285121 0.0015298675999999998
u 21 0.5548680297007924 0.000735806
x 21 4.963870013776039 0.0013953730272497772 0.0022656736
u 22 0.5811330406542216 0.000902968
x 22 5.545000889452078 0.002974401088686172 0.0031686416
u 23 0.5391530361011418 0.000822831
x 23 6.084150455236558 0.004904595565912821 0.0039914726000000005
u 24 0.6295540654837378 0.00102385
x 24 6.713698109369861 0.0077397181266333475 0.0050153226
u 25 0.5832010567016517 0.00102846
x 25 7.296890224427993 0.010964542470194287 0.0060437826
u 26 0.6758360694042057 0.000925386
x 26 7.972711964270782 0.015361822182447013 0.006969168600000001
u 27 0.6208020159363549 0.000539058
x 27 8.593497708139276 0.01985558094605608 0.007508226600000001
u 28 0.7207110589697069 0.000922905
x 28 9.31418585338878 0.025599355802189975 0.0084311316
u 29 0.6524680332038654 0.000675604
x 29 9.966628788842419 0.0313207312285559 0.0091067356
u 30 0.7511030256132588 0.000680928
x 30 10.717698282379944 0.03841644574528383 0.009787663600000001
u 31 0.6795480841886792 0.0012675
x 31 11.397209419963696 0.045498168729907 0.011055163600000001
u 32 0.770436446137923 0.00275975
x 32 12.167586056030782 0.05507832573482934 0.013814913600000001
u 33 0.0 0.0
x 33 12.167586056030782 0.05507832573482934 0.013814913600000001
u 34 0.7753392021191127 0.00402048
x 34 12.94282765181706 0.06734766730854949 0.0178353936
u 35 0.0 0.0
x 35 12.94282765181706 0.06734766730854949 0.0178353936
u 36 0.6793538532727204 0.00360812
x 36 13.622050124709371 0.08068894087236035 0.0214435136
u 37 0.7543512946431896 0.00430704
x 37 14.376190827248774 0.09848772806546877 0.025750553599999997
u 38 0.6581303638430805 0.00488249
x 38 15.03405902136033 0.11703913070548913 0.030633043599999996
u 39 0.7174723915379603 0.00574737
x 39 15.751127710207502 0.14107475226124916 0.036380413599999994
u 40 0.6187034131044338 0.00491647
x 40 16.36936392062642 0.1650982917653831 0.041296883599999994
u 41 0.6638558786833348 0.0052789
x 41 17.032578378147413 0.19425626803389412 0.0465757836
u 42 0.0 0.0
x 42 17.032578378147413 0.19425626803389412 0.0465757836
u 43 0.5546047674121486 0.00363435
x 43 17.586533558939987 0.221084744444887 0.0502101336
u 44 0.5825774816440847 0.00280457
x 44 18.168335075032502 0.25113961972001264 0.0530147036
u 45 0.48186019027552834 0.00200639
x 45 18.649492337567658 0.2771560335828636 0.055021093599999994
u 46 0.49804018598610317 0.00188205
x 46 19.1467527828262 0.30501286796346455 0.0569031436
u 47 0.4507960873882561 0.00136414
x 47 19.59680160911928 0.33095771028837534 0.0582672836
u 48 0.3671820377001469 0.00100814
x 48 19.96334967720699 0.35252507387154347 0.059275423599999995
u 49 0.377583041183967 0.0010668
x 49 20.340257576526664 0.37509440924352877 0.060342223599999995
u 50 0.3024550205865289 0.000844955
x 50 20.642154375192618 0.39346168968003925 0.061187178599999996
u 51 0.3067930170963173 0.000712821
x 51 20.948366562503512 0.4123309158420101 0.0618999996
u 52 0.2439420051096265 0.000424476
x 52 21.19183816144954 0.4274729589690773 0.0623244756
u 53 0.23747900320795803 0.000355132
x 53 21.428853457916183 0.4423062193238576 0.06267960759999999
u 54 0.182161001096909 0.000244724
x 54 21.610655347159973 0.453738770325665 0.0629243316
u 55 0.17326500080704535 0.000219118
x 55 21.783576247144385 0.4646531064545925 0.0631434496
u 56 0.12686400028778216 0.000160838
x 56 21.910186777702343 0.472668596842254 0.0633042876
u 57 0.1115700002516411 0.000153686
x 57 22.021532755152645 0.47973529602125586 0.0634579736
u 58 0.07898810009939448 0.000109049
x 58 22.100361596182438 0.4847486554765606 0.0635670226
u 59 0.04541200001394607 5.4622e-05
x 59 22.145681798637813 0.48763465515739385 0.0636216446
u 60 0.021226100001428085 2.67271e-05
x 60 22.16686493650314 0.4889844667823591 0.0636483717
u 61 0.0014810800000001748 -2.11939e-06
x 61 22.168343017602748 0.48907866991072146 0.06364625231
u 62 0.0014809300000001165 1.91903e-06
x 62 22.16982094901552 0.48917286335037163 0.06364817134
u 63 1.522143505366327e-07 -2.00281e-07
x 63 22.16982110092166 0.48917287303198154 0.063647971059
u 64 1.5224542484209792e-07 2.00323e-07
x 64 22.16982125285881 0.48917288271556797 0.06364817138199999
u 65 0.005924030000026397 8.07678e-06
x 65 22.175733285998934 0.4895497057391668 0.063656248162
u 66 0.04393430001368307 5.69763e-05
x 66 22.219578522941372 0.4923457591420128 0.06371322446199999
u 67 0.07306220006394235 9.85015e-05
x 67 22.292492250503802 0.49700122977548933 0.063811725962
u 68 0.12341500032764424 0.000165953
x 68 22.415655413479485 0.5048814300737936 0.06397767896199999
u 69 0.14612200063485184 0.000193872
x 69 22.56147756044693 0.5142377357795018 0.06417155096199999
u 70 0.20778400121775742 0.000216459
x 70 22.768832438710977 0.5275848498342897 0.06438800996199999
u 71 0.26344200054360806 0.000125905
x 71 23.031727469097834 0.5445521877696486 0.06451391496199999
u 72 0.28270100062602416 0.000159912
x 72 23.313838908127224 0.5628002439243845 0.06467382696199998
u 73 0.37257100274332966 0.000311929
x 73 23.685627243862672 0.5869370285222747 0.06498575596199999
u 74 0.3781560075607801 0.000523293
x 74 24.062978585321154 0.6115932222784302 0.06550904896199998
u 75 0.47889412215457655 0.0019966
x 75 24.540813889629597 0.6434197207323967 0.06750564896199998
u 76 0.0 0.0
x 76 24.540813889629597 0.6434197207323967 0.06750564896199998
u 77 0.4682945302289129 0.00362435
x 77 25.007983546171598 0.6758548712684613 0.07112999896199998
u 78 0.5677692755939343 0.00473389
x 78 25.574219494969118 0.7175465802165268 0.07586388896199998
u 79 0.5388999858313452 0.00438303
x 79 26.111478220639853 0.7595679021117039 0.08024691896199998
u 80 0.6382297681473205 0.00530295
x 80 26.74751549578051 0.8124154849475507 0.08554986896199998
u 81 0.5831773360041438 0.0048913
x 81 27.32843587652827 0.863666225435097 0.09044116896199998
u 82 0.6739320857645005 0.00555903
x 82 27.999440951023153 0.9263996024740484 0.09600019896199999
u 83 0.6802226825300988 0.00475153
x 83 28.676374110640317 0.9932092178107439 0.10075172896199999
u 84 0.6144378476410548 0.00384559
x 84 29.28757570622213 1.0561855062610992 0.10459731896199999
u 85 0.7012422076208676 0.00385784
x 85 29.984842450545205 1.1307449532276728 0.10845515896199999
u 86 0.629297163778392 0.00133502
x 86 30.610396525535055 1.1992793298989388 0.109790178962
u 87 0.714633040176241 0.000711334
x 87 31.320698929298757 1.2778341246901426 0.11050151296199999
u 88 0.6431460023073015 9.01446e-05
x 88 31.95991913364387 1.3487869989135217 0.11059165756199998
u 89 0.7431630363033701 -0.00133063
x 89 32.698596518062296 1.430315759402727 0.10926102756199998
u 90 0.6670133100038123 -0.00549074
x 90 33.361828742850655 1.5012287621822522 0.10377028756199999
u 91 0.7659698977706922 -0.0128454
x 91 34.12416688755353 1.5756758574579537 0.09092488756199998
u 92 0.6872701447410531 -0.0197046
x 92 34.80916855469492 1.631332708353357 0.07122028756199998
u 93 0.0 0.0
x 93 34.80916855469492 1.631332708353357 0.07122028756199998
u 94 0.7825774474722358 -0.0337796
x 94 35.590554127854794 1.673827587902537 0.03744068756199998
u 95 0.783605886397518 -0.0440727
x 95 36.37400363288718 1.6858970632257528 -0.006632012438000018
u 96 0.6959764894968866 -0.0464676
x 96 37.06960716534086 1.6651161195899031 -0.053099612438000016
u 97 0.7799776724630263 -0.0598094
x 97 37.84678361876008 1.6004585634516242 -0.11290901243800001
u 98 0.0 0.0
x 98 37.84678361876008 1.6004585634516242 -0.11290901243800001
u 99 0.687156720935341 -0.0580292
x 99 38.5269360455335 1.5032754989700434 -0.170938212438
u 100 0.7674522454545364 -0.0691027
x 100 39.27809254770776 1.3467107504585054 -0.24004091243800002
u 101 0.6796106702121737 -0.0621004
x 101 39.93277814233709 1.1647519029186 -0.302141312438
u 102 0.7594877842020633 -0.0685544
x 102 40.64955093868021 0.9140876245001108 -0.37069571243800004
u 103 0.6807465579278459 -0.0567337
x 103 41.27672415464558 0.6496157991060081 -0.42742941243800003
u 104 0.0 0.0
x 104 41.27672415464558 0.6496157991060081 -0.42742941243800003
u 105 0.7681273422045657 -0.0540132
x 105 41.96680938893486 0.31248295831765904 -0.481442612438
u 106 0.6845769545691995 -0.0433085
x 106 42.566516035364806 -0.017553856604643425 -0.524751112438
u 107 0.7654973080640127 -0.048416
x 107 43.21947360435718 -0.4169510057474381 -0.573167112438
u 108 0.7619116408608284 -0.0485909
x 108 43.84933404774374 -0.8455195072210415 -0.621758012438
u 109 0.0 0.0
x 109 43.84933404774374 -0.8455195072210415 -0.621758012438
u 110 0.6735343719402893 -0.0429156
x 110 44.388235460243834 -1.2494553889046416 -0.6646736124379999
u 111 0.7590470319084318 -0.0491147
x 111 44.97395997946488 -1.7321181849946659 -0.7137883124379999
u 112 0.6716356618980934 -0.0428194
x 112 45.47207272011027 -2.182572667311512 -0.7566077124379998
u 113 0.7472844187538571 -0.0444943
x 113 46.00388493711014 -2.707470414309297 -0.8011020124379998
u 114 0.6648648417321824 -0.035526
x 114 46.457997390779376 -3.193042908549241 -0.8366280124379999
u 115 0.0 0.0
x 115 46.457997390779376 -3.193042908549241 -0.8366280124379999
u 116 0.7446325358008539 -0.0343884
x 116 46.947276368359454 -3.7543174007629894 -0.8710164124379999
u 117 0.6591553273695153 -0.0268369
x 117 47.36498820865326 -4.264196295818086 -0.8978533124379999
u 118 0.0 0.0
x 118 47.36498820865326 -4.264196295818086 -0.8978533124379999
u 119 0.7447596193201833 -0.0264546
x 119 47.82143229250116 -4.852663237286211 -0.9243079124379999
u 120 0.6529138085938733 -0.0214322
x 120 48.209124508027664 -5.377996340977383 -0.9457401124379999
u 121 0.7367623659836444 -0.0233577
x 121 48.63321918377411 -5.9804395424735235 -0.969097812438
u 122 0.727459832622228 -0.0239175
x 122 49.037782517442075 -6.58500640432719 -0.993015312438
u 123 0.6412700837604935 -0.0211808
x 123 49.382307854969035 -7.125852258900515 -1.014196112438
u 124 0.7238228265521612 -0.0222168
x 124 49.757847347423876 -7.744615561179262 -1.036412912438
u 125 0.6366804229305287 -0.0174907
x 125 50.07730724995545 -8.295339627786458 -1.053903612438
u 126 0.7166993406088442 -0.016026
x 126 50.42647887131799 -8.921219911930017 -1.069929612438
u 127 0.6365928509466062 -0.0111233
x 127 50.729049942055944 -9.481306536168011 -1.081052912438
u 128 0.7059724519745694 -0.0113279
x 128 51.05760337845691 -10.106162049721174 -1.092380812438
u 129 0.6262390505788523 -0.00593196
x 129 51.3442564742834 -10.662942258718063 -1.098312772438
u 130 0.6975710005800926 0.00162207
x 130 51.66222407156077 -11.283830172305771 -1.096690702438
u 131 0.6017028734627085 0.00590791
x 131 51.938507003440115 -11.818351487533322 -1.090782792438
u 132 0.6582764644779869 0.005724
x 132 52.24416267981057 -12.401362060382118 -1.085058792438
u 133 0.6349342103537328 0.000316516
x 133 52.5406773721805 -12.962807057973894 -1.084742276438
u 134 0.548285361832561 -0.00857304
x 134 52.794722557155126 -13.448683627477122 -1.0933153164379998
u 135 0.5966833638921631 -0.0227452
x 135 53.06287418470605 -13.981703695052857 -1.1160605164379998
u 136 0.0 0.0
x 136 53.06287418470605 -13.981703695052857 -1.1160605164379998
u 137 0.5087993102994076 -0.0325995
x 137 53.27886212239156 -14.442358689016956 -1.1486600164379996
u 138 0.5495528799784785 -0.0509574
x 138 53.49115210831499 -14.949188033494261 -1.1996174164379996
u 139 0.4693160317807607 -0.0578919
x 139 53.648628536182585 -15.391225592579364 -1.2575093164379996
u 140 0.5050112311410906 -0.07251
x 140 53.78671987814272 -15.876875057095932 -1.3300193164379996
u 141 0.0 0.0
x 141 53.78671987814272 -15.876875057095932 -1.3300193164379996
u 142 0.42644123369045817 -0.0701521
x 142 53.873804087337454 -16.294240483553008 -1.4001714164379997
u 143 0.45436391543419247 -0.0859038
x 143 53.931638840192235 -16.744767713404258 -1.4860752164379998
u 144 0.3864530496402506 -0.0805671
x 144 53.94880157682207 -17.13073485331294 -1.5666423164379997
u 145 0.4237695907186947 -0.0904625
x 145 53.93140511993062 -17.554002613384053 -1.6571048164379998
u 146 0.4133218477296355 -0.0912348
x 146 53.87705415582404 -17.96359076736651 -1.7483396164379998
u 147 0.3642378300355415 -0.083839
x 147 53.79778086091054 -18.31898807885029 -1.8321786164379998
u 148 0.4051495806068297 -0.0941916
x 148 53.67481930221089 -18.704870592190275 -1.9263702164379999
u 149 0.3639904954838244 -0.0848114
x 149 53.533794648284236 -19.04031318184581 -2.011181616438
u 150 0.415355897448694 -0.0969689
x 150 53.33880816993516 -19.406872390475467 -2.1081505164379997
u 151 0.3767238284768432 -0.0881555
x 151 53.13197047082277 -19.721589919003975 -2.1963060164379997
u 152 0.0 0.0
x 152 53.13197047082277 -19.721589919003975 -2.1963060164379997
u 153 0.436864936189024 -0.102372
x 153 52.8585162445077 -20.062041295651724 -2.2986780164379996
u 154 0.386149972613543 -0.0906633
x 154 52.58890658628796 -20.338302624839933 -2.3893413164379997
u 155 0.4321572292078891 -0.101436
x 155 52.25894328449861 -20.61709288657138 -2.490777316438
u 156 0.3882587270004887 -0.0911303
x 156 51.93976539718494 -20.837923182496894 -2.581907616438
u 157 0.440400737304208 -0.103553
x 157 51.55513117104898 -21.0520167761099 -2.685460616438
u 158 0.4586806981648672 -0.104788
x 158 51.13352186182676 -21.232130988453374 -2.7902486164380003
u 159 0.0 0.0
x 159 51.13352186182676 -21.232130988453374 -2.7902486164380003
u 160 0.42709792419261416 -0.0919167
x 160 50.72632868369685 -21.360497494474334 -2.8821653164380003
u 161 0.5040121230148735 -0.100295
x 161 50.23352031967725 -21.4651649052927 -2.9824603164380004
u 162 0.4689343455436912 -0.0829592
x 162 49.76796129604345 -21.520193337585663 -3.0654195164380003
u 163 0.5523415973416179 -0.0873639
x 163 49.21608676583133 -21.538130708700194 -3.1527834164380004
u 164 0.5133006147308223 -0.0706886
x 164 48.70344857864947 -21.51425782361269 -3.2234720164380004
u 165 0.0 0.0
x 165 48.70344857864947 -21.51425782361269 -3.2234720164380004
u 166 0.5999987935617954 -0.0682085
x 166 48.10759643610422 -21.444837173083567 -3.2916805164380003
u 167 0.5581824816060516 -0.0512764
x 167 47.55807024635825 -21.34726469098962 -3.342956916438
u 168 0.6515501378330297 -0.0465241
x 168 46.922946018527234 -21.20215014731776 -3.3894810164380003
u 169 0.5970581248741567 -0.0300228
x 169 46.34642419901425 -21.046991453156384 -3.419503816438
u 170 0.6893327308392153 -0.0221763
x 170 45.68569194995812 -20.850540351855766 -3.441680116438
u 171 0.709879441944711 -0.0133231
x 171 45.008954488729806 -20.63618602707262 -3.455003216438
u 172 0.6398792469357415 -0.0100442
x 172 44.401246264124616 -20.43585449649577 -3.465047416438
u 173 0.7341443787535081 -0.0112457
x 173 43.70649912125531 -20.19860210710622 -3.4762931164379998
u 174 0.6681736719137265 -0.00915302
x 174 43.07641652861749 -19.976231098704545 -3.4854461364379996
u 175 0.7630109106805779 -0.00960247
x 175 42.35931633071345 -19.715561801489766 -3.4950486064379995
u 176 0.0 0.0
x 176 42.35931633071345 -19.715561801489766 -3.4950486064379995
u 177 0.6937381639487324 -0.00861022
x 177 41.70950545659631 -19.472630752203067 -3.5036588264379995
u 178 0.789958072756637 -0.00724127
x 178 40.97178229896655 -19.190149650895556 -3.5109000964379997
u 179 0.7095197307448583 -0.00277195
x 179 40.31045593498796 -18.93311781185604 -3.513672046438
u 180 0.0 0.0
x 180 40.31045593498796 -18.93311781185604 -3.513672046438
u 181 0.8096113627030691 -0.00214795
x 181 39.5565602235772 -18.637971131503882 -3.5158199964379997
u 182 0.7230221506530039 -0.00122712
x 182 38.883740519703395 -18.37325503676261 -3.5170471164379995
u 183 0.818217000137604 9.06246e-05
x 183 38.12250604717766 -18.07325314228088 -3.5169564918379996
u 184 0.8262960090197509 0.000338572
x 184 37.35369021219834 -17.77045403415011 -3.5166179198379997
u 185 0.7345890089812921 0.0003645
x 185 36.6701073145626 -17.501501569574774 -3.5162534198379998
u 186 0.8213360113985572 0.000300911
x 186 35.905700675730216 -17.201043038261055 -3.5159525088379997
u 187 0.7166440003584525 0.000113719
x 187 35.238675178993105 -16.93902088386028 -3.515838789838
u 188 0.7956930071802448 0.000302229
x 188 34.49801332984738 -16.648250558558978 -3.515536560838
u 189 0.6950320049015339 0.000227619
x 189 33.85098337252212 -16.394436216815055 -3.515308941838
u 190 0.0 0.0
x 190 33.85098337252212 -16.394436216815055 -3.515308941838
u 191 0.7696000100548045 0.000361005
x 191 33.1344527314259 -16.113601729236386 -3.5149479368380003
u 192 0.6728080017572655 0.000186306
x 192 32.50797243909469 -15.868259011311059 -3.5147616308380005
u 193 0.7478180073877423 0.000251398
x 193 31.81158746146549 -15.59571592818328 -3.5145102328380005
u 194 0.649550000699222 8.08284e-05
x 194 31.206672548823434 -15.359087207104519 -3.5144294044380007
u 195 0.7241560041044245 0.000263975
x 195 30.5322328599405 -15.095396059555632 -3.5141654294380005
u 196 0.7117990041803154 0.000227771
x 196 29.86923810300102 -14.83636754291616 -3.5139376584380004
u 197 0.6284470025508537 0.000216514
x 197 29.28382955833409 -14.607801427092285 -3.5137211444380005
u 198 0.6995240175421825 0.000947185
x 198 28.632063726011847 -14.353763803203062 -3.5127739594380007
u 199 0.6169928059463198 0.00461285
x 199 28.05657430539392 -14.131297234197039 -3.5081611094380007
u 200 0.6825301368176078 0.0103864
x 200 27.418130655452394 -13.889982283012385 -3.497774709438001
u 201 0.0 0.0
x 201 27.418130655452394 -13.889982283012385 -3.497774709438001
u 202 0.5968671230396281 0.012526
x 202 26.857437067888434 -13.685364577373184 -3.485248709438001
u 203 0.6613306497964753 0.0175389
x 203 26.23285293891908 -13.46801305819 -3.4677098094380012
u 204 0.5778521225938636 0.0173601
x 204 25.68387806850835 -13.287648756583838 -3.4503497094380013
u 205 0.6364250498434517 0.0204614
x 205 25.075612109343194 -13.100471739229022 -3.4298883094380015
u 206 0.5550458948281491 0.0185004
x 206 24.542043668367967 -12.947593103382001 -3.4113879094380013
u 207 0.6097493233358463 0.0217006
x 207 23.95263454323747 -12.791463252206949 -3.3896873094380013
u 208 0.5994008916467376 0.0243098
x 208 23.36985434592046 -12.651352662789428 -3.365377509438001
u 209 0.5193136743491202 0.0246992
x 209 22.862118322468064 -12.542370494865018 -3.340678309438001
u 210 0.5714507623708471 0.03037
x 210 22.300325023737688 -12.43787568860422 -3.310308309438001
u 211 0.4986965826133892 0.0274235
x 211 21.807622789803013 -12.360887348692525 -3.282884809438001
u 212 0.5569390544887232 0.0320421
x 212 21.255071642322417 -12.291304288534302 -3.2508427094380012
u 213 0.0 0.0
x 213 21.255071642322417 -12.291304288534302 -3.2508427094380012
u 214 0.49098083463299147 0.0296037
x 214 20.766296917054028 -12.245002633312888 -3.2212390094380012
u 215 0.5419677640832908 0.0344092
x 215 20.225412052947423 -12.211184869743459 -3.1868298094380014
u 216 0.4690783458529805 0.0312838
x 216 19.756558239624002 -12.197304968573999 -3.1555460094380012
u 217 0.5157967972480128 0.0356641
x 217 19.24079265730709 -12.199305475553892 -3.1198819094380013
u 218 0.45254881938000946 0.0322463
x 218 18.788587282128432 -12.216422333676542 -3.087635609438001
u 219 0.48188567461688264 0.0345157
x 219 18.307946906783656 -12.25070906916381 -3.053119909438001
u 220 0.4782294735056927 0.0342464
x 220 17.83240444567187 -12.3011119027282 -3.0188735094380013
u 221 0.41245327810893306 0.0294478
x 221 17.423855543794087 -12.357620382594828 -2.9894257094380015
u 222 0.47493972656968597 0.0338105
x 222 16.95571013414711 -12.437533660426658 -2.9556152094380015
u 223 0.4272494076314812 0.0294502
x 223 16.537052135440792 -12.522706093629816 -2.9261650094380016
u 224 0.4915854746494824 0.0310507
x 224 16.058538122072562 -12.635228102706323 -2.8951143094380014
u 225 0.4457485023630847 0.0252355
x 225 15.627679263965714 -12.74942892390132 -2.8698788094380014
u 226 0.5021688169645917 0.0235522
x 226 15.145565597318198 -12.889886307221452 -2.8463266094380013
u 227 0.45113762637238275 0.0180428
x 227 14.71515876220807 -13.025051365340545 -2.8282838094380014
u 228 0.5078625631848216 0.0174112
x 228 14.23340651352839 -13.185776715644446 -2.810872609438001
u 229 0.4511103863669646 0.0115138
x 229 13.807595077831113 -13.334716145600739 -2.7993588094380013
u 230 0.49990039831628064 0.0101725
x 230 13.337546622644462 -13.504871083969867 -2.7891863094380014
u 231 0.4860227457613712 0.00878296
x 231 12.88213502039101 -13.674626388564208 -2.7804033494380014
u 232 0.4101349446618029 0.00691232
x 232 12.49896710708581 -13.820887638681834 -2.7734910294380013
u 233 0.44147126165712575 0.0072644
x 233 12.087649693053383 -13.981243501377364 -2.7662266294380013
u 234 0.38603977749629687 0.0070043
x 234 11.728987100391285 -14.12402741210163 -2.759222329438001
u 235 0.41559639251542607 0.00760978
x 235 11.343997638683906 -14.28056061096374 -2.751612549438001
u 236 0.34899335098984124 0.00627647
x 236 11.021626375703828 -14.414249533475498 -2.745336079438001
u 237 0.3738395765121399 0.00652432
x 237 10.677227911797267 -14.559663533075273 -2.738811759438001
u 238 0.3208839823515097 0.005628
x 238 10.38237833075212 -14.686273101845197 -2.733183759438001
u 239 0.35526134133408055 0.00608835
x 239 10.056767373701012 -14.828356652724864 -2.7270954094380007
u 240 0.3140456532952554 0.00441684
x 240 9.76959569363362 -14.95546659799383 -2.7226785694380005
u 241 0.3668054531888811 0.0031088
x 241 9.434739933269185 -15.105192186582357 -2.7195697694380003
u 242 0.372955060400089 0.000816728
x 242 9.094569543220496 -15.258095996477097 -2.718753041438
u 243 0.336103019310979 -0.000952416
x 243 8.788002365270227 -15.395870436974572 -2.719705457438
u 244 0.3891021268259859 -0.00194538
x 244 8.432862817126773 -15.554855715214426 -2.721650837438
u 245 0.351928155094417 -0.00219169
x 245 8.111355783398395 -15.697987137459206 -2.7238425274380003
u 246 0.39254726489547875 -0.00260371
x 246 7.752359072264504 -15.856778288088371 -2.726446237438
u 247 0.35042416822307865 -0.00222366
x 247 7.431544011480774 -15.997756101413604 -2.728669897438
u 248 0.3965352472704504 -0.00254684
x 248 7.068134570416224 -16.15641830699361 -2.731216737438
u 249 0.34825727647046417 -0.00312866
x 249 6.748575952439213 -16.29485717927834 -2.7343453974379996
u 250 0.0 0.0
x 250 6.748575952439213 -16.29485717927834 -2.7343453974379996
u 251 0.38808389115280945 -0.00523183
x 251 6.391831176402783 -16.447637831860394 -2.7395772274379997
u 252 0.3438872273337405 -0.0062821
x 252 6.074940047710817 -16.58119699013828 -2.7458593274379997
u 253 0.37894906823081115 -0.00751654
x 253 5.724732679509234 -16.72596065775938 -2.753375867438
u 254 0.37130618056147463 -0.00783936
x 254 5.380509643036514 -16.86516581147749 -2.761215227438
u 255 0.32332785074632897 -0.00802732
x 255 5.079813206132475 -16.9840017931355 -2.769242547438
u 256 0.36553305113967954 -0.0108931
x 256 4.738610772864179 -17.115127647919422 -2.780135647438
u 257 0.32575650788172694 -0.0106705
x 257 4.433294983907645 -17.228699495542088 -2.790806147438
u 258 0.37480966445755426 -0.0123131
x 258 4.080526155423475 -17.355327546638986 -2.803119247438
u 259 0.33834790172766266 -0.0109738
x 259 3.76076518338397 -17.465921735129065 -2.814093047438
u 260 0.0 0.0
x 260 3.76076518338397 -17.465921735129065 -2.814093047438
u 261 0.3874580184868761 -0.0125412
x 261 3.393128789135867 -17.588254192316846 -2.8266342474379997
u 262 0.34908220005861085 -0.0111251
x 262 3.060623531172615 -17.694543321506554 -2.837759347438
u 263 0.39884114392971554 -0.0124874
x 263 2.679315515095509 -17.81148941110104 -2.8502467474379998
u 264 0.3550071973287529 -0.0111153
x 264 2.3387092588007614 -17.911570332107708 -2.861362047438
u 265 0.4026902985311511 -0.0126135
x 265 1.9510350874699298 -18.020501794302547 -2.873975547438
u 266 0.3983281763762639 -0.0125132
x 266 1.5662369156602771 -18.12342716900429 -2.886488747438
u 267 0.35401820500820347 -0.01112
x 267 1.2231861352797195 -18.210855769056703 -2.897608747438
u 268 0.40101202622170024 -0.0122272
x 268 0.8334682311896979 -18.305347022219337 -2.909835947438
u 269 0.3585957161635532 -0.0102876
x 269 0.48404227630749297 -18.385915350950455 -2.9201235474379996
u 270 0.4010977349439222 -0.0108177
x 270 0.0922721174711626 -18.47190352892339 -2.9309412474379997
u 271 0.35403886459206707 -0.00914669
x 271 -0.2542744158013622 -18.54434760423262 -2.940087937438
u 272 0.39516204336134325 -0.0101921
x 272 -0.6418372950331277 -18.621462475750587 -2.9502800374379996
u 273 0.34978765697990205 -0.00889977
x 273 -0.9855346801261353 -18.686444818570504 -2.959179807438
u 274 0.384650656887068 -0.00974742
x 274 -1.3641376224929944 -18.7543769053101 -2.968927227438
u 275 0.3405172038884591 -0.00812043
x 275 -1.699825295803384 -18.811518089787224 -2.977047657438
u 276 0.3782187233017066 -0.00847739
x 276 -2.073193546162336 -18.87188940401181 -2.9855250474379997
u 277 0.3697073935283356 -0.00799671
x 277 -2.4386334451594167 -18.927893945546977 -2.9935217574379998
u 278 0.3239783625225574 -0.00652259
x 278 -2.7592202871738087 -18.97464524482068 -3.0000443474379996
u 279 0.3620015830058117 -0.00645626
x 279 -3.117763772821306 -19.02455776629236 -3.006500607438
u 280 0.31988773179566854 -0.00476782
x 280 -3.4348384926231565 -19.0668849345362 -3.011268427438
u 281 0.3539708081741307 -0.00469546
x 281 -3.7859142682754348 -19.112061284403474 -3.015963887438
u 282 0.31037841067649796 -0.00365377
x 282 -4.093916973755723 -19.150388612228983 -3.0196176574380003
u 283 0.34415643605302254 -0.0033337
x 283 -4.435585585580079 -19.19169360559073 -3.0229513574380005
u 284 0.30127808049616756 -0.00135134
x 284 -4.7347697969904745 -19.227151688129542 -3.0243026974380003
u 285 0.33717200049614393 0.000454989
x 285 -5.069616240968094 -19.266684142049584 -3.023847708438
u 286 0.29631607326871573 0.00185279
x 286 -5.363848226771769 -19.301765885016934 -3.021994918438
u 287 0.3302003595510547 0.00360987
x 287 -5.6916180486828996 -19.341754669577234 -3.018385048438
u 288 0.2906244484314259 0.00409773
x 288 -5.979965444415178 -19.378062123543824 -3.0142873184380004
u 289 0.3187096966843501 0.0047131
x 289 -6.295999493671082 -19.419270890131166 -3.0095742184380003
u 290 0.0 0.0
x 290 -6.295999493671082 -19.419270890131166 -3.0095742184380003
u 291 0.3182327088711754 0.00473462
x 291 -6.611362663648798 -19.461908184085342 -3.0048395984380005
u 292 0.28082346793514906 0.00417879
x 292 -6.889483525924862 -19.50077322430199 -3.0006608084380004
u 293 0.30731965498868935 0.00465117
x 293 -7.193654783058984 -19.544648575144222 -2.9960096384380006
u 294 0.267990440868884 0.00416455
x 294 -7.458728566764509 -19.584077774858567 -2.9918450884380006
u 295 0.29342459048903785 0.00453716
x 295 -7.748769071417919 -19.628511413741016 -2.9873079284380006
u 296 0.2585283983332609 0.00404365
x 296 -8.004145571454458 -19.668756722814447 -2.983264278438001
u 297 0.2895436053301747 0.00462163
x 297 -8.289961120037148 -19.715068949630194 -2.978642648438001
u 298 0.2550884068512186 0.00405893
x 298 -8.541585694186601 -19.756962620497006 -2.974583718438001
u 299 0.28505758803811215 0.00455847
x 299 -8.822568125400881 -19.804989291608216 -2.970025248438001
u 300 0.2791115630076477 0.00452242
x 300 -9.097473190105728 -19.853262858177462 -2.965502828438001
u 301 0.24966239004666252 0.00405753
x 301 -9.343185447833683 -19.89749757180678 -2.9614452984380013
u 302 0.27811056304826215 0.00450219
x 302 -9.616682334442933 -19.947943658340684 -2.956943108438001
u 303 0.2466343708716727 0.00396637
x 303 -9.859033643317916 -19.993706921284346 -2.952976738438001
u 304 0.27499951327776023 0.0043028
x 304 -10.129044190865157 -20.04585018393071 -2.948673938438001
u 305 0.24647033174658586 0.00375094
x 305 -10.370853017805185 -20.09355809125102 -2.9449229984380008
u 306 0.277245463211285 0.00401309
x 306 -10.642644524788214 -20.14827847542899 -2.940909908438001
u 307 0.24510225017436707 0.00324854
x 307 -10.882747965119666 -20.197526806877267 -2.937661368438001
u 308 0.0 0.0
x 308 -10.882747965119666 -20.197526806877267 -2.937661368438001
u 309 0.27951538476548776 0.00375531
x 309 -11.156364293786373 -20.25464828436925 -2.933906058438001
u 310 0.24278525477793328 0.00344432
x 310 -11.393845543192233 -20.305118848511498 -2.930461738438001
u 311 0.2693985583089731 0.00471979
x 311 -11.65712777257673 -20.362197007052 -2.9257419484380014
u 312 0.2286023933035232 0.00424911
x 312 -11.88032064969141 -20.41163297777772 -2.9214928384380014
u 313 0.25034056851335623 0.00494945
x 313 -12.124485661660447 -20.4668934449958 -2.9165433884380016
u 314 0.23913073930400475 0.00577333
x 314 -12.35743093268465 -20.520929103168257 -2.910770058438002
u 315 0.20487658084918456 0.0054758
x 315 -12.556744560538698 -20.568346254609494 -2.9052942584380017
u 316 0.2250068137206903 0.00600719
x 316 -12.77533917423658 -20.62167831658691 -2.8992870684380017
u 317 0.0 0.0
x 317 -12.77533917423658 -20.62167831658691 -2.8992870684380017
u 318 0.19424541297981868 0.00446577
x 318 -12.96380546808153 -20.66870675310702 -2.8948212984380017
u 319 0.0 0.0
x 319 -12.96380546808153 -20.66870675310702 -2.8948212984380017
u 320 0.21436525303388004 0.00303625
x 320 -13.171596957913719 -20.721386190835087 -2.8917850484380017
u 321 0.0 0.0
x 321 -13.171596957913719 -20.721386190835087 -2.8917850484380017
u 322 0.18569201240956126 0.000348291
x 322 -13.351517092802572 -20.767323846257355 -2.8914367574380018
u 323 0.20262208544055058 -0.00268244
x 323 -13.54789937119014 -20.817220595907184 -2.894119197438002
u 324 0.17794238372167176 -0.00530616
x 324 -13.720535466775903 -20.860350587029068 -2.899425357438002
u 325 0.192852495864734 -0.00969555
x 325 -13.907981889540949 -20.905689669566343 -2.909120907438002
u 326 0.16433991538712295 -0.0115232
x 326 -14.068115647430526 -20.942628653396955 -2.920644107438002
u 327 0.17894576217203242 -0.015015
x 327 -14.242999094770024 -20.9805333238791 -2.935659107438002
u 328 0.17283149774794207 -0.0165703
x 328 -14.41246380750095 -21.014470829384184 -2.952229407438002
u 329 0.15113137899381485 -0.0152749
x 329 -14.561105100193334 -21.04178411777372 -2.967504307438002
u 330 0.1651351819769273 -0.0156667
x 330 -14.723961640697047 -21.069112084749115 -2.9831710074380022
u 331 0.14469425679483883 -0.0127151
x 331 -14.866985237128212 -21.09103003954025 -2.995886107438002
u 332 0.16319508797584842 -0.013678
x 332 -15.028608049299576 -21.113619597039097 -3.009564107438002
u 333 0.14556389823619914 -0.0115708
x 333 -15.173012731615845 -21.13194716624413 -3.021134907438002
u 334 0.16461057585700378 -0.0124639
x 334 -15.336549535113386 -21.150708957248558 -3.0335988074380023
u 335 0.14476256126240056 -0.0106786
x 335 -15.480549331024378 -21.165543335595995 -3.044277407438002
u 336 0.1613088540390564 -0.0142131
x 336 -15.641200943604485 -21.180074947025723 -3.058490507438002
u 337 0.13835643057401284 -0.0171599
x 337 -15.779171673920747 -21.19037590490539 -3.075650407438002
u 338 0.15395961070788697 -0.0245287
x 338 -15.932905680661923 -21.198635957754163 -3.100179107438002
u 339 0.1623390571265735 -0.0290735
x 339 -16.095180392143252 -21.202998432574756 -3.129252607438002
u 340 0.15528745600716626 -0.0305648
x 340 -16.25046113144175 -21.20254154037542 -3.159817407438002
u 341 0.18423656794649237 -0.0398357
x 341 -16.434551523949143 -21.19551644629263 -3.1996531074380017
u 342 0.17439112453350256 -0.0411097
x 342 -16.608391783578462 -21.181821717016543 -3.2407628074380015
u 343 0.2111847117744085 -0.0497868
x 343 -16.817931683247103 -21.15569124994965 -3.2905496074380016
u 344 0.2086922573480964 -0.0491751
x 344 -17.02346844438696 -21.119659010316226 -3.3397247074380014
u 345 0.2638398849283044 -0.0622386
x 345 -17.28036396466272 -21.05971146154382 -3.4019633074380016
u 346 0.2550345534754567 -0.0602021
x 346 -17.524677937820286 -20.98667952401023 -3.4621654074380017
u 347 0.0 0.0
x 347 -17.524677937820286 -20.98667952401023 -3.4621654074380017
u 348 0.31321167446607096 -0.073807
x 348 -17.81802268294084 -20.877108141711048 -3.5359724074380017
u 349 0.3458454725078962 -0.0814499
x 349 -18.13155763547835 -20.731372716159576 -3.6174223074380016
u 350 0.3304881897451254 -0.0776647
x 350 -18.419161808467074 -20.568733872197935 -3.695087007438002
u 351 0.3999179434491031 -0.0932963
x 351 -18.74907646582218 -20.342958086019326 -3.788383307438002
u 352 0.37849477447912017 -0.0871263
x 352 -19.04081149982438 -20.102005052306268 -3.8755096074380018
u 353 0.4370488125919575 -0.0982552
x 353 -19.350453592502088 -19.79381709302371 -3.973764807438002
u 354 0.39662197571813895 -0.0827479
x 354 -19.605056712804796 -19.489849162918325 -4.056512707438002
u 355 0.45531075681499117 -0.0859547
x 355 -19.86688957383702 -19.1175269457542 -4.142467407438002
u 356 0.0 0.0
x 356 -19.86688957383702 -19.1175269457542 -4.142467407438002
u 357 0.4092102146460178 -0.0752924
x 357 -20.074512759441717 -18.765012377701375 -4.217759807438003
u 358 0.47291340301619705 -0.0842067
x 358 -20.281227626832266 -18.339825443388584 -4.301966507438003
u 359 0.0 0.0
x 359 -20.281227626832266 -18.339825443388584 -4.301966507438003
u 360 0.4275293512267433 -0.073897
x 360 -20.437177129277465 -17.941858187452837 -4.375863507438003
u 361 0.4941434833986582 -0.0809352
x 361 -20.58130506535376 -17.469341882287328 -4.456798707438002
u 362 0.44952534599281496 -0.0663867
x 362 -20.680437830627774 -17.030968151490963 -4.523185407438002
u 363 0.5229171950288496 -0.0684241
x 363 -20.76114571302638 -16.51442002946873 -4.591609507438002
u 364 0.5363239201791767 -0.0605431
x 364 -20.80961362815857 -15.980372880774757 -4.652152607438002
u 365 0.4915509316735042 -0.0461806
x 365 -20.827866994014435 -15.48920468673049 -4.698333207438002
u 366 0.5590355761851297 -0.0410979
x 366 -20.824237358000016 -14.930220236690245 -4.739431107438001
u 367 0.5084949907755082 -0.0278147
x 367 -20.803421244024218 -14.422167901521657 -4.767245807438002
u 368 0.5804456650325577 -0.0233434
x 368 -20.764834404879707 -13.843019451702016 -4.790589207438002
u 369 0.5143061936118383 -0.0169376
x 369 -20.72031630227206 -13.330649784601539 -4.807526807438002
u 370 0.567673735069586 -0.0122585
x 370 -20.66292820584162 -12.765887852053858 -4.819785307438002
u 371 0.4914790491616814 -0.00350573
x 371 -20.609390144818725 -12.277333776853574 -4.823291037438001
u 372 0.5425021954685498 0.00328262
x 372 -20.550233840858624 -11.738066774793445 -4.820008417438001
u 373 0.4700296589135414 0.00850449
x 373 -20.501734815907916 -11.27054737063484 -4.811503927438001
u 374 0.5159110850448206 0.0143717
x 374 -20.454374756008473 -10.756819143678317 -4.797132227438001
u 375 0.5018764083845567 0.0179701
x 375 -20.41639037407863 -10.256388990797685 -4.779162127438001
u 376 0.42094751076555326 0.0153037
x 376 -20.39151814944908 -9.83618104114666 -4.763858427438001
u 377 0.4500884299992801 0.0160121
x 377 -20.371962144744664 -9.386522471452775 -4.747846327438001
u 378 0.37844441257004496 0.0132346
x 378 -20.361049382658454 -9.008238193999683 -4.7346117274380015
u 379 0.4059170443098565 0.0143441
x 379 -20.354940331217964 -8.602370603237183 -4.720267627438002
u 380 0.0 0.0
x 380 -20.354940331217964 -8.602370603237183 -4.720267627438002
u 381 0.3636002477487847 0.0151174
x 381 -20.354823999499853 -8.238773836407965 -4.7051502274380015
u 382 0.4065935129077177 0.0217291
x 382 -20.362184138195822 -7.832254945627305 -4.6834211274380015
u 383 0.3750816588213292 0.0224429
x 383 -20.37725403472221 -7.457484023613608 -4.660978227438002
u 384 0.0 0.0
x 384 -20.37725403472221 -7.457484023613608 -4.660978227438002
u 385 0.4333477581445096 0.0309878
x 385 -20.40622423190403 -7.025123085729219 -4.629990427438002
u 386 0.3958355050985549 0.0374407
x 386 -20.446180172964215 -6.631332573983919 -4.592549727438001
u 387 0.45623307411042663 0.0546615
x 387 -20.51307355143862 -6.180087549553866 -4.5378882274380015
u 388 0.4474292939226934 0.0638674
x 388 -20.604768159117796 -5.742232514685649 -4.474020827438001
u 389 0.40312843537756055 0.0646184
x 389 -20.712539576241035 -5.353849563423857 -4.4094024274380015
u 390 0.44702268880476304 0.0770041
x 390 -20.862206069251155 -4.932743280096642 -4.332398327438002
u 391 0.3791795546400676 0.0675003
x 391 -21.014621454126495 -4.585623556464198 -4.264898027438002
u 392 0.43676660029728687 0.0777837
x 392 -21.218728346028154 -4.199606358672912 -4.187114327438001
u 393 0.39550954245177194 0.069531
x 393 -21.42878869058356 -3.864584809604738 -4.117583327438002
u 394 0.4430229646634698 0.0769317
x 394 -21.690898416105878 -3.507553919281745 -4.0406516274380015
u 395 0.4008729748533942 0.0681492
x 395 -21.95087516072575 -3.202514497097358 -3.9725024274380014
u 396 0.4596107624622056 0.0747474
x 396 -22.273138509433466 -2.8749628957770237 -3.8977550274380013
u 397 0.40072756432081136 0.0594998
x 397 -22.572663027289835 -2.6088421060755778 -3.838255227438001
u 398 0.4591014311576038 0.0623534
x 398 -22.933741461841475 -2.325419793675912 -3.775901827438001
u 399 0.44947184986492755 0.0600575
x 399 -23.30356127453833 -2.0700817166974472 -3.715844327438001
u 400 0.3858095280390686 0.048928
x 400 -23.63248335625543 -1.8685139521353955 -3.6669163274380008
u 401 0.43427561094734524 0.0517168
x 401 -24.013664853227027 -1.6605381333572313 -3.615199527438001
u 402 0.3739302854881815 0.0404189
x 402 -24.34979189170476 -1.4967595091755743 -3.5747806274380007
u 403 0.4166926747814462 0.0382856
x 403 -24.731251103565462 -1.3291276301061878 -3.5364950274380007
u 404 0.3760479992441922 0.0282632
x 404 -25.080354347761993 -1.1893792510607402 -3.5082318274380007
u 405 0.445541601566727 0.0275618
x 405 -25.49843235482042 -1.0354132396430518 -3.4806700274380007
u 406 0.41349028463060955 0.0210704
x 406 -25.889799349360985 -0.9019974772282653 -3.4595996274380005
u 407 0.4906309773516145 0.0180975
x 407 -26.35719299142889 -0.7528151412903596 -3.4415021274380004
u 408 0.46423338077272125 0.0132085
x 408 -26.801597362005513 -0.6185979517076101 -3.4282936274380003
u 409 0.0 0.0
x 409 -26.801597362005513 -0.6185979517076101 -3.4282936274380003
u 410 0.5550589445556301 0.0120228
x 410 -27.334930663981567 -0.46483739172892535 -3.4162708274380003
u 411 0.5801655763624809 0.00806806
x 411 -27.893976049066392 -0.3097292759421375 -3.4082027674380004
u 412 0.5345089690558953 0.00379738
x 412 -28.409866713908738 -0.16988537506816445 -3.4044053874380005
u 413 0.6247681972384999 0.00121556
x 413 -29.013280783482013 -0.007938739231597353 -3.4031898274380006
u 414 0.5741850953468631 -0.00174895
x 414 -29.567800895414937 0.1410440958270361 -3.4049387774380007
u 415 0.6646566986131169 -0.00340208
x 415 -30.20924757058093 0.31515401466770904 -3.4083408574380005
u 416 0.6058908964712648 -0.0041559
x 416 -30.79337646570528 0.47607848122996776 -3.4124967574380007
u 417 0.6984947655423865 -0.00689373
x 417 -31.465747059891154 0.6653158701373657 -3.4193904874380006
u 418 0.6294947905927368 -0.00813595
x 418 -32.07039914685761 0.8404083007825247 -3.4275264374380003
u 419 0.714622577048921 -0.00968055
x 419 -32.755020798914956 1.0452854176536726 -3.4372069874380005
u 420 0.6296154313956838 -0.00862549
x 420 -33.35652709640132 1.231305061228519 -3.4458324774380005
u 421 0.6895412449687175 -0.00958931
x 421 -34.01340064677052 1.4410206397863616 -3.4554217874380004
u 422 0.6693145671767574 -0.00894959
x 422 -34.64909180185562 1.650486042873386 -3.4643713774380003
u 423 0.5790845795334665 -0.00438734
x 423 -35.19786638852738 1.8353775390876343 -3.4687587174380003
u 424 0.6340270103430276 0.000420954
x 424 -35.79830548304046 2.039002531877295 -3.4683377634380004
u 425 0.5440205876105867 0.00398295
x 425 -36.313889427856274 2.2125859537189485 -3.4643548134380002
u 426 0.5967047373156242 0.00711826
x 426 -36.88045091658307 2.3998374412737213 -3.4572365534380003
u 427 0.5232264984102247 0.00712189
x 427 -37.3784024722472 2.560489424469425 -3.450114663438
u 428 0.588314972986964 0.00840904
x 428 -37.939683708948486 2.7367728361577006 -3.441705623438
u 429 0.5257287604443973 0.00911631
x 429 -38.44261549063535 2.8899016654599308 -3.432589313438
u 430 0.5912541877602004 0.0142264
x 430 -39.01019993008488 3.0555021566477443 -3.418362913438
u 431 0.5245194598040095 0.0179143
x 431 -39.5160145059519 3.1943002868206154 -3.400448613438
u 432 0.5837884686718381 0.0232328
x 432 -40.08203821388232 3.3371666888117404 -3.3772158134379997
u 433 0.5870613526016204 0.0242959
x 433 -40.6544871283033 3.4672678772343066 -3.352919913438
u 434 0.5286298739833699 0.023979
x 434 -41.172636622331645 3.5719447880020847 -3.3289409134379997
u 435 0.6060748192567502 0.0311571
x 435 -41.76976818169358 3.6755347134713574 -3.2977838134379995
u 436 0.5482427450063281 0.0329304
x 436 -42.31264333231329 3.751885990298606 -3.2648534134379994
u 437 0.0 0.0
x 437 -42.31264333231329 3.751885990298606 -3.2648534134379994
u 438 0.620322749716057 0.042796
x 438 -42.929703530717504 3.8149597477144153 -3.2220574134379993
u 439 0.5473939039869643 0.042866
x 439 -43.476102110806146 3.8472521364790366 -3.1791914134379993
u 440 0.6191659441676439 0.0555909
x 440 -44.09515858308964 3.853321133311695 -3.1236005134379994
u 441 0.5494375680372066 0.055325
x 441 -44.64395364435061 3.828248669954021 -3.0682755134379995
u 442 0.6111266484356659 0.0651662
x 442 -45.25154912093513 3.7636625408762563 -3.0031093134379994
u 443 0.5395578464463657 0.0605093
x 443 -45.78336275191609 3.6730638840243355 -2.9426000134379993
u 444 0.6001437864961112 0.071506
x 444 -46.3669223726394 3.5335028116735847 -2.8710940134379994
u 445 0.585682360834813 0.0732465
x 445 -46.92507446896517 3.3564809742489947 -2.797847513437999
u 446 0.5073535479370969 0.0655172
x 446 -47.396806457273485 3.169974968828096 -2.7323303134379993
u 447 0.5549098100996593 0.0729783
x 447 -47.89738322378223 2.9307864251934617 -2.6593520134379993
u 448 0.48157379945428924 0.0640301
x 448 -48.31659820293738 2.6939470235409897 -2.5953219134379992
u 449 0.5338888551995536 0.0719128
x 449 -48.76242747672093 2.4004325409653813 -2.5234091134379995
u 450 0.4628183125271622 0.0646559
x 450 -49.13066217689295 2.120201589351998 -2.4587532134379995
u 451 0.5133618292858264 0.074106
x 451 -49.51655863308047 1.7818176241453176 -2.3846472134379995
u 452 0.0 0.0
x 452 -49.51655863308047 1.7818176241453176 -2.3846472134379995
u 453 0.4598608471353046 0.0672624
x 453 -49.8399801388998 1.4550289901330467 -2.3173848134379993
u 454 0.5055033809784164 0.0741461
x 454 -50.169223084485886 1.0716027221458302 -2.243238713437999
u 455 0.44125308812063857 0.0648284
x 455 -50.432701248902674 0.7177448925778571 -2.178410313437999
u 456 0.0 0.0
x 456 -50.432701248902674 0.7177448925778571 -2.178410313437999
u 457 0.49577267102880934 0.0730148
x 457 -50.70063826047071 0.3007423472285686 -2.105395513437999
u 458 0.49646260061782094 0.0732769
x 458 -50.93771308660253 -0.13533146869851675 -2.0321186134379987
u 459 0.4389066475703461 0.0649834
x 459 -51.12018167958473 -0.5344260402468979 -1.9671352134379987
u 460 0.4967070609256627 0.0742503
x 460 -51.29475310930353 -0.9993232252343028 -1.8928849134379986
u 461 0.4304781702391075 0.0642722
x 461 -51.41780851736587 -1.4117611456731198 -1.8286127134379986
u 462 0.4894578631062739 0.0731398
x 462 -51.525194097647145 -1.889181881997667 -1.7554729134379985
u 463 0.44110933084858905 0.065939
x 463 -51.59184503586595 -2.3251458751244676 -1.6895339134379985
u 464 0.4972854231670279 0.0743632
x 464 -51.63234736086612 -2.820664206132934 -1.6151707134379985
u 465 0.453372782938985 0.0678086
x 465 -51.63709321710831 -3.2739252902872464 -1.5473621134379985
u 466 0.5160623832040561 0.0757216
x 466 -51.60548852190293 -3.7888954830867183 -1.4716405134379984
u 467 0.0 0.0
x 467 -51.60548852190293 -3.7888954830867183 -1.4716405134379984
u 468 0.47314816231489265 0.062671
x 468 -51.54393194553245 -4.257944209344716 -1.4089695134379985
u 469 0.5534178080799713 0.0644925
x 469 -51.43721989729656 -4.80087852217513 -1.3444770134379984
u 470 0.5740823687791151 0.0553145
x 470 -51.29299725744575 -5.356474034017691 -1.2891625134379985
u 471 0.5330833243824519 0.0409024
x 471 -51.13440991890337 -5.865382935219435 -1.2482601134379985
u 472 0.627140955472444 0.0394315
x 472 -50.923949221132716 -6.456112242628182 -1.2088286134379984
u 473 0.5753739032578314 0.0322917
x 473 -50.711548849210786 -6.990820054558126 -1.1765369134379984
u 474 0.6600652486845827 0.0353755
x 474 -50.44727622993595 -7.595634638849668 -1.1411614134379984
u 475 0.6003863592216673 0.0327608
x 475 -50.18829669183552 -8.137262869980097 -1.1084006134379984
u 476 0.6833690080517553 0.0387946
x 476 -49.87166465336505 -8.742802948563186 -1.0696060134379985
u 477 0.6181852276693438 0.0360734
x 477 -49.56493210221453 -9.279484118884715 -1.0335326134379985
u 478 0.7058424949413006 0.0424224
x 478 -49.190938837862014 -9.878039005621929 -0.9911102134379985
u 479 0.6423480519605318 0.0399756
x 479 -48.82843887833967 -10.408274664952394 -0.9511346134379985
u 480 0.7325614276776317 0.0484031
x 480 -48.38873273687239 -10.994107395974252 -0.9027315134379985
u 481 0.7379210674847547 0.0535287
x 481 -47.916332064393444 -11.560883452593604 -0.8492028134379985
u 482 0.6639531619466015 0.0541764
x 482 -47.46445194796143 -12.047227310945079 -0.7950264134379985
u 483 0.7492821968386544 0.0659454
x 483 -46.92250470712358 -12.56444444943458 -0.7290810134379985
u 484 0.6750477652412532 0.0623219
x 484 -46.4053799951519 -12.99817713726535 -0.6667591134379984
u 485 0.7648811244134608 0.0754972
x 485 -45.78703629718271 -13.448084206994999 -0.5912619134379984
u 486 0.6740488061945069 0.0688264
x 486 -45.21493247118433 -13.80425787183958 -0.5224355134379984
u 487 0.7658889170032167 0.0774878
x 487 -44.53707275285266 -14.160345765747865 -0.44494771343799844
u 488 0.68851837598229 0.0677488
x 488 -43.90603384743506 -14.435420589376172 -0.37719891343799844
u 489 0.7847975390826922 0.0744521
x 489 -43.16632607691475 -14.697059922126527 -0.3027468134379985
u 490 0.7033358379547 0.0638706
x 490 -42.48873911853274 -14.88517974705943 -0.23887621343799847
u 491 0.8026945211572645 0.0655098
x 491 -41.70317643665965 -15.049433739044227 -0.17336641343799847
u 492 0.8211915944255701 0.0547553
x 492 -40.89082171435 -15.16887817042649 -0.11861111343799846
u 493 0.7351223073327662 0.0374622
x 493 -40.15940592783357 -15.242175891041189 -0.08114891343799846
u 494 0.8477547201981301 0.03512
x 494 -39.31340807874335 -15.296044601555803 -0.04602891343799846
u 495 0.7634398449001051 0.0286266
x 495 -38.550378220494615 -15.32025267893408 -0.017402313437998463
u 496 0.8700158312929771 0.0319563
x 496 -37.68040029035135 -15.321491670531714 0.014553986562001537
u 497 0.7812637442371982 0.0287203
x 497 -36.89948994201055 -15.298906027654986 0.04327428656200154
u 498 0.89324255364861 0.0320217
x 498 -36.007854776544846 -15.245983297583637 0.07529598656200154
u 499 0.8044352435864034 0.028062
x 499 -35.206653107977914 -15.17422340045936 0.10335798656200154
u 500 0.9065348923566262 0.0293907
x 500 -34.306460286006924 -15.067456182512696 0.13274868656200153
u 501 0.8110590463481743 0.0231398
x 501 -33.50385080667441 -14.950813786613685 0.15588848656200152
u 502 0.9019045682185588 0.0239308
x 502 -32.61464320120686 -14.800139086024158 0.17981928656200152
u 503 0.8710453316013189 0.0209553
x 503 -31.759337531358938 -14.6353834583407 0.20077458656200153
u 504 0.7502481842758452 0.0170882
x 504 -31.02547415753364 -14.479488654606127 0.21786278656200153
u 505 0.8159677995455703 0.0179106
x 505 -30.23041647470418 -14.295997694362027 0.23577338656200153
u 506 0.693771522950029 0.0135002
x 506 -29.5569532595715 -14.129387629491438 0.24927358656200152
u 507 0.7492232020331939 0.0137884
x 507 -28.83218440016994 -13.939554509250984 0.2630619865620015
u 508 0.6327056112789214 0.0110157
x 508 -28.222163496144084 -13.771665143425084 0.27407768656200154
u 509 0.6751457521145561 0.0104032
x 509 -27.5731796235531 -13.585553325617662 0.28448088656200154
u 510 0.5742037381034955 0.00671208
x 510 -27.022599563763443 -13.422549360100188 0.29119296656200155
u 511 0.6317393748652432 0.00584737
x 511 -26.417988827507752 -13.239411821032128 0.2970403365620016
u 512 0.5578474409594331 0.00206038
x 512 -25.884739814618513 -13.07558524336977 0.29910071656200155
u 513 0.6329752319337578 -0.00290968
x 513 -25.279597013119684 -12.8899524031611 0.2961910365620015
u 514 0.650774729887403 -0.00868745
x 514 -24.656342904732863 -12.70271084294605 0.28750358656200153
u 515 0.5951988742429206 -0.0136762
x 515 -24.0844378370596 -12.537844922298587 0.27382738656200156
u 516 0.6838192545579515 -0.0235898
x 516 -23.423975745727383 -12.360709621768002 0.25023758656200157
u 517 0.6348211818052703 -0.0264124
x 517 -22.806922518945864 -12.211646478706841 0.22382518656200157
u 518 0.7343694138444833 -0.0316798
x 518 -22.088409608678326 -12.060013594690995 0.19214538656200156
u 519 0.664068124980203 -0.0294527
x 519 -21.434789328791695 -11.942816636438511 0.16269268656200156
u 520 0.7698230572257239 -0.0349844
x 520 -20.673106027664826 -11.831435995350716 0.12770828656200156
u 521 0.6991489637261064 -0.0313046
x 521 -19.978370288792274 -11.753259212420199 0.09640368656200156
u 522 0.7994658072483714 -0.0355593
x 522 -19.181416243253462 -11.69047003294454 0.06084438656200156
u 523 0.7215964561914366 -0.032264
x 523 -18.460572240348014 -11.658217881563695 0.028580386562001556
u 524 0.8216314962264104 -0.0368854
x 524 -17.639029538569613 -11.64988905382847 -0.008305013437998443
u 525 0.8365130147318749 -0.0380649
x 525 -16.802879565375708 -11.672752969115715 -0.04636991343799844
u 526 0.749510820699668 -0.0364011
x 526 -16.054971979951777 -11.72111293699685 -0.08277101343799845
u 527 0.8578696185236776 -0.0436823
x 527 -15.201860049226447 -11.810685813403463 -0.12645331343799845
u 528 0.7739386143209291 -0.0392881
x 528 -14.436215641376313 -11.92334715000605 -0.16574141343799845
u 529 0.8899690441525255 -0.043621
x 529 -13.56192273967109 -12.089272549433957 -0.20936241343799844
u 530 0.8032350058692412 -0.0364357
x 530 -12.779442280766652 -12.270489083593128 -0.24579811343799846
u 531 0.9145673678914474 -0.0378802
x 531 -11.89679027013036 -12.509777374400059 -0.28367831343799843
u 532 0.8302148201038332 -0.0308
x 532 -11.103461322682351 -12.754381835415225 -0.3144783134379984
u 533 0.958181814452059 -0.0291848
x 533 -10.19672478928681 -13.06402046891428 -0.34366311343799844
u 534 0.8725981903966714 -0.0204776
x 534 -9.378217897491398 -13.366423284298795 -0.3641407134379984
u 535 0.9938027193060949 -0.0180321
x 535 -8.452820058413982 -13.728715877436407 -0.3821728134379984
u 536 1.0011862561862814 -0.0115655
x 536 -7.526042727378578 -14.107459227359596 -0.3937383134379984
u 537 0.8939546490370547 -0.00731974
x 537 -6.70175484741473 -14.453437315326175 -0.40105805343799844
u 538 1.017904731157219 -0.00579682
x 538 -5.765779453958977 -14.853533807596666 -0.4068548734379984
u 539 0.9159411225881242 -0.000454352
x 539 -4.924689011331551 -15.216183766836277 -0.4073092254379984
u 540 1.0418307252163055 0.00296429
x 540 -3.9674800894994067 -15.627476296766202 -0.40434493543799843
u 541 0.931766275101444 0.00414675
x 541 -3.110093574366564 -15.992271459844241 -0.40019818543799845
u 542 1.0739170097448074 0.00885088
x 542 -2.119194732906678 -16.406288006500372 -0.39134730543799845
u 543 0.9610865121231301 0.00898665
x 543 -1.2291349699483964 -16.768882388362993 -0.38236065543799846
u 544 1.0866307441676153 0.0100093
x 544 -0.2189614997771281 -17.169264800982667 -0.37235135543799847
u 545 0.9770939188920338 0.00928546
x 545 0.6928138287963569 -17.52050747630733 -0.36306589543799844
u 546 1.1159233209246058 0.0109144
x 546 1.7381347930693423 -17.911117995786615 -0.35215149543799845
u 547 1.1373038630098642 0.0111432
x 547 2.80780899195634 -18.297438848100064 -0.34100829543799843
u 548 1.029970128974405 0.0100819
x 548 3.7801912622130946 -18.63700062654743 -0.33092639543799846
u 549 1.1710135751276889 0.0107324
x 549 4.889688162894823 -19.01153534873513 -0.3201939954379985
u 550 1.0470873047310776 0.00794422
x 550 5.884855235024588 -19.337155612423963 -0.3122497754379985
u 551 1.175313234335124 0.00469764
x 551 7.004179959894416 -19.695583874141022 -0.3075521354379985
u 552 1.0234207762254146 0.00275605
x 552 7.980004931892805 -20.004055989984394 -0.30479608543799847
u 553 1.0958103306063378 0.00131742
x 553 9.025523670802148 -20.332218561856575 -0.30347866543799845
u 554 0.9159310052269831 -0.000468517
x 554 9.899534944650798 -20.606141697381016 -0.30394718243799845
u 555 0.971132192469108 -0.00180791
x 555 10.82588970250553 -20.89762813097706 -0.3057550924379985
u 556 0.8141005538903773 -0.00272996
x 556 11.601896757552524 -21.143742638372668 -0.30848505243799845
u 557 0.8572278234522678 -0.00308658
x 557 12.418255854796277 -21.40527042322233 -0.31157163243799846
u 558 0.7990966705188653 -0.00300518
x 558 13.178509151415694 -21.651380019219463 -0.31457681243799845
u 559 0.6859144933194895 -0.00268403
x 559 13.830478439122013 -21.864486700458723 -0.31726084243799846
u 560 0.7613104267889123 -0.00211106
x 560 14.55354330154519 -22.102752424842972 -0.31937190243799846
u 561 0.6767240926665676 -0.00115071
x 561 15.195924969799666 -22.315593302855465 -0.32052261243799846
u 562 0.770026073424037 -0.00102559
x 562 15.92660976675467 -22.558574432325983 -0.3215482024379985
u 563 0.6926180708213312 -0.00100198
x 563 16.583619496470906 -22.777795706273984 -0.3225501824379985
u 564 0.7867760967668923 -0.00104796
x 564 17.32969083663821 -23.027583866868778 -0.3235981424379985
u 565 0.7093480552178123 -0.0010514
x 565 18.002103198058244 -23.25349587030876 -0.3246495424379985
u 566 0.8076133197112842 -0.00218091
x 566 18.767247356896704 -23.511940123188023 -0.32683045243799846
u 567 0.7275813925161151 -0.00236695
x 567 19.456036895661665 -23.746340223175167 -0.32919740243799844
u 568 0.8213066903579394 -0.00298145
x 568 20.23284419275953 -24.01301343729855 -0.33217885243799844
u 569 0.8262725066471521 -0.00488247
x 569 21.01328683945323 -24.28436961319821 -0.33706132243799847
u 570 0.7340869283506622 -0.0067821
x 570 21.705238574473224 -24.52949070409178 -0.3438434224379985
u 571 0.826602673295339 -0.00833934
x 571 22.482285954970003 -24.811386763214134 -0.3521827624379985
u 572 0.7348650009069737 -0.00770439
x 572 23.171063109091424 -25.067531117630004 -0.3598871524379985
u 573 0.8224874653922426 -0.0105077
x 573 23.93932325536553 -25.361224416951657 -0.3703948524379985
u 574 0.730804809485433 -0.00980172
x 574 24.61926079469438 -25.629098148971106 -0.38019657243799854
u 575 0.8129490828534158 -0.011378
x 575 25.37242599791945 -25.935074060105684 -0.39157457243799854
u 576 0.7266068460789976 -0.0114304
x 576 26.04243598527834 -26.216211708452438 -0.40300497243799854
u 577 0.8206098583053636 -0.013624
x 577 26.795088408987475 -26.543174172177036 -0.41662897243799857
u 578 0.7359591371580464 -0.01275
x 578 27.466175504219436 -26.84528445791078 -0.42937897243799855
u 579 0.8359215250018203 -0.0168336
x 579 28.223250936991406 -27.199664316899455 -0.44621257243799856
u 580 0.8376263679456251 -0.0230148
x 580 28.97463745803388 -27.569806531926528 -0.46922737243799856
u 581 0.7422967435820799 -0.0277485
x 581 29.631963481002366 -27.914613145554878 -0.49697587243799857
u 582 0.8339815774804861 -0.0394459
x 582 30.35702570492693 -28.326583851387085 -0.5364217724379986
u 583 0.7330770047864277 -0.0411412
x 583 30.979253419643417 -28.714087102727042 -0.5775629724379986
u 584 0.8133862567192848 -0.052218
x 584 31.64880303248078 -29.175769027575214 -0.6297809724379986
u 585 0.0 0.0
x 585 31.64880303248078 -29.175769027575214 -0.6297809724379986
u 586 0.720441623450679 -0.0505957
x 586 32.220052239187034 -29.61463092114456 -0.6803766724379986
u 587 0.8015720155742028 -0.0592936
x 587 32.827832590197936 -30.137060361216495 -0.7396702724379987
u 588 0.7096215358294096 -0.0524965
x 588 33.33923070505104 -30.62891303856875 -0.7921667724379986
u 589 0.7947417969370242 -0.0572606
x 589 33.88088307917514 -31.210337729624907 -0.8494273724379986
u 590 0.7019559248897612 -0.0463839
x 590 34.33207556140612 -31.747998521978364 -0.8958112724379986
u 591 0.779885317745635 -0.0483009
x 591 34.80452362824612 -32.36839814723434 -0.9441121724379986
u 592 0.7706684639284327 -0.0474544
x 592 35.241513666057564 -33.003109215065976 -0.9915665724379986
u 593 0.6754930651873563 -0.0416401
x 593 35.59938979942361 -33.575952673562696 -1.0332066724379987
u 594 0.7479689355989324 -0.0461837
x 594 35.96743090386396 -34.227031655428625 -1.0793903724379987
u 595 0.6576540408654766 -0.0404599
x 595 36.2659423738913 -34.81298450456232 -1.1198502724379988
u 596 0.7297525660908978 -0.0454992
x 596 36.56893195285168 -35.476794912953814 -1.165349472437999
u 597 0.6409731614634813 -0.0403477
x 597 36.8098011110119 -36.07074180398089 -1.205697172437999
u 598 0.7028219601478031 -0.0458961
x 598 37.0455872208805 -36.73276666438136 -1.251593272437999
u 599 0.6205121329738525 -0.0413137
x 599 37.22808611467017 -37.32578833219302 -1.292906972437999
u 600 0.6825162085240247 -0.0447166
x 600 37.4005840303551 -37.98608767916985 -1.337623572437999
u 601 0.5977026917341514 -0.0382419
x 601 37.527540878111985 -38.57011416031072 -1.375865472437999
u 602 0.6685221120141351 -0.040433
x 602 37.64374005381594 -39.228414002679806 -1.416298472437999
u 603 0.6609818694649348 -0.0335031
x 603 37.734495967706884 -39.88310441107707 -1.449801572437999
u 604 0.5776491944558955 -0.0244254
x 604 37.79720841577856 -40.45732488411019 -1.4742269724379988
u 605 0.6455970172925387 -0.0226225
x 605 37.85218296225454 -41.10056320132462 -1.4968494724379988
u 606 0.5685496768887882 -0.0195347
x 606 37.88864657417912 -41.66793332813375 -1.5163841724379987
u 607 0.634117278468156 -0.0215066
x 607 37.91632208055698 -42.301434149378125 -1.5378907724379987
u 608 0.5565021870607239 -0.0159237
x 608 37.93020172053158 -42.85775734312006 -1.5538144724379988
u 609 0.6192651327868399 -0.0118597
x 609 37.9370456620376 -43.476981026676846 -1.5656741724379988
u 610 0.0 0.0
x 610 37.9370456620376 -43.476981026676846 -1.5656741724379988
u 611 0.5412784784681173 -0.00611281
x 611 37.93816380517028 -44.01825750750768 -1.5717869824379989
u 612 0.6022363224571431 -0.00117747
x 612 37.93721263920804 -44.620493044043286 -1.5729644524379989
u 613 0.5288383099937546 0.00282366
x 613 37.93681268126928 -45.149331027108104 -1.5701407924379989
u 614 0.5854739306732337 0.0040205
x 614 37.9383734256153 -45.73480248314931 -1.5661202924379989
u 615 0.5771199119909832 0.00405865
x 615 37.94224319036238 -46.31190902489811 -1.562061642437999
u 616 0.5033686483813519 0.00370227
x 616 37.94757165738191 -46.81524918243919 -1.558359372437999
u 617 0.5626000651832955 0.00442059
x 617 37.95581189946153 -47.37778844001529 -1.5539387824379989
u 618 0.4932597587374698 0.00402821
x 618 37.965119965859266 -47.870960033369 -1.549910572437999
u 619 0.5455801588801962 0.00473763
x 619 37.97780604218081 -48.41639217074665 -1.545172942437999
u 620 0.4800840231905532 0.00486064
x 620 37.99127239765337 -48.896286818371394 -1.540312302437999
u 621 0.5350607770098833 0.00582104
x 621 38.00913716239449 -49.431048519390046 -1.534491262437999
u 622 0.4800293209771904 0.00543815
x 622 38.02786511616888 -49.91071178134129 -1.529053112437999
u 623 0.5587436451274708 0.00713369
x 623 38.053173108581255 -50.468880790280444 -1.5219194224379988
u 624 0.5161356833076841 0.00752455
x 624 38.08032945805849 -50.98430034690308 -1.5143948724379988
u 625 0.6051655485578088 0.00981728
x 625 38.1174088259771 -51.588326439283655 -1.5045775924379987
u 626 0.6239775441063475 0.0112106
x 626 38.16218665350567 -52.21069196213673 -1.4933669924379986
u 627 0.5690963151005285 0.0110255
x 627 38.209334347689705 -52.777829009025346 -1.4823414924379987
u 628 0.6646774566352587 0.0154518
x 628 38.27316435887658 -53.439427876088985 -1.4668896924379988
u 629 0.6039899952209553 0.0173608
x 629 38.34102137750271 -54.039586335884124 -1.4495288924379988
u 630 0.692423216166899 0.0260198
x 630 38.433716356703535 -54.72575723410427 -1.4235090924379987
u 631 0.6185898880047558 0.0307523
x 631 38.533891188424874 -55.33615734646929 -1.3927567924379987
u 632 0.696640148390114 0.0439437
x 632 38.672288857059435 -56.0188545638763 -1.3488130924379986
u 633 0.0 0.0
x 633 38.672288857059435 -56.0188545638763 -1.3488130924379986
u 634 0.60640209932741 0.0452488
x 634 38.819132156182086 -56.60715534956566 -1.3035642924379987
u 635 0.6745536285750823 0.0590616
x 635 39.01636056132032 -57.25212922436304 -1.2445026924379987
u 636 0.5835573700380196 0.0600097
x 636 39.21987926098411 -57.79895384019813 -1.1844929924379988
u 637 0.0 0.0
x 637 39.21987926098411 -57.79895384019813 -1.1844929924379988
u 638 0.6452724349038087 0.0731554
x 638 39.48463318075963 -58.38725326768487 -1.1113375924379987
u 639 0.6373194555968694 0.0756779
x 639 39.788595336983285 -58.9472436967449 -1.0356596924379986
u 640 0.0 0.0
x 640 39.788595336983285 -58.9472436967449 -1.0356596924379986
u 641 0.566254241758064 0.070375
x 641 40.09425569689171 -59.42377627315666 -0.9652846924379986
u 642 0.6280960855022422 0.0804367
x 642 40.4721304806282 -59.92527670233537 -0.8848479924379986
u 643 0.5622185183787529 0.0722105
x 643 40.84363525162768 -60.347101951768956 -0.8126374924379987
u 644 0.6329712074913123 0.0810159
x 644 41.29698864961637 -60.78858145434511 -0.7316215924379986
u 645 0.5696807067340441 0.072298
x 645 41.73426631752127 -61.15352393044667 -0.6593235924379987
u 646 0.6499503882599117 0.0819556
x 646 42.263722709523634 -61.53018696376411 -0.5773679924379986
u 647 0.0 0.0
x 647 42.263722709523634 -61.53018696376411 -0.5773679924379986
u 648 0.5822197649616853 0.0719286
x 648 42.76256942955184 -61.8301630975281 -0.5054393924379986
u 649 0.656837693074446 0.0793248
x 649 43.349282236259924 -62.12508283838374 -0.42611459243799865
u 650 0.5958430052307739 0.071686
x 650 43.900203304220845 -62.35171657848653 -0.3544285924379986
u 651 0.6670596033698113 0.0784995
x 651 44.53424136575459 -62.55844296822057 -0.2759290924379986
u 652 0.6775676786211102 0.0760937
x 652 45.19256933629707 -62.71806991046439 -0.19983539243799864
u 653 0.5992580823823822 0.0644702
x 653 45.7833282424601 -62.818018883952085 -0.13536519243799863
u 654 0.6934756530369974 0.071046
x 654 46.47320521040552 -62.88712750127076 -0.06431919243799863
u 655 0.6138376539544392 0.0609312
x 655 47.086596251763105 -62.90790092810054 -0.0033879924379986368
u 656 0.7028836560136322 0.0658813
x 656 47.78904594251059 -62.88713562739198 0.06249330756200137
u 657 0.6401791089285951 0.0540408
x 657 48.42658439612269 -62.82991428242979 0.11653410756200136
u 658 0.7361755185695935 0.0518776
x 658 49.15521919129862 -62.725395412641014 0.16841170756200136
u 659 0.6704980310424185 0.0393812
x 659 49.81384765310228 -62.60002372580421 0.20779290756200136
u 660 0.7697266296223875 0.0414801
x 660 50.56350748924989 -62.42565552994439 0.24927300756200135
u 661 0.6887265367458191 0.0341534
x 661 51.2279159413348 -62.24438351173711 0.2834264075620013
u 662 0.0 0.0
x 662 51.2279159413348 -62.24438351173711 0.2834264075620013
u 663 0.7720237779714108 0.0340974
x 663 51.96531422551066 -62.01589556809754 0.3175238075620013
u 664 0.7423240224426938 0.0293954
x 664 52.66702281378303 -61.773799857200615 0.34691920756200134
u 665 0.6128010912544762 0.0231229
x 665 53.24085594916445 -61.558802232356086 0.37004210756200134
u 666 0.6332047502212231 0.0220667
x 666 53.82862595102961 -61.32330613666157 0.39210880756200134
u 667 0.5171671170699467 0.0166754
x 667 54.3048729204167 -61.12170144066127 0.40878420756200134
u 668 0.5303472625232273 0.0164976
x 668 54.7897611349435 -60.90688696507759 0.42528180756200135
u 669 0.4332954429930026 0.0133805
x 669 55.18325194183502 -60.7254837547772 0.43866230756200136
u 670 0.44077037322770646 0.0128339
x 670 55.58107821242511 -60.535720444993515 0.4514962075620014
u 671 0.3496341749042848 0.00971573
x 671 55.89493138891099 -60.381644884740524 0.46121193756200135
u 672 0.342985030321635 0.00940208
x 672 56.20135713122999 -60.227563319084666 0.47061401756200133
u 673 0.26784234085092873 0.00721523
x 673 56.43964213225916 -60.10525442075609 0.47782924756200135
u 674 0.2520700929737096 0.00657675
x 674 56.66309639051253 -59.98860410050396 0.48440599756200137
u 675 0.20721957585536077 0.00531484
x 675 56.84621841097381 -59.89161865231197 0.48972083756200135
u 676 0.1549192344656431 0.00398271
x 676 56.98278361716409 -59.81847576515452 0.49370354756200135
u 677 0.13829716969707842 0.00352494
x 677 57.10445010768203 -59.75272356041987 0.49722848756200133
u 678 0.09099644545279999 0.00228278
x 678 57.18437799367136 -59.70922778441208 0.4995112675620013
u 679 0.06435141638355496 0.00161479
x 679 57.24084183423494 -59.678358080825284 0.5011260575620013
u 680 0.024634500866388576 0.000618147
x 680 57.2624436705304 -59.66651665851728 0.5017442045620013
u 681 0.0015079000000560467 -3.7404e-05
x 681 57.263765727895816 -59.66579145045579 0.5017068005620013
u 682 0.0015080100000518994 3.75432e-05
x 682 57.2650878816537 -59.665066189398985 0.5017443437620014
u 683 0.000502563000038076 -1.23753e-05
x 683 57.26552850271875 -59.664824481629076 0.5017319684620014
u 684 0.000502668 1.25144e-05
x 684 57.26596921582549 -59.66458272332876 0.5017444828620015
u 685 0.02059740047334132 0.000497307
x 685 57.284025417162255 -59.65467179548109 0.5022417898620014
u 686 0.04818110572512988 0.00110264
x 686 57.32624362962013 -59.631454533571976 0.5033444298620015
u 687 0.08964803122120346 0.00180639
x 687 57.404733897650445 -59.588141196815194 0.5051508198620015
u 688 0.11026603353224255 0.00168133
x 688 57.50118296354373 -59.53469802161932 0.5068321498620015
u 689 0.16109305420107226 0.00172313
x 689 57.64195702112924 -59.456380524202366 0.5085552798620016
u 690 0.18435503011093754 0.00118474
x 690 57.80292850299577 -59.36651976982342 0.5097400198620016
u 691 0.260397019433717 0.000661241
x 691 58.03017958701097 -59.23938381867963 0.5104012608620015
u 692 0.27875000153704516 -0.000496294
x 692 58.273436278866804 -59.103267164190285 0.5099049668620016
u 693 0.36370720318478134 -0.00291458
x 693 58.59113486836119 -58.92620660325428 0.5069903868620016
u 694 0.4169144074122289 -0.00622932
x 694 58.95623366775841 -58.72491098056746 0.5007610668620016
u 695 0.41712607616432335 -0.00724879
x 695 59.32286654514214 -58.52597949798464 0.4935122768620016
u 696 0.5212782370568164 -0.00906851
x 696 59.783056363926484 -58.281123481300504 0.48444376686200163
u 697 0.5048166638779096 -0.00866592
x 697 60.230798947330435 -58.047960773506944 0.47577784686200164
u 698 0.6125525875285367 -0.0103113
x 698 60.776756277078526 -57.77020558985065 0.4654665468620016
u 699 0.5843773814763752 -0.00845238
x 699 61.30006533896054 -57.510123839980444 0.45701416686200164
u 700 0.6982325860876509 -0.00788794
x 700 61.92784981800095 -57.204488658210295 0.44912622686200165
u 701 0.652323071555278 -0.00729908
x 701 62.51650835351007 -56.92341103717322 0.44182714686200164
u 702 0.7680409524636186 -0.0114189
x 702 63.21265571314848 -56.59897406535591 0.43040824686200163
u 703 0.7121182444493804 -0.012324
x 703 63.86164004279797 -56.305843862910336 0.41808424686200163
u 704 0.8190447319534376 -0.014385
x 704 64.61250511214949 -55.97869809605797 0.40369924686200165
u 705 0.827720461392942 -0.0146493
x 705 65.37604287740959 -55.65913747433803 0.38904994686200167
u 706 0.0 0.0
x 706 65.37604287740959 -55.65913747433803 0.38904994686200167
u 707 0.746336772443242 -0.0133705
x 707 66.06847772640184 -55.38066977485619 0.37567944686200166
u 708 0.0 0.0
x 708 66.06847772640184 -55.38066977485619 0.37567944686200166
u 709 0.8440542912767472 -0.0152185
x 709 66.85599257839603 -55.07696884532018 0.36046094686200164
u 710 0.7594757736241851 -0.0123049
x 710 67.56829025432606 -54.81347654224698 0.34815604686200163
u 711 0.8631680903012764 -0.00824498
x 711 68.38087599918394 -54.52234197089468 0.3399110668620016
u 712 0.0 0.0
x 712 68.38087599918394 -54.52234197089468 0.3399110668620016
u 713 0.7727421383791473 -4.64837e-05
x 713 69.10941115818413 -54.26472416401699 0.33986458316200163
u 714 0.8452320197934837 0.00708681
x 714 69.90529067409902 -53.98013679003638 0.34695139316200163
u 715 0.7031769991939021 0.00900144
x 715 70.56548290387063 -53.738060824078055 0.35595283316200166
u 716 0.719590613507587 0.0104834
x 716 71.23863910436499 -53.48376446459419 0.36643623316200163
u 717 0.5810744557053885 0.00926486
x 717 71.78016390976778 -53.273060898001035 0.3757010931620016
u 718 0.601519822402578 0.0121596
x 718 72.33837242606931 -53.04895179305982 0.3878606931620016
u 719 0.5112236388068516 0.0153411
x 719 72.81012088785702 -52.85198003871159 0.4032017931620016
u 720 0.5471915519330708 0.0256932
x 720 73.31061946668683 -52.63083914260761 0.42889499316200164
u 721 0.5233172728131951 0.0390759
x 721 73.78216510918145 -52.4039673071496 0.46797089316200163
u 722 0.4609191666372629 0.0471821
x 722 74.18847223165862 -52.18643204142214 0.5151529931620016
u 723 0.4993102218721343 0.06401
x 723 74.6148136418173 -51.92670413258609 0.5791629931620016
u 724 0.4402333552401499 0.06283
x 724 74.97544488657468 -51.674341763962936 0.6419929931620016
u 725 0.0 0.0
x 725 74.97544488657468 -51.674341763962936 0.6419929931620016
u 726 0.49144277624550553 0.0764141
x 726 75.3574226084177 -51.365324733297406 0.7184070931620017
u 727 0.43056102540732827 0.0734938
x 727 75.67087195540097 -51.070284269023325 0.7919008931620017
u 728 0.466268109549227 0.0887555
x 728 75.98327593083621 -50.724355049478135 0.8806563931620017
u 729 0.389158019322023 0.0813249
x 729 76.21856231388848 -50.414515037897516 0.9619812931620018
u 730 0.4186816517426576 0.09102
x 730 76.44205424039758 -50.0606440206669 1.0530012931620019
u 731 0.37380635897822817 0.0831895
x 731 76.61335973255711 -49.728521969465596 1.1361907931620019
u 732 0.4082258798248342 0.0908853
x 732 76.7681930547324 -49.350950345343314 1.227076093162002
u 733 0.40351279509156834 0.089869
x 733 76.88693109645887 -48.96544509606364 1.316945093162002
u 734 0.3471867856831536 0.077336
x 734 76.96104618182272 -48.62634989820827 1.394281093162002
u 735 0.37741239908806656 0.0840445
x 735 77.01163772153453 -48.25245580721491 1.478325593162002
u 736 0.3382305105472302 0.0752757
x 736 77.03017020727303 -47.91481336983248 1.553601293162002
u 737 0.3828150881300265 0.0853206
x 737 77.02042572895886 -47.53223846498315 1.638921893162002
u 738 0.3370886904335564 0.0750703
x 738 76.98488327925685 -47.197108391549534 1.713992193162002
u 739 0.3768207801770624 0.0839142
x 739 76.91553209825321 -46.826836853777536 1.7979063931620018
u 740 0.31573319712842374 0.0703118
x 740 76.83368890910977 -46.52196297529628 1.8682181931620019
u 741 0.36023404664328995 0.0802402
x 741 76.71442264662518 -46.182147560986365 1.9484583931620019
u 742 0.3216639775231289 0.0716327
x 742 76.58520664392182 -45.88765358231019 2.020091093162002
u 743 0.3648587129281141 0.0811387
x 743 76.41358552104491 -45.56579172880498 2.101229793162002
u 744 0.38742478017643633 0.0835955
x 744 76.20385253250618 -45.24018054268024 2.184825293162002
u 745 0.3708019865777421 0.0727135
x 745 75.97938382688083 -44.94514267459177 2.2575387931620017
u 746 0.447072107430826 0.074466
x 746 75.68332588060734 -44.61028327502474 2.332004793162002
u 747 0.4348760993550807 0.0596663
x 747 75.37413743288454 -44.304565060969146 2.3916710931620018
u 748 0.5194748133946053 0.0574335
x 748 74.9840598817698 -43.96160818980569 2.449104593162002
u 749 0.49085837677113353 0.0417963
x 749 74.59982753689711 -43.65620292216549 2.490900893162002
u 750 0.5800252609299013 0.0358257
x 750 74.13212759778439 -43.31320133553438 2.526726593162002
u 751 0.5395400788587409 0.0234107
x 751 73.68780122619206 -43.007155134377925 2.550137293162002
u 752 0.6325656295922253 0.0186259
x 752 73.1594352452223 -42.659366264711046 2.568763193162002
u 753 0.5788450570203063 0.00892711
x 753 72.67159686677884 -42.34780071562027 2.577690303162002
u 754 0.6669821687368445 0.00355187
x 754 72.10724776043148 -41.992308336117524 2.581242173162002
u 755 0.6914511588574981 0.000707404
x 755 71.52141106104264 -41.62502091896772 2.581949577162002
u 756 0.6225277038546194 -0.00432711
x 756 70.99456996715196 -41.293390704472586 2.577622467162002
u 757 0.0 0.0
x 757 70.99456996715196 -41.293390704472586 2.577622467162002
u 758 0.7156970931320458 -0.00761891
x 758 70.3911693003812 -40.908517365980664 2.5700035571620017
u 759 0.6474370250690838 -0.00724004
x 759 69.84791996066684 -40.55630574592503 2.5627635171620016
u 760 0.7397008598518969 -0.00977588
x 760 69.23070135329965 -40.14863652309143 2.5529876371620017
u 761 0.6677407893328919 -0.00972291
x 761 68.67714169118398 -39.77521189931672 2.543264727162002
u 762 0.7676317502250037 -0.0119568
x 762 68.04546402342332 -39.3390527451566 2.531307927162002
u 763 0.6919539428736522 -0.0109552
x 763 67.48060174791281 -38.93939529167246 2.5203527271620016
u 764 0.7868772810946052 -0.0125886
x 764 66.84364630432182 -38.477382909213276 2.5077641271620017
u 765 0.7119337881804825 -0.0112711
x 765 66.27238248358789 -38.05252763956897 2.4964930271620016
u 766 0.8157066290525752 -0.0129387
x 766 65.62379150737205 -37.55785828763989 2.4835543271620018
u 767 0.8338344282636931 -0.0124468
x 767 64.9672577563088 -37.04382102119694 2.4711075271620015
u 768 0.7573561857968237 -0.0105537
x 768 64.37634805199329 -36.57010297251599 2.4605538271620016
u 769 0.8656138428566794 -0.0108648
x 769 63.70680994089885 -36.02146951378939 2.4496890271620018
u 770 0.7830906472318773 -0.00848913
x 770 63.10593226592516 -35.519300917813 2.4411998971620017
u 771 0.8933960544820583 -0.00870256
x 771 62.42536549009788 -34.94052605961551 2.4324973371620016
u 772 0.8047310603901012 -0.00726926
x 772 61.816523742100095 -34.41431226867374 2.4252280771620014
u 773 0.9183604969057911 -0.00765001
x 773 61.12621155637782 -33.80863002902202 2.4175780671620015
u 774 0.8249398999663654 -0.0059867
x 774 60.50984511793804 -33.260345231141024 2.4115913671620017
u 775 0.9413960304496075 -0.00654149
x 775 59.8104000356774 -32.630265948164954 2.4050498771620017
u 776 0.8449312759460836 -0.0049887
x 776 59.18589721599902 -32.06114064676654 2.4000611771620015
u 777 0.9567998629704143 -0.0024975
x 777 58.4811271987508 -31.414020314280968 2.3975636771620015
u 778 0.935473184863598 -0.00135842
x 778 57.793287184421274 -30.779996608323962 2.3962052571620016
u 779 0.8227020576157437 -0.00049663
x 779 57.18888356299361 -30.22184347154225 2.3957086271620014
u 780 0.9137602298869505 0.00186678
x 780 56.51715898976681 -29.602373042086782 2.3975754071620012
u 781 0.7964663138272463 0.00196953
x 781 55.93062504248267 -29.063544393362513 2.3995449371620015
u 782 0.8848033646785495 0.00205042
x 782 55.277836072649485 -28.466264491868724 2.4015953571620017
u 783 0.7704283215985476 0.00209981
x 783 54.70835258014793 -27.94737323891147 2.4036951671620015
u 784 0.8537774215253467 0.0021075
x 784 54.07605102364886 -27.373674400360553 2.4058026671620016
u 785 0.7430360964929719 0.00109724
x 785 53.5249643058435 -26.87527093452317 2.4068999071620016
u 786 0.8339450644586158 0.000670212
x 786 52.90595912105116 -26.316435604839516 2.407570119162002
u 787 0.7231910213925954 -0.00100573
x 787 52.36924370031471 -25.831727686107012 2.4065643891620017
u 788 0.8008337909512133 -0.00331557
x 788 51.77606713870463 -25.293698188802665 2.403248819162002
u 789 0.7891158127835914 -0.00316053
x 789 51.19328977997121 -24.761651388430124 2.4000882891620017
u 790 0.6852475257737823 -0.00291262
x 790 50.688626413294365 -24.29810125526553 2.3971756691620016
u 791 0.7642521172882103 -0.00407978
x 791 50.127589779473496 -23.779142312630622 2.3930958891620016
u 792 0.6647492205319405 -0.0045778
x 792 49.6415567480406 -23.325641875083672 2.3885180891620017
u 793 0.7578651730500069 -0.00534539
x 793 49.09001401361877 -22.805873787353672 2.3831726991620017
u 794 0.6926698262753762 -0.00547484
x 794 48.588495235880224 -22.328098520753226 2.3776978591620015
u 795 0.8098569531925848 -0.00701416
x 795 48.00562870196927 -21.76584217413655 2.3706836991620013
u 796 0.751420159558874 -0.0066874
x 796 47.46840654564812 -21.2404637327307 2.363996299162001
u 797 0.8981891421707657 -0.00823629
x 797 46.830957475971246 -20.607693744395494 2.355760009162001
u 798 0.841529497404317 -0.00751745
x 798 46.238408053453945 -20.010154003573582 2.348242559162001
u 799 0.9948897788433764 -0.00818035
x 799 45.54343902531231 -19.29824235012109 2.340062209162001
u 800 1.0422163527365826 -0.00754952
x 800 44.82129819882361 -18.546762214955546 2.332512689162001
u 801 0.9532469870634286 -0.0052247
x 801 44.16520599733794 -17.855227129482305 2.3272879891620013
u 802 1.0925720694511554 -0.00424415
x 802 43.41698106125635 -17.059066730990452 2.3230438391620014
u 803 0.9745091213288646 -0.00320387
x 803 42.75225797406161 -16.346458540917457 2.3198399691620013
u 804 1.0840202642453611 -0.00121724
x 804 42.01458998155042 -15.552137622757806 2.3186227291620014
u 805 0.9381910349412527 -0.00102767
x 805 41.376929768607 -14.863957563901396 2.3175950591620014
u 806 1.0214906370448398 -0.00238874
x 806 40.68393439642894 -14.11349101598207 2.3152063191620016
u 807 0.8883111302365868 -0.00112075
x 807 40.08243610566635 -13.459811899201865 2.3140855691620015
u 808 0.9776042546652383 -0.0017275
x 808 39.42150036157425 -12.739482958198336 2.3123580691620016
u 809 0.8537681532047116 -0.00114944
x 809 38.845192829995135 -12.109570576817609 2.3112086291620018
u 810 0.951131004454858 -0.000223242
x 810 38.203645528961594 -11.407383105827368 2.3109853871620016
u 811 0.9310540950329181 -0.00133304
x 811 37.57617540497856 -10.719529311028761 2.3096523471620016
u 812 0.8049512726735718 -0.00179052
x 812 37.03461988009288 -10.1239925852619 2.3078618271620015
u 813 0.8828903350051888 -0.0024127
x 813 36.44200261891516 -9.469546447469298 2.3054491271620017
u 814 0.7600141738361021 -0.00641087
x 814 35.934353939302106 -8.903938469976328 2.299038257162002
u 815 0.82647219262405 -0.010456
x 815 35.38752311749962 -8.284240063946582 2.288582257162002
u 816 0.7114576544018287 -0.00995082
x 816 34.92225835009031 -7.746005437119644 2.278631437162002
u 817 0.773011111701829 -0.0107198
x 817 34.42281141553797 -7.156011186134682 2.267911637162002
u 818 0.6627975256573174 -0.0084412
x 818 33.99943945489556 -6.646056154316023 2.259470437162002
u 819 0.7134415114503322 -0.00993653
x 819 33.54878152100492 -6.092972047771752 2.249533907162002
u 820 0.6005134185162401 -0.00993066
x 820 33.17409971912263 -5.623688605105788 2.2396032471620018
u 821 0.6534726386265965 -0.0116238
x 821 32.771902551365116 -5.108655480303439 2.2279794471620016
u 822 0.6296377543079986 -0.0111906
x 822 32.39006092892466 -4.608019345136881 2.2167888471620016
u 823 0.547123873947365 -0.00945149
x 823 32.062766607112074 -4.1695894967324785 2.2073373571620016
u 824 0.6062629990424947 -0.00885489
x 824 31.70455651091069 -3.6804699312298794 2.198482467162002
u 825 0.5260303181646686 -0.00670938
x 825 31.397063449163905 -3.2536738738569193 2.1917730871620016
u 826 0.5768732815381153 -0.00599785
x 826 31.062830390939673 -2.783493006412453 2.1857752371620016
u 827 0.5017747044213148 -0.00358564
x 827 30.77407123543951 -2.3731325132397623 2.182189597162002
u 828 0.5529425770090456 -0.00309545
x 828 30.45737855764629 -1.9198654868979992 2.179094147162002
u 829 0.4784991066324207 -0.00111774
x 829 30.184149489501014 -1.5270458749500349 2.1779764071620016
u 830 0.5231410770496587 0.00181672
x 830 29.885279238174036 -1.097682294640076 2.1797931271620015
u 831 0.45768268978523985 0.00458617
x 831 29.622604280666053 -0.7228824226100886 2.1843792971620015
u 832 0.5062255605891465 0.00941045
x 832 29.32917621802799 -0.3103749692247741 2.1937897471620014
u 833 0.4953805502238056 0.0152603
x 833 29.037078651294976 0.08972019285461336 2.2090500471620014
u 834 0.43056346441711574 0.0182253
x 834 28.777414707244276 0.43316509619381655 2.2272753471620015
u 835 0.48247570451576893 0.0261936
x 835 28.477973057216378 0.8114562466761368 2.2534689471620015
u 836 0.43279451911917227 0.0296088
x 836 28.200005368999776 1.143166023659753 2.2830777471620016
u 837 0.4772134085674485 0.040707
x 837 27.88085238324678 1.4979089778124561 2.3237847471620015
u 838 0.4164408233843566 0.0438027
x 838 27.589518133310506 1.7954313928027648 2.3675874471620015
u 839 0.4607390953286252 0.0541023
x 839 27.251486659430057 2.1084225458495838 2.4216897471620014
u 840 0.4081652297490516 0.0510963
x 840 26.937859373740345 2.36957487075081 2.4727860471620016
u 841 0.45960211912180077 0.0623625
x 841 26.568623569437058 2.6431266550789205 2.5351485471620014
u 842 0.39950160408740537 0.0578809
x 842 26.233956621510274 2.8611977731588585 2.5930294471620012
u 843 0.4455257447400879 0.0678648
x 843 25.84621223862581 3.080449482986308 2.6608942471620014
u 844 0.442606696190749 0.0711709
x 844 25.44681654400619 3.2709779305445608 2.732065147162001
u 845 0.3964796553259196 0.0682077
x 845 25.07802225790733 3.4163256432208495 2.800272847162001
u 846 0.43932953615436554 0.0824734
x 846 24.658444449009515 3.546154476275348 2.882746247162001
u 847 0.3837220269470597 0.0767507
x 847 24.28410248523623 3.630049783177062 2.959496947162001
u 848 0.42899718342777027 0.0890163
x 848 23.859299716988588 3.6888689830094368 3.048513247162001
u 849 0.38182196878864894 0.0820535
x 849 23.478101860068694 3.7087292843509467 3.1305667471620007
u 850 0.4317495324247613 0.0952615
x 850 23.046804672084267 3.6929346631403583 3.2258282471620006
u 851 0.3885897347339994 0.0864351
x 851 22.6614868248171 3.6435570338315175 3.3122633471620007
u 852 0.44753715798379246 0.0998415
x 852 22.224975650374766 3.5456735398548243 3.412104847162001
u 853 0.4054162080928191 0.0904287
x 853 21.83973004004332 3.4198317819706774 3.5025335471620007
u 854 0.4604690631312814 0.102603
x 854 21.418021955709563 3.2354189205062465 3.605136547162001
u 855 0.4686167525908992 0.104252
x 855 21.010527509794038 3.004440318207637 3.7093885471620007
u 856 0.4210348273536169 0.0934787
x 856 20.666649817159648 2.7617689155760186 3.8028672471620006
u 857 0.48406312305937954 0.107734
x 857 20.301358682331237 2.444510431234569 3.910601247162001
u 858 0.4277819766865944 0.0952299
x 858 20.008573016036568 2.132844394027986 4.0058311471620005
u 859 0.4915490947125119 0.10916
x 859 19.710468873137046 1.742313216644241 4.114991147162001
u 860 0.4524121186876408 0.0965102
x 860 19.474421197851683 1.3565679607280106 4.211501347162001
u 861 0.5529101303843962 0.106866
x 861 19.23530619798979 0.8583282618919625 4.318367347162001
u 862 0.5275712439510326 0.0915955
x 862 19.05534660299065 0.3625950452258921 4.409962847162001
u 863 0.6277768425647445 0.0911123
x 863 18.895912243983386 -0.24437438445106158 4.501075147162001
u 864 0.5898057228147249 0.0721812
x 864 18.793114936849964 -0.8250227229450819 4.573256347162001
u 865 0.6941542418836033 0.0680344
x 865 18.720296955046013 -1.5152124221658947 4.641290747162001
u 866 0.7280632007169158 0.0541911
x 866 18.68827447675825 -2.2424818880829975 4.695481847162001
u 867 0.6684437853682312 0.0353712
x 867 18.688794810859054 -2.9108906254403997 4.730853047162001
u 868 0.7760603769920411 0.0251112
x 868 18.712863452343232 -3.6865572819450603 4.755964247162002
u 869 0.7127545767910035 0.0112229
x 869 18.747907191454576 -4.398446101127397 4.7671871471620015
u 870 0.8204738819686638 0.0030601
x 870 18.794098568537247 -5.217618379931681 4.770247247162001
u 871 0.7453559828794577 -0.00493345
x 871 18.835363834337464 -5.961830441276678 4.765313797162001
u 872 0.8526520614055609 -0.0116966
x 872 18.875488669997765 -6.813532998986705 4.753617197162002
u 873 0.7746643373491298 -0.0124353
x 873 18.9026043924999 -7.587717628134269 4.741181897162002
u 874 0.8881179246838794 -0.0143431
x 874 18.921805055211458 -8.475620359647525 4.726838797162002
u 875 0.7971883212531684 -0.0132959
x 875 18.92802450338209 -9.272778547149493 4.713542897162002
u 876 0.9107406773980071 -0.0157207
x 876 18.921916790525046 -10.183489365647882 4.697822197162002
u 877 0.9265304152980676 -0.014413
x 877 18.901744949911315 -11.109792149008056 4.6834091971620015
u 878 0.8402742607532683 -0.011113
x 878 18.872730917961285 -11.949561017682077 4.672296197162002
u 879 0.9589490322724736 -0.0113434
x 879 18.828860663647593 -12.907500883688833 4.660952797162001
u 880 0.8666489571554846 -0.00820738
x 880 18.780751967741573 -13.772811089449544 4.652745417162001
u 881 0.9765567887148593 -0.00894246
x 881 18.718183327239448 -14.747358149190099 4.643802957162001
u 882 0.8710784033741614 -0.00692254
x 882 18.655478892101485 -15.616174993233315 4.6368804171620015
u 883 0.9780776164368065 -0.00694242
x 883 18.57831098370385 -16.591201708472784 4.629937997162002
u 884 0.8660704408323356 -0.00637352
x 884 18.50423341404413 -17.45409682552726 4.6235644771620015
u 885 0.9748982905240299 -0.00658345
x 885 18.414556572432687 -18.424860086153764 4.6169810271620015
u 886 0.8651670997676707 -0.00626479
x 886 18.329440749391157 -19.28582870293189 4.610716237162001
u 887 0.9715519025655587 -0.00774127
x 887 18.227090403078407 -20.251971959469977 4.602974967162001
u 888 0.9766726703970824 -0.0068446
x 888 18.117120179372527 -21.222431814887074 4.596130367162001
u 889 0.8681738120229778 -0.00555391
x 889 18.014020629862554 -22.084460998458276 4.590576457162001
u 890 0.9773837496954433 -0.00136883
x 890 17.89459332384722 -23.054520771661803 4.5892076271620015
u 891 0.863263542649636 0.00550542
x 891 17.790882909134318 -23.911530813411833 4.594713047162002
u 892 0.9566840433748832 0.0129315
x 892 17.68470981180927 -24.8622983339508 4.607644547162002
u 893 0.8352029531264901 0.0192119
x 893 17.605370905304326 -25.69371150160758 4.626856447162002
u 894 0.916720850919128 0.0278646
x 894 17.539791668572125 -26.60805394769152 4.654721047162002
u 895 0.7742808750341975 0.0175654
x 895 17.50195632782892 -27.381399889690062 4.672286447162001
u 896 0.8659128282017752 0.0031505
x 896 17.468603325540386 -28.246669780008226 4.675436947162002
u 897 0.769833033426054 -0.00452305
x 897 17.438423194863148 -29.015910346223123 4.670913897162001
u 898 0.8630356227510197 -0.00971545
x 898 17.398450793365367 -29.87801639223117 4.661198447162001
u 899 0.8607103256822772 -0.0127729
x 899 17.348921402737975 -30.737294596508267 4.6484255471620015
u 900 0.7635565163176887 -0.0121275
x 900 17.295495708211302 -31.498975043367974 4.6362980471620014
u 901 0.8534335606609283 -0.0152057
x 901 17.22415266985149 -32.349413153865015 4.621092347162001
u 902 0.7473103705477269 -0.0140353
x 902 17.150800289854114 -33.093108690060646 4.607057047162002
u 903 0.8031178526383564 -0.0139283
x 903 17.060803457783543 -33.89116158816391 4.593128747162002
u 904 0.6796876380974014 -0.0115211
x 904 16.97605003559765 -34.56554058604272 4.581607647162001
u 905 0.7341374776228357 -0.0125512
x 905 16.87574678049853 -35.29278883651663 4.569056447162001
u 906 0.653227449469868 -0.0106498
x 906 16.778997388991865 -35.93880866823856 4.558406647162001
u 907 0.7289627827980812 -0.010927
x 907 16.663259746554637 -36.658521284204454 4.547479647162001
u 908 0.0 0.0
x 908 16.663259746554637 -36.658521284204454 4.547479647162001
u 909 0.6439930252245968 -0.00852635
x 909 16.55483307651427 -37.29331901676212 4.538953297162001
u 910 0.7286198409149276 -0.00359517
x 910 16.42780713694292 -38.01078031288248 4.535358127162001
u 911 0.719595876026722 0.00529606
x 911 16.30295714353783 -38.7194618306448 4.540654187162001
u 912 0.6424880826988454 0.0141551
x 912 16.197645089964677 -39.35325471113477 4.554809287162001
u 913 0.7171865937292748 0.031361
x 913 16.096222227227006 -40.063203905220156 4.586170287162002
u 914 0.6345020081957267 0.0432858
x 914 16.029994722387165 -40.69419032325798 4.629456087162001
u 915 0.7072357183831993 0.0644569
x 915 15.994156297555353 -41.400394838494854 4.693912987162001
u 916 0.625335058640438 0.0761255
x 916 16.006400843016618 -42.02545899402037 4.770038487162001
u 917 0.673480522559851 0.0941871
x 917 16.076788309988633 -42.69500092989962 4.864225587162001
u 918 0.5886293006370732 0.0882274
x 918 16.19135652817176 -43.27217844176606 4.952452987162001
u 919 0.6295498624624501 0.111097
x 919 16.374666367598778 -43.87411120653607 5.063549987162001
u 920 0.5139014061656574 0.104819
x 920 16.576385391177265 -44.3465118608099 5.168368987162001
u 921 0.5094272528342884 0.112608
x 921 16.82595909170825 -44.790307957723364 5.280976987162001
u 922 0.4703661099142241 0.104613
x 922 17.099475904229152 -45.17270975119646 5.3855899871620005
u 923 0.37789353962460115 0.0840297
x 923 17.347218175557163 -45.45791719534867 5.469619687162001
u 924 0.39613964683758934 0.0879436
x 924 17.631631368415274 -45.73347960458645 5.557563287162001
u 925 0.3308995932560208 0.0734092
x 925 17.88700688468654 -45.94378586692773 5.630972487162001
u 926 0.3641690725408872 0.0808795
x 926 18.185045725571218 -46.15287839323765 5.711851987162001
u 927 0.32510540246063274 0.0722689
x 927 18.464629884496013 -46.31865000571889 5.784120887162001
u 928 0.3819374904338274 0.0848117
x 928 18.807327858037063 -46.48701545805922 5.868932587162002
u 929 0.3499122051829573 0.0776791
x 929 19.132789009628496 -46.61528094797492 5.946611687162002
u 930 0.4008573287223773 0.0889657
x 930 19.516541007987666 -46.73067178338863 6.035577387162002
u 931 0.35891879433119694 0.0798058
x 931 19.867652277976305 -46.80466650782483 6.115383187162002
u 932 0.4174976786513309 0.0927136
x 932 20.281926496242342 -46.85522698919536 6.208096787162002
u 933 0.4253740875145194 0.0926988
x 933 20.70697270614403 -46.86744580741142 6.300795587162002
u 934 0.3938436824057992 0.0810029
x 934 21.10004409174255 -46.84457800206902 6.381798487162001
u 935 0.46908281543407665 0.0866131
x 935 21.564265746598473 -46.778249881542955 6.468411587162001
u 936 0.4499253255819236 0.0717235
x 936 22.003145548462914 -46.679606319116814 6.540135087162001
u 937 0.528812042782698 0.0691159
x 937 22.509547073310706 -46.52765774597211 6.609250987162001
u 938 0.5061309849472665 0.0528371
x 938 22.9845048487981 -46.35294628605297 6.662088087162001
u 939 0.5956030356057297 0.0498755
x 939 23.53213999583676 -46.11892664873807 6.711963587162001
u 940 0.5552764896342419 0.0331025
x 940 24.033236805656852 -45.87974928162792 6.745066087162001
u 941 0.6524116958678029 0.0272334
x 941 24.61325534757103 -45.58109696552078 6.772299487162001
u 942 0.6039313902339802 0.0159856
x 942 25.14408477848093 -45.2930944091396 6.788285087162
u 943 0.6989758801768486 0.0112622
x 943 25.75385935949287 -44.95142632839095 6.799547287162
u 944 0.7211647435986749 0.00736186
x 944 26.379683165838024 -44.59306784595368 6.806909147162
u 945 0.6612450769412277 0.0109309
x 945 26.9504780696272 -44.25925071647299 6.817840047162
u 946 0.752133233844664 0.0163226
x 946 27.594490608873997 -43.87074114009845 6.834162647162
u 947 0.678006419910967 0.0148205
x 947 28.169509709545384 -43.51152348298824 6.8489831471619995
u 948 0.7678751492956293 0.0156214
x 948 28.81447851189175 -43.0948275525646 6.864604547161999
u 949 0.6847845733953033 0.0133557
x 949 29.384213590062032 -42.714926404544464 6.877960247161999
u 950 0.7578425568770791 0.0140994
x 950 30.00890104576701 -42.285879309884 6.892059647161999
u 951 0.6376307913119568 0.00905839
x 951 30.530285816479672 -41.91882595298276 6.901118037161999
u 952 0.6749071846332119 0.0048949
x 952 31.079428560772733 -41.5264727386749 6.906012937161999
u 953 0.5606362312641777 0.00183658
x 953 31.534494817967694 -41.1990164866047 6.907849517161999
u 954 0.5864830375966383 -0.00178978
x 954 32.010532815239934 -40.85645249736551 6.906059737161999
u 955 0.5436853528555251 -0.00554154
x 955 32.45299329639356 -40.540506728147264 6.900518197161999
u 956 0.45356971625546444 -0.0066663
x 956 32.82371788408263 -40.27918698965528 6.893851897161999
u 957 0.48688922563274084 -0.0101924
x 957 33.22402554084198 -40.00203568490281 6.883659497161998
u 958 0.42648066007096375 -0.0137545
x 958 33.57754712085847 -39.76348720267885 6.869904997161998
u 959 0.48091711597719666 -0.0225824
x 959 33.981008385517036 -39.501780397739516 6.847322597161998
u 960 0.42533497197997205 -0.0269307
x 960 34.3434564604343 -39.27922636449375 6.820391897161998
u 961 0.4856024162833469 -0.0371581
x 961 34.76517804693935 -39.03853261909647 6.783233797161998
u 962 0.438480677267804 -0.0401106
x 962 35.15408348847699 -38.8360675951331 6.743123197161998
u 963 0.4921900366165593 -0.0556988
x 963 35.60098010980119 -38.62998067321718 6.6874243971619975
u 964 0.43496410136083646 -0.0576756
x 964 36.00559747044514 -38.47052497071532 6.629748797161998
u 965 0.4964234279131073 -0.0740733
x 965 36.47832167633862 -38.31934499323335 6.555675497161998
u 966 0.5048528616054879 -0.0862869
x 966 36.96980252088749 -38.20460663057069 6.4693885971619975
u 967 0.447186660691081 -0.0862651
x 967 37.41228296893841 -38.140865117419146 6.383123497161997
u 968 0.5041897021114672 -0.105229
x 968 37.91567587109291 -38.11702490815295 6.277894497161998
u 969 0.45113091618097956 -0.0985376
x 969 38.365953281672645 -38.141616273708664 6.179356897161997
u 970 0.5139434378853767 -0.113104
x 970 38.87303069675349 -38.22364608668339 6.066252897161998
u 971 0.4663273048192653 -0.102524
x 971 39.322490327215235 -38.347164431841385 5.963728897161998
u 972 0.5285862928567103 -0.115225
x 972 39.81367046834228 -38.54168060783404 5.848503897161998
u 973 0.48394044316449725 -0.0975302
x 973 40.24198062919441 -38.76654317371688 5.7509736971619985
u 974 0.5640829400655546 -0.0978025
x 974 40.71328273602643 -39.07607562097003 5.653171197161998
u 975 0.5127557492178902 -0.0739877
x 975 41.116050826590026 -39.393213456757636 5.579183497161998
u 976 0.584016189368925 -0.0729998
x 976 41.54703508421798 -39.78713735952519 5.506183697161998
u 977 0.573287919645975 -0.0696159
x 977 41.941484521647105 -40.20299306509983 5.436567797161999
u 978 0.4962635217099883 -0.0652326
x 978 42.25791624765841 -40.585172507579784 5.371335197161999
u 979 0.5384353684144086 -0.0842729
x 979 42.56927435757905 -41.02425932801912 5.287062297161999
u 980 0.47180431969574 -0.084371
x 980 42.808728125927104 -41.430620242852214 5.202691297161999
u 981 0.5252765088848443 -0.100208
x 981 43.03246472652769 -41.90562185821411 5.102483297161998
u 982 0.4751422065334651 -0.0890386
x 982 43.19336017053871 -42.35252639181626 5.013444697161998
u 983 0.5414496558044524 -0.0983959
x 983 43.32823691847521 -42.87668241581357 4.915048797161998
u 984 0.48626684504802503 -0.0835034
x 984 43.40612136228592 -43.356528321504186 4.831545397161999
u 985 0.5569515579737254 -0.0806783
x 985 43.44996143427614 -43.911600269874796 4.750867097161999
u 986 0.5099722051127493 -0.0575941
x 986 43.45489774980666 -44.42147809920728 4.693272997161999
u 987 0.5886322747697071 -0.0449646
x 987 43.430420781092614 -45.00955161412806 4.6483083971619985
u 988 0.5981015755595942 -0.0234699
x 988 43.38511985932455 -45.605921382640695 4.624838497161998
u 989 0.5391768700483021 -0.00887735
x 989 43.335591516316484 -46.142816839181584 4.615961147161999
u 990 0.6210840078650084 0.00285731
x 990 43.276677773978605 -46.76110015073613 4.618818457161998
u 991 0.5498176008718929 0.0116145
x 991 43.22848617360837 -47.30879857654539 4.630432957161998
u 992 0.6195843256207081 0.0216636
x 992 43.18445672499883 -47.926804345921916 4.6520965571619985
u 993 0.5582603391205079 0.0272833
x 993 43.15842370125042 -48.484440029836165 4.679379857161998
u 994 0.6255172809783036 0.035337
x 994 43.148828751927844 -49.10985116839203 4.714716857161998
u 995 0.56202605763008 0.0335479
x 995 43.15956332005627 -49.67174834256392 4.748264757161999
u 996 0.6352242707986605 0.0377345
x 996 43.19431799138652 -50.30598340131441 4.785999257161999
u 997 0.569734173202002 0.0320081
x 997 43.24530385003264 -50.87340719206336 4.818007357161998
u 998 0.6491929751773042 0.0346941
x 998 43.32492712591353 -51.51766597565616 4.852701457161999
u 999 0.6561937939316708 0.0341715
x 999 43.42777992706662 -52.16571666688672 4.886872957161999
u 1000 0.590472001497606 0.0294423
x 1000 43.53883086642173 -52.74563018462322 4.916315257161999
u 1001 0.6723218051713272 0.0307284
x 1001 43.685080079260295 -53.4018254384134 4.947043657161999
u 1002 0.6010673374967503 0.0226075
x 1002 43.83142845566613 -53.98479088303189 4.969651157162
u 1003 0.686169843011497 0.0184288
x 1003 44.0121177586619 -54.64673280202401 4.988079957161999
u 1004 0.6155101013846068 0.00980151
x 1004 44.182566772454464 -55.238169007877666 4.997881467161999
u 1005 0.7000776471364015 0.00557045
x 1005 44.38159959108499 -55.90935704545981 5.003451917161999
u 1006 0.6265898610945121 0.00361353
x 1006 44.562496560803005 -56.50926596617709 5.007065447161999
u 1007 0.7063113980129654 0.00209187
x 1007 44.76833753895334 -57.18491757814674 5.009157317161999
u 1008 0.6342671181512787 0.00138587
x 1008 44.954237358302606 -57.791329954294675 5.010543187161999
u 1009 0.7132150314732617 0.000143802
x 1009 45.163797820822694 -58.473063107949834 5.010686989161999
u 1010 0.7188221587718927 -0.00156256
x 1010 45.37451831441587 -59.16030547014045 5.009124429161999
u 1011 0.6437221787057795 -0.00174655
x 1011 45.562204936247305 -59.776058561896384 5.007377879161999
u 1012 0.7321663475476677 -0.00217319
x 1012 45.774305722289824 -60.4768299982899 5.0052046891619995
u 1013 0.6562742614165261 -0.00210191
x 1013 45.963078282175104 -61.105368516014586 5.003102779161999
u 1014 0.7443656173573888 -0.00299231
x 1014 46.17537310044749 -61.81881835237743 5.000110469161999
u 1015 0.6707086552326579 -0.00322455
x 1015 46.364661587547026 -62.462261884531486 4.996885919162
u 1016 0.7562102292259608 -0.00427866
x 1016 46.57535722844008 -63.18852656444342 4.992607259162
u 1017 0.681925071856333 -0.00403922
x 1017 46.76263010704932 -63.84423232186561 4.988568039162
u 1018 0.7725896268951326 -0.00478861
x 1018 46.971520491333905 -64.58804573821067 4.9837794291619995
u 1019 0.6901858415699241 -0.00549892
x 1019 47.154710363427355 -65.25347549883412 4.9782805091619995
u 1020 0.7800064283791318 -0.00670899
x 1020 47.35714621115847 -66.00675331863052 4.971571519162
u 1021 0.6977523601853494 -0.00592501
x 1021 47.533974404342 -66.68172644546424 4.965646509161999
u 1022 0.7850663280836107 -0.00653984
x 1022 47.728193150548094 -67.4423880137333 4.959106669161999
u 1023 0.7870454525908511 -0.00653154
x 1023 47.91791341215531 -68.20622344405795 4.952575129161999
u 1024 0.7061969089115019 -0.00519613
x 1024 48.08412313043089 -68.89258142762841 4.947378999161999
u 1025 0.7963420879521668 -0.00468271
x 1025 48.267724119047024 -69.6674686705309 4.942696289161999
u 1026 0.7145784985775373 -0.00260449
x 1026 48.42993959126723 -70.36339128300799 4.940091799161999
u 1027 0.8015256909250361 -0.00305378
x 1027 48.60968365826568 -71.1445026734826 4.9370380191619985
u 1028 0.7150687313107618 -0.00325725
x 1028 48.76783979972146 -71.84186160067652 4.933780769161999
u 1029 0.8057715268130574 -0.00265856
x 1029 48.94373211796439 -72.628200753581 4.931122209161998
u 1030 0.7147963614212848 -0.00491264
x 1030 49.09712352003459 -73.32634392550088 4.9262095691619985
u 1031 0.8067284032852108 -0.00529179
x 1031 49.266220568279664 -74.11515023012838 4.920917779161998
u 1032 0.7032964981152902 -0.00706516
x 1032 49.4093857375708 -74.80371950120232 4.9138526191619984
u 1033 0.7865081410670931 -0.0137224
x 1033 49.56147673040918 -75.5753759525562 4.900130219161999
u 1034 0.0 0.0
x 1034 49.56147673040918 -75.5753759525562 4.900130219161999
u 1035 0.7804389852603469 -0.0197528
x 1035 49.69955638618114 -76.34349001608088 4.880377419161999
u 1036 0.7039045904416092 -0.0218225
x 1036 49.80966744021553 -77.03871484682556 4.858554919161999
u 1037 0.791182603039716 -0.0289575
x 1037 49.91355155290546 -77.82301980163484 4.829597419161999
u 1038 0.7082027053904169 -0.030425
x 1038 49.98565739318261 -78.52751474926627 4.799172419161999
u 1039 0.8044249523845963 -0.0400506
x 1039 50.03931583979363 -79.3300942041434 4.759121819161999
u 1040 0.0 0.0
x 1040 50.03931583979363 -79.3300942041434 4.759121819161999
u 1041 0.7250912220128996 -0.0406198
x 1041 50.058471334477105 -80.05488249116844 4.718502019161999
u 1042 0.8111122032352613 -0.0480899
x 1042 50.04392872335212 -80.86578614604265 4.670412119161999
u 1043 0.7319008544647561 -0.0426829
x 1043 49.99762047276026 -81.59616487335872 4.627729219161999
u 1044 0.0 0.0
x 1044 49.99762047276026 -81.59616487335872 4.627729219161999
u 1045 0.8315106513396506 -0.0472067
x 1045 49.907782638215984 -82.4227305013062 4.580522519161999
u 1046 0.8420777730658612 -0.0436968
x 1046 49.77886216541894 -83.25481322876004 4.536825719161999
u 1047 0.7379261896946401 -0.0341298
x 1047 49.6376010923103 -83.97905594674067 4.502695919161999
u 1048 0.829415732719099 -0.0324936
x 1048 49.451801534686204 -84.7873556781724 4.4702023191619995
u 1049 0.7315128222697016 -0.0185917
x 1049 49.26977442484666 -85.49584825196621 4.4516106191619995
u 1050 0.8148548241906138 -0.00951992
x 1050 49.055933891302324 -86.28214056149568 4.442090699162
u 1051 0.7123169426759638 -0.00493035
x 1051 48.86404035078678 -86.96812253509536 4.437160349161999
u 1052 0.8017790000550887 0.00182218
x 1052 48.64684642080898 -87.73992314654664 4.438982529161999
u 1053 0.6870188333316661 0.00266265
x 1053 48.46222334969032 -88.40167001665986 4.441645179161999
u 1054 0.7709070027018649 0.000133687
x 1054 48.256095300099815 -89.14450837936135 4.441778866161999
u 1055 0.6819092270749172 0.00177921
x 1055 48.07439238587045 -89.8017633696533 4.443558076161999
u 1056 0.7694760109728845 -0.00174831
x 1056 47.869367706664534 -90.54342236242815 4.441809766161999
u 1057 0.679299118801498 -0.00943923
x 1057 47.684711438494844 -91.19713937247927 4.432370536161999
u 1058 0.7609881165031833 -0.0180956
x 1058 47.467789153843746 -91.92654449567682 4.414274936161999
u 1059 0.0 0.0
x 1059 47.467789153843746 -91.92654449567682 4.414274936161999
u 1060 0.7751191185531809 -0.0196148
x 1060 47.23287097971138 -92.66519450527433 4.394660136161999
u 1061 0.0 0.0
x 1061 47.23287097971138 -92.66519450527433 4.394660136161999
u 1062 0.6905325489476527 -0.0167135
x 1062 47.01167017946948 -93.31933081160511 4.377946636161999
u 1063 0.7841050695349011 -0.0181747
x 1063 46.747577313036075 -94.05761178400242 4.359771936161999
u 1064 0.7035260571615696 -0.0151911
x 1064 46.499605622677464 -94.71598055277794 4.344580836161999
u 1065 0.7893726596072367 -0.0138454
x 1065 46.21068012003701 -95.45056975485483 4.330735436161999
u 1066 0.7007491351895799 -0.00782085
x 1066 45.94714182165128 -96.09987277564719 4.322914586161999
u 1067 0.7742112612414109 -0.00525085
x 1067 45.65129303109939 -96.81532731156373 4.3176637361619985
u 1068 0.6800641544947138 -0.00389328
x 1068 45.38854987120019 -97.44258539399141 4.313770456161999
u 1069 0.7558992902768215 -0.00144391
x 1069 45.094648089868215 -98.13900867095649 4.312326546161999
u 1070 0.7519730029696959 -0.000120898
x 1070 44.80173090146321 -98.83158568273195 4.312205648161999
u 1071 0.6634100184683267 0.000797951
x 1071 44.5435186515599 -99.44268245350678 4.313003599161999
u 1072 0.0 0.0
x 1072 44.5435186515599 -99.44268245350678 4.313003599161999
u 1073 0.7427201196745159 0.00133027
x 1073 44.25516553906642 -100.12714251613765 4.314333869162
u 1074 0.6578091544349056 0.00186393
x 1074 44.00074671799234 -100.73375921708046 4.3161977991619995
u 1075 0.7409106138157883 0.00543931
x 1075 43.71668418837889 -101.41805130639533 4.321637109161999
u 1076 0.6554830676211312 0.00918805
x 1076 43.46980917453856 -102.02526441300125 4.330825159161999
u 1077 0.729708172571832 0.0173143
x 1077 43.203962390146906 -102.70481294119485 4.348139459161999
u 1078 0.6486571695566046 0.0177351
x 1078 42.97826606288442 -103.3129299226155 4.365874559161999
u 1079 0.7334677664806192 0.0216196
x 1079 42.73664115259289 -104.00544087059812 4.387494159161999
u 1080 0.0 0.0
x 1080 42.73664115259289 -104.00544087059812 4.387494159161999
u 1081 0.6478385023193148 0.019256
x 1081 42.535768872613794 -104.62134028125112 4.406750159162
u 1082 0.7336022201913581 0.0198467
x 1082 42.32198283846382 -105.32308815918321 4.426596859162
u 1083 0.653297242591561 0.0141029
x 1083 42.142232763564074 -105.95116468630806 4.440699759162
u 1084 0.7321417871885749 0.0146739
x 1084 41.95093747551398 -106.657866951087 4.455373659162
u 1085 0.7349122111151032 0.0137763
x 1085 41.769028170505514 -107.36990376259604 4.469149959162
u 1086 0.6609128242704728 0.0117922
x 1086 41.613634673383935 -108.01228492721447 4.480942159162001
u 1087 0.7440988676056428 0.0128846
x 1087 41.44761935089725 -108.73762235051122 4.493826759162
u 1088 0.6756159031061765 0.0103738
x 1088 41.30455165348582 -109.3979134900909 4.504200559162
u 1089 0.7770905333792943 0.0134686
x 1089 41.149061476744286 -110.15928289675405 4.517669159162001
u 1090 0.6949797632735817 0.0111952
x 1090 41.01840815978576 -110.8418673512709 4.528864359162001
u 1091 0.7986717262003533 0.012015
x 1091 40.87737455542542 -111.62798335736882 4.540879359162001
u 1092 0.7145703769317362 0.0103673
x 1092 40.75907070747012 -112.3326892887715 4.551246659162001
u 1093 0.8163736363689666 0.0112979
x 1093 40.632641605591644 -113.13920928683079 4.562544559162001
u 1094 0.7289210580982775 0.00913268
x 1094 40.527117829522474 -113.86044915584776 4.571677239162001
u 1095 0.8191773534749779 0.00849481
x 1095 40.41567631170287 -114.67200832756909 4.580172049162001
u 1096 0.0 0.0
x 1096 40.41567631170287 -114.67200832756909 4.580172049162001
u 1097 0.8148239983261667 0.00795726
x 1097 40.3114711011473 -115.48013945497347 4.588129309162001
u 1098 0.7171422392886371 0.00661138
x 1098 40.22494139717538 -116.19204094280597 4.594740689162001
u 1099 0.803169662088534 0.00559974
x 1099 40.13290139887873 -116.98991841407476 4.600340429162001
u 1100 0.7105573893263772 0.00443379
x 1100 40.05501657588767 -117.69619380707445 4.604774219162001
u 1101 0.7942995448478897 0.00430939
x 1101 39.97140494510423 -118.48607980249645 4.609083609162002
u 1102 0.7079296334430569 0.00292282
x 1102 39.89943118430596 -119.19034096632804 4.612006429162002
u 1103 0.7917617038654672 0.00291728
x 1103 39.821234730972805 -119.97823148270697 4.614923709162002
u 1104 0.6976403729307366 0.00236171
x 1104 39.75416659071059 -120.67264038838324 4.617285419162002
u 1105 0.7840016981771722 0.00308843
x 1105 39.68092289739629 -121.45321295743935 4.620373849162002
u 1106 0.6884134514717244 0.00255109
x 1106 39.61854224853936 -122.13879408159183 4.622924939162002
u 1107 0.768023581366549 0.00282945
x 1107 39.55100566385375 -122.9038422093195 4.625754389162002
u 1108 0.7623847275711213 0.00319684
x 1108 39.48625351786639 -123.66347181473238 4.628951229162002
u 1109 0.6798885696153505 0.00301306
x 1109 39.43061173824811 -124.34107945174893 4.631964289162002
u 1110 0.7661587353732322 0.00297091
x 1110 39.370194568031216 -125.10485202364384 4.634935199162002
u 1111 0.6831854618747494 0.00280996
x 1111 39.31828921525859 -125.78606263906235 4.637745159162002
u 1112 0.7692751045973408 0.00382752
x 1112 39.262389136471946 -126.55330356946152 4.641572679162001
u 1113 0.0 0.0
x 1113 39.262389136471946 -126.55330356946152 4.641572679162001
u 1114 0.6893988851881453 0.00384769
x 1114 39.21493234372039 -127.24106667501924 4.645420369162001
u 1115 0.7792136986068472 0.00652286
x 1115 39.1653244957562 -128.01869826947666 4.651943229162001
u 1116 0.6916651231365746 0.00812958
x 1116 39.126348515874774 -128.70926244518176 4.660072809162001
u 1117 0.7812465026288582 0.00984877
x 1117 39.08933785611349 -129.48962862551429 4.669921579162001
u 1118 0.6969365117928124 0.0092264
x 1118 39.062962274891575 -130.1860633924208 4.679147979162001
u 1119 0.7844059549986999 0.0107625
x 1119 39.041111852446114 -130.9701611682845 4.689910479162001
u 1120 0.7900605141245474 0.0110657
x 1120 39.0277244715664 -131.76010421981198 4.700976179162001
u 1121 0.7002803596256941 0.00973312
x 1121 39.02314031824484 -132.46036681072994 4.7107092991620005
u 1122 0.7924723672316102 0.010994
x 1122 39.026165415310864 -133.25282941305656 4.721703299162001
u 1123 0.7017393423636159 0.00970616
x 1123 39.03610686481186 -133.95449557739985 4.731409459162001
u 1124 0.7846864622398304 0.0111324
x 1124 39.055397655476796 -134.7389408275266 4.742541859162001
u 1125 0.6975438840460146 0.0100261
x 1125 39.07992227585318 -135.43605052998154 4.752567959162001
u 1126 0.7719387000351161 0.0105804
x 1126 39.11500943784025 -136.20718779973336 4.763148359162002
u 1127 0.6813057354900405 0.0094232
x 1127 39.15278261552022 -136.88744308819784 4.772571559162001
u 1128 0.7590682516074707 0.0105172
x 1128 39.202421260049995 -137.64488305580832 4.783088759162001
u 1129 0.6707604614382342 0.00917524
x 1129 39.252873199835 -138.31374106916775 4.792263999162001
u 1130 0.7509377691956185 0.0102012
x 1130 39.316607557314974 -139.0619660184105 4.802465199162001
u 1131 0.7451729801691118 0.00975249
x 1131 39.387257013311206 -139.80377935317048 4.812217689162002
u 1132 0.6575738361912231 0.00869481
x 1132 39.45563644437224 -140.4577861416114 4.820912499162001
u 1133 0.0 0.0
x 1133 39.45563644437224 -140.4577861416114 4.820912499162001
u 1134 0.7413013333983719 0.00920066
x 1134 39.53931626651905 -141.19434671462403 4.830113159162002
u 1135 0.6645031697437443 0.00807811
x 1135 39.620028312498455 -141.85392811749713 4.838191269162001
u 1136 0.7528508111885915 0.00882328
x 1136 39.71778286004189 -142.60040297663522 4.847014549162001
u 1137 0.6809228754654052 0.00762062
x 1137 39.81174599024289 -143.27480986319708 4.854635169162001
u 1138 0.7729715547953526 0.00739553
x 1138 39.924156214661124 -144.0395622693676 4.862030699162001
u 1139 0.6967979620447701 0.00514854
x 1139 40.02981078513669 -144.72830274236162 4.8671792391620015
u 1140 0.7961940374641806 0.00485605
x 1140 40.15447188382629 -145.51467626050737 4.872035289162001
u 1141 0.7124727177456806 0.00306033
x 1141 40.26880913542449 -146.21791446357219 4.875095619162002
u 1142 0.8086995226839833 0.00249207
x 1142 40.40080434130169 -147.01576898987997 4.877587689162001
u 1143 0.8144554461944563 0.00227855
x 1143 40.5356553254651 -147.81898290840567 4.879866239162001
u 1144 0.7278531315241448 0.00123495
x 1144 40.657428234014965 -148.5365771339142 4.881101189162001
u 1145 0.8225801126057508 0.00128864
x 1145 40.79607255484084 -149.34738888785122 4.882389829162001
u 1146 0.7313941252556805 0.00135192
x 1146 40.920299371429266 -150.06815582870257 4.883741749162001
u 1147 0.8252281685929019 0.00152843
x 1147 41.06163489492672 -150.88119067879367 4.885270179162001
u 1148 0.0 0.0
x 1148 41.06163489492672 -150.88119067879367 4.885270179162001
u 1149 0.7336701788751931 0.00175213
x 1149 41.18847489594749 -151.60381326895097 4.887022309162001
u 1150 0.8294624951016099 0.00255787
x 1150 41.33363609773909 -152.42047469277102 4.889580179162001
u 1151 0.7418915763906433 0.00283651
x 1151 41.46544149079206 -153.1505637835305 4.892416689162001
u 1152 0.8349477768060249 0.00328711
x 1152 41.61629443096691 -153.97177054964615 4.895703799162001
u 1153 0.7445850234183733 0.00638199
x 1153 41.7543599493382 -154.70344184742854 4.902085789162001
u 1154 0.8328420769878371 0.0135018
x 1154 41.916918330196474 -155.52025893884198 4.915587589162001
u 1155 0.0 0.0
x 1155 41.916918330196474 -155.52025893884198 4.915587589162001
u 1156 0.8223320192809657 0.0256474
x 1156 42.09317715074407 -156.323456119407 4.941234989162002
u 1157 0.7304837252125198 0.0378447
x 1157 42.27231107807667 -157.03159016394847 4.979079689162002
u 1158 0.7817757075915125 0.0508818
x 1158 42.497433641460134 -157.78016296691774 5.029961489162002
u 1159 0.6534168383393636 0.0467764
x 1159 42.71591151064251 -158.39590897136256 5.076737889162001
u 1160 0.667597968046069 0.0479217
x 1160 42.968656307095586 -159.01374538043186 5.124659589162001
u 1161 0.5256300581710255 0.0375764
x 1161 43.18826896472057 -159.49126473161516 5.162235989162001
u 1162 0.5353084387978879 0.0386337
x 1162 43.43028861838589 -159.9687016089806 5.200869689162001
u 1163 0.44469137176561635 0.0322904
x 1163 43.64527866743533 -160.35794769202053 5.233160089162001
u 1164 0.0 0.0
x 1164 43.64527866743533 -160.35794769202053 5.233160089162001
u 1165 0.49548374818920404 0.0361895
x 1165 43.899528668828744 -160.7831938423385 5.269349589162001
u 1166 0.45169071498871444 0.0337149
x 1166 44.1447139887043 -161.1625213202908 5.303064489162001
u 1167 0.5190621203926444 0.0393193
x 1167 44.44219119980995 -161.58784247464322 5.3423837891620005
u 1168 0.5374474127804372 0.0408047
x 1168 44.76759439154908 -162.01553676741455 5.383188489162
u 1169 0.49344812183085274 0.0374066
x 1169 45.08148491249783 -162.39624058795584 5.420595089162
u 1170 0.5681465142945171 0.042921
x 1170 45.460194331946525 -162.81970261260943 5.463516089162
u 1171 0.5262365432364133 0.0396763
x 1171 45.82686657686172 -163.19711490443157 5.503192389162
u 1172 0.6079434262671898 0.0453329
x 1172 46.268606203706916 -163.61472479483186 5.548525289162
u 1173 0.5562835457162907 0.0402829
x 1173 46.68879927139422 -163.97920706530883 5.588808189162
u 1174 0.6505012936975298 0.0455313
x 1174 47.197980675986805 -164.3839454158187 5.6343394891620004
u 1175 0.5943729609811941 0.0371877
x 1175 47.67813446286106 -164.73421794735654 5.671527189162
u 1176 0.6934440001098574 0.0384246
x 1176 48.253364570417716 -165.12140749162276 5.709951789162
u 1177 0.6315250219417362 0.0322048
x 1177 48.78936439368846 -165.45531402644815 5.742156589162
u 1178 0.7298254665748859 0.0317731
x 1178 49.42082126973794 -165.8211864314667 5.773929689161999
u 1179 0.0 0.0
x 1179 49.42082126973794 -165.8211864314667 5.773929689161999
u 1180 0.7419262362742 0.0275703
x 1180 50.07350658727257 -166.17392082097047 5.801499989161999
u 1181 0.6565662715022833 0.0210087
x 1181 50.65851792661329 -166.47195629982866 5.8225086891619995
u 1182 0.7512342452191071 0.0229373
x 1182 51.33520838447304 -166.79817428333985 5.845445989161999
u 1183 0.6589316997426669 0.0182778
x 1183 51.93453025189674 -167.07202131451686 5.863723789161999
u 1184 0.72471246081058 0.0191803
x 1184 52.59920610501149 -167.36080853728737 5.8829040891619995
u 1185 0.6323010996701062 0.0169774
x 1185 53.18358825326332 -167.60224710606892 5.8998814891619995
u 1186 0.6948229607518553 0.0200837
x 1186 53.830556783695855 -167.85561332328695 5.919965189161999
u 1187 0.5890830493797223 0.0172133
x 1187 54.38298072129651 -168.06015687344197 5.937178489161999
u 1188 0.6470127223117611 0.0168679
x 1188 54.99346965238633 -168.2744436022038 5.9540463891619995
u 1189 0.5474527689991417 0.00915049
x 1189 55.51233807976452 -168.44902309165116 5.963196879161999
u 1190 0.6027825342227124 0.00148806
x 1190 56.08466366813508 -168.63820590644394 5.964684939161999
u 1191 0.6009376565192054 -0.00418359
x 1191 56.654982520368996 -168.82757841525807 5.960501349161999
u 1192 0.5416704298146185 -0.00754308
x 1192 57.16804339356284 -169.00128507530818 5.952958269161999
u 1193 0.6217451370532128 -0.0131392
x 1193 57.7548534904513 -169.20674885388277 5.939819069161999
u 1194 0.0 0.0
x 1194 57.7548534904513 -169.20674885388277 5.939819069161999
u 1195 0.5571189314553039 -0.0151134
x 1195 58.278014297161675 -169.39826482233985 5.924705669161999
u 1196 0.6393882845555192 -0.0158761
x 1196 58.87495165933397 -169.62733812339135 5.908829569161999
u 1197 0.5637082675738581 -0.0122863
x 1197 59.39833992213017 -169.83668888166645 5.896543269161999
u 1198 0.6322945301061373 -0.0135332
x 1198 59.98232760307669 -170.0790701093496 5.883010069161998
u 1199 0.5522473431022885 -0.0117928
x 1199 60.48966304478683 -170.29720846711962 5.871217269161998
u 1200 0.6025911451905752 -0.013034
x 1200 61.04025007167397 -170.5420857291211 5.858183269161998
u 1201 0.5188740093045019 -0.0109321
x 1201 61.51178512574898 -170.75860882025432 5.847251169161998
u 1202 0.5679448385705486 -0.0106062
x 1202 62.025332062375014 -171.00115337238603 5.836644969161998
u 1203 0.5442517430064054 -0.00804057
x 1203 62.51526785381834 -171.23815819128583 5.828604399161998
u 1204 0.0 0.0
x 1204 62.51526785381834 -171.23815819128583 5.828604399161998
u 1205 0.46639223993726836 -0.00471943
x 1205 62.933810896139505 -171.4439324352031 5.823884969161998
u 1206 0.5007691721395464 -0.00101636
x 1206 63.382568905395274 -171.66616202663386 5.822868609161998
u 1207 0.4201191558295993 0.00252865
x 1207 63.759194197797605 -171.8523162642212 5.825397259161998
u 1208 0.4471853586214361 0.00634751
x 1208 64.1609584730257 -172.04868209802848 5.831744769161999
u 1209 0.3793153402013375 0.008538
x 1209 64.50297613167047 -172.21270396988768 5.840282769161998
u 1210 0.4147426953120695 0.0123281
x 1210 64.87878706169985 -172.38813335636883 5.852610869161999
u 1211 0.3693210610442585 0.0135591
x 1211 65.21543354292848 -172.54000535213333 5.866169969161999
u 1212 0.4205674299916484 0.0186992
x 1212 65.60152933461957 -172.70674421673058 5.884869169161999
u 1213 0.3735598550812559 0.0204397
x 1213 65.94730195474082 -172.84810687879994 5.905308869161999
u 1214 0.42402754751913235 0.0278046
x 1214 66.34353846053843 -172.99905193276416 5.933113469161999
u 1215 0.4295174717321944 0.0317893
x 1215 66.7492781578504 -173.1399242897381 5.9649027691619985
u 1216 0.3766813157772497 0.0303969
x 1216 67.10877670083808 -173.2523462025482 5.995299669161999
u 1217 0.428932090348566 0.0368664
x 1217 67.5222081366974 -173.36652303407575 6.032166069161999
u 1218 0.3858394626570673 0.035316
x 1218 67.8975697627482 -173.4557433695171 6.067482069161999
u 1219 0.43837497080645754 0.0408639
x 1219 68.3275835258563 -173.54079651938378 6.108345969161999
u 1220 0.38385442284800747 0.0359499
x 1220 68.70670456366776 -173.6007597447613 6.144295869161999
u 1221 0.42112800330778294 0.03958
x 1221 69.12482202022916 -173.65079409657253 6.183875869161999
u 1222 0.3665308900329444 0.0345661
x 1222 69.49010234565792 -173.6808241030924 6.218441969161999
u 1223 0.3866685933361055 0.0364089
x 1223 69.87633094433403 -173.6988117407544 6.254850869161999
u 1224 0.32511025410503186 0.030671
x 1224 70.20140098961794 -173.7030375441418 6.2855218691619985
u 1225 0.34867673043558395 0.0331336
x 1225 70.5499994778424 -173.6964470757074 6.318655469161999
u 1226 0.3349878076049815 0.0319899
x 1226 70.88452948463421 -173.67921523500982 6.350645369161999
u 1227 0.299436530267294 0.028683
x 1227 71.18295450413663 -173.6547490060325 6.379328369161999
u 1228 0.3356614210910846 0.0322278
x 1228 71.5164887709395 -173.6171493909227 6.411556169161999
u 1229 0.3042637956997342 0.0291954
x 1229 71.81763758650229 -173.57379881247206 6.440751569161999
u 1230 0.340998128241005 0.0327616
x 1230 72.15347480074904 -173.51478450155273 6.473513169161999
u 1231 0.28944350398132207 0.0278621
x 1231 72.43689206315149 -173.45607523631864 6.501375269161999
u 1232 0.3064938604447601 0.0288847
x 1232 72.73511950454647 -173.38541868251792 6.530259969161999
u 1233 0.25768022756795467 0.0217513
x 1233 72.9842694399217 -173.31968595449484 6.552011269161999
u 1234 0.28807025144533127 0.0221571
x 1234 73.26112285889772 -173.2401041776119 6.574168369161999
u 1235 0.2515863325973015 0.0182733
x 1235 73.50146021656221 -173.16572759523095 6.592441669161999
u 1236 0.0 0.0
x 1236 73.50146021656221 -173.16572759523095 6.592441669161999
u 1237 0.3017657956656071 0.0194111
x 1237 73.7880008857365 -173.07110106045843 6.611852769161999
u 1238 0.328146634563822 0.0184341
x 1238 74.09758908402718 -172.96232462918513 6.630286869161999
u 1239 0.31326523126389255 0.0150732
x 1239 74.39135772772595 -172.85354397338406 6.645360069161999
u 1240 0.3766607488477242 0.0147823
x 1240 74.74258473845559 -172.71749132473377 6.660142369161999
u 1241 0.3492998753152512 0.011872
x 1241 75.06658908783706 -172.58699170240817 6.6720143691619995
u 1242 0.4043408020749607 0.0129182
x 1242 75.43974681261359 -172.4312915962593 6.684932569161999
u 1243 0.3672375766193161 0.0114653
x 1243 75.77691402581233 -172.28575730243122 6.696397869161999
u 1244 0.4043530512670352 0.0135838
x 1244 76.14612075062027 -172.1208777392956 6.709981669162
u 1245 0.3255903363224285 0.0118231
x 1245 76.44170086608727 -171.98434852054163 6.7218047691619995
u 1246 0.32368049603638605 0.0119051
x 1246 76.73391621347471 -171.8451435750504 6.733709869161999
u 1247 0.25166207578938565 0.0092855
x 1247 76.95995512917551 -171.73451015367746 6.742995369161999
u 1248 0.23745280056672693 0.00875801
x 1248 77.17228116229552 -171.62820339115552 6.7517533791619995
u 1249 0.19753607413848465 0.00749771
x 1249 77.34818990172904 -171.53833441330232 6.7592510891619995
u 1250 0.14803449156242632 0.00595475
x 1250 77.47956089899378 -171.4701009390017 6.765205839161999
u 1251 0.16374580237692368 0.00716144
x 1251 77.62437647336336 -171.39367435578086 6.772367279161999
u 1252 0.15355076717981755 0.00737403
x 1252 77.75965116967312 -171.32102115350912 6.779741309162
u 1253 0.18522676928826487 0.0101189
x 1253 77.92205859138295 -171.2319566112476 6.789860209162
u 1254 0.17100484027928062 0.0108734
x 1254 78.07112478162267 -171.1481613953208 6.800733609162
u 1255 0.19888393606966476 0.0144639
x 1255 78.24324421379299 -171.04851686956118 6.815197509162
u 1256 0.1829965376021623 0.0143234
x 1256 78.40027826032191 -170.95456226094063 6.829520909162
u 1257 0.21122637332663385 0.0177273
x 1257 78.57977511647638 -170.84322362879405 6.847248209162
u 1258 0.18825496092858324 0.0167013
x 1258 78.73801966219527 -170.74125417115914 6.863949509162
u 1259 0.21743749068863816 0.0200612
x 1259 78.91859808301687 -170.6201388926705 6.884010709162
u 1260 0.22540256724238172 0.0221067
x 1260 79.10310217214776 -170.49066886010047 6.906117409162
u 1261 0.20931166420687022 0.0223479
x 1261 79.27172048414471 -170.36666315751037 6.928465309162
u 1262 0.24413346999938393 0.0279398
x 1262 79.4646899743188 -170.21713038544735 6.9564051091620005
u 1263 0.22619960885497592 0.0270516
x 1263 79.63960784575212 -170.07371880595375 6.983456709162001
u 1264 0.26002203934289875 0.0319783
x 1264 79.83572532513628 -169.90300374003584 7.015435009162
u 1265 0.24095600713876403 0.0302492
x 1265 80.01245406478756 -169.73922851918488 7.045684209162
u 1266 0.27325305931171123 0.0344669
x 1266 80.20675517381457 -169.5471167759345 7.080151109162
u 1267 0.24708996819070092 0.031184
x 1267 80.37665812376608 -169.36772476786024 7.111335109162
u 1268 0.2804669107854046 0.035524
x 1268 80.56261165187024 -169.15778501105052 7.1468591091619995
u 1269 0.0 0.0
x 1269 80.56261165187024 -169.15778501105052 7.1468591091619995
u 1270 0.25043806979963756 0.0316968
x 1270 80.72226407851626 -168.96484699368003 7.178555909161999
u 1271 0.2864853218791303 0.0363063
x 1271 80.89728551753406 -168.73806004414197 7.214862209161999
u 1272 0.28871631117522195 0.036647
x 1272 81.06521742141716 -168.50322679405457 7.251509209161999
u 1273 0.25928800350158915 0.0329596
x 1273 81.2086041130042 -168.2872072592007 7.284468809161999
u 1274 0.29582326633681144 0.0375646
x 1274 81.36340224907508 -168.03513851490015 7.322033409161999
u 1275 0.2603000987109457 0.0329944
x 1275 81.4917054598218 -167.80866935377455 7.3550278091619985
u 1276 0.2930569680690422 0.0371691
x 1276 81.62712124958242 -167.5487942619278 7.392196909161998
u 1277 0.26573583576912546 0.033658
x 1277 81.74149331555569 -167.308944519957 7.425854909161998
u 1278 0.3028450410700898 0.0383695
x 1278 81.86190885772082 -167.03108850580605 7.464224409161998
u 1279 0.26894871854070324 0.0339932
x 1279 81.95985199923663 -166.78062176316115 7.4982176091619985
u 1280 0.3027668447236337 0.0382668
x 1280 82.05985242371055 -166.4948657627172 7.536484409161998
u 1281 0.2739839492788612 0.0341302
x 1281 82.14092938146773 -166.23316661349895 7.570614609161998
u 1282 0.3074115668002126 0.0352907
x 1282 82.22165321671964 -165.93655959023607 7.605905309161998
u 1283 0.3141518720812278 0.031827
x 1283 82.29393112676203 -165.63084898871818 7.637732309161998
u 1284 0.2982717313796306 0.0271482
x 1284 82.35396855348236 -165.33869137870792 7.664880509161998
u 1285 0.34665803809256407 0.0285256
x 1285 82.41426730364891 -164.9973298290634 7.693406109161998
u 1286 0.3158333702817232 0.023649
x 1286 82.46107368662028 -164.68499150068413 7.717055109161998
u 1287 0.36911926844566223 0.0262816
x 1287 82.50664747227151 -164.3187071547764 7.743336709161998
u 1288 0.3416737254657971 0.0245573
x 1288 82.54020162694927 -163.97869364523564 7.7678940091619975
u 1289 0.37798727697430035 0.0269206
x 1289 82.56762887600546 -163.6017142039827 7.794814609161998
u 1290 0.3394833555246095 0.0236214
x 1290 82.58369917812477 -163.2626193273264 7.8184360091619975
u 1291 0.3944819919925655 0.0265622
x 1291 82.59248114843278 -162.86824669942462 7.844998209161997
u 1292 0.357502270511671 0.022023
x 1292 82.59175612209766 -162.51075238878505 7.867021209161997
u 1293 0.4243031207168065 0.0242695
x 1293 82.58107596767225 -162.08659412119033 7.891290709161997
u 1294 0.4394115812938163 0.0240336
x 1294 82.55941091632008 -161.6477275474191 7.915324309161997
u 1295 0.39909895818860275 0.0209509
x 1295 82.53077353426575 -161.24966467215614 7.936275209161997
u 1296 0.4633841695798612 0.0224819
x 1296 82.48749519814886 -160.7883157475287 7.958757109161997
u 1297 0.42669591626571723 0.0189772
x 1297 82.43884594002307 -160.36440869334092 7.977734309161997
u 1298 0.49411344794390083 0.0213859
x 1298 82.37261576143676 -159.87476355878513 7.9991202091619975
u 1299 0.44290213667290246 0.0188878
x 1299 82.30442421089441 -159.43714913552176 8.018008009161997
u 1300 0.497878076772691 0.0211477
x 1300 82.2179372038723 -158.9468499015772 8.039155709161998
u 1301 0.44641533948613193 0.0189684
x 1301 82.13158780996675 -158.50887220546605 8.058124109161998
u 1302 0.5069240751350862 0.0213705
x 1302 82.02352423976942 -158.01361015058302 8.079494609161998
u 1303 0.4524680512127928 0.0184965
x 1303 81.91827679967702 -157.57355961143583 8.097991109161997
u 1304 0.5164643736782861 0.0202963
x 1304 81.78842429598481 -157.07369500965783 8.118287409161997
u 1305 0.5173657596961964 0.0195354
x 1305 81.64839883615286 -156.57564713296162 8.137822809161998
u 1306 0.4691563382280326 0.0170944
x 1306 81.51317083476272 -156.1264081125833 8.154917209161997
u 1307 0.525330721389013 0.0189839
x 1307 81.35270269889999 -155.62619410218102 8.173901109161998
u 1308 0.47264433945617124 0.0171408
x 1308 81.20022287639792 -155.1788272439145 8.191041909161997
u 1309 0.5349647280428379 0.0193317
x 1309 81.0184336794264 -154.67570595085647 8.210373609161998
u 1310 0.0 0.0
x 1310 81.0184336794264 -154.67570595085647 8.210373609161998
u 1311 0.48255382350096543 0.0172023
x 1311 80.84619165526567 -154.22494533203647 8.227575909161997
u 1312 0.5456387954994169 0.0184508
x 1312 80.64237798162144 -153.71880974198277 8.246026709161997
u 1313 0.4859610601480839 0.0151956
x 1313 80.45329751137614 -153.27114671739014 8.261222309161997
u 1314 0.5530479125460972 0.0165171
x 1314 80.23006406793958 -152.76516068029852 8.277739409161997
u 1315 0.493804070336859 0.0144834
x 1315 80.0237648595064 -152.3165195832462 8.292222809161997
u 1316 0.5640562859189747 0.0167271
x 1316 79.78014853656306 -151.80779258117138 8.308949909161997
u 1317 0.5728688586121822 0.017942
x 1317 79.52380779713205 -151.29548471401 8.326891909161997
u 1318 0.5163672187188664 0.0162703
x 1318 79.28488411383589 -150.83772419130187 8.343162209161997
u 1319 0.5894776450011668 0.0170841
x 1319 79.00345575158542 -150.3197729200567 8.360246309161997
u 1320 0.5422572274233977 0.0152961
x 1320 78.7368910358694 -149.84756489391262 8.375542409161998
u 1321 0.6211034043662392 0.0171681
x 1321 78.4228288062279 -149.31172454486915 8.392710509161997
u 1322 0.5644405458638867 0.0133362
x 1322 78.13002320174968 -148.82917580546427 8.406046709161997
u 1323 0.6504871097714081 0.0110522
x 1323 77.78582375221492 -148.27721936538012 8.417098909161997
u 1324 0.5836115438602312 0.00611228
x 1324 77.47277121377607 -147.78467547708462 8.423211189161997
u 1325 0.6618660230333357 0.00330829
x 1325 77.11511497799407 -147.2277659243681 8.426519479161996
u 1326 0.5995041759608827 0.00171641
x 1326 76.78989115491672 -146.72414440610095 8.428235889161996
u 1327 0.6754822236821494 0.00175752
x 1327 76.42246507080857 -146.15733386475654 8.429993409161996
u 1328 0.6866501715183501 0.00152837
x 1328 76.04801808011601 -145.58176647736548 8.431521779161997
u 1329 0.6138250716140503 0.00109268
x 1329 75.71261035819518 -145.06768200849947 8.432614459161996
u 1330 0.0 0.0
x 1330 75.71261035819518 -145.06768200849947 8.432614459161996
u 1331 0.6919911105301321 0.00141763
x 1331 75.33376385439162 -144.4886077961447 8.434032089161997
u 1332 0.620795186924047 0.00182857
x 1332 74.99305247542421 -143.96966433779232 8.435860659161998
u 1333 0.7029003148423407 0.00214561
x 1333 74.60611250451696 -143.38285421349613 8.438006269161997
u 1334 0.0 0.0
x 1334 74.60611250451696 -143.38285421349613 8.438006269161997
u 1335 0.6227732056863652 0.00183495
x 1335 74.2622476309984 -142.8636208308482 8.439841219161996
u 1336 0.7093993287068995 0.00226178
x 1336 73.86934138411952 -142.2729670623875 8.442102999161996
u 1337 0.6321493574430685 0.00249208
x 1337 73.51797057078016 -141.74746620146163 8.444595079161996
u 1338 0.7106996808533563 0.00332339
x 1338 73.12122259407333 -141.1578183281926 8.447918469161996
u 1339 0.6401621379702978 0.00459987
x 1339 72.76175103008283 -140.62811366048908 8.452518339161996
u 1340 0.7200688294758386 0.00656788
x 1340 72.35408898575827 -140.03455750229864 8.459086219161996
u 1341 0.7256565082084306 0.00808071
x 1341 71.93889384151318 -139.43942096776095 8.467166929161996
u 1342 0.6499841888999159 0.00714266
x 1342 71.5629487281716 -138.90919184613477 8.474309589161996
u 1343 0.7242255856725042 0.00684679
x 1343 71.13994082670273 -138.32134410628387 8.481156379161996
u 1344 0.6373988538827443 0.00550675
x 1344 70.76445812929406 -137.80628195837733 8.486663129161997
u 1345 0.7121785808994696 0.00591864
x 1345 70.34164309832596 -137.23319880553458 8.492581769161998
u 1346 0.622256494347177 0.00504971
x 1346 69.96947349418178 -136.73450841288977 8.497631479161997
u 1347 0.6765842116733154 0.00580411
x 1347 69.56187413719188 -136.19448278888862 8.503435589161997
u 1348 0.5839375546849174 0.00524319
x 1348 69.20751938812082 -135.73035457554892 8.508678779161997
u 1349 0.6385750868779282 0.00575683
x 1349 68.81722298511752 -135.2249381796924 8.514435609161996
u 1350 0.5497463121424776 0.00502799
x 1350 68.47887712412415 -134.79164561182708 8.519463599161996
u 1351 0.6011479888632436 0.00582635
x 1351 68.10632985267777 -134.31985496677154 8.525289949161996
u 1352 0.5882909403697473 0.00578125
x 1352 67.7390769649555 -133.86027844099 8.531071199161996
u 1353 0.5144033515340587 0.00524444
x 1353 67.41573939185263 -133.46019967949582 8.536315639161996
u 1354 0.5661208996476782 0.0058099
x 1354 67.05746573002085 -133.0218710872977 8.542125539161995
u 1355 0.5024492630196884 0.00508861
x 1355 66.73737182334406 -132.63457971370093 8.547214149161995
u 1356 0.5617955831009087 0.0053099
x 1356 66.37722374513459 -132.2034104924068 8.552524049161995
u 1357 0.49452196761239675 0.00439099
x 1357 66.05836518908957 -131.82541471894018 8.556915039161995
u 1358 0.5490425865852394 0.00280446
x 1358 65.70284502304831 -131.4070213922146 8.559719499161995
u 1359 0.48882404694071024 0.00078681
x 1359 65.38564954976236 -131.03508595659878 8.560506309161994
u 1360 0.5496150003954715 -0.000336902
x 1360 65.02891305957277 -130.61697625523902 8.560169407161993
u 1361 0.485820059333094 -0.0012189
x 1361 64.71387131507367 -130.247152242969 8.558950507161994
u 1362 0.5377302316466538 -0.00234703
x 1362 64.36589761727512 -129.8371912997901 8.556603477161994
u 1363 0.5245567423172448 -0.00410732
x 1363 64.02774122129993 -129.43618052569406 8.552496157161995
u 1364 0.45666482828859606 -0.00454067
x 1364 63.73486380214658 -129.08580183849904 8.547955487161994
u 1365 0.5178172106702791 -0.00713422
x 1365 63.40509218180856 -128.68657232454134 8.540821267161995
u 1366 0.46569594659307223 -0.0101755
x 1366 63.11163315626574 -128.32497497424322 8.530645767161994
u 1367 0.5244169581876247 -0.015964
x 1367 62.78652301711236 -127.91350115620799 8.514681767161994
u 1368 0.4633337795164269 -0.0165232
x 1368 62.505224287911105 -127.54533769792128 8.498158567161994
u 1369 0.5249649125508509 -0.0197814
x 1369 62.19413371984008 -127.12248804210203 8.478377167161995
u 1370 0.47603660411245957 -0.0186255
x 1370 61.91945212829121 -126.73370234190429 8.459751667161994
u 1371 0.547915852248411 -0.0213766
x 1371 61.61230925856998 -126.2799803930652 8.438375067161994
u 1372 0.49720356921531056 -0.0193247
x 1372 61.34202908038587 -125.8626647795117 8.419050367161994
u 1373 0.5619483837469489 -0.022378
x 1373 61.04645553725546 -125.38474314506078 8.396672367161994
u 1374 0.5877171600379408 -0.0235093
x 1374 60.74887722566428 -124.8779466373189 8.373163067161993
u 1375 0.5409200324403156 -0.0214966
x 1375 60.485557461702264 -124.405457572729 8.351666467161992
u 1376 0.6188655366528663 -0.0240519
x 1376 60.19668346576083 -123.85816614766614 8.327614567161993
u 1377 0.5669216125143554 -0.0216751
x 1377 59.943585597875845 -123.3508900875926 8.305939467161993
u 1378 0.6582311508871578 -0.0248121
x 1378 59.663493115828395 -122.75524403343086 8.281127367161993
u 1379 0.5869173633565565 -0.0219685
x 1379 59.426235045892945 -122.21843238495705 8.259158867161993
u 1380 0.674157832059717 -0.0246209
x 1380 59.16814808393355 -121.595650766549 8.234537967161993
u 1381 0.6060491050000263 -0.0214528
x 1381 58.94909167277297 -121.03058818581904 8.213085167161992
u 1382 0.6860220232248958 -0.0232875
x 1382 58.71549925356542 -120.38557692255345 8.189797667161992
u 1383 0.6058152959577366 -0.0204642
x 1383 58.52172528441691 -119.81159868807418 8.169333467161993
u 1384 0.6726452862498201 -0.0227205
x 1384 58.32038592981762 -119.16980847158666 8.146612967161992
u 1385 0.6572821634620021 -0.0221725
x 1385 58.137770243980256 -118.53841821599403 8.124440467161993
u 1386 0.5737182711926614 -0.019224
x 1386 57.989811251036684 -117.98411626365397 8.105216467161993
u 1387 0.63433219683354 -0.0212246
x 1387 57.838648114041035 -117.36807086207004 8.083991867161993
u 1388 0.556929422741347 -0.018604
x 1388 57.716726475832374 -116.8246589095919 8.065387867161993
u 1389 0.6151724079970782 -0.0204804
x 1389 57.5938098037185 -116.22190244499731 8.044907467161993
u 1390 0.0 0.0
x 1390 57.5938098037185 -116.22190244499731 8.044907467161993
u 1391 0.5390340197974035 -0.0174937
x 1391 57.49615267862326 -115.6917955212954 8.027413767161994
u 1392 0.6016681938685156 -0.0187853
x 1392 57.397898828917 -115.09821304928253 8.008628467161994
u 1393 0.5253280852516381 -0.0160631
x 1393 57.32115417313646 -114.57852668123459 7.992565367161994
u 1394 0.5829654816270192 -0.0174407
x 1394 57.245661871108894 -114.00047733157035 7.975124667161994
u 1395 0.5109216633986686 -0.0155526
x 1395 57.18786492207389 -113.49284045636705 7.959572067161994
u 1396 0.5769526710406118 -0.0182132
x 1396 57.132285412767715 -112.91857910376511 7.941358867161994
u 1397 0.5138856996350282 -0.0168429
x 1397 57.09175378758885 -112.40630041318687 7.924515967161994
u 1398 0.5809817374763169 -0.0200476
x 1398 57.05662031110717 -111.82639170199455 7.904468367161994
u 1399 0.5861491265259273 -0.0210339
x 1399 57.03319872697269 -111.24072152084639 7.883434467161994
u 1400 0.5327529731891907 -0.0199161
x 1400 57.0228136527473 -110.70807858308066 7.863518367161994
u 1401 0.6114769132235297 -0.0233919
x 1401 57.024133932851036 -110.096617036337 7.840126467161994
u 1402 0.5576466277067605 -0.0215504
x 1402 57.03786731939092 -109.53915033721331 7.818576067161994
u 1403 0.6472259487803995 -0.0256645
x 1403 57.06907512319003 -108.89269499518937 7.792911567161994
u 1404 0.5862088225642312 -0.0235469
x 1404 57.11173789616642 -108.30805425599529 7.769364667161994
u 1405 0.6660274735215901 -0.0275261
x 1405 57.177153979364235 -107.64526822446851 7.741838567161993
u 1406 0.6061189524866818 -0.0252487
x 1406 57.252579819437244 -107.04387682891014 7.716589867161994
u 1407 0.6915583175407154 -0.0289688
x 1407 57.357204071329974 -106.36030296462401 7.687621067161993
u 1408 0.6232635653691962 -0.0260485
x 1408 57.468406289929966 -105.74705784709698 7.661572567161993
u 1409 0.7080698325071176 -0.0293043
x 1409 57.61396946427944 -105.05413766947217 7.632268267161994
u 1410 0.709009582855573 -0.0293654
x 1410 57.780013863708795 -104.36487159376338 7.602902867161994
u 1411 0.6272269344622197 -0.0253764
x 1411 57.94353950416788 -103.75935373214502 7.577526467161994
u 1412 0.6938970193370513 -0.0278415
x 1412 58.14220442578704 -103.09452727301796 7.549684967161994
u 1413 0.6057074720951824 -0.0238449
x 1413 58.33056007021362 -102.51886564509937 7.525840067161994
u 1414 0.6719534884263589 -0.0255729
x 1414 58.55522955328719 -101.88560384488808 7.500267167161994
u 1415 0.5818963896075002 -0.0227334
x 1415 58.76297670400712 -101.3420691660256 7.477533767161994
u 1416 0.6379669935749436 -0.0255196
x 1416 59.00505019394855 -100.75183173709787 7.452014167161994
u 1417 0.5556611140258454 -0.0222145
x 1417 59.228103162754884 -100.24291725543887 7.429799667161994
u 1418 0.6132287006925337 -0.0249785
x 1418 59.48744640707295 -99.68724561755258 7.404821167161995
u 1419 0.5374608951316555 -0.0215062
x 1419 59.72600493006108 -99.20564109995713 7.383314967161994
u 1420 0.5923761942096094 -0.0238667
x 1420 60.00091060872889 -98.68093187901144 7.359448267161994
u 1421 0.5819440712792261 -0.0226704
x 1421 60.2828956986933 -98.17188491949949 7.336777867161994
u 1422 0.5200884356272523 -0.0203573
x 1422 60.544637720445806 -97.72247001807968 7.316420567161995
u 1423 0.5857025741285999 -0.0235645
x 1423 60.85044193557006 -97.22295483959803 7.292856067161995
u 1424 0.5146498148047528 -0.019727
x 1424 61.1285873704906 -96.78995257679786 7.273129067161995
u 1425 0.57509769629284 -0.0212989
x 1425 61.44926066238123 -96.31257065707618 7.251830167161995
u 1426 0.512822658189114 -0.0188884
x 1426 61.743706037786914 -95.89271213222993 7.2329417671619955
u 1427 0.5773388592210021 -0.0209463
x 1427 62.08454141065699 -95.42673013665824 7.211995467161995
u 1428 0.5206479425948095 -0.0189739
x 1428 62.40023596656155 -95.01272156770224 7.1930215671619955
u 1429 0.5927295644277522 -0.0214589
x 1429 62.76909005706362 -94.54875872985242 7.171562667161996
u 1430 0.5322761843070103 -0.0166533
x 1430 63.10820571423522 -94.13850032380601 7.154909367161996
u 1431 0.5976342695748751 -0.015661
x 1431 63.496354343467615 -93.68407754515545 7.139248367161996
u 1432 0.5976928722257799 -0.012991
x 1432 63.89101293412005 -93.2352163837244 7.126257367161996
u 1433 0.5343078897032243 -0.00814672
x 1433 64.24804080781661 -92.83770608265098 7.118110647161996
u 1434 0.595396548167992 -0.00758014
x 1434 64.64935949191926 -92.39788945500106 7.110530507161996
u 1435 0.5344933870350772 -0.00465905
x 1435 65.01203722053448 -92.00527319300974 7.105871457161996
u 1436 0.6073967247399072 -0.00347176
x 1436 65.42599374176216 -91.56078426267044 7.102399697161996
u 1437 0.5454883968519441 -0.00252158
x 1437 65.79895278474737 -91.16271519116319 7.099878117161996
u 1438 0.6234592267663748 -0.00180425
x 1438 66.2262048319133 -90.70867005002945 7.098073867161996
u 1439 0.5628280750333339 -0.00111912
x 1439 66.6125055435851 -90.29934478920843 7.096954747161996
u 1440 0.6444340566111276 -0.000809802
x 1440 67.05526887517988 -89.8310971380449 7.096144945161996
u 1441 0.5771470175420824 0.000850448
x 1441 67.45179360982002 -89.41173238678476 7.096995393161995
u 1442 0.655080148939892 0.00151705
x 1442 67.90129794540735 -88.93520770586875 7.0985124431619955
u 1443 0.6659602285682558 0.00220677
x 1443 68.3573651754173 -88.4499185881631 7.100719213161995
u 1444 0.5976776562371626 0.0038557
x 1444 68.76534844282831 -88.01314886424541 7.104574913161995
u 1445 0.6790704819219078 0.00777917
x 1445 69.22599600583932 -87.51421177740815 7.112354083161995
u 1446 0.6037505113692578 0.00925206
x 1446 69.63175752771437 -87.06714392223593 7.121606143161995
u 1447 0.6643024316305128 0.0123601
x 1447 70.07287130095882 -86.570444071633 7.1339662431619955
u 1448 0.5902567149641331 0.0129132
x 1448 70.45920845238712 -86.12419105635779 7.146879443161995
u 1449 0.6647441339544352 0.0174884
x 1449 70.88660751995735 -85.61507069881958 7.164367843161996
u 1450 0.5793188166010355 0.0166941
x 1450 71.25144524074189 -85.165075216086 7.181061943161995
u 1451 0.6434206635417399 0.0218809
x 1451 71.64693467223996 -84.65756980448249 7.2029428431619955
u 1452 0.5715047045817012 0.0232911
x 1452 71.98794876629229 -84.19897166872927 7.226233943161995
u 1453 0.6302511034043317 0.0311734
x 1453 72.3500999404179 -83.68318991819456 7.257407343161995
u 1454 0.6208157168985414 0.0369415
x 1454 72.68931710255171 -83.16328603950146 7.294348843161996
u 1455 0.5387976171326314 0.0341306
x 1455 72.96750445054512 -82.70188979803542 7.328479443161996
u 1456 0.6197922096121329 0.0394941
x 1456 73.26775454128799 -82.15972530536955 7.3679735431619955
u 1457 0.5431746044832729 0.034701
x 1457 73.51308824090107 -81.67514257574786 7.402674543161996
u 1458 0.6156327347798848 0.0398611
x 1458 73.77048056554001 -81.11594433314197 7.442535643161996
u 1459 0.5583453383373183 0.0364986
x 1459 73.98439486416439 -80.6002355168632 7.479034243161996
u 1460 0.6261166252313063 0.040031
x 1460 74.20197245648725 -80.01318383953551 7.519065243161996
u 1461 0.5657491226930715 0.0332557
x 1461 74.37901069025416 -79.47587570049193 7.5523209431619955
u 1462 0.6433884621555666 0.0309411
x 1462 74.56063161205552 -78.85868081189368 7.583262043161995
u 1463 0.5820231192738106 0.0228555
x 1463 74.70985683912077 -78.29612592833625 7.606117543161996
u 1464 0.6692726514623654 0.0208576
x 1464 74.86727403964998 -77.64564190207452 7.626975143161996
u 1465 0.6773274666445238 0.0106801
x 1465 75.01618756486126 -76.98489013454693 7.637655243161996
u 1466 0.6185642519021343 0.0014879
x 1466 75.14850860482161 -76.38064448456161 7.639143143161996
u 1467 0.7201510243787503 0.000185592
x 1467 75.3019720470338 -75.67703488518785 7.639328735161996
u 1468 0.6469673114906883 -0.00266843
x 1468 75.44062467744541 -75.04509983959392 7.636660305161996
u 1469 0.7517789516888352 -0.00362073
x 1469 75.60404792288827 -74.31129890090801 7.633039575161996
u 1470 0.6664708551110576 -0.00360988
x 1470 75.75127764327337 -73.66129403339302 7.629429695161996
u 1471 0.7574179061670145 -0.00333863
x 1471 75.92116387585637 -72.92317478849759 7.626091065161996
u 1472 0.6774847126052265 -0.00339393
x 1472 76.07534299485431 -72.26346735751007 7.622697135161997
u 1473 0.7611517679396722 -0.00296815
x 1473 76.25091956975417 -71.52284298925888 7.619728985161997
u 1474 0.6708273637821465 -0.00242076
x 1474 76.40741903594463 -70.87052631054875 7.617308225161997
u 1475 0.7505805414811276 -0.00260156
x 1475 76.58435663415207 -70.1410991943515 7.6147066651619975
u 1476 0.7370703829338631 -0.00221008
x 1476 76.75983221686913 -69.42522151755469 7.612496585161997
u 1477 0.6508540702910178 -0.000798768
x 1477 76.91573299631173 -68.79331492219377 7.611697817161997
u 1478 0.7264480000521923 3.58304e-05
x 1478 77.09001002950701 -68.08808147685792 7.611733647561997
u 1479 0.6468730116551916 0.000452236
x 1479 77.24504353213973 -67.46006133455523 7.612185883561997
u 1480 0.730552006679135 0.000243913
x 1480 77.41988516439105 -66.75074008473277 7.612429796561997
u 1481 0.6590900027530673 0.000304396
x 1481 77.57744848270154 -66.11076084358723 7.612734192561997
u 1482 0.7494000152190837 0.000385901
x 1482 77.75635032002867 -65.3830284006931 7.613120093561997
u 1483 0.6743400053691848 0.000254575
x 1483 77.9171236112324 -64.72813421899697 7.613374668561996
u 1484 0.762137002849628 -0.000374599
x 1484 78.09887350868628 -63.9879857345056 7.613000069561997
u 1485 0.6843830373411238 -0.000805862
x 1485 78.26247336069437 -63.323444385246205 7.612194207561997
u 1486 0.7792891036259535 -0.00116627
x 1486 78.44950629842 -62.56693257542448 7.611027937561997
u 1487 0.7831661258782081 -0.0012551
x 1487 78.63839005364972 -61.80688519057463 7.609772837561997
u 1488 0.7042510966754982 -0.00126898
x 1488 78.80910352793586 -61.12363819986756 7.608503857561997
u 1489 0.7987371736565394 -0.0015318
x 1489 79.00380581801507 -60.34899507811925 7.606972057561997
u 1490 0.7119761427342824 -0.00148678
x 1490 79.17840097581991 -59.65875854959013 7.605485277561997
u 1491 0.81217319798255 -0.00137257
x 1491 79.37869255816919 -58.87166993831254 7.604112707561997
u 1492 0.7313140302069404 -0.000699415
x 1492 79.55977745613757 -58.16313027908174 7.6034132925619975
u 1493 0.825809066191338 -0.000951489
x 1493 79.76492118086848 -57.36320739870043 7.602461803561997
u 1494 0.7375130667052656 -0.000979181
x 1494 79.9488203600782 -56.64898994442792 7.601482622561997
u 1495 0.8353140458785082 -0.000773634
x 1495 80.15781512739329 -55.8402435641111 7.600708988561998
u 1496 0.7470260376893607 -0.000790683
x 1496 80.34528597189565 -55.11712355030011 7.599918305561998
u 1497 0.8366970580098704 -0.000899902
x 1497 80.5559448621458 -54.30737991704547 7.599018403561998
u 1498 0.8231911983533283 -0.00180021
x 1498 80.76427866549399 -53.510987681760454 7.597218193561998
u 1499 0.7187993318554062 -0.00224135
x 1499 80.94759776443833 -52.81595791898788 7.594976843561998
u 1500 0.7910799381661684 -0.00381947
x 1500 81.15166796945562 -52.05165296728214 7.591157373561998
u 1501 0.6973060384398635 -0.00391794
x 1501 81.3341528843454 -51.378648996197356 7.587239433561998
u 1502 0.7864620736229052 -0.00340787
x 1502 81.54274890784143 -50.62035506003265 7.583831563561998
u 1503 0.7058713522117834 -0.00238051
x 1503 81.73193859472592 -49.9403099196512 7.581451053561998
u 1504 0.7887766948662087 -0.00295693
x 1504 81.9453760355137 -49.1809597501577 7.578494123561998
u 1505 0.7035753558088373 -0.00215765
x 1505 82.13749012248377 -48.50412131534132 7.576336473561998
u 1506 0.7975712579243504 -0.00176821
x 1506 82.35677584514391 -47.737287879994994 7.574568263561998
u 1507 0.7041151393504348 -0.0014468
x 1507 82.55145457401744 -47.06062087510613 7.573121463561998
u 1508 0.7841972620172711 -0.00184516
x 1508 82.76951512333852 -46.307351488957565 7.571276303561998
u 1509 0.778343252901625 -0.00176105
x 1509 82.987295592065 -45.56009669291399 7.569515253561998
u 1510 0.6848071516191664 -0.00154552
x 1510 83.17999135981036 -44.902959658001464 7.567969733561998
u 1511 0.7709052364117055 -0.00181434
x 1511 83.39815642537087 -44.163568878596124 7.566155393561998
u 1512 0.6871811881953191 -0.00166682
x 1512 83.593774613294 -43.50481900145521 7.564488573561999
u 1513 0.7837592435085048 -0.00177326
x 1513 83.8181774271968 -42.75387175435084 7.562715313561998
u 1514 0.7061162454683759 -0.0020593
x 1514 84.0216458953169 -42.07770568126421 7.5606560135619985
u 1515 0.8018707917822294 -0.0032486
x 1515 84.25474316370048 -41.31046265281613 7.557407413561998
u 1516 0.7252605983529489 -0.00282428
x 1516 84.46767663499722 -40.61716479281389 7.554583133561999
u 1517 0.8251388068253789 -0.00313059
x 1517 84.7122813581263 -39.82911528682606 7.551452543561999
u 1518 0.7363236297961845 -0.00319182
x 1518 84.9327795934798 -39.12658232979792 7.548260723562
u 1519 0.8235259688368017 -0.00525179
x 1519 85.18270611939856 -38.341897556018914 7.543008933562
u 1520 0.8211081862586295 -0.00518805
x 1520 85.43597944814374 -37.56082792901763 7.5378208835619995
u 1521 0.7258787385622271 -0.0052551
x 1521 85.6634813000241 -36.871522744129884 7.532565783561999
u 1522 0.8185286658700889 -0.0066352
x 1522 85.92463744916802 -36.09577524362016 7.525930583561999
u 1523 0.7253304454391187 -0.00597526
x 1523 86.16038798121954 -35.40982744939939 7.519955323562
u 1524 0.8232248870313921 -0.00694493
x 1524 86.43298025225613 -34.633045662472455 7.513010393561999
u 1525 0.7315147139724324 -0.00627388
x 1525 86.67976165683628 -33.94441589266088 7.506736513561999
u 1526 0.8256660194465693 -0.00697736
x 1526 86.96344921442825 -33.16901729863953 7.499759153562
u 1527 0.7379687767326856 -0.00621694
x 1527 87.22157184713294 -32.47766437296012 7.493542213562
u 1528 0.8361872940522417 -0.00611121
x 1528 87.51887197229449 -31.696114854241802 7.4874310035619995
u 1529 0.747561937890573 -0.00527485
x 1529 87.78863560059474 -30.998923962129716 7.482156153561999
u 1530 0.8488422205731716 -0.00633122
x 1530 88.09953563097206 -30.209068355261874 7.4758249335619995
u 1531 0.848161086627419 -0.00593018
x 1531 88.41501886525435 -29.42176571360413 7.4698947535619995
u 1532 0.7621777258374066 -0.00486252
x 1532 88.70233345249295 -28.715816657989933 7.465032233562
u 1533 0.8554454738270254 -0.00543064
x 1533 89.02888020109938 -27.925150874495927 7.459601593562
u 1534 0.7615797875567634 -0.00500018
x 1534 89.32326312482422 -27.222768315909107 7.454601413562
u 1535 0.8543675553852406 -0.00555129
x 1535 89.65766482168976 -26.4365637939911 7.449050123562
u 1536 0.7632477775372932 -0.00475239
x 1536 89.96001654005732 -25.73575746417942 7.444297733562
u 1537 0.8636521593456699 -0.00501464
x 1537 90.30601076387693 -24.944441164356224 7.4392830935620005
u 1538 0.7752155137895526 -0.0045789
x 1538 90.6199792650587 -24.235652180881946 7.434704193562
u 1539 0.8888079739680379 -0.00435905
x 1539 90.98358175016784 -23.42462098757028 7.4303451435620005
u 1540 0.7991174445397398 -0.00232975
x 1540 91.31292978729041 -22.69652877378783 7.428015393562
u 1541 0.9053876592860455 -0.00266056
x 1541 91.68813310730616 -21.872545279599475 7.425354833562
u 1542 0.9071602142083403 -0.000977477
x 1542 92.06557224411965 -21.047633595405085 7.424377356562
u 1543 0.806720022857835 0.000536487
x 1543 92.40138331563338 -20.31412960501464 7.424913843562
u 1544 0.9033960186993014 0.000559352
x 1544 92.77698731048818 -19.492517784036135 7.425473195562
u 1545 0.8035760595377927 0.000941738
x 1545 93.11054064613091 -18.761438713059505 7.4264149335619996
u 1546 0.9042831035599781 0.00107672
x 1546 93.4850655978226 -17.93835979038935 7.427491653562
u 1547 0.8003060838606953 0.00118191
x 1547 93.81570376354247 -17.209546949754273 7.428673563562
u 1548 0.9026802187091822 0.00156315
x 1548 94.18750809830897 -16.386994247502425 7.4302367135619996
u 1549 0.8004611668263728 0.00138486
x 1549 94.516133997546 -15.657101792722266 7.4316215735619995
u 1550 0.9000871764316851 0.00139568
x 1550 94.88451952671862 -14.835853416430053 7.433017253561999
u 1551 0.8073631501931404 0.00138254
x 1551 95.21393158756611 -14.098749050257627 7.434399793561999
u 1552 0.9129351914659305 0.00142978
x 1552 95.58524568450446 -13.26473684216469 7.435829573561999
u 1553 0.9206031294484028 0.0011377
x 1553 95.95859858392147 -12.423239579523898 7.436967273561999
u 1554 0.8159160672738152 0.000955969
x 1554 96.2887144725408 -11.677087799912439 7.4379232425619985
u 1555 0.9113281577301998 0.00126296
x 1555 96.6565087829293 -10.843273524474979 7.439186202561999
u 1556 0.7912660694315564 0.000967218
x 1556 96.97504089672744 -10.118953680550307 7.440153420561999
u 1557 0.8721290822551949 0.000947534
x 1557 97.32536075650295 -9.320276602467844 7.441100954561999
u 1558 0.7570420347850547 0.000708474
x 1558 97.62887790844019 -8.626742207546663 7.4418094285619985
u 1559 0.8296920711855639 0.000913349
x 1559 97.96090580381376 -7.8663828439379815 7.442722777561999
u 1560 0.712250038420682 0.00082127
x 1560 98.24536927742358 -7.213404574086161 7.443544047561999
u 1561 0.7680310639355056 0.000892112
x 1561 98.55150764774217 -6.5090247232479514 7.444436159561999
u 1562 0.645156005411954 0.000139136
x 1562 98.80836271515041 -5.917204019831933 7.444575295561998
u 1563 0.6881750096661514 -0.000358834
x 1563 99.08241422211438 -5.285950813599871 7.444216461561998
u 1564 0.6359450245784369 -0.000948471
x 1564 99.33604745611724 -4.702773116343759 7.443267990561998
u 1565 0.5252501378768158 -0.00189789
x 1565 99.5462176378151 -4.221404111054839 7.441370100561998
u 1566 0.5526155927892649 -0.00352623
x 1566 99.76871027636565 -3.71555759011342 7.437843870561998
u 1567 0.4649604996863019 -0.00335887
x 1567 99.95737553170487 -3.290594668856512 7.434485000561998
u 1568 0.49766568788046645 -0.00380089
x 1568 100.16093844792796 -2.836465856885869 7.430684110561998
u 1569 0.42457455925978876 -0.00393837
x 1569 100.3361024065232 -2.44970894230257 7.426745740561998
u 1570 0.4620372317331114 -0.00525797
x 1570 100.52865526667641 -2.029707385481925 7.421487770561998
u 1571 0.40095578258902875 -0.00451672
x 1571 100.69753195997988 -1.6660510521958973 7.416971050561998
u 1572 0.4341240661223198 -0.0049996
x 1572 100.8822500090401 -1.2731865022955988 7.411971450561999
u 1573 0.3724866793097378 -0.00434094
x 1573 101.04231418310655 -0.936845055892505 7.407630510561999
u 1574 0.4112858621398834 -0.00455136
x 1574 101.2207004841061 -0.5662589039546508 7.403079150561999
u 1575 0.40996277567297507 -0.00434576
x 1575 101.40015444529806 -0.19765954320916385 7.398733390562
u 1576 0.35716247784663224 -0.00373959
x 1576 101.55779296974687 0.1228322391032381 7.394993800561999
u 1577 0.3909416405537719 -0.00406745
x 1577 101.73170841673131 0.4729587489653984 7.390926350561999
u 1578 0.34009039921608614 -0.00349208
x 1578 101.88415223208945 0.7769690206022659 7.387434270561999
u 1579 0.3733265586857995 -0.00388451
x 1579 102.05272368718869 1.1100699192674295 7.3835497605619995
u 1580 0.3253733550765933 -0.00338971
x 1580 102.20069736087696 1.3998483013449197 7.380160050561999
u 1581 0.3625755043752438 -0.00375587
x 1581 102.36674249059669 1.7221677961491575 7.376404180561999
u 1582 0.3205003366572516 -0.00331227
x 1582 102.51452488366753 2.006563183211606 7.373091910561999
u 1583 0.3542404784032652 -0.00369113
x 1583 102.67896450698709 2.3203238951379954 7.369400780561999
u 1584 0.31123930145090145 -0.00316925
x 1584 102.82438762099831 2.5955000925055547 7.366231530561999
u 1585 0.34647542840853995 -0.00352671
x 1585 102.98729908450032 2.9012858886551833 7.362704820561999
u 1586 0.34353840998233887 -0.00349683
x 1586 103.14989332253896 3.2039104623940395 7.359207990561999
u 1587 0.3028962839327857 -0.00311528
x 1587 103.29413329780785 3.470257818595093 7.356092710561999
u 1588 0.3489744312094512 -0.00348295
x 1588 103.46132726459687 3.776573355248669 7.352609760561998
u 1589 0.32168828665542437 -0.0030471
x 1589 103.61636953837527 4.058433545847249 7.349562660561999
u 1590 0.37215444815757315 -0.00348017
x 1590 103.79679792267436 4.383924546699696 7.346082490561999
u 1591 0.34389831377758234 -0.00302414
x 1591 103.96450444602893 4.684158592255254 7.343058350561999
u 1592 0.4065064052448768 -0.00305336
x 1592 104.16382013870393 5.038447434550684 7.340004990561999
u 1593 0.38513224904097076 -0.00262668
x 1593 104.35360832630788 5.373570110322163 7.337378310561999
u 1594 0.4597024401812926 -0.00313975
x 1594 104.58129608223975 5.772925147478669 7.3342385605619995
u 1595 0.4313273418909519 -0.00283878
x 1595 104.79604898081334 6.146989772214217 7.331399780561999
u 1596 0.5070424861201253 -0.00314307
x 1596 105.04981361737634 6.5859605916456765 7.328256710561999
u 1597 0.5281495522130474 -0.00327345
x 1597 105.31560750509995 7.04235440149497 7.324983260561999
u 1598 0.4874044289093936 -0.00302675
x 1598 105.56222177677789 7.462764079025634 7.321956510561999
u 1599 0.5747875257547742 -0.00290312
x 1599 105.8545183670865 7.957681416585198 7.319053390561999
u 1600 0.5240321629177823 -0.00155333
x 1600 106.12200915508063 8.408301357216976 7.317500060561999
u 1601 0.6060200461932574 -0.000741979
x 1601 106.43194832269944 8.92906809186361 7.316758081561999
u 1602 0.5537200004620163 0.000523198
x 1602 106.71519152859418 9.404861238337702 7.317281279561999
u 1603 0.6380169558006252 0.00502246
x 1603 107.04003324617881 9.953990220196314 7.322303739561999
u 1604 0.5760356182589379 0.0104213
x 1604 107.32947952722925 10.45202122410986 7.332725039561999
u 1605 0.6553141250726311 0.0200078
x 1605 107.6500998168002 11.023532297410597 7.352732839561999
u 1606 0.583394855394836 0.0240135
x 1606 107.92426371603206 11.538476332050006 7.376746339561999
u 1607 0.6670255598642548 0.0334972
x 1607 108.22066544988675 12.1359941214192 7.410243539561999
u 1608 0.6683057399875374 0.0397405
x 1608 108.49551421581417 12.745118033462145 7.449984039561999
u 1609 0.5934778349143378 0.0412088
x 1609 108.71750044576541 13.295470841816583 7.491192839561998
u 1610 0.6762567204832496 0.0547962
x 1610 108.94005446577141 13.933967858926934 7.545989039561999
u 1611 0.6061132653108741 0.0539834
x 1611 109.10811982664026 14.516237656096164 7.5999724395619985
u 1612 0.6762599307615674 0.0613186
x 1612 109.25788627590474 15.175596608226893 7.661291039561998
u 1613 0.6062385515484479 0.0548006
x 1613 109.35762348324617 15.773497690050792 7.7160916395619985
u 1614 0.6875117466445864 0.0579457
x 1614 109.43234687894568 16.45683989778491 7.774037339561999
u 1615 0.6043578737612012 0.039953
x 1615 109.46856476074196 17.060071297652108 7.8139903395619985
u 1616 0.6896792723025754 0.0347595
x 1616 109.48415736038945 17.74953955632756 7.848749839561998
u 1617 0.6167332336276682 0.0237565
x 1617 109.48005839691318 18.36624466544588 7.8725063395619985
u 1618 0.6873120171214883 0.0140877
x 1618 109.46248688143042 19.053326347615435 7.886594039561999
u 1619 0.6806497953300731 0.00206892
x 1619 109.43958947431328 19.733590772214914 7.888662959561999
u 1620 0.6033920702740415 -0.00160359
x 1620 109.41915074693166 20.336636517472233 7.887059369561999
u 1621 0.6698817219453405 -0.00561049
x 1621 109.39887488261809 21.006210436927873 7.881448879561999
u 1622 0.5953511312510124 -0.00634278
x 1622 109.38441176475634 21.60138486464612 7.875106099561999
u 1623 0.6626279733422052 -0.00931279
x 1623 109.37350009316947 22.263920594353177 7.865793309561999
u 1624 0.5863972279793043 -0.0109847
x 1624 109.36979450145608 22.850303165676834 7.854808609561999
u 1625 0.6582346706246204 -0.0157367
x 1625 109.37442929209868 23.50851472661997 7.839071909562
u 1626 0.5891036623890848 -0.0171507
x 1626 109.38826299414028 24.097448718691908 7.821921209561999
u 1627 0.6660082346193332 -0.0217222
x 1627 109.41683974465168 24.762830486262683 7.800199009561999
u 1628 0.599424609467123 -0.0197891
x 1628 109.45498299794484 25.361030477138385 7.780409909562
u 1629 0.6857467778064565 -0.0223534
x 1629 109.51302820571834 26.044301884790542 7.7580565095619995
u 1630 0.7002346913375407 -0.0247
x 1630 109.58869622522403 26.740418287102564 7.733356509561999
u 1631 0.6325458441263997 -0.0248678
x 1631 109.67261186012081 27.367356714778225 7.708488709561999
u 1632 0.719453704347257 -0.0292498
x 1632 109.78731353073904 28.07758221191205 7.679238909562
u 1633 0.6272722945157148 -0.0279085
x 1633 109.90497292126159 28.693700107243718 7.651330409562
u 1634 0.6826835251500141 -0.0341467
x 1634 110.05376395845325 29.359937857186814 7.617183709562
u 1635 0.5813306146105945 -0.0306028
x 1635 110.19876394020656 29.922871170201645 7.5865809095620005
u 1636 0.6223374479937137 -0.0330921
x 1636 110.37310167747049 30.5202612517562 7.553488809562
u 1637 0.535202860284173 -0.0270654
x 1637 110.53841533415783 31.02927599735429 7.526423409562001
u 1638 0.5818162968838918 -0.0254305
x 1638 110.73258832303087 31.577718164710706 7.500992909562001
u 1639 0.4959366794065034 -0.0196934
x 1639 110.90860653772113 32.041359005425335 7.4812995095620005
u 1640 0.5397450425265619 -0.0191521
x 1640 111.10993732594183 32.54214011515168 7.462147409562
u 1641 0.5259425016198087 -0.015904
x 1641 111.31464326270562 33.02660390531877 7.446243409562
u 1642 0.4582669736388993 -0.0134592
x 1642 111.49918729562873 33.44606659591655 7.4327842095620005
u 1643 0.5105121618181319 -0.0147941
x 1643 111.71135054798675 33.91039909349506 7.417990109562001
u 1644 0.454121892479321 -0.0124253
x 1644 111.90568288693545 34.32083664299086 7.405564809562001
u 1645 0.5122389257491516 -0.0131729
x 1645 112.13079246950184 34.78095684321549 7.392391909562001
u 1646 0.4549965556005918 -0.0112758
x 1646 112.33572765002025 35.18718491209267 7.381116109562001
u 1647 0.512348982400278 -0.0123797
x 1647 112.57188884115389 35.64185624291408 7.3687364095620005
u 1648 0.4540381189650491 -0.0092931
x 1648 112.78552680759591 36.042490676213966 7.359443309562001
u 1649 0.5066696046208535 -0.00622928
x 1649 113.02739250028952 36.487703260065 7.353214029562
u 1650 0.44910911708647466 -0.000855949
x 1650 113.24317793396581 36.88157587062423 7.352358080562
u 1651 0.49647343413322087 0.00371444
x 1651 113.48109802655816 37.317327654260986 7.356072520562001
u 1652 0.4919637577691187 0.00621666
x 1652 113.7147097585643 37.750286218281545 7.3622891805620005
u 1653 0.4368723855006947 0.00575445
x 1653 113.91985609558091 38.13599586938711 7.368043630562001
u 1654 0.4925948643721054 0.00574935
x 1654 114.14866321887222 38.57222554781163 7.373792980562001
u 1655 0.4349881260711235 0.000680018
x 1655 114.34947327306158 38.95808819781512 7.374472998562001
u 1656 0.48201051584867416 -0.00363557
x 1656 114.57262247175865 39.385333228922384 7.370837428562001
u 1657 0.41842353781574043 -0.00359634
x 1657 114.76767358661529 39.75551309181505 7.367241088562001
u 1658 0.4661183156305258 -0.00183569
x 1658 114.98607726440511 40.16729708456234 7.365405398562001
u 1659 0.40471802794632417 0.00108106
x 1659 115.17584622774663 40.52476653324945 7.366486458562001
u 1660 0.4479601860291225 0.00217482
x 1660 115.38524665902177 40.9207712157405 7.3686612785620005
u 1661 0.3802651448257313 0.0020003
x 1661 115.56230068747381 41.25730264542162 7.370661578562
u 1662 0.3799141667178402 0.00218695
x 1662 115.73848698492992 41.59389305695342 7.372848528562
u 1663 0.3182461384844534 0.00215688
x 1663 115.88546182677025 41.876167677247345 7.375005408562
u 1664 0.2583860851416695 0.00190935
x 1664 116.00432545364536 42.10559040262155 7.376914758562
u 1665 0.28455417998012594 0.00259922
x 1665 116.13465710346024 42.35854236805043 7.379513978562
u 1666 0.25084613508521164 0.00237085
x 1666 116.24899529696063 42.581814693966756 7.381884828562
u 1667 0.29001121267978697 0.00264155
x 1667 116.38053797412455 42.84027741595605 7.384526378562
u 1668 0.2607550620817252 0.00113265
x 1668 116.49837198394094 43.07288941320209 7.385659028561999
u 1669 0.2961341135500078 -0.00292851
x 1669 116.63243073772955 43.336941682774786 7.382730518561999
u 1670 0.2630100752695478 -0.00757871
x 1670 116.7527245349034 43.57082920052486 7.375151808561999
u 1671 0.30292544491428924 -0.0160513
x 1671 116.89444639468105 43.838554375756694 7.359100508561999
u 1672 0.27074949345094645 -0.020102
x 1672 117.02541872546436 44.07551232204552 7.338998508562
u 1673 0.320039002532467 -0.0298604
x 1673 117.18717916765317 44.35164799914121 7.309138108562
u 1674 0.33541584361667365 -0.0381678
x 1674 117.36645128195066 44.63511164772113 7.270970308562
u 1675 0.31415075759268846 -0.0421354
x 1675 117.5448770733753 44.89364662619043 7.228834908562
u 1676 0.36333379030764595 -0.0546113
x 1676 117.7654430059977 45.18231478624321 7.1742236085619995
u 1677 0.32845313496388506 -0.0544417
x 1677 117.97876000877893 45.43201595767425 7.1197819085619996
u 1678 0.3707989169382915 -0.0661732
x 1678 118.23611590866612 45.698867251635164 7.053608708562
u 1679 0.32895039658813297 -0.0635016
x 1679 118.47928878406167 45.92031466949732 6.9901071085619995
u 1680 0.36132690254074634 -0.0747205
x 1680 118.7625370869755 46.14451725050113 6.915386608562
u 1681 0.31612616351980755 -0.0693339
x 1681 119.02383424393369 46.322336032596105 6.8460527085619995
u 1682 0.3486717324588272 -0.0809758
x 1682 119.32592261069253 46.496256072947496 6.7650769085619995
u 1683 0.30439214452462876 -0.0717927
x 1683 119.60048069254994 46.6275292520434 6.693284208562
u 1684 0.33492523959028525 -0.0789575
x 1684 119.91258439560366 46.74880550369264 6.614326708562
u 1685 0.32906564969393265 -0.0775892
x 1685 120.22760881024354 46.84361851734048 6.536737508562
u 1686 0.292685464414229 -0.068389
x 1686 120.51322510708002 46.9072952715157 6.468348508562
u 1687 0.34485322504545324 -0.076928
x 1687 120.85429013408678 46.957691276695044 6.391420508562001
u 1688 0.3141587906663991 -0.0680326
x 1688 121.16752364291739 46.98098190435912 6.323387908562001
u 1689 0.36479890953789873 -0.0779276
x 1689 121.5322299746883 46.98143370329821 6.245460308562001
u 1690 0.3357346424404399 -0.0707776
x 1690 121.86699777504741 46.95691385084775 6.174682708562001
u 1691 0.3885982151850418 -0.0816343
x 1691 122.25116517163818 46.89911989982964 6.093048408562001
u 1692 0.3575102791622081 -0.0752005
x 1692 122.59936239791762 46.818422506531306 6.0178479085620005
u 1693 0.4088422059942442 -0.0867658
x 1693 122.98875367123634 46.694238982051914 5.931082108562
u 1694 0.36616444939520004 -0.0787239
x 1694 123.327130764978 46.55456752329884 5.852358208562
u 1695 0.3993057303734696 -0.0856938
x 1695 123.68236356794021 46.372476411166275 5.766664408562001
u 1696 0.3902884560347129 -0.0832967
x 1696 124.0133207482217 46.165826053075335 5.683367708562001
u 1697 0.3513441835648343 -0.0742337
x 1697 124.2957094700095 45.956917776197756 5.609134008562001
u 1698 0.4155688878829237 -0.0837641
x 1698 124.60915664175766 45.68425054653418 5.525369908562001
u 1699 0.39484351125428163 -0.0773227
x 1699 124.88517422086142 45.40204842993815 5.448047208562001
u 1700 0.4660545277499726 -0.0893193
x 1700 125.18209531666467 45.04302152440385 5.358727908562002
u 1701 0.43152228226876066 -0.0815929
x 1701 125.42765320148874 44.68832514555091 5.277135008562001
u 1702 0.507000669245367 -0.0950932
x 1702 125.67824412574842 44.24780247486737 5.182041808562001
u 1703 0.4704223307839988 -0.0855333
x 1703 125.87295768098186 43.819726643845705 5.096508508562001
u 1704 0.5555352511639923 -0.0954454
x 1704 126.05626361929413 43.29552808381146 5.001063108562001
u 1705 0.512188567238561 -0.0792557
x 1705 126.18247470257435 42.79927149916568 4.921807408562001
u 1706 0.6003142099756094 -0.0832953
x 1706 126.28268910032324 42.20755711528198 4.838512108562002
u 1707 0.6238933036469938 -0.0846977
x 1707 126.3348785948476 41.58603762725489 4.753814408562001
u 1708 0.5800513405728928 -0.0769029
x 1708 126.33660322727776 41.00613177629922 4.676911508562001
u 1709 0.6699475582304634 -0.0831386
x 1709 126.28505183379886 40.338364064262215 4.593772908562001
u 1710 0.6057262561025484 -0.0697504
x 1710 126.19246155255932 39.73988047339364 4.524022508562001
u 1711 0.6921036458342059 -0.0734996
x 1711 126.03800515545313 39.06539172183799 4.450522908562001
u 1712 0.6396263011445746 -0.0563405
x 1712 125.8551045219961 38.45256144065077 4.394182408562001
u 1713 0.7166867073324926 -0.0548692
x 1713 125.61232152451826 37.778345302743965 4.339313208562001
u 1714 0.6489822080683645 -0.0453663
x 1714 125.362154782058 37.17957800508192 4.293946908562001
u 1715 0.7416541604188842 -0.0460581
x 1715 125.04529621498202 36.509089890691044 4.247888808562001
u 1716 0.6557311864529854 -0.0397483
x 1716 124.73997197614828 35.92882797640359 4.208140508562001
u 1717 0.7292773296516285 -0.0441827
x 1717 124.37363331230284 35.29830843340396 4.163957808562
u 1718 0.7113894224285668 -0.0430663
x 1718 123.98979581377445 34.69942157301518 4.120891508562
u 1719 0.6012214233480894 -0.0362135
x 1719 123.64558949547889 34.20652228391569 4.084678008562
u 1720 0.6203373908763279 -0.0389545
x 1720 123.27158344025078 33.71165938407895 4.045723508562
u 1721 0.5067939248683159 -0.0339369
x 1721 122.95150040716368 33.318769724440926 4.011786608562001
u 1722 0.525260842828715 -0.0368851
x 1722 122.60554838335767 32.923567407437794 3.9749015085620005
u 1723 0.4519694545546829 -0.0353464
x 1723 122.29578208148857 32.594477816397955 3.9395551085620006
u 1724 0.5127617857703906 -0.046821
x 1724 121.92932703486689 32.23588707589002 3.8927341085620006
u 1725 0.4611964205100305 -0.0491333
x 1725 121.58463851365619 31.929538948653867 3.843600808562001
u 1726 0.5251172821288973 -0.0616626
x 1726 121.17348940175975 31.603016045484882 3.781938208562001
u 1727 0.4805223578742617 -0.0574207
x 1727 120.78013490654595 31.327134655028313 3.7245175085620006
u 1728 0.544242502023767 -0.0650326
x 1728 120.31635282437648 31.042526671478214 3.6594849085620007
u 1729 0.5480671263571736 -0.0638951
x 1729 119.83181560174309 30.786598799353527 3.595589808562001
u 1730 0.4852135478637834 -0.0519106
x 1730 119.39042743738308 30.585214063887683 3.543679208562001
u 1731 0.5515406814892624 -0.0509314
x 1731 118.87759817183974 30.382390209380738 3.492747808562001
u 1732 0.4864310119359452 -0.0334784
x 1732 118.4181358427168 30.222742477176073 3.459269408562001
u 1733 0.5381796242669565 -0.0276894
x 1733 117.90462284982617 30.06173561675734 3.431580008562001
u 1734 0.4818691988404821 -0.0187363
x 1734 117.44160915492861 29.92828356367559 3.412843708562001
u 1735 0.5467676204488896 -0.0157554
x 1735 116.91370104186062 29.785940067919004 3.397088308562001
u 1736 0.48759540563260284 -0.0125058
x 1736 116.44117566247694 29.66566560312591 3.384582508562001
u 1737 0.5572287937579258 -0.0130245
x 1737 115.89945880419825 29.535119118508486 3.3715580085620007
u 1738 0.5063940389837392 -0.00983409
x 1738 115.40583632685045 29.422115994903123 3.3617239185620007
u 1739 0.5739537320591395 -0.00983715
x 1739 114.84512539699033 29.29954567557294 3.3518867685620006
u 1740 0.5226339729295217 -0.00728434
x 1740 114.33361244618337 29.1923096600716 3.3446024285620006
u 1741 0.6076654641070779 -0.00571286
x 1741 113.73807916364527 29.071494009684397 3.3388895685620006
u 1742 0.6095575561500451 -0.00257518
x 1742 113.14019382676236 28.95277866583668 3.3363143885620006
u 1743 0.5514500263345172 -0.000516922
x 1743 112.59913779695395 28.846216489709338 3.3357974665620005
u 1744 0.6187670012204625 -0.000191699
x 1744 111.9919912823177 28.726861094386862 3.3356057675620003
u 1745 0.5473930001871042 -1.59273e-05
x 1745 111.45486740075454 28.62132895468565 3.335589840262
u 1746 0.6246010343286095 0.000996138
x 1746 110.84204302744435 28.50061148576955 3.336585978262
u 1747 0.5520971166252464 0.00163244
x 1747 110.30049627884462 28.393195110961177 3.338218418262
u 1748 0.621725486277312 0.00305231
x 1748 109.69093691567376 28.270803677631395 3.3412707282620002
u 1749 0.5534886135155833 0.00346343
x 1749 109.14863705659377 28.16007788161939 3.3447341582620003
u 1750 0.6228789654955641 0.0039221
x 1750 108.53881396117092 28.033217720045695 3.3486562582620003
u 1751 0.6199839562201848 0.00400558
x 1751 107.9323304942555 27.904542173063255 3.352661838262
u 1752 0.5459407957964016 0.00391446
x 1752 107.39873073023016 27.78912006183486 3.356576298262
u 1753 0.6096683259380549 0.00470851
x 1753 106.8034054382875 27.657656843722098 3.361284808262
u 1754 0.5322558509514927 0.00407726
x 1754 106.28418048605712 27.540604088980036 3.365362068262
u 1755 0.5875332720992612 0.00478354
x 1755 105.71160965758115 27.408856853847077 3.370145608262
u 1756 0.5134270282674586 0.00460901
x 1756 105.21180400552487 27.291378528704925 3.3747546182619996
u 1757 0.561112426640505 0.00505908
x 1757 104.66620518166214 27.160350259974624 3.3798136982619997
u 1758 0.4841688753020128 0.00439537
x 1758 104.19596217744916 27.045065224523608 3.384209068262
u 1759 0.5296113338265188 0.00513979
x 1759 103.6821909626631 26.916509064446984 3.3893488582619997
u 1760 0.4512248906618509 0.0045244
x 1760 103.24499598868684 26.80486628875004 3.393873258262
u 1761 0.48806417557662274 0.0049789
x 1761 102.7726863913558 26.68186307063575 3.3988521582619997
u 1762 0.417594775279905 0.00439855
x 1762 102.36906926710577 26.5747260919729 3.4032507082619996
u 1763 0.44807802415574943 0.00492582
x 1763 101.93652997067836 26.457750595317194 3.4081765282619996
u 1764 0.42756646926742276 0.00648866
x 1764 101.52443498787814 26.343776171067358 3.4146651882619996
u 1765 0.37140527942193874 0.00851238
x 1765 101.1672220970509 26.242090384129202 3.4231775682619996
u 1766 0.4153357695321414 0.0124607
x 1766 100.76897319346 26.124194751422312 3.4356382682619997
u 1767 0.37115252230331885 0.0140226
x 1767 100.41451667363799 26.01413788826829 3.449660868262
u 1768 0.4290196977659568 0.01814
x 1768 100.00689702549793 25.88035045833389 3.4678008682619996
u 1769 0.38889430129859826 0.0166042
x 1769 99.63956289237711 25.75267533329083 3.484405068262
u 1770 0.445746172117182 0.0193865
x 1770 99.22123194582788 25.598783662644347 3.503791568262
u 1771 0.4064382670637838 0.0195756
x 1771 98.8425972245467 25.451059129639205 3.523367168262
u 1772 0.4643429484594441 0.0256944
x 1772 98.4139545074668 25.272543212377144 3.5490615682619997
u 1773 0.4756129753828868 0.0294979
x 1773 97.9801244806904 25.077651426352393 3.5785594682619997
u 1774 0.43373265085623897 0.029546
x 1774 97.58991418793747 24.888320354533843 3.6081054682619995
u 1775 0.4975631098406569 0.0343803
x 1775 97.14945376212407 24.656934795623233 3.6424857682619995
u 1776 0.4511887843671454 0.0311046
x 1776 96.75712488192971 24.43415024373215 3.6735903682619995
u 1777 0.5244805932091386 0.0360605
x 1777 96.31002420683754 24.160013285788036 3.7096508682619995
u 1778 0.478150082911481 0.0321922
x 1778 95.91117877955172 23.89632770978047 3.7418430682619994
u 1779 0.5522290676991659 0.0355861
x 1779 95.46112826410811 23.576360061812885 3.7774291682619996
u 1780 0.5066669608715976 0.0314295
x 1780 95.05827163315016 23.269119418485545 3.8088586682619994
u 1781 0.5782854639962313 0.0322304
x 1781 94.60986409346367 22.9039950449514 3.8410890682619994
u 1782 0.521212493650663 0.0259029
x 1782 94.21544026648634 22.563294121807996 3.8669919682619995
u 1783 0.5921261782871958 0.0270717
x 1783 93.77776216455808 22.164508618575702 3.8940636682619996
u 1784 0.535525223291976 0.0239685
x 1784 93.3912509993766 21.793856956556425 3.9180321682619996
u 1785 0.6111648838360857 0.0268165
x 1785 92.96103226302576 21.35979247913525 3.9448486682619994
u 1786 0.6109254037547531 0.021301
x 1786 92.54153987093798 20.91567327223884 3.966149668261999
u 1787 0.5504029398216387 0.0169309
x 1787 92.17131998834263 20.508397692233757 3.9830805682619994
u 1788 0.6190015743924497 0.0189465
x 1788 91.76324265794165 20.042968449862407 4.002027068262
u 1789 0.5552668973371188 0.0161926
x 1789 91.40457255261678 19.619093060089714 4.018219668262
u 1790 0.6359266990462976 0.0191554
x 1790 91.00244619474557 19.126462576448336 4.0373750682619995
u 1791 0.5669310279736505 0.017266
x 1791 90.65200485014778 18.68082407970445 4.054641068262
u 1792 0.6584288694332276 0.0215128
x 1792 90.25511904623295 18.155473230043512 4.076153868262
u 1793 0.5922953509177734 0.0207953
x 1793 89.90817276682766 17.67544258537914 4.096949168261999
u 1794 0.6762985214180274 0.0236174
x 1794 89.524290551081 17.11867254750867 4.120566568261999
u 1795 0.615165161557682 0.0210398
x 1795 89.18650161000069 16.60455889520633 4.141606368261999
u 1796 0.7043862038407979 0.0222887
x 1796 88.81256502866191 16.00764113102945 4.163895068261999
u 1797 0.7201542870561904 0.0157733
x 1797 88.44193660536116 15.390189905053449 4.179668368261999
u 1798 0.646705403471094 0.00737151
x 1798 88.1155448854967 14.83189389912106 4.187039878261999
u 1799 0.7406275716448912 0.00441831
x 1799 87.74552573325124 14.190322286195634 4.191458188261999
u 1800 0.6636378498081327 0.00369314
x 1800 87.41630500490257 13.614103224427595 4.195151328261999
u 1801 0.7535012999458742 0.00448616
x 1801 87.0451832265229 12.958335062334262 4.199637488261999
u 1802 0.6753193886981125 0.00673654
x 1802 86.7158718692917 12.368751665296095 4.206374028261999
u 1803 0.7625866687185201 0.0112532
x 1803 86.35001040497376 11.699664466675936 4.217627228261999
u 1804 0.6805095581126227 0.0116227
x 1804 86.03037718147012 11.098896085370608 4.229249928261999
u 1805 0.7697801411780402 0.0135838
x 1805 85.67740795422996 10.414816354032125 4.242833728261999
u 1806 0.6844448212436298 0.0122586
x 1806 85.37145254328269 9.802566296137874 4.255092328261999
u 1807 0.7756212151193648 0.0141316
x 1807 85.03392563624377 9.104244132020947 4.269223928261999
u 1808 0.7775753554716675 0.0141081
x 1808 84.70546678597788 8.399454668014602 4.283332028261999
u 1809 0.698370404538406 0.0124125
x 1809 84.41888413325626 7.762598841955107 4.295744528261999
u 1810 0.7935437640986142 0.0137047
x 1810 84.10272397075555 7.034763282728872 4.3094492282619985
u 1811 0.7130053065211664 0.0122021
x 1811 83.827145811733 6.377171511419812 4.321651328261998
u 1812 0.8110163627515511 0.0133355
x 1812 83.52326269687846 5.625245420876565 4.334986828261998
u 1813 0.7202746701346525 0.0120338
x 1813 83.26187184749304 4.9540791496306005 4.3470206282619985
u 1814 0.8129013572171084 0.0164675
x 1814 82.9776919999719 4.192478533907777 4.363488128261999
u 1815 0.7294552843992718 0.0189309
x 1815 82.73482001627318 3.5046541955833876 4.382419028261999
u 1816 0.8247460254479088 0.0242806
x 1816 82.47708855441456 2.721234076552454 4.406699628261999
u 1817 0.7358404154807549 0.0221463
x 1817 82.26342501880538 2.017112722940457 4.428845928261999
u 1818 0.8404809749705848 0.0255218
x 1818 82.03861492341652 1.20727919241923 4.454367728261999
u 1819 0.8480134661744272 0.0257002
x 1819 81.83278875626563 0.3846475332642536 4.480067928261999
u 1820 0.7502211174206399 0.0222512
x 1820 81.66819656036479 -0.3472799988118024 4.502319128261999
u 1821 0.8133882261711208 0.0229606
x 1821 81.50772932431376 -1.1446642270390721 4.525279728261999
u 1822 0.6826284212161273 0.0183106
x 1822 81.38689471724102 -1.816503151098368 4.543590328262
u 1823 0.732354154899665 0.0175535
x 1823 81.27020302963545 -2.539491316045746 4.561143828262
u 1824 0.6349715343837986 0.0120506
x 1824 81.17831687316648 -3.167775411496025 4.573194428262
u 1825 0.716011772992535 0.0103167
x 1825 81.08263290666503 -3.877361833625054 4.583511128262
u 1826 0.6415450945825998 0.00512296
x 1826 81.0018106780532 -4.5137948431363215 4.588634088261999
u 1827 0.7284565155633902 0.00202917
x 1827 80.91262404665045 -5.236770954612774 4.5906632582619995
u 1828 0.660832025089067 -0.0012967
x 1828 80.83195703570985 -5.8926609892522634 4.589366558261999
u 1829 0.7527722104007146 -0.00685447
x 1829 80.73702289871069 -6.639421520957338 4.582512088261999
u 1830 0.7742046213525833 -0.0162817
x 1830 80.63050902020998 -7.406255497939033 4.566230388261999
u 1831 0.7040512440361338 -0.0261645
x 1831 80.5188717145561 -8.101379219756673 4.540065888261998
u 1832 0.811036132011392 -0.0436678
x 1832 80.36240329384935 -8.89711329720099 4.496398088261999
u 1833 0.7436358463092267 -0.0479874
x 1833 80.18566718844079 -9.619368452904773 4.4484106882619985
u 1834 0.8393085529076896 -0.0641172
x 1834 79.94085613764425 -10.422029713681225 4.384293488261998
u 1835 0.7477383000415386 -0.0665132
x 1835 79.67654996711448 -11.121349896093063 4.317780288261998
u 1836 0.8495431772458655 -0.0823174
x 1836 79.31805376075334 -11.891282769480773 4.235462888261998
u 1837 0.7546911866283852 -0.0741877
x 1837 78.94707102321331 -12.54829830559895 4.161275188261998
u 1838 0.8451410294128431 -0.0829159
x 1838 78.47519821550175 -13.249147997443048 4.078359288261998
u 1839 0.7581916939169407 -0.072187
x 1839 78.0044008268732 -13.843248054744715 4.006172288261999
u 1840 0.8598001540304352 -0.0747081
x 1840 77.42251982776943 -14.475962079746484 3.9314641882619985
u 1841 0.8609403774251735 -0.0609657
x 1841 76.79821346737205 -15.068608980726415 3.8704984882619984
u 1842 0.7705137846907154 -0.0431298
x 1842 76.21259714027228 -15.56926153936323 3.8273686882619984
u 1843 0.8678937785686737 -0.036357
x 1843 75.5310678865841 -16.106545932942627 3.791011688261998
u 1844 0.7701940335340764 -0.0247868
x 1844 74.9119490252949 -16.56465106765235 3.766224888261998
u 1845 0.869972506269043 -0.0213354
x 1845 74.20087271112251 -17.06584357322471 3.744889488261998
u 1846 0.7729958280520693 -0.0126839
x 1846 73.56156987938547 -17.50036219044439 3.732205588261998
u 1847 0.8706605176091425 -0.010065
x 1847 72.83597192851227 -17.981559604364637 3.7221405882619982
u 1848 0.7683692899867615 -0.00709625
x 1848 72.19200062730934 -18.40071333691319 3.715044338261998
u 1849 0.8675330684337197 -0.00445073
x 1849 71.4621989423136 -18.869756920205177 3.7105936082619984
u 1850 0.7696988987243573 -0.00340183
x 1850 70.81306992534107 -19.28335980062762 3.7071917782619983
u 1851 0.8618519856127829 -0.00349004
x 1851 70.08463163828674 -19.743974339156534 3.7037017382619983
u 1852 0.8621861800505679 -0.00369972
x 1852 69.35425915176775 -20.202144822797123 3.700002018261998
u 1853 0.7556766682122742 -0.00303395
x 1853 68.71276416154768 -20.60155810045481 3.6969680682619983
u 1854 0.8418320708500643 -0.00387618
x 1854 67.99659883681026 -21.04403699920749 3.6930918882619985
u 1855 0.7329706135186878 -0.00500825
x 1855 67.37133939593213 -21.426522853738984 3.6880836382619986
u 1856 0.8054366368844791 -0.00569388
x 1856 66.68202392813282 -21.843140915311483 3.6823897582619987
u 1857 0.7000355491192888 -0.00486791
x 1857 66.08100963394013 -22.202070742019004 3.6775218482619985
u 1858 0.7586143446804391 -0.00565695
x 1858 65.42766497033435 -22.58760276375939 3.6718648982619984
u 1859 0.6541115662203324 -0.00494742
x 1859 64.86256686061098 -22.91703438750078 3.666917478261998
u 1860 0.7166385386325524 -0.00443538
x 1860 64.24176410028711 -23.275048194342055 3.6624820982619983
u 1861 0.6079103806807252 -0.00214751
x 1861 63.71415225023477 -23.577009490864608 3.6603345882619984
u 1862 0.669129079890389 0.00248328
x 1862 63.133463889266295 -23.90947681693566 3.6628178682619983
u 1863 0.6446264830883951 0.0111273
x 1863 62.57623490056505 -24.233567651832168 3.6739451682619984
u 1864 0.5471321657861968 0.0178192
x 1864 62.107316502996945 -24.51545632196711 3.6917643682619983
u 1865 0.5776750932640272 0.0236246
x 1865 61.61849945920236 -24.82327264793334 3.7153889682619985
u 1866 0.48407203299435514 0.0211507
x 1866 61.2147624034365 -25.090318313597095 3.7365396682619987
u 1867 0.515968411848408 0.0267892
x 1867 60.791372971818454 -25.385189251606235 3.7633288682619987
u 1868 0.0 0.0
x 1868 60.791372971818454 -25.385189251606235 3.7633288682619987
u 1869 0.42925120456888133 0.0268896
x 1869 60.445851482134316 -25.63986629183789 3.790218468261999
u 1870 0.46050831882421583 0.0336376
x 1870 60.08361321267323 -25.92417484354038 3.823856068261999
u 1871 0.40095481726031174 0.0344398
x 1871 59.776827795342136 -26.182305786223484 3.8582958682619988
u 1872 0.4306830600445252 0.0437258
x 1872 59.45839118671461 -26.472230729639065 3.9020216682619986
u 1873 0.36900871011174197 0.04433
x 1873 59.19675339426229 -26.732405278843427 3.9463516682619986
u 1874 0.40351134043874515 0.0547149
x 1874 58.9250980762301 -27.030707430958312 4.001066568261998
u 1875 0.3917157781192486 0.0567179
x 1875 58.6779215111421 -27.33452294551951 4.057784468261998
u 1876 0.35216417931091304 0.0552793
x 1876 58.47133676484389 -27.619673385462107 4.1130637682619975
u 1877 0.0 0.0
x 1877 58.47133676484389 -27.619673385462107 4.1130637682619975
u 1878 0.38439203750858314 0.0665706
x 1878 58.26522775236185 -27.94405241412178 4.179634368261998
u 1879 0.0 0.0
x 1879 58.26522775236185 -27.94405241412178 4.179634368261998
u 1880 0.3330965255034936 0.0626464
x 1880 58.105140686039135 -28.236095466143723 4.242280768261998
u 1881 0.3719373039060347 0.0735599
x 1881 57.94900174021667 -28.573579717013736 4.315840668261998
u 1882 0.3280710840399746 0.0670757
x 1882 57.83252877879037 -28.880213599079433 4.3829163682619985
u 1883 0.3628198608007699 0.0758432
x 1883 57.728265510498254 -29.22763889130393 4.458759568261998
u 1884 0.325203859028097 0.0684965
x 1884 57.65750664093477 -29.544986318568593 4.527256068261998
u 1885 0.36732577799419414 0.077887
x 1885 57.60401209157462 -29.908302109051412 4.605143068261998
u 1886 0.33104070374073336 0.0703422
x 1886 57.58017796185978 -30.23841527487972 4.675485268261998
u 1887 0.381451042969396 0.080914
x 1887 57.58153299465785 -30.619759861087285 4.7563992682619975
u 1888 0.38979696178523504 0.0821702
x 1888 57.614653581312226 -31.00803711463051 4.838569468261998
u 1889 0.3495964527726933 0.0720563
x 1889 57.67110058100737 -31.352969781288326 4.910625768261998
u 1890 0.40056420285318806 0.0807631
x 1890 57.765752342630904 -31.742078415259552 4.991388868261998
u 1891 0.3496144900642563 0.0701286
x 1891 57.873735416692675 -32.074523690956816 5.061517468261998
u 1892 0.3855431650866087 0.0772032
x 1892 58.01946845263215 -32.43135922537257 5.138720668261998
u 1893 0.33204339765114577 0.0664614
x 1893 58.16672116949181 -32.72889725314386 5.205182068261998
u 1894 0.3786221283596087 0.0758758
x 1894 58.35832005688789 -33.055356775240014 5.281057868261998
u 1895 0.3327507748713816 0.0667444
x 1895 58.54673045504413 -33.329552876438036 5.347802268261998
u 1896 0.3732167241389914 0.0745994
x 1896 58.77923168118221 -33.621390704883964 5.422401668261998
u 1897 0.33323693110994895 0.0660849
x 1897 59.004639067325556 -33.86674341962257 5.488486568261998
u 1898 0.3755761104759593 0.0718567
x 1898 59.27712947095817 -34.12509533204338 5.560343268261998
u 1899 0.3935074103905669 0.0714439
x 1899 59.58127590534274 -34.374649283442714 5.631787168261998
u 1900 0.37088386884280905 0.0663132
x 1900 59.883453397473254 -34.589575334373976 5.698100368261998
u 1901 0.41919809195415 0.0721645
x 1901 60.24097080420399 -34.80828083512029 5.770264868261998
u 1902 0.3875374127204882 0.061613
x 1902 60.584281141779684 -34.9879353751662 5.831877868261999
u 1903 0.4551510168536263 0.0649497
x 1903 61.000017798297684 -35.17301013089228 5.896827568261998
u 1904 0.4247092631842282 0.0527575
x 1904 61.39745889595704 -35.3225985597036 5.949585068261999
u 1905 0.4961218094883554 0.0519927
x 1905 61.87024037967286 -35.47279535139971 6.001577768261999
u 1906 0.45802399719710934 0.0381647
x 1906 62.31254458647382 -35.591654546846975 6.039742468261999
u 1907 0.5382145050550207 0.0353136
x 1907 62.83707110982547 -35.712139723292346 6.075056068262
u 1908 0.490219885696479 0.0253526
x 1908 63.31794423435626 -35.807343203924525 6.100408668261999
u 1909 0.5618419623825035 0.0196579
x 1909 63.87139560830448 -35.904027236592206 6.120066568262
u 1910 0.5767355150652516 0.013292
x 1910 64.44108100819483 -35.99390216225082 6.1333585682619995
u 1911 0.5244440093370083 0.00807495
x 1911 64.95996007238695 -36.07008970173841 6.141433518262
u 1912 0.5960428459951327 0.00235255
x 1912 65.55012313147687 -36.15360301861573 6.143786068262
u 1913 0.5377072781229788 -0.00302682
x 1913 66.0825005754876 -36.22912224341065 6.140759248262
u 1914 0.6131317922120497 -0.00760449
x 1914 66.68908736672627 -36.31846007247273 6.133154758262
u 1915 0.552024325609421 -0.0107892
x 1915 67.23445483935087 -36.40391309942972 6.1223655582620005
u 1916 0.6294047687803708 -0.0173315
x 1916 67.85483353115127 -36.510076772545794 6.105034058262
u 1917 0.5638257495360743 -0.0186146
x 1917 68.40877364163221 -36.61515127235736 6.086419458262
u 1918 0.6443704820215017 -0.0255302
x 1918 69.03903371282831 -36.749177421114375 6.060889258262
u 1919 0.5727581135726962 -0.0269652
x 1919 69.59592830836175 -36.88296975572406 6.0339240582619995
u 1920 0.6464289096368215 -0.0338352
x 1920 70.21956223322566 -37.05300269059699 6.000088858261999
u 1921 0.6473030190774719 -0.0372194
x 1921 70.83759148165102 -37.24533750076466 5.962869458261999
u 1922 0.5769489927127841 -0.0370049
x 1922 71.38170877490712 -37.437088714872154 5.925864558261999
u 1923 0.6412525488666693 -0.0451586
x 1923 71.97719050870474 -37.67486268335078 5.880705958261999
u 1924 0.5628678618276317 -0.044484
x 1924 72.49000729764286 -37.9067827772591 5.836221958262
u 1925 0.6254515088513337 -0.0581198
x 1925 73.04584554796054 -38.193354452120886 5.778102158262
u 1926 0.5450286620419518 -0.0601244
x 1926 73.51460560043067 -38.47125871557135 5.717977758261999
u 1927 0.6016969523973342 -0.0730929
x 1927 74.01050044407708 -38.811797069092876 5.6448848582619995
u 1928 0.5272530714640646 -0.0698532
x 1928 74.42263028237006 -39.14047894690743 5.575031658262
u 1929 0.5770205039424162 -0.0821649
x 1929 74.84501125933014 -39.53336531576899 5.492866758261999
u 1930 0.5084862603217908 -0.0763575
x 1930 75.1886562805523 -39.90798615665871 5.416509258261999
u 1931 0.5733485441769605 -0.0927808
x 1931 75.53903109561234 -40.36156117162737 5.323728458261999
u 1932 0.5683333119340798 -0.0986974
x 1932 75.84175700778262 -40.84228734985705 5.225031058261999
u 1933 0.5071475654540895 -0.0897371
x 1933 76.07035318297943 -41.294802423467324 5.135293958261999
u 1934 0.5713448754867764 -0.10185
x 1934 76.27792485175593 -41.82684272203891 5.033443958262
u 1935 0.5045103430149773 -0.0912535
x 1935 76.41508340401317 -42.312169044647995 4.942190458262
u 1936 0.5701694313504452 -0.102743
x 1936 76.5162352486238 -42.8730394471398 4.839447458262
u 1937 0.49887110694583225 -0.0889522
x 1937 76.55737283387249 -43.37004651308645 4.750495258262
u 1938 0.5461221502367855 -0.0935681
x 1938 76.5526354983601 -43.915948909669495 4.656927158262
u 1939 0.4721539067012895 -0.0735676
x 1939 76.50915291730752 -44.385989386876844 4.583359558262001
u 1940 0.5110677191528438 -0.0729692
x 1940 76.42496841162841 -44.88996092453154 4.510390358262001
u 1941 0.4347407654640291 -0.0586131
x 1941 76.3253191693595 -45.31306310952605 4.451777258262001
u 1942 0.4595015260103496 -0.0558849
x 1942 76.1945774566641 -45.753509826990495 4.395892358262001
u 1943 0.42845957584859745 -0.046793
x 1943 76.05174792241 -46.157420507913095 4.349099358262001
u 1944 0.3757725399669992 -0.0369767
x 1944 75.91175393887042 -46.50611894244406 4.312122658262001
u 1945 0.4247686627378513 -0.0373927
x 1945 75.73896256591541 -46.89412736519778 4.274729958262001
u 1946 0.3897342084871304 -0.0309422
x 1946 75.56835078679744 -47.244516086075045 4.243787758262001
u 1947 0.45197690563784343 -0.0314497
x 1947 75.35791356753768 -47.64449416394624 4.212338058262001
u 1948 0.41025807360026945 -0.0247082
x 1948 75.15677948777697 -48.00205283926857 4.187629858262001
u 1949 0.4813990636589602 -0.0251887
x 1949 74.91037503421049 -48.415595643656616 4.162441158262001
u 1950 0.4428937919255912 -0.0200554
x 1950 74.67512909260562 -48.790839142204355 4.142385758262001
u 1951 0.5160117436906525 -0.0205306
x 1951 74.39223138337071 -49.222380163518864 4.121855158262001
u 1952 0.4712957463130687 -0.0164301
x 1952 74.12660764351294 -49.61168558684095 4.105425058262001
u 1953 0.5452642246030289 -0.0170835
x 1953 73.81179146594619 -50.05687837456622 4.088341558262001
u 1954 0.5601768345249312 -0.0169286
x 1954 73.48063431526279 -50.508680912856285 4.071412958262001
u 1955 0.5039091750874194 -0.0150472
x 1955 73.17628042960416 -50.9102881562722 4.056365758262001
u 1956 0.5775472558350252 -0.0154865
x 1956 72.82046406325306 -51.365204499872405 4.0408792582620014
u 1957 0.5292962792260489 -0.0134393
x 1957 72.4883780065807 -51.77735639604732 4.0274399582620015
u 1958 0.60787141958684 -0.0132241
x 1958 72.1007166831394 -52.24556679344278 4.014215858262001
u 1959 0.545644958478856 -0.00945113
x 1959 71.74799562546137 -52.661876846171396 4.004764728262001
u 1960 0.6195634678976644 -0.010171
x 1960 71.34287327827069 -53.13063207591531 3.9945937282620005
u 1961 0.5675337350520937 -0.00790395
x 1961 70.96790628186096 -53.55665157686986 3.9866897782620003
u 1962 0.6381734015902908 -0.0070996
x 1962 70.54268596889635 -54.03252053496824 3.9795901782620002
u 1963 0.5799337111128205 -0.00521607
x 1963 70.1536153178772 -54.46257445631056 3.9743741082620003
u 1964 0.6625066090271228 -0.00493169
x 1964 69.70666043841567 -54.951599458881134 3.9694424182620005
u 1965 0.6680386084270007 -0.00479072
x 1965 69.2535816466552 -55.4425111996935 3.9646516982620006
u 1966 0.6034827579790415 -0.00343032
x 1966 68.84246645157482 -55.88429777534879 3.9612213782620005
u 1967 0.6825275533239872 -0.00259825
x 1967 68.37599888619836 -56.38254631716908 3.9586231282620004
u 1968 0.6029751447636383 -0.00150392
x 1968 67.9629986819484 -56.82187510972031 3.957119208262
u 1969 0.6654590977299705 -0.00104785
x 1969 67.5065826140353 -57.30614790803048 3.956071358262
u 1970 0.5748240081752017 -0.000260212
x 1970 67.11205658941559 -57.72420514622676 3.955811146262
u 1971 0.630536031101968 0.00101858
x 1971 66.6794669805887 -58.182944595673895 3.9568297262620002
u 1972 0.5344221434139189 0.00173549
x 1972 66.31335367081715 -58.57226194706439 3.9585652162620004
u 1973 0.5676952338685157 0.00204028
x 1973 65.925227626232 -58.98655162865825 3.9606054962620005
u 1974 0.4758051445707264 0.00182596
x 1974 65.60059750703324 -59.334410448307395 3.9624314562620007
u 1975 0.5080332061687026 0.00205399
x 1975 65.25470018721089 -59.70650276476875 3.9644854462620005
u 1976 0.4789782037326101 0.00210824
x 1976 64.92931592101516 -60.05799261382325 3.9665936862620006
u 1977 0.40329812715010405 0.00180844
x 1977 64.65592349059395 -60.35448192901531 3.9684021262620006
u 1978 0.42809717009884635 0.00199504
x 1978 64.3663190459526 -60.66975386227962 3.970397166262001
u 1979 0.3617860998632734 0.00169491
x 1979 64.12206550550607 -60.9366421510815 3.9720920762620007
u 1980 0.38859814210299515 0.00193305
x 1980 63.860230734738096 -61.22378501071795 3.9740251262620006
u 1981 0.3351730937971685 0.001718
x 1981 63.63484588539587 -61.47186291150944 3.9757431262620004
u 1982 0.3930841542816199 0.0019968
x 1982 63.371060000674696 -61.76329404922265 3.9777399262620006
u 1983 0.36833412717723435 0.00187477
x 1983 63.124412132583714 -62.03685358327746 3.9796146962620007
u 1984 0.43462020015363567 0.00214224
x 1984 62.83402599440823 -62.36022726324787 3.9817569362620007
u 1985 0.4039741659101277 0.00204927
x 1985 62.564746139818965 -62.66136415823685 3.9838062062620008
u 1986 0.47338330267803186 0.00253222
x 1986 62.250008964111366 -63.0149630011927 3.9863384262620007
u 1987 0.49923537913341165 0.00280693
x 1987 61.91908029404557 -63.38875708282838 3.989145356262001
u 1988 0.45712327832179933 0.00255176
x 1988 61.616984626579466 -63.73183110675673 3.9916971162620007
u 1989 0.5284134606381578 0.00291356
x 1989 61.268860988950685 -64.12936163487531 3.994610676262001
u 1990 0.47583228845363973 0.00251097
x 1990 60.95635035176582 -64.48818380450668 3.9971216462620007
u 1991 0.5496454701148439 0.00294911
x 1991 60.596494638625686 -64.90365196162296 4.000070756262001
u 1992 0.5007123707999841 0.0028034
x 1992 60.269765626277525 -65.28307371451164 4.002874156262001
u 1993 0.5799846040518339 0.00328663
x 1993 59.89264929171294 -65.72371541515241 4.006160786262001
u 1994 0.5190904334217274 0.0029762
x 1994 59.55636401830131 -66.11914795561805 4.009136986262001
u 1995 0.5933786607199419 0.0033892
x 1995 59.17339282764661 -66.57239288398448 4.012526186262001
u 1996 0.5390915651267602 0.00333688
x 1996 58.82684573673243 -66.98533907866918 4.015863066262001
u 1997 0.6169269274554869 0.00387625
x 1997 58.431970315029126 -67.4593346046008 4.019739316262001
u 1998 0.6278499396498638 0.00397298
x 1998 58.03199970789024 -67.94329590638675 4.023712296262001
u 1999 0.5690697824209543 0.00384936
x 1999 57.67119328505516 -68.38336265431076 4.027561656262002
u 2000 0.6503272257960055 0.00434864
x 2000 57.260932263669424 -68.88795231775995 4.0319102962620015
u 2001 0.5837196353386062 0.00300904
x 2001 56.894359371290626 -69.34221289294135 4.034919336262002
u 2002 0.6611921427604589 0.0011238
x 2002 56.48019817733698 -69.85762099247145 4.036043136262002
u 2003 0.5936450126828616 0.000495918
x 2003 56.10872240040446 -70.32067621705443 4.036539054262002
u 2004 0.6732570018676091 -0.000521118
x 2004 55.687422481549326 -70.84582510896854 4.036017936262002
u 2005 0.6035090550171662 -0.000801117
x 2005 55.309457179947394 -71.31631994506463 4.035216819262002
u 2006 0.6723780074595126 -0.000379633
x 2006 54.8880512696372 -71.84025623722292 4.034837186262003
u 2007 0.6030310781913764 -0.00142984
x 2007 54.50968287445287 -72.30981323784776 4.033407346262003
u 2008 0.6742526600573073 -0.0037532
x 2008 54.08526795529 -72.83372934976181 4.029654146262002
u 2009 0.6795364189337082 -0.00783056
x 2009 53.65447692316126 -73.35926381270961 4.021823586262002
u 2010 0.6099614591844492 -0.0104766
x 2010 53.26349188315444 -73.82743074573193 4.011346986262002
u 2011 0.6924601868773803 -0.0187175
x 2011 52.81191913157281 -74.35237756339615 3.992629486262002
u 2012 0.6252971170952333 -0.0240256
x 2012 52.39411236555775 -74.81758201671842 3.9686038862620023
u 2013 0.7082194018168664 -0.0349355
x 2013 51.90558692043573 -75.33028719396717 3.9336683862620023
u 2014 0.6433599180074011 -0.0391593
x 2014 51.444860756769074 -75.77927549683328 3.894509086262002
u 2015 0.722965185749805 -0.0524582
x 2015 50.90459340313159 -76.25955666004184 3.8420508862620024
u 2016 0.642890544412935 -0.0514173
x 2016 50.402638996671136 -76.66112729812187 3.790633586262002
u 2017 0.7363341549100109 -0.0588448
x 2017 49.803275813840656 -77.08867300032895 3.731788786262002
u 2018 0.6563927102031527 -0.0511688
x 2018 49.248818093744156 -77.43986244861838 3.680619986262002
u 2019 0.7530593733318044 -0.0530827
x 2019 48.59258265775997 -77.80907826889407 3.627537286262002
u 2020 0.738271538029071 -0.0466123
x 2020 47.93197948564096 -78.13854698483927 3.580924986262002
u 2021 0.6597146186842004 -0.0364601
x 2021 47.32993159778327 -78.40820140755066 3.5444648862620016
u 2022 0.7311011646076349 -0.0340277
x 2022 46.65261679978713 -78.68334137981408 3.5104371862620014
u 2023 0.6498248528322697 -0.0280808
x 2023 46.0432865990481 -78.90908747311599 3.4823563862620013
u 2024 0.7195219720116708 -0.0285121
x 2024 45.36180132820901 -79.13985710370768 3.4538442862620014
u 2025 0.6362344205746809 -0.0232604
x 2025 44.754114029472895 -79.32825066563498 3.4305838862620015
u 2026 0.7107454809860256 -0.0225524
x 2026 44.07061567834564 -79.5231037701287 3.4080314862620016
u 2027 0.614351253127792 -0.0163757
x 2027 43.47664409340074 -79.68000113854443 3.3916557862620014
u 2028 0.6654268008341161 -0.0166537
x 2028 42.83057284676055 -79.83929501079412 3.3750020862620014
u 2029 0.5754344905498495 -0.0117811
x 2029 42.26997109949446 -79.96908986446827 3.3632209862620015
u 2030 0.6241640559841799 -0.0106067
x 2030 41.66035738325335 -80.10306088140706 3.3526142862620016
u 2031 0.6103296867388169 -0.00934427
x 2031 41.06297778243986 -80.22810978633076 3.3432700162620015
u 2032 0.525233626697882 -0.00710916
x 2032 40.5480199673669 -80.33149087470706 3.3361608562620013
u 2033 0.5792539495136743 -0.00675889
x 2033 39.97932166694331 -80.44156404937506 3.3294019662620014
u 2034 0.5113478975250535 -0.00396692
x 2034 39.47677746294543 -80.53603972052176 3.3254350462620015
u 2035 0.5632934320540403 -0.00245388
x 2035 38.92285056522855 -80.63833499588702 3.3229811662620015
u 2036 0.4851930473980211 -0.000745735
x 2036 38.44558492591393 -80.72568367568984 3.3222354312620013
u 2037 0.5411280555411999 0.00147434
x 2037 37.91333374300841 -80.82329616335525 3.3237097712620014
u 2038 0.46927421789668583 0.00231748
x 2038 37.45191906135616 -80.90882209262531 3.3260272512620013
u 2039 0.518952666961356 0.00409299
x 2039 36.94196397246287 -81.00503696614432 3.3301202412620015
u 2040 0.4495823749440942 0.0062562
x 2040 36.5006140815872 -81.09067531282675 3.3363764412620016
u 2041 0.501579333981886 0.011084
x 2041 36.00906794674734 -81.19048337831886 3.3474604412620015
u 2042 0.4846600003229171 0.0121837
x 2042 35.53525731035906 -81.29244362090309 3.3596441412620015
u 2043 0.43056090374344597 0.0123776
x 2043 35.11547890083489 -81.38818500143329 3.3720217412620017
u 2044 0.48016328077166626 0.0147036
x 2044 34.648830143592136 -81.50128477955079 3.3867253412620015
u 2045 0.4144883151061323 0.0126436
x 2045 34.247379517166024 -81.60441416059746 3.3993689412620016
u 2046 0.46499620937050923 0.0155114
x 2046 33.798684513414045 -81.72643847402533 3.4148803412620015
u 2047 0.40678741436484983 0.016788
x 2047 33.40793344999626 -81.83951243443398 3.4316683412620015
u 2048 0.44899605418194444 0.0197689
x 2048 32.97899283190554 -81.97218058205512 3.4514372412620014
u 2049 0.3997961133516513 0.0186225
x 2049 32.59939165762914 -82.09762085285497 3.4700597412620016
u 2050 0.44710367980335936 0.021174
x 2050 32.17774960415563 -82.24632260373899 3.4912337412620014
u 2051 0.3963609543747295 0.0192939
x 2051 31.806703085471515 -82.38568405354002 3.5105276412620015
u 2052 0.43852018824300903 0.0215605
x 2052 31.399426481475466 -82.54822104670569 3.5320881412620015
u 2053 0.4347181805165642 0.0210997
x 2053 30.999209127157574 -82.7179235946129 3.5531878412620017
u 2054 0.38957612842168293 0.0188015
x 2054 30.643655094714568 -82.87712918204451 3.5719893412620016
u 2055 0.4484617799684126 0.0216636
x 2055 30.23815145183167 -83.0686413180616 3.5936529412620017
u 2056 0.3981559612183994 0.0190592
x 2056 29.881669684247246 -83.24596621781042 3.612712141262002
u 2057 0.45179553251427007 0.0215079
x 2057 29.481328615172178 -83.45534234613423 3.634220041262002
u 2058 0.4068648112646563 0.0194882
x 2058 29.124740383945582 -83.65124683534435 3.653708241262002
u 2059 0.47045091242811043 0.022047
x 2059 28.717218108933007 -83.88628021935371 3.675755241262002
u 2060 0.4405204385082667 0.020298
x 2060 28.340366403280616 -84.11439068814616 3.696053241262002
u 2061 0.5096158730562942 0.022318
x 2061 27.91012871659949 -84.38750804625019 3.718371241262002
u 2062 0.46790404159322074 0.0186917
x 2062 27.52032791128654 -84.64631907794761 3.737062941262002
u 2063 0.5473914286679062 0.0207602
x 2063 27.070370311928123 -84.95803172364796 3.757823141262002
u 2064 0.5045284167680406 0.0188645
x 2064 26.661418165955908 -85.25349664013358 3.7766876412620016
u 2065 0.5818533748155763 0.0180848
x 2065 26.196164033232797 -85.60290000960451 3.7947724412620016
u 2066 0.5972968815464886 0.0130934
x 2066 25.724207362157582 -85.96898110510831 3.8078658412620014
u 2067 0.5411326591179284 0.00991959
x 2067 25.300472245732646 -86.3055382395762 3.8177854312620014
u 2068 0.6161455873544499 0.00479565
x 2068 24.820829141817256 -86.69229029206453 3.8225810812620016
u 2069 0.5599141151714272 -0.00235776
x 2069 24.38538825720419 -87.04427737583919 3.8202233212620014
u 2070 0.6361306885855064 -0.00719239
x 2070 23.888771380970795 -87.44180999935072 3.813030931262001
u 2071 0.5733539841951938 -0.00868067
x 2071 23.438334151701074 -87.79654797221875 3.8043502612620013
u 2072 0.6570664437866363 -0.0107892
x 2072 22.91819875953831 -88.19803433225874 3.793561061262001
u 2073 0.6034258676921201 -0.00999138
x 2073 22.436719889739514 -88.56176204170615 3.783569681262001
u 2074 0.69883628483259 -0.0116325
x 2074 21.874591306420196 -88.97694646076604 3.771937181262001
u 2075 0.6387741906999906 -0.0108488
x 2075 21.356541686371028 -89.35064828828222 3.7610883812620006
u 2076 0.731258207426108 -0.0124466
x 2076 20.758545278857437 -89.77151876620314 3.7486417812620005
u 2077 0.7494327688812389 -0.0125417
x 2077 20.140345299873314 -90.19515882459793 3.7361000812620007
u 2078 0.6799910857811947 -0.0111224
x 2078 19.574917609852566 -90.57288178838374 3.7249776812620006
u 2079 0.7738615158783241 -0.0121948
x 2079 18.926467453637734 -90.9952165124466 3.7127828812620005
u 2080 0.6906210282833258 -0.0101152
x 2080 18.343598475968182 -91.36564476844647 3.7026676812620005
u 2081 0.7737824296221444 -0.0103539
x 2081 17.686329831126336 -91.77397285714432 3.6923137812620004
u 2082 0.6817421577374649 -0.00882028
x 2082 17.103819234911995 -92.12816314748446 3.6834935012620003
u 2083 0.7646677528248672 -0.00936935
x 2083 16.446867567847754 -92.51947760151232 3.674124151262
u 2084 0.670534064133789 -0.00799543
x 2084 15.867831186249846 -92.8576053950196 3.6661287212620004
u 2085 0.7547561886297484 -0.0081363
x 2085 15.213016647714854 -93.23293416000747 3.6579924212620005
u 2086 0.7474041388770395 -0.00742888
x 2086 14.56170742281811 -93.59954931423148 3.6505635412620006
u 2087 0.6618893809668067 -0.00574352
x 2087 13.98279184761899 -93.92041237707733 3.6448200212620008
u 2088 0.7366844420012953 -0.00401466
x 2088 13.336722242042434 -94.27438596778474 3.6408053612620006
u 2089 0.6507782412961338 -0.00154781
x 2089 12.765124265962857 -94.58549364775249 3.6392575512620007
u 2090 0.7291930174973058 0.00105168
x 2090 12.12456575998663 -94.93392901934963 3.640309231262001
u 2091 0.6391983914936643 0.00268249
x 2091 11.563634286785492 -95.24040939565533 3.642991721262001
u 2092 0.7018467679627994 0.00335452
x 2092 10.948744136057039 -95.57878570440033 3.646346241262001
u 2093 0.6139065827735187 0.00314633
x 2093 10.411863521565214 -95.87651072391937 3.6494925712620008
u 2094 0.6868878979872015 0.00378768
x 2094 9.812317094565792 -96.21170992170852 3.6532802512620006
u 2095 0.5950047383034264 0.00358226
x 2095 9.294043852638694 -96.50398223772902 3.6568625112620006
u 2096 0.6682295189607715 0.00519367
x 2096 8.713435110344077 -96.83477397681605 3.6620561812620007
u 2097 0.6592261775244306 0.00567665
x 2097 8.142431415930155 -97.16421709345016 3.6677328312620006
u 2098 0.5761752267339177 0.00476366
x 2098 7.644873866655079 -97.4547575368981 3.6724964912620006
u 2099 0.649671229913833 0.00608172
x 2099 7.085633714565653 -97.78539609835995 3.6785782112620007
u 2100 0.5686208079973564 0.00585474
x 2100 6.597897954142216 -98.07770163662816 3.684432951262001
u 2101 0.6362622421720592 0.00725717
x 2101 6.0542990371918215 -98.40834960888876 3.691690121262001
u 2102 0.5634874520335619 0.00688728
x 2102 5.574959077838752 -98.70457596972778 3.6985774012620007
u 2103 0.6247527810830368 0.00898517
x 2103 5.046126715034214 -99.0372165318527 3.7075625712620006
u 2104 0.5545309952291219 0.0087304
x 2104 4.579368319470299 -99.33661471434797 3.7162929712620008
u 2105 0.6186661020170877 0.010061
x 2105 4.061788169486808 -99.67551780601734 3.7263539712620006
u 2106 0.5460163555356453 0.00920608
x 2106 3.607889565922689 -99.97901049552252 3.7355600512620004
u 2107 0.6140065924876364 0.0104196
x 2107 3.1008452618375495 -100.32528604828607 3.7459796512620005
u 2108 0.544779659330079 0.00952621
x 2108 2.6540543030981194 -100.63699179416251 3.7555058612620007
u 2109 0.601330670980868 0.0106117
x 2109 2.164373814745555 -100.98600211199778 3.766117561262001
u 2110 0.5999697724548213 0.0107676
x 2110 1.6795518095811424 -101.33942519174137 3.7768851612620007
u 2111 0.5335277692150375 0.00964631
x 2111 1.2516499635626994 -101.6580938024258 3.7865314712620006
u 2112 0.5997615341926693 0.0104938
x 2112 0.7742591313489866 -102.02114833036597 3.7970252712620005
u 2113 0.5338534878803359 0.00942569
x 2113 0.35256820070657713 -102.3485230323655 3.8064509612620006
u 2114 0.6083569100981564 0.0107722
x 2114 -0.12418047407875865 -102.72641885439916 3.8172231612620005
u 2115 0.5439008652394942 0.00966799
x 2115 -0.546942396076887 -103.06861500322081 3.8268911512620005
u 2116 0.6168262245193086 0.0108854
x 2116 -1.0223736672068293 -103.46159838807381 3.8377765512620003
u 2117 0.5559061864116247 0.00989094
x 2117 -1.4471477138343765 -103.82020148065929 3.8476674912620004
u 2118 0.628982937391637 0.0113085
x 2118 -1.9234322309836847 -104.2310157674295 3.8589759912620005
u 2119 0.5628313321351299 0.00991842
x 2119 -2.345699788154458 -104.60312680149373 3.8688944112620005
u 2120 0.6358878496107508 0.0113088
x 2120 -2.818288978163578 -105.02857774511321 3.8802032112620006
u 2121 0.6419374443971698 0.0114827
x 2121 -3.290448794341053 -105.46348493368852 3.891685911262001
u 2122 0.5693215076069874 0.0100235
x 2122 -3.70502674072668 -105.85367641442024 3.9017094112620008
u 2123 0.6492783602848738 0.0114086
x 2123 -4.173032810983566 -106.30370767438467 3.913118011262001
u 2124 0.5807426311346575 0.0101258
x 2124 -4.5872798729025215 -106.71071933717148 3.923243811262001
u 2125 0.6517324198001884 0.0113933
x 2125 -5.0472224408268325 -107.17245885958317 3.934637111262001
u 2126 0.5813782670242141 0.00966505
x 2126 -5.45315550216457 -107.5886516129387 3.944302161262001
u 2127 0.6562516298338162 0.0108499
x 2127 -5.906523680456427 -108.06311896876119 3.9551520612620013
u 2128 0.5850494227802311 0.00995325
x 2128 -6.30628094739186 -108.49028887510694 3.9651053112620014
u 2129 0.66182425428298 0.012993
x 2129 -6.7529224798538 -108.97867040941549 3.978098311262001
u 2130 0.5887332288500475 0.0141549
x 2130 -7.144303417268608 -109.41846807812942 3.992253211262001
u 2131 0.6652159448805779 0.0226582
x 2131 -7.577302059081761 -109.92344876875661 4.014911411262001
u 2132 0.657830800255424 0.031126
x 2132 -7.991903305240784 -110.43414655798082 4.0460374112620014
u 2133 0.5803949774358534 0.0330592
x 2133 -8.343052200939823 -110.89623107874178 4.079096611262002
u 2134 0.6449207099789943 0.0394662
x 2134 -8.714361305172282 -111.4234865082709 4.118562811262001
u 2135 0.5729466610903745 0.037544
x 2135 -9.025957376205206 -111.90425381951898 4.156106811262001
u 2136 0.6423359199657529 0.0458174
x 2136 -9.35251880026671 -112.45731882254762 4.201924211262001
u 2137 0.5672629007483568 0.0443573
x 2137 -9.618607376766702 -112.95824926673161 4.2462815112620005
u 2138 0.6386196492559244 0.0578397
x 2138 -9.888956954742016 -113.53672353246526 4.304121211262
u 2139 0.5627013183003928 0.0559107
x 2139 -10.097810433966316 -114.05915106181402 4.360031911262
u 2140 0.6371572219739882 0.0643797
x 2140 -10.298305294021983 -114.66382530138894 4.424411611262
u 2141 0.5693894213590642 0.056929
x 2141 -10.444396448781273 -115.21407446071325 4.4813406112620005
u 2142 0.649775048361354 0.0634617
x 2142 -10.573030585039561 -115.85087834890486 4.544802311262001
u 2143 0.6571115719160712 0.0601248
x 2143 -10.663101218315681 -116.50168771923833 4.6049271112620005
u 2144 0.5917872922496393 0.0467894
x 2144 -10.712787989285594 -117.09133128694913 4.651716511262
u 2145 0.6691651303159482 0.046082
x 2145 -10.737961485716347 -117.75996349651794 4.697798511262
u 2146 0.5991564444659592 0.0434975
x 2146 -10.733672930331064 -118.35905735838223 4.741296011262
u 2147 0.6775483900440173 0.0519444
x 2147 -10.696512435482939 -119.0355096513541 4.793240411262
u 2148 0.6063601572879356 0.048449
x 2148 -10.632921976254476 -119.63846651503873 4.841689411262
u 2149 0.6705083849820598 0.0550216
x 2149 -10.528222317556853 -120.30066442065949 4.896711011262
u 2150 0.5955174673055443 0.0491076
x 2150 -10.40474804689805 -120.8831795658178 4.945818611262
u 2151 0.669552260724471 0.0550609
x 2151 -10.23201986375081 -121.52998089282207 5.000879511262
u 2152 0.5977424015384888 0.0487906
x 2152 -10.048049632678609 -122.09864604828373 5.049670111262
u 2153 0.6786849867860936 0.0547487
x 2153 -9.806042164184877 -122.73262605875348 5.104418811262001
u 2154 0.6887022988478331 0.0536512
x 2154 -9.525970138194802 -123.36171806650884 5.158070011262001
u 2155 0.6134889275817128 0.0448421
x 2155 -9.249191207071501 -123.90916580328305 5.202912111262001
u 2156 0.7039593578385118 0.047099
x 2156 -8.903066987662136 -124.52208113200155 5.250011111262001
u 2157 0.6371198517300807 0.0382833
x 2157 -8.566406965849604 -125.06294355504335 5.288294411262001
u 2158 0.7184630573093094 0.0349996
x 2158 -8.164672027846171 -125.65854872069508 5.323294011262001
u 2159 0.654782761194954 0.0258077
x 2159 -7.782203795638347 -126.1899945973438 5.3491017112620005
u 2160 0.7499151948573652 0.0237991
x 2160 -7.329204903724856 -126.7876050557874 5.372900811262
u 2161 0.6668093943882989 0.0169608
x 2161 -6.915657501125054 -127.31067546728995 5.389861611262
u 2162 0.7601094213503551 0.018385
x 2162 -6.4337840702026625 -127.8985088238055 5.408246611262
u 2163 0.6748957432724388 0.0152699
x 2163 -5.997208361386691 -128.4131709113881 5.423516511262
u 2164 0.7529750743376625 0.0148325
x 2164 -5.501537561377127 -128.97997910297207 5.438349011262
u 2165 0.7524964712561143 0.0135524
x 2165 -4.998191929601116 -129.5393407457858 5.451901411262
u 2166 0.6715473825763747 0.00956098
x 2166 -4.543252628445486 -130.03330702390906 5.461462391262
u 2167 0.7506353627019979 0.00785427
x 2167 -4.029946101345587 -130.58099941967689 5.469316661262
u 2168 0.6681547430763626 0.00509526
x 2168 -3.5698946395079587 -131.0655429650023 5.474411921262
u 2169 0.746687598680142 0.00395553
x 2169 -3.0533247129601238 -131.60470634845575 5.478367451262
u 2170 0.6504530085836882 -0.00132599
x 2170 -2.6027139648486517 -132.07378950533788 5.477041461262
u 2171 0.7229003271709068 -0.0065782
x 2171 -2.103979399078214 -132.59709327129033 5.470463261262
u 2172 0.6295609524059104 -0.00999538
x 2172 -1.6734328683529085 -133.05641165525208 5.460467881262
u 2173 0.6928689866476587 -0.0175324
x 2173 -1.2065974405971682 -133.56838804049556 5.442935481261999
u 2174 0.6061107906216816 -0.0194275
x 2174 -0.806564239527599 -134.02372546927785 5.4235079812619995
u 2175 0.6689100947767024 -0.022445
x 2175 -0.3757025231069328 -134.53536998678914 5.401062981261999
u 2176 0.660856552178701 -0.0194189
x 2176 0.039300643357816245 -135.04965592914093 5.3816440812619994
u 2177 0.582677658094527 -0.0119841
x 2177 0.39804810107563543 -135.50879583317163 5.369659981261999
u 2178 0.6490009934221661 -0.00712896
x 2178 0.7927261495068665 -136.02399457510347 5.362531021261999
u 2179 0.5673455987506507 -0.00555687
x 2179 1.1348836215031801 -136.47655226701096 5.356974151261999
u 2180 0.6418327763850984 -0.00423247
x 2180 1.5194528093168869 -136.99041532042298 5.352741681261999
u 2181 0.571893000000113 0.000425678
x 2181 1.861244065117714 -137.44893504297437 5.353167359261999
u 2182 0.6493000332710446 0.00040047
x 2182 2.2495125596044327 -137.96935612609823 5.353567829261999
u 2183 0.5852990527748159 -0.00140128
x 2183 2.5992749199185523 -138.43865476921383 5.352166549261999
u 2184 0.654182873165406 -0.00420544
x 2184 2.98872856060437 -138.96427864859427 5.347961109261999
u 2185 0.5804445639478459 -0.00584198
x 2185 3.3319361658260784 -139.43238491145166 5.342119129262
u 2186 0.6489813614053692 -0.0123426
x 2186 3.710892113322798 -139.9592281998249 5.329776529261999
u 2187 0.6415369137523184 -0.022775
x 2187 4.076293591718281 -140.48651709737817 5.307001529261999
u 2188 0.556621317878754 -0.0293765
x 2188 4.3812891837228065 -140.95211638841968 5.2776250292619995
u 2189 0.614753678713068 -0.0398118
x 2189 4.700141093225753 -141.4776690797591 5.237813229262
u 2190 0.5442162792911617 -0.0404863
x 2190 4.963505240529178 -141.9538730604567 5.197326929261999
u 2191 0.6160243912378875 -0.0517299
x 2191 5.236445854845607 -142.50605496378847 5.1455970292619995
u 2192 0.550315563699992 -0.0512496
x 2192 5.4545625118241405 -143.01123420244963 5.094347429261999
u 2193 0.6273505892070955 -0.0666175
x 2193 5.668844075016696 -143.60073114366452 5.027729929262
u 2194 0.5581108109921272 -0.0688308
x 2194 5.823546982618612 -144.1368577422946 4.958899129262
u 2195 0.6213058254796023 -0.0809866
x 2195 5.950608194341492 -144.7448589234244 4.877912529262
u 2196 0.5499355424322382 -0.072435
x 2196 6.021504689965279 -145.29008417783098 4.805477529262
u 2197 0.5964367390074912 -0.0812705
x 2197 6.052766815329872 -145.88553669981837 4.724207029262001
u 2198 0.5583130543600426 -0.0776063
x 2198 6.037706289612827 -146.4435064402752 4.646600729262
u 2199 0.46921354429245754 -0.0651394
x 2199 5.991637929363593 -146.9103696101252 4.581461329262001
u 2200 0.48028916819974193 -0.0667798
x 2200 5.913087251125783 -147.38410135107637 4.514681529262001
u 2201 0.3874730672335853 -0.0552868
x 2201 5.826518057658588 -147.76172936130408 4.459394729262001
u 2202 0.3933565806878742 -0.0572724
x 2202 5.71721045853077 -148.13953745891055 4.402122329262001
u 2203 0.31949280478424563 -0.0467781
x 2203 5.612586327172986 -148.44138316682862 4.355344229262001
u 2204 0.3298975843068283 -0.0486578
x 2204 5.489811950802443 -148.74754880478446 4.306686429262001
u 2205 0.3040394740979671 -0.0469986
x 2205 5.36329903372468 -149.02398590291912 4.259687829262001
u 2206 0.32797785170524 -0.0544167
x 2206 5.211890702575877 -149.31487840322131 4.205271129262001
u 2207 0.2936806781880592 -0.0502426
x 2207 5.062873997491643 -149.56790848182993 4.155028529262001
u 2208 0.33984193622550013 -0.0595592
x 2208 4.874635404330403 -149.85079474370454 4.095469329262001
u 2209 0.341373049739144 -0.0620806
x 2209 4.668628996636766 -150.12293348872157 4.033388729262001
u 2210 0.3113631973442335 -0.056811
x 2210 4.466312411225472 -150.35955336975766 3.9765777292620013
u 2211 0.3676036388139949 -0.0671313
x 2211 4.210623072455345 -150.62356976284082 3.909446429262001
u 2212 0.3385780151373507 -0.0618656
x 2212 3.9599320844402874 -150.85106161571565 3.847580829262001
u 2213 0.4006042467485835 -0.0729986
x 2213 3.645872427704364 -151.09961551681295 3.774582229262001
u 2214 0.37768241813571357 -0.06814
x 2214 3.333987798030934 -151.31249295392328 3.706442229262001
u 2215 0.44904094286307566 -0.0799553
x 2215 2.9454965987337904 -151.53744841467827 3.626486929262001
u 2216 0.4191279600239168 -0.0732772
x 2216 2.567861116823586 -151.71905540468632 3.553209729262001
u 2217 0.49457277645503295 -0.0842505
x 2217 2.106802956977096 -151.89761338817416 3.468959229262001
u 2218 0.4591159665560435 -0.0751486
x 2218 1.6669341524647532 -152.02877636192312 3.393810629262001
u 2219 0.5357843828383205 -0.0793449
x 2219 1.143343840456167 -152.14176980214347 3.314465729262001
u 2220 0.5672957969745589 -0.0690654
x 2220 0.5815795287226703 -152.21998408235163 3.245400329262001
u 2221 0.5303581019557352 -0.0502585
x 2221 0.05291776052528385 -152.2616643979788 3.195141829262001
u 2222 0.6166686687356591 -0.0489432
x 2222 -0.5634287064738119 -152.27959131173225 3.146198629262001
u 2223 0.5509037813545029 -0.0427115
x 2223 -1.1142133421388132 -152.2703649305299 3.103487129262001
u 2224 0.624270262912827 -0.0532033
x 2224 -1.7371036748935533 -152.23000310955496 3.050283829262001
u 2225 0.5456483014554796 -0.0541379
x 2225 -2.278867106350254 -152.16556910112976 2.996145929262001
u 2226 0.5983763853482521 -0.067108
x 2226 -2.86757221234513 -152.0590503582668 2.929037929262001
u 2227 0.5238386110779158 -0.062046
x 2227 -3.375866260249028 -151.93273317629897 2.8669919292620007
u 2228 0.5780816420348341 -0.0704412
x 2228 -3.926310494584209 -151.75651918458522 2.796550729262001
u 2229 0.5066042456017912 -0.0633078
x 2229 -4.3973155950339535 -151.5701959420842 2.733242929262001
u 2230 0.5624983090259027 -0.0695402
x 2230 -4.90538453379808 -151.329067729397 2.663702729262001
u 2231 0.5453784216142402 -0.067421
x 2231 -5.380843783599281 -151.06211553806543 2.596281729262001
u 2232 0.4759447606398877 -0.0588972
x 2232 -5.780257459388374 -150.80341367015086 2.5373845292620008
u 2233 0.5262002022198015 -0.0654152
x 2233 -6.203212195268522 -150.4905283529727 2.471969329262001
u 2234 0.4603815141297053 -0.0573199
x 2234 -6.555791764708451 -150.1945878852892 2.414649429262001
u 2235 0.4990361653423126 -0.0622402
x 2235 -6.918117802286387 -149.8515477229372 2.3524092292620007
u 2236 0.43478544940787744 -0.0540255
x 2236 -7.215908492945632 -149.5348252634808 2.298383729262001
u 2237 0.4780250535521752 -0.0594019
x 2237 -7.523042097363141 -149.16861532878167 2.2389818292620007
u 2238 0.41986697323575284 -0.0509536
x 2238 -7.7746688155357715 -148.83255858918358 2.1880282292620006
u 2239 0.474316259935088 -0.0539164
x 2239 -8.038635783732166 -148.43854988443914 2.1341118292620007
u 2240 0.4290337165825792 -0.0466875
x 2240 -8.259187032147015 -148.07059113117984 2.0874243292620007
u 2241 0.48568205940203313 -0.0525895
x 2241 -8.487878024306017 -147.64218345997674 2.034834829262001
u 2242 0.4951520484641561 -0.052458
x 2242 -8.697776928594612 -147.19378432690408 1.982376829262001
u 2243 0.45013029417186134 -0.0461802
x 2243 -8.868267416337886 -146.7772338867069 1.936196629262001
u 2244 0.5138899065102953 -0.0498687
x 2244 -9.039851008468704 -146.29289187657875 1.886327929262001
u 2245 0.46397710579574464 -0.0435387
x 2245 -9.17418744987645 -145.84882603596978 1.842789229262001
u 2246 0.5332255889625047 -0.0452007
x 2246 -9.305784506910674 -145.3321410864583 1.7975885292620009
u 2247 0.47973271972446085 -0.0332088
x 2247 -9.405873056218544 -144.8629880039839 1.764379729262001
u 2248 0.5406579160635651 -0.0360929
x 2248 -9.500286734195413 -144.3306673221947 1.7282868292620008
u 2249 0.48034965080846775 -0.0375821
x 2249 -9.566693650512448 -143.8549586383348 1.6907047292620008
u 2250 0.5349035347742619 -0.0533559
x 2250 -9.616484830510695 -143.32244126070128 1.6373488292620009
u 2251 0.46733789310892604 -0.0566041
x 2251 -9.634353971898541 -142.8555075482181 1.580744729262001
u 2252 0.5189624332290441 -0.0671461
x 2252 -9.622097110616226 -142.33678738963354 1.513598629262001
u 2253 0.5210587113792553 -0.0676307
x 2253 -9.574748437745981 -141.81798413783437 1.445967929262001
u 2254 0.4654049399024896 -0.0604334
x 2254 -9.502889376298246 -141.3582319015935 1.385534529262001
u 2255 0.5285498740595914 -0.0675049
x 2255 -9.388074456865969 -140.8424059300006 1.3180296292620008
u 2256 0.4770626629255427 -0.0593708
x 2256 -9.255131173519084 -140.3843142105056 1.258658829262001
u 2257 0.5517261939680225 -0.064269
x 2257 -9.068949294465256 -139.8650519090596 1.194389829262001
u 2258 0.5016901200272933 -0.0509946
x 2258 -8.872723856720837 -139.40338751153462 1.1433952292620009
u 2259 0.5774772994436145 -0.0473107
x 2259 -8.621015411732348 -138.88371387134572 1.096084529262001
u 2260 0.5325646193677773 -0.033121
x 2260 -8.369790549525538 -138.4141553390139 1.062963529262001
u 2261 0.6138505687304819 -0.0280468
x 2261 -8.06380213223687 -137.88202855987106 1.034916729262001
u 2262 0.5573844868639034 -0.0173577
x 2262 -7.775058043113624 -137.4052723150842 1.017559029262001
u 2263 0.6383825326087932 -0.0126603
x 2263 -7.436194303506067 -136.8642564367893 1.0048987292620009
u 2264 0.6495862828686161 -0.00441257
x 2264 -7.086694602520301 -136.31670587908596 1.000486159262001
u 2265 0.585157000547423 0.000358628
x 2265 -6.770860671639345 -135.82410295611015 1.000844787262001
u 2266 0.6656540654766633 0.0011545
x 2266 -6.412003152172893 -135.26346352974755 1.001999287262001
u 2267 0.604899219212044 0.00232623
x 2267 -6.086786093140481 -134.75342748698654 1.004325517262001
u 2268 0.6860950816338494 0.00404222
x 2268 -5.719759122186985 -134.1737577338679 1.008367737262001
u 2269 0.6083257674147795 0.00359022
x 2269 -5.396298609416921 -133.6585556973007 1.011957957262001
u 2270 0.6845520499436858 0.00395955
x 2270 -5.03449802073638 -133.07742642521876 1.015917507262001
u 2271 0.6093797557475922 0.00367932
x 2271 -4.714405781428419 -132.5588859483694 1.019596827262001
u 2272 0.6901762073951553 0.00422147
x 2272 -4.354196073065572 -131.97016576368557 1.0238182972620011
u 2273 0.6167867900815264 0.00369267
x 2273 -4.034373367778541 -131.44277696088687 1.027510967262001
u 2274 0.6981592725729997 0.00434325
x 2274 -3.6747581397847275 -130.844360307168 1.031854217262001
u 2275 0.7045843664021111 0.00436195
x 2275 -3.314465477630633 -130.2388625451182 1.0362161672620012
u 2276 0.6264447147140709 0.00342238
x 2276 -2.9962275679886345 -129.69927267269375 1.0396385472620011
u 2277 0.6980879676017128 0.00360047
x 2277 -2.6437080492018703 -129.0967311613151 1.0432390172620012
u 2278 0.6005942418757011 0.00185279
x 2278 -2.3418352482712823 -128.57751429694764 1.0450918072620012
u 2279 0.6623652151648128 0.00201943
x 2279 -2.010024186407323 -128.00425262163063 1.0471112372620013
u 2280 0.5697072416656778 0.00209204
x 2280 -1.7256442492259247 -127.5105986191558 1.0492032772620012
u 2281 0.6215252930978549 0.00214058
x 2281 -1.4165388155126477 -126.97138866625538 1.0513438572620013
u 2282 0.5371091968057906 0.00202627
x 2282 -1.1503877415150092 -126.50485914264684 1.0533701272620013
u 2283 0.5843324806501615 0.00316678
x 2283 -0.8621552514614301 -125.99656179436286 1.0565369072620012
u 2284 0.507669722398526 0.00417073
x 2284 -0.6133599612680337 -125.55403600187249 1.0607076372620012
u 2285 0.5618862475655972 0.00672635
x 2285 -0.34066761407942836 -125.06275823050434 1.0674339872620013
u 2286 0.5542652024324994 0.00773021
x 2286 -0.07518396735934729 -124.57621242778062 1.0751641972620014
u 2287 0.49402532553462164 0.00698352
x 2287 0.15824910852233187 -124.14081717119177 1.0821477172620013
u 2288 0.5568333899372415 0.00786605
x 2288 0.4177087025491691 -123.6481280760599 1.0900137672620014
u 2289 0.5046325587802873 0.00731334
x 2289 0.6494495617759111 -123.19985465666605 1.0973271072620014
u 2290 0.5798179237952826 0.00826002
x 2290 0.9116987508131271 -122.68273544782508 1.1055871272620015
u 2291 0.5216617836073377 0.00765778
x 2291 1.1439339306947323 -122.21562035723753 1.1132449072620014
u 2292 0.59181182051208 0.00911773
x 2292 1.4029443411614713 -121.68349968315063 1.1223626372620015
u 2293 0.538866704346005 0.00823433
x 2293 1.6345706184713373 -121.19695579820014 1.1305969672620015
u 2294 0.6124360688232398 0.00640402
x 2294 1.8937659173631212 -120.64207342007398 1.1370009872620015
u 2295 0.5452434068251131 0.00234762
x 2295 2.122360388780176 -120.14706351735956 1.1393486072620016
u 2296 0.6401411448535342 0.00132733
x 2296 2.389672654779064 -119.565406593032 1.1406759372620017
u 2297 0.6433710001962951 -0.000262139
x 2297 2.6580222844378008 -118.98067185164471 1.1404137982620017
u 2298 0.5789420214303074 -0.000681439
x 2298 2.8997468425764876 -118.454608082506 1.1397323592620017
u 2299 0.6495101638914247 -0.00191827
x 2299 3.171702473482694 -117.86477466665568 1.1378140892620017
u 2300 0.5899143511621573 -0.00246679
x 2300 3.419878760127563 -117.32960432369163 1.1353472992620017
u 2301 0.6768265123366989 -0.00296264
x 2301 3.706284690595971 -116.71636258038984 1.1323846592620017
u 2302 0.5960406648701851 -0.00348929
x 2302 3.960246095081732 -116.17713376183414 1.1288953692620016
u 2303 0.6812959056349448 -0.00356969
x 2303 4.25270671907962 -115.56180425534642 1.1253256792620017
u 2304 0.6068267033256346 -0.0035737
x 2304 4.515155744366861 -115.0146673756839 1.1217519792620017
u 2305 0.6907142153490349 -0.0041554
x 2305 4.8162900753100475 -114.39305370505564 1.1175965792620017
u 2306 0.6213878876008756 -0.00388009
x 2306 5.089444487940481 -113.83492371187187 1.1137164892620017
u 2307 0.7043143670244338 -0.00442924
x 2307 5.401677915156136 -113.20360112907726 1.1092872492620018
u 2308 0.6963983362897004 -0.00446273
x 2308 5.713174283125062 -112.58075295284021 1.1048245192620019
u 2309 0.6180321299955088 -0.00440247
x 2309 5.992065180768214 -112.0292251076754 1.1004220492620018
u 2310 0.6940133240971433 -0.00630242
x 2310 6.308553247149094 -111.41157779442243 1.094119629262002
u 2311 0.6195702263095698 -0.00756802
x 2311 6.594910346118217 -110.86215532942974 1.086551609262002
u 2312 0.6974130811239204 -0.00961414
x 2312 6.922546104551008 -110.24649627680276 1.076937469262002
u 2313 0.6233059919335511 -0.00914035
x 2313 7.220514186719075 -109.69902693818818 1.067797119262002
u 2314 0.7130255512694765 -0.0104834
x 2314 7.567500246241044 -109.07612931011423 1.057313719262002
u 2315 0.6318195693044538 -0.00961856
x 2315 7.880500609981206 -108.52729084319243 1.0476951592620019
u 2316 0.7213172467996478 -0.0106045
x 2316 8.244154714262576 -107.90435474123493 1.037090659262002
u 2317 0.6406290753884066 -0.00905839
x 2317 8.572553648243996 -107.35430297448866 1.0280322692620019
u 2318 0.7201943783689235 -0.0101358
x 2318 8.947656420819118 -106.73950755149713 1.0178964692620018
u 2319 0.7103730395800857 -0.0100811
x 2319 9.323754781641897 -106.13686702462506 1.0078153692620018
u 2320 0.6157479975743912 -0.00935224
x 2320 9.654815449413572 -105.61769300052407 0.9984631292620018
u 2321 0.6810790992265509 -0.0109886
x 2321 10.026822678500123 -105.04718910634271 0.9874745292620017
u 2322 0.5923891777329904 -0.00958944
x 2322 10.355475958169945 -104.55433084021733 0.9778850892620018
u 2323 0.654911741417251 -0.0110288
x 2323 10.724413638420037 -104.01323008283191 0.9668562892620018
u 2324 0.572662690820696 -0.0102388
x 2324 11.052030400570274 -103.54354194194266 0.9566174892620019
u 2325 0.630635503620358 -0.0118243
x 2325 11.418496365572546 -103.03031762328807 0.9447931892620018
u 2326 0.5545836066129796 -0.0113149
x 2326 11.745968333037302 -102.58274438246616 0.9334782892620018
u 2327 0.6200513328186086 -0.0147172
x 2327 12.118578623308279 -102.08714546446456 0.9187610892620018
u 2328 0.5476473142895001 -0.0158966
x 2328 12.454339762979727 -101.65450736838821 0.9028644892620018
u 2329 0.6200982809953277 -0.0211361
x 2329 12.843522242024203 -101.17176047676512 0.8817283892620018
u 2330 0.6243621127598951 -0.0226612
x 2330 13.245929032905948 -100.69439254694385 0.8590671892620018
u 2331 0.5510500549705525 -0.0211457
x 2331 13.610228915112845 -100.28095519458547 0.8379214892620017
u 2332 0.620252530507472 -0.0248205
x 2332 14.030861814476342 -99.82514666511932 0.8131009892620017
u 2333 0.5502718235173785 -0.0221687
x 2333 14.41343522285319 -99.42964158772152 0.7909322892620017
u 2334 0.6099420154273291 -0.0247606
x 2334 14.847660849795764 -99.00132119330094 0.7661716892620016
u 2335 0.5398542135368773 -0.0216012
x 2335 15.240676356050367 -98.63122654142529 0.7445704892620016
u 2336 0.6002807698293132 -0.0238483
x 2336 15.686918726388791 -98.22974469669165 0.7207221892620016
u 2337 0.5289534717808403 -0.0210205
x 2337 16.087976406144303 -97.88487630072404 0.6997016892620016
u 2338 0.5937721613794309 -0.0233287
x 2338 16.546651339222013 -97.50782630932284 0.6763729892620016
u 2339 0.5241055597015382 -0.0202629
x 2339 16.9586699158764 -97.18391593312295 0.6561100892620017
u 2340 0.5909587569771214 -0.0224897
x 2340 17.430942841790614 -96.8287035791783 0.6336203892620016
u 2341 0.5993021629739793 -0.0225428
x 2341 17.91787235114509 -96.47935056884391 0.6110775892620016
u 2342 0.5375228869126166 -0.0201291
x 2342 18.361193955701193 -96.17539818235205 0.5909484892620016
u 2343 0.6137809296585497 -0.0229575
x 2343 18.874765790070764 -95.83931120732825 0.5679909892620016
u 2344 0.5572591269863688 -0.0207634
x 2344 19.34760426015557 -95.54443774391775 0.5472275892620017
u 2345 0.6381135653526385 -0.0233832
x 2345 19.89636638440128 -95.21881449496667 0.5238443892620016
u 2346 0.5742685368810003 -0.0210933
x 2346 20.39661959401886 -94.93682362384698 0.5027510892620016
u 2347 0.6564263224468017 -0.0239441
x 2347 20.975551432343238 -94.62744867815803 0.4788069892620016
u 2348 0.5901342968086247 -0.020981
x 2348 21.502135994083844 -94.36107598353077 0.4578259892620016
u 2349 0.6707780999627191 -0.0219349
x 2349 22.107037651114464 -94.07121531953577 0.4358910892620016
u 2350 0.6047344974834845 -0.0179964
x 2350 22.65749380477316 -93.82083168309221 0.4178946892620016
u 2351 0.6802863715495269 -0.0178651
x 2351 23.281671400014964 -93.55031445939571 0.40002958926200155
u 2352 0.6831599225291315 -0.0166811
x 2352 23.913085286542582 -93.28952112816008 0.38334848926200155
u 2353 0.607828338986561 -0.0145776
x 2353 24.478432945909294 -93.06629305838624 0.3687708892620015
u 2354 0.6841482800918556 -0.0179746
x 2354 25.11876866962226 -92.82542706187198 0.3507962892620015
u 2355 0.6163749783449426 -0.0208454
x 2355 25.69977170373965 -92.61966061343668 0.3299508892620015
u 2356 0.691008846650043 -0.0283964
x 2356 26.356597018028484 -92.4050874377017 0.3015544892620015
u 2357 0.6120965634620812 -0.0284084
x 2357 26.943576782909155 -92.23161766481248 0.2731460892620015
u 2358 0.6971511320350058 -0.0339281
x 2358 27.61794366247908 -92.05497567563923 0.2392179892620015
u 2359 0.6183649138816206 -0.030538
x 2359 28.22084337469944 -91.91765346804542 0.2086799892620015
u 2360 0.7020490392406786 -0.0339704
x 2360 28.909999667722285 -91.78390347118832 0.17470958926200147
u 2361 0.627473615434785 -0.0276431
x 2361 29.52935000068607 -91.68338863597606 0.14706648926200147
u 2362 0.7082526319669614 -0.0264733
x 2362 30.231249043442826 -91.58888874736024 0.12059318926200147
u 2363 0.7075864751159971 -0.0202242
x 2363 30.934509498540642 -91.51087409016705 0.10036898926200147
u 2364 0.626428708924331 -0.0147603
x 2364 31.558226155689038 -91.45270765187009 0.08560868926200146
u 2365 0.7060438528354422 -0.0138261
x 2365 32.26207926426103 -91.39720285373778 0.07178258926200147
u 2366 0.6261772367252022 -0.00860799
x 2366 32.88682950758486 -91.35498148304903 0.06317459926200147
u 2367 0.7048531661646991 -0.00436916
x 2367 33.59037157025499 -91.31201915570985 0.05880543926200148
u 2368 0.6185990002155374 0.000236701
x 2368 34.20789698782161 -91.27559004729126 0.059042140262001476
u 2369 0.6889810562629982 0.00135017
x 2369 34.895649853026256 -91.23447046339702 0.060392310262001474
u 2370 0.6204057233513629 0.00391209
x 2370 35.5148497151183 -91.19581426779739 0.06430440026200147
u 2371 0.6823770338902999 0.00563936
x 2371 36.1956891505782 -91.15004478592698 0.06994376026200147
u 2372 0.6081402482727563 0.00659103
x 2372 36.80219800042157 -91.10554492322974 0.07653479026200147
u 2373 0.6822000734286093 0.00865326
x 2373 37.48216686113599 -91.05044152390258 0.08518805026200146
u 2374 0.6855980895440075 0.00858198
x 2374 38.165020065815426 -90.98917688207726 0.09377003026200147
u 2375 0.6126262315249232 0.00730314
x 2375 38.77474003292501 -90.92958835016039 0.10107317026200147
u 2376 0.6906017995905618 0.00737823
x 2376 39.461554014954594 -90.85737175869771 0.10845140026200147
u 2377 0.6216753740446255 0.00623268
x 2377 40.079363291899824 -90.7881567537866 0.11468408026200147
u 2378 0.7020688432338561 0.00624331
x 2378 40.77656491156922 -90.70564032444729 0.12092739026200147
u 2379 0.6330265341744707 0.00494491
x 2379 41.404777205937904 -90.62772312717955 0.12587230026200147
u 2380 0.7161351489581224 0.00528511
x 2380 42.11500579488724 -90.5359423598367 0.13115741026200148
u 2381 0.644246381323023 0.00478372
x 2381 42.75351490291452 -90.4501593352422 0.13594113026200147
u 2382 0.7410834025389467 0.00566768
x 2382 43.48747269371951 -90.34764543042718 0.14160881026200148
u 2383 0.6536582045863191 0.00418881
x 2383 44.13439281032808 -90.25403567448598 0.14579762026200146
u 2384 0.7478160026511711 0.00349352
x 2384 44.8740834605398 -90.14409957011931 0.14929114026200146
u 2385 0.7558430669886443 0.00432223
x 2385 45.62127382016372 -90.03006265066284 0.15361337026200148
u 2386 0.6836711418594241 0.00539627
x 2386 46.296608968184636 -89.92363176308105 0.15900964026200148
u 2387 0.7705333198157971 0.000939925
x 2387 47.057364237205206 -89.80126765930434 0.1599495652620015
u 2388 0.6886472243426951 -0.00168386
x 2388 47.73731311960778 -89.6921603503778 0.15826570526200148
u 2389 0.7750340016918249 0.000372857
x 2389 48.502638036444715 -89.56986779750575 0.1586385622620015
u 2390 0.6766732147371546 0.00202668
x 2390 49.17070566830469 -89.46229399922952 0.1606652422620015
u 2391 0.7439327195435056 0.00357586
x 2391 49.90484299032093 -89.34197071009227 0.1642411022620015
u 2392 0.6602286013900218 0.00764476
x 2392 50.555767744353915 -89.23153227585264 0.1718858622620015
u 2393 0.722807068728487 0.0153698
x 2393 51.26694539939156 -89.10243496076636 0.1872556622620015
u 2394 0.6327971868610432 0.0189304
x 2394 51.88752841592668 -88.97875375287227 0.20618606226200148
u 2395 0.7005729897438788 0.024412
x 2395 52.57144377392473 -88.82697126629527 0.23059806226200147
u 2396 0.6838348839139905 0.0277001
x 2396 53.23492774618329 -88.6614742364091 0.2582981622620015
u 2397 0.5847531817411664 0.0264536
x 2397 53.79824091216084 -88.50464751459668 0.2847517622620015
u 2398 0.6245890265654368 0.029561
x 2398 54.394998140283946 -88.32035466262793 0.3143127622620015
u 2399 0.5512205806399032 0.0271054
x 2399 54.91684025601288 -88.14285443078934 0.3414181622620015
u 2400 0.5821277944303639 0.0288427
x 2400 55.462481363804216 -87.94006128791861 0.3702608622620015
u 2401 0.5131441681123824 0.025667
x 2401 55.938415893091445 -87.74825720707142 0.3959278622620015
u 2402 0.556781016071669 0.0272846
x 2402 56.449130864806754 -87.52654548867328 0.4232124622620015
u 2403 0.48194202499496763 0.0215925
x 2403 56.88638226620973 -87.32388739420514 0.4448049622620015
u 2404 0.541891612417927 0.0232592
x 2404 57.37278928997896 -87.08505379366504 0.4680641622620015
u 2405 0.47608813977920683 0.0184294
x 2405 57.795667739614174 -86.8663592156312 0.48649356226200147
u 2406 0.535255686086551 0.019065
x 2406 58.26640772784742 -86.61161653140834 0.5055585622620015
u 2407 0.554452083889167 0.018367
x 2407 58.749006981166666 -86.3386578679753 0.5239255622620015
u 2408 0.4965152939364909 0.0141565
x 2408 59.17714813455358 -86.08722502848275 0.5380820622620015
u 2409 0.5713814947620212 0.0120864
x 2409 59.66600799165031 -85.79143983893607 0.5501684622620016
u 2410 0.5284495619130197 0.00815425
x 2410 60.1153462102633 -85.5133165615675 0.5583227122620016
u 2411 0.6063746943724008 0.00686495
x 2411 60.62853312839813 -85.1903180894277 0.5651876622620016
u 2412 0.5496921762483026 0.00106356
x 2412 61.09258499034802 -84.89567028345137 0.5662512222620015
u 2413 0.6357400212328298 -0.000569565
x 2413 61.62919454530835 -84.55476626587992 0.5656816572620015
u 2414 0.5763680200920962 -0.000823402
x 2414 62.115905065668336 -84.2460383189967 0.5648582552620015
u 2415 0.647775323597484 -0.00225382
x 2415 62.663448169777745 -83.89990360334644 0.5626044352620015
u 2416 0.5881792395669764 -0.00215397
x 2416 63.1613081338968 -83.58671014838978 0.5604504652620016
u 2417 0.6632804683637523 -0.00261669
x 2417 63.723577786359314 -83.2348670489731 0.5578337752620016
u 2418 0.5936592527389372 -0.0020814
x 2418 64.22756722651324 -82.92113814475552 0.5557523752620016
u 2419 0.6678733852299419 -0.00241426
x 2419 64.79535295654756 -82.56946499137337 0.5533381152620016
u 2420 0.6689243752827706 -0.00232818
x 2420 65.36486579184484 -82.21858787875314 0.5510099352620016
u 2421 0.5854692052191826 -0.00182657
x 2421 65.86396299784178 -81.91252240548866 0.5491833652620016
u 2422 0.6512311740153091 -0.00160068
x 2422 66.4197031602309 -81.57303039768136 0.5475826852620016
u 2423 0.5748521145695547 -0.00152096
x 2423 66.9107309862213 -81.27412144160232 0.5460617252620016
u 2424 0.6437292093232361 -0.00173716
x 2424 67.46113686490727 -80.94029430155084 0.5443245652620016
u 2425 0.5596750884955403 -0.00137505
x 2425 67.94012528155469 -80.65080120656322 0.5429495152620015
u 2426 0.6200483463181676 -0.00239896
x 2426 68.47138729727499 -80.33108189522308 0.5405505552620016
u 2427 0.548703263790083 -0.00218478
x 2427 68.9421675433634 -80.04922889838333 0.5383657752620016
u 2428 0.608857280872636 -0.00219938
x 2428 69.46524347297512 -79.7376223982936 0.5361663952620016
u 2429 0.5909903073199125 -0.00234816
x 2429 69.97365609324508 -79.43631526195063 0.5338182352620016
u 2430 0.5235962063253329 -0.00212743
x 2430 70.42468769550052 -79.17037658923682 0.5316908052620015
u 2431 0.5765153683437994 -0.00257625
x 2431 70.92199169346323 -78.87872865127592 0.5291145552620016
u 2432 0.5053652229647183 -0.00210557
x 2432 71.35851865798872 -78.62409533949506 0.5270089852620016
u 2433 0.5683212984261083 -0.00232714
x 2433 71.85005958085999 -78.33882972007487 0.5246818452620016
u 2434 0.5068662133216623 -0.00207726
x 2434 72.28900725608177 -78.08537715204196 0.5226045852620016
u 2435 0.5812162976935962 -0.00223128
x 2435 72.79296724357157 -77.7958316883218 0.5203733052620017
u 2436 0.5257231823223266 -0.00192401
x 2436 73.24935353590546 -77.53487895056955 0.5184492952620017
u 2437 0.6043473144414717 -0.00229314
x 2437 73.77462566239323 -77.23600655378691 0.5161561552620016
u 2438 0.5488022270841888 -0.00205432
x 2438 74.25220929068828 -76.9656407709759 0.5141018352620016
u 2439 0.6244943517839849 -0.00238832
x 2439 74.79634442889922 -76.65919344859374 0.5117135152620016
u 2440 0.5700362348111961 -0.00201782
x 2440 75.29364413749332 -76.3805643069423 0.5096956952620016
u 2441 0.6568462754672862 -0.00199896
x 2441 75.86732060214733 -76.06065463245406 0.5076967352620017
u 2442 0.6632952565729896 -0.00194902
x 2442 76.44726605283851 -75.73874822937636 0.5057477152620017
u 2443 0.5998911652318439 -0.00166765
x 2443 76.9723004170822 -75.4485616633795 0.5040800652620017
u 2444 0.6865152516961542 -0.00189351
x 2444 77.57373990921744 -75.1175426498851 0.5021865552620016
u 2445 0.6168931230528414 -0.00135959
x 2445 78.11466826966304 -74.82097296917868 0.5008269652620017
u 2446 0.7003371050563629 -0.00122714
x 2446 78.7292001984683 -74.48508235060083 0.49959982526200164
u 2447 0.6265750558338444 -0.000949039
x 2447 79.2793340648775 -74.18516736238578 0.49865078626200166
u 2448 0.701594049733363 -0.000870937
x 2448 79.89564006758633 -73.84990464371315 0.49777984926200164
u 2449 0.6153400410864454 -0.000807391
x 2449 80.43642394299894 -73.55631284258652 0.49697245826200165
u 2450 0.6859220377676457 -0.000728482
x 2450 81.03948906700731 -73.22950788960496 0.4962439762620017
u 2451 0.670963051926665 -0.000943522
x 2451 81.62966923309517 -72.91032337367531 0.4953004542620017
u 2452 0.5896080551071082 -0.000922315
x 2452 82.14855085772831 -72.63032427792378 0.4943781392620017
u 2453 0.6619530944675768 -0.00111946
x 2453 82.731419980726 -72.31656411638207 0.4932586792620017
u 2454 0.5963100187994247 -0.000540818
x 2454 83.25672292493441 -72.03435418271643 0.4927178612620017
u 2455 0.6773900490542701 -0.000922651
x 2455 83.8536855035654 -71.71420901920392 0.4917952102620017
u 2456 0.6117900539738205 -0.000936301
x 2456 84.39310538317606 -71.42556869582796 0.4908589092620017
u 2457 0.7064570710545139 -0.000961298
x 2457 85.01630983874678 -71.0928559648324 0.4898976112620017
u 2458 0.6400310348945055 -0.00076401
x 2458 85.58117607811242 -70.79191438025646 0.4891336012620017
u 2459 0.7325660581324752 -0.00099832
x 2459 86.22801334888732 -70.44803281620675 0.48813528126200173
u 2460 0.6619230853102707 -0.0011587
x 2460 86.81280943084224 -70.13794304795151 0.4869765812620017
u 2461 0.7570271204644118 -0.00125829
x 2461 87.48205615426106 -69.78410861110619 0.4857182912620017
u 2462 0.6826080879569687 -0.00119487
x 2462 88.08590392839716 -69.46579805209542 0.4845234212620017
u 2463 0.7777661147834531 -0.00122262
x 2463 88.7743681459021 -69.10394576846609 0.4833008012620017
u 2464 0.7882972039625136 -0.00164222
x 2464 89.47267888091115 -68.73819385871069 0.4816585812620017
u 2465 0.7119931415416927 -0.00146346
x 2465 90.10390812146538 -68.40882508515129 0.48019512126200165
u 2466 0.8098692401925711 -0.00180917
x 2466 90.82252307259922 -68.03535412333729 0.4783859512620016
u 2467 0.7264933843709025 -0.00250027
x 2467 91.46787707836742 -67.701721736087 0.4758856812620016
u 2468 0.8258287534431649 -0.00287204
x 2468 92.20248806812303 -67.32444285388924 0.47301364126200157
u 2469 0.7389513745356132 -0.00232973
x 2469 92.86069369254403 -66.988564538232 0.4706839112620016
u 2470 0.8381336721848253 -0.00290303
x 2470 93.60823797970544 -66.60955913214895 0.4677808812620016
u 2471 0.7466366737209741 -0.00324898
x 2471 94.27521003077625 -66.2739788656595 0.4645319012620016
u 2472 0.849145354598509 -0.00398708
x 2472 95.03512899045806 -65.89507247516663 0.46054482126200164
u 2473 0.7553960615425261 -0.00405241
x 2473 95.71249910354133 -65.56071913093808 0.45649241126200163
u 2474 0.8548865426511877 -0.00551639
x 2474 96.48088432156987 -65.18600149828174 0.45097602126200165
u 2475 0.8527007461781712 -0.00579699
x 2475 97.24940677895985 -64.8165833627797 0.44517903126200165
u 2476 0.7549589929709984 -0.00527592
x 2476 97.93163706366619 -64.49328226843284 0.43990311126200166
u 2477 0.8455934937054256 -0.0067122
x 2477 98.69792685023928 -64.13575515751272 0.43319091126200165
u 2478 0.7437918786675543 -0.00634159
x 2478 99.37400082247721 -63.82567695963082 0.42684932126200165
u 2479 0.8368023718970935 -0.00724782
x 2479 100.13696961254679 -63.48200012064868 0.41960150126200163
u 2480 0.7415416285649948 -0.00605891
x 2480 100.81509456986721 -63.181952046248256 0.41354259126200166
u 2481 0.82820983391119 -0.00687433
x 2481 101.57462674985338 -62.85174045448479 0.4066682612620017
u 2482 0.7390337006694915 -0.00611346
x 2482 102.25427699503057 -62.561491158376995 0.40055480126200166
u 2483 0.8339036273638246 -0.00652057
x 2483 103.02322749627425 -62.2388335651307 0.39403423126200166
u 2484 0.7502372249996723 -0.00564815
x 2484 103.71678209811697 -61.95276292401903 0.38838608126200164
u 2485 0.8473033795938719 -0.00640912
x 2485 104.50200242311385 -61.63440840341839 0.38197696126200165
u 2486 0.8485428086222419 -0.00672562
x 2486 105.29044806303303 -61.32075946458813 0.37525134126200166
u 2487 0.75390954212568 -0.0060069
x 2487 105.99272288200599 -61.04655522085033 0.3692444412620017
u 2488 0.8470518540823536 -0.00673996
x 2488 106.7837079488231 -60.74350942986642 0.3625044812620017
u 2489 0.7507486790850334 -0.00627296
x 2489 107.48649710467953 -60.47948455728047 0.3562315212620017
u 2490 0.8394803878492472 -0.00826621
x 2490 108.2744740531047 -60.18997525260268 0.3479653112620017
u 2491 0.7466463097079229 -0.00647965
x 2491 108.97719262949914 -59.93765528972305 0.3414856612620017
u 2492 0.8324055903480524 -0.00524802
x 2492 109.76226147561103 -59.66095259113415 0.3362376412620017
u 2493 0.7305167559117506 -0.00304563
x 2493 110.45223722710008 -59.42097804974257 0.33319201126200165
u 2494 0.80556720224406 -0.000980513
x 2494 111.21362983803422 -59.15788157056595 0.33221149826200164
u 2495 0.7049640492800109 0.000967656
x 2495 111.87993751474527 -58.927646143330385 0.3331791542620016
u 2496 0.774474072139136 0.000933568
x 2496 112.61170289134307 -58.67401357747019 0.3341127222620016
u 2497 0.7784490733184667 0.000973557
x 2497 113.34698063349985 -58.41837798961914 0.33508627926200163
u 2498 0.6933340217980105 0.000588683
x 2498 114.00168561351886 -58.190181931286716 0.3356749622620016
u 2499 0.7865720239874936 0.00062972
x 2499 114.74427599745017 -57.93084614477172 0.3363046822620016
u 2500 0.7033130309812747 0.000741239
x 2500 115.40810375161084 -57.69850607137501 0.3370459212620016
u 2501 0.7971160605772937 0.000877201
x 2501 116.16025491864958 -57.434569345607656 0.3379231222620016
u 2502 0.715605036294636 0.000693381
x 2502 116.83530678238702 -57.19709191780013 0.3386165032620016
u 2503 0.8075141163525955 0.00158096
x 2503 117.59675396664844 -56.928247914947185 0.3401974632620016
u 2504 0.7282067580354624 0.0036481
x 2504 118.28278158288032 -56.68401318338385 0.3438455632620016
u 2505 0.8280867674160673 0.00464208
x 2505 119.06174576822566 -56.40304830848029 0.3484876432620016
u 2506 0.7468202005143182 0.00413091
x 2506 119.76314604091668 -56.146577498758425 0.3526185532620016
u 2507 0.8523839553414749 0.00481636
x 2507 120.56237217044341 -55.85027596874408 0.3574349132620016
u 2508 0.8642910204160495 0.00491041
x 2508 121.37129202901447 -55.54589770177254 0.3623453232620016
u 2509 0.7750184197440546 0.00424639
x 2509 122.0954015342569 -55.26964044342946 0.3665917132620016
u 2510 0.8790602889904947 0.00357922
x 2510 122.91548651628035 -54.95308588418251 0.37017093326200157
u 2511 0.7886613734912573 0.00208209
x 2511 123.65043076185698 -54.66700286610365 0.37225302326200155
u 2512 0.9030193967413344 0.0020107
x 2512 124.49127182208052 -54.33771565468728 0.3742637232620015
u 2513 0.8096241310594505 0.00111304
x 2513 125.24468650146952 -54.041308018477814 0.37537676326200153
u 2514 0.9196360000689691 -0.000134594
x 2514 126.1003105274862 -53.70420581224088 0.37524216926200155
u 2515 0.8211960021589808 0.000116287
x 2515 126.86434930315838 -53.40319481165836 0.37535845626200154
u 2516 0.9270820232865589 -0.000720375
x 2516 127.72700676117755 -53.06363163512605 0.37463808126200154
u 2517 0.8217761739595374 -0.00171548
x 2517 128.4920422019132 -52.763570493203254 0.37292260126200155
u 2518 0.9224307146513134 -0.00294653
x 2518 129.3515649194768 -52.42875934388016 0.36997607126200155
u 2519 0.9200537446260371 -0.00477562
x 2519 130.21015527274395 -52.09812375978716 0.36520045126200157
u 2520 0.8142013561890501 -0.00584094
x 2520 130.9715067243957 -51.80956539348069 0.35935951126200155
u 2521 0.9158816256149386 -0.0089645
x 2521 131.83031610676844 -51.491320237479094 0.35039501126200157
u 2522 0.8145807258245241 -0.00858425
x 2522 132.59659138060596 -51.21498730615036 0.34181076126200155
u 2523 0.9234380140251027 -0.0100522
x 2523 133.46814888380138 -50.90983471503447 0.33175856126200154
u 2524 0.8234852075947354 -0.00984477
x 2524 134.24803795894428 -50.64545725640126 0.32191379126200154
u 2525 0.9299459548495989 -0.0118694
x 2525 135.1319395045205 -50.356480814836374 0.31004439126200156
u 2526 0.8263459834784613 -0.0106219
x 2526 135.92020951443067 -50.10854603362527 0.29942249126200154
u 2527 0.930848062699994 -0.0119793
x 2527 136.81126464062245 -49.83930911922994 0.2874431912620015
u 2528 0.826612347380393 -0.0109197
x 2528 137.60522635310946 -49.60929611442967 0.27652349126200154
u 2529 0.938568246642817 -0.0115551
x 2529 138.5095990873171 -49.3582771716165 0.26496839126200156
u 2530 0.9466343001387753 -0.0080835
x 2530 139.42418859652054 -49.1140689647753 0.25688489126200154
u 2531 0.8369017263913896 -0.00582052
x 2531 140.23424257008585 -48.90379513814659 0.25106437126200154
u 2532 0.9428046094195723 -0.00598564
x 2532 141.1481844217526 -48.67230395165044 0.24507873126200153
u 2533 0.8459593224154693 -0.00363713
x 2533 141.9692364422909 -48.468539465471885 0.24144160126200154
u 2534 0.9536097738031679 -0.00280215
x 2534 142.89550433865693 -48.24182645345178 0.23863945126200153
u 2535 0.8466374306579311 -0.00209689
x 2535 143.71835769358313 -48.042560217889076 0.23654256126200154
u 2536 0.9509391508066878 -0.00112436
x 2536 144.64294208683515 -47.82023416672469 0.23541820126200155
u 2537 0.839835108012719 -0.00131332
x 2537 145.45974032234753 -47.62487923401084 0.23410488126200155
u 2538 0.9477303968514613 -0.00210175
x 2538 146.38184923691816 -47.406000902170035 0.23200313126200153
u 2539 0.8467563144861372 -0.00193963
x 2539 147.2061073629391 -47.21210770212816 0.23006350126200154
u 2540 0.9505544607013836 -0.00227965
x 2540 148.13186280613937 -46.996398984536405 0.22778385126200154
u 2541 0.9502406305720589 -0.00269213
x 2541 149.05784571867912 -46.783062732762055 0.22509172126200155
u 2542 0.8422885477651706 -0.00262701
x 2542 149.87913237997458 -46.596146147968156 0.22246471126200154
u 2543 0.9513479574829956 -0.00318161
x 2543 150.80736824540628 -46.38772265873398 0.21928310126200154
u 2544 0.8494946453359254 -0.00287884
x 2544 151.63678543785963 -46.20412588610247 0.21640426126200155
u 2545 0.9597652698921952 -0.00378615
x 2545 152.5745528695674 -45.99982092547867 0.21261811126200156
u 2546 0.8492361509641172 -0.00386765
x 2546 153.40501022670657 -45.82222104074658 0.20875046126200156
u 2547 0.9627907736610087 -0.00434773
x 2547 154.34733019469377 -45.624742708781326 0.20440273126200156
u 2548 0.8574813149584603 -0.00405058
x 2548 155.18731101414298 -45.45239009596374 0.20035215126200157
u 2549 0.9698092285501644 -0.00484551
x 2549 156.13818460389123 -45.261687406210456 0.19550664126200157
u 2550 0.8598898362294455 -0.00477349
x 2550 156.98208849031099 -45.09665602462714 0.19073315126200158
u 2551 0.9619257831284717 -0.00548439
x 2551 157.92706557173832 -44.91688614806806 0.18524876126200157
u 2552 0.9463811292647186 -0.00582238
x 2552 158.85775676345227 -44.74528015366822 0.17942638126200158
u 2553 0.8226370989556832 -0.00512362
x 2553 159.66755999443976 -44.600542310560805 0.1743027612620016
u 2554 0.9060169700357807 -0.00572428
x 2554 160.5602935518492 -44.44597418965892 0.1685784812620016
u 2555 0.7839117688388726 -0.00481604
x 2555 161.3334065249881 -44.316309991374446 0.1637624412620016
u 2556 0.8583905528141843 -0.00544898
x 2556 162.18068964649623 -44.178673404545194 0.1583134612620016
u 2557 0.7418104502107749 -0.00440743
x 2557 162.9134787915597 -44.06333944541211 0.1539060312620016
u 2558 0.8047426637258053 -0.00465962
x 2558 163.70899379940553 -43.94182625531938 0.1492464112620016
u 2559 0.6947601098920833 -0.00402215
x 2559 164.39623645070762 -43.839902274860385 0.1452242612620016
u 2560 0.752317281625642 -0.00420975
x 2560 165.1408614081215 -43.73259836454188 0.1410145112620016
u 2561 0.6462098440736505 -0.00366456
x 2561 165.7808219021675 -43.642947590292735 0.13734995126200158
u 2562 0.7105099354348562 -0.00341447
x 2562 166.4848051941234 -43.546867402238966 0.13393548126200158
u 2563 0.6814923254690999 -0.00201472
x 2563 167.16028532026033 -43.45654447176413 0.13192076126200158
u 2564 0.591548136106643 -0.0016146
x 2564 167.7467560974367 -43.37920658435298 0.1303061612620016
u 2565 0.6540052146807456 -0.00184302
x 2565 168.39529470216854 -43.29482425248911 0.1284631412620016
u 2566 0.5763801259346389 -0.00145706
x 2566 168.96697902066418 -43.22140061335471 0.12700608126200158
u 2567 0.6526411829551844 -0.00169194
x 2567 169.6144331711929 -43.139281583635416 0.12531414126200158
u 2568 0.5867171284622131 -0.00148272
x 2568 170.19660368146128 -43.0663814962629 0.12383142126200157
u 2569 0.663627157268808 -0.00151181
x 2569 170.85521094371427 -42.98491129255803 0.12231961126200157
u 2570 0.5996080616972658 -0.000742299
x 2570 171.45036600052453 -42.9119711150363 0.12157731226200157
u 2571 0.6842102708612692 0.00285981
x 2571 172.12940624750246 -42.82802042310154 0.12443712226200157
u 2572 0.6051329572319181 0.00652831
x 2572 172.72961070257847 -42.750954169122224 0.13096543226200158
u 2573 0.6890765866171916 0.0118642
x 2573 173.41223639390822 -42.65691620816284 0.14282963226200157
u 2574 0.6926391007215034 0.0133077
x 2574 174.09714622188915 -42.55376403254153 0.15613733226200158
u 2575 0.0 0.0
x 2575 174.09714622188915 -42.55376403254153 0.15613733226200158
u 2576 0.6138004507952011 0.0120955
x 2576 174.70288795619138 -42.454651210537435 0.16823283226200159
u 2577 0.6785260104871619 0.0155048
x 2577 175.37092711796237 -42.33585726258772 0.18373763226200157
u 2578 0.5898171684368505 0.015582
x 2578 175.9499532630977 -42.22358092194692 0.19931963226200158
u 2579 0.6406415793346574 0.0188691
x 2579 176.57667712561076 -42.09081550414756 0.21818873226200158
u 2580 0.5511311853917269 0.0185396
x 2580 177.11360494103675 -41.96653596267495 0.23672833226200157
u 2581 0.6195983869312456 0.0236325
x 2581 177.7141500059883 -41.81412231796252 0.2603608322620016
u 2582 0.5545717253930482 0.0243717
x 2582 178.24823843399815 -41.66484362967622 0.28473253226200157
u 2583 0.6199708944176989 0.0312735
x 2583 178.8404274204206 -41.48141847156265 0.3160060322620016
u 2584 0.5581750950299701 0.0323712
x 2584 179.36806398247694 -41.2993967990726 0.34837723226200157
u 2585 0.6336843886128882 0.0422079
x 2585 179.95894021136098 -41.07057028071673 0.3905851322620016
u 2586 0.6329642358640889 0.0458146
x 2586 180.53850950331815 -40.816261244128846 0.43639973226200157
u 2587 0.5667202814837315 0.0416911
x 2587 181.04697494448482 -40.56608479653725 0.47809083226200155
u 2588 0.6448069133323944 0.0471263
x 2588 181.61228185148045 -40.25604106936939 0.5252171322620015
u 2589 0.5794496933424332 0.0422194
x 2589 182.1073493146197 -39.955009039508056 0.5674365322620015
u 2590 0.6557071011083303 0.0504496
x 2590 182.65117253397605 -39.5887892628053 0.6178861322620015
u 2591 0.5862332152735803 0.0511714
x 2591 183.1201182356432 -39.23710143780817 0.6690575322620015
u 2592 0.6557987853066595 0.0636018
x 2592 183.62125348412965 -38.81426511937055 0.7326593322620015
u 2593 0.5777111680728009 0.0581514
x 2593 184.03924927276088 -38.41559774597902 0.7908107322620015
u 2594 0.6553530016206914 0.0662726
x 2594 184.48436878809233 -37.93476617223203 0.8570833322620015
u 2595 0.5876013481304225 0.0594911
x 2595 184.85560349020201 -37.479400034560015 0.9165744322620015
u 2596 0.658741727810384 0.0674934
x 2596 185.2385376282074 -36.94354799780665 0.9840678322620016
u 2597 0.6531320649853596 0.0672486
x 2597 185.58158357034299 -36.387904014036394 1.0513164322620017
u 2598 0.5696882001339768 0.0586258
x 2598 185.84973911656124 -35.885366150309906 1.1099422322620016
u 2599 0.6291125033348884 0.064827
x 2599 186.11105993462303 -35.31321635903679 1.1747692322620016
u 2600 0.5402758241826577 0.0555992
x 2600 186.30551381954467 -34.80922184920677 1.2303684322620017
u 2601 0.5867839189749153 0.0603668
x 2601 186.4846267440496 -34.250536446566045 1.2907352322620016
u 2602 0.5086539227941135 0.0522606
x 2602 186.61239147773327 -33.75824983764452 1.3429958322620017
u 2603 0.5574475831644085 0.0574391
x 2603 186.72262190178097 -33.21188765488062 1.4004349322620018
u 2604 0.4808965281880188 0.0494691
x 2604 186.79239896443093 -32.736129865209705 1.4499040322620018
u 2605 0.5355711426776092 0.0552462
x 2605 186.8422725182222 -32.20295435053926 1.5051502322620018
u 2606 0.4832484213597495 0.0499687
x 2606 186.86191478413264 -31.720155602414298 1.5551189322620018
u 2607 0.5538097360428128 0.0571917
x 2607 186.85476159169409 -31.166467545153456 1.6123106322620018
u 2608 0.5672814993994075 0.058703
x 2608 186.81460013789845 -30.60069112813347 1.6710136322620017
u 2609 0.517276443390002 0.0538779
x 2609 186.74901024226853 -30.087652958266403 1.7248915322620018
u 2610 0.6088828241562493 0.063505
x 2610 186.636519956695 -29.489355665490635 1.7883965322620017
u 2611 0.5488104660210936 0.0571019
x 2611 186.50280786322733 -28.957160050369982 1.8454984322620016
u 2612 0.6296551241458216 0.0655429
x 2612 186.3122758110533 -28.35714238201239 1.9110413322620017
u 2613 0.5794779045375673 0.060485
x 2613 186.10249628310083 -27.81706384105388 1.9715263322620016
u 2614 0.6650296345784976 0.0692882
x 2614 185.8220763780053 -27.21419388597096 2.0408145322620017
u 2615 0.6028355790665976 0.06268
x 2615 185.53239075708376 -26.685635457924857 2.1034945322620016
u 2616 0.6954717548634811 0.0723812
x 2616 185.1578245432987 -26.099828338136525 2.1758757322620017
u 2617 0.6312285372459328 0.0656681
x 2617 184.78198252714682 -25.592828259641237 2.2415438322620016
u 2618 0.7272984159347867 0.0753512
x 2618 184.30888713291642 -25.0406566358156 2.3168950322620017
u 2619 0.743469713178015 0.0765264
x 2619 183.78384785082255 -24.514528072315695 2.3934214322620018
u 2620 0.672567064681798 0.0668672
x 2620 183.27597595784619 -24.07379677458208 2.4602886322620017
u 2621 0.7692892394379438 0.0748074
x 2621 182.66087233012198 -23.612085255921137 2.5350960322620018
u 2622 0.6860978398661594 0.066503
x 2622 182.08455661942693 -23.240040925908488 2.6015990322620017
u 2623 0.7755622779213092 0.0746278
x 2623 181.40509321504996 -22.86648072896664 2.6762268322620018
u 2624 0.6883520294669654 0.065572
x 2624 180.7802591228836 -22.577965353520373 2.7417988322620017
u 2625 0.7829606329667924 0.0739766
x 2625 180.04843234581125 -22.300157138729507 2.8157754322620017
u 2626 0.6973310932923399 0.0657079
x 2626 179.3809330119413 -22.098810768351424 2.8814833322620017
u 2627 0.7907485902638651 0.0744965
x 2627 178.60991867469954 -21.924079263272617 2.9559798322620017
u 2628 0.7131931215799827 0.0671243
x 2628 177.90508632266483 -21.81607541699794 3.023104132262002
u 2629 0.806090744768131 0.0752277
x 2629 177.10181978695945 -21.750969491621046 3.098331832262002
u 2630 0.8106350788918526 0.0721037
x 2630 176.29138135797538 -21.745126963012563 3.170435532262002
u 2631 0.7331897463673711 0.0622686
x 2631 175.55962818766693 -21.789068155619162 3.232704132262002
u 2632 0.8270238468190685 0.0689939
x 2632 174.73928267230826 -21.89265582468952 3.301698032262002
u 2633 0.7415852733922444 0.0570734
x 2633 174.0109521422098 -22.031702904864694 3.358771432262002
u 2634 0.8466219432705782 0.0486086
x 2634 173.18897639267541 -22.234146629388377 3.4073800322620023
u 2635 0.7675879127793833 0.0314982
x 2635 172.45163913604037 -22.447398270071233 3.4388782322620024
u 2636 0.8762627198825704 0.0245856
x 2636 171.6170531216251 -22.714351192718944 3.4634638322620024
u 2637 0.7927145139540235 0.0126136
x 2637 170.86664981563055 -22.969856275623883 3.4760774322620023
u 2638 0.9007009499977572 0.0086966
x 2638 170.01716253731868 -23.269236389005588 3.484774032262002
u 2639 0.8129420499256915 0.00612968
x 2639 169.25246714915144 -23.54512345032412 3.490903712262002
u 2640 0.9193944600830575 0.00603838
x 2640 168.38955136651285 -23.86239298384949 3.4969420922620023
u 2641 0.9304199065924136 0.0056206
x 2641 167.51817378355125 -24.188552502351538 3.502562692262002
u 2642 0.8329131558184817 0.00515361
x 2642 166.73969946219475 -24.484729004889267 3.507716302262002
u 2643 0.9478759475102981 0.00522825
x 2643 165.85553785821008 -24.826379445109527 3.512944552262002
u 2644 0.8485540010086569 -0.00152188
x 2644 165.06458930910983 -25.133697108657042 3.511422672262002
u 2645 0.9697698319273501 -0.0100843
x 2645 164.1586346942669 -25.479662125652727 3.501338372262002
u 2646 0.8770101889350634 -0.0101453
x 2646 163.33621307913262 -25.784232251085726 3.491193072262002
u 2647 0.9975072955914289 -0.00992609
x 2647 162.39736503212887 -26.12124409019405 3.481266982262002
u 2648 0.8991748628882273 -0.00564191
x 2648 161.5487255013005 -26.41843802704871 3.475625072262002
u 2649 1.0298200389330558 0.000796164
x 2649 160.57596020574434 -26.75645716308885 3.476421236262002
u 2650 0.927745915421192 0.0066442
x 2650 159.7007543586786 -27.064229875448294 3.4830654362620024
u 2651 1.0523533992457288 0.0116238
x 2651 158.71123168599252 -27.42239197284387 3.4946892362620026
u 2652 1.0268649496060125 0.00404667
x 2652 157.74843883737142 -27.779435550632215 3.4987359062620027
u 2653 0.8927789984051212 -0.0101625
x 2653 156.9104232412 -28.087294838047704 3.488573406262003
u 2654 0.9702254927996068 -0.0276217
x 2654 155.99357920009354 -28.40458754609772 3.4609517062620028
u 2655 0.8362322124153314 -0.0390805
x 2655 155.19470212950606 -28.651550586119107 3.421871206262003
u 2656 0.907817421709652 -0.0557677
x 2656 154.31576082685507 -28.878224558229153 3.366103506262003
u 2657 0.7772201400261384 -0.0582554
x 2657 153.5534363844869 -29.029094614973324 3.3078481062620027
u 2658 0.8352055898365623 -0.0733497
x 2658 152.72541866165025 -29.136994246644168 3.2344984062620026
u 2659 0.7156460490251377 -0.0672117
x 2659 152.01116497939068 -29.179399137436818 3.1672867062620025
u 2660 0.7887383575209462 -0.0741498
x 2660 151.22265837049838 -29.170424876640936 3.0931369062620027
u 2661 0.6968200059478488 -0.0628078
x 2661 150.5281733546177 -29.11484534393663 3.030329106262003
u 2662 0.790864626803355 -0.0636243
x 2662 149.7455217115242 -29.002096514882055 2.966704806262003
u 2663 0.7947868509386652 -0.0494477
x 2663 148.9665957894071 -28.844515276252068 2.917257106262003
u 2664 0.709676087366173 -0.0336676
x 2664 148.27749073367838 -28.675025454637638 2.883589506262003
u 2665 0.8055932713809184 -0.0288107
x 2665 147.50163000095344 -28.458286550237663 2.854778806262003
u 2666 0.7128651113660703 -0.0184724
x 2666 146.81978683669072 -28.25031511924993 2.836306406262003
u 2667 0.800665488814129 -0.015206
x 2667 146.0580024327623 -28.00386554100719 2.821100406262003
u 2668 0.7156723101003671 -0.00959743
x 2668 145.37986417043578 -27.775148639279266 2.811502976262003
u 2669 0.8053026444377296 -0.00716694
x 2669 144.61897905292517 -27.511399873994264 2.8043360362620033
u 2670 0.7214729607542902 -0.00521194
x 2670 143.93877476767798 -27.27089169299599 2.799124096262003
u 2671 0.8140803368982449 -0.00535145
x 2671 143.1727043919667 -26.995462223285497 2.793772646262003
u 2672 0.7257882725909393 -0.00407658
x 2672 142.49088390663857 -26.746687801551708 2.789696066262003
u 2673 0.818391182006664 -0.00357321
x 2673 141.72314877663362 -26.46323377649071 2.7861228562620033
u 2674 0.8198584113451178 -0.00164275
x 2674 140.95478009467834 -26.177266589417375 2.7844801062620035
u 2675 0.7313852550070885 0.00263831
x 2675 140.2692013911581 -25.922500182222613 2.7871184162620035
u 2676 0.8260778873721136 0.00654196
x 2676 139.4935491449319 -25.638306876214592 2.7936603762620034
u 2677 0.7391027703888928 0.0102012
x 2677 138.79746032607326 -25.389854618884563 2.8038615762620034
u 2678 0.833815712428017 0.0199834
x 2678 138.0080397043375 -25.121450840822693 2.8238449762620035
u 2679 0.7368666352292492 0.0241492
x 2679 137.3053478801755 -24.8997071799151 2.8479941762620036
u 2680 0.8259051621869425 0.0316643
x 2680 136.51113257189508 -24.67324660880271 2.8796584762620037
u 2681 0.7295920642822645 0.0295132
x 2681 135.80374078980424 -24.49474503937055 2.9091716762620035
u 2682 0.8124444296478929 0.0340753
x 2682 135.0101066595168 -24.321116261037695 2.9432469762620035
u 2683 0.7220370033083912 0.0319068
x 2683 134.30007649965182 -24.19015680536315 2.9751537762620033
u 2684 0.8165665174283661 0.0382149
x 2684 133.49240553167792 -24.070292954329897 3.013368676262003
u 2685 0.8065436951117775 0.0386547
x 2685 132.69068921716908 -23.982642008527545 3.052023376262003
u 2686 0.7190564958613197 0.0344809
x 2686 131.9735482864354 -23.930681404433727 3.086504276262003
u 2687 0.8078205824512271 0.0390382
x 2687 131.16628992924922 -23.90195569269357 3.125542476262003
u 2688 0.7222598433778802 0.0361047
x 2688 130.44407076203612 -23.903401702105715 3.161647176262003
u 2689 0.8187863552577376 0.0411466
x 2689 129.62601777751516 -23.936655712288818 3.202793776262003
u 2690 0.7365791933763063 0.0367802
x 2690 128.89181176587252 -23.995215773399273 3.239573976262003
u 2691 0.8222530664783196 0.0405144
x 2691 128.07535554043312 -24.092204753042928 3.280088376262003
u 2692 0.7339470836084575 0.0339585
x 2692 127.3502960979544 -24.205850528693325 3.314046876262003
u 2693 0.8214165031516959 0.0329005
x 2693 126.54352853381889 -24.36009160198825 3.346947376262003
u 2694 0.7399550878570305 0.0256209
x 2694 125.82113293734734 -24.5202421044001 3.372568276262003
u 2695 0.8338032273680883 0.02517
x 2695 125.01196039721103 -24.72131651630797 3.397738276262003
u 2696 0.8411396134448883 0.0179379
x 2696 124.20021899315564 -24.94170882812215 3.415676176262003
u 2697 0.7466937214634416 0.00980747
x 2697 123.4823991938545 -25.147334167860848 3.4254836462620033
u 2698 0.8475163420863299 0.00230435
x 2698 122.66908072729109 -25.385654759099037 3.4277879962620035
u 2699 0.7417642218341223 -0.00771146
x 2699 121.95668750265129 -25.59231227207981 3.4200765362620036
u 2700 0.8220326394419434 -0.0240659
x 2700 121.16368232176951 -25.80875586809381 3.3960106362620035
u 2701 0.7209232234968158 -0.0357375
x 2701 120.46287234160407 -25.97769477110743 3.3602731362620033
u 2702 0.7993236133927547 -0.0454441
x 2702 119.67891404031627 -26.13331505355016 3.314829036262003
u 2703 0.7141900607999526 -0.0406878
x 2703 118.97310391280692 -26.242076916369676 3.274141236262003
u 2704 0.8024026921809585 -0.0472256
x 2704 118.17553169359857 -26.329306394473893 3.226915636262003
u 2705 0.7165169101079262 -0.0421629
x 2705 117.46054576124236 -26.37530147753486 3.184752736262003
u 2706 0.8110701179362731 -0.0474986
x 2706 116.64970466342545 -26.391042514877338 3.137254136262003
u 2707 0.8170957003903276 -0.0480027
x 2707 115.83301548174828 -26.367891453578537 3.089251436262003
u 2708 0.7302590802640114 -0.0428955
x 2708 115.1047993948103 -26.31405940325651 3.0463559362620027
u 2709 0.8282359104815729 -0.0476205
x 2709 114.28250321292153 -26.21570245281327 2.998735436262003
u 2710 0.7417299028444316 -0.0414324
x 2710 113.55072650909828 -26.094924118004815 2.9573030362620027
u 2711 0.8375777542624983 -0.0437779
x 2711 112.73095379360682 -25.923468132284093 2.913525136262003
u 2712 0.747539500255097 -0.0351043
x 2712 112.0058875509239 -25.74170767373384 2.878420836262003
u 2713 0.8475977379843637 -0.0358134
x 2713 111.19159575797283 -25.50660340464409 2.842607436262003
u 2714 0.7559289111922547 -0.0279767
x 2714 110.47241162836862 -25.273868713951632 2.814630736262003
u 2715 0.8459910423538123 -0.0295124
x 2715 109.6753644568738 -24.990382021497723 2.785118336262003
u 2716 0.7539764682049617 -0.026009
x 2716 108.97228939027703 -24.7181065736834 2.7591093362620027
u 2717 0.8428737487166686 -0.0271307
x 2717 108.19468422293328 -24.392956172769722 2.731978636262003
u 2718 0.846450663975096 -0.024377
x 2718 107.42244199661158 -24.046423070140946 2.707601636262003
u 2719 0.7511810884765673 -0.0193164
x 2719 106.74399232301255 -23.723992421765985 2.688285236262003
u 2720 0.8452044652563204 -0.0175943
x 2720 105.98744587621813 -23.34717730293668 2.670690936262003
u 2721 0.7556194362870401 -0.012836
x 2721 105.31628705963377 -23.000048024381517 2.657854936262003
u 2722 0.8444745530878859 -0.0120735
x 2722 104.57109432444224 -22.6027869068865 2.645781436262003
u 2723 0.7540209124399695 -0.00780693
x 2723 103.90927728656227 -22.241479756231914 2.637974506262003
u 2724 0.8474387284137067 -0.00623184
x 2724 103.16833381918413 -21.830197794072493 2.631742666262003
u 2725 0.7547121894869617 -0.00365367
x 2725 102.51028198990755 -21.460660725147353 2.628088996262003
u 2726 0.8521894135639031 -0.00192857
x 2726 101.7684046430671 -21.041322468196626 2.626160426262003
u 2727 0.7553740743664586 -0.000837599
x 2727 101.11132496363817 -20.66871509609103 2.625322827262003
u 2728 0.8503890144354187 -0.000405188
x 2728 100.37185511804712 -20.248779608856015 2.6249176392620033
u 2729 0.8513770004435749 0.000245643
x 2729 99.6315596902422 -19.8282971801976 2.6251632822620032
u 2730 0.7540700032894202 4.2803e-05
x 2730 98.97582163273134 -19.45596779684873 2.625206085262003
u 2731 0.8508340254934516 -0.000468008
x 2731 98.23602707705682 -19.03570295045039 2.6247380772620033
u 2732 0.7557710037213852 -0.000314724
x 2732 97.57903533731574 -18.66213681271444 2.6244233532620034
u 2733 0.85416702806908 -0.000625214
x 2733 96.83670644557954 -18.239586100293828 2.6237981392620036
u 2734 0.7546310264169541 -0.000517806
x 2734 96.18109452288344 -17.865900430076376 2.6232803332620036
u 2735 0.8495460276289659 -0.000865013
x 2735 95.44331295308798 -17.44470360752501 2.6224153202620037
u 2736 0.751495578278983 -0.00334459
x 2736 94.7914684699445 -17.070746594596738 2.6190707302620035
u 2737 0.8285964236302316 -0.00571725
x 2737 94.0746232178378 -16.655171032725136 2.6133534802620035
u 2738 0.7084013468676079 -0.00618824
x 2738 93.46388852428524 -16.296236497060207 2.6071652402620034
u 2739 0.7395913952629847 -0.00797497
x 2739 92.82893430792502 -15.916992939439142 2.5991902702620036
u 2740 0.6787872278608832 -0.00816614
x 2740 92.24900980078327 -15.564236499017417 2.5910241302620034
u 2741 0.552063586970023 -0.00879186
x 2741 91.77980188589069 -15.27334790609427 2.5822322702620033
u 2742 0.5754969675973961 -0.0136442
x 2742 91.2941121734517 -14.964645582009837 2.5685880702620034
u 2743 0.49204915050284165 -0.0170238
x 2743 90.88294580215639 -14.694370288147816 2.5515642702620034
u 2744 0.5455410083966559 -0.0232009
x 2744 90.43320380144135 -14.385608608506924 2.5283633702620034
u 2745 0.48030198957018794 -0.0207977
x 2745 90.04331846857794 -14.105124895577418 2.5075656702620033
u 2746 0.5484167954297534 -0.0213661
x 2746 89.60499148709512 -13.775550932281899 2.4861995702620034
u 2747 0.4962673047508635 -0.0134233
x 2747 89.21358838493276 -13.470458894710402 2.4727762702620035
u 2748 0.5644156431243968 -0.00616728
x 2748 88.77185462067193 -13.11912530680667 2.4666089902620034
u 2749 0.5090642616560971 0.0040589
x 2749 88.37377492729497 -12.801826355599356 2.4706678902620034
u 2750 0.577250424323067 0.014619
x 2750 87.91903812426106 -12.44626123088828 2.4852868902620036
u 2751 0.5899164927127301 0.0241579
x 2751 87.44737338697433 -12.09197755964063 2.5094447902620036
u 2752 0.5250504848040806 0.0290097
x 2752 87.0193432531679 -11.787923480029551 2.5384544902620036
u 2753 0.58319237247459 0.0400006
x 2753 86.53256234208038 -11.466812376942535 2.5784550902620036
u 2754 0.508309259113297 0.0394457
x 2754 86.09750422616662 -11.204002106683795 2.6179007902620035
u 2755 0.5782148435990294 0.0516518
x 2755 85.58953901119159 -10.92790534528247 2.6695525902620036
u 2756 0.49966377166126424 0.055362
x 2756 85.1384570102272 -10.713137674688223 2.7249145902620038
u 2757 0.5336702887598672 0.0670629
x 2757 84.64357435790362 -10.513667343615385 2.7919774902620036
u 2758 0.46189569070693876 0.0666898
x 2758 84.20466908608937 -10.370033327098463 2.8586672902620034
u 2759 0.0 0.0
x 2759 84.20466908608937 -10.370033327098463 2.8586672902620034
u 2760 0.489863419226584 0.0867076
x 2760 83.728945357493 -10.253831785559193 2.9453748902620034
u 2761 0.4024426253558263 0.082592
x 2761 83.3314355489521 -10.191751409998917 3.0279668902620034
u 2762 0.44119105403016734 0.0960125
x 2762 82.89136309823155 -10.162832550596802 3.1239793902620034
u 2763 0.39245481149713274 0.0856793
x 2763 82.49915314543117 -10.172728689815864 3.2096586902620032
u 2764 0.41690804850260443 0.0925876
x 2764 82.08511624987918 -10.220285380747548 3.302246290262003
u 2765 0.3849451595080655 0.0855303
x 2765 81.70822293212983 -10.298027838915539 3.387776590262003
u 2766 0.30790599825523113 0.0684439
x 2766 81.41240050948402 -10.383222870077415 3.456220490262003
u 2767 0.30975524166212265 0.0689323
x 2767 81.1213864002687 -10.489152616437554 3.5251527902620032
u 2768 0.2741376356161673 0.0609743
x 2768 80.87045226344868 -10.599426010992085 3.586127090262003
u 2769 0.32206561410874024 0.0715113
x 2769 80.58488571052368 -10.748200362477027 3.657638390262003
u 2770 0.29786410972297833 0.0662531
x 2770 80.33086693789154 -10.903651453863196 3.723891490262003
u 2771 0.3547668855068635 0.0788791
x 2771 80.04256334114197 -11.11023154833429 3.802770590262003
u 2772 0.34112985237349136 0.0758482
x 2772 79.78151819045826 -11.329706437918773 3.878618790262003
u 2773 0.39678598759714284 0.0881451
x 2773 79.4998356306641 -11.608977177198375 3.966763890262003
u 2774 0.3986484820340346 0.0886517
x 2774 79.24270752134834 -11.91344670521646 4.055415590262003
u 2775 0.3518193103842369 0.0782434
x 2775 79.0389557294191 -12.200150210972236 4.133658990262003
u 2776 0.4059480877272487 0.0898292
x 2776 78.83247001523496 -12.549502061578236 4.223488190262002
u 2777 0.3702654295688567 0.0804656
x 2777 78.67190488103557 -12.883030726429626 4.303953790262002
u 2778 0.4225010388893263 0.0908553
x 2778 78.52193168777914 -13.277862854806777 4.394809090262003
u 2779 0.39405481726993263 0.0832352
x 2779 78.41459340356477 -13.656898556718703 4.478044290262003
u 2780 0.45447786166312876 0.0901166
x 2780 78.32910865491434 -14.10310785682131 4.568160890262003
u 2781 0.428988182624242 0.0753254
x 2781 78.28349062444711 -14.529561673720176 4.643486290262002
u 2782 0.49509063349375737 0.0779806
x 2782 78.2686872400761 -15.024305454882334 4.721466890262002
u 2783 0.44978177303582456 0.0624183
x 2783 78.28679978335214 -15.47364931615837 4.783885190262002
u 2784 0.5343209727585939 0.0627145
x 2784 78.34165070894024 -16.00505943585146 4.8465996902620025
u 2785 0.48998181471892405 0.045843
x 2785 78.41831948262003 -16.488962354666715 4.892442690262002
u 2786 0.5664741807868122 0.0420177
x 2786 78.53144205799546 -17.04398404089089 4.934460390262002
u 2787 0.5840765300146563 0.0327141
x 2787 78.66938067012364 -17.6115119331124 4.967174490262002
u 2788 0.5345716176362381 0.0207636
x 2788 78.80947372971697 -18.127390293160342 4.987938090262002
u 2789 0.611124279409677 0.0150674
x 2789 78.98016956540233 -18.71418561601918 5.0030054902620025
u 2790 0.5552330359921146 0.00770712
x 2790 79.14131598917913 -19.245517930458362 5.0107126102620025
u 2791 0.6371558496469036 0.00453852
x 2791 79.3299691135344 -19.854103896909937 5.015251130262002
u 2792 0.5688200046176725 -0.000373861
x 2792 79.49952006762673 -20.397066757380927 5.014877269262002
u 2793 0.6497458031821806 -0.00420362
x 2793 79.69177282320393 -21.01771791952168 5.010673649262002
u 2794 0.5867704574543644 -0.00725047
x 2794 79.86217879318282 -21.579197987591773 5.003423179262002
u 2795 0.6634691403316452 -0.0127449
x 2795 80.04850144750023 -22.21596263033343 4.990678279262002
u 2796 0.5923377302010471 -0.0148442
x 2796 80.20699009131962 -22.786698027605556 4.975834079262002
u 2797 0.6778335778736253 -0.0191437
x 2797 80.37722873860122 -23.44279491871994 4.956690379262002
u 2798 0.6794618315615408 -0.0215399
x 2798 80.53446305148967 -24.103800139392572 4.935150479262003
u 2799 0.6106486120748856 -0.0212418
x 2799 80.66303452689345 -24.7007482796747 4.913908679262002
u 2800 0.6898706589773049 -0.0266526
x 2800 80.79209481261286 -25.37841840327752 4.887256079262002
u 2801 0.6172428010478279 -0.0281276
x 2801 80.89091903646431 -25.98767806076753 4.859128479262002
u 2802 0.6931255107309209 -0.0372693
x 2802 80.97946398896612 -26.675084169700938 4.821859179262002
u 2803 0.6176552677430615 -0.0360023
x 2803 81.03587853464403 -27.29012418753309 4.785856879262002
u 2804 0.7003872352997377 -0.043916
x 2804 81.07193656106367 -27.98952626376266 4.7419408792620015
u 2805 0.6176376786692097 -0.0424981
x 2805 81.07706426855141 -28.607096176555768 4.699442779262001
u 2806 0.6909648105537358 -0.055625
x 2806 81.04891286706642 -29.297398122909527 4.643817779262001
u 2807 0.6056690649028065 -0.0607841
x 2807 80.98908088894218 -29.900010949548914 4.583033679262001
u 2808 0.6730994031515405 -0.0803085
x 2808 80.8755602383592 -30.56328496537342 4.502725179262001
u 2809 0.6796043081205416 -0.0879233
x 2809 80.70509219653354 -31.22093624331261 4.414801879262001
u 2810 0.6050342186233436 -0.0842192
x 2810 80.50355367921497 -31.79122766968639 4.330582679262001
u 2811 0.6721861475612912 -0.102131
x 2811 80.22170793606493 -32.40114945436355 4.228451679262001
u 2812 0.5984725212054101 -0.0966748
x 2812 79.91810458814467 -32.916625445964875 4.131776879262001
u 2813 0.670887274289243 -0.112197
x 2813 79.51943518992586 -33.45577337873575 4.019579879262001
u 2814 0.5957978116290459 -0.100815
x 2814 79.11645348265708 -33.89427106843166 3.9187648792620013
u 2815 0.6653025330680472 -0.111763
x 2815 78.61710185775851 -34.333377968723106 3.8070018792620015
u 2816 0.5721797513804643 -0.0962443
x 2816 78.15069693095381 -34.66444212197051 3.7107575792620016
u 2817 0.6381877464923625 -0.106617
x 2817 77.59581907885597 -34.97909829864669 3.6041405792620016
u 2818 0.5548350659159531 -0.0918456
x 2818 77.08862298728569 -35.20354814362631 3.5122949792620015
u 2819 0.6098692680615739 -0.100462
x 2819 76.51004734065602 -35.395584675252245 3.4118329792620017
u 2820 0.5956617402325249 -0.0926062
x 2820 75.92946638665111 -35.52781616489141 3.3192267792620016
u 2821 0.5280602243788203 -0.0746091
x 2821 75.4067182843672 -35.60165853270232 3.2446176792620016
u 2822 0.5919925809320249 -0.0767584
x 2822 74.8161072819816 -35.63989234420165 3.1678592792620015
u 2823 0.5228878780174963 -0.0607049
x 2823 74.2933040510501 -35.63775625015543 3.1071543792620013
u 2824 0.5940837691162417 -0.0617451
x 2824 73.70058103083923 -35.59898988606946 3.0454092792620013
u 2825 0.5345240594548013 -0.0486749
x 2825 73.16998671070849 -35.534730792651565 2.9967343792620014
u 2826 0.605783111237017 -0.0464046
x 2826 72.5727920460527 -35.43341020166836 2.9503297792620016
u 2827 0.5431472231798381 -0.0354144
x 2827 72.04148870516052 -35.32073884574935 2.9149153792620015
u 2828 0.6202529986534991 -0.033886
x 2828 71.4395799172547 -35.171130082179765 2.8810293792620016
u 2829 0.5560281017000533 -0.0262676
x 2829 70.9042635804452 -35.02084404471507 2.8547617792620015
u 2830 0.6406716000922046 -0.0245569
x 2830 70.29205361635144 -34.83206260386429 2.8302048792620016
u 2831 0.6478795261097453 -0.0189753
x 2831 69.67725129542777 -34.627726136035456 2.8112295792620015
u 2832 0.5767934626872728 -0.0132363
x 2832 69.13290234869982 -34.43701676146473 2.7979932792620015
u 2833 0.6578783558410344 -0.0110188
x 2833 68.51471169850795 -34.21198371482308 2.7869744792620015
u 2834 0.594041183462895 -0.0054714
x 2834 67.95819934043973 -34.004190445847605 2.7815030792620017
u 2835 0.6712496691185177 -0.00251302
x 2835 67.33029794192815 -33.76688112257282 2.778990059262002
u 2836 0.6043360125891963 0.000936176
x 2836 66.76515751539772 -33.55278234224181 2.779926235262002
u 2837 0.6864644101278284 0.00258093
x 2837 66.12278879251504 -33.310717167851344 2.782507165262002
u 2838 0.6159595078016614 0.00325188
x 2838 65.54576511660694 -33.095195803829085 2.7857590452620022
u 2839 0.6990636032522022 0.00488446
x 2839 64.88990120838277 -32.85326299562259 2.790643505262002
u 2840 0.6327412287689653 0.00456904
x 2840 64.29523268140055 -32.63709151484497 2.795212545262002
u 2841 0.7132399986040536 0.00536935
x 2841 63.62370672325324 -32.396752252616004 2.800581895262002
u 2842 0.7183411903219572 0.00559154
x 2842 62.946061563587655 -32.15840427412444 2.8061734352620022
u 2843 0.6464295864054622 0.00506057
x 2843 62.33512015353784 -31.947167648790202 2.811234005262002
u 2844 0.7293134736320521 0.00575354
x 2844 61.64456676134432 -31.712577179977615 2.8169875452620023
u 2845 0.651878600748429 0.00509228
x 2845 61.026204695091565 -31.506244567793562 2.8220798252620023
u 2846 0.7378836025408401 0.00599895
x 2846 60.324975457894666 -31.276574946476618 2.8280787752620022
u 2847 0.6574117350703135 0.00523521
x 2847 59.699080906382285 -31.075464994722545 2.833313985262002
u 2848 0.7477386707254413 0.00598834
x 2848 58.98591762993705 -30.85072160771478 2.839302325262002
u 2849 0.65982575941688 0.00516661
x 2849 58.35550560566614 -30.65591466746359 2.844468935262002
u 2850 0.750147074459928 0.00526445
x 2850 57.6376532954128 -30.438182275839715 2.849733385262002
u 2851 0.6725242964203302 0.00435499
x 2851 56.99315035106966 -30.24607769711027 2.854088375262002
u 2852 0.7573324487105662 0.00433561
x 2852 56.26643969720212 -30.03290367200577 2.858423985262002
u 2853 0.768469331955029 0.00406477
x 2853 55.52814036499424 -29.81969392289109 2.8624887552620017
u 2854 0.686946497018046 0.00256755
x 2854 54.86753461740858 -29.63129202061288 2.865056305262002
u 2855 0.7770963084950859 0.00178866
x 2855 54.119773280438544 -29.41979380641214 2.866844965262002
u 2856 0.6952370215758543 0.000497549
x 2856 53.45056514366011 -29.231339631962445 2.8673425142620017
u 2857 0.7902750148819988 0.000311487
x 2857 52.68979053154653 -29.01743174603962 2.8676540012620015
u 2858 0.7028321045742908 -0.0018379
x 2858 52.01334012960009 -28.826676190737757 2.8658161012620016
u 2859 0.7929082813375838 -0.00400923
x 2859 51.25082749964055 -28.609243006467672 2.8618068712620017
u 2860 0.7062619731965268 -0.00381361
x 2860 50.57240233097817 -28.41291506456421 2.857993261262002
u 2861 0.7931564860450488 -0.00433181
x 2861 49.81141194735706 -28.189330933500482 2.8536614512620018
u 2862 0.692894962313221 -0.00388165
x 2862 49.14742465978834 -27.99128117225772 2.849779801262002
u 2863 0.7705124652905897 -0.00427829
x 2863 48.40996287746525 -27.768035403610686 2.845501511262002
u 2864 0.7565980322033972 -0.00376795
x 2864 47.68670633613499 -27.545909582304233 2.8417335612620023
u 2865 0.6564586477219158 -0.00315764
x 2865 47.05984729541083 -27.35101129814305 2.8385759212620023
u 2866 0.7053839173102886 -0.00367114
x 2866 46.386988095066364 -27.139288818249558 2.8349047812620025
u 2867 0.591661600471262 -0.0034116
x 2867 45.82323996292759 -26.959702756848273 2.8314931812620023
u 2868 0.6234341512978712 -0.00443162
x 2868 45.22996509802771 -26.768144829359997 2.8270615612620023
u 2869 0.5101096483226569 -0.00365027
x 2869 44.745169745362325 -26.60944690746455 2.823411291262002
u 2870 0.5054336589112773 -0.00396184
x 2870 44.26542033658746 -26.45037662679838 2.819449451262002
u 2871 0.3770126327979383 -0.00422575
x 2871 43.90805485003884 -26.33025908936243 2.8152237012620023
u 2872 0.36094033915320356 -0.00266278
x 2872 43.56632204139141 -26.21408448393963 2.812560921262002
u 2873 0.26974204288811204 -0.00131825
x 2873 43.3111076561118 -26.126755355288548 2.811242671262002
u 2874 0.2736010518283525 -0.00143094
x 2874 43.05236410623996 -26.037821120102166 2.809811731262002
u 2875 0.25882604975061807 -0.00140583
x 2875 42.80771280019306 -25.953342416005327 2.808405901262002
u 2876 0.24207604009199193 -0.00138205
x 2876 42.57900453990388 -25.8740118951793 2.807023851262002
u 2877 0.28966413358425946 -0.00235807
x 2877 42.30551410419045 -25.77857472747807 2.8046657812620017
u 2878 0.27603626497960476 -0.00341852
x 2878 42.045154446177605 -25.686875251692495 2.801247261262002
u 2879 0.3285880754971812 -0.0062978
x 2879 41.73576181083273 -25.576213769269973 2.794949461262002
u 2880 0.3158630967188033 -0.00876389
x 2880 41.43916077322199 -25.467601238750078 2.786185571262002
u 2881 0.39821862083987997 -0.013307
x 2881 41.066761832445685 -25.32655245686252 2.7728785712620017
u 2882 0.4024542233045305 -0.0148698
x 2882 40.69244817500381 -25.178715711443523 2.7580087712620016
u 2883 0.5080811811233557 -0.0212323
x 2883 40.223343547432435 -24.983580790892898 2.7367764712620017
u 2884 0.49573794274753674 -0.0244917
x 2884 39.77011010949174 -24.782774231587673 2.7122847712620017
u 2885 0.6063722646912704 -0.0326881
x 2885 39.22298667778909 -24.521411389586998 2.6795966712620016
u 2886 0.6574111639587815 -0.0362489
x 2886 38.63993480100233 -24.21777900425316 2.6433477712620017
u 2887 0.6264024979579823 -0.0374679
x 2887 38.095424703708424 -23.908193891260325 2.605879871262002
u 2888 0.7467220499791071 -0.0484647
x 2888 37.46280078588402 -23.511618972603266 2.557415171262002
u 2889 0.6899673926388767 -0.0446466
x 2889 36.895937828473656 -23.118373097580605 2.512768571262002
u 2890 0.7998267967622051 -0.049308
x 2890 36.26096039760484 -22.63216638686488 2.463460571262002
u 2891 0.7266960541723342 -0.0391589
x 2891 35.70411828682074 -22.165318937837455 2.4243016712620022
u 2892 0.8225660685053147 -0.0369526
x 2892 35.0943715880204 -21.61328007052537 2.387349071262002
u 2893 0.7244583469726775 -0.0291532
x 2893 34.57369900531923 -21.109590893559663 2.358195871262002
u 2894 0.808429287539269 -0.0309144
x 2894 34.009819109519306 -20.530328148966454 2.327281471262002
u 2895 0.7220379547550547 -0.0258564
x 2895 33.52107777250359 -19.99887573434286 2.301425071262002
u 2896 0.806146802078263 -0.0287335
x 2896 32.991804321249994 -19.39084812844758 2.272691571262002
u 2897 0.7988696219667449 -0.0279286
x 2897 32.484586472637005 -18.773692357877216 2.244762971262002
u 2898 0.7053806447332419 -0.0244178
x 2898 32.051137654492 -18.217222003974854 2.220345171262002
u 2899 0.7780551843925851 -0.0261201
x 2899 31.588693906112958 -17.591537393293834 2.194225071262002
u 2900 0.6681582664075303 -0.0221373
x 2900 31.204644169803075 -17.04479884734666 2.172087771262002
u 2901 0.7392089061319435 -0.0240309
x 2901 30.793831851712735 -16.430277285069728 2.148056871262002
u 2902 0.6361320271857943 -0.0188601
x 2902 30.45172240077473 -15.893981578668102 2.129196771262002
u 2903 0.7000124987886114 -0.0172163
x 2903 30.085963286692134 -15.297135144840354 2.1119804712620023
u 2904 0.6069574167437874 -0.010535
x 2904 29.77603442714028 -14.775275009825627 2.1014454712620023
u 2905 0.6644254932495147 -0.00759765
x 2905 29.441953274739028 -14.200950279287223 2.093847821262002
u 2906 0.5769934925899168 -0.00194732
x 2906 29.154216907927093 -13.70082112746707 2.091900501262002
u 2907 0.6281916305812322 0.0044226
x 2907 28.840275485382506 -13.156702698515145 2.096323101262002
u 2908 0.6166833728037495 0.0106967
x 2908 28.528057452242944 -12.624899486825774 2.107019801262002
u 2909 0.5413294205010188 0.0147234
x 2909 28.248080227891798 -12.16160152471489 2.1217432012620017
u 2910 0.5822967461734411 0.0173688
x 2910 27.93895805206851 -11.668139816948047 2.1391120012620015
u 2911 0.518130299648021 0.0172933
x 2911 27.6563315936697 -11.233888044255288 2.1564053012620015
u 2912 0.583191025839152 0.0204962
x 2912 27.329039827010515 -10.751208061574385 2.1769015012620017
u 2913 0.5161368400583799 0.0179166
x 2913 27.03122750367478 -10.32966573679094 2.1948181012620016
u 2914 0.5846802043633799 0.0205086
x 2914 26.6847552748591 -9.858713558485956 2.2153267012620015
u 2915 0.5204562228125474 0.0177596
x 2915 26.368375309507048 -9.445468742551235 2.2330863012620017
u 2916 0.5825267248995954 0.0176714
x 2916 26.006125339400562 -8.989285102086138 2.2507577012620015
u 2917 0.524856123585042 0.0157602
x 2917 25.672912884040198 -8.583775905934726 2.2665179012620014
u 2918 0.600337791840196 0.0177484
x 2918 25.28406364303853 -8.126400489707947 2.2842663012620013
u 2919 0.5953740184220887 0.0125089
x 2919 24.891609063951424 -7.678689642042583 2.296775201262001
u 2920 0.5385951288925152 0.00917574
x 2920 24.53221018407116 -7.277547369618421 2.305950941262001
u 2921 0.5982400959992268 0.0104381
x 2921 24.128660901221085 -6.835918634918181 2.316389041262001
u 2922 0.5459471146794455 0.0058703
x 2922 23.757111187761755 -6.43590837689762 2.322259341262001
u 2923 0.6277174833895546 0.00444816
x 2923 23.327544427156262 -5.978195598570966 2.326707501262001
u 2924 0.5492930312487312 -0.000111335
x 2924 22.950778042768093 -5.578483295204683 2.326596166262001
u 2925 0.6334778800702385 -0.00419422
x 2925 22.51726200045378 -5.116576943965839 2.322401946262001
u 2926 0.574456104761386 -0.00463664
x 2926 22.125990467951638 -4.695975216740427 2.3177653062620007
u 2927 0.6521439776065417 -0.00558975
x 2927 21.684251881017406 -4.216227698790909 2.3121755562620008
u 2928 0.5916583569026804 -0.00471363
x 2928 21.285731490384357 -3.778917212524482 2.307461926262001
u 2929 0.6731952678119328 -0.00384573
x 2929 20.834424161225954 -3.2794044452129594 2.3036161962620008
u 2930 0.6846941360216804 -0.00104573
x 2930 20.376651689424236 -2.7702380861110774 2.302570466262001
u 2931 0.6092950071506871 -0.000325825
x 2931 19.969600332867355 -2.3168623086596454 2.302244641262001
u 2932 0.690258004618452 -0.000213844
x 2932 19.508598682369815 -1.8031176353409653 2.3020307972620007
u 2933 0.6207450081425503 0.000464863
x 2933 19.093964599711022 -1.3411620793699817 2.3024956602620006
u 2934 0.6974790104576982 0.000202818
x 2934 18.627901857816017 -0.8222569926932257 2.3026984782620006
u 2935 0.6282120088896008 0.000555878
x 2935 18.207946786196825 -0.3550439194897099 2.3032543562620007
u 2936 0.7055130842332553 0.00104115
x 2936 17.73589770135815 0.16928262815412753 2.3042955062620005
u 2937 0.6353580385520746 0.000873714
x 2937 17.310336492015683 0.6410637941364767 2.3051692202620004
u 2938 0.7138201732684362 0.00158964
x 2938 16.831569099586154 1.1705172070188063 2.3067588602620006
u 2939 0.626891107846911 0.00141335
x 2939 16.410408335183412 1.6348619132516284 2.3081722102620006
u 2940 0.7104783631403626 0.00238329
x 2940 15.932093536919743 2.160213433017849 2.3105555002620006
u 2941 0.6974953399199949 0.0021715
x 2941 15.461345919404621 2.6748941482613215 2.312727000262001
u 2942 0.6131312332799423 0.00212693
x 2942 15.046565193487782 3.1264323159847813 2.314853930262001
u 2943 0.6827565417679514 0.00289363
x 2943 14.583422564640541 3.6280846611473683 2.317747560262001
u 2944 0.600740406192375 0.00269341
x 2944 14.174683485174855 4.068335933012207 2.320440970262001
u 2945 0.6701766785654262 0.00321242
x 2945 13.717252269699728 4.558124741947085 2.323653390262001
u 2946 0.5830084070077367 0.00272194
x 2946 13.31805547394081 4.983025331543677 2.326375330262001
u 2947 0.6301654428204848 0.00247738
x 2947 12.885376864215363 5.441171053896062 2.328852710262001
u 2948 0.5167280751780381 0.00116517
x 2948 12.529901926592121 5.816198309160365 2.3300178802620013
u 2949 0.5248931599232636 0.00217557
x 2949 12.168174169603551 6.196547820122279 2.332193450262001
u 2950 0.4118272838514449 0.00264968
x 2950 11.883646131536706 6.494281607338268 2.3348431302620014
u 2951 0.3931651815407552 0.00210264
x 2951 11.611336918230652 6.777877262054551 2.3369457702620013
u 2952 0.3302760960202959 0.00176292
x 2952 11.382125130099052 7.0156675636495525 2.3387086902620013
u 2953 0.2363340456847356 0.00144457
x 2953 11.21783649510557 7.185558751910725 2.340153260262001
u 2954 0.2051280310105395 0.00126383
x 2954 11.075041296016066 7.332823936603198 2.3414170902620013
u 2955 0.13329200893100904 0.000832633
x 2955 10.982152844169306 7.428419407897235 2.342249723262001
u 2956 0.09811740375500098 0.000621289
x 2956 10.913725711113305 7.498738339001843 2.3428710122620013
u 2957 0.04410280031581858 0.000278613
x 2957 10.882954173965985 7.530332159358105 2.343149625262001
u 2958 0.008919260001909589 5.5827e-05
x 2958 10.876729932941972 7.536720588166217 2.3432054522620014
u 2959 0.0014867400000000092 -9.56232e-06
x 2959 10.875692397562814 7.537785443163141 2.3431958899420016
u 2960 0.0009910410000000004 6.21784e-06
x 2960 10.875000791542242 7.538495262419056 2.3432021077820018
u 2961 0.003469080000105141 2.23346e-05
x 2961 10.87257983038364 7.540979907889802 2.343224442382002
u 2962 0.026764600079542115 0.000176433
x 2962 10.853899757888955 7.560147555297694 2.343400875382002
u 2963 0.04669930075399027 0.000450663
x 2963 10.821295985235867 7.593581350517318 2.343851538382002
u 2964 0.0599289046360558 0.000986881
x 2964 10.779424951817425 7.636456633371927 2.344838419382002
u 2965 0.10886208166952535 0.00307842
x 2965 10.703207236389444 7.714185671198214 2.3479168393820022
u 2966 0.14949454025764378 0.0065789
x 2966 10.598027431584883 7.820420061207459 2.3544957393820023
u 2967 0.22330436929183092 0.0128529
x 2967 10.43938375331166 7.9775707475954025 2.3673486393820022
u 2968 0.24924428409616958 0.0164886
x 2968 10.259758010281416 8.150359341391464 2.3838372393820024
u 2969 0.3389104262663527 0.0235164
x 2969 10.010864046637327 8.38037407710432 2.4073536393820025
u 2970 0.34628233801565 0.0241325
x 2970 9.75103003465639 8.60926690022023 2.4314861393820024
u 2971 0.43776377578924275 0.0303083
x 2971 9.41480346175078 8.88957770237347 2.4617944393820026
u 2972 0.4307151211314058 0.0294687
x 2972 9.075895740815458 9.155366429456912 2.4912631393820024
u 2973 0.5287485688302531 0.0338857
x 2973 8.649730168106526 9.468306045168298 2.5251488393820023
u 2974 0.5555112294254727 0.0301606
x 2974 8.191692440319821 9.78258422406943 2.555309439382002
u 2975 0.5122514927099711 0.0257905
x 2975 7.761378334460165 10.060463366332947 2.581099939382002
u 2976 0.5994564530940425 0.0302335
x 2976 7.24890315471912 10.371413294560922 2.611333439382002
u 2977 0.5359221348559509 0.0257907
x 2977 6.783132199034521 10.636468065554494 2.637124139382002
u 2978 0.6112059824345112 0.02687
x 2978 6.244158869405589 10.924665960971119 2.663994139382002
u 2979 0.5535266506053305 0.0216964
x 2979 5.749849717506242 11.173740641315547 2.6856905393820023
u 2980 0.6347076361817687 0.0194991
x 2980 5.177280184758565 11.447611321577936 2.7051896393820023
u 2981 0.5726895660136163 0.0131599
x 2981 4.65668650758601 11.686255049869951 2.718349539382002
u 2982 0.6441912148226587 0.0105538
x 2982 4.067952356924437 11.947732714868357 2.728903339382002
u 2983 0.5822748177998001 0.00694972
x 2983 3.533754911431193 12.179412856576414 2.735853059382002
u 2984 0.6516165033413653 0.00734408
x 2984 2.934103642015737 12.43440406050758 2.7431971393820023
u 2985 0.6440582383781455 0.00713255
x 2985 2.3395990484308786 12.682140904893348 2.7503296893820024
u 2986 0.5735623301467822 0.00651674
x 2986 1.8086729270780437 12.899143291965302 2.7568464293820023
u 2987 0.6388498540796143 0.00611903
x 2987 1.2157971156544638 13.13710575715478 2.762965459382002
u 2988 0.5620043783033646 0.00233887
x 2988 0.6933553779058348 13.344237135530115 2.765304329382002
u 2989 0.634701265167473 0.00195676
x 2989 0.10283318946489461 13.576893776152835 2.767261089382002
u 2990 0.5637521108571973 0.00139394
x 2990 -0.4220238534092764 13.782664220045197 2.768655029382002
u 2991 0.6397221235911014 0.00142479
x 2991 -1.0179379863662388 14.015324213002181 2.770079819382002
u 2992 0.5687362888393672 0.00276162
x 2992 -1.5481590551759203 14.221057970219993 2.772841439382002
u 2993 0.6421455031023433 0.00721057
x 2993 -2.147967673039089 14.4503583899862 2.780052009382002
u 2994 0.5763816097183893 0.0108769
x 2994 -2.688186055629365 14.65129764413982 2.7909289093820018
u 2995 0.6501108711991271 0.0170512
x 2995 -3.300608735474667 14.86940854730127 2.807980109382002
u 2996 0.6511698831690079 0.020396
x 2996 -3.9180085256571267 15.076350608536957 2.8283761093820017
u 2997 0.5799747305761894 0.0188574
x 2997 -4.471418160732379 15.249839790341477 2.8472335093820016
u 2998 0.6300530268347522 0.0205132
x 2998 -5.076204021385953 15.426438090318292 2.8677467093820015
u 2999 0.5236340489192925 0.0173983
x 2999 -5.581532804191581 15.563655151930737 2.8851450093820015
u 3000 0.5353649613368171 0.0179099
x 3000 -6.100578093526107 15.694803801122035 2.9030549093820013
u 3001 0.42663042477310137 0.0143451
x 3001 -6.515837071883372 15.79263211501907 2.917400009382001
u 3002 0.4248232881910653 0.0139136
x 3002 -6.930672367130962 15.884194075139314 2.931313609382001
u 3003 0.31909898161967487 0.00976953
x 3003 -7.243062852009371 15.949275064358108 2.941083139382001
u 3004 0.2970242117623789 0.00862549
x 3004 -7.534387772921114 16.00717692833497 2.949708629382001
u 3005 0.21114971728950796 0.00594397
x 3005 -7.741780646671249 16.046828760108998 2.955652599382001
u 3006 0.17574440523037774 0.00478009
x 3006 -7.91457272198238 16.078905790350706 2.960432689382001
u 3007 0.11367209658575621 0.00291935
x 3007 -8.026414351829876 16.09922293085571 2.963352039382001
u 3008 0.05223410782526133 0.00124444
x 3008 -8.077826671747534 16.108451962705107 2.964596479382001
u 3009 0.011541600052687232 0.000261793
x 3009 -8.089188223568764 16.110482645159077 2.964858272382001
u 3010 0.0015055800000000007 -3.43487e-05
x 3010 -8.090670346735328 16.11074737531469 2.964823923682001
u 3011 0.0010035400000000007 2.26682e-05
x 3011 -8.09165825062024 16.110923836204837 2.9648465918820013
u 3012 1.05423445275155e-07 -1.38513e-07
x 3012 -8.091658354401297 16.11092385474116 2.964846453369001
u 3013 5.616450000102534e-09 0.0
x 3013 -8.091658359930248 16.110923855728686 2.964846453369001
u 3014 0.011539200062767815 0.000258676
x 3014 -8.103018053199602 16.112951294056323 2.965105129369001
u 3015 0.042139803664534035 0.000940294
x 3015 -8.14450674883235 16.120330389986094 2.966045423369001
u 3016 0.06018511004483533 0.00132395
x 3016 -8.203773821599798 16.130802306123325 2.967369373369001
u 3017 0.09478734029605222 0.00207978
x 3017 -8.29714324024398 16.147135961680775 2.969449153369001
u 3018 0.11887408067959562 0.00262622
x 3018 -8.414286948979122 16.16734463406019 2.972075373369001
u 3019 0.1298921011034321 0.00284755
x 3019 -8.542348245301165 16.189075968874302 2.9749229233690007
u 3020 0.17153023963911485 0.00377726
x 3020 -8.711554884868361 16.217213155199538 2.9787001833690008
u 3021 0.17154723588937304 0.00379968
x 3021 -8.88088368205608 16.24471183113109 2.982499863369001
u 3022 0.22372954819680063 0.00497551
x 3022 -9.101875105861724 16.279605929181542 2.987475373369001
u 3023 0.22366651384558434 0.00489254
x 3023 -9.322973704243267 16.313399706997533 2.992367913369001
u 3024 0.2788570398730988 0.00613422
x 3024 -9.59885713058321 16.35401177319001 2.998502133369001
u 3025 0.2712969218484014 0.00591995
x 3025 -9.867494345624875 16.391904405004208 3.004422083369001
u 3026 0.3289386622460681 0.00714218
x 3026 -10.193501095084907 16.43571973197999 3.011564263369001
u 3027 0.31235736069944053 0.00673761
x 3027 -10.50335569752043 16.47517701320613 3.0183018733690012
u 3028 0.3628541135045483 0.00764303
x 3028 -10.863622521428276 16.518423774296213 3.0259449033690013
u 3029 0.38280340302524013 0.00793655
x 3029 -11.24404018574531 16.56108613305088 3.0338814533690015
u 3030 0.3521817442984019 0.00722734
x 3030 -11.594314717419568 16.597681127015363 3.0411087933690015
u 3031 0.41932607791680404 0.00862487
x 3031 -12.011701834271737 16.637946053524896 3.0497336633690013
u 3032 0.3897894146241019 0.0080446
x 3032 -12.399987500362423 16.67213976462463 3.057778263369001
u 3033 0.4603050239472626 0.00933506
x 3033 -12.8588498834098 16.708533305719975 3.0671133233690013
u 3034 0.425561859801627 0.00839409
x 3034 -13.28335987688248 16.738418060613128 3.0755074133690012
u 3035 0.4980406571691874 0.00967266
x 3035 -13.780464706082363 16.768903320300215 3.0851800733690014
u 3036 0.46228937929154285 0.00870185
x 3036 -14.242126272027113 16.79295992397082 3.0938819233690014
u 3037 0.5392043433664369 0.00997796
x 3037 -14.780836391632407 16.815988575078748 3.1038598833690014
u 3038 0.5000389719146315 0.00905657
x 3038 -15.280598024959284 16.832589004162013 3.1129164533690012
u 3039 0.5877843405561453 0.0103068
x 3039 -15.86821715501155 16.846414001550546 3.123223253369001
u 3040 0.6147272314254933 0.0100698
x 3040 -16.48288713825093 16.854610804405013 3.1332930533690013
u 3041 0.56468253721945 0.00910946
x 3041 -17.047563763478728 16.856725454968544 3.1424025133690012
u 3042 0.6549570821965913 0.0104442
x 3042 -17.70250595379818 16.852774822104724 3.152846713369001
u 3043 0.5945461114426891 0.00947087
x 3043 -18.29697384309382 16.843268770760428 3.162317583369001
u 3044 0.6734116513803571 0.0107182
x 3044 -18.970153198403878 16.825705557029153 3.173035783369001
u 3045 0.6004902405964334 0.00950469
x 3045 -19.570247868249268 16.803975355043704 3.182540473369001
u 3046 0.679760525375698 0.010636
x 3046 -20.249277800190633 16.77253704387783 3.1931764733690007
u 3047 0.6103853672611086 0.00954727
x 3047 -20.85869176785041 16.73815561570705 3.202723743369001
u 3048 0.6925838391969256 0.0106375
x 3048 -21.549743831302685 16.69216760895162 3.213361243369001
u 3049 0.6245342848378683 0.00934588
x 3049 -22.17245206526362 16.644473906410415 3.222707123369001
u 3050 0.7082727484011652 0.0105168
x 3050 -22.878081249954374 16.583374674131058 3.233223923369001
u 3051 0.7216220826903744 0.0105617
x 3051 -23.596313923268717 16.513550490986237 3.243785623369001
u 3052 0.6486228262855918 0.00859694
x 3052 -24.241260407996716 16.4446084031056 3.2523825633690007
u 3053 0.7446677811529129 0.00973655
x 3053 -24.980950175137902 16.358673707661445 3.2621191133690006
u 3054 0.671591278705704 0.00897
x 3054 -25.647298281662636 16.274935888546533 3.2710891133690008
u 3055 0.7638775344168569 0.00905646
x 3055 -26.404322872396786 16.172864010126897 3.280145573369001
u 3056 0.6822216495184098 0.0073824
x 3056 -27.079652789573448 16.07614912897226 3.287527973369001
u 3057 0.7751232923286133 0.00828022
x 3057 -27.846061353982904 15.960258672277238 3.295808193369001
u 3058 0.6884724243977405 0.00717148
x 3058 -28.525978184334285 15.852067399528202 3.3029796733690007
u 3059 0.7392555008818061 0.00650701
x 3059 -29.25523569508632 15.730905316700255 3.3094866833690006
u 3060 0.6314400757219979 0.00415482
x 3060 -29.8775760180941 15.624094652366766 3.3136415033690008
u 3061 0.6730502511180778 0.00439853
x 3061 -30.540433849248657 15.507409581079479 3.3180400333690008
u 3062 0.6324100571099547 0.00413294
x 3062 -31.16279362716652 15.395114354676393 3.3221729733690006
u 3063 0.5350865606012688 0.00325892
x 3063 -31.68902195810586 15.298154993867263 3.3254318933690006
u 3064 0.5783217725837698 0.00369351
x 3064 -32.257401959761495 15.191384838199486 3.3291254033690008
u 3065 0.4963704246786712 0.00293039
x 3065 -32.744933336441434 15.098129388297156 3.3320557933690007
u 3066 0.55852659174152 0.00360274
x 3066 -33.29316824573229 14.991404974519412 3.3356585333690005
u 3067 0.4968880148758198 0.00490974
x 3067 -33.780491603463354 14.894383593523525 3.3405682733690005
u 3068 0.5791970488893017 0.00744203
x 3068 -34.3478296020492 14.777784843493531 3.3480103033690005
u 3069 0.5229953500174823 0.00681682
x 3069 -34.859353188048814 14.668850469178395 3.3548271233690006
u 3070 0.6007856405543078 0.00794616
x 3070 -35.44602064836541 14.53937932297872 3.3627732833690005
u 3071 0.5384009269067894 0.0076209
x 3071 -35.97085050058744 14.419263623083953 3.3703941833690005
u 3072 0.6183648823126703 0.00901569
x 3072 -36.572459739229785 14.276299076340361 3.3794098733690006
u 3073 0.6329130778958817 0.00998942
x 3073 -37.18680422122028 14.124126508075467 3.3893992933690007
u 3074 0.5761747341745057 0.00930606
x 3074 -37.74471275587742 13.980206407259564 3.398705353369001
u 3075 0.6644140608970175 0.0112075
x 3075 -38.38632612805711 13.807655822756796 3.4099128533690006
u 3076 0.5977116508517372 0.0110418
x 3076 -38.96176366949804 13.646016645311098 3.4209546533690007
u 3077 0.6891524282635505 0.0152116
x 3077 -39.62272789333147 13.450957151063037 3.436166253369001
u 3078 0.6140908313009107 0.0163749
x 3078 -40.208881422820106 13.267863834291848 3.452541153369001
u 3079 0.6862244647896361 0.0197997
x 3079 -40.86007599055403 13.05145157201756 3.4723408533690012
u 3080 0.6065296670612432 0.0174593
x 3080 -41.43198293730199 12.849482919890399 3.4898001533690013
u 3081 0.6740451014070765 0.0199971
x 3081 -42.06323404466129 12.613170207109267 3.509797253369001
u 3082 0.5899375767453029 0.0189892
x 3082 -42.611581981003496 12.395614633984474 3.528786453369001
u 3083 0.6535420943074765 0.0235226
x 3083 -43.21378582794185 12.141748326629868 3.5523090533690014
u 3084 0.5654975440952948 0.0225233
x 3084 -43.7296673531625 11.910144774082537 3.5748323533690014
u 3085 0.6285764421474296 0.0270155
x 3085 -44.29653623166119 11.638586330283857 3.6018478533690015
u 3086 0.6219286466184661 0.0286542
x 3086 -44.849712684321716 11.35439521650053 3.6305020533690016
u 3087 0.5470047038619139 0.0280481
x 3087 -45.328967408137615 11.090748785872771 3.6585501533690015
u 3088 0.6099302392477691 0.0342903
x 3088 -45.853924374502334 10.78026749880686 3.6928404533690014
u 3089 0.5351860660715861 0.03392
x 3089 -46.30499329022936 10.492285733520658 3.7267604533690015
u 3090 0.602353244131224 0.0431603
x 3090 -46.7997920934832 10.14885123475612 3.7699207533690013
u 3091 0.5197927961769166 0.0396327
x 3091 -47.214146587802176 9.83506860331468 3.809553453369001
u 3092 0.5738260055587321 0.0439093
x 3092 -47.656702934740224 9.469873773961115 3.8534627533690013
u 3093 0.5006628926733073 0.0384669
x 3093 -48.02939245081765 9.135605993128564 3.8919296533690013
u 3094 0.5538931508077708 0.0429837
x 3094 -48.42630185576654 8.749324602021153 3.9349133533690015
u 3095 0.521862535506959 0.0423621
x 3095 -48.78439327510388 8.369758644027904 3.9772754533690016
u 3096 0.43482114966732804 0.0368294
x 3096 -49.070010816235445 8.04193143017898 4.014104853369002
u 3097 0.47136007471492153 0.0401429
x 3097 -49.36572332996241 7.674910184501565 4.054247753369002
u 3098 0.41158183560564493 0.034798
x 3098 -49.61175067460873 7.34498131348033 4.089045753369002
u 3099 0.45137807178207595 0.0378539
x 3099 -49.868245332887184 6.973594283134831 4.126899653369002
u 3100 0.3922933876421331 0.0327743
x 3100 -50.07963334485111 6.6431469569657375 4.159673953369002
u 3101 0.4336605138086819 0.0352999
x 3101 -50.30074406891584 6.270116178871809 4.194973853369002
u 3102 0.37293218611565293 0.0274074
x 3102 -50.48074508633031 5.943513448511328 4.222381253369003
u 3103 0.4100554403042653 0.0256401
x 3103 -50.66907135328242 5.57927524386292 4.248021353369003
u 3104 0.35359197509163526 0.0181725
x 3104 -50.82454892563074 5.261705458405584 4.266193853369003
u 3105 0.39333754423500245 0.0179091
x 3105 -50.991102042795085 4.905376470381144 4.284102953369003
u 3106 0.341919966856372 0.0170887
x 3106 -51.13044113399692 4.59314092403329 4.3011916533690036
u 3107 0.3702746829335877 0.0232565
x 3107 -51.2744826632909 4.252040939804626 4.324448153369003
u 3108 0.36034859386029466 0.0296688
x 3108 -51.405828471942485 3.916496810159224 4.354116953369003
u 3109 0.3224671687788115 0.0297879
x 3109 -51.514389441558706 3.6128656160283397 4.383904853369002
u 3110 0.3696093603947194 0.0360228
x 3110 -51.62730224704941 3.260946583301056 4.419927653369002
u 3111 0.3293918210157504 0.0369622
x 3111 -51.716419184131574 2.943858596783874 4.456889853369002
u 3112 0.36008392669421335 0.0449171
x 3112 -51.799568885773276 2.593537653661337 4.501806953369002
u 3113 0.3069671723451238 0.0399024
x 3113 -51.857728655017866 2.292151217016793 4.541709353369002
u 3114 0.3235550390883529 0.0435665
x 3114 -51.905723217454586 1.972201489926902 4.5852758533690015
u 3115 0.2694956285081634 0.0366629
x 3115 -51.934979980803824 1.7043138257736041 4.621938753369001
u 3116 0.29367921164173144 0.0399378
x 3116 -51.95566037377098 1.4113832241305555 4.661876553369001
u 3117 0.2535529295606864 0.0344998
x 3117 -51.964092211661566 1.157983113926192 4.696376353369001
u 3118 0.2805484651316847 0.0382297
x 3118 -51.963221942159194 0.8774530827175369 4.734606053369
u 3119 0.2750361207239924 0.0374652
x 3119 -51.95196310886753 0.6026636022020307 4.772071253369
u 3120 0.24483012474538524 0.0334026
x 3120 -51.933281157401396 0.3585587033914295 4.805473853369
u 3121 0.2834772061181844 0.0388397
x 3121 -51.901457869575445 0.07689134059947289 4.844313553368999
u 3122 0.2593164226576791 0.035596
x 3122 -51.86277928480485 -0.17951044189533755 4.879909553368999
u 3123 0.29842761820815594 0.0409963
x 3123 -51.80700321844039 -0.47265818790925157 4.920905853368999
u 3124 0.2681117095239238 0.036788
x 3124 -51.7466898872402 -0.7338823908124661 4.9576938533689985
u 3125 0.30829248346669513 0.0422985
x 3125 -51.66551871921741 -1.0312732563123168 4.999992353368999
u 3126 0.28475286492848917 0.0392214
x 3126 -51.579413740813344 -1.302676522451325 5.0392137533689985
u 3127 0.3210890451834944 0.0442158
x 3127 -51.46964394583295 -1.604391572478258 5.083429553368998
u 3128 0.28143351669819927 0.0387472
x 3128 -51.36254508291639 -1.864631363623022 5.122176753368999
u 3129 0.3252507806149404 0.0445011
x 3129 -51.22636643494029 -2.1599718267834946 5.1666778533689985
u 3130 0.33407457120933287 0.0450829
x 3130 -51.0730507592018 -2.456756632737813 5.211760753368998
u 3131 0.3010461406988298 0.0392477
x 3131 -50.92373896749085 -2.718143577142244 5.251008453368998
u 3132 0.34520731404403876 0.0422083
x 3132 -50.74046405359212 -3.010651192011423 5.293216753368998
u 3133 0.3095729922990932 0.035539
x 3133 -50.566033744278194 -3.266384291813981 5.328755753368998
u 3134 0.3561159781725813 0.0403365
x 3134 -50.35436826330498 -3.552739176822716 5.369092253368999
u 3135 0.3164034797471458 0.0367416
x 3135 -50.15664140308243 -3.7997290332968054 5.405833853368999
u 3136 0.36480410622489995 0.0433387
x 3136 -49.91745673457517 -4.075141272569284 5.4491725533689985
u 3137 0.3278819390745884 0.0401701
x 3137 -49.69233228350625 -4.313492047477467 5.489342653368999
u 3138 0.3738090249079603 0.0474092
x 3138 -49.424031851616675 -4.573726355188568 5.536751853368998
u 3139 0.37611927890657026 0.0485038
x 3139 -49.14183260127937 -4.82232555606592 5.585255653368998
u 3140 0.3425186549830908 0.0445133
x 3140 -48.87459208062864 -5.036526776312112 5.629768953368998
u 3141 0.38601312027519274 0.0504969
x 3141 -48.562299916342866 -5.263348452574434 5.680265853368998
u 3142 0.33901104068558374 0.0444399
x 3142 -48.27888319344923 -5.449317626728074 5.7247057533689985
u 3143 0.3948054682570869 0.0516875
x 3143 -47.93880735870777 -5.649779806081882 5.776393253368998
u 3144 0.3617304449064961 0.0464364
x 3144 -47.618582086727706 -5.817949894861174 5.8228296533689985
u 3145 0.41818085006022404 0.0519505
x 3145 -47.23927994228115 -5.9939208580401955 5.874780153368999
u 3146 0.38247134895989593 0.0464769
x 3146 -46.88486194702419 -6.137607624595178 5.921257053368999
u 3147 0.43555605269183206 0.0527549
x 3147 -46.47364494577834 -6.281014943277262 5.974011953368999
u 3148 0.3905299790620691 0.0467002
x 3148 -46.09899286850757 -6.391113850446976 6.020712153368999
u 3149 0.4464333123332532 0.0527929
x 3149 -45.6649926475988 -6.4955179948091 6.073505053368999
u 3150 0.3945888594111339 0.0461999
x 3150 -45.277286624072275 -6.5687075771168395 6.119704953368999
u 3151 0.4427801710866917 0.0512263
x 3151 -44.838755786403375 -6.629552587995709 6.170931253368999
u 3152 0.4518493790354923 0.0521318
x 3152 -44.388634602306006 -6.668444049986021 6.223063053368999
u 3153 0.3989024322205223 0.0453851
x 3153 -43.990045776235526 -6.683370082710505 6.268448153368999
u 3154 0.455812841749429 0.0502045
x 3154 -43.534305285052746 -6.678646119507434 6.318652653368999
u 3155 0.41870890891526297 0.0441932
x 3155 -43.116323919022996 -6.6545588515121255 6.362845853368999
u 3156 0.47998972111748395 0.0463217
x 3156 -42.63891193173414 -6.605296959098296 6.409167553368999
u 3157 0.4405506107926326 0.0365818
x 3157 -42.202962656169134 -6.541961134948321 6.445749353368999
u 3158 0.5114952938380258 0.0364952
x 3158 -41.69983365052603 -6.44998503951421 6.482244553368999
u 3159 0.4680212520349076 0.028591
x 3159 -41.242439853076725 -6.350889704349298 6.510835553368999
u 3160 0.537846942494934 0.029628
x 3160 -40.72034442365404 -6.221759787134712 6.5404635533689985
u 3161 0.4783880667771554 0.0227582
x 3161 -40.25912697272668 -6.094780545214435 6.563221753368999
u 3162 0.5564556355334359 0.0236057
x 3162 -39.72621271140896 -5.9346840550367705 6.586827453368999
u 3163 0.5571176645454695 0.0205797
x 3163 -39.19633256431376 -5.762648687845183 6.607407153368999
u 3164 0.49977621486518553 0.0171518
x 3164 -38.7239838347415 -5.59937952565271 6.624558953368998
u 3165 0.5633026254465247 0.0176832
x 3165 -38.19488120123925 -5.406112915257502 6.642242153368998
u 3166 0.5026852582407685 0.0125403
x 3166 -37.72537273264 -5.226527405632737 6.654782453368998
u 3167 0.5745607546727473 0.0110778
x 3167 -37.191193043896384 -5.0149411466402345 6.665860253368998
u 3168 0.5182828226077437 0.00710557
x 3168 -36.71108968096046 -4.819706121803528 6.672965823368998
u 3169 0.5928727350762047 0.00661839
x 3169 -36.16343636399078 -4.592610015821249 6.679584213368998
u 3170 0.532207544595272 0.00596081
x 3170 -35.67311293568029 -4.385663241252271 6.685545023368999
u 3171 0.630093188421586 0.00887438
x 3171 -35.09444172462773 -4.136355299097662 6.6944194033689985
u 3172 0.5514224497377692 0.00463847
x 3172 -34.58950538725038 -3.9147577627968864 6.699057873368998
u 3173 0.6411318226970707 0.00328039
x 3173 -34.00344685051338 -3.65478653941839 6.702338263368998
u 3174 0.6416020901187929 0.000655018
x 3174 -33.41747124681456 -3.3934709845885465 6.702993281368998
u 3175 0.5362450124045696 -0.000407977
x 3175 -32.9277453061885 -3.1750053982409026 6.702585304368998
u 3176 0.6015500177770756 -0.000783584
x 3176 -32.378233646485306 -2.930261979080904 6.701801720368998
u 3177 0.522423124980495 -0.00172391
x 3177 -31.900737777950845 -2.7183102169856506 6.700077810368998
u 3178 0.5782852793173459 -0.00219418
x 3178 -31.371725212039777 -2.4847306048278206 6.697883630368998
u 3179 0.505334181296974 -0.00214634
x 3179 -30.909006062328473 -2.2816209663454305 6.695737290368998
u 3180 0.5549398167748183 -0.00436058
x 3180 -30.40014185936111 -2.0602277975164496 6.691376710368997
u 3181 0.48478841961282876 -0.00581972
x 3181 -29.95462608633272 -1.8690868954369482 6.6855569903689975
u 3182 0.5340360014418613 -0.00785607
x 3182 -29.46242455336467 -1.6618898033139318 6.677700920368998
u 3183 0.4670069974290579 -0.00845152
x 3183 -29.03053831756345 -1.484214490466367 6.669249400368997
u 3184 0.517090652436082 -0.0106838
x 3184 -28.550475439951473 -1.292069146911024 6.6585656003689975
u 3185 0.5008295954721574 -0.0106662
x 3185 -28.083549073564935 -1.1109402589657285 6.647899400368997
u 3186 0.42682050698724977 -0.00941633
x 3186 -27.684091483939653 -0.9605805795497759 6.638483070368998
u 3187 0.46453185513937456 -0.0117058
x 3187 -27.247637068070894 -0.8015368017548173 6.626777270368998
u 3188 0.40290048004799445 -0.0123376
x 3188 -26.867458204225702 -0.6681547593840165 6.614439670368998
u 3189 0.4406860032868523 -0.0164747
x 3189 -26.449568304489887 -0.52826983265448 6.597964970368998
u 3190 0.38809473895224345 -0.0175399
x 3190 -26.07950792703985 -0.4113554107440047 6.580425070368998
u 3191 0.4274958030919925 -0.0221458
x 3191 -25.669405507426774 -0.29068562097237005 6.558279270368998
u 3192 0.3750229670036629 -0.0204621
x 3192 -25.30746650714216 -0.1925149598311799 6.5378171703689985
u 3193 0.42472356145885054 -0.0231964
x 3193 -24.895233795549167 -0.0903082736045147 6.514620770368999
u 3194 0.3778075112379055 -0.0206919
x 3194 -24.526629032762898 -0.007459304846623743 6.493928870368999
u 3195 0.4356861373535368 -0.0236953
x 3195 -24.099542296058466 0.07862465527755223 6.470233570368999
u 3196 0.4514070217906478 -0.0250706
x 3196 -23.655003238809186 0.15699973528837097 6.445162970368998
u 3197 0.4250526770110853 -0.0227636
x 3197 -23.234770441809847 0.22076785467936041 6.422399370368998
u 3198 0.4981725425070395 -0.0251794
x 3198 -22.740599402382745 0.28367853876626764 6.397219970368998
u 3199 0.4523951454917704 -0.0218277
x 3199 -22.290616422155765 0.33024633253371255 6.375392270368998
u 3200 0.524815426089685 -0.0245144
x 3200 -21.76749050285184 0.372159466401141 6.350877870368998
u 3201 0.4850539662159175 -0.0216818
x 3201 -21.28322968540305 0.3997201988116823 6.329196070368998
u 3202 0.5532520314467504 -0.0240846
x 3202 -20.730310174003364 0.4185092520610173 6.305111470368998
u 3203 0.48793783620057185 -0.0204835
x 3203 -20.242414175024777 0.4242102899546095 6.284627970368998
u 3204 0.5646528418111589 -0.0220633
x 3204 -19.677798744744724 0.4187960340950438 6.262564670368998
u 3205 0.5275379084421304 -0.0202885
x 3205 -19.150519511651176 0.40256922840868425 6.2422761703689975
u 3206 0.579939878687653 -0.0207678
x 3206 -18.57135277783193 0.372835927373187 6.221508370368998
u 3207 0.5711669385351446 -0.0193356
x 3207 -18.001647737882248 0.3321213677793886 6.202172770368998
u 3208 0.5120347289035814 -0.0173313
x 3208 -17.49167694913266 0.28626511813186545 6.184841470368998
u 3209 0.6029276267372462 -0.019723
x 3209 -16.892285252402246 0.2211534213101467 6.165118470368998
u 3210 0.5324528885221715 -0.0170699
x 3210 -16.36410016097274 0.15392467954838968 6.1480485703689975
u 3211 0.5932397347334423 -0.0188441
x 3211 -15.777056862681883 0.06846630006904718 6.129204470368998
u 3212 0.5380794725884652 -0.0174519
x 3212 -15.246090852259924 -0.0186959979756937 6.111752570368997
u 3213 0.6130695653329747 -0.0206526
x 3213 -14.6431309438386 -0.12951242969951604 6.091099970368997
u 3214 0.5457237909700947 -0.0184248
x 3214 -14.108434007904227 -0.23862346408622137 6.072675170368997
u 3215 0.6186579999827204 -0.0210845
x 3215 -13.504840840841771 -0.3742657539318677 6.051590670368998
u 3216 0.5525992903312476 -0.0191095
x 3216 -12.968239661455415 -0.5062349073415766 6.032481170368998
u 3217 0.6222315829840533 -0.0215735
x 3217 -12.367172107717964 -0.6670917461782147 6.010907670368998
u 3218 0.623023292334738 -0.0218281
x 3218 -11.768976641109326 -0.8411744700726489 5.9890795703689985
u 3219 0.5567063171536879 -0.0195457
x 3219 -11.237785334228112 -1.007751336540525 5.969533870368998
u 3220 0.6308693252927247 -0.0225344
x 3220 -10.639937821471259 -1.2091405505748198 5.946999470368999
u 3221 0.5644723346243371 -0.0203572
x 3221 -10.108996900737536 -1.4007645356671048 5.9266422703689985
u 3222 0.6357148605261542 -0.0232954
x 3222 -9.515901012342937 -1.629570950090323 5.903346870368998
u 3223 0.5724580029326903 -0.0208801
x 3223 -8.986499667079741 -1.8473563370732597 5.882466770368998
u 3224 0.6555615638054618 -0.0237841
x 3224 -8.385968889218583 -2.110231764050536 5.858682670368998
u 3225 0.5845860265950538 -0.0211432
x 3225 -7.8558534985976705 -2.3566171622928467 5.837539470368998
u 3226 0.6688498534969605 -0.0238196
x 3226 -7.255819077391542 -2.6520789510346727 5.813719870368997
u 3227 0.5978466185274468 -0.0212144
x 3227 -6.725562160196046 -2.9281854096123148 5.792505470368997
u 3228 0.6796804955465766 -0.0238439
x 3228 -6.129950345453181 -3.2555846395221004 5.768661570368997
u 3229 0.685246248910662 -0.023011
x 3229 -5.537357244649638 -3.59964149414139 5.745650570368997
u 3230 0.6148888986105051 -0.0202048
x 3230 -5.012400362387337 -3.91979109542153 5.725445770368997
u 3231 0.7008147925448498 -0.0232897
x 3231 -4.422164342844154 -4.297601385223655 5.702156070368996
u 3232 0.6293639128461276 -0.0206254
x 3232 -3.899679881682603 -4.64845018584068 5.681530670368996
u 3233 0.7173518889062142 -0.0222954
x 3233 -3.3128699026162423 -5.061035286083619 5.659235270368996
u 3234 0.6421161840734122 -0.0187723
x 3234 -2.795294924634761 -5.44105795372391 5.640462970368996
u 3235 0.7157721723895677 -0.0198358
x 3235 -2.2266352883765483 -5.87572934993288 5.620627170368996
u 3236 0.6302723911070262 -0.0168394
x 3236 -1.7330029172327903 -6.267597927650106 5.603787770368996
u 3237 0.7092352841359231 -0.0180585
x 3237 -1.1853059155881276 -6.718185336464773 5.585729270368995
u 3238 0.6221678906771481 -0.0151758
x 3238 -0.7114779249720875 -7.121388127178814 5.570553470368996
u 3239 0.694576838920015 -0.0159345
x 3239 -0.18957107115353333 -7.57968935267565 5.554618970368995
u 3240 0.6850693087263718 -0.0148196
x 3240 0.31818108586486804 -8.039579682543726 5.539799370368995
u 3241 0.6023715083531027 -0.0120262
x 3241 0.7591736316621303 -8.449912030033609 5.527773170368995
u 3242 0.6689089038196923 -0.0127261
x 3242 1.243200811587805 -8.91159457468548 5.515047070368995
u 3243 0.587048677078833 -0.0107752
x 3243 1.6632037848949415 -9.321741276837743 5.504271870368995
u 3244 0.6526543924311307 -0.0114032
x 3244 2.125058897701985 -9.782873573517316 5.492868670368995
u 3245 0.5772605823819222 -0.0100286
x 3245 2.5291675998082725 -10.195090924003383 5.482840070368995
u 3246 0.6468752338664884 -0.0105728
x 3246 2.9772273913735128 -10.661659347072089 5.472267270368994
u 3247 0.569543612360754 -0.00915208
x 3247 3.367653162777666 -11.076322317716285 5.4631151903689945
u 3248 0.6388904011296499 -0.0100478
x 3248 3.801130747679668 -11.545656627085055 5.453067390368995
u 3249 0.5630151470277541 -0.00865761
x 3249 4.1792436274596945 -11.962807350419912 5.444409780368995
u 3250 0.6254716400271022 -0.00823868
x 3250 4.595371478165319 -12.42976577631465 5.436171100368995
u 3251 0.6189241298561271 -0.00517565
x 3251 5.004035533439056 -12.894588229874492 5.430995450368995
u 3252 0.5468071217234112 -0.000786617
x 3252 5.363856627234202 -13.306324545263568 5.430208833368995
u 3253 0.6109075109050034 0.00374229
x 3253 5.766537502101851 -13.765732495063737 5.4339511233689946
u 3254 0.5374908468600749 0.0064234
x 3254 6.122875125453877 -14.16812399015252 5.440374523368995
u 3255 0.0 0.0
x 3255 6.122875125453877 -14.16812399015252 5.440374523368995
u 3256 0.6039867057590258 0.00891381
x 3256 6.526752265701421 -14.617212824196784 5.449288333368995
u 3257 0.5294809447482431 0.00756436
x 3257 6.8840404142417375 -15.00797350923915 5.456852693368995
u 3258 0.5988113105874087 0.00859381
x 3258 7.291668818495346 -15.446621275563766 5.4654465033689945
u 3259 0.5344049535783025 0.00755415
x 3259 7.658602999197029 -15.835139747900664 5.473000653368994
u 3260 0.5977774910469789 0.00723216
x 3260 8.072251990666803 -16.266684511673958 5.480232813368994
u 3261 0.5389789942541987 0.00383845
x 3261 8.447362338581556 -16.65371193506722 5.484071263368994
u 3262 0.5984010281330414 -0.000384203
x 3262 8.864570095473878 -17.08268917648592 5.483687060368994
u 3263 0.5985724954297515 -0.00599841
x 3263 9.28052526612387 -17.513118327448478 5.477688650368994
u 3264 0.540519155108283 -0.00970585
x 3264 9.653074033304392 -17.904738142535905 5.467982800368994
u 3265 0.6107607284876362 -0.0152612
x 3265 10.068477114630035 -18.352467645191314 5.452721600368994
u 3266 0.5503792953157773 -0.0161942
x 3266 10.436420266508014 -18.761770205281337 5.436527400368994
u 3267 0.62314655181589 -0.0203703
x 3267 10.844466198499282 -19.23272319141385 5.416157100368994
u 3268 0.5561541590631752 -0.0196232
x 3268 11.200167594114212 -19.660243998522162 5.396533900368994
u 3269 0.6362303724489463 -0.0226183
x 3269 11.596661871000938 -20.157802154349852 5.373915600368994
u 3270 0.5714445198261265 -0.020268
x 3270 11.943119587836591 -20.61223004874524 5.353647600368994
u 3271 0.6502857920850359 -0.022941
x 3271 12.326112314034978 -21.13774849496644 5.330706600368994
u 3272 0.585842266087329 -0.0207884
x 3272 12.660718395519243 -21.618620173314792 5.309918200368994
u 3273 0.6628397005010789 -0.0232931
x 3273 13.027217419343112 -22.17090186717566 5.286625100368994
u 3274 0.669744698740573 -0.0232924
x 3274 13.384436925489856 -22.73741038995923 5.263332700368994
u 3275 0.6019705064977041 -0.0209802
x 3275 13.694160127385107 -23.25357580642391 5.242352500368994
u 3276 0.6862021119580545 -0.0236985
x 3276 14.033988818410522 -23.849703109950806 5.218654000368994
u 3277 0.6130503172311755 -0.0206774
x 3277 14.32570151833863 -24.388888608329477 5.197976600368993
u 3278 0.6881623135915248 -0.0230674
x 3278 14.639838516722223 -25.00115024970932 5.174909200368993
u 3279 0.6235043137775292 -0.0199
x 3279 14.91247901289947 -25.56187474532818 5.155009200368993
u 3280 0.7081381767927252 -0.0214435
x 3280 15.208896925464218 -26.20497418055048 5.133565700368993
u 3281 0.6355703603881465 -0.018302
x 3281 15.46341790842957 -26.78734646412017 5.115263700368993
u 3282 0.7183559205859564 -0.0170892
x 3282 15.739399571609766 -27.450563466119934 5.098174500368993
u 3283 0.6307436787192389 -0.0129776
x 3283 15.972941670493668 -28.036473094592548 5.0851969003689925
u 3284 0.706548314930341 -0.0125159
x 3284 16.22616462259747 -28.69608066065659 5.072681000368992
u 3285 0.6972111957689537 -0.0111759
x 3285 16.468313785388837 -29.349886575993303 5.061505100368993
u 3286 0.622659000276879 -0.00804634
x 3286 16.678948887029097 -29.93583451976227 5.053458760368993
u 3287 0.6940417693817427 -0.00821112
x 3287 16.908414805797438 -30.59084342302933 5.045247640368992
u 3288 0.6200220016737229 -0.00697369
x 3288 17.108959694256697 -31.177535396988343 5.038273950368993
u 3289 0.69624042466167 -0.00661634
x 3289 17.329675515403594 -31.83786371446552 5.031657610368993
u 3290 0.622510209379561 -0.00435057
x 3290 17.523777865197765 -32.42933867366276 5.027307040368993
u 3291 0.7065439630586089 -0.00344264
x 3291 17.741464966848877 -33.10151142264298 5.023864400368993
u 3292 0.6265882941399923 -0.00222962
x 3292 17.932826268974935 -33.69816339804838 5.021634780368993
u 3293 0.7058224340887523 -0.00244484
x 3293 18.14681438395899 -34.37076591585565 5.019189940368993
u 3294 0.6316391984348815 -0.00142376
x 3294 18.33714735241865 -34.973046058913035 5.0177661803689935
u 3295 0.7171375058034739 0.00400832
x 3295 18.554127037800523 -35.65657025730794 5.021774500368993
u 3296 0.7203335828785439 0.00821536
x 3296 18.77626537579369 -36.34179438929696 5.029989860368993
u 3297 0.6393657915181044 0.00809671
x 3297 18.978388582706998 -36.948368862349575 5.038086570368994
u 3298 0.7213846635344436 0.0115469
x 3298 19.21315062280786 -37.630480902461535 5.049633470368994
u 3299 0.6377586863686763 0.0111745
x 3299 19.427535525781067 -38.23112307799004 5.060807970368994
u 3300 0.7074803877675991 0.0120706
x 3300 19.673085359127814 -38.89461965011699 5.072878570368994
u 3301 0.6202455787181579 0.009543
x 3301 19.894632004553404 -39.47394576059249 5.082421570368994
u 3302 0.7036760431816635 0.0109569
x 3302 20.152702500619373 -40.12858660793863 5.093378470368994
u 3303 0.6136267622043619 0.0112184
x 3303 20.384063317904285 -40.69692279939278 5.104596870368994
u 3304 0.6811180689047678 0.0169709
x 3304 20.649734902943678 -41.32408250651034 5.121567770368993
u 3305 0.6012384602713942 0.0189345
x 3305 20.894148991642247 -41.873389924609725 5.1405022703689935
u 3306 0.663238654377148 0.0233032
x 3306 21.176501031124296 -42.47350902326166 5.1638054703689935
u 3307 0.647567820501397 0.0234472
x 3307 21.46580154386005 -43.052844922279355 5.187252670368993
u 3308 0.5580064564371262 0.0217507
x 3308 21.726308442454798 -43.54629713453176 5.209003370368993
u 3309 0.6321377662574119 0.0258601
x 3309 22.03464376301279 -44.09811704811191 5.234863470368993
u 3310 0.5490141230835041 0.0222478
x 3310 22.31388568053685 -44.57079878724076 5.257111270368993
u 3311 0.6301562565807931 0.0258486
x 3311 22.64734928417314 -45.10547328936452 5.282959870368993
u 3312 0.5717236413794624 0.02358
x 3312 22.96178840353164 -45.58294665750439 5.306539870368993
u 3313 0.6549156104151752 0.0259827
x 3313 23.335422159325347 -46.12080179023299 5.332522570368993
u 3314 0.598858397860854 0.0229454
x 3314 23.689005507134347 -46.60411790047819 5.355467970368993
u 3315 0.6822741508322663 0.0249926
x 3315 24.104919494588426 -47.14494073847672 5.380460570368993
u 3316 0.6227650125228315 0.021956
x 3316 24.49604152568023 -47.62954804098743 5.4024165703689935
u 3317 0.7186018463225016 0.0228258
x 3317 24.959758715373898 -48.17848570712081 5.425242370368993
u 3318 0.730498159730004 0.0164076
x 3318 25.442012927029264 -48.72716272081539 5.441649970368993
u 3319 0.6788381562454193 0.0100712
x 3319 25.896876815078173 -49.23106369390537 5.451721170368993
u 3320 0.7751877644320093 0.00901515
x 3320 26.421768998049576 -49.801502294055126 5.4607363203689925
u 3321 0.7135164890118675 0.00703146
x 3321 26.909100301102978 -50.32266626401384 5.467767780368993
u 3322 0.7971828379263247 0.00680753
x 3322 27.457591721286384 -50.90116015754398 5.4745753103689925
u 3323 0.6979879572311419 0.00541615
x 3323 27.94092044396225 -51.404726780068465 5.479991460368993
u 3324 0.7748180685505159 0.00463193
x 3324 28.480252756085513 -51.96102042833428 5.484623390368993
u 3325 0.678285190580363 0.00155278
x 3325 28.953894892721006 -52.446544715804315 5.486176170368993
u 3326 0.7529881621329846 0.00121485
x 3326 29.48044701818205 -52.98481412952919 5.487391020368993
u 3327 0.660329052573182 -0.00130879
x 3327 29.94218198962514 -53.45686837596434 5.486082230368993
u 3328 0.7310515645055293 -0.0029911
x 3328 30.452244743135935 -53.98057819923918 5.483091130368993
u 3329 0.7264215479205258 -0.00259474
x 3329 30.957621738729763 -54.5023847357497 5.480496390368993
u 3330 0.6367502200507782 -0.00183555
x 3330 31.399599492739316 -54.960758375760555 5.478660840368993
u 3331 0.7092582266990803 -0.00181762
x 3331 31.8909727094559 -55.47222631760921 5.476843220368993
u 3332 0.624013186642408 -0.00172432
x 3332 32.32249066907612 -55.922986354821745 5.475118900368993
u 3333 0.7084762056299747 -0.00154931
x 3333 32.81157822334346 -56.4355600546949 5.473569590368993
u 3334 0.6326970324055937 -0.000680557
x 3334 33.2478419922189 -56.89379519447678 5.472889033368993
u 3335 0.7233540406912417 -0.000790418
x 3335 33.74623105861562 -57.41805598782221 5.472098615368993
u 3336 0.653869034156024 -0.000724626
x 3336 34.19638601744237 -57.892297706952995 5.471373989368993
u 3337 0.74906404742512 -0.000704914
x 3337 34.71168935657594 -58.435951450238385 5.470669075368993
u 3338 0.6850350230137103 -0.000597341
x 3338 35.18262140721928 -58.93344112096349 5.470071734368993
u 3339 0.7850470365583287 -0.000727734
x 3339 35.72192955747964 -59.50391946540115 5.469344000368993
u 3340 0.7993390450233958 -0.000740222
x 3340 36.27062947893085 -60.085186422937845 5.468603778368993
u 3341 0.7264130271383251 -0.000659326
x 3341 36.76890015046624 -60.613771519935945 5.467944452368993
u 3342 0.8254960346237588 -0.000714273
x 3342 37.33472244223187 -61.21484456736723 5.467230179368993
u 3343 0.7490260434308844 -0.00075431
x 3343 37.847729055473906 -61.76061393432111 5.466475869368994
u 3344 0.859213025438168 -0.000473725
x 3344 38.43581802621406 -62.387031025219855 5.466002144368994
u 3345 0.773066004648004 -0.000269631
x 3345 38.96473409192318 -62.9508384740506 5.465732513368994
u 3346 0.8863470208477051 -0.000461203
x 3346 39.57091847046545 -63.59748484313721 5.465271310368993
u 3347 0.7991970064524899 -0.000278678
x 3347 40.11728407493465 -64.18075191510479 5.464992632368993
u 3348 0.918766023286345 -0.000631084
x 3348 40.7450871405799 -64.8515680510887 5.464361548368993
u 3349 0.8386790491779377 -0.000887771
x 3349 41.31770067983823 -65.46434552782208 5.463473777368993
u 3350 0.978029299422917 -0.00181792
x 3350 41.98448908789732 -66.17984134610012 5.461655857368993
u 3351 1.0095807372708792 -0.00312528
x 3351 42.67096048058493 -66.92011795823309 5.458530577368993
u 3352 0.9284952045066738 -0.00534799
x 3352 43.29940666690273 -67.60360656892466 5.453182587368993
u 3353 1.0783658378846928 -0.00736301
x 3353 44.02423130288323 -68.40204058231849 5.445819577368994
u 3354 0.9791031976569278 -0.00689131
x 3354 44.67715321651846 -69.13165161055258 5.438928267368993
u 3355 1.088708140579018 -0.00867745
x 3355 45.39682783255539 -69.94856435064898 5.430250817368993
u 3356 0.9628766334634434 -0.00682833
x 3356 46.02770362516444 -70.67597313750778 5.423422487368993
u 3357 1.0668653776419084 -0.00756805
x 3357 46.720892863736935 -71.48695093065037 5.415854437368993
u 3358 0.9383507065820602 -0.00795211
x 3358 47.32502686397282 -72.20494780972126 5.407902327368993
u 3359 1.0344666795906 -0.008012
x 3359 47.98470346045229 -73.00178052416278 5.399890327368993
u 3360 0.9079562947005307 -0.00706491
x 3360 48.558416393454074 -73.70550964438065 5.392825417368993
u 3361 1.0106357482924546 -0.00758469
x 3361 49.191254795318166 -74.49347872777473 5.385240727368993
u 3362 0.9941797606264976 -0.00781772
x 3362 49.807800814902954 -75.27338857399724 5.377423007368993
u 3363 0.8751170871378687 -0.00679877
x 3363 50.34547818193937 -75.96384495585741 5.370624237368993
u 3364 0.9684017867542113 -0.00604826
x 3364 50.93555031225185 -76.7317082527888 5.364575977368993
u 3365 0.8454658260674053 -0.00493538
x 3365 51.44702527374048 -77.4049128100153 5.359640597368993
u 3366 0.9366395859257926 -0.00631105
x 3366 52.00945382026191 -78.15388873229061 5.353329547368993
u 3367 0.8263379565403249 -0.00479677
x 3367 52.50197183976405 -78.8174089728316 5.348532777368994
u 3368 0.9269154569286632 -0.00548025
x 3368 53.05060462664826 -79.56451818783808 5.343052527368994
u 3369 0.8249661870732352 -0.00530345
x 3369 53.53530229322152 -80.23207776320224 5.3377490773689935
u 3370 0.929579736653031 -0.0065158
x 3370 54.077009100337996 -80.98750424188691 5.331233277368994
u 3371 0.833660915148133 -0.00619157
x 3371 54.55850563700427 -81.6680550382207 5.325041707368993
u 3372 0.937045389025164 -0.00772251
x 3372 55.09437851885082 -82.43674870404767 5.3173191973689935
u 3373 0.8429298602078709 -0.00697304
x 3373 55.571335437402006 -83.13175947234737 5.310346157368993
u 3374 0.9537256610549981 -0.00654047
x 3374 56.10565877973079 -83.92175185197831 5.303805687368993
u 3375 0.9629323078668266 -0.00481046
x 3375 56.640605049679216 -84.72241990413075 5.2989952273689935
u 3376 0.8501093625708657 -0.00401627
x 3376 57.1097497246848 -85.43135447855155 5.294978957368993
u 3377 0.9611443508420807 -0.00327012
x 3377 57.63724707669939 -86.23481212120566 5.291708837368994
u 3378 0.8523341357338696 -0.00109009
x 3378 58.10347271929232 -86.94832950514747 5.290618747368994
u 3379 0.9542361094450181 -0.00132852
x 3379 58.62447219193426 -87.74778304860673 5.289290227368993
u 3380 0.833624211019676 -0.00169851
x 3380 59.07856167776918 -88.44687667394116 5.2875917173689935
u 3381 0.9354543776100844 -0.00203227
x 3381 59.58665551906871 -89.23231619410991 5.2855594473689935
u 3382 0.8287944891950243 -0.00286321
x 3382 60.035112070664816 -89.92930009448709 5.282696237368993
u 3383 0.9236992418753033 -0.00516907
x 3383 60.53179698552251 -90.70809562927732 5.277527167368993
u 3384 0.9180571042197538 -0.00480647
x 3384 61.02158127403947 -91.48458682351892 5.272720697368993
u 3385 0.804418482238056 -0.00443806
x 3385 61.447589865509826 -92.16693916098919 5.268282637368993
u 3386 0.8831005241902546 -0.00538045
x 3386 61.911584050523025 -92.91832058924116 5.262902187368994
u 3387 0.7660334443668272 -0.00433121
x 3387 62.31089997173031 -93.57204309582518 5.2585709773689935
u 3388 0.834883983990837 -0.00523222
x 3388 62.74269413594641 -94.2865943370296 5.253338757368994
u 3389 0.7204393899242156 -0.00592275
x 3389 63.11185364698565 -94.90526440475861 5.247416007368994
u 3390 0.7879893021466486 -0.00658705
x 3390 63.511385768381864 -95.58445434810614 5.2408289573689935
u 3391 0.6799912192286404 -0.00593425
x 3391 63.852483904019806 -96.17270494365641 5.234894707368993
u 3392 0.7416641602071035 -0.00654608
x 3392 64.22050746267531 -96.81661675638128 5.228348627368994
u 3393 0.6423009173412101 -0.00556321
x 3393 64.5358436609056 -97.37618130716305 5.222785417368994
u 3394 0.7084416161011988 -0.00613583
x 3394 64.88003522234185 -97.99539057538361 5.216649587368994
u 3395 0.6933004075423654 -0.00594258
x 3395 65.21320483392331 -98.60338897216614 5.210707007368994
u 3396 0.6158263976541772 -0.00470909
x 3396 65.5062635764123 -99.14501432670052 5.205997917368993
u 3397 0.6889904146615103 -0.00447687
x 3397 65.83135288002376 -99.75248773625677 5.201521047368993
u 3398 0.616376765374018 -0.00333649
x 3398 66.12005537822968 -100.2970709089476 5.198184557368993
u 3399 0.6960653173922323 -0.00165743
x 3399 66.44454640449025 -100.91287314103019 5.196527127368993
u 3400 0.6205800000389118 0.000246759
x 3400 66.73346047811836 -101.46209822472062 5.196773886368994
u 3401 0.7031002498789412 0.00240896
x 3401 67.06161816286863 -102.08391994857428 5.199182846368994
u 3402 0.6175990390200076 0.00476087
x 3402 67.35182593958234 -102.62908716960155 5.203943716368994
u 3403 0.6973392459814033 0.00975558
x 3403 67.68396154636694 -103.24224628926622 5.213699296368994
u 3404 0.6119763135025023 0.0135897
x 3404 67.98169960253995 -103.77690626948319 5.227288996368994
u 3405 0.682769179626011 0.0217452
x 3405 68.32436201534979 -104.36744657670292 5.249034196368994
u 3406 0.6787456030262755 0.0281426
x 3406 68.67953647154314 -104.94582041252275 5.277176796368994
u 3407 0.6012398075219239 0.0325842
x 3407 69.0095585909228 -105.44835670407619 5.309760996368993
u 3408 0.6659840826720711 0.0444868
x 3408 69.39627838326554 -105.99049087228728 5.354247796368993
u 3409 0.5785292154002337 0.0449091
x 3409 69.75292246976692 -106.44595195778896 5.399156896368993
u 3410 0.6494770698286122 0.0572004
x 3410 70.1788533774176 -106.93614408983484 5.456357296368993
u 3411 0.5654304366650597 0.0569089
x 3411 70.57339849707326 -107.34106315723079 5.513266196368993
u 3412 0.6127745961152763 0.0706035
x 3412 71.02803629469147 -107.75172265507622 5.583869696368993
u 3413 0.5349886586341901 0.0688033
x 3413 71.44897321227711 -108.08174096615399 5.652672996368993
u 3414 0.5854468040634947 0.0853246
x 3414 71.93599617884139 -108.40631560920647 5.737997596368992
u 3415 0.491078354645417 0.0798406
x 3415 72.36559774540805 -108.64395476018727 5.817838196368992
u 3416 0.53474150857778 0.0965136
x 3416 72.85430695312724 -108.86049550846516 5.914351796368992
u 3417 0.5100627580259119 0.099736
x 3417 73.33844159451274 -109.02037695671203 6.014087796368992
u 3418 0.44652596248298937 0.0919838
x 3418 73.77374691307887 -109.11914016227041 6.106071596368992
u 3419 0.4820381767893908 0.105707
x 3419 74.25184572975323 -109.17885649084538 6.211778596368992
u 3420 0.41237947529550983 0.0905098
x 3420 74.66394349964348 -109.18963605131337 6.302288396368993
u 3421 0.46698201026387515 0.101436
x 3421 75.12958801652499 -109.1570713092259 6.403724396368992
u 3422 0.39056063725932494 0.0851328
x 3422 75.51484867355876 -109.0936699510352 6.4888571963689925
u 3423 0.3736379798084772 0.0816678
x 3423 75.87709125861223 -109.00252131535787 6.5705249963689925
u 3424 0.28088531942625194 0.0614209
x 3424 76.14384739373021 -108.91469804463306 6.631945896368992
u 3425 0.25678834923692 0.0563055
x 3425 76.38257897600137 -108.82019900308482 6.688251396368992
u 3426 0.21958681289969148 0.0482191
x 3426 76.58223191824642 -108.72883309511252 6.736470496368992
u 3427 0.24474757665606742 0.0540829
x 3427 76.79925839598128 -108.61575663910449 6.790553396368992
u 3428 0.24305251887779317 0.0537992
x 3428 77.00841431783245 -108.49200656794093 6.844352596368992
u 3429 0.22287175201676523 0.0492982
x 3429 77.19410585143662 -108.36879774856129 6.893650796368992
u 3430 0.2596084264435499 0.0574222
x 3430 77.40243563276967 -108.21395356755421 6.951072996368993
u 3431 0.2312310188568309 0.051216
x 3431 77.58023659130586 -108.06616007402317 7.002288996368993
u 3432 0.2727113220317633 0.0603943
x 3432 77.77987600467694 -107.88043725126937 7.062683296368992
u 3433 0.2566922740122501 0.0568272
x 3433 77.95722894814634 -107.69491332579346 7.119510496368992
u 3434 0.3136939249220847 0.0695726
x 3434 78.15919975771408 -107.4549716982837 7.189083096368992
u 3435 0.29896835413128275 0.0657583
x 3435 78.33579104872746 -107.21379668120389 7.254841396368992
u 3436 0.35710275665326363 0.0761067
x 3436 78.52576198191147 -106.91151885867255 7.330948096368992
u 3437 0.33973936451868514 0.068158
x 3437 78.68530775725466 -106.61164671074557 7.3991060963689925
u 3438 0.40966359411850356 0.0751994
x 3438 78.85129363663376 -106.23722198317148 7.474305496368992
u 3439 0.44155721894790717 0.0710905
x 3439 79.00023424658278 -105.82164121797918 7.545395996368993
u 3440 0.42110935476340344 0.0558151
x 3440 79.11686945587556 -105.41706330968441 7.601211096368993
u 3441 0.5123039572572224 0.0518745
x 3441 79.23207014488797 -104.9179387797991 7.653085596368993
u 3442 0.4790469194521138 0.0340241
x 3442 79.319659385706 -104.44699086517808 7.687109696368993
u 3443 0.5804665889679715 0.0292543
x 3443 79.40768826264262 -103.87325891689386 7.716363996368993
u 3444 0.5644701384633217 0.0179222
x 3444 79.48010988458604 -103.31346152740957 7.734286196368993
u 3445 0.6833521580596713 0.00822242
x 3445 79.55891864249386 -102.63467089644122 7.742508616368993
u 3446 0.6527430796024098 -0.00220571
x 3446 79.63224663511963 -101.9860597951459 7.740302906368993
u 3447 0.7765199521032943 -0.00805105
x 3447 79.72343518923576 -101.21491478508936 7.732251856368993
u 3448 0.7135500267754339 -0.0104428
x 3448 79.81377766779381 -100.50711025679472 7.721809056368993
u 3449 0.8150626801162534 -0.0131373
x 3449 79.9264972121506 -99.69988542920181 7.708671756368993
u 3450 0.7328217724404089 -0.0116885
x 3450 80.03684430073503 -98.97542345219794 7.696983256368993
u 3451 0.8298562004150918 -0.0131381
x 3451 80.17197632185974 -98.15664952461424 7.683845156368993
u 3452 0.8312421924523901 -0.0132608
x 3452 80.31814732524522 -97.33836626380881 7.670584356368993
u 3453 0.7419753129107464 -0.0119723
x 3453 80.45782585335814 -96.60966145531619 7.658612056368993
u 3454 0.8392854147497879 -0.0130605
x 3454 80.62612734082168 -95.78742997699871 7.645551556368993
u 3455 0.7489560585536965 -0.0112238
x 3455 80.7852132847191 -95.05556868444806 7.634327756368993
u 3456 0.8496482042984965 -0.0124035
x 3456 80.97548257372735 -94.22750442753257 7.6219242563689935
u 3457 0.7593602979581274 -0.00986382
x 3457 81.15376228560598 -93.48937183022161 7.612060436368994
u 3458 0.8564573937048416 -0.0105836
x 3458 81.36333869333139 -92.65895618150533 7.6014768363689935
u 3459 0.7635671085275659 -0.00887099
x 3459 81.55737762632039 -91.92045784145806 7.592605846368993
u 3460 0.8597998883597717 -0.00683744
x 3460 81.78239622795951 -91.09062677618593 7.585768406368993
u 3461 0.76318890774723 -0.00288311
x 3461 81.98570869830016 -90.35501754238852 7.5828852963689934
u 3462 0.8597140172555743 0.00148249
x 3462 82.21531563591367 -89.52653174872692 7.584367786368993
u 3463 0.8500698776273763 0.00501615
x 3463 82.43968365286437 -88.70660719450036 7.589383936368994
u 3464 0.7274712104553185 0.0039776
x 3464 82.62853569961044 -88.00407707504418 7.5933615363689935
u 3465 0.7637527925448642 0.00304925
x 3465 82.82421391665434 -87.26581701820518 7.596410786368994
u 3466 0.6324903274606322 0.00229166
x 3466 82.98462866483663 -86.65400744994004 7.598702446368994
u 3467 0.66577421209655 0.00131338
x 3467 83.15232392488033 -86.00969887671216 7.600015826368994
u 3468 0.5785530897198783 -0.00184211
x 3468 83.29819792449617 -85.44983785895228 7.5981737163689935
u 3469 0.6487148086045096 -0.0062074
x 3469 83.46428720078684 -84.82274623572307 7.591966316368993
u 3470 0.5850240654918566 -0.0088987
x 3470 83.61833670745776 -84.25837078603654 7.583067616368994
u 3471 0.6617879740873303 -0.0110653
x 3471 83.79896350844565 -83.62171325430346 7.572002316368994
u 3472 0.5940402988073146 -0.00936381
x 3472 83.96692854624506 -83.05191588307468 7.562638506368994
u 3473 0.6766820934765158 -0.00834054
x 3473 84.16399879925679 -82.40456797309575 7.554297966368994
u 3474 0.6832334926716026 -0.00685969
x 3474 84.36793896578864 -81.75248317531126 7.547438276368994
u 3475 0.616910091838864 -0.00393239
x 3475 84.55525674372542 -81.16469952374099 7.543505886368994
u 3476 0.7024589630209361 -0.00362586
x 3476 84.77107830502595 -80.49621683301665 7.539880026368994
u 3477 0.6296433573991698 -0.00210235
x 3477 84.96624361516379 -79.89758412992238 7.537777676368994
u 3478 0.7110591325915895 -0.00139541
x 3478 85.1878266910652 -79.22193189062007 7.536382266368994
u 3479 0.6377011144710263 -0.00123418
x 3479 85.38734617718545 -78.61624663040908 7.535148086368994
u 3480 0.7226730781941892 -0.00103853
x 3480 85.61423094200674 -77.93011279907682 7.534109556368994
u 3481 0.643249062724252 -0.00107165
x 3481 85.8168246239596 -77.31960062300695 7.533037906368994
u 3482 0.7341601449102407 -0.00149656
x 3482 86.0489456474344 -76.62310162929799 7.531541346368995
u 3483 0.6487101672150775 -0.00167242
x 3483 86.25502464792338 -76.00799494869786 7.529868926368994
u 3484 0.7312822789378366 -0.00203951
x 3484 86.48862125860457 -75.31502582269258 7.527829416368994
u 3485 0.7365835231370759 -0.00285033
x 3485 86.72561706033015 -74.61761065997061 7.524979086368994
u 3486 0.6501953636238076 -0.00231393
x 3486 86.93640640347313 -74.00253206737708 7.522665156368994
u 3487 0.7359933830002939 -0.00232842
x 3487 87.17662639373154 -73.30684508936932 7.520336736368994
u 3488 0.6593442332814701 -0.00195611
x 3488 87.39316361583815 -72.68407200807668 7.518380626368994
u 3489 0.7387143095301812 -0.00199291
x 3489 87.63714422426678 -71.98681157380312 7.516387716368993
u 3490 0.6615841511661616 -0.00160406
x 3490 87.85677322609267 -71.36274699638975 7.514783656368993
u 3491 0.7390393222232058 -0.002215
x 3491 88.10344607496742 -70.66608969031056 7.512568656368994
u 3492 0.6495951793374838 -0.0011572
x 3492 88.321296899633 -70.05411349132753 7.511411456368994
u 3493 0.7231644152617371 0.00350147
x 3493 88.5630213617228 -69.37254506364182 7.514912926368994
u 3494 0.6149182011584188 0.00837329
x 3494 88.76511842607493 -68.7917878325659 7.5232862163689935
u 3495 0.6542026419547204 0.0159449
x 3495 88.97259668015501 -68.17136474836104 7.539231116368994
u 3496 0.6213346920896924 0.0220207
x 3496 89.15842869511445 -67.5784839325225 7.561251816368993
u 3497 0.5190677320608461 0.0224258
x 3497 89.3026295264721 -67.07985968611638 7.583677616368993
u 3498 0.5601047996485701 0.029065
x 3498 89.4443265177731 -66.53799506756548 7.612742616368993
u 3499 0.47690603588542274 0.0305519
x 3499 89.5511707994276 -66.07323063718422 7.643294516368993
u 3500 0.501564352686529 0.0364045
x 3500 89.64711398942758 -65.58095640242409 7.679699016368993
u 3501 0.4128388123036283 0.0332042
x 3501 89.71193823297662 -65.17325793063065 7.712903216368993
u 3502 0.43822772355446077 0.0400196
x 3502 89.76486080938113 -64.73826700076906 7.752922816368993
u 3503 0.3611424183867191 0.0372123
x 3503 89.79460252080595 -64.37837225611628 7.790135116368993
u 3504 0.4010174480983011 0.0416731
x 3504 89.81184370346404 -63.97775465365253 7.831808216368993
u 3505 0.3683195907699339 0.0343238
x 3505 89.81368944524341 -63.609457767854394 7.866132016368993
u 3506 0.4276785133403178 0.0352154
x 3506 89.80096508860615 -63.18199069331068 7.901347416368993
u 3507 0.4427055667172465 0.0283735
x 3507 89.77373355694102 -62.740138326123464 7.929720916368993
u 3508 0.3993308336932235 0.0186589
x 3508 89.73980443889279 -62.342257309740184 7.948379816368993
u 3509 0.4671193175293252 0.015061
x 3509 89.69227443402886 -61.87756684192737 7.963440816368993
u 3510 0.4232214782249426 0.00855906
x 3510 89.64424163416295 -61.457081198531476 7.971999876368993
u 3511 0.49290247945291177 0.00680334
x 3511 89.58454051996335 -60.96780858115196 7.978803216368993
u 3512 0.44407407618578043 0.00484914
x 3512 89.52818622307062 -60.52732521944259 7.983652356368993
u 3513 0.5152693429766075 0.00508675
x 3513 89.46025873161881 -60.01655347078493 7.988739106368993
u 3514 0.4653048226952952 0.00423193
x 3514 89.39676958063349 -59.55560078058157 7.992971036368994
u 3515 0.5376261418699463 0.00465337
x 3515 89.32104704758827 -59.0233344517207 7.997624406368994
u 3516 0.4898558209405281 0.00409107
x 3516 89.24993302312299 -58.53866839539503 8.001715476368993
u 3517 0.5682081889789692 0.00466276
x 3517 89.16498448588442 -57.97684662019156 8.006378236368993
u 3518 0.5869475647860738 0.00531048
x 3518 89.07434150521307 -57.396941038016976 8.011688716368994
u 3519 0.5307015723327212 0.00592523
x 3519 88.98944035572974 -56.87307547349807 8.017613946368995
u 3520 0.6086606259725696 0.0105234
x 3520 88.88712972336555 -56.27307807911446 8.028137346368995
u 3521 0.5575423225421299 0.0139939
x 3521 88.78668177017124 -55.72466347563598 8.042131246368994
u 3522 0.637388523860379 0.0204308
x 3522 88.66107592136207 -55.0997849518617 8.062562046368994
u 3523 0.5733613746865744 0.0205402
x 3523 88.53659694194333 -54.540109428216454 8.083102246368993
u 3524 0.6544371799948503 0.0260021
x 3524 88.3796915791842 -53.90477912085553 8.109104346368992
u 3525 0.5939664807565841 0.0255974
x 3525 88.22245656309553 -53.332019077786185 8.134701746368993
u 3526 0.672196746951153 0.0305618
x 3526 88.02638610004723 -52.68908076700902 8.165263546368992
u 3527 0.6005385892439156 0.0297102
x 3527 87.8339889780045 -52.12021925755406 8.194973746368992
u 3528 0.0 0.0
x 3528 87.8339889780045 -52.12021925755406 8.194973746368992
u 3529 0.6801004686768272 0.0370844
x 3529 87.59471725612673 -51.48364036668348 8.232058146368992
u 3530 0.6884518837681323 0.038995
x 3530 87.32817747430991 -50.848925876357335 8.271053146368992
u 3531 0.6093004449354215 0.0347611
x 3531 87.0717276461732 -50.29625677389522 8.305814246368993
u 3532 0.6997507272857957 0.0402402
x 3532 86.7536239574243 -49.6730432841118 8.346054446368992
u 3533 0.6267412209899497 0.0363014
x 3533 86.4475577095061 -49.126156755063604 8.382355846368991
u 3534 0.6848991025662393 0.0395135
x 3534 86.09068485600262 -48.54163342999156 8.421869346368991
u 3535 0.59702084643429 0.0341752
x 3535 85.76103864412252 -48.043906018473336 8.456044546368991
u 3536 0.6624901598096684 0.0379234
x 3536 85.37557941213728 -47.50514652290267 8.493967946368992
u 3537 0.5742671718804558 0.0327829
x 3537 85.0251478187948 -47.0502279050827 8.526750846368992
u 3538 0.6456392804486496 0.0365112
x 3538 84.61368717967267 -46.55273024928918 8.563262046368992
u 3539 0.0 0.0
x 3539 84.61368717967267 -46.55273024928918 8.563262046368992
u 3540 0.5722887708073022 0.0321248
x 3540 84.23405171310712 -46.12452097291925 8.595386846368992
u 3541 0.652247740014452 0.0361212
x 3541 83.78498128516519 -45.65153406919571 8.631508046368992
u 3542 0.6604574461675484 0.0352419
x 3542 83.31346100242035 -45.18911919463187 8.666749946368993
u 3543 0.6001938009678228 0.0305565
x 3543 82.87136846428658 -44.78321433111076 8.697306446368993
u 3544 0.6830122195085357 0.0318189
x 3544 82.35411593618673 -44.33721415586179 8.729125346368992
u 3545 0.625163430937836 0.0264173
x 3545 81.86898218387736 -43.94294035613041 8.755542646368992
u 3546 0.7220621116791287 0.0260872
x 3546 81.29689312772058 -43.502419939395025 8.781629846368991
u 3547 0.6433673369197824 0.0185623
x 3547 80.77851166762305 -43.121381480513065 8.80019214636899
u 3548 0.7451848488195731 0.0182132
x 3548 80.1700789834034 -42.691155054700694 8.81840534636899
u 3549 0.6671480511751664 0.0148093
x 3549 79.61907449690086 -42.31502682713171 8.83321464636899
u 3550 0.7573084107496576 0.0133958
x 3550 78.98764576732555 -41.896929694664195 8.84661044636899
u 3551 0.6859079764825672 0.0109374
x 3551 78.41118308178093 -41.525236495462174 8.85754784636899
u 3552 0.7794807165629672 0.0114203
x 3552 77.75139774920619 -41.11018601806932 8.868968146368989
u 3553 0.7849135345697691 0.00753487
x 3553 77.08308060462478 -40.698556893516184 8.87650301636899
u 3554 0.7095113388637913 0.00435517
x 3554 76.4767625746413 -40.3300681002037 8.88085818636899
u 3555 0.8118728785365662 0.00472132
x 3555 75.78106444552976 -39.911570239206256 8.88557950636899
u 3556 0.7348128906483925 0.00325545
x 3556 75.14989342607879 -39.53530882528718 8.888834956368989
u 3557 0.8366497262550585 0.00293055
x 3557 74.42992748979924 -39.10912657075452 8.891765506368989
u 3558 0.7521045025036551 0.00264801
x 3558 73.78164949329907 -38.727817652150115 8.894413516368989
u 3559 0.858335756674903 0.00291407
x 3559 73.04059794388579 -38.29470987001716 8.897327586368988
u 3560 0.76681048119489 0.00253093
x 3560 72.37751452110987 -37.90958862334711 8.899858516368989
u 3561 0.8731807363633258 0.00298063
x 3561 71.62124404626115 -37.47312670890889 8.902839146368988
u 3562 0.7817335306591123 0.00269907
x 3562 70.94306991112522 -37.08429926080678 8.905538216368988
u 3563 0.8878717584208037 0.00284366
x 3563 70.17159720353737 -36.64481593958941 8.908381876368988
u 3564 0.890609406690865 0.00190287
x 3564 69.3967015602128 -36.2058152358255 8.910284746368989
u 3565 0.799668086697645 0.000991086
x 3565 68.70036184071279 -35.812648615183456 8.91127583236899
u 3566 0.9010850119898921 0.000113367
x 3566 67.91546512480349 -35.3700524749713 8.91138919936899
u 3567 0.7796940800814965 -0.0012813
x 3567 67.23653067565908 -34.986684780571835 8.91010789936899
u 3568 0.8330496699183012 -0.00310418
x 3568 66.51203589886619 -34.57549320272129 8.90700371936899
u 3569 0.6934816047678417 -0.00310915
x 3569 65.9099883649737 -34.23132011302003 8.90389456936899
u 3570 0.7257051166790462 -0.00418586
x 3570 65.28128401993332 -33.868859089000296 8.89970870936899
u 3571 0.603463960631534 -0.00410395
x 3571 64.75973534183402 -33.56528831137014 8.895604759368991
u 3572 0.6392671875844469 -0.00436368
x 3572 64.20860994586128 -33.24137059563453 8.89124107936899
u 3573 0.5279908028859265 -0.0041313
x 3573 63.75455862319157 -32.97190577824174 8.887109779368991
u 3574 0.5640455477660266 -0.00535735
x 3574 63.27087305472925 -32.681742221118355 8.88175242936899
u 3575 0.5347363838782934 -0.00498849
x 3575 62.81375000610716 -32.404287854262904 8.87676393936899
u 3576 0.44336546799845206 -0.00322162
x 3576 62.435683320380356 -32.17268830905492 8.87354231936899
u 3577 0.4643135262809377 -0.00356047
x 3577 62.04057858637196 -31.928804992481414 8.86998184936899
u 3578 0.4270037522740694 -0.004635
x 3578 61.67814462088198 -31.703031879175228 8.86534684936899
u 3579 0.4956558956152722 -0.00839062
x 3579 61.25915640277569 -31.43822591510634 8.85695622936899
u 3580 0.4588694977198219 -0.0139649
x 3580 60.8740309229406 -31.188754155585386 8.84299132936899
u 3581 0.5200927341829187 -0.0307201
x 3581 60.44396060254861 -30.8963251907206 8.81227122936899
u 3582 0.47622337577170665 -0.0384669
x 3582 60.05967152442914 -30.61510882479137 8.773804329368991
u 3583 0.5517847927346765 -0.0532028
x 3583 59.62982932140302 -30.269232650736836 8.720601529368992
u 3584 0.5053276939347774 -0.0546351
x 3584 59.25382270228541 -29.93172474378201 8.665966429368991
u 3585 0.5801958912186125 -0.0670249
x 3585 58.846489713982216 -29.51871008613944 8.598941529368991
u 3586 0.601195099227705 -0.0731047
x 3586 58.45542407499883 -29.062264827902368 8.525836829368991
u 3587 0.5483107298322366 -0.0713349
x 3587 58.12972347077204 -28.621315506086937 8.454501929368991
u 3588 0.6265260476312936 -0.0870622
x 3588 57.79862579761425 -28.089656464695707 8.367439729368991
u 3589 0.5727829856884368 -0.0831948
x 3589 57.53834555514354 -27.579611998850517 8.284244929368992
u 3590 0.656782207930422 -0.0958458
x 3590 57.293398563296655 -26.970486627796163 8.188399129368992
u 3591 0.5883581542410711 -0.0853949
x 3591 57.1242381534087 -26.407157449556856 8.103004229368992
u 3592 0.672122770051164 -0.0970591
x 3592 56.99043574185007 -25.748756809068606 8.005945129368992
u 3593 0.6071705635661614 -0.0865825
x 3593 56.92460351620706 -25.14535647310936 7.919362629368992
u 3594 0.6947168759949337 -0.0952298
x 3594 56.912266422152676 -24.451011669120188 7.824132829368992
u 3595 0.632942542338252 -0.0786587
x 3595 56.95600602579345 -23.819745802687063 7.745474129368992
u 3596 0.711546160404903 -0.0764449
x 3596 57.06001160093124 -23.116016972004672 7.6690292293689915
u 3597 0.7149814449146285 -0.0629134
x 3597 57.213509871502815 -22.417827774602536 7.606115829368991
u 3598 0.6406170130828637 -0.0440481
x 3598 57.38430075403111 -21.80045083808949 7.562067729368991
u 3599 0.7141870146957378 -0.0381019
x 3599 57.60281259142342 -21.120558225499565 7.523965829368991
u 3600 0.6356177747044562 -0.0286055
x 3600 57.81736142948211 -20.522267992334044 7.4953603293689905
u 3601 0.7093431046442065 -0.0276313
x 3601 58.075473523654615 -19.86157610181778 7.46772902936899
u 3602 0.6359046093262197 -0.0165662
x 3602 58.31989949073262 -19.274531494611104 7.45116282936899
u 3603 0.7006779669135517 -0.0124528
x 3603 58.598580778792176 -18.63166291655735 7.43871002936899
u 3604 0.6102921701653792 -0.00939347
x 3604 58.84741523282984 -18.074406055904717 7.42931655936899
u 3605 0.6786022005941731 -0.0103552
x 3605 59.130206367309434 -17.45753815597832 7.41896135936899
u 3606 0.5995987073300327 -0.00918763
x 3606 59.38538885169408 -16.914953618314247 7.4097737293689905
u 3607 0.6691722784925754 -0.010434
x 3607 59.67610783618104 -16.31223482165267 7.39933972936899
u 3608 0.6611626583001556 -0.00994193
x 3608 59.969399166684234 -15.719687223920461 7.38939779936899
u 3609 0.5855815957845132 -0.00751643
x 3609 60.23373446137634 -15.197163499211719 7.38188136936899
u 3610 0.66672225431066 -0.00522503
x 3610 60.538481526423034 -14.604165371537649 7.37665633936899
u 3611 0.5874254245217118 -0.00249734
x 3611 60.80899898250394 -14.082735840355364 7.374158999368991
u 3612 0.6664581549475359 -0.00103162
x 3612 61.1169555183792 -13.491695059261371 7.373127379368991
u 3613 0.5935191155305146 0.0016283
x 3613 61.39105136872338 -12.965257667454427 7.374755679368991
u 3614 0.6645133029259798 0.00224905
x 3614 61.69679010185267 -12.375256336357129 7.37700472936899
u 3615 0.5980254901425487 0.00301456
x 3615 61.97053977268808 -11.843565322945992 7.380019289368991
u 3616 0.676124691980158 0.00325214
x 3616 62.278154733194356 -11.241471283558852 7.383271429368991
u 3617 0.6123927375050022 0.00375017
x 3617 62.55486264211887 -10.695158956619773 7.387021599368991
u 3618 0.6900766224398273 0.00473935
x 3618 62.864055750643395 -10.078227457080205 7.391760949368991
u 3619 0.6935881922597593 0.00416919
x 3619 63.172057268210814 -9.456778385320646 7.395930139368991
u 3620 0.6112827627875467 0.00358821
x 3620 63.441383070431044 -8.908025410459587 7.399518349368991
u 3621 0.677951964606232 0.00370954
x 3621 63.73786002728956 -8.298337167740678 7.403227889368991
u 3622 0.6090025603460096 0.00318299
x 3622 64.00229554566486 -7.749741085000727 7.406410879368991
u 3623 0.6758929179600882 0.00359685
x 3623 64.29370990823067 -7.13989814347849 7.410007729368991
u 3624 0.5962573089753266 0.00198673
x 3624 64.54928615113921 -6.601192801360088 7.411994459368991
u 3625 0.6755730445664342 0.000578979
x 3625 64.83807662214862 -5.990456369132699 7.412573438368991
u 3626 0.5914430374220802 -0.00110378
x 3626 65.09104391527309 -5.4558421347452555 7.411469658368991
u 3627 0.6682733972986372 -0.00253628
x 3627 65.3779713516578 -4.852301133330827 7.408933378368991
u 3628 0.6006823575096502 -0.0025734
x 3628 65.63726329314899 -4.310464640856024 7.40635997836899
u 3629 0.6738066355837068 -0.00304224
x 3629 65.92982563445689 -3.703486627714387 7.40331773836899
u 3630 0.6857025667459291 -0.00296244
x 3630 66.22940629865916 -3.0866891797526845 7.40035529836899
u 3631 0.61081748227746 -0.0028649
x 3631 66.49786972456565 -2.5380316085681636 7.397490398368991
u 3632 0.6979704635224239 -0.00239459
x 3632 66.80628585540919 -1.911899014463644 7.395095808368991
u 3633 0.6197271600394507 -0.00152427
x 3633 67.08121702096719 -1.3564941776691266 7.393571538368991
u 3634 0.7028760541216618 -0.000481828
x 3634 67.3936674603129 -0.7268836148192207 7.393089710368991
u 3635 0.6280490422809719 0.000989808
x 3635 67.67271203904727 -0.16422946670946337 7.394079518368991
u 3636 0.7131223426846165 0.00261808
x 3636 67.98840193218659 0.4752101915291308 7.396697598368991
u 3637 0.6452001263734841 0.00474044
x 3637 68.27189285723163 1.0547922124185776 7.401438038368991
u 3638 0.7388106480719469 0.00851783
x 3638 68.59210745191801 1.7206003580893803 7.409955868368991
u 3639 0.6805303554178976 0.0103508
x 3639 68.88126286273071 2.336641410447338 7.420306668368991
u 3640 0.7791101743697795 0.0148302
x 3640 69.20339722369839 3.046029169083584 7.435136868368991
u 3641 0.7856791694739303 0.0195868
x 3641 69.51588758280471 3.7668771406456014 7.454723668368991
u 3642 0.7122838892307858 0.0203476
x 3642 69.7860815413992 4.425911327369664 7.475071268368991
u 3643 0.8067332367919646 0.0232888
x 3643 70.07574472028926 5.178828549512571 7.49836006836899
u 3644 0.7253924231265095 0.0213761
x 3644 70.32101997156899 5.8614808639818765 7.519736168368991
u 3645 0.8321941945785207 0.0256485
x 3645 70.58391565291087 6.651034581785664 7.545384668368991
u 3646 0.7409005123829042 0.0229669
x 3646 70.80081796846267 7.3594573552484235 7.568351568368991
u 3647 0.839756704183835 0.0265175
x 3647 71.02671941438174 8.168233305073018 7.594869068368991
u 3648 0.7573180019072012 0.0244561
x 3648 71.21179130463857 8.902569989612921 7.619325168368991
u 3649 0.8476436813592372 0.0271639
x 3649 71.39765529788461 9.729558627532477 7.64648906836899
u 3650 0.7444236294851314 0.0237102
x 3650 71.5423618168646 10.459764490631711 7.67019926836899
u 3651 0.8289537554967767 0.0272293
x 3651 71.68273884608985 11.276719913022117 7.6974285683689905
u 3652 0.8230382393974857 0.025281
x 3652 71.80077281968398 12.09122825979085 7.72270956836899
u 3653 0.7187896208258174 0.0204722
x 3653 71.88755843624861 12.804746816834266 7.7431817683689905
u 3654 0.8023388704852223 0.0239972
x 3654 71.96669972444646 13.603153622609753 7.767178968368991
u 3655 0.7099071140161648 0.0217645
x 3655 72.0205433440614 14.311001827809934 7.78894346836899
u 3656 0.7922664815268197 0.0243702
x 3656 72.0623965280584 15.102142411886094 7.81331366836899
u 3657 0.7093452400608335 0.0216742
x 3657 72.08355335822839 15.811158180772168 7.83498786836899
u 3658 0.8047414585569643 0.023913
x 3658 72.08921635594245 16.615860539350656 7.85890086836899
u 3659 0.7195764475691586 0.0208602
x 3659 72.0781719703762 17.33533917658414 7.879761068368991
u 3660 0.8245337813877291 0.0227004
x 3660 72.04756502349248 18.159286976716693 7.90246146836899
u 3661 0.7411001449542026 0.0193296
x 3661 72.00449897320226 18.89912320150121 7.92179106836899
u 3662 0.8467509199881845 0.0207841
x 3662 71.93835045589488 19.743271105757394 7.9425751683689905
u 3663 0.8633705333914342 0.0192897
x 3663 71.85367200023451 20.602465567998482 7.96186486836899
u 3664 0.7726148292748567 0.0153695
x 3664 71.76458196379728 21.369919077469948 7.977234368368991
u 3665 0.8857486376380947 0.0162843
x 3665 71.64853500137951 22.248022952068894 7.99351866836899
u 3666 0.7961430175453402 0.0138807
x 3666 71.53233555518803 23.0356340337996 8.00739936836899
u 3667 0.9009099491334881 0.0122201
x 3667 71.3892250941328 23.925099059649295 8.01961946836899
u 3668 0.8022251271402583 0.00565507
x 3668 71.25471647357936 24.715966223288316 8.02527453836899
u 3669 0.9155912854925785 0.00687421
x 3669 71.09554832469685 25.617614492453285 8.03214874836899
u 3670 0.8238254731609244 0.00812195
x 3670 70.94625407861858 26.42779713078708 8.040270698368989
u 3671 0.9201968701583333 0.00579582
x 3671 70.77320169432976 27.33157408435857 8.046066518368988
u 3672 0.8256164682969486 0.00463599
x 3672 70.61370867262676 28.141637852161764 8.050702508368989
u 3673 0.9271269055456999 0.00647844
x 3673 70.42955357300212 29.050289706247764 8.05718094836899
u 3674 0.9133126727771785 0.00517259
x 3674 70.24293088847102 29.944331177345845 8.06235353836899
u 3675 0.8086004812446953 0.00430862
x 3675 70.07395411776879 30.735078025419977 8.06666215836899
u 3676 0.9056049748084083 0.00476366
x 3676 69.88069064010455 31.619819822624805 8.07142581836899
u 3677 0.7978221545754643 0.00375301
x 3677 69.707111260242 32.39853006533287 8.07517882836899
u 3678 0.891174990589706 0.00329693
x 3678 69.51015650103324 33.267668125302585 8.07847575836899
u 3679 0.7910975979426558 0.00269215
x 3679 69.33300978385873 34.03867660260839 8.08116790836899
u 3680 0.8799744097741719 0.00218517
x 3680 69.13387040905045 34.89582195966994 8.08335307836899
u 3681 0.786462290816119 0.00178418
x 3681 68.9543729117087 35.66152648443451 8.08513725836899
u 3682 0.885536130320621 0.00106758
x 3682 68.7510342347393 36.52340092196824 8.08620483836899
u 3683 0.7821300013711581 -2.35377e-05
x 3683 68.57104252862747 37.284538442249946 8.08618130066899
u 3684 0.8814170132044762 -0.000459057
x 3684 68.36840886893609 38.14234700917199 8.08572224366899
u 3685 0.8769800202312273 -0.000457215
x 3685 68.16718628904736 38.99592970336897 8.085265028668989
u 3686 0.7748490100535926 -0.000519105
x 3686 67.98976579328115 39.7501928819623 8.084745923668988
u 3687 0.8719910371807431 -0.000532233
x 3687 67.7905484999418 40.599122102220036 8.084213690668989
u 3688 0.7714220018854199 0.000162346
x 3688 67.61444636194763 41.35017465742358 8.084376036668989
u 3689 0.8656620055465885 0.000224955
x 3689 67.41666767540787 42.19294051805085 8.084600991668989
u 3690 0.7570300132816566 0.000692537
x 3690 67.24337017383948 42.929868190251945 8.08529352866899
u 3691 0.8499675276441603 0.00293454
x 3691 67.04729750893597 43.75691098822637 8.08822806866899
u 3692 0.7468418300989307 0.0035102
x 3692 66.87267337543751 44.48305047790369 8.091738268668989
u 3693 0.8358363567498825 0.00575452
x 3693 66.67347854680261 45.29480284632306 8.097492788668989
u 3694 0.7357087732506677 0.00638183
x 3694 66.49381346187373 46.00823540743 8.10387461866899
u 3695 0.8264067250268439 0.00762421
x 3695 66.28639235502851 46.80818618802692 8.111498828668989
u 3696 0.8227784707102366 0.00739242
x 3696 66.0739078432251 47.60305200137207 8.118891248668989
u 3697 0.7276320704185874 0.00483888
x 3697 65.88169942873331 48.30483781073646 8.123730128668988
u 3698 0.8006261011083808 0.000304778
x 3698 65.66822376054586 49.076479105579615 8.124034906668989
u 3699 0.6937761295261431 -0.00142508
x 3699 65.48361272589143 49.745242144574824 8.122609826668988
u 3700 0.7734220379088277 0.000199324
x 3700 65.27826518077761 50.490905629305615 8.122809150668989
u 3701 0.6695370114339374 0.0049667
x 3701 65.09883307347488 51.13595059442955 8.12777585066899
u 3702 0.746794568876081 0.0131867
x 3702 64.89217552800265 51.85357633639003 8.14096255066899
u 3703 0.6606757245496208 0.0212245
x 3703 64.69845581681538 52.48520019664975 8.16218705066899
u 3704 0.7360696079506408 0.035456
x 3704 64.4627836789283 53.1824808821595 8.19764305066899
u 3705 0.6465957512691295 0.0390729
x 3705 64.2330852574946 53.786857844619945 8.23671595066899
u 3706 0.7165161227287562 0.0532624
x 3706 63.94792595358485 54.44409308924467 8.28997835066899
u 3707 0.7026024822138689 0.0628972
x 3707 63.63138044580088 55.071218649691524 8.35287555066899
u 3708 0.6153490920779927 0.0622745
x 3708 63.32033468313565 55.60205071576916 8.41515005066899
u 3709 0.6785728331176027 0.073507
x 3709 62.93843429128478 56.162769793895755 8.488657050668989
u 3710 0.5808161061604696 0.0642069
x 3710 62.57928563705734 56.619107076686625 8.55286395066899
u 3711 0.6384964600055039 0.0707146
x 3711 62.151567526976756 57.092990070155956 8.62357855066899
u 3712 0.5502605065911963 0.0609711
x 3712 61.75686433116173 57.47626832913581 8.68454965066899
u 3713 0.6089056021474593 0.0674458
x 3713 61.29379711876212 57.87148252573414 8.75199545066899
u 3714 0.5344875511791553 0.0590241
x 3714 60.86619519896052 58.1920298893859 8.81101955066899
u 3715 0.5904793545601827 0.0652486
x 3715 60.372736131288136 58.516129155036026 8.87626815066899
u 3716 0.5149495789440846 0.0566661
x 3716 59.925958026045436 58.772042117183396 8.932934250668989
u 3717 0.5757296997845083 0.0626986
x 3717 59.41028489711599 59.02784934943761 8.995632850668988
u 3718 0.5693085969143712 0.0607311
x 3718 58.885727396469434 59.24887446470132 9.056363950668988
u 3719 0.49939694900410636 0.051758
x 3719 58.41539479475846 59.41659114764658 9.108121950668988
u 3720 0.5402969515529029 0.0536743
x 3720 57.897692722056725 59.57097794397643 9.161796250668989
u 3721 0.4769528578917413 0.0462176
x 3721 57.43443712775866 59.68428192655021 9.208013850668989
u 3722 0.5181081488244033 0.0484702
x 3722 56.92595159918032 59.78340796149087 9.25648405066899
u 3723 0.4434968358044536 0.0346154
x 3723 56.487522219257016 59.85011240742455 9.29109945066899
u 3724 0.48658385119288544 0.0316087
x 3724 56.00433494663355 59.907332960674054 9.322708150668989
u 3725 0.41318463391873916 0.0226164
x 3725 55.5928597537965 59.94478199914775 9.34532455066899
u 3726 0.45884136965504063 0.0171486
x 3726 55.13517608449131 59.977276644625434 9.36247315066899
u 3727 0.3989276250353209 0.0103359
x 3727 54.73690122887022 60.00005761513958 9.37280905066899
u 3728 0.42087661265033594 0.00741998
x 3728 54.31651558016861 60.02036073649058 9.380229030668989
u 3729 0.37533110529554353 0.00524192
x 3729 53.941514763422404 60.036092979460044 9.385470950668989
u 3730 0.29686431459194534 0.00322267
x 3730 53.644861468968365 60.04728082534242 9.388693620668988
u 3731 0.2951802647858057 0.0029532
x 3731 53.34985806180527 60.05749430445846 9.391646820668988
u 3732 0.23275108493911265 0.00192188
x 3732 53.117227441864465 60.064980660827366 9.393568700668988
u 3733 0.22576007187485922 0.00180734
x 3733 52.89157106504286 60.07182140486053 9.395376040668987
u 3734 0.1686890300078281 0.00133667
x 3734 52.722951679223684 60.07666777815845 9.396712710668988
u 3735 0.16212202075552867 0.00113067
x 3735 52.56089096524806 60.08112555781556 9.397843380668988
u 3736 0.12044600766757241 0.000801489
x 3736 52.44048735798609 60.08432107730078 9.398644869668988
u 3737 0.10852100509968715 0.000683985
x 3737 52.332002446043134 60.08711964290621 9.399328854668989
u 3738 0.07382400144279434 0.000451959
x 3738 52.25820192762415 60.08898151758758 9.399780813668988
u 3739 0.06340520085405903 0.000369818
x 3739 52.194816243746004 60.09055458109871 9.400150631668987
u 3740 0.0381431001906925 0.000223677
x 3740 52.15668460523945 60.091489584246794 9.400374308668987
u 3741 0.011394200004628931 6.79055e-05
x 3741 52.14529378847613 60.0917672299918 9.400442214168987
u 3742 0.0019815200000198666 -1.16957e-05
x 3742 52.143312855485604 60.09181545858502 9.400430518468987
u 3743 0.0009906830000010226 5.74688e-06
x 3743 52.142322466039325 60.09183957395333 9.400436265348986
u 3744 1.022139063867613e-07 -1.34478e-07
x 3744 52.1423223638557 60.09183957644115 9.400436130870986
u 3745 1.0223545201459668e-07 1.34508e-07
x 3745 52.142322261650534 60.091839578929495 9.400436265378985
u 3746 0.00049529 -2.80619e-06
x 3746 52.14182711839429 60.091851634632 9.400433459188985
u 3747 0.00049529 2.80619e-06
x 3747 52.141331975138044 60.091863690334506 9.400436265378985
u 3748 5.110300162113767e-08 -6.72172e-08
x 3748 52.14133192405018 60.09186369157832 9.400436198161785
u 3749 0.003466620000115668 1.91056e-05
x 3749 52.13786633021685 60.09194803378035 9.400455303761785
u 3750 0.004457560000261821 2.51885e-05
x 3750 52.133410087314275 60.09205638667057 9.400480492261785
u 3751 0.019819000026658807 0.000121935
x 3751 52.11359690793448 60.09253668285953 9.400602427261784
u 3752 0.03668950021802314 0.000257743
x 3752 52.0769180150109 60.0934188578439 9.400860170261785
u 3753 0.062024501479993055 0.000499733
x 3753 52.014910885517146 60.09488671196585 9.401359903261785
u 3754 0.06997240221940934 0.000575309
x 3754 51.9449572015893 60.096505057490596 9.401935212261785
u 3755 0.0858317039193617 0.000678263
x 3755 51.85914723153355 60.098436418225084 9.402613475261784
u 3756 0.07537560223005337 0.000546925
x 3756 51.783789690152254 60.100086335461754 9.403160400261784
u 3757 0.07337230189730495 0.000506519
x 3757 51.71043413318528 60.1016537641442 9.403666919261784
u 3758 0.05056500059058945 0.000345998
x 3758 51.65988021633109 60.102712418914074 9.404012917261785
u 3759 0.033213100164896564 0.000225706
x 3759 51.62667419889395 60.103398293426416 9.404238623261785
u 3760 0.009419360003454023 6.49619e-05
x 3760 51.61725681939001 60.10359144135272 9.404303585161784
u 3761 0.0014872000000085428 -1.01685e-05
x 3761 51.615769931251194 60.10362189627648 9.404293416661785
u 3762 0.0004957510000027734 3.41196e-06
x 3762 51.615274284242915 60.103632049953944 9.404296828621785
u 3763 0.000495802 3.47933e-06
x 3763 51.61477858621044 60.10364220296796 9.404300307951784
u 3764 0.010905600005635525 7.38503e-05
x 3764 51.603875264435146 60.10386510584457 9.404374158251784
u 3765 0.024785000067610703 0.000167297
x 3765 51.57909538119082 60.104368706204205 9.404541455251785
u 3766 0.04065530030609568 0.000284767
x 3766 51.538448288517195 60.105185583791574 9.404826222251785
u 3767 0.06943270173020419 0.000514006
x 3767 51.46902905298467 60.106552954072846 9.405340228251784
u 3768 0.07592390267470081 0.000619489
x 3768 51.39311904061624 60.108005136992354 9.405959717251784
u 3769 0.09633070690892005 0.000866011
x 3769 51.296804616965694 60.10977610013874 9.406825728251784
u 3770 0.08893450642387916 0.000867499
x 3770 51.20788375985865 60.1113340180407 9.407693227251784
u 3771 0.09937490932952396 0.000978139
x 3771 51.108522538899194 60.11298313488066 9.408671366251784
u 3772 0.08695630619201902 0.000860229
x 3772 51.021576920013295 60.11434624780215 9.409531595251785
u 3773 0.0834833056839766 0.000832716
x 3773 50.93810279677797 60.11558426043693 9.410364311251785
u 3774 0.057148801801760025 0.000573337
x 3774 50.880959698302675 60.11639157361069 9.410937648251785
u 3775 0.04820670114203259 0.000487345
x 3775 50.83275745352218 60.11704700257092 9.411424993251785
u 3776 0.03279860034963674 0.000329282
x 3776 50.799961705641806 60.11747954868052 9.411754275251784
u 3777 0.02534490015731118 0.00025507
x 3777 50.77461891308804 60.117806391267166 9.412009345251784
u 3778 0.035269800421145074 0.00033638
x 3778 50.739351912701956 60.1182507939984 9.412345725251784
u 3779 0.03966270031892544 0.000276469
x 3779 50.699692209830765 60.11873839499183 9.412622194251783
u 3780 0.05151210048901586 0.000294411
x 3780 50.64818382364813 60.11935696632432 9.412916605251784
u 3781 0.05044410021646997 0.000186898
x 3781 50.597743216305446 60.119950574078125 9.413103503251785
u 3782 0.06413250004118716 2.89358e-05
x 3782 50.533615075796426 60.12069834141863 9.413132439051784
u 3783 0.062428100258573 -0.000266953
x 3783 50.47119130646011 60.12143366489414 9.412865486051784
u 3784 0.06850510253724584 -0.000706539
x 3784 50.40269135852743 60.12227390987269 9.412158947051784
u 3785 0.06561660829091374 -0.00126268
x 3785 50.33708051472631 60.12314332764313 9.410896267051784
u 3786 0.055425013054736225 -0.0016948
x 3786 50.28166152031855 60.12395965823962 9.409201467051785
u 3787 0.0573114307283742 -0.00245717
x 3787 50.22435819649534 60.12492273577008 9.406744297051786
u 3788 0.04646162530461864 -0.00245762
x 3788 50.177905202242634 60.12581764603708 9.404286677051786
u 3789 0.06025397954647032 -0.00377651
x 3789 50.117666346778066 60.12716598894581 9.400510167051786
u 3790 0.06782164717401577 -0.00485015
x 3790 50.049868926397316 60.128976126521096 9.395660017051787
u 3791 0.0927406524440966 -0.00710203
x 3791 49.95717795358759 60.13200532180919 9.388557987051787
u 3792 0.09023673904962491 -0.00715213
x 3792 49.86701285235996 60.13559543111701 9.381405857051787
u 3793 0.09624955964230553 -0.00767602
x 3793 49.77087076909255 60.140137684886554 9.373729837051787
u 3794 0.08135872974831754 -0.00650489
x 3794 49.68963209831743 60.14455333168589 9.367224947051787
u 3795 0.07811100002288426 -0.006236
x 3795 49.61166494273148 60.14928949070129 9.360988947051787
u 3796 0.04649576080502588 -0.00371051
x 3796 49.56526935164212 60.152339477579815 9.357278437051788
u 3797 0.02371120816193065 -0.00189452
x 3797 49.541613668393516 60.153961166322986 9.355383917051787
u 3798 8.359197372295979e-08 6.22586e-08
x 3798 49.54161358500273 60.15396117211912 9.355383979310387
u 3799 0.000929935 -7.4184e-05
x 3799 49.54068589055935 60.15402568664132 9.355309795310387
u 3800 0.000465086 3.69363e-05
x 3800 49.540221925724076 60.15405796076422 9.355346731610387
u 3801 0.000465323 -3.6625e-05
x 3801 49.539757724455114 60.154090251261216 9.355310106610387
u 3802 0.0027920800116826602 -0.000219563
x 3802 49.53697240001885 60.154284360882464 9.355090543610387
u 3803 0.015358002140172917 -0.00120557
x 3803 49.52165232292496 60.15536298918132 9.353884973610388
u 3804 0.026531910919265787 -0.00207641
x 3804 49.4951890265017 60.15726981547749 9.351808563610387
u 3805 0.028400813684960797 -0.00221288
x 3805 49.46686610386478 60.159371705607676 9.349595683610387
u 3806 0.01722990292927412 -0.001338
x 3806 49.44968574385912 60.16067736281358 9.348257683610386
u 3807 0.007451170229873004 -0.000578089
x 3807 49.44225654265852 60.16124911955314 9.347679594610387
u 3808 0.0004657010003019314 3.61267e-05
x 3808 49.441792224425114 60.16128498039219 9.347715721310387
u 3809 0.000465796 -3.60021e-05
x 3809 49.441327811471844 60.16132084851766 9.347679719210387
u 3810 0.006988450169224124 -0.000538038
x 3810 49.43436026631465 60.1618609865297 9.347141681210386
u 3811 0.03401402253501082 -0.00261376
x 3811 49.40045218647575 60.16454337203211 9.344527921210387
u 3812 0.05685240281339817 -0.00435892
x 3812 49.34379286448519 60.16922437828462 9.340169001210388
u 3813 0.09507679543167455 -0.00727253
x 3813 49.2490862295394 60.17760354799759 9.332896471210388
u 3814 0.11045475378570338 -0.00845131
x 3814 49.13914152269597 60.188202673178004 9.324445161210388
u 3815 0.15986235624482117 -0.0122227
x 3815 48.980184949917145 60.20518686453983 9.312222461210387
u 3816 0.1734678726676963 -0.013139
x 3816 48.80794768228499 60.22580223732427 9.299083461210387
u 3817 0.2313869083245636 -0.0173895
x 3817 48.578649998436184 60.25680424302165 9.281693961210387
u 3818 0.2645822202525727 -0.019781
x 3818 48.31716177949215 60.29712024507553 9.261912961210387
u 3819 0.2571230792437303 -0.0192147
x 3819 48.063857409425005 60.34124665360151 9.242698261210387
u 3820 0.3126508508495061 -0.0233653
x 3820 47.75706425616833 60.40144689108977 9.219332961210387
u 3821 0.29824812822685226 -0.0222017
x 3821 47.465787568889596 60.465526401721746 9.197131261210387
u 3822 0.3539850764068622 -0.0254284
x 3822 47.12198807403034 60.549791399719126 9.171702861210388
u 3823 0.3326543786650042 -0.0223522
x 3823 46.80088736299204 60.63667443488626 9.149350661210388
u 3824 0.3967948044665102 -0.0242559
x 3824 46.42039424405342 60.74920613712486 9.125094761210388
u 3825 0.3709265151482816 -0.0213092
x 3825 46.06719339803358 60.86247765072973 9.103785561210389
u 3826 0.4460806484470812 -0.0223491
x 3826 45.6455052138373 61.00793808448025 9.081436461210389
u 3827 0.4157398753115319 -0.017502
x 3827 45.255274653762605 61.15130942726832 9.063934461210389
u 3828 0.48754318463858864 -0.0171129
x 3828 44.800624649372885 61.32733763408651 9.046821561210388
u 3829 0.5061838560156894 -0.0159462
x 3829 44.331676115875766 61.51787356165395 9.030875361210388
u 3830 0.4668953584687897 -0.0144345
x 3830 43.90184462247546 61.7001710605581 9.016440861210388
u 3831 0.5426219995965514 -0.0166678
x 3831 43.40565439247143 61.91977769415954 8.999773061210387
u 3832 0.4956854604479211 -0.0148364
x 3832 42.95559943782243 62.127503731338194 8.984936661210387
u 3833 0.5655621280349993 -0.0169795
x 3833 42.445936928448205 62.372650549672656 8.967957161210387
u 3834 0.5092252528964981 -0.0151896
x 3834 41.99065142350723 62.600730538837276 8.952767561210388
u 3835 0.5840613073467683 -0.0172958
x 3835 41.472776124809286 62.8707755016612 8.935471761210389
u 3836 0.5218090094724778 -0.015503
x 3836 41.01411614280872 63.11959312532509 8.919968761210388
u 3837 0.5902239745717832 -0.0176224
x 3837 40.50005459599695 63.409586316612206 8.902346361210387
u 3838 0.524872793198261 -0.0160138
x 3838 40.04731187184422 63.67512273129662 8.886332561210388
u 3839 0.586432948331753 -0.0180679
x 3839 39.546599170375245 63.98037842411159 8.868264661210388
u 3840 0.580150229648189 -0.0179003
x 3840 39.056761449762924 64.29122293412739 8.850364361210387
u 3841 0.5084536310850444 -0.0162048
x 3841 38.63216603937536 64.57093381199257 8.834159561210386
u 3842 0.5636135124177616 -0.0182444
x 3842 38.16691965116054 64.88904885158661 8.815915161210386
u 3843 0.49429019158674076 -0.0160234
x 3843 37.76373614887278 65.17498700844939 8.799891761210386
u 3844 0.5428457040485184 -0.0176698
x 3844 37.32630067437396 65.4964275114485 8.782221961210386
u 3845 0.47185339813394417 -0.0150485
x 3845 36.95069229020364 65.7820142223758 8.767173461210385
u 3846 0.5137247181246252 -0.0157575
x 3846 36.54659110394639 66.09920479056397 8.751415961210386
u 3847 0.43817343753929217 -0.0132943
x 3847 36.205884422750124 66.37472627977084 8.738121661210386
u 3848 0.47555152364043257 -0.0140757
x 3848 35.84024096581887 66.67878282096036 8.724045961210386
u 3849 0.4187001429275639 -0.0110166
x 3849 35.52169248908768 66.95050861035185 8.713029361210387
u 3850 0.4620573163803168 -0.0104209
x 3850 35.173391837977746 67.25412298419242 8.702608461210387
u 3851 0.4609697203374595 -0.00666215
x 3851 34.82850996810337 67.55998045582872 8.695946311210387
u 3852 0.41158411779410886 -0.000915095
x 3852 34.521613011134896 67.83423532269971 8.695031216210387
u 3853 0.45396125308257157 0.00293248
x 3853 34.18281277945334 68.13638607088889 8.697963696210387
u 3854 0.38799250020994797 0.00373192
x 3854 33.89238748543964 68.39366248663923 8.701695616210387
u 3855 0.4212089542893077 0.00526029
x 3855 33.575846171096956 68.67154406282683 8.706955906210387
u 3856 0.34694635805965024 0.00682736
x 3856 33.313735302458845 68.89885266438166 8.713783266210388
u 3857 0.3591437880601857 0.00925121
x 3857 33.04052711349402 69.13196342359743 8.723034476210389
u 3858 0.2984404427217437 0.00983989
x 3858 32.81165864019541 69.32349723559659 8.732874366210389
u 3859 0.3063987340651722 0.014474
x 3859 32.57431507879627 69.51726663241924 8.747348366210389
u 3860 0.2402865925928486 0.0124874
x 3860 32.38615154924726 69.66670351693578 8.759835766210388
u 3861 0.2593216687920393 0.0135246
x 3861 32.1810019617523 69.82532365945106 8.773360366210389
u 3862 0.2717874982487024 0.0143543
x 3862 31.963694453548573 69.98855546619721 8.78771466621039
u 3863 0.2476003109852411 0.013676
x 3863 31.763661019423974 70.13447182483908 8.80139066621039
u 3864 0.2892232788987698 0.0171824
x 3864 31.527400010616308 70.30129143627231 8.818573066210389
u 3865 0.2655984625931408 0.0159453
x 3865 31.30792970081976 70.45087028446596 8.83451836621039
u 3866 0.3011736476403553 0.017983
x 3866 31.056222087068832 70.61623775047022 8.852501366210388
u 3867 0.26699342084913347 0.0158345
x 3867 30.8306333071928 70.75904426196084 8.868335866210389
u 3868 0.29743504808546034 0.0176048
x 3868 30.576699674833037 70.91390882640391 8.88594066621039
u 3869 0.22037036390464215 0.0122376
x 3869 30.38686730618517 71.02582916879626 8.89817826621039
u 3870 0.17801010452805452 0.00776171
x 3870 30.232628161640598 71.11469831148311 8.90593997621039
u 3871 0.19228195114749694 0.0116167
x 3871 30.065101241298457 71.20907343490973 8.91755667621039
u 3872 0.2393435145140674 0.0190365
x 3872 29.854797705709142 71.32333633754473 8.93659317621039
u 3873 0.21778151969182533 0.0153205
x 3873 29.661681269564042 71.4240036347123 8.95191367621039
u 3874 0.19232114651471902 0.0103705
x 3874 29.490012910288545 71.51070465160495 8.96228417621039
u 3875 0.20583684268136068 0.00933509
x 3875 29.30537475952735 71.60168405261135 8.971619266210391
u 3876 0.16904581919161868 0.00699665
x 3876 29.153133288057905 71.67516130606778 8.97861591621039
u 3877 0.14031042544378758 0.00552531
x 3877 29.026391251844526 71.73535617012826 8.98414122621039
u 3878 0.08736039340219347 0.00333861
x 3878 28.947313447290135 71.77248475848467 8.98747983621039
u 3879 0.11327920838751518 0.00434825
x 3879 28.84458992787535 71.82023449558852 8.99182808621039
u 3880 0.11856625494215196 0.0048163
x 3880 28.73684415873465 71.86971963344226 8.99664438621039
u 3881 0.13967249274446286 0.00598408
x 3881 28.609605449994536 71.92732742816321 9.002628466210389
u 3882 0.14070049048212008 0.00603902
x 3882 28.48108371755632 71.9845876425201 9.008667486210388
u 3883 0.1903092890418211 0.00837178
x 3883 28.3066939353937 72.06078224759295 9.017039266210388
u 3884 0.229389686297836 0.011127
x 3884 28.09560793852577 72.15056970331342 9.028166266210388
u 3885 0.18232356378940226 0.00954358
x 3885 27.92710368461477 72.22019689643419 9.037709846210388
u 3886 0.1597191119761942 0.00835213
x 3886 27.77895057831824 72.27986852730118 9.046061976210389
u 3887 0.16271508943703772 0.00840061
x 3887 27.627514545880878 72.33939308280421 9.05446258621039
u 3888 0.22150300715258925 0.0117813
x 3888 27.420559070509913 72.41833892434205 9.06624388621039
u 3889 0.17735352130040458 0.00949329
x 3889 27.25419016041729 72.47978337929675 9.07573717621039
u 3890 0.15751504851370227 0.00804774
x 3890 27.105957915941264 72.53305680885471 9.08378491621039
u 3891 0.13574256662614329 0.00665237
x 3891 26.97788094499319 72.57802642031506 9.09043728621039
u 3892 0.1614760511372314 0.00806881
x 3892 26.82513421029104 72.63039825112504 9.09850609621039
u 3893 0.22255539908651262 0.010569
x 3893 26.613946952793 72.70061496472678 9.10907509621039
u 3894 0.22833049266567113 0.0103814
x 3894 26.396536838820218 72.77038019959228 9.11945649621039
u 3895 0.2581452630559052 0.0113272
x 3895 26.149896481986975 72.84658255329855 9.13078369621039
u 3896 0.24482668809681044 0.0106746
x 3896 25.915200109246985 72.9162758145409 9.14145829621039
u 3897 0.3058391913621943 0.0130873
x 3897 25.621002826234722 72.9998475476539 9.15454559621039
u 3898 0.2797397974793004 0.0118389
x 3898 25.350979345849478 73.07292805347272 9.16638449621039
u 3899 0.2996353870353373 0.0120622
x 3899 25.060836590668952 73.14774421624008 9.178446696210392
u 3900 0.23773392188874862 0.00912754
x 3900 24.830017647406393 73.20466205761974 9.187574236210391
u 3901 0.2391429368372096 0.00903549
x 3901 24.597320275015925 73.25980630522736 9.196609726210392
u 3902 0.17914676990039702 0.00666177
x 3902 24.42268288371431 73.29974661111967 9.203271496210391
u 3903 0.17333365925118951 0.0061496
x 3903 24.25346815776204 73.33730775149186 9.209421096210392
u 3904 0.14221331789422195 0.00478401
x 3904 24.11446777567964 73.36736574534466 9.214205106210391
u 3905 0.16017041725640602 0.00505208
x 3905 23.957751406370647 73.40044878614411 9.219257186210392
u 3906 0.17286842599420962 0.00488826
x 3906 23.788435473171194 73.4353134955913 9.224145446210391
u 3907 0.0 0.0
x 3907 23.788435473171194 73.4353134955913 9.224145446210391
u 3908 0.17395833158007265 0.00437609
x 3908 23.617891309401262 73.46960840829612 9.22852153621039
u 3909 0.22260649110066139 0.00414711
x 3909 23.39946871366616 73.51256360043554 9.23266864621039
u 3910 0.22178702773612477 0.000472267
x 3910 23.18175175812494 73.55485795026478 9.23314091321039
u 3911 0.27512832823602545 -0.0046119
x 3911 22.911781793429668 73.60788323661417 9.22852901321039
u 3912 0.264545329729817 -0.0107499
x 3912 22.65259669449476 73.66086098689078 9.217779113210389
u 3913 0.32132198517599386 -0.019745
x 3913 22.33880663391595 73.73000042346801 9.198034113210388
u 3914 0.30482890242971644 -0.0232751
x 3914 22.04260453735729 73.80197807971342 9.17475901321039
u 3915 0.3687640080869721 -0.0319304
x 3915 21.68682349701001 73.89890687621345 9.142828613210389
u 3916 0.3491968948530042 -0.0330192
x 3916 21.353079490894338 74.00158273200601 9.109809413210389
u 3917 0.4053920731280689 -0.0447082
x 3917 20.97056549270478 74.13574085374937 9.065101213210388
u 3918 0.3944039720930459 -0.0487762
x 3918 20.604930400602704 74.28350632626612 9.016325013210388
u 3919 0.3195203442177941 -0.0389671
x 3919 20.31424150622446 74.41609704695203 8.977357913210387
u 3920 0.30270243524355217 -0.035794
x 3920 20.043737031942758 74.55191424445044 8.941563913210388
u 3921 0.2221586670736123 -0.0249867
x 3921 19.84832414212406 74.65758215864824 8.916577213210388
u 3922 0.19837247408585926 -0.020598
x 3922 19.67602806821532 74.75588938155352 8.895979213210389
u 3923 0.15520888584085127 -0.0163992
x 3923 19.54266662659977 74.83528701539117 8.879580013210388
u 3924 0.19842238903713086 -0.0237757
x 3924 19.374249769809897 74.94019341264523 8.855804313210388
u 3925 0.19753263688338316 -0.0275394
x 3925 19.209323904739232 75.04889546256611 8.828264913210388
u 3926 0.24392940505600408 -0.0378581
x 3926 19.010162976809983 75.18971226955533 8.790406813210389
u 3927 0.23691168841473928 -0.0386565
x 3927 18.822104822836497 75.33377576191106 8.751750313210389
u 3928 0.2914101390892095 -0.0473947
x 3928 18.59862934704939 75.52075887902107 8.704355613210389
u 3929 0.31273260822334725 -0.0485345
x 3929 18.36870015748463 75.73269060172412 8.655821113210388
u 3930 0.31426539437787354 -0.0445768
x 3930 18.147802381980092 75.95618681589941 8.611244313210388
u 3931 0.3834994903262929 -0.0482026
x 3931 17.891180902090174 76.24112330122723 8.563041713210389
u 3932 0.36936784509672754 -0.0382637
x 3932 17.656099322635125 76.52599627426585 8.524778013210389
u 3933 0.44849310996190617 -0.033434
x 3933 17.38323586745988 76.88190759455861 8.491344013210389
u 3934 0.4123997591946921 -0.0199485
x 3934 17.14114790759697 77.2157658596768 8.471395513210389
u 3935 0.48494038096975606 -0.0172927
x 3935 16.863834892439066 77.6135834114026 8.454102813210389
u 3936 0.450988878996904 -0.00941086
x 3936 16.610897356397132 77.98696266999407 8.44469195321039
u 3937 0.502263655241827 -0.00488856
x 3937 16.332181803432263 78.4047974669163 8.43980339321039
u 3938 0.45244600922280737 0.000290674
x 3938 16.081976716286864 78.78176537561335 8.44009406721039
u 3939 0.5243955238369497 0.00346666
x 3939 15.791162998619868 79.2181342237684 8.443560727210391
u 3940 0.5248338278769534 0.00404437
x 3940 15.498468160728121 79.65377157673001 8.447605097210392
u 3941 0.46313962870905967 0.00397948
x 3941 15.238639371435928 80.0371604561526 8.451584577210392
u 3942 0.5247652089365415 0.00719958
x 3942 14.941814588731535 80.46991024920665 8.458784157210392
u 3943 0.4707149544846444 0.0100551
x 3943 14.672224009170272 80.85577501949768 8.468839257210393
u 3944 0.5200673727264791 0.0146493
x 3944 14.369126315922566 81.27838243022995 8.483488557210393
u 3945 0.465318702754332 0.0139885
x 3945 14.09254992877825 81.65257952604986 8.497477057210393
u 3946 0.5092017685155119 0.0152767
x 3946 13.783931545331566 82.05759321947369 8.512753757210392
u 3947 0.44599357153829966 0.0132182
x 3947 13.50859536930272 82.40844555293219 8.525971957210393
u 3948 0.4996416534402 0.0137278
x 3948 13.194871995780858 82.79730993329522 8.539699757210393
u 3949 0.447255442831331 0.0109838
x 3949 12.909761527965948 83.14190743935895 8.550683557210393
u 3950 0.5041868088094373 0.0106215
x 3950 12.584181523126462 83.52687446232305 8.561305057210392
u 3951 0.5134095909037929 0.0104289
x 3951 12.248538291650783 83.91537239045607 8.571733957210393
u 3952 0.4684757478890091 0.00905461
x 3952 11.938831534293087 84.26686883618424 8.580788567210393
u 3953 0.5443206888337885 0.00892242
x 3953 11.575327716538325 84.67202068571923 8.589710987210392
u 3954 0.0 0.0
x 3954 11.575327716538325 84.67202068571923 8.589710987210392
u 3955 0.495711064991986 0.00660569
x 3955 11.24143078162752 85.03841037345265 8.596316677210392
u 3956 0.5837291076769141 0.010162
x 3956 10.844645059701136 85.46654333153053 8.606478677210392
u 3957 0.5346888322606743 0.0131228
x 3957 10.476654171749862 85.85444892702073 8.619601477210391
u 3958 0.612393623247298 0.0180381
x 3958 10.048316330875533 86.29210458546453 8.637639577210392
u 3959 0.5411452571508143 0.0144811
x 3959 9.663573323164165 86.67263827646617 8.652120677210391
u 3960 0.6139735205596593 0.0175202
x 3960 9.22020068080146 87.09734351708241 8.66964087721039
u 3961 0.5268985867753134 0.0165011
x 3961 8.833562891279662 87.45529189482 8.68614197721039
u 3962 0.5588481392687716 0.017662
x 3962 8.417056306215951 87.82788468695891 8.70380397721039
u 3963 0.5602192012335918 0.0175188
x 3963 7.993022584501927 88.19398976687962 8.72132277721039
u 3964 0.4954676313112165 0.0147251
x 3964 7.612827180131822 88.51169276099138 8.736047877210389
u 3965 0.5599183979466326 0.0145256
x 3965 7.177970791258433 88.8644008855206 8.75057347721039
u 3966 0.4992281786892772 0.0112355
x 3966 6.786229248058445 89.1738596322487 8.76180897721039
u 3967 0.5645684711165271 0.0122066
x 3967 6.3391445774575645 89.51860431781391 8.77401557721039
u 3968 0.5127142488187751 0.0101619
x 3968 5.929646644897113 89.82712511458281 8.78417747721039
u 3969 0.5861013276847621 0.0100402
x 3969 5.457996892600759 90.17505957938553 8.79421767721039
u 3970 0.5248035256536954 0.00660026
x 3970 5.033096451273922 90.48308125987496 8.800817937210391
u 3971 0.6022427989805113 0.00532046
x 3971 4.543399832281014 90.83364188899944 8.806138397210391
u 3972 0.5443720628527133 0.00444539
x 3972 4.099217008217329 91.14835139570387 8.810583787210392
u 3973 0.6211470133009422 0.00358936
x 3973 3.5909506512300173 91.5054067251103 8.814173147210392
u 3974 0.6263970976993121 0.000763872
x 3974 3.0776055148921273 91.86436365278485 8.814937019210392
u 3975 0.556949008347205 -0.00041981
x 3975 2.6211195911007468 92.1834448254105 8.814517209210392
u 3976 0.6265050395194485 -0.00104168
x 3976 2.1078866739242166 92.54275040813556 8.813475529210391
u 3977 0.5575693003241384 -0.00284743
x 3977 1.6517487208341937 92.86340829805054 8.810628099210392
u 3978 0.6276307162807827 -0.0053988
x 3978 1.1397877640786116 93.2264721188548 8.805229299210392
u 3979 0.5509633421709441 -0.00505076
x 3979 0.6920359703952609 93.54753019825212 8.800178539210393
u 3980 0.6101493423809145 -0.00633807
x 3980 0.19821840771611887 93.90589480106513 8.793840469210393
u 3981 0.5379507918480471 -0.00594975
x 3981 -0.2352167175304118 94.22452341396932 8.787890719210393
u 3982 0.5975846051019306 -0.00664835
x 3982 -0.7144604516860529 94.58149888675052 8.781242369210393
u 3983 0.5218786380146274 -0.00568436
x 3983 -1.131060313693971 94.89582536419951 8.775558009210393
u 3984 0.5886741316497948 -0.00604463
x 3984 -1.5988935384144891 95.25313230785908 8.769513379210393
u 3985 0.5830849213269536 -0.00561135
x 3985 -2.060214514941657 95.60974146364252 8.763902029210392
u 3986 0.5177518323067558 -0.00397596
x 3986 -2.4683233684678325 95.92835372076934 8.759926069210392
u 3987 0.0 0.0
x 3987 -2.4683233684678325 95.92835372076934 8.759926069210392
u 3988 0.5837827789013701 -0.00339671
x 3988 -2.927152620701582 96.28929377474711 8.756529359210392
u 3989 0.5233350700374513 -0.00052431
x 3989 -3.337837507257757 96.61366626619883 8.756005049210392
u 3990 0.5836685063186247 0.00359151
x 3990 -3.796422819375385 96.97473145503483 8.759596559210392
u 3991 0.5102643471267615 0.00563835
x 3991 -4.198787006111459 97.28853406081973 8.765234909210392
u 3992 0.5619911660504695 0.00946194
x 3992 -4.64453559768485 97.63079113889886 8.774696849210391
u 3993 0.49097146409029935 0.0127016
x 3993 -5.037242599598015 97.92546205440875 8.787398449210391
u 3994 0.5387288696340192 0.0210409
x 3994 -5.473537048831298 98.24147667623572 8.80843934921039
u 3995 0.4646924178903827 0.0268037
x 3995 -5.85628057847871 98.50497905919823 8.83524304921039
u 3996 0.5060500088176703 0.0390659
x 3996 -6.282296947405842 98.778043333174 8.874308949210391
u 3997 0.502139094252031 0.0508201
x 3997 -6.716748331960491 99.02972051102572 8.92512904921039
u 3998 0.43080549408609 0.0510411
x 3998 -7.099990506346391 99.22638906666849 8.976170149210391
u 3999 0.46105627266594046 0.0564723
x 3999 -7.520850059109359 99.41452103108638 9.03264244921039
u 4000 0.4037965517329786 0.0505385
x 4000 -7.897736250470826 99.55934420664106 9.08318094921039
u 4001 0.4416874550298661 0.0595434
x 4001 -8.318061297951274 99.6948323250938 9.142724349210392
u 4002 0.3768025826274932 0.0539564
x 4002 -8.682627931120113 99.78989501021515 9.196680749210392
u 4003 0.41991116558724656 0.0646422
x 4003 -9.094445819458901 99.87156521736586 9.261322949210392
u 4004 0.37003301892167423 0.0619375
x 4004 -9.461177436891777 99.92043840418181 9.323260449210393
u 4005 0.4054894743581515 0.0768474
x 4005 -9.865760516554808 99.94599901925449 9.400107849210393
u 4006 0.3450075061069831 0.073157
x 4006 -10.210666634937349 99.94189154905955 9.473264849210393
u 4007 0.3797339385178128 0.0845061
x 4007 -10.58872581502028 99.9074920182434 9.557770949210393
u 4008 0.3933945760322071 0.0875731
x 4008 -10.975865658949774 99.83833166636215 9.645344049210394
u 4009 0.3406103120271757 0.0758133
x 4009 -11.305082544618628 99.75129104683904 9.721157349210394
u 4010 0.3803342969849156 0.0846488
x 4010 -11.663701491988618 99.62495707268805 9.805806149210394
u 4011 0.3340353306550671 0.074294
x 4011 -11.968883303121352 99.48933867114069 9.880100149210394
u 4012 0.38389977815702103 0.0854503
x 4012 -12.306043202150775 99.30600131308793 9.965550449210394
u 4013 0.3364868755567741 0.0749277
x 4013 -12.587760780962416 99.12213815222677 10.040478149210394
u 4014 0.36550895823927493 0.0813467
x 4014 -12.877240976031793 98.89914855430148 10.121824849210393
u 4015 0.3305411322740333 0.0735872
x 4015 -13.122648022269214 98.67782632864701 10.195412049210393
u 4016 0.370280567121865 0.0824403
x 4016 -13.377386015331972 98.40923999689633 10.277852349210393
u 4017 0.30567265997360576 0.0680992
x 4017 -13.570425099090029 98.17231050583078 10.345951549210394
u 4018 0.3376403953406049 0.0751479
x 4018 -13.764369240376777 97.89602610929153 10.421099449210393
u 4019 0.3364280414267515 0.0748495
x 4019 -13.936446859764798 97.60702734177565 10.495948949210392
u 4020 0.283719481684645 0.0632063
x 4020 -14.064417668518509 97.35386055680743 10.559155249210392
u 4021 0.3175106795358392 0.070706
x 4021 -14.18834802092138 97.0616067176555 10.629861249210391
u 4022 0.25524088515911575 0.0568645
x 4022 -14.272801545311241 96.82077906448316 10.68672574921039
u 4023 0.2629018488505703 0.0585135
x 4023 -14.345342460437328 96.56812222309509 10.74523924921039
u 4024 0.21784514331832347 0.0485234
x 4024 -14.39416820731799 96.35584117778679 10.793762649210391
u 4025 0.24660093596497662 0.0532757
x 4025 -14.437140555726252 96.11304287324707 10.847038349210392
u 4026 0.24056267271483414 0.0472685
x 4026 -14.4671063871885 95.87437642354935 10.894306849210391
u 4027 0.30707188740639935 0.0510886
x 4027 -14.490334092760268 95.56821778754406 10.945395449210391
u 4028 0.3000755051677896 0.0386192
x 4028 -14.499595148434357 95.26830388197278 10.98401464921039
u 4029 0.36430447594368437 0.0329334
x 4029 -14.497807571873988 94.90402025534945 11.01694804921039
u 4030 0.35257309586251884 0.0226757
x 4030 -14.486276641478357 94.55164332760913 11.03962374921039
u 4031 0.41952402429061486 0.0192745
x 4031 -14.463764942540857 94.13273023201171 11.05889824921039
u 4032 0.4484314256273376 0.0125313
x 4032 -14.43258415879425 93.68538710785465 11.07142954921039
u 4033 0.41528287779214124 0.00589959
x 4033 -14.399891678087231 93.27139366577455 11.07732913921039
u 4034 0.48749033687673726 0.00227645
x 4034 -14.359528374509713 92.78557731194908 11.07960558921039
u 4035 0.44591809839433566 0.00143375
x 4035 -14.321782852846804 92.34125964179893 11.08103933921039
u 4036 0.0 0.0
x 4036 -14.321782852846804 92.34125964179893 11.08103933921039
u 4037 0.5086020484055079 0.000855399
x 4037 -14.278151320290839 91.8345325779504 11.08189473821039
u 4038 0.46345100140032747 -0.000153358
x 4038 -14.238231088675 91.3728040804686 11.08174138021039
u 4039 0.5310722864575503 -0.00267158
x 4039 -14.193233563215712 90.8436416966999 11.079069800210391
u 4040 0.48301839714482925 -0.00295902
x 4040 -14.153662737385249 90.36224710648175 11.07611078021039
u 4041 0.5416115513433664 -0.00308031
x 4041 -14.110921911163768 89.82232483209559 11.07303047021039
u 4042 0.4819952537405752 -0.00235787
x 4042 -14.074192289365357 89.34173118682077 11.07067260021039
u 4043 0.5391003299083332 -0.00249111
x 4043 -14.034414436262924 88.80410051636476 11.06818149021039
u 4044 0.53269932290801 -0.00247776
x 4044 -13.996428854207359 88.27275738899388 11.06570373021039
u 4045 0.4674212122157984 -0.00206714
x 4045 -13.964157676105721 87.80645160638566 11.063636590210391
u 4046 0.5005370603803206 -0.000672066
x 4046 -13.930284078193923 87.30706206029109 11.062964524210392
u 4047 0.40393500180377545 5.13491e-05
x 4047 -13.903073054840174 86.90404463405254 11.063015873310391
u 4048 0.419115017783253 -0.000739172
x 4048 -13.874983245224529 86.48587199897341 11.062276701310392
u 4049 0.37815002293561617 -0.00078309
x 4049 -13.849926161966886 86.10855306873336 11.061493611310391
u 4050 0.4228490124668407 -0.00036886
x 4050 -13.822150240953686 85.68661731114838 11.061124751310391
u 4051 0.3773250117397253 0.000727594
x 4051 -13.797297147915167 85.31011169104416 11.061852345310392
u 4052 0.40797807741195885 0.00147772
x 4052 -13.76997617883005 84.90304947711526 11.063330065310392
u 4053 0.3983341165831118 0.00176649
x 4053 -13.742656381723645 84.50565338269637 11.065096555310392
u 4054 0.35582009080386906 0.00163118
x 4054 -13.717649393464445 84.15071316310258 11.066727735310392
u 4055 0.4123791604127145 0.00207806
x 4055 -13.687904578287753 83.7394082193976 11.068805795310393
u 4056 0.37868120396026367 0.00251233
x 4056 -13.659723580959652 83.36177716903671 11.071318125310393
u 4057 0.4258815309715015 0.0036216
x 4057 -13.626727611308022 82.93717600774912 11.074939725310394
u 4058 0.3747143812793476 0.00313276
x 4058 -13.596434402864352 82.5636882914519 11.078072485310393
u 4059 0.41943334800992577 0.00292439
x 4059 -13.561259986909947 82.14573258984115 11.080996875310394
u 4060 0.3910003664996167 0.00314726
x 4060 -13.527287338563717 81.75621106338417 11.084144135310394
u 4061 0.4589834789187125 0.00305188
x 4061 -13.485990798533548 81.29908934415558 11.087196015310393
u 4062 0.43277722901854715 0.00231275
x 4062 -13.44589613606071 80.86817350026746 11.089508765310393
u 4063 0.508031237023527 0.00205058
x 4063 -13.397726086896254 80.36243118078364 11.091559345310394
u 4064 0.4875821454883429 0.00174873
x 4064 -13.350572978302369 79.87713449589442 11.093308075310393
u 4065 0.5659771857340403 0.00172604
x 4065 -13.294859811625985 79.31390617780093 11.095034115310392
u 4066 0.6016032711448346 0.00253099
x 4066 -13.234365557013492 78.71535229734783 11.097565105310393
u 4067 0.5520358431443922 0.00414689
x 4067 -13.17702202512424 78.16630325149534 11.101711995310392
u 4068 0.6409355542835101 0.00496979
x 4068 -13.107538834180284 77.52914579418798 11.106681785310393
u 4069 0.5862941255542041 0.00445082
x 4069 -13.041234623027387 76.94661340385228 11.111132605310393
u 4070 0.6636413254193281 0.00434682
x 4070 -12.963283413485044 76.28756657375314 11.115479425310394
u 4071 0.6013325695999086 0.00282406
x 4071 -12.890510291216637 75.69065394060353 11.118303485310394
u 4072 0.6925552033840784 0.00151088
x 4072 -12.805207546416282 75.0033722951166 11.119814365310393
u 4073 0.6206890134044327 0.000390708
x 4073 -12.728171009168015 74.38748251732537 11.120205073310393
u 4074 0.7160270143713047 -0.000697932
x 4074 -12.639410781053366 73.67697826934202 11.119507141310393
u 4075 0.6485090916963834 -0.00128911
x 4075 -12.559659599194593 73.0333916529773 11.118218031310393
u 4076 0.7385411848400977 -0.00157177
x 4076 -12.469885128500596 72.30032718526297 11.116646261310393
u 4077 0.7554971291043548 -0.00132421
x 4077 -12.379135485989378 71.5503002983697 11.115322051310393
u 4078 0.6787730727938108 -0.00105042
x 4078 -12.298402006043638 70.87634559128445 11.114271631310393
u 4079 0.7699821004858993 -0.00108298
x 4079 -12.20763565775766 70.11173206332315 11.113188651310393
u 4080 0.6880280326091001 -0.000552388
x 4080 -12.127088837436471 69.42843507712054 11.112636263310394
u 4081 0.7725510299352103 0.00099983
x 4081 -12.036475343622223 68.66121656921494 11.113636093310394
u 4082 0.6670512022218912 0.00169496
x 4082 -11.957343558747448 67.99887575023868 11.115331053310394
u 4083 0.7363941772436225 0.00144278
x 4083 -11.868838625174206 67.26781955065911 11.116773833310393
u 4084 0.6352360374127466 0.000713185
x 4084 -11.791811804768031 66.63727084115082 11.117487018310394
u 4085 0.6932140225747093 0.000430871
x 4085 -11.707361148239821 65.94922014514552 11.117917889310394
u 4086 0.0 0.0
x 4086 -11.707361148239821 65.94922014514552 11.117917889310394
u 4087 0.6018790031849842 -0.000350747
x 4087 -11.634013428759403 65.3518271063433 11.117567142310394
u 4088 0.6554370295919144 -0.000608377
x 4088 -11.554450873947651 64.70123700006839 11.116958765310393
u 4089 0.6349960014240741 0.000398383
x 4089 -11.477435805416366 64.07092866622585 11.117357148310393
u 4090 0.5471930471823864 0.00101953
x 4090 -11.410684806822303 63.52782231463713 11.118376678310394
u 4091 0.5941800904602852 0.00119929
x 4091 -11.337547731421042 62.938160627069045 11.119575968310395
u 4092 0.5088880638191661 0.00123116
x 4092 -11.274295508144881 62.43321886306332 11.120807128310394
u 4093 0.5535682430571794 0.00227025
x 4093 -11.204528260842523 61.88406478695217 11.123077378310395
u 4094 0.4752673508703654 0.00306572
x 4094 -11.143371752760615 61.412748800155946 11.126143098310395
u 4095 0.508104016613024 0.00474268
x 4095 -11.076023177458683 60.90912852933124 11.130885778310395
u 4096 0.4361121075441199 0.00540411
x 4096 -11.01602476885743 60.47716383350792 11.136289888310396
u 4097 0.4778695404683208 0.00778807
x 4097 -10.947161002747993 60.004283378018116 11.144077958310396
u 4098 0.41140571117841374 0.00858509
x 4098 -10.884544274097776 59.59767205878677 11.152663048310396
u 4099 0.43183423406997085 0.0101586
x 4099 -10.81482139610362 59.17150551585567 11.162821648310397
u 4100 0.4042063728384659 0.0107928
x 4100 -10.745384169203794 58.77330998925363 11.173614448310397
u 4101 0.3400225256736624 0.0106961
x 4101 -10.683377273834868 58.43899073968236 11.184310548310398
u 4102 0.3829135567243244 0.0132755
x 4102 -10.609041492272684 58.06336482187471 11.197586048310399
u 4103 0.3478322455182492 0.0125369
x 4103 -10.537118051463432 57.72305216412742 11.2101229483104
u 4104 0.40615465322523747 0.0146567
x 4104 -10.447740049251797 57.32685748722422 11.224779648310399
u 4105 0.3663839766135305 0.0129384
x 4105 -10.362190371224317 56.970603928245175 11.237718048310398
u 4106 0.37788998884556346 0.0125045
x 4106 -10.26928690543597 56.604314522175414 11.250222548310399
u 4107 0.30326377069870314 0.00969747
x 4107 -10.191471418657603 56.31120542320149 11.2599200183104
u 4108 0.32690943592590344 0.0103128
x 4108 -10.104431653231316 55.996097645817905 11.270232818310399
u 4109 0.2788460485603115 0.00871633
x 4109 -10.027634765229372 55.72803633844792 11.2789491483104
u 4110 0.3185239551699132 0.00966094
x 4110 -9.937100405430053 55.42265092524409 11.2886100883104
u 4111 0.3457417108181476 0.0104351
x 4111 -9.835504277792152 55.09217479488418 11.2990451883104
u 4112 0.3284730371598267 0.00977417
x 4112 -9.735814920813164 54.7791960267882 11.3088193583104
u 4113 0.3660410479155343 0.0105406
x 4113 -9.621187152670409 54.431567945357216 11.3193599583104
u 4114 0.2870297023014168 0.00780372
x 4114 -9.528805594344197 54.15981202621373 11.3271636783104
u 4115 0.2719067753885743 0.00867
x 4115 -9.439173972730831 53.90310401350934 11.3358336783104
u 4116 0.20510645319392415 0.00902281
x 4116 -9.369852129903125 53.71006812605602 11.3448564883104
u 4117 0.20696626882988997 0.0108217
x 4117 -9.29797256999729 53.515985805193544 11.3556781883104
u 4118 0.1749226869919358 0.0101884
x 4118 -9.235501942157624 53.35259944590499 11.3658665883104
u 4119 0.19787799540850518 0.0124914
x 4119 -9.162742039771764 53.16858534716314 11.3783579883104
u 4120 0.19856407983863772 0.0127442
x 4120 -9.08740585399312 52.98486920938211 11.3911021883104
u 4121 0.2504063932359206 0.0160709
x 4121 -8.98907284081378 52.75458106215994 11.407173088310401
u 4122 0.29092795689327344 0.0168292
x 4122 -8.870441765465056 52.48894268683479 11.424002288310401
u 4123 0.2860822923223961 0.0117493
x 4123 -8.750065353444734 52.229420711070865 11.435751588310401
u 4124 0.34829348476008043 0.00860111
x 4124 -8.600304308607752 51.91497002635115 11.444352698310402
u 4125 0.29575512652176206 0.00111421
x 4125 -8.471838017095516 51.64857277081017 11.445466908310403
u 4126 0.30827615705664746 -0.00252659
x 4126 -8.338129155687072 51.37080294013188 11.442940318310402
u 4127 0.28020916383096406 -0.0024697
x 4127 -8.217224922955877 51.118019827378106 11.440470618310401
u 4128 0.31016730696154443 -0.00328242
x 4128 -8.084199721135095 50.837827094404645 11.437188198310402
u 4129 0.2807052633181006 -0.00311448
x 4129 -7.964621927370001 50.58386541934338 11.434073718310401
u 4130 0.3267074123663599 -0.00358078
x 4130 -7.826437944149543 50.2878201423546 11.430492938310401
u 4131 0.3027663157289207 -0.00328747
x 4131 -7.699322972239809 50.01303087164192 11.427205468310401
u 4132 0.36150241871257804 -0.00322036
x 4132 -7.548616333321752 49.684440861476446 11.4239851083104
u 4133 0.3774972164901179 -0.00229105
x 4133 -7.392187751906001 49.340879826081775 11.4216940583104
u 4134 0.3561731106492495 -0.00179678
x 4134 -7.245258364566281 49.01642488967938 11.419897278310401
u 4135 0.42793018683427136 -0.00211889
x 4135 -7.06949112970279 48.62625818756582 11.417778388310401
u 4136 0.40385415775996564 -0.00200222
x 4136 -6.90437191364108 48.257701854367895 11.415776168310401
u 4137 0.48532929322490215 -0.00251374
x 4137 -6.70694150040977 47.814344627335565 11.413262428310402
u 4138 0.4597082654668431 -0.00248261
x 4138 -6.520983334506769 47.393926809766164 11.410779818310402
u 4139 0.5432024719055909 -0.00293306
x 4139 -6.302596654384029 46.89655775977061 11.407846758310402
u 4140 0.5122073824095107 -0.00283646
x 4140 -6.098024872251118 46.42697644343602 11.405010298310403
u 4141 0.6052398221966645 -0.00371484
x 4141 -5.858115548465738 45.87131617180399 11.401295458310402
u 4142 0.5644156767896189 -0.00357301
x 4142 -5.6362780755857935 45.35232402068651 11.397722448310402
u 4143 0.6398591495715367 -0.0042339
x 4143 -5.387086978462662 44.76298293370594 11.393488548310403
u 4144 0.636012092946532 -0.00410496
x 4144 -5.14183868288763 44.176157501514155 11.389383588310404
u 4145 0.5586266294217678 -0.00340363
x 4145 -4.928366992229095 43.65992766207936 11.385979958310404
u 4146 0.6128327099514848 -0.00345704
x 4146 -4.696125224958279 43.09280570175036 11.382522918310404
u 4147 0.5270484082946473 -0.00277531
x 4147 -4.497913455988454 42.60444933491212 11.379747608310403
u 4148 0.5756883338763781 -0.00236684
x 4148 -4.282781411080853 42.07046889865929 11.377380768310402
u 4149 0.49622214803743897 -0.00180734
x 4149 -4.098306522348712 41.60981135926285 11.375573428310403
u 4150 0.5467332556153611 -0.00218164
x 4150 -3.8960664076866744 41.101858536396534 11.373391788310403
u 4151 0.4895321273485887 -0.00152522
x 4151 -3.715828603800881 40.6467146126754 11.371866568310404
u 4152 0.5528870069999928 7.59268e-05
x 4152 -3.5126370960561295 40.13251887802101 11.371942495110403
u 4153 0.5123743125827495 0.00322344
x 4153 -3.3235486432579777 39.656312236009754 11.375165935110402
u 4154 0.6003851961873331 0.00806834
x 4154 -3.0988339641077918 39.09956836192774 11.383234275110402
u 4155 0.605069196099042 0.0116382
x 4155 -2.8668493551703897 38.54074125009381 11.394872475110402
u 4156 0.5531629694041408 0.0134217
x 4156 -2.648381510316253 38.03255183850432 11.408294175110402
u 4157 0.6332077110414895 0.0168725
x 4157 -2.389519240690106 37.454682632873315 11.425166675110402
u 4158 0.5656749504187807 0.0156111
x 4158 -2.149910925659606 36.94226726780853 11.440777775110401
u 4159 0.647517222159025 0.0188315
x 4159 -1.8655771974558182 36.36052807059361 11.4596092751104
u 4160 0.5737619622938004 0.0171697
x 4160 -1.604392202590981 35.84966889182178 11.4767789751104
u 4161 0.6539450675050695 0.0201544
x 4161 -1.2958945532788075 35.273076422108346 11.4969333751104
u 4162 0.5840176324281219 0.0176866
x 4162 -1.01069099999948 34.76344259562415 11.5146199751104
u 4163 0.6523433399982251 0.0193433
x 4163 -0.6816370348570632 34.200182395886976 11.533963275110398
u 4164 0.5869533594517606 0.0170063
x 4164 -0.3764043172029955 33.69884525271571 11.550969575110399
u 4165 0.6542457808236205 0.0186015
x 4165 -0.026283802709247017 33.1461782418622 11.5695710751104
u 4166 0.6630813800873824 0.0172471
x 4166 0.3385482459370859 32.59249638911718 11.5868181751104
u 4167 0.5864478688408513 0.0137428
x 4167 0.6687662033515978 32.107860659287454 11.6005609751104
u 4168 0.6658370401187441 0.0150304
x 4168 1.0515631890030717 31.563069795285827 11.6155913751104
u 4169 0.5991327841488566 0.0129132
x 4169 1.4028273529812019 31.077715705880127 11.6285045751104
u 4170 0.6779197767883218 0.0127573
x 4170 1.8072993440754495 30.53368317075422 11.6412618751104
u 4171 0.608206761214069 0.00992518
x 4171 2.175691023202935 30.04974102702926 11.6511870551104
u 4172 0.6864917992224152 0.0104077
x 4172 2.5970315426283035 29.507764179654203 11.6615947551104
u 4173 0.6123552789021798 0.00694743
x 4173 2.9770519960995667 29.027595527727772 11.6685421851104
u 4174 0.6915155061223088 0.00598495
x 4174 3.4096958125289407 28.48814062143675 11.6745271351104
u 4175 0.616933629199732 0.00518426
x 4175 3.7983596186830875 28.009030304105174 11.6797113951104
u 4176 0.7001417182730383 0.00435575
x 4176 4.2420326417421155 27.467410604269574 11.6840671451104
u 4177 0.7055490029666397 -0.00150734
x 4177 4.689909401605908 26.92224484112229 11.682559805110401
u 4178 0.631614409574794 -0.00729471
x 4178 5.088700495024236 26.43244829443082 11.675265095110401
u 4179 0.7213113270935946 -0.0132061
x 4179 5.53836507040917 25.868458721223842 11.662058995110401
u 4180 0.6513118528012571 -0.0131685
x 4180 5.937641238623594 25.353891387431794 11.6488904951104
u 4181 0.7488073452022599 -0.0146596
x 4181 6.38840902828426 24.755969320186406 11.6342308951104
u 4182 0.6768401509990201 -0.0113754
x 4182 6.788785648471227 24.21025308251054 11.6228554951104
u 4183 0.7740166249971137 -0.00939689
x 4183 7.240140385340868 23.581463587669102 11.6134586051104
u 4184 0.7028962990866247 -0.00694271
x 4184 7.6453444893860345 23.007119738742023 11.6065158951104
u 4185 0.8005821480645703 -0.00818594
x 4185 8.101900492418315 22.34948396351858 11.5983299551104
u 4186 0.719890763728206 -0.00729243
x 4186 8.507851213103224 21.754972039818377 11.5910375251104
u 4187 0.8139713192615794 -0.00808879
x 4187 8.961671086568186 21.079255221492797 11.5829487351104
u 4188 0.81299218601031 -0.00807932
x 4188 9.409474346319843 20.40070902577143 11.574869415110399
u 4189 0.7203237616919803 -0.00737148
x 4189 9.801578876727234 19.796459069749826 11.5674979351104
u 4190 0.8034129746668942 -0.00770652
x 4190 10.233819211667518 19.119231260113168 11.5597914151104
u 4191 0.7056850690096437 -0.00522014
x 4191 10.609629321365107 18.52193983440577 11.5545712751104
u 4192 0.7734918861310606 -0.00489942
x 4192 11.018231958026194 17.86518083261716 11.5496718551104
u 4193 0.6596013493894051 -0.00486197
x 4193 11.363933503051966 17.303430421105585 11.5448098851104
u 4194 0.7151753544115681 -0.00571112
x 4194 11.735536470305888 16.692377533003206 11.5390987651104
u 4195 0.6086454343713623 -0.00507302
x 4195 12.048978264403775 16.170647035506036 11.5340257451104
u 4196 0.6628322351179035 -0.00580086
x 4196 12.387231018043181 15.600620356684683 11.528224885110399
u 4197 0.5688033376299272 -0.00493684
x 4197 12.67486917975648 15.109905706698626 11.5232880451104
u 4198 0.6191899034142029 -0.00547462
x 4198 12.98520220467544 14.57409921872281 11.5178134251104
u 4199 0.6080533156941145 -0.00455466
x 4199 13.28731140523199 14.046407806532265 11.5132587651104
u 4200 0.5257237525204242 -0.0038691
x 4200 13.546591556761475 13.589068848867694 11.509389665110401
u 4201 0.5895940503580986 -0.00418519
x 4201 13.835303802311996 13.07500088051974 11.505204475110402
u 4202 0.5235456044289237 -0.00349113
x 4202 14.08991959212757 12.617539930164796 11.501713345110401
u 4203 0.584874885275872 -0.0039059
x 4203 14.372469534845868 12.105442550363897 11.497807445110402
u 4204 0.5196805738078251 -0.0033855
x 4204 14.621863978026173 11.649514866895261 11.494421945110401
u 4205 0.5889338302880044 -0.00375628
x 4205 14.902646168943189 11.131823829786848 11.490665665110402
u 4206 0.522147564020997 -0.00338368
x 4206 15.149946983040481 10.67195414625243 11.487281985110402
u 4207 0.5878258755940131 -0.00391678
x 4207 15.426462848718849 10.153227055868221 11.4833652051104
u 4208 0.5249237896453237 -0.00427248
x 4208 15.671490492387393 9.689000796785232 11.479092725110402
u 4209 0.5937469996139172 -0.00780394
x 4209 15.94546778936623 9.162246441195032 11.471288785110401
u 4210 0.5927310224367989 -0.0117344
x 4210 16.213825300386134 8.633748305098893 11.459554385110401
u 4211 0.5331578754274595 -0.0135493
x 4211 16.449181944720785 8.155354929959174 11.446005085110402
u 4212 0.6150735662294312 -0.0173699
x 4212 16.712133889702326 7.599331320123202 11.428635185110402
u 4213 0.5530640358894511 -0.0178513
x 4213 16.9397348614837 7.095278244883295 11.410783885110401
u 4214 0.6242201090543995 -0.0228477
x 4214 17.18498713582089 6.521270303820605 11.387936185110402
u 4215 0.5601766492270098 -0.021466
x 4215 17.393611218899345 6.001403185290305 11.366470185110401
u 4216 0.634972992879351 -0.0242696
x 4216 17.616553958455558 5.406871902213265 11.342200585110401
u 4217 0.5754508113171964 -0.0221315
x 4217 17.80604518308572 4.86352744794489 11.3200690851104
u 4218 0.6604438167961996 -0.0264408
x 4218 18.008314765935165 4.234840212874162 11.293628285110401
u 4219 0.5947628181923964 -0.0239706
x 4219 18.176142631980913 3.664261840056801 11.269657685110401
u 4220 0.6854154837866167 -0.0279699
x 4220 18.35240908573187 3.0019221264528384 11.2416877851104
u 4221 0.7076625637139614 -0.0291912
x 4221 18.51478016586273 2.3131650021071115 11.2124965851104
u 4222 0.6374616444702286 -0.026184
x 4222 18.643812620185237 1.688917649032935 11.1863125851104
u 4223 0.7305219985187715 -0.0302571
x 4223 18.77143618342925 0.969658374483561 11.1560554851104
u 4224 0.66018127786885 -0.0274329
x 4224 18.867977031009058 0.3165949380542191 11.1286225851104
u 4225 0.7466998620279838 -0.0310294
x 4225 18.955533918662713 -0.4249235989770559 11.0975931851104
u 4226 0.6681129335302025 -0.0280262
x 4226 19.014253939417394 -1.0904291467495344 11.0695669851104
u 4227 0.755154063109383 -0.0322306
x 4227 19.057934003519687 -1.8442861271411646 11.0373363851104
u 4228 0.6730459532647503 -0.028671
x 4228 19.076390417684795 -2.5170559138946267 11.008665385110401
u 4229 0.7549585404432219 -0.0324875
x 4229 19.07401040440049 -3.271977502609042 10.9761778851104
u 4230 0.6618673106308318 -0.028456
x 4230 19.051760455621096 -3.933448376642004 10.9477218851104
u 4231 0.7273092403227767 -0.0305899
x 4231 19.00586510949546 -4.659279693534801 10.9171319851104
u 4232 0.7183408116924088 -0.0287684
x 4232 18.939282061696073 -5.374503177378714 10.8883635851104
u 4233 0.6284163875874671 -0.0238141
x 4233 18.86460517445318 -5.998451777846039 10.8645494851104
u 4234 0.6965304359871402 -0.0217912
x 4234 18.766086745801886 -6.687965787525307 10.842758285110401
u 4235 0.6067732289523604 -0.0127233
x 4235 18.669910009664783 -7.287064126773254 10.830034985110402
u 4236 0.6637036348550194 -0.00595267
x 4236 18.558594332595494 -7.941365306826445 10.824082315110402
u 4237 0.5591800552861362 -0.000729004
x 4237 18.462967964037073 -8.49230806067514 10.823353311110402
u 4238 0.6019690029991345 -0.000232572
x 4238 18.35973903581248 -9.08535988582653 10.823120739110403
u 4239 0.5128260009317795 -7.55168e-05
x 4239 18.27171900895178 -9.590575663474072 10.823045222310402
u 4240 0.5544060008226251 0.000127562
x 4240 18.17657651975365 -10.13675687889411 10.823172784310401
u 4241 0.46418800054381515 0.00016659
x 4241 18.09698374302922 -10.594070217035224 10.8233393743104
u 4242 0.4933450031716436 0.000247164
x 4242 18.012492063897486 -11.080126229312967 10.8235865383104
u 4243 0.45686800243016584 0.000268247
x 4243 17.93436354095543 -11.530264324006913 10.823854785310399
u 4244 0.38532600192460054 0.000223973
x 4244 17.868562778853796 -11.909930475837998 10.8240787583104
u 4245 0.4036300033443739 0.000298695
x 4245 17.7997402423327 -12.307649769882136 10.8243774533104
u 4246 0.34346400219579254 0.000298099
x 4246 17.741277539156048 -12.646101586642109 10.8246755523104
u 4247 0.362339009368415 0.000476193
x 4247 17.67974026382582 -13.00317681537483 10.8251517453104
u 4248 0.30047300103140845 0.000184475
x 4248 17.628807721544746 -13.299301620531168 10.8253362203104
u 4249 0.31573100087284667 0.00014449
x 4249 17.575340009411576 -13.610472423304136 10.8254807103104
u 4250 0.25950900054614867 0.000142353
x 4250 17.531429937744843 -13.866239557346619 10.825623063310399
u 4251 0.24620100052991728 0.000152113
x 4251 17.48980736528556 -14.108896710563375 10.8257751763104
u 4252 0.18496800004096184 4.49834e-05
x 4252 17.45855476794162 -14.291205339523543 10.8258201597104
u 4253 0.17895400007619688 -8.12894e-05
x 4253 17.428315107333837 -14.467585885651676 10.8257388703104
u 4254 0.1458990001313812 -9.9582e-05
x 4254 17.403648078512376 -14.611384550148848 10.825639288310398
u 4255 0.0951453000207076 -4.48361e-05
x 4255 17.387555166307337 -14.705158993850548 10.825594452210398
u 4256 0.07147320001704859 -4.55798e-05
x 4256 17.375462977503652 -14.77560185927884 10.825548872410398
u 4257 0.03550130000018669 -7.96926e-06
x 4257 17.369455755491877 -14.8105912231701 10.825540903150397
u 4258 0.011834000000010104 -2.3897e-06
x 4258 17.367453248261672 -14.82225456406606 10.825538513450397
u 4259 0.0024654600000000304 4.25734e-07
x 4259 17.367036049537084 -14.824684469046163 10.825538939184396
u 4260 0.0009861550000000005 -2.10185e-07
x 4260 17.36686917505907 -14.825656402476682 10.825538728999396
u 4261 5.0633212382085196e-08 -6.66227e-08
x 4261 17.366869166491046 -14.8256564523797 10.825538662376696
u 4262 0.000493204 6.14641e-08
x 4262 17.366785707778003 -14.826142543755276 10.825538723840795
u 4263 0.011340600000007726 -2.71766e-06
x 4263 17.364866665743783 -14.83731959551154 10.825536006180796
u 4264 0.025161100000066716 1.3208e-05
x 4264 17.36060906619437 -14.862117857533633 10.825549214180796
u 4265 0.03556360001888008 7.40539e-05
x 4265 17.354592751787393 -14.8971688718799 10.825623268080797
u 4266 0.05629180005308291 9.44987e-05
x 4266 17.345074511734715 -14.952650128688951 10.825717766780796
u 4267 0.06171970005214605 9.86404e-05
x 4267 17.334644356082237 -15.013482136911945 10.825816407180795
u 4268 0.07565910036620666 0.000270992
x 4268 17.321872330918758 -15.088055421715882 10.826087399180796
u 4269 0.07385200148382777 0.00048887
x 4269 17.30943301938258 -15.160852272904963 10.826576269180796
u 4270 0.09488310665562871 0.000907954
x 4270 17.293516644496304 -15.254390886966943 10.827484223180797
u 4271 0.08756990854896636 0.00101866
x 4271 17.278910206375503 -15.340734040636365 10.828502883180796
u 4272 0.09706021325317156 0.00117704
x 4272 17.26282588433 -15.436452265094672 10.829679923180796
u 4273 0.09112391148340047 0.00115277
x 4273 17.24782998905747 -15.526333795174335 10.830832693180795
u 4274 0.11256302383405063 0.00145951
x 4274 17.229450980305554 -15.637386233791338 10.832292203180796
u 4275 0.12103702989078186 0.00157864
x 4275 17.20986977696943 -15.756828839415356 10.833870843180796
u 4276 0.10013201660405407 0.00132513
x 4276 17.193814039383785 -15.855665232371576 10.835195973180795
u 4277 0.08828361405230062 0.00130885
x 4277 17.179772918552445 -15.94282509884276 10.836504823180794
u 4278 0.05499540464477052 0.000984262
x 4278 17.171088399291026 -15.997130470704722 10.837489085180794
u 4279 0.03567690232441379 0.000871984
x 4279 17.16548723265973 -16.03236494545861 10.838361069180793
u 4280 0.016711400473763717 0.000575248
x 4280 17.162875536236587 -16.04887100313109 10.838936317180794
u 4281 0.010158500146871086 0.000388675
x 4281 17.161292778292236 -16.05890544388404 10.839324992180794
u 4282 0.003062430003978768 0.000136171
x 4282 17.160816426369347 -16.061930599476774 10.839461163180793
u 4283 0.000519206 -3.42745e-05
x 4283 17.160735691543515 -16.062443490067757 10.839426888680793
u 4284 0.00052634 4.36615e-05
x 4284 17.160653849844472 -16.062963428267786 10.839470550180792
u 4285 0.006483870298826956 0.000744714
x 4285 17.159648184271205 -16.069368832928205 10.840215264180792
u 4286 0.02673012893589731 0.00337556
x 4286 17.155556681918355 -16.09578395592593 10.843590824180792
u 4287 0.04819887992529706 0.00631726
x 4287 17.148409953848674 -16.143449966646802 10.849908084180791
u 4288 0.09148951690683302 0.0126658
x 4288 17.13570370843611 -16.234052235563425 10.862573884180792
u 4289 0.11808709997685372 0.016516
x 4289 17.121011579706455 -16.35122043754707 10.879089884180791
u 4290 0.1527004756359272 0.0205337
x 4290 17.104822874459042 -16.503057658972963 10.899623584180791
u 4291 0.13895335856079513 0.018018
x 4291 17.092757409799802 -16.64148431126005 10.91764158418079
u 4292 0.16363697687968817 0.0206479
x 4292 17.081702740517475 -16.80474454269444 10.93828948418079
u 4293 0.1461934916169677 0.0178109
x 4293 17.07463284608436 -16.950765050131903 10.956100384180791
u 4294 0.16832558072179077 0.0196792
x 4294 17.069645445306197 -17.11901401023431 10.975779584180792
u 4295 0.14153434656072242 0.0155732
x 4295 17.067945944258515 -17.260536722553162 10.991352784180792
u 4296 0.12199895960175122 0.0125791
x 4296 17.068198241950874 -17.382534616926645 11.003931884180792
u 4297 0.09355205048402829 0.00889031
x 4297 17.069395928952527 -17.476078692372877 11.012822194180792
u 4298 0.0560706348620959 0.00499479
x 4298 17.07050298745948 -17.532138338992553 11.017816984180792
u 4299 0.022701608075667734 0.00196821
x 4299 17.07103022571241 -17.554833820099496 11.019785194180791
u 4300 0.003691590027551561 -0.000315115
x 4300 17.07111901225375 -17.558524342253442 11.019470079180792
u 4301 0.002109450004816676 0.000180031
x 4301 17.0711696042632 -17.56063318548122 11.019650110180791
u 4302 0.001054570000266283 -8.9814e-05
x 4302 17.07119494410682 -17.561687450996665 11.01956029618079
u 4303 0.000527073 4.4625e-05
x 4303 17.07120759702905 -17.562214372101607 11.01960492118079
u 4304 0.000510054 2.22321e-05
x 4304 17.07121985843836 -17.562724278701612 11.019627153280789
u 4305 0.005611580031610875 0.000245857
x 4305 17.071355509627207 -17.568334218901594 11.019873010280788
u 4306 0.012714500328481928 0.00050734
x 4306 17.071667649666203 -17.581044887008808 11.020380350280789
u 4307 0.02123750110441835 0.000690592
x 4307 17.072201745349275 -17.602275670721045 11.021070942280788
u 4308 0.02159200060857243 0.00050816
x 4308 17.072757693776612 -17.62386051266153 11.02157910228079
u 4309 0.025418500406653156 0.000351981
x 4309 17.073423094560358 -17.649270302075223 11.021931083280789
u 4310 0.021726600019170664 3.6377e-05
x 4310 17.07399606685717 -17.670989345587916 11.02196746028079
u 4311 0.022382400204999903 -0.000398541
x 4311 17.074582282214532 -17.693364067571853 11.02156891928079
u 4312 0.02294700152911366 -0.000953356
x 4312 17.075167779167867 -17.716303597484487 11.02061556328079
u 4313 0.04049563170508649 -0.00316978
x 4313 17.07611757282532 -17.756788072362284 11.01744578328079
u 4314 0.05572399856415187 -0.00649247
x 4314 17.07715538499856 -17.812502308015628 11.01095331328079
u 4315 0.08372818676378493 -0.01312
x 4315 17.077893771163385 -17.896226638315436 10.99783331328079
u 4316 0.10295669426871634 -0.0196141
x 4316 17.077116671370792 -17.99917874942868 10.97821921328079
u 4317 0.10739842354831099 -0.023502
x 4317 17.07399123815395 -18.10652921353389 10.954717213280789
u 4318 0.1376881564002398 -0.0323091
x 4318 17.066146005674423 -18.243987685960953 10.922408113280788
u 4319 0.14228968271200693 -0.0327433
x 4319 17.05342328183129 -18.385701049078083 10.889664813280788
u 4320 0.19262551322748528 -0.0437182
x 4320 17.02888065757126 -18.57674119811091 10.845946613280788
u 4321 0.18829925459414887 -0.0422745
x 4321 16.996884181012454 -18.762287835399245 10.803672113280788
u 4322 0.22332826033421946 -0.0500295
x 4322 16.94882452440721 -18.98035979403327 10.753642613280787
u 4323 0.19961975247879257 -0.0442474
x 4323 16.896728518057106 -19.17304490194274 10.709395213280787
u 4324 0.22635157435257655 -0.0480001
x 4324 16.827646036502674 -19.3885740404412 10.661395113280788
u 4325 0.20424182657992093 -0.0414123
x 4325 16.756680578296002 -19.5800751269973 10.619982813280789
u 4326 0.23351988828040515 -0.0463559
x 4326 16.666016517202326 -19.79525366182707 10.573626913280789
u 4327 0.24700079876516107 -0.0480809
x 4327 16.559483160208117 -20.018072615288215 10.525546013280788
u 4328 0.2372880784338752 -0.0452923
x 4328 16.447259304086753 -20.227122402491904 10.480253713280788
u 4329 0.29403356163366723 -0.0536651
x 4329 16.295561615546223 -20.478961239220233 10.426588613280789
u 4330 0.29034282432582365 -0.049445
x 4330 16.133149217638746 -20.719593729710176 10.377143613280788
u 4331 0.35617330996558627 -0.0562438
x 4331 15.918605028511735 -21.00384147249834 10.320899813280787
u 4332 0.3397237813926251 -0.0506479
x 4332 15.699772760551495 -21.263649126094382 10.270251913280788
u 4333 0.4160639089094367 -0.0572397
x 4333 15.415008430364235 -21.56691665382803 10.213012213280788
u 4334 0.39538094433629145 -0.0494366
x 4334 15.12941063622025 -21.84028116432312 10.163575613280788
u 4335 0.4701947275200882 -0.0522071
x 4335 14.77370028565713 -22.14769459581122 10.111368513280787
u 4336 0.445855684804178 -0.0446708
x 4336 14.422673326789019 -22.422529658483004 10.066697713280787
u 4337 0.5339016590852756 -0.0501394
x 4337 13.987212879968974 -22.731342657911977 10.016558313280786
u 4338 0.5754149120865829 -0.0493702
x 4338 13.501919878867067 -23.04041510368782 9.967188113280786
u 4339 0.5398441397991685 -0.0397499
x 4339 13.034145120001687 -23.309822043279706 9.927438213280785
u 4340 0.640406552909642 -0.0385026
x 4340 12.467154198797271 -23.607464757805083 9.888935613280786
u 4341 0.5913851234157792 -0.0290553
x 4341 11.934566773703132 -23.864490817307665 9.859880313280787
u 4342 0.6880019710800532 -0.0239251
x 4342 11.307258680094469 -24.146995134593432 9.835955213280787
u 4343 0.6169035392218322 -0.01691
x 4343 10.739715736079294 -24.388771715105833 9.819045213280788
u 4344 0.7085665769907155 -0.0150473
x 4344 10.083488519820571 -24.656022461652228 9.803997913280787
u 4345 0.6463574151883016 -0.00736223
x 4345 9.48217702983003 -24.893088935725427 9.796635683280787
u 4346 0.7176475924266118 -0.00440471
x 4346 8.813005699173576 -25.152370567292184 9.792230973280788
u 4347 0.640597337057069 -0.00196556
x 4347 8.214945432679075 -25.3819108334056 9.790265413280787
u 4348 0.727247013563982 0.00108646
x 4348 7.535874666448425 -25.642201173533035 9.791351873280787
u 4349 0.7295074603735774 0.00276336
x 4349 6.8551972335663915 -25.904611212316023 9.794115233280786
u 4350 0.655849738192004 0.00382813
x 4350 6.244028213823919 -26.14254141868312 9.797943363280787
u 4351 0.739853946840151 0.00664523
x 4351 5.555993740318981 -26.41455320444983 9.804588593280787
u 4352 0.6585527690374308 0.00673669
x 4352 4.945199848054183 -26.660766385647825 9.811325283280787
u 4353 0.7520520735186851 0.00842062
x 4353 4.24983894921321 -26.947213937013704 9.819745903280788
u 4354 0.6574577615691521 0.00789306
x 4354 3.6440042559447487 -27.202581884432135 9.827638963280789
u 4355 0.7539290951608529 0.0108927
x 4355 2.9520559156698423 -27.501932773448658 9.838531663280788
u 4356 0.6735423035730349 0.0115387
x 4356 2.3369243791710126 -27.77628181047945 9.850070363280787
u 4357 0.7612917309265059 0.0134452
x 4357 1.6455823637942313 -28.09503341686726 9.863515563280787
u 4358 0.681045963795866 0.0116797
x 4358 1.0307426881771122 -28.387933579705084 9.875195263280787
u 4359 0.7695780353851222 0.0133169
x 4359 0.34016934303549407 -28.727565814798155 9.888512163280787
u 4360 0.7741134453121564 0.0147447
x 4360 -0.34961104421291145 -29.078911494875 9.903256863280786
u 4361 0.6880202519161958 0.0130697
x 4361 -0.9582765821145843 -29.399678375527674 9.916326563280787
u 4362 0.7762306837261677 0.0155847
x 4362 -1.639721310954009 -29.771370399331925 9.931911263280787
u 4363 0.6972163780942028 0.0173886
x 4363 -2.2462116005019315 -30.11527148712243 9.949299863280787
u 4364 0.7730103379395153 0.0236896
x 4364 -2.910653352001491 -30.510283128600683 9.972989463280788
u 4365 0.6713787248802944 0.0223319
x 4365 -3.479692490494209 -30.86654864543676 9.995321363280787
u 4366 0.7598517606932593 0.0258458
x 4366 -4.11381521494167 -31.285154580057934 10.021167163280788
u 4367 0.6704761035382093 0.0243915
x 4367 -4.663898948529401 -31.66846099058019 10.045558663280788
u 4368 0.7338922543003162 0.0332338
x 4368 -5.253662247178647 -32.105184612019364 10.078792463280788
u 4369 0.6475931240701139 0.0338835
x 4369 -5.76085071985095 -32.50779681436885 10.112675963280788
u 4370 0.7044774940127186 0.0380183
x 4370 -6.296485019007365 -32.965316936800285 10.150694263280787
u 4371 0.5830237618543068 0.0313254
x 4371 -6.7263908749830765 -33.35910605124116 10.182019663280787
u 4372 0.5988535013676467 0.0320395
x 4372 -7.154933934588974 -33.77737114051571 10.214059163280787
u 4373 0.555573302222825 0.029593
x 4373 -7.540363160370794 -34.17747547809811 10.243652163280787
u 4374 0.4363868744246994 0.021998
x 4374 -7.834904974414484 -34.499455205180936 10.265650163280787
u 4375 0.4606863341364301 0.0221766
x 4375 -8.138264851182266 -34.84614813238218 10.287826763280787
u 4376 0.39597122259321627 0.0194299
x 4376 -8.392756174204157 -35.14950014401719 10.307256663280787
u 4377 0.43361813135604016 0.0209493
x 4377 -8.664679340435601 -35.48725093828056 10.328205963280787
u 4378 0.38163632633366135 0.0174371
x 4378 -8.898256751892344 -35.78905250906749 10.345643063280788
u 4379 0.4320098433276094 0.0181822
x 4379 -9.156538526292326 -36.13534413211683 10.363825263280788
u 4380 0.3908256941317569 0.0139537
x 4380 -9.385135505358964 -36.45233887342182 10.377778963280788
u 4381 0.4620063858505734 0.0148222
x 4381 -9.649946985571622 -36.8309163062852 10.392601163280787
u 4382 0.4813353722819863 0.0136495
x 4382 -9.920195161378471 -37.22922029452068 10.406250663280787
u 4383 0.45140862484129657 0.011258
x 4383 -10.168969927790567 -37.60588819864197 10.417508663280787
u 4384 0.5267130992397117 0.0110625
x 4384 -10.45432267117738 -38.04860444128422 10.428571163280786
u 4385 0.4890543630788872 0.00628199
x 4385 -10.715699515658807 -38.46195118273057 10.434853153280786
u 4386 0.5784111114526485 0.004461
x 4386 -11.022203228503331 -38.952475731595456 10.439314153280785
u 4387 0.5379681254620726 0.00445483
x 4387 -11.305239301892762 -39.40996868951964 10.443768983280785
u 4388 0.6150104071313305 0.00200402
x 4388 -11.62711840612973 -39.93402166064813 10.445773003280785
u 4389 0.5754911439642543 0.00191559
x 4389 -11.927352622851673 -40.42498945044265 10.447688593280784
u 4390 0.6637075087749422 0.00248793
x 4390 -12.272361819797393 -40.991978060562644 10.450176523280783
u 4391 0.5913600983033219 0.00138191
x 4391 -12.578785292130066 -41.497756041317345 10.451558433280782
u 4392 0.6881813452574013 0.00224535
x 4392 -12.934310258069344 -42.08698890155365 10.453803783280783
u 4393 0.6885091453150386 0.00137854
x 4393 -13.28893586752289 -42.67714603760284 10.455182323280782
u 4394 0.6113411522013555 0.00171755
x 4394 -13.603003510787882 -43.201645253953515 10.456899873280783
u 4395 0.6830582571014472 0.0019931
x 4395 -13.952826883596291 -43.78832407237107 10.458892973280783
u 4396 0.6035041894625848 0.00178795
x 4396 -14.260926717842365 -44.30725730681485 10.460680923280783
u 4397 0.6678132721862118 0.00204902
x 4397 -14.600755211682339 -44.882140777830955 10.462729943280783
u 4398 0.5914892470418346 0.00220175
x 4398 -14.900661995578128 -45.391959676072915 10.464931693280782
u 4399 0.6626934028076077 0.00245116
x 4399 -15.235342127433825 -45.96393129738368 10.467382853280782
u 4400 0.5874952595596517 0.00213758
x 4400 -15.530880767827334 -46.47167873520683 10.469520433280781
u 4401 0.6665963903374181 0.00239487
x 4401 -15.864904643776418 -47.04854837865264 10.471915303280781
u 4402 0.59086413763202 0.00137926
x 4402 -16.160014553703576 -47.56043754132021 10.473294563280781
u 4403 0.6729130603303988 0.000973024
x 4403 -16.49541831305043 -48.14380386641412 10.474267587280782
u 4404 0.600314049985281 0.000835207
x 4404 -16.794165501774543 -48.664502488353826 10.475102794280781
u 4405 0.6804310218148092 0.000482462
x 4405 -17.132394117270085 -49.25491570816573 10.475585256280782
u 4406 0.6895750008830436 -0.0004638
x 4406 -17.475162438442407 -49.853266400753505 10.475121456280782
u 4407 0.6159151028721803 -0.001349
x 4407 -17.781800763696754 -50.38742395607052 10.473772456280782
u 4408 0.7023911931522276 -0.00176855
x 4408 -18.132441002031232 -50.99603276547685 10.472003906280783
u 4409 0.6292082333516007 -0.00202617
x 4409 -18.447581480301743 -51.54063293480228 10.469977736280782
u 4410 0.7167083949283218 -0.00239731
x 4410 -18.807917742556253 -52.16017184032415 10.467580426280783
u 4411 0.6445044025796989 -0.00266428
x 4411 -19.13336123718296 -52.71647410621513 10.464916146280784
u 4412 0.7283018159494291 -0.00336519
x 4412 -19.503011784327924 -53.34399423142681 10.461550956280783
u 4413 0.654527589581124 -0.00310305
x 4413 -19.837040305835092 -53.90687163245226 10.458447906280783
u 4414 0.7486600704340522 -0.00383056
x 4414 -20.22133760175713 -54.549372063626876 10.454617346280783
u 4415 0.751505155974551 -0.00398018
x 4415 -20.609611088793212 -55.19280267616555 10.450637166280783
u 4416 0.675759887978896 -0.00371703
x 4416 -20.960974099628398 -55.77003307648124 10.446920136280783
u 4417 0.7699943922564291 -0.00431008
x 4417 -21.363971075851335 -56.42614578282612 10.442610056280783
u 4418 0.6844590056536302 -0.00395011
x 4418 -21.72460660951054 -57.0078893114726 10.438659946280783
u 4419 0.7777905917280064 -0.0044351
x 4419 -22.137185670552093 -57.6672342373941 10.434224846280783
u 4420 0.6923680153931816 -0.00392597
x 4420 -22.50690285570051 -58.25262475322148 10.430298876280784
u 4421 0.7725727679998515 -0.00481106
x 4421 -22.9222979761408 -58.90401896911164 10.425487816280784
u 4422 0.6773771482038525 -0.00418399
x 4422 -23.28907360403445 -59.47350537837021 10.421303826280784
u 4423 0.74257354545459 -0.00470183
x 4423 -23.693920408610026 -60.096011217202374 10.416601996280784
u 4424 0.655469236471389 -0.00445878
x 4424 -24.053791534853822 -60.64385424276813 10.412143216280784
u 4425 0.7276587275477151 -0.00485935
x 4425 -24.456125868500123 -61.250165438306915 10.407283866280784
u 4426 0.6443171080776162 -0.00420796
x 4426 -24.814809659536593 -61.78541291493041 10.403075906280783
u 4427 0.7325156791710349 -0.00495791
x 4427 -25.225376941379324 -62.39205335883477 10.398117996280783
u 4428 0.7329632768387683 -0.00566583
x 4428 -25.63941352045918 -62.99687352979682 10.392452166280783
u 4429 0.6579676041222775 -0.00506475
x 4429 -26.013994260677766 -63.537807640111694 10.387387416280783
u 4430 0.7516444605872467 -0.00574281
x 4430 -26.445238066843167 -64.15343465548632 10.381644606280783
u 4431 0.6716867194895442 -0.00518196
x 4431 -26.833606819958757 -64.70145997530626 10.376462646280784
u 4432 0.7613566247407797 -0.00594235
x 4432 -27.277270796165027 -65.32018809049161 10.370520296280784
u 4433 0.6829987876610975 -0.00522277
x 4433 -27.67836596394751 -65.87300718382295 10.365297526280784
u 4434 0.7702855930437205 -0.00587271
x 4434 -28.134172564134477 -66.49395688612107 10.359424816280784
u 4435 0.6883918787966795 -0.00526378
x 4435 -28.544603398165673 -67.04661303156637 10.354161036280784
u 4436 0.7794024328719791 -0.00555716
x 4436 -29.01267482463881 -67.66981101677426 10.348603876280784
u 4437 0.6979043527499252 -0.00442758
x 4437 -29.43458331641785 -68.22574528848577 10.344176296280784
u 4438 0.7903597101069484 -0.00476699
x 4438 -29.915273670982614 -68.8531240189714 10.339409306280784
u 4439 0.7928138717977431 -0.004782
x 4439 -30.400455834312396 -69.48014148755856 10.334627306280783
u 4440 0.712420931308004 -0.00349667
x 4440 -30.83876824413167 -70.04176885301771 10.331130636280783
u 4441 0.8041189902415199 -0.00353406
x 4441 -31.33572267693719 -70.67394206440392 10.327596576280783
u 4442 0.7184627279557114 -0.00333354
x 4442 -31.781677519353085 -71.23724703684401 10.324263036280783
u 4443 0.8175383387455539 -0.00404695
x 4443 -32.29149110373561 -71.87635433010301 10.320216086280784
u 4444 0.7337628221207176 -0.00331711
x 4444 -32.75117168474924 -72.44828190321044 10.316898976280784
u 4445 0.8346210202860344 -0.00363133
x 4445 -33.276293841283774 -73.09700233818124 10.313267646280785
u 4446 0.7556949703294445 -0.0036591
x 4446 -33.75389568710423 -73.68263936559075 10.309608546280785
u 4447 0.8549544360911995 -0.00413012
x 4447 -34.29680608394889 -74.34308947707203 10.305478426280786
u 4448 0.7734030235246451 -0.00371861
x 4448 -34.7902708646573 -74.93860946642924 10.301759816280786
u 4449 0.8710116061177579 -0.00441569
x 4449 -35.34873718248356 -75.60702203148774 10.297344126280786
u 4450 0.8802039218760599 -0.0046488
x 4450 -35.91615285931181 -76.27992395486011 10.292695326280786
u 4451 0.7879322938657397 -0.00406856
x 4451 -36.426707223299715 -76.88006617527736 10.288626766280785
u 4452 0.891638458820428 -0.00387925
x 4452 -37.007154064048756 -77.55689673702857 10.284747516280785
u 4453 0.8009407876868453 -0.00317453
x 4453 -37.530698868341055 -78.16303735152357 10.281572986280784
u 4454 0.8937991457944819 -0.00363274
x 4454 -38.117240484613546 -78.83745930167973 10.277940246280783
u 4455 0.7989026344875806 -0.0026119
x 4455 -38.6433875288139 -79.43863676668218 10.275328346280784
u 4456 0.8956053257175454 -0.00190578
x 4456 -39.2347426372122 -80.11124942821411 10.273422566280784
u 4457 0.7906042456282775 -0.00185142
x 4457 -39.757881578279736 -80.70402303002099 10.271571146280785
u 4458 0.8835764463847834 -0.00215891
x 4458 -40.343866945966376 -81.36533096300737 10.269412236280784
u 4459 0.7757462782763532 -0.00193421
x 4459 -40.85952683558187 -81.94487990734879 10.267478026280784
u 4460 0.8685362550601856 -0.00183322
x 4460 -41.438088047327895 -82.59266223140045 10.265644806280784
u 4461 0.8484445251977769 -0.00296239
x 4461 -42.00478105244487 -83.22410235037327 10.262682416280784
u 4462 0.745046926220785 -0.00339421
x 4462 -42.50417249731463 -83.77700611608691 10.259288206280784
u 4463 0.8287004848130441 -0.00233701
x 4463 -43.06139556631872 -84.39039557828669 10.256951196280784
u 4464 0.7226713561551134 -0.00233777
x 4464 -43.54857298834135 -84.92416688758334 10.254613426280784
u 4465 0.7969695695166059 -0.00255936
x 4465 -44.087277079399115 -85.51149818276858 10.252054066280785
u 4466 0.690476230375628 -0.0018734
x 4466 -44.555124716522045 -86.01931298534431 10.250180666280786
u 4467 0.7614634377241155 -0.00255829
x 4467 -45.072310916728426 -86.5781910445548 10.247622376280786
u 4468 0.678808350671911 -0.00230058
x 4468 -45.53456679527772 -87.07528266232623 10.245321796280786
u 4469 0.7626124447174326 -0.00234394
x 4469 -46.05518719196413 -87.63253653366618 10.242977856280786
u 4470 0.6821272228865684 -0.00182788
x 4470 -46.52190065646742 -88.13000609122959 10.241149976280786
u 4471 0.7709222879294411 -0.00179276
x 4471 -47.05038491601861 -88.6912773289169 10.239357216280785
u 4472 0.7747280127591657 -2.99952e-05
x 4472 -47.581991989799334 -89.2548351456687 10.239327221080785
u 4473 0.6946070657680814 0.000966348
x 4473 -48.058384608290574 -89.76033392046077 10.240293569080785
u 4474 0.7809890927814498 0.00107043
x 4474 -48.59344279051718 -90.3292422139808 10.241363999080786
u 4475 0.6995170534885752 0.000938213
x 4475 -49.072172213414284 -90.83928359649768 10.242302212080785
u 4476 0.7979192375338224 0.001934
x 4476 -49.61740913101664 -91.42185686644831 10.244236212080786
u 4477 0.7126372601446526 0.00197882
x 4477 -50.10335200476122 -91.94311613234747 10.246215032080785
u 4478 0.814949429619356 0.00227972
x 4478 -50.65779036767982 -92.5403936113516 10.248494752080786
u 4479 0.731454304538702 0.00208071
x 4479 -51.154254159271325 -93.07756109942251 10.250575462080786
u 4480 0.8259444687786706 0.00247208
x 4480 -51.71346949069924 -93.68539506621755 10.253047542080786
u 4481 0.7375373837995243 0.00229781
x 4481 -52.21153188939557 -94.2293573812421 10.255345352080786
u 4482 0.8308104597711506 0.00238543
x 4482 -52.77114564136064 -94.8434242679649 10.257730782080786
u 4483 0.840036448939308 0.00219559
x 4483 -53.33555018746175 -95.4656046762147 10.259926372080786
u 4484 0.7508952443990089 0.00170476
x 4484 -53.838976927761315 -96.02274473819118 10.261631132080787
u 4485 0.8527230744148419 0.000719191
x 4485 -54.409905476903944 -96.6561302464493 10.262350323080787
u 4486 0.762769017016932 0.000456687
x 4486 -54.9202733823916 -97.22299986484184 10.262807010080786
u 4487 0.8558790000563918 -0.000318475
x 4487 -55.49289711970949 -97.85910591889832 10.262488535080786
u 4488 0.7608322456554196 -0.00209043
x 4488 -56.002610676273996 -98.4239577450309 10.260398105080785
u 4489 0.8514037348124497 -0.00296263
x 4489 -56.574596962390025 -99.05460778898731 10.257435475080785
u 4490 0.7533635378329918 -0.00283304
x 4490 -57.08233328477092 -99.61116871778613 10.254602435080784
u 4491 0.8423664081775031 -0.00447148
x 4491 -57.65232268926415 -100.2314042070187 10.250130955080785
u 4492 0.7419390280851607 -0.00553612
x 4492 -58.157084656622466 -100.77517573235632 10.244594835080784
u 4493 0.8296612343959973 -0.00755964
x 4493 -58.72549527736028 -101.37952981068733 10.237035195080784
u 4494 0.8256183059585646 -0.009633
x 4494 -59.29628413449871 -101.97605340336897 10.227402195080785
u 4495 0.7344444589637286 -0.00890672
x 4495 -59.808937655528474 -102.50197304054015 10.218495475080784
u 4496 0.8295575850595808 -0.0102897
x 4496 -60.39365580011513 -103.09041539671891 10.208205775080785
u 4497 0.7361080633538483 -0.00931291
x 4497 -60.917598753810225 -103.60745982996266 10.198892865080785
u 4498 0.8324040042660732 -0.0104371
x 4498 -61.5158269154215 -104.18626308069 10.188455765080784
u 4499 0.7356949744373059 -0.00920783
x 4499 -62.04955239786168 -104.69260326349192 10.179247935080785
u 4500 0.8349097780928515 -0.00908804
x 4500 -62.66048662479578 -105.26166293538144 10.170159895080785
u 4501 0.7359807863789924 -0.00623808
x 4501 -63.20286003477348 -105.75915368459029 10.163921815080785
u 4502 0.8301609951694672 -0.00690243
x 4502 -63.818312032757724 -106.31627429979399 10.157019385080785
u 4503 0.7420152779126129 -0.00543611
x 4503 -64.3714779300275 -106.81083754840411 10.151583275080785
u 4504 0.8361976158918477 -0.00415299
x 4504 -64.99752126227814 -107.36517967560174 10.147430285080786
u 4505 0.836207352024463 -0.00414015
x 4505 -65.62586514299953 -107.91692753861474 10.143290135080786
u 4506 0.7438929536902261 -0.00361509
x 4506 -66.18674120004789 -108.40559324491359 10.139675045080786
u 4507 0.8324973092218045 -0.00383068
x 4507 -66.81645418893875 -108.95012283455131 10.135844365080786
u 4508 0.7448654311860331 -0.00233545
x 4508 -67.38138079748288 -109.43559393086102 10.133508915080785
u 4509 0.8309923066319661 -0.00191799
x 4509 -68.01277888034086 -109.97585725827912 10.131590925080785
u 4510 0.7358461164348551 -0.00122558
x 4510 -68.57263503747645 -110.45338267395195 10.130365345080785
u 4511 0.8221820968093554 -0.00118101
x 4511 -69.19882004637242 -110.98618250163273 10.129184335080785
u 4512 0.7237461549333138 -0.00157221
x 4512 -69.7506800070487 -111.45443347353346 10.127612125080784
u 4513 0.8147654685689688 -0.00250446
x 4513 -70.373015732423 -111.98030481398615 10.125107665080783
u 4514 0.7292243293940791 -0.00215145
x 4514 -70.93110746567518 -112.44966771701293 10.122956215080784
u 4515 0.818228488749448 -0.00249008
x 4515 -71.5585365808087 -112.97486312764468 10.120466135080784
u 4516 0.8191935180083382 -0.00251828
x 4516 -72.18802045426352 -113.49910326189386 10.117947855080784
u 4517 0.7257983353198121 -0.00211654
x 4517 -72.74681261107928 -113.96228179375773 10.115831315080785
u 4518 0.8170503283460512 -0.00209403
x 4518 -73.37695600875668 -114.48236860715976 10.113737285080784
u 4519 0.7243503216780665 -0.00207537
x 4519 -73.9365652821719 -114.94228236135525 10.111661915080784
u 4520 0.8212112655146763 -0.00180936
x 4520 -74.57201774633388 -115.46246302652347 10.109852555080785
u 4521 0.7313802163538153 -0.00190985
x 4521 -75.13881956147532 -115.92468868638322 10.107942705080784
u 4522 0.8221075289602378 -0.0025769
x 4522 -75.77709672351307 -116.4428225297039 10.105365805080785
u 4523 0.7339294383156086 -0.00244975
x 4523 -76.34807395675531 -116.9039484888105 10.102916055080785
u 4524 0.8328086067712054 -0.0027723
x 4524 -76.99734047315252 -117.42550646448197 10.100143755080785
u 4525 0.7430275651834412 -0.0028068
x 4525 -77.57790853209724 -117.88922009281616 10.097336955080785
u 4526 0.8462058809122164 -0.00331293
x 4526 -78.24070819926905 -118.4153002570087 10.094024025080785
u 4527 0.8464670830348721 -0.00361852
x 4527 -78.9055322236438 -118.93924181621801 10.090405505080785
u 4528 0.7579707624856082 -0.00326078
x 4528 -79.50246061856178 -119.40635599826179 10.087144725080785
u 4529 0.8561612404130499 -0.00383972
x 4529 -80.17858627242349 -119.93158477620753 10.083305005080785
u 4530 0.768282826617607 -0.00331786
x 4530 -80.78699574475816 -120.40072854327205 10.079987145080786
u 4531 0.8646151442138618 -0.00374799
x 4531 -81.4735524773371 -120.92627428385796 10.076239155080785
u 4532 0.7744508070325975 -0.00298936
x 4532 -82.09009568198714 -121.39494056456138 10.073249795080784
u 4533 0.8714526836307487 -0.00318722
x 4533 -82.78548776455202 -121.92016336341185 10.070062575080785
u 4534 0.7789290619801893 -0.00358563
x 4534 -83.4086350311461 -122.3875147490798 10.066476945080785
u 4535 0.8792506518085569 -0.00266024
x 4535 -84.11368430828202 -122.912859178573 10.063816705080784
u 4536 0.7834603485710543 -0.00216561
x 4536 -84.74304946685024 -123.3794525508718 10.061651095080784
u 4537 0.8843595357942103 -0.00242726
x 4537 -85.45467600490556 -123.90450404825535 10.059223835080784
u 4538 0.8855364465027304 -0.00217641
x 4538 -86.16845791542566 -124.42861269420779 10.057047425080784
u 4539 0.7895173003277408 -0.00198289
x 4539 -86.80581452925527 -124.89456753116694 10.055064535080783
u 4540 0.8922613072573911 -0.00176292
x 4540 -87.52709870332573 -125.41980954631154 10.053301615080784
u 4541 0.790476147677236 -0.0013706
x 4541 -88.16683032110714 -125.88413260134894 10.051931015080784
u 4542 0.8933341282388031 -0.00100059
x 4542 -88.89042645683377 -126.40801658703256 10.050930425080784
u 4543 0.794029000324664 5.92084e-05
x 4543 -89.53380507171218 -126.87336163222214 10.050989633480784
u 4544 0.8935260657665758 0.00119835
x 4544 -90.25747381593577 -127.39747257781848 10.052187983480783
u 4545 0.7993978068411828 0.00388066
x 4545 -90.90371465067157 -127.86801358042831 10.056068643480783
u 4546 0.8960593171590874 0.00842794
x 4546 -91.62483618506143 -128.39989822946018 10.064496583480784
u 4547 0.793725657745859 0.0106968
x 4547 -92.25906716566998 -128.87712508944293 10.075193383480784
u 4548 0.8906545174295364 0.016251
x 4548 -92.96346558097335 -129.4221671832018 10.091444383480784
u 4549 0.8714307729918792 0.0169137
x 4549 -93.64372240043147 -129.96679930528268 10.108358083480784
u 4550 0.753616065980125 0.0137284
x 4550 -94.22472802453181 -130.4467583867109 10.122086483480784
u 4551 0.8352980066045775 0.0128392
x 4551 -94.8615842153988 -130.987246469249 10.134925683480784
u 4552 0.7281378134816294 0.00745231
x 4552 -95.41193212283427 -131.46400574023613 10.142377993480784
u 4553 0.811135251121609 0.00310112
x 4553 -96.02220209277013 -131.99833750246387 10.145479113480784
u 4554 0.7164670039516734 -0.000767841
x 4554 -96.56069618157555 -132.47093570268532 10.144711272480784
u 4555 0.7991062773464115 -0.00493895
x 4555 -97.16280266473075 -132.99632824866492 10.139772322480784
u 4556 0.7064528851395434 -0.00810297
x 4556 -97.69811371228805 -133.45732177420874 10.131669352480785
u 4557 0.7942332425143196 -0.0126432
x 4557 -98.3052811209769 -133.96932351101387 10.119026152480785
u 4558 0.7044532226652589 -0.0146208
x 4558 -98.8499535876844 -134.4160643830313 10.104405352480786
u 4559 0.790588225233967 -0.0193766
x 4559 -99.46965397422323 -134.90696316821212 10.085028752480786
u 4560 0.787044295484906 -0.0201451
x 4560 -100.09611168546802 -135.3833752909741 10.064883652480786
u 4561 0.6930164915828771 -0.017986
x 4561 -100.6556258884608 -135.79227964069204 10.046897652480785
u 4562 0.7730412465568631 -0.0197524
x 4562 -101.2882422051815 -136.23654300329454 10.027145252480786
u 4563 0.6802510963210194 -0.016615
x 4563 -101.85194288531622 -136.6172954846503 10.010530252480786
u 4564 0.756800536937393 -0.0184128
x 4564 -102.4863980996168 -137.02984542386352 9.992117452480786
u 4565 0.6668015454856007 -0.015496
x 4565 -103.0514881079221 -137.38380684335948 9.976621452480785
u 4566 0.7351919701274601 -0.0169991
x 4566 -103.68079357079941 -137.76389742680033 9.959622352480785
u 4567 0.6488401066590985 -0.0151211
x 4567 -104.24150092233707 -138.09038284516393 9.944501252480785
u 4568 0.7155710473138501 -0.0162123
x 4568 -104.86543906533969 -138.4407139773664 9.928288952480786
u 4569 0.62927016768002 -0.0136189
x 4569 -105.4186634158036 -138.7405766820528 9.914670052480785
u 4570 0.6985210829913485 -0.0152883
x 4570 -106.0375153764114 -139.06452799094578 9.899381752480785
u 4571 0.691857376799797 -0.0156198
x 4571 -106.6553485993578 -139.37587828646267 9.883761952480786
u 4572 0.6026268489344301 -0.0136355
x 4572 -107.19740890779177 -139.63917301553838 9.870126452480786
u 4573 0.6808812898920046 -0.0151385
x 4573 -107.81407403063167 -139.92781570731447 9.854987952480785
u 4574 0.5988383002667101 -0.0140782
x 4574 -108.36008512648385 -140.17372884287744 9.840909752480785
u 4575 0.6857137041382565 -0.0146206
x 4575 -108.98928352598205 -140.4463169611211 9.826289152480784
u 4576 0.6133824667932493 -0.0111654
x 4576 -109.55521109562217 -140.6828758921034 9.815123752480785
u 4577 0.6985957982355205 -0.0125966
x 4577 -110.20291391440703 -140.94462136895305 9.802527152480785
u 4578 0.6257352393949492 -0.0117833
x 4578 -110.78587929413126 -141.17197885291324 9.790743852480785
u 4579 0.7077838249658878 -0.0128359
x 4579 -111.44840002534693 -141.42101167296784 9.777907952480785
u 4580 0.6338092778101908 -0.0108926
x 4580 -112.04428203002843 -141.6369627443797 9.767015352480785
u 4581 0.0 0.0
x 4581 -112.04428203002843 -141.6369627443797 9.767015352480785
u 4582 0.7081445267891577 -0.0123619
x 4582 -112.71281043527728 -141.87048374165653 9.754653452480785
u 4583 0.7055110399327915 -0.0125822
x 4583 -113.38170230490597 -142.09481146544846 9.742071252480784
u 4584 0.6195810186939171 -0.0107961
x 4584 -113.97138796809563 -142.28493702591683 9.731275152480784
u 4585 0.6888254275670285 -0.0118273
x 4585 -114.62932530000137 -142.48888164073682 9.719447852480783
u 4586 0.6078316008437311 -0.0106831
x 4586 -115.21189004861478 -142.6623003676596 9.708764752480784
u 4587 0.6793755683067717 -0.0119314
x 4587 -115.86517401807662 -142.84875610667603 9.696833352480784
u 4588 0.6014355520844853 -0.0106634
x 4588 -116.44533982969119 -143.00727716764862 9.686169952480784
u 4589 0.6826199114703733 -0.0122049
x 4589 -117.10583208024563 -143.17965508473205 9.673965052480783
u 4590 0.6058391840308259 -0.0113572
x 4590 -117.69379464913673 -143.3257276326101 9.662607852480782
u 4591 0.6793016569017791 -0.0146228
x 4591 -118.35512156706743 -143.480934675697 9.647985052480783
u 4592 0.6081833908883063 -0.0141116
x 4592 -118.94914767554758 -143.61137194508845 9.633873452480783
u 4593 0.0 0.0
x 4593 -118.94914767554758 -143.61137194508845 9.633873452480783
u 4594 0.6899621542711109 -0.0174635
x 4594 -119.6252980264604 -143.74869047588592 9.616409952480783
u 4595 0.6952830334725106 -0.0182473
x 4595 -120.30902398735861 -143.87488038739295 9.598162652480783
u 4596 0.6159061972948703 -0.0169248
x 4596 -120.91656577369505 -143.9759959978173 9.581237852480783
u 4597 0.6893954089011606 -0.0214478
x 4597 -121.59864003012301 -144.0761085342886 9.559790052480782
u 4598 0.6041494496449354 -0.0213566
x 4598 -122.1981143591745 -144.15102991629632 9.538433452480781
u 4599 0.6562812953762452 -0.0247831
x 4599 -122.8510169389189 -144.21737232714395 9.51365035248078
u 4600 0.5695943310481943 -0.0220505
x 4600 -123.41887471544395 -144.2616679478911 9.49159985248078
u 4601 0.6243436450906747 -0.0252765
x 4601 -124.04228549371567 -144.29547970956358 9.46632335248078
u 4602 0.5425873142978394 -0.0225461
x 4602 -124.58461272270057 -144.3119022416818 9.44377725248078
u 4603 0.5940481481143501 -0.0249096
x 4603 -125.17863279132979 -144.31578985660016 9.41886765248078
u 4604 0.5119863287527806 -0.0219319
x 4604 -125.69053595317563 -144.30715002637533 9.396935752480779
u 4605 0.5733898110565903 -0.0248392
x 4605 -126.26344636228013 -144.28407114557936 9.372096552480778
u 4606 0.0 0.0
x 4606 -126.26344636228013 -144.28407114557936 9.372096552480778
u 4607 0.5766218641241125 -0.0251286
x 4607 -126.83882618271892 -144.24647671999335 9.346967952480778
u 4608 0.0 0.0
x 4608 -126.83882618271892 -144.24647671999335 9.346967952480778
u 4609 0.5135328592789724 -0.0224923
x 4609 -127.35031319120615 -144.20080484691655 9.324475652480778
u 4610 0.5880101757657685 -0.0257157
x 4610 -127.93454648412796 -144.13440926942332 9.29875995248078
u 4611 0.5301715553151641 -0.0239573
x 4611 -128.45966543790502 -144.06148109419246 9.27480265248078
u 4612 0.6025878304743247 -0.027943
x 4612 -129.0541537046927 -143.96313391391493 9.24685965248078
u 4613 0.5396988541441949 -0.0243977
x 4613 -129.58411517560094 -143.8611474225943 9.22246195248078
u 4614 0.0 0.0
x 4614 -129.58411517560094 -143.8611474225943 9.22246195248078
u 4615 0.6235588936623748 -0.0282509
x 4615 -130.19310484606692 -143.72723918820333 9.19421105248078
u 4616 0.5631799397066775 -0.0259434
x 4616 -130.73965044532326 -143.59143873462668 9.16826765248078
u 4617 0.6288289456590599 -0.0303966
x 4617 -131.34538669494034 -143.42268153186058 9.137871052480781
u 4618 0.559099095992439 -0.0280641
x 4618 -131.8793415646067 -143.2569604391781 9.109806952480781
u 4619 0.6380747231547435 -0.0318539
x 4619 -132.4827758498321 -143.04966357265914 9.077953052480781
u 4620 0.6405380223394611 -0.0337998
x 4620 -133.0813802140029 -142.8217980106901 9.04415325248078
u 4621 0.5768240827960015 -0.0352264
x 4621 -133.61303787354723 -142.59812022828507 9.00892685248078
u 4622 0.6565527534402701 -0.0444938
x 4622 -134.20753684819107 -142.3196217945742 8.96443305248078
u 4623 0.5925432518197217 -0.043073
x 4623 -134.73256338689927 -142.0450305371976 8.92136005248078
u 4624 0.6802990380772341 -0.0495651
x 4624 -135.3200879988148 -141.70220861363396 8.87179495248078
u 4625 0.6108756962319012 -0.0448998
x 4625 -135.8325432653676 -141.36979918525103 8.82689515248078
u 4626 0.6945682945736078 -0.0508983
x 4626 -136.39642875560952 -140.96439305593427 8.77599685248078
u 4627 0.6029528069799494 -0.0436492
x 4627 -136.8687718507789 -140.5897113643506 8.73234765248078
u 4628 0.6734146269848613 -0.0476006
x 4628 -137.3766710293493 -140.14762532734895 8.684747052480779
u 4629 0.0 0.0
x 4629 -137.3766710293493 -140.14762532734895 8.684747052480779
u 4630 0.5908767944586164 -0.0407292
x 4630 -137.8047691843855 -139.7404164197424 8.64401785248078
u 4631 0.6578215479360948 -0.0434747
x 4631 -138.26186191200608 -139.2674182432707 8.600543152480778
u 4632 0.6519770608670906 -0.0420849
x 4632 -138.694432334114 -138.7796742707294 8.558458252480778
u 4633 0.5828602898433402 -0.0363652
x 4633 -139.0637557407742 -138.32879856522388 8.522093052480777
u 4634 0.6597534574663175 -0.0409401
x 4634 -139.46176185977032 -137.80267599339132 8.481152952480777
u 4635 0.5904897437706232 -0.0354113
x 4635 -139.79975789774153 -137.31852686179136 8.445741652480777
u 4636 0.6713469857623925 -0.0360796
x 4636 -140.1641186679888 -136.75470143252156 8.409662052480776
u 4637 0.6065329379743924 -0.0279429
x 4637 -140.47683750585995 -136.23502345832117 8.381719152480777
u 4638 0.6916515660612716 -0.0262563
x 4638 -140.81725506449698 -135.63296840065107 8.355462852480777
u 4639 0.6134810160670366 -0.0181666
x 4639 -141.1072682732174 -135.09237525854726 8.337296252480776
u 4640 0.6915921594834704 -0.0172646
x 4640 -141.4233606328638 -134.47725457532576 8.320031652480775
u 4641 0.614983129887284 -0.0148958
x 4641 -141.69560813307413 -133.92582139208668 8.305135852480776
u 4642 0.6851958873833089 -0.0165978
x 4642 -141.98922564399476 -133.30673223599473 8.288538052480776
u 4643 0.6828361805146532 -0.0164581
x 4643 -142.27159549951475 -132.68502330934754 8.272079952480777
u 4644 0.6092862267475023 -0.0152548
x 4644 -142.51472343265658 -132.12635407335236 8.256825152480777
u 4645 0.6892604962452269 -0.0177367
x 4645 -142.77930092607056 -131.48990586088428 8.239088452480777
u 4646 0.6163355674480429 -0.0157122
x 4646 -143.00633560305553 -130.91691635640453 8.223376252480778
u 4647 0.6935747422787701 -0.0178996
x 4647 -143.2509495619436 -130.26791936825407 8.205476652480778
u 4648 0.6203270394749227 -0.0162989
x 4648 -143.45977369234964 -129.6838049960873 8.189177752480777
u 4649 0.6951308171540641 -0.0165023
x 4649 -143.68301334678327 -129.02550419559162 8.172675452480776
u 4650 0.6220609370628946 -0.0127232
x 4650 -143.87415822983934 -128.43354285982107 8.159952252480776
u 4651 0.7048975456894444 -0.0140367
x 4651 -144.0817623222467 -127.75991615869697 8.145915552480776
u 4652 0.6263181382233443 -0.0123136
x 4652 -144.25832225481045 -127.15900348287506 8.133601952480776
u 4653 0.7097461447186875 -0.0128492
x 4653 -144.4498175518106 -126.47558398468283 8.120752752480776
u 4654 0.7066598239381843 -0.0117206
x 4654 -144.63210693663532 -125.79284467106758 8.109032152480776
u 4655 0.6216515734662884 -0.00937155
x 4655 -144.78612511780662 -125.19057708078606 8.099660602480776
u 4656 0.6839276356876759 -0.00789207
x 4656 -144.94984707437365 -124.52653664229189 8.091768532480776
u 4657 0.5862130424891627 -0.00603802
x 4657 -145.08621013161243 -123.95640525062662 8.085730512480776
u 4658 0.6396875937497065 -0.00640551
x 4658 -145.2311385876919 -123.33335263561334 8.079325002480775
u 4659 0.5506535515874206 -0.00545817
x 4659 -145.3527118088673 -122.79628789744226 8.073866832480775
u 4660 0.6028102325212803 -0.00626114
x 4660 -145.48235276723295 -122.20758405742656 8.067605692480775
u 4661 0.5323328496984029 -0.00620416
x 4661 -145.59359438806177 -121.6870049033194 8.061401532480776
u 4662 0.6062625708954199 -0.00950381
x 4662 -145.71562453969588 -121.09315291802608 8.051897722480776
u 4663 0.5471210335456798 -0.0120495
x 4663 -145.81996856607117 -120.5560773854123 8.039848222480776
u 4664 0.6222246322070129 -0.0157495
x 4664 -145.9301344743615 -119.94368946688785 8.024098722480776
u 4665 0.6377049606942088 -0.0174402
x 4665 -146.03261057461145 -119.31428025326925 8.006658522480777
u 4666 0.5781311871591334 -0.0160162
x 4666 -146.11595578488743 -118.7421945072976 7.9906423224807765
u 4667 0.6619185676674326 -0.0186726
x 4667 -146.20000541204985 -118.08564357989059 7.971969722480776
u 4668 0.5943570970964981 -0.0167282
x 4668 -146.26503002710118 -117.49486111521571 7.955241522480776
u 4669 0.6846734276206186 -0.0185799
x 4669 -146.327909762455 -116.81309109837765 7.936661622480776
u 4670 0.62074823839863 -0.0163939
x 4670 -146.37410172195035 -116.19407086578386 7.9202677224807765
u 4671 0.0 0.0
x 4671 -146.37410172195035 -116.19407086578386 7.9202677224807765
u 4672 0.7126690104684809 -0.0174334
x 4672 -146.41510646288762 -115.48259151517229 7.902834322480777
u 4673 0.6428055335376329 -0.0152737
x 4673 -146.44159247410585 -114.84033812870587 7.887560622480777
u 4674 0.7387461630999944 -0.016217
x 4674 -146.46040645917245 -114.10183967438104 7.871343622480777
u 4675 0.6669216660150593 -0.0133925
x 4675 -146.467519483245 -113.43496092564347 7.8579511224807765
u 4676 0.7702550726385542 -0.0149895
x 4676 -146.46480416374192 -112.66471785013049 7.842961622480776
u 4677 0.7815744643388257 -0.0150207
x 4677 -146.450322271353 -111.88328491445883 7.827940922480776
u 4678 0.7045249408362955 -0.0132299
x 4678 -146.427319799942 -111.1791407255003 7.814711022480776
u 4679 0.7974514141240227 -0.014894
x 4679 -146.3900786690681 -110.38256674876743 7.799817022480776
u 4680 0.7125856513072701 -0.0130073
x 4680 -146.34687415594684 -109.67129709435322 7.786809722480776
u 4681 0.8056775321009259 -0.0144528
x 4681 -146.28698891056467 -108.86785528310601 7.7723569224807765
u 4682 0.7126033957299115 -0.0129835
x 4682 -146.22427848812126 -108.1580215919234 7.759373422480777
u 4683 0.7921917501396815 -0.0146767
x 4683 -146.143657807333 -107.36995001537137 7.744696722480777
u 4684 0.702362174444442 -0.0128324
x 4684 -146.06257546838216 -106.67228855811929 7.731864322480777
u 4685 0.7774419918460067 -0.0139703
x 4685 -145.9624851929255 -105.90132282786841 7.717894022480777
u 4686 0.6750639419247366 -0.0124136
x 4686 -145.86675181158895 -105.23308589876449 7.705480422480776
u 4687 0.7334660307097288 -0.013434
x 4687 -145.7533619763433 -104.50844317800187 7.692046422480776
u 4688 0.7171309069599845 -0.0128661
x 4688 -145.63319037663302 -103.80145772547783 7.679180322480776
u 4689 0.0 0.0
x 4689 -145.63319037663302 -103.80145772547783 7.679180322480776
u 4690 0.6362672981329475 -0.0109031
x 4690 -145.51912199416452 -103.1755020814298 7.668277222480776
u 4691 0.715882463766476 -0.0119135
x 4691 -145.38275442077313 -102.47273218639103 7.6563637224807755
u 4692 0.6521657971505315 -0.00815515
x 4692 -145.2521059299228 -101.83378865085406 7.648208572480775
u 4693 0.7394398838122134 -0.00557979
x 4693 -145.0990019859918 -101.11037375915942 7.6426287824807755
u 4694 0.6784381904669406 -0.00084111
x 4694 -144.9563983413076 -100.44709210580959 7.641787672480776
u 4695 0.7772117275262674 0.00388765
x 4695 -144.79419083161972 -99.68699603793168 7.645675322480776
u 4696 0.6935547065486988 0.00866857
x 4696 -144.65370441137742 -99.00782103502658 7.654343892480776
u 4697 0.7952471335111571 0.0178975
x 4697 -144.50297890560736 -98.22699906807311 7.672241392480776
u 4698 0.7037436392353852 0.0220913
x 4698 -144.38343859518216 -97.53349702564859 7.694332692480776
u 4699 0.7845255656975112 0.0310702
x 4699 -144.27077308470285 -96.75713542538224 7.725402892480776
u 4700 0.7635386845879126 0.0391678
x 4700 -144.18772129538024 -95.99817614085043 7.764570692480777
u 4701 0.6427162328037856 0.0411118
x 4701 -144.1435051166137 -95.35702802496431 7.805682492480777
u 4702 0.6697413297298069 0.0494485
x 4702 -144.12771910834212 -94.68754101268333 7.855130992480777
u 4703 0.5556390225722092 0.0452873
x 4703 -144.14093705539636 -94.13210672626093 7.900418292480777
u 4704 0.0 0.0
x 4704 -144.14093705539636 -94.13210672626093 7.900418292480777
u 4705 0.5854158580827479 0.0500943
x 4705 -144.18274480797632 -93.54824700263815 7.950512592480776
u 4706 0.5091321856057976 0.0437831
x 4706 -144.24289188986032 -93.042721034181 7.994295692480776
u 4707 0.5719028753998008 0.0491804
x 4707 -144.33676479749283 -92.4786334019557 8.043476092480775
u 4708 0.5101534608473832 0.0425291
x 4708 -144.44348196732165 -91.97980600300272 8.086005192480775
u 4709 0.5813521289691902 0.0408295
x 4709 -144.5886737199809 -91.41691817726426 8.126834692480774
u 4710 0.5236397324401746 0.025203
x 4710 -144.73612343817567 -90.91448147850691 8.152037692480773
u 4711 0.5942194131857162 0.0187836
x 4711 -144.9159477253539 -90.34813392167351 8.170821292480774
u 4712 0.5988797683387551 0.0119302
x 4712 -145.10592784774806 -89.78019001944376 8.182751492480774
u 4713 0.5353988434445917 0.00691542
x 4713 -145.2805476167239 -89.274068773628 8.189666912480774
u 4714 0.6057839859655989 0.00543724
x 4714 -145.48165670937064 -88.7026420798005 8.195104152480774
u 4715 0.5394435668624711 0.00250331
x 4715 -145.66276103707912 -88.19450781373416 8.197607462480773
u 4716 0.0 0.0
x 4716 -145.66276103707912 -88.19450781373416 8.197607462480773
u 4717 0.6101401405119178 -0.00245872
x 4717 -145.86761273969122 -87.61978476437918 8.195148742480773
u 4718 0.549520171146274 -0.00500305
x 4718 -146.0501789588601 -87.10147851876904 8.190145692480774
u 4719 0.6302179247703134 -0.00718548
x 4719 -146.25592861743775 -86.50579403700127 8.182960212480774
u 4720 0.5657853661414273 -0.00825778
x 4720 -146.43650774858736 -85.96960149801018 8.174702432480775
u 4721 0.6421870077743244 -0.011549
x 4721 -146.63543396583984 -85.35900512624517 8.163153432480774
u 4722 0.5814328088677337 -0.0110268
x 4722 -146.80928918309 -84.80417627945273 8.152126632480774
u 4723 0.6615802588445366 -0.0126354
x 4723 -146.99962637298484 -84.1705720103184 8.139491232480774
u 4724 0.6659446183585486 -0.0133812
x 4724 -147.18290658191842 -83.53035018750367 8.126110032480774
u 4725 0.6017555597863113 -0.0121877
x 4725 -147.34111169039127 -82.94976736387481 8.113922332480774
u 4726 0.6805166463626094 -0.0136735
x 4726 -147.51151868388976 -82.290937228508 8.100248832480775
u 4727 0.6107615807700664 -0.0120175
x 4727 -147.65685076247348 -81.69772242249009 8.088231332480774
u 4728 0.6979135797633705 -0.0128458
x 4728 -147.8144811471874 -81.0178479276884 8.075385532480775
u 4729 0.6194251710910176 -0.0110016
x 4729 -147.94717971377705 -80.41280680260112 8.064383932480775
u 4730 0.7060425337970613 -0.0112355
x 4730 -148.09075709590167 -79.72152079025648 8.053148432480775
u 4731 0.6296639451116155 -0.00791326
x 4731 -148.2128944028297 -79.10381771183027 8.045235172480774
u 4732 0.7069873628203619 -0.00869592
x 4732 -148.344265857925 -78.40914547094748 8.036539252480775
u 4733 0.6331762841388241 -0.00718617
x 4733 -148.45697779457745 -77.78608327433999 8.029353082480775
u 4734 0.7163009914368313 -0.00747358
x 4734 -148.5793168604114 -77.08030861120194 8.021879502480775
u 4735 0.7242938703483525 -0.0073394
x 4735 -148.69773207554513 -76.36576183696717 8.014540102480776
u 4736 0.6386755633774007 -0.00643924
x 4736 -148.7978062859433 -75.73497643905104 8.008100862480775
u 4737 0.7219367404001856 -0.00719674
x 4737 -148.90606272043476 -75.02120409998149 8.000904122480776
u 4738 0.6443972879082172 -0.00604897
x 4738 -148.9984703815373 -74.38346792986619 7.994855152480776
u 4739 0.7248191846708232 -0.00664797
x 4739 -149.09785465587814 -73.6654960072997 7.988207182480775
u 4740 0.6468781938857328 -0.00602928
x 4740 -149.18248866671067 -73.02417922574752 7.9821779024807755
u 4741 0.7315258222841134 -0.00755637
x 4741 -149.2732688565832 -72.2983097887758 7.974621532480776
u 4742 0.6503709822800243 -0.00857007
x 4742 -149.34877181683683 -71.65233832754566 7.966051462480776
u 4743 0.7399437433813976 -0.0126982
x 4743 -149.42685304233385 -70.91653080608485 7.953353262480776
u 4744 0.0 0.0
x 4744 -149.42685304233385 -70.91653080608485 7.953353262480776
u 4745 0.6627652397608217 -0.0136702
x 4745 -149.48809506922717 -70.25660631289004 7.939683062480776
u 4746 0.7507777871207328 -0.018551
x 4746 -149.545417295452 -69.50803081023155 7.921132062480775
u 4747 0.762644284926914 -0.0204536
x 4747 -149.58880557798093 -68.74663506187296 7.9006784624807755
u 4748 0.6800378868754712 -0.0188389
x 4748 -149.6141493622377 -68.0670796607588 7.881839562480775
u 4749 0.7817552849594632 -0.0212623
x 4749 -149.62761556763462 -67.28545509409314 7.860577262480775
u 4750 0.7022518378382991 -0.0188098
x 4750 -149.62564278324322 -66.58321637986782 7.841767462480775
u 4751 0.8014739457506417 -0.0219196
x 4751 -149.60707148303626 -65.78197367417877 7.819847862480775
u 4752 0.7157883515278644 -0.020463
x 4752 -149.5753263088199 -65.06690211829765 7.799384862480775
u 4753 0.8154523803123636 -0.0229901
x 4753 -149.52147198965392 -64.25324800945107 7.776394762480774
u 4754 0.0 0.0
x 4754 -149.52147198965392 -64.25324800945107 7.776394762480774
u 4755 0.7337034155966358 -0.0196028
x 4755 -149.45743751775288 -63.52235605415051 7.756791962480774
u 4756 0.8320059026540013 -0.0206804
x 4756 -149.36814593153582 -62.695170365274585 7.736111562480774
u 4757 0.7473261116888292 -0.0159585
x 4757 -149.2743445090303 -61.95376240902703 7.720153062480774
u 4758 0.8468784847613887 -0.0160436
x 4758 -149.15461822691304 -61.11539888309129 7.704109462480774
u 4759 0.8486191719269869 -0.0137556
x 4759 -149.02214230491924 -60.27719051180316 7.690353862480775
u 4760 0.768357515055908 -0.00970585
x 4760 -148.8933009712895 -59.51971539861307 7.680648012480775
u 4761 0.874685585444517 -0.00931212
x 4761 -148.73843724628023 -58.65885154676577 7.6713358924807755
u 4762 0.7883749468718965 -0.00802641
x 4762 -148.5921334458939 -57.884172956588586 7.663309482480775
u 4763 0.0 0.0
x 4763 -148.5921334458939 -57.884172956588586 7.663309482480775
u 4764 0.8993645578889088 -0.00733834
x 4764 -148.4184482842135 -57.00174083864513 7.655971142480775
u 4765 0.8035595939893267 -0.00426982
x 4765 -148.25869125069872 -56.21422275610729 7.651701322480775
u 4766 0.9119765615340794 -0.00372311
x 4766 -148.07380915803017 -55.3211836192962 7.6479782124807745
u 4767 0.8131260572257133 -0.000119507
x 4767 -147.90743709611505 -54.525260054394415 7.6478587054807745
u 4768 0.9168773155696678 0.00467208
x 4768 -147.72188027533085 -53.62735630182588 7.652530785480774
u 4769 0.8120598236583313 0.00756407
x 4769 -147.56240503815573 -52.831111577030214 7.660094855480774
u 4770 0.9147866744601131 0.0110106
x 4770 -147.39109448603415 -51.93251327957881 7.671105455480774
u 4771 0.8149298637124557 0.0100451
x 4771 -147.24691976362678 -51.13044174416522 7.681150555480774
u 4772 0.9219887314827362 0.011403
x 4772 -147.09354536062622 -50.221304624422245 7.692553555480774
u 4773 0.9265542432301048 0.0115701
x 4773 -146.94991599727012 -49.3059556229163 7.704123655480774
u 4774 0.822937262777247 0.010199
x 4774 -146.83120498192335 -48.491629175521226 7.714322655480774
u 4775 0.9320736352683907 0.0116949
x 4775 -146.70685536242266 -47.567892994579125 7.726017555480774
u 4776 0.8224603047817935 0.0102203
x 4776 -146.6060673036988 -46.751635172521226 7.736237855480774
u 4777 0.9219786824760876 0.0113895
x 4777 -146.5029770788336 -45.835443103420054 7.747627355480774
u 4778 0.8236713452458223 0.0105168
x 4778 -146.41984945263778 -45.01598106666273 7.758144155480775
u 4779 0.9327015330204493 0.013821
x 4779 -146.33701705762778 -44.08697240348952 7.771965155480775
u 4780 0.8267458411206221 0.0132669
x 4780 -146.2747539179368 -43.26258052949694 7.785232055480774
u 4781 0.9327371357358527 0.0151685
x 4781 -146.21773885785723 -42.33159655196868 7.800400555480774
u 4782 0.8204060730322491 0.0133604
x 4782 -146.17927548337374 -41.512098729106214 7.813760955480774
u 4783 0.9258439911481743 0.0151823
x 4783 -146.149071280958 -40.586756448145735 7.828943255480774
u 4784 0.9229863845460614 0.0153163
x 4784 -146.13303053110425 -39.66391848480174 7.844259555480774
u 4785 0.8169209782040048 0.0133178
x 4785 -146.13052817873896 -38.847007376338574 7.857577355480775
u 4786 0.928168539683952 0.0149969
x 4786 -146.14082513197934 -37.918904653282425 7.8725742554807745
u 4787 0.8330190664191355 0.0137353
x 4787 -146.16203156559763 -37.08616211038138 7.886309555480774
u 4788 0.9378179378647372 0.0153652
x 4788 -146.19954377087137 -36.14910393943352 7.901674755480774
u 4789 0.0 0.0
x 4789 -146.19954377087137 -36.14910393943352 7.901674755480774
u 4790 0.8198428788232291 0.0132683
x 4790 -146.24406136469213 -35.33047663162418 7.914943055480774
u 4791 0.9047943964486509 0.014089
x 4791 -146.30554481540025 -34.42778114401746 7.929032055480774
u 4792 0.7999957266669726 0.0118096
x 4792 -146.3702375529254 -33.630410104733016 7.940841655480774
u 4793 0.0 0.0
x 4793 -146.3702375529254 -33.630410104733016 7.940841655480774
u 4794 0.8736013620670766 0.0113264
x 4794 -146.4509502606076 -32.760549978157975 7.952168055480774
u 4795 0.8587907150853019 0.00675938
x 4795 -146.5380242432375 -31.906186586032018 7.958927435480774
u 4796 0.0 0.0
x 4796 -146.5380242432375 -31.906186586032018 7.958927435480774
u 4797 0.7400213825009339 0.00426939
x 4797 -146.61711469276554 -31.170404338682832 7.963196825480774
u 4798 0.0 0.0
x 4798 -146.61711469276554 -31.170404338682832 7.963196825480774
u 4799 0.8187584782763104 0.00404788
x 4799 -146.70800489358058 -30.356706912240497 7.967244705480774
u 4800 0.7390613272870711 0.00170799
x 4800 -146.79216145838666 -29.622452742823736 7.968952695480774
u 4801 0.8679220300438782 0.000603095
x 4801 -146.89198767244756 -28.76029071954227 7.969555790480774
u 4802 0.8082630292870213 0.000619272
x 4802 -146.985442759062 -27.9574487360737 7.970175062480774
u 4803 0.9435950196963119 0.000243147
x 4803 -147.09494970191486 -27.020229558786063 7.970418209480774
u 4804 0.8568890644156043 -0.00093592
x 4804 -147.19409934823665 -26.169096101124165 7.969482289480774
u 4805 0.9844331313987311 -0.00117783
x 4805 -147.30697347137345 -25.191155453392785 7.968304459480774
u 4806 0.8942321828070181 -0.00176501
x 4806 -147.40819801242256 -24.302671023893026 7.966539449480774
u 4807 1.0195012237980472 -0.00370374
x 4807 -147.52083239458355 -23.289411406065266 7.962835709480775
u 4808 1.0464721267734962 -0.0045524
x 4808 -147.63215205095096 -22.248877910715294 7.958283309480775
u 4809 0.9383934241546102 -0.00400481
x 4809 -147.7279816002861 -21.31539103933667 7.954278499480775
u 4810 1.0467222703657415 -0.00486627
x 4810 -147.830254213388 -20.273678189363597 7.949412229480775
u 4811 0.9137703043449047 -0.00525693
x 4811 -147.91493227997168 -19.36384091202131 7.944155299480776
u 4812 1.0137936753506713 -0.00602456
x 4812 -148.00318396566126 -18.353897276202428 7.938130739480775
u 4813 0.8975772802854542 -0.00515
x 4813 -148.07632177158604 -17.45930571868156 7.932980739480775
u 4814 0.9983097740083494 -0.00627698
x 4814 -148.151981424317 -16.463868754554614 7.926703759480775
u 4815 0.8797424500230381 -0.00525631
x 4815 -148.21359551237833 -15.586287589879898 7.921447449480775
u 4816 0.9849930763266983 -0.00563045
x 4816 -148.27723146081485 -14.603353582254384 7.915816999480775
u 4817 0.869545118605619 -0.00504772
x 4817 -148.32877520317814 -13.73533840354055 7.910769279480775
u 4818 0.9824386602593763 -0.00509952
x 4818 -148.38203441951418 -12.75434549561358 7.905669759480775
u 4819 0.8769456329696399 -0.00439419
x 4819 -148.4254176124166 -11.878474326818877 7.901275569480775
u 4820 0.982929992411071 -0.00445281
x 4820 -148.46970080921582 -10.8965431825433 7.8968227594807745
u 4821 0.0 0.0
x 4821 -148.46970080921582 -10.8965431825433 7.8968227594807745
u 4822 0.993651995205848 -0.00462114
x 4822 -148.5099630153188 -9.903708107980783 7.892201619480774
u 4823 0.8709056638233655 -0.00455467
x 4823 -148.5412589067525 -9.033365686147754 7.887646949480774
u 4824 0.9638693228252294 -0.00487405
x 4824 -148.5713539761421 -8.069967264383608 7.882772899480774
u 4825 0.8521406547455935 -0.00458747
x 4825 -148.59393093716835 -7.218126491213785 7.878185429480775
u 4826 0.9524924498183036 -0.00621684
x 4826 -148.6140226004477 -6.2658475037188355 7.871968589480775
u 4827 0.0 0.0
x 4827 -148.6140226004477 -6.2658475037188355 7.871968589480775
u 4828 0.8330555941633431 -0.00569049
x 4828 -148.62663598807666 -5.43288852950059 7.866278099480775
u 4829 0.9395926406634869 -0.00631843
x 4829 -148.63522114766445 -4.493336674441951 7.859959669480775
u 4830 0.821181894568507 -0.00638915
x 4830 -148.63750686819722 -3.672159357717039 7.853570519480774
u 4831 0.9093682645134349 -0.00845029
x 4831 -148.63329082859562 -2.762803572196541 7.8451202294807745
u 4832 0.8030683417028118 -0.00751064
x 4832 -148.6231590291978 -1.9598010339367327 7.837609589480775
u 4833 0.8952617882618854 -0.00884273
x 4833 -148.60454488630228 -1.0647356952257743 7.828766859480775
u 4834 0.8960053893491747 -0.00916185
x 4834 -148.5778518223693 -0.1691311383120575 7.819605009480775
u 4835 0.7950507160301765 -0.00767763
x 4835 -148.54747607927618 0.6253371431752099 7.8119273794807755
u 4836 0.0 0.0
x 4836 -148.54747607927618 0.6253371431752099 7.8119273794807755
u 4837 0.9005195415698928 -0.00387415
x 4837 -148.50787382835696 1.5249849032411529 7.808053229480776
u 4838 0.8002264651624763 0.00367309
x 4838 -148.47260180659546 2.3244331880406315 7.811726319480776
u 4839 0.0 0.0
x 4839 -148.47260180659546 2.3244331880406315 7.811726319480776
u 4840 0.8968702513953467 0.0107955
x 4840 -148.43955299785983 3.2206899660269834 7.822521819480777
u 4841 0.7941437699185812 0.0138456
x 4841 -148.42006919153508 4.014588343503424 7.836367419480776
u 4842 0.8909617687632664 0.0160054
x 4842 -148.41150592283552 4.905499448981512 7.8523728194807765
u 4843 0.7911154294584938 0.0137538
x 4843 -148.41567353443682 5.696597665222893 7.866126619480776
u 4844 0.8833850385459912 0.0138202
x 4844 -148.43250535928195 6.579815302805952 7.879946819480776
u 4845 0.7801696949759728 0.00778219
x 4845 -148.4557948053739 7.3596353351287425 7.887729009480776
u 4846 0.878011193504395 0.00414568
x 4846 -148.48723860781996 8.237082677766566 7.891874689480776
u 4847 0.8784440754876947 -0.00242325
x 4847 -148.51945395967095 9.114935619468334 7.889451439480776
u 4848 0.7827420130449954 -0.00830048
x 4848 -148.54396502137558 9.897291516179203 7.8811509594807765
u 4849 0.0 0.0
x 4849 -148.54396502137558 9.897291516179203 7.8811509594807765
u 4850 0.878449778960939 -0.0166789
x 4850 -148.56050495217187 10.775575385981542 7.864472059480777
u 4851 0.7917933172615582 -0.0216805
x 4851 -148.56022796890602 11.567353147479732 7.842791559480776
u 4852 0.8879725151585492 -0.0300753
x 4852 -148.5369420180799 12.454986810419014 7.812716259480776
u 4853 0.7952954374584391 -0.0326204
x 4853 -148.4911797495559 13.248929228754676 7.7800958594807765
u 4854 0.887216814749636 -0.0427067
x 4854 -148.40681608980606 14.132058221733638 7.737389159480776
u 4855 0.7933196581564332 -0.04556
x 4855 -148.29661630467206 14.917617405579575 7.691829159480776
u 4856 0.8838023549327304 -0.0549269
x 4856 -148.13005665860678 15.785470000055124 7.6369022594807765
u 4857 0.0 0.0
x 4857 -148.13005665860678 15.785470000055124 7.6369022594807765
u 4858 0.7897488857421453 -0.0489454
x 4858 -147.9411597409736 16.55221425487607 7.5879568594807765
u 4859 0.8791045435199445 -0.0546214
x 4859 -147.68700104985888 17.393663025676663 7.533335459480776
u 4860 0.8744554732912877 -0.054253
x 4860 -147.38901908899746 18.215667638526575 7.479082459480776
u 4861 0.7632713149520032 -0.0487487
x 4861 -147.09232742348556 18.918833189712174 7.430333759480776
u 4862 0.838928586052019 -0.055575
x 4862 -146.72638557944924 19.673622307526884 7.374758759480776
u 4863 0.7160407249817289 -0.0479606
x 4863 -146.38111940082317 20.30084420897508 7.326798159480776
u 4864 0.7720399401723009 -0.0534115
x 4864 -145.9750754898061 20.95737473048716 7.273386659480776
u 4865 0.650882047383587 -0.0486976
x 4865 -145.60494514151054 21.492694494473234 7.224689059480776
u 4866 0.6975844844993687 -0.0585779
x 4866 -145.1780875064128 22.04430807237381 7.166111159480776
u 4867 0.5939665103806442 -0.0534972
x 4867 -144.78889000552002 22.49290297686965 7.112613959480776
u 4868 0.6437853680347279 -0.0599391
x 4868 -144.34017786396308 22.954414562175888 7.052674859480776
u 4869 0.0 0.0
x 4869 -144.34017786396308 22.954414562175888 7.052674859480776
u 4870 0.5470054271017428 -0.0530023
x 4870 -143.9373827482059 23.324415901701624 6.999672559480776
u 4871 0.5956245291757551 -0.0577875
x 4871 -143.477162683922 23.702393886689478 6.941885059480776
u 4872 0.573455172201071 -0.0525886
x 4872 -143.01466244628324 24.04131656756473 6.889296459480776
u 4873 0.4902094438519213 -0.0440587
x 4873 -142.60575360588723 24.311612680810004 6.845237759480776
u 4874 0.5395152010060884 -0.047949
x 4874 -142.14251882277492 24.588080444001672 6.797288759480776
u 4875 0.4631947652317717 -0.0406813
x 4875 -141.7346781363573 24.80759303431282 6.756607459480776
u 4876 0.5116563384658203 -0.0443864
x 4876 -141.27427032060484 25.030693625588373 6.712221059480776
u 4877 0.0 0.0
x 4877 -141.27427032060484 25.030693625588373 6.712221059480776
u 4878 0.4473386693306566 -0.0381908
x 4878 -140.8640210097476 25.208971685510814 6.6740302594807766
u 4879 0.4955092199815846 -0.0422805
x 4879 -140.40202573506932 25.38800570159279 6.631749759480776
u 4880 0.4342846241876957 -0.0372001
x 4880 -139.99119277186298 25.52870986756437 6.594549659480776
u 4881 0.4838470253635229 -0.0407583
x 4881 -139.52771794037014 25.667514108191753 6.553791359480776
u 4882 0.42163957604020047 -0.035025
x 4882 -139.11953164184956 25.77308732554835 6.518766359480776
u 4883 0.4703227222563759 -0.0384434
x 4883 -138.66020255558882 25.874047773100056 6.480322959480776
u 4884 0.46029037723348953 -0.0354285
x 4884 -138.2073250174635 25.95618793883939 6.444894459480776
u 4885 0.40496453918569414 -0.0297216
x 4885 -137.80673379880358 26.015440629821917 6.4151728594807755
u 4886 0.4483848561533765 -0.0309852
x 4886 -137.36140585049915 26.06755505103979 6.384187659480776
u 4887 0.0 0.0
x 4887 -137.36140585049915 26.06755505103979 6.384187659480776
u 4888 0.3951245783225336 -0.020616
x 4888 -136.96791216891222 26.103340877834423 6.363571659480775
u 4889 0.4331835153059894 -0.0120733
x 4889 -136.5359280187067 26.135518083220354 6.351498359480775
u 4890 0.3748136953317434 -0.00387509
x 4890 -136.16193991412408 26.160378252997 6.347623269480775
u 4891 0.4007584380773142 -0.00347988
x 4891 -135.76196911897813 26.185488542658142 6.344143389480775
u 4892 0.3358955491287904 -0.00446887
x 4892 -135.4266528447724 26.205202203124514 6.339674519480774
u 4893 0.3674569477772123 -0.00836271
x 4893 -135.0596995533428 26.224414268846594 6.331311809480774
u 4894 0.3284596728306002 -0.0155477
x 4894 -134.73151057125477 26.23766475759577 6.315764109480774
u 4895 0.3702325120160767 -0.0312972
x 4895 -134.36134622615884 26.24393231368123 6.284466909480774
u 4896 0.37079158373126553 -0.0415773
x 4896 -133.99065188962354 26.23670024422596 6.242889609480774
u 4897 0.334195761174501 -0.0410676
x 4897 -133.65709767898903 26.21638524624783 6.201822009480774
u 4898 0.38225020080363925 -0.051139
x 4898 -133.27707225323405 26.17559246224793 6.150683009480774
u 4899 0.34564854168334413 -0.0499908
x 4899 -132.93573739906242 26.1213840428256 6.1006922094807745
u 4900 0.4049686878475915 -0.0608007
x 4900 -132.53997239089665 26.03583183142727 6.039891509480775
u 4901 0.0 0.0
x 4901 -132.53997239089665 26.03583183142727 6.039891509480775
u 4902 0.3622689572207822 -0.0540661
x 4902 -132.19090223427216 25.9391009827526 5.985825409480775
u 4903 0.40733461921452246 -0.0596375
x 4903 -131.80523272874927 25.80821418605022 5.926187909480775
u 4904 0.3566140677403965 -0.0517795
x 4904 -131.47447808656153 25.674998013666258 5.8744084094807745
u 4905 0.3917921218340003 -0.0554429
x 4905 -131.11946680616572 25.509381768145754 5.818965509480774
u 4906 0.3400216730715035 -0.0470171
x 4906 -130.81911943553513 25.350055378469772 5.771948409480775
u 4907 0.3670949653387964 -0.049023
x 4907 -130.50349091935638 25.162677772489037 5.722925409480775
u 4908 0.3491743608649089 -0.0460056
x 4908 -130.21207119948235 24.970386903246574 5.676919809480775
u 4909 0.29863087000729444 -0.0379055
x 4909 -129.9699452134904 24.79561640838585 5.639014309480775
u 4910 0.329978910900106 -0.0401286
x 4910 -129.71014107233896 24.592212182722495 5.598885709480775
u 4911 0.304944287347261 -0.036737
x 4911 -129.47744488115313 24.39515116928149 5.562148709480775
u 4912 0.36945155595791246 -0.0446328
x 4912 -129.20547591868927 24.145141813268868 5.5175159094807755
u 4913 0.3485735629982895 -0.0422617
x 4913 -128.95936133117195 23.898336109496423 5.4752542094807755
u 4914 0.41081996351729744 -0.049883
x 4914 -128.6830095408463 23.594415500419835 5.425371209480775
u 4915 0.3871133008199849 -0.046047
x 4915 -128.4366316212536 23.29587211743914 5.379324209480775
u 4916 0.45832747260276685 -0.0528969
x 4916 -128.16277355626886 22.928425719201183 5.326427309480775
u 4917 0.42918881625536515 -0.0477792
x 4917 -127.92395930599652 22.571864708746887 5.278648109480775
u 4918 0.5082373784023072 -0.0546989
x 4918 -127.66316413991761 22.135714829546824 5.223949209480775
u 4919 0.5336763447070612 -0.053669
x 4919 -127.41451911133548 21.663573183282224 5.170280209480775
u 4920 0.4971449608178186 -0.0433684
x 4920 -127.20448948290422 21.21301582603252 5.126911809480775
u 4921 0.5793098922098258 -0.0377863
x 4921 -126.98124292857715 20.678487063319196 5.089125509480775
u 4922 0.5320561604718433 -0.0273114
x 4922 -126.79228591952841 20.181132651703305 5.061814109480775
u 4923 0.6114167066080548 -0.0286528
x 4923 -126.59122082658489 19.603744010906624 5.033161309480775
u 4924 0.5463044246956087 -0.020253
x 4924 -126.42423283085247 19.0835965969026 5.012908309480775
u 4925 0.6137458249443413 -0.0191146
x 4925 -126.24816782144568 18.49565647986723 4.993793709480775
u 4926 0.5545467172327454 -0.0165499
x 4926 -126.09858248400573 17.96167214553673 4.9772438094807745
u 4927 0.6246298513561587 -0.0177735
x 4927 -125.94043949000141 17.357401532465165 4.959470309480775
u 4928 0.5512187962787974 -0.015739
x 4928 -125.80983672533844 16.8218842058842 4.943731309480775
u 4929 0.610010801062578 -0.018839
x 4929 -125.67557185493978 16.226842092561807 4.924892309480775
u 4930 0.6108433035191674 -0.0196888
x 4930 -125.5526266279223 15.628509443310085 4.905203509480775
u 4931 0.5405486571351742 -0.0174484
x 4931 -125.4536792032742 15.09710108350895 4.887755109480775
u 4932 0.5935452188677591 -0.0197394
x 4932 -125.35589896580538 14.511675159086161 4.868015709480775
u 4933 0.5222005125521761 -0.0188777
x 4933 -125.2798323263584 13.995052333890456 4.849138009480775
u 4934 0.5866999687907914 -0.0216056
x 4934 -125.20613630931747 13.413010788493397 4.827532409480775
u 4935 0.5131408255873765 -0.019119
x 4935 -125.15205831739425 12.902735316921682 4.808413409480775
u 4936 0.580623303398122 -0.021814
x 4936 -125.10269778747461 12.324225515464525 4.786599409480775
u 4937 0.5211082546798982 -0.0196659
x 4937 -125.06917385993232 11.804205123949751 4.766933509480776
u 4938 0.584425979760753 -0.0220012
x 4938 -125.04373421078661 11.22034488999833 4.744932309480776
u 4939 0.5214883762675444 -0.0198142
x 4939 -125.03193088159556 10.69899864156087 4.725118109480776
u 4940 0.5768265708369409 -0.0235629
x 4940 -125.03138424784002 10.122185673815878 4.701555209480776
u 4941 0.576260150937606 -0.0249551
x 4941 -125.0448160679812 9.54609703950556 4.676600109480776
u 4942 0.5101792180868806 -0.0223627
x 4942 -125.06876998910329 9.036491115939521 4.654237409480776
u 4943 0.5646643782170292 -0.0252884
x 4943 -125.10871138969722 8.473256215568115 4.628949009480776
u 4944 0.494289739308875 -0.0225062
x 4944 -125.15544629845697 7.981191299288661 4.606442809480776
u 4945 0.5563901896405278 -0.0257927
x 4945 -125.22141174444188 7.4287409021392445 4.580650109480776
u 4946 0.48952355059364827 -0.0229368
x 4946 -125.29127417334072 6.944239052876654 4.557713309480776
u 4947 0.5456474752125244 -0.0256532
x 4947 -125.38224208063784 6.406243068074497 4.532060109480776
u 4948 0.48620219084039557 -0.0227642
x 4948 -125.47488046157673 5.92895856954264 4.509295909480776
u 4949 0.5476872363689905 -0.0255648
x 4949 -125.5921933302333 5.393998138092583 4.483731109480776
u 4950 0.48517609387688554 -0.0228168
x 4950 -125.70754969092046 4.922746040044431 4.460914309480776
u 4951 0.5490792811886317 -0.0263271
x 4951 -125.85116277540702 4.392797056138781 4.434587209480776
u 4952 0.5550405944294238 -0.026918
x 4952 -126.01054348912953 3.861149383091914 4.407669209480776
u 4953 0.4934736132460605 -0.0242259
x 4953 -126.16428562540344 3.392248910835479 4.383443309480776
u 4954 0.5564180094378843 -0.0277001
x 4954 -126.35130368230818 2.8682208086923366 4.355743209480776
u 4955 0.4962616466536176 -0.0250987
x 4955 -126.53038239335709 2.4054103624794156 4.330644509480776
u 4956 0.5572985445516312 -0.028487
x 4956 -126.74533626084431 1.891255230386774 4.302157509480776
u 4957 0.49219602528434786 -0.0252572
x 4957 -126.94731351327624 1.4424242615609084 4.276900309480776
u 4958 0.552538721273563 -0.0282612
x 4958 -127.18745137928245 0.9448174647033829 4.248639109480775
u 4959 0.48620443735472024 -0.0247064
x 4959 -127.41028250246599 0.5126959297696372 4.223932709480775
u 4960 0.5390643684888996 -0.0271749
x 4960 -127.6696820356063 0.04016614953901637 4.196757809480775
u 4961 0.47508567959030806 -0.0237647
x 4961 -127.90882809167954 -0.3703273881720239 4.172993109480775
u 4962 0.0 0.0
x 4962 -127.90882809167954 -0.3703273881720239 4.172993109480775
u 4963 0.5293883813533713 -0.0262815
x 4963 -128.1866685689947 -0.8209276507158396 4.146711609480775
u 4964 0.518639519892633 -0.0255017
x 4964 -128.47020553312962 -1.255184676226885 4.121209909480775
u 4965 0.4538159926255355 -0.0219045
x 4965 -128.72724188365024 -1.6291807125127238 4.099305409480775
u 4966 0.5025714857984938 -0.0239355
x 4966 -129.02130898592102 -2.036722832126054 4.0753699094807745
u 4967 0.4388272889893066 -0.0208628
x 4967 -129.2859849724891 -2.3867357276626886 4.054507109480775
u 4968 0.48362804358620726 -0.0229071
x 4968 -129.5860526560133 -2.7660050808054932 4.0316000094807745
u 4969 0.42221722812343887 -0.020009
x 4969 -129.8550634290482 -3.091419653618845 4.0115910094807745
u 4970 0.0 0.0
x 4970 -129.8550634290482 -3.091419653618845 4.0115910094807745
u 4971 0.4662932742540069 -0.0217092
x 4971 -130.1595871176139 -3.444528987258348 3.9898818094807744
u 4972 0.4131207695182918 -0.0177045
x 4972 -130.4354994498253 -3.751997192422402 3.9721773094807746
u 4973 0.4578032514810916 -0.0179592
x 4973 -130.74728069883713 -4.087214490234993 3.9542181094807747
u 4974 0.4014645438399939 -0.0135769
x 4974 -131.0252958324683 -4.376833014598708 3.940641209480775
u 4975 0.44422086034926367 -0.011826
x 4975 -131.33696581617372 -4.693363730683064 3.9288152094807747
u 4976 0.4397682718547399 -0.00795351
x 4976 -131.64859670653152 -5.003656014851013 3.9208616994807746
u 4977 0.388502871518712 -0.00468006
x 4977 -131.92562617386483 -5.27603237196527 3.9161816394807745
u 4978 0.42202995233089774 -0.00469024
x 4978 -132.22794571506063 -5.570501129504361 3.9114913994807745
u 4979 0.3713074363010245 -0.00329727
x 4979 -132.49496306764144 -5.828514347700327 3.9081941294807745
u 4980 0.4135333553688397 -0.00289238
x 4980 -132.79323415496532 -6.11494771735004 3.9053017494807745
u 4981 0.36593822978001 -0.00257563
x 4981 -133.05786810011648 -6.367691835104295 3.9027261194807745
u 4982 0.4179153659671117 -0.00296654
x 4982 -133.36088878956522 -6.6554966071168415 3.8997595794807745
u 4983 0.38217925069829667 -0.00261884
x 4983 -133.6387320163912 -6.917916190024538 3.8971407394807747
u 4984 0.0 0.0
x 4984 -133.6387320163912 -6.917916190024538 3.8971407394807747
u 4985 0.4395324242865981 -0.00307372
x 4985 -133.95912851593184 -7.218806008698168 3.8940670194807745
u 4986 0.0 0.0
x 4986 -133.95912851593184 -7.218806008698168 3.8940670194807745
u 4987 0.39845127525666074 -0.00262128
x 4987 -134.2503545303505 -7.490744855450101 3.8914457394807744
u 4988 0.46392337102525866 -0.00277625
x 4988 -134.59028701023266 -7.806451467776108 3.8886694894807743
u 4989 0.4787373510115479 -0.00275181
x 4989 -134.94197334654606 -8.13126838155482 3.8859176794807744
u 4990 0.4369932676098537 -0.00252219
x 4990 -135.26377472077775 -8.426914944608697 3.8833954894807743
u 4991 0.5022954253033846 -0.00290095
x 4991 -135.63458460478944 -8.765737239128084 3.8804945394807744
u 4992 0.4577142718926477 -0.00251091
x 4992 -135.9733175625094 -9.073571980471918 3.8779836294807746
u 4993 0.5283414803409853 -0.0030203
x 4993 -136.3652995924207 -9.427824144719642 3.8749633294807744
u 4994 0.4812393327884435 -0.00270411
x 4994 -136.723258161678 -9.749471182631648 3.8722592194807746
u 4995 0.5474415592752165 -0.00319548
x 4995 -137.13153719355068 -10.11416315942769 3.8690637394807745
u 4996 0.49739927582740867 -0.00220508
x 4996 -137.50338843474754 -10.444515386248625 3.8668586594807746
u 4997 0.5699440727513961 -0.00084109
x 4997 -137.9300496341584 -10.822399558756459 3.8660175694807744
u 4998 0.5134210109377454 0.000707107
x 4998 -138.3144203706427 -11.16278207949394 3.8667246764807746
u 4999 0.5812361376039883 0.00168817
x 4999 -138.74909879550114 -11.548644793921987 3.8684128464807745
u 5000 0.5941206368340454 0.00371789
x 5000 -139.1923449712365 -11.944260456167688 3.8721307364807744
u 5001 0.5300629811050971 0.00443563
x 5001 -139.58635835185072 -12.298830278870144 3.8765663664807746
u 5002 0.6011816117568535 0.00522135
x 5002 -140.03128948403534 -12.703125711479503 3.8817877164807744
u 5003 0.5406051261687883 0.00468019
x 5003 -140.4295836023471 -13.068659792371443 3.8864679064807746
u 5004 0.6155636835870811 0.00532739
x 5004 -140.8810154367794 -13.487141633359109 3.8917952964807747
u 5005 0.5450871432168478 0.00473773
x 5005 -141.2788924920505 -13.859718184989054 3.8965330264807747
u 5006 0.6201668797511076 0.00554452
x 5006 -141.72938729436615 -14.285934569632365 3.9020775464807747
u 5007 0.5560503104114736 0.00488792
x 5007 -142.13130848566252 -14.67018798614421 3.9069654664807745
u 5008 0.622230919189078 0.00566483
x 5008 -142.5787908011672 -15.102541844385696 3.9126302964807746
u 5009 0.5555605894373222 0.00554131
x 5009 -142.9761574375441 -15.490802755437246 3.9181716064807746
u 5010 0.628078844099385 0.0068707
x 5010 -143.42265999466318 -15.932523197624622 3.9250423064807745
u 5011 0.6303025617511819 0.00785035
x 5011 -143.86746821595142 -16.379093377243024 3.9328926564807745
u 5012 0.559187474152363 0.00836767
x 5012 -144.25886435762257 -16.7784652178164 3.9412603264807746
u 5013 0.6257145890663152 0.0115499
x 5013 -144.6923520791793 -17.229688876171895 3.9528102264807745
u 5014 0.5523576331534666 0.0123617
x 5014 -145.0702291453666 -17.632558572910256 3.9651719264807745
u 5015 0.6142396396560744 0.0159219
x 5015 -145.4840615946203 -18.0864584169966 3.9810938264807745
u 5016 0.5417555463657018 0.0159348
x 5016 -145.84263650095616 -18.492558033136515 3.9970286264807746
u 5017 0.6028785591052745 0.0197957
x 5017 -146.2335281410071 -18.951529071174235 4.016824326480775
u 5018 0.531757918165208 0.0190042
x 5018 -146.57038932861732 -19.362968633681405 4.035828526480775
u 5019 0.595439291019967 0.0223394
x 5019 -146.9379860013725 -19.831376459179438 4.058167926480775
u 5020 0.5264176844261759 0.0197657
x 5020 -147.2541838833888 -20.252239211126074 4.077933626480775
u 5021 0.5939031221560503 0.0222643
x 5021 -147.60085973080973 -20.734444774425537 4.100197926480774
u 5022 0.6050695579521251 0.0226829
x 5022 -147.94292452574126 -21.23352908487992 4.122880826480775
u 5023 0.5427778582841022 0.0205283
x 5023 -148.24003125020926 -21.687759259954326 4.143409126480774
u 5024 0.6220060134892209 0.0235549
x 5024 -148.56894903759581 -22.215667094648445 4.166964026480774
u 5025 0.5600249959939363 0.0211613
x 5025 -148.85439242421464 -22.697474489548885 4.188125326480774
u 5026 0.6417682994410274 0.0242538
x 5026 -149.16887747674545 -23.256889820377285 4.212379126480775
u 5027 0.5773174523368578 0.0218541
x 5027 -149.4401052967664 -23.766514825086798 4.234233226480774
u 5028 0.6535305301590444 0.0248073
x 5028 -149.73359501301186 -24.350418958878784 4.259040526480774
u 5029 0.57166443150653 0.0215524
x 5029 -149.97841431637926 -24.866995266011042 4.280592926480774
u 5030 0.6244528370460194 0.022881
x 5030 -150.23323864323459 -25.43707323957097 4.303473926480774
u 5031 0.5502699582938877 0.0193547
x 5031 -150.44713410116216 -25.944060722425878 4.322828626480774
u 5032 0.609657565125877 0.0209306
x 5032 -150.6727520094533 -26.510422212269525 4.343759226480774
u 5033 0.6074894927980977 0.0206728
x 5033 -150.88578049080127 -27.07932396755771 4.364432026480774
u 5034 0.5396485552681044 0.0183555
x 5034 -151.06512257902847 -27.588292337966045 4.382787526480774
u 5035 0.6076697840565405 0.0196108
x 5035 -151.25615446729597 -28.165143748569477 4.402398326480774
u 5036 0.5447177937870673 0.0159394
x 5036 -151.4181792193766 -28.685200642111514 4.4183377264807735
u 5037 0.618984650775138 0.0163256
x 5037 -151.5927371145912 -29.27905502614752 4.4346633264807735
u 5038 0.5578501273195459 0.0143994
x 5038 -151.74181474569158 -29.816611764977132 4.449062726480774
u 5039 0.6295259178945912 0.0159196
x 5039 -151.9008313106481 -30.425716225421773 4.464982326480774
u 5040 0.5635015592126748 0.0140485
x 5040 -152.03498530722266 -30.973010926736585 4.479030826480774
u 5041 0.6353295567576251 0.0157694
x 5041 -152.17702310310955 -31.592252838802914 4.494800226480774
u 5042 0.5600274429220414 0.0140187
x 5042 -152.29408274312252 -32.13990477316473 4.5088189264807745
u 5043 0.6351895167521341 0.0162353
x 5043 -152.41744176343025 -32.76299338009542 4.5250542264807745
u 5044 0.6315161322509584 0.015943
x 5044 -152.53010499237138 -33.38437182735459 4.5409972264807745
u 5045 0.5571092156079203 0.012774
x 5045 -152.6216134699581 -33.93391041223414 4.553771226480775
u 5046 0.6143441730930187 0.0108647
x 5046 -152.71535394584765 -34.54105765435233 4.564635926480775
u 5047 0.5400935301270627 0.00660319
x 5047 -152.79310006483462 -35.07552514856556 4.571239116480775
u 5048 0.6028383020777628 0.0061047
x 5048 -152.87608604842225 -35.67262331164923 4.5773438164807745
u 5049 0.5320891616166871 0.00450581
x 5049 -152.946535834225 -36.20002754427642 4.581849626480775
u 5050 0.5965446758449338 0.00301313
x 5050 -153.02329621071968 -36.79161280916978 4.584862756480775
u 5051 0.5331252001559117 0.00197572
x 5051 -153.09057710455136 -37.32047542640793 4.586838476480775
u 5052 0.6063293097073476 0.00226044
x 5052 -153.16582226453087 -37.92211754691732 4.589098916480775
u 5053 0.5459201921775826 0.00194035
x 5053 -153.23243275482005 -38.463958672437634 4.591039266480775
u 5054 0.6114892409710968 0.00191236
x 5054 -153.30587437593027 -39.07102152433739 4.592951626480775
u 5055 0.617344200411374 0.00182908
x 5055 -153.37887254810798 -39.68403459303002 4.594780706480775
u 5056 0.5570931548482216 0.00171638
x 5056 -153.44376555634355 -40.23733523867437 4.596497086480776
u 5057 0.6287262355456319 0.00188145
x 5057 -153.51587930045437 -40.861912031843936 4.598378536480776
u 5058 0.561131093480761 0.00118951
x 5058 -153.57938401686334 -41.419438011452144 4.599568046480775
u 5059 0.6353550451629337 0.000870172
x 5059 -153.65063871074977 -42.050784807231736 4.600438218480775
u 5060 0.5681160295514148 0.000646613
x 5060 -153.71392443446163 -42.61536494234256 4.601084831480775
u 5061 0.645707004691313 0.000215902
x 5061 -153.7855767263349 -43.2570841047156 4.601300733480775
u 5062 0.5830720018571478 0.000210426
x 5062 -153.85015506413106 -43.83656887274831 4.601511159480775
u 5063 0.658608006741684 0.000319426
x 5063 -153.92292600617915 -44.49114422582022 4.601830585480775
u 5064 0.5954350032390016 0.000255754
x 5064 -153.9885466389523 -45.08295228060239 4.602086339480775
u 5065 0.6721990006211488 3.37442e-05
x 5065 -154.06253043255413 -45.75106746129055 4.6021200836807745
u 5066 0.6714150082378193 -0.000349873
x 5066 -154.1365334188822 -46.418391720330746 4.601770210680774
u 5067 0.5980260033786198 -0.000228477
x 5067 -154.20261938814397 -47.01275502995613 4.601541733680774
u 5068 0.6778230062090632 -0.000352846
x 5068 -154.27771927974942 -47.68640481230664 4.601188887680774
u 5069 0.6052040153345524 -0.000517522
x 5069 -154.34503504438482 -48.287853463343254 4.600671365680774
u 5070 0.681727009130146 -0.00040717
x 5070 -154.4211755554654 -48.9653151457496 4.600264195680774
u 5071 0.6101630116150052 -0.000480961
x 5071 -154.48959249954757 -49.571630257988154 4.599783234680774
u 5072 0.6923670286060325 -0.000682934
x 5072 -154.56762726095164 -50.25958567782453 4.599100300680774
u 5073 0.615459031244586 -0.000651299
x 5073 -154.63740188734488 -50.87107673030412 4.598449001680773
u 5074 0.700856021294518 -0.00054405
x 5074 -154.71727414485926 -51.56736659304013 4.597904951680773
u 5075 0.6273910140760784 -0.000524734
x 5075 -154.78910712480806 -52.190631784193215 4.597380217680773
u 5076 0.7021030458865978 -0.000850379
x 5076 -154.86997378089546 -52.8880622404184 4.596529838680773
u 5077 0.7014980663862982 -0.000997229
x 5077 -154.9514144551924 -53.58481679758515 4.595532609680773
u 5078 0.6231910429395797 -0.000859234
x 5078 -155.02433857051093 -54.20372642387269 4.594673375680773
u 5079 0.696699117020436 -0.00147193
x 5079 -155.1066708205876 -54.895543576463055 4.593201445680773
u 5080 0.6140262816381028 -0.00253544
x 5080 -155.1804547627967 -55.50512048091287 4.590666005680773
u 5081 0.6863822612196182 -0.00466386
x 5081 -155.26538553781913 -56.186227313945054 4.586002145680773
u 5082 0.6039476112976258 -0.00541419
x 5082 -155.34313504007181 -56.785148712025745 4.580587955680773
u 5083 0.6776197617264692 -0.00645936
x 5083 -155.43435655272427 -57.456599068053954 4.574128595680773
u 5084 0.6005709879170469 -0.00596368
x 5084 -155.51890065362565 -58.05118862189391 4.568164915680773
u 5085 0.6706233369309668 -0.00722898
x 5085 -155.61768366545598 -58.71449520114969 4.5609359356807735
u 5086 0.5975905230264116 -0.00664041
x 5086 -155.7098056987657 -59.304941347672575 4.554295525680773
u 5087 0.6694546900415013 -0.0074684
x 5087 -155.81766949409226 -59.96564771252056 4.546827125680774
u 5088 0.6679726710586931 -0.00747206
x 5088 -155.93021615688332 -60.62406905332742 4.539355065680774
u 5089 0.592540572269446 -0.00679636
x 5089 -156.03421759968094 -61.207410015552355 4.532558705680774
u 5090 0.6574059008826922 -0.00774869
x 5090 -156.15430767528653 -61.85375259486182 4.5248100156807745
u 5091 0.5777486007572252 -0.00679244
x 5091 -156.26397364738466 -62.42099640212956 4.5180175756807746
u 5092 0.6413415300445248 -0.00747262
x 5092 -156.39019860895232 -63.04979231753829 4.510544955680775
u 5093 0.5600963434524888 -0.00665937
x 5093 -156.50431087521017 -63.59813996757511 4.5038855856807745
u 5094 0.624020499874484 -0.00755236
x 5094 -156.63578472475788 -64.208151738164 4.496333225680774
u 5095 0.546377261575006 -0.00654201
x 5095 -156.75466121240004 -64.7414391165593 4.489791215680774
u 5096 0.6123143087736572 -0.00738295
x 5096 -156.89204152643558 -65.33814152060798 4.482408265680774
u 5097 0.547277298568601 -0.00665548
x 5097 -157.01857049148333 -65.87059035096493 4.475752785680774
u 5098 0.6106195480940322 -0.00766576
x 5098 -157.16399420639397 -66.46363870463148 4.468087025680774
u 5099 0.6140386120536904 -0.00770848
x 5099 -157.31481218784572 -67.05886596085648 4.460378545680774
u 5100 0.5485544974950893 -0.0069212
x 5100 -157.4534322819669 -67.58961571828819 4.453457345680774
u 5101 0.6179397011191613 -0.0077665
x 5101 -157.6139724930601 -68.1863354141775 4.445690845680774
u 5102 0.5565404584761946 -0.00679623
x 5102 -157.76247066882271 -68.72269758801151 4.438894615680774
u 5103 0.6292397719502381 -0.00782368
x 5103 -157.93479505440706 -69.32787935996477 4.431070935680774
u 5104 0.5633666185714081 -0.00689834
x 5104 -158.09306360556988 -69.86855648545499 4.424172595680774
u 5105 0.6397479137057599 -0.00632598
x 5105 -158.27684606856428 -70.48133706161231 4.417846615680774
u 5106 0.569623747315836 -0.00320921
x 5106 -158.44308332931857 -71.02616373879034 4.414637405680774
u 5107 0.6479350527943984 -9.73126e-05
x 5107 -158.63319911956228 -71.64557944622065 4.414540093080774
u 5108 0.5753231441825241 0.00169465
x 5108 -158.80156992916602 -72.19571389477973 4.416234743080774
u 5109 0.6461142487207318 0.00204949
x 5109 -158.98950110713068 -72.81389295348549 4.418284233080774
u 5110 0.5811123844869962 0.00282303
x 5110 -159.15717054572423 -73.37029059770819 4.421107263080774
u 5111 0.6530750546998133 0.00407159
x 5111 -159.34344672333418 -73.99623598151774 4.425178853080774
u 5112 0.6531440962147805 0.00416185
x 5112 -159.52716390229207 -74.62300914049871 4.429340703080774
u 5113 0.5873958740772321 0.0039531
x 5113 -159.6900988821003 -75.18735447441912 4.433293803080774
u 5114 0.6605284609437942 0.00479415
x 5114 -159.87054242983174 -75.82275760483975 4.438087953080775
u 5115 0.5924692515330465 0.00478879
x 5115 -160.02966086040436 -76.39345933801653 4.442876743080775
u 5116 0.6752907551455151 0.00669906
x 5116 -160.20728307334588 -77.04497008086739 4.449575803080775
u 5117 0.602359682620109 0.006772
x 5117 -160.36180426402177 -77.62717193781917 4.456347803080774
u 5118 0.6801491261495209 0.00790087
x 5118 -160.53145285018152 -78.28582190902604 4.464248673080775
u 5119 0.6144170200511578 0.00706428
x 5119 -160.6802497043411 -78.8819479030832 4.4713129530807745
u 5120 0.6917239783055956 0.00755676
x 5120 -160.84285762093583 -79.55428595099254 4.478869713080774
u 5121 0.7031440457779422 0.00765967
x 5121 -161.0029456368445 -80.23896175675553 4.486529383080774
u 5122 0.6254947359586663 0.00671562
x 5122 -161.1409735669637 -80.84903592012557 4.493245003080774
u 5123 0.7116913412657484 0.00657662
x 5123 -161.29340570430358 -81.5442101307612 4.4998216230807735
u 5124 0.6355050031596045 0.00366347
x 5124 -161.4263401246807 -82.16565570136942 4.503485093080774
u 5125 0.7275080078745254 0.00402654
x 5125 -161.5757831360985 -82.87764865974344 4.507511633080774
u 5126 0.6465039623443465 0.00385975
x 5126 -161.70609057248456 -83.51088386600942 4.511371383080774
u 5127 0.7314341994377515 0.00400094
x 5127 -161.85069937244765 -84.22788007898232 4.515372323080774
u 5128 0.6531017472220295 0.00345758
x 5128 -161.97743301008555 -84.86856725099247 4.518829903080774
u 5129 0.7242439639528172 0.00362485
x 5129 -162.11545487767413 -85.5795375098994 4.5224547530807735
u 5130 0.6525795657431053 0.00276926
x 5130 -162.23777069483955 -86.22055128381042 4.5252240130807735
u 5131 0.7287100338921253 -0.000232
x 5131 -162.37344783011355 -86.93651917839446 4.524992013080774
u 5132 0.6565616307755505 -0.0036699
x 5132 -162.49695000987413 -87.58136016870723 4.521322113080774
u 5133 0.7409933389189755 -0.00742831
x 5133 -162.64037020260955 -88.30833970888716 4.513893803080774
u 5134 0.7382090263520272 -0.0110891
x 5134 -162.78995044325632 -89.03123163296827 4.502804703080773
u 5135 0.6603803957449077 -0.0116189
x 5135 -162.931094120962 -89.67634853961525 4.491185803080773
u 5136 0.742113379828557 -0.0137356
x 5136 -163.09888380295448 -90.39923873352781 4.477450203080773
u 5137 0.6577916783182092 -0.013077
x 5137 -163.25618520940478 -91.03794053680672 4.464373203080773
u 5138 0.7383939077049997 -0.0147353
x 5138 -163.44271394634947 -91.75237928711447 4.449637903080773
u 5139 0.6608078482712456 -0.0130024
x 5139 -163.61849468542528 -92.38937378641847 4.4366355030807725
u 5140 0.7463586534377885 -0.0146383
x 5140 -163.82695624792518 -93.10602228430452 4.421997203080773
u 5141 0.6630582011721493 -0.0132854
x 5141 -164.02102256683722 -93.74003961491401 4.408711803080773
u 5142 0.7511506335332274 -0.0148213
x 5142 -164.2509434875339 -94.45512934065805 4.3938905030807724
u 5143 0.6709773528800572 -0.0125999
x 5143 -164.4650628602467 -95.09102048397324 4.381290603080773
u 5144 0.7565560200236258 -0.0135499
x 5144 -164.7158451971897 -95.8047966909224 4.367740703080773
u 5145 0.757036620286793 -0.0122702
x 5145 -164.97598677338135 -96.5157282026604 4.355470503080773
u 5146 0.6804844168829249 -0.0104744
x 5146 -165.21707511100124 -97.1520702659129 4.344996103080773
u 5147 0.7641520045779563 -0.0106966
x 5147 -165.4953548247692 -97.86374654021499 4.334299503080773
u 5148 0.6770534820316587 -0.00914979
x 5148 -165.7481612839915 -98.49182863170707 4.325149713080773
u 5149 0.7530798084395657 -0.00839499
x 5149 -166.03547311180543 -99.18794484380274 4.316754723080773
u 5150 0.668647776220234 -0.00463912
x 5150 -166.2945958707364 -99.80434117946213 4.312115603080772
u 5151 0.744247351328348 -0.00185114
x 5151 -166.58524106558212 -100.48949031103838 4.310264463080772
u 5152 0.660497088809792 -0.00108844
x 5152 -166.84407336432818 -101.09715979553036 4.309176023080772
u 5153 0.7401340562270432 -0.000774279
x 5153 -167.13474747823872 -101.777826346289 4.308401744080772
u 5154 0.6573230017985738 -7.3786e-05
x 5154 -167.39315537978365 -102.38222595326613 4.308327958080772
u 5155 0.7376180094778845 0.000457352
x 5155 -167.68299890631667 -103.06051132724127 4.308785310080772
u 5156 0.7378740926943166 0.0014436
x 5156 -167.97229798828306 -103.73930741097297 4.310228910080772
u 5157 0.656492271174995 0.00207782
x 5157 -168.22862584468876 -104.34368972134051 4.312306730080772
u 5158 0.7319313149223613 0.00206011
x 5158 -168.5130141800668 -105.01811283407852 4.314366840080773
u 5159 0.6356152075505597 0.00186211
x 5159 -168.75883032408342 -105.60427066152002 4.316228950080773
u 5160 0.688660339445363 0.0022265
x 5160 -169.02386214199333 -106.2398892599754 4.318455450080773
u 5161 0.5971412095250619 0.00185114
x 5161 -169.25254855027504 -106.79150511268098 4.320306590080773
u 5162 0.644034228791569 0.00190769
x 5162 -169.49807495377772 -107.38690140696451 4.3222142800807735
u 5163 0.5497771656507953 0.00182322
x 5163 -169.706719063369 -107.89554910790896 4.324037500080774
u 5164 0.5978942804841545 0.00219306
x 5164 -169.93251263595863 -108.4491687335893 4.326230560080774
u 5165 0.5118461781350672 0.00187973
x 5165 -170.12484478973812 -108.92350487553124 4.328110290080773
u 5166 0.5533922247813761 0.00203836
x 5166 -170.33178327813482 -109.43674878483196 4.3301486500807735
u 5167 0.5426362509396692 0.00216183
x 5167 -170.53364225712124 -109.94044208313828 4.332310480080774
u 5168 0.48076516290559385 0.00186303
x 5168 -170.71158696132326 -110.38706357529531 4.334173510080774
u 5169 0.5422042618738319 0.00224179
x 5169 -170.9112377754005 -110.89117159041793 4.336415300080774
u 5170 0.48894322391763634 0.00224208
x 5170 -171.09025716360105 -111.34616327684348 4.338657380080774
u 5171 0.5642014914560376 0.00328363
x 5171 -171.29537986105532 -111.87175600503801 4.341941010080775
u 5172 0.5145549725113615 0.00479523
x 5172 -171.4805150390784 -112.35185107713569 4.346736240080775
u 5173 0.5860759250931192 0.00740893
x 5173 -171.6880422609229 -112.89995313966452 4.354145170080775
u 5174 0.5299318063577962 0.00750928
x 5174 -171.8719871693313 -113.39693469910428 4.361654450080775
u 5175 0.6027794156532494 0.00862404
x 5175 -172.0766512585421 -113.96390328958073 4.370278490080775
u 5176 0.5429921939855641 0.00782223
x 5176 -172.256809639053 -114.47613563655801 4.378100720080775
u 5177 0.6160134483509931 0.00851621
x 5177 -172.45644147277858 -115.05890266209609 4.386616930080775
u 5178 0.6245877395919395 0.00876776
x 5178 -172.65373808782624 -115.65150825694775 4.395384690080775
u 5179 0.5615091499541712 0.0075284
x 5179 -172.82676261158574 -116.18569319731493 4.402913090080775
u 5180 0.6313014841838313 0.00721852
x 5180 -173.01685950923937 -116.78769236913337 4.410131610080775
u 5181 0.5658149541293899 0.00605653
x 5181 -173.1836522545969 -117.32836395502535 4.416188140080775
u 5182 0.6441848564406469 0.00664924
x 5182 -173.36963269176414 -117.94511664236782 4.422837380080775
u 5183 0.5740518641400814 0.00586265
x 5183 -173.5319238085997 -118.49574918068814 4.428700030080775
u 5184 0.6501638650371324 0.00673093
x 5184 -173.7118020439247 -119.12053336416761 4.435430960080775
u 5185 0.5846354805366875 0.006811
x 5185 -173.86974309619993 -119.68342940055616 4.442241960080775
u 5186 0.6586063470498975 0.00810607
x 5186 -174.04293297963957 -120.31885461999785 4.450348030080775
u 5187 0.5863407630584816 0.00710827
x 5187 -174.1928118771645 -120.8857147075937 4.457456300080775
u 5188 0.6656910664024334 0.0089935
x 5188 -174.35778708443829 -121.5306370207246 4.466449800080775
u 5189 0.6684607686722297 0.00939295
x 5189 -174.51748814503532 -122.17973800301532 4.4758427500807745
u 5190 0.6057312406993948 0.00861462
x 5190 -174.6569009456745 -122.76920567634171 4.484457370080775
u 5191 0.6889766694538645 0.0110832
x 5191 -174.80886182843432 -123.44121154094177 4.495540570080775
u 5192 0.6177015487518547 0.0113885
x 5192 -174.9383243101369 -124.04519046877749 4.5069290700807745
u 5193 0.7079885414875609 0.0133897
x 5193 -175.0781218736287 -124.73923436317655 4.520318770080775
u 5194 0.6265625279313793 0.0120175
x 5194 -175.19402883879687 -125.35497899542148 4.5323362700807746
u 5195 0.6932291992914772 0.0147351
x 5195 -175.31314407910298 -126.03789157193411 4.547071370080775
u 5196 0.6090986424625162 0.0143466
x 5196 -175.40906773228056 -126.63938425319778 4.561417970080774
u 5197 0.6782183450830934 0.0170485
x 5197 -175.50535018337646 -127.31072520396154 4.578466470080774
u 5198 0.5903676566096313 0.0150086
x 5198 -175.57978407351152 -127.89637614395195 4.593475070080774
u 5199 0.6607302499869309 0.018697
x 5199 -175.6520314474059 -128.55313489919672 4.612172070080774
u 5200 0.6559351003883689 0.0221269
x 5200 -175.7104317024032 -129.20645160049858 4.634298970080774
u 5201 0.5716664948022279 0.020905
x 5201 -175.74906762222093 -129.77680056873987 4.655203970080774
u 5202 0.6376494129926534 0.0246743
x 5202 -175.7776545233816 -130.4137926681152 4.679878270080774
u 5203 0.5626063054555024 0.0239129
x 5203 -175.78921739009485 -130.97626673167335 4.703791170080774
u 5204 0.6261588467476045 0.0309806
x 5204 -175.78490180345867 -131.60238566502164 4.7347717700807745
u 5205 0.5421194391394133 0.0300588
x 5205 -175.76462542252912 -132.14410535899154 4.7648305700807745
u 5206 0.5943681014597975 0.0365299
x 5206 -175.72263705404708 -132.7369553684349 4.801360470080774
u 5207 0.5310329889765164 0.0342967
x 5207 -175.66639238493676 -133.2649751898953 4.835657170080774
u 5208 0.5948740437585261 0.0371975
x 5208 -175.58228707449888 -133.85383903084733 4.872854670080774
u 5209 0.5258606532985042 0.0320288
x 5209 -175.48996806895968 -134.37150976504074 4.904883470080774
u 5210 0.6023895048635911 0.0367034
x 5210 -175.3639025971976 -134.96052578986576 4.941586870080775
u 5211 0.6157582491496237 0.0374246
x 5211 -175.2128175314844 -135.5574238316408 4.979011470080774
u 5212 0.5526083603685449 0.0334851
x 5212 -175.05832204600526 -136.08796941155197 5.012496570080774
u 5213 0.6307024963675743 0.0382747
x 5213 -174.8603883131833 -136.6867676390704 5.050771270080774
u 5214 0.5671043715229782 0.0343919
x 5214 -174.66297058513769 -137.21837079017342 5.085163170080774
u 5215 0.6478245816422837 0.0387431
x 5215 -174.41540555445306 -137.81698230965608 5.123906270080774
u 5216 0.5815823327945748 0.0339756
x 5216 -174.1737630211403 -138.34595712977534 5.157881870080773
u 5217 0.6496585885943785 0.0340082
x 5217 -173.8839096215557 -138.9273353305616 5.191890070080773
u 5218 0.581215147322246 0.0256897
x 5218 -173.60917997813647 -139.43950336198426 5.217579770080773
u 5219 0.6728979421270724 0.027585
x 5219 -173.2754348221835 -140.02377821181594 5.245164770080773
u 5220 0.5974157258055239 0.0216947
x 5220 -172.96643344736822 -140.53506062065756 5.266859470080774
u 5221 0.6791864156526206 0.0202742
x 5221 -172.60301765016519 -141.10882655270723 5.287133670080774
u 5222 0.7015107047316456 0.0191485
x 5222 -172.21604819772952 -141.69393925558435 5.306282170080774
u 5223 0.6336934628239449 0.0168628
x 5223 -171.85702739194323 -142.21610967826226 5.323144970080774
u 5224 0.7273237693372195 0.0187213
x 5224 -171.4343638389879 -142.80800488519677 5.341866270080774
u 5225 0.6523153577260932 0.0147585
x 5225 -171.0464542428721 -143.3324414854137 5.356624770080774
u 5226 0.7429430433893182 0.0152602
x 5226 -170.59573679849203 -143.9230407062364 5.3718849700807745
u 5227 0.6700750045247938 0.0134669
x 5227 -170.18161606405778 -144.4498212518573 5.3853518700807745
u 5228 0.7591438358681981 0.0138641
x 5228 -169.70433755696027 -145.04015620696885 5.399215970080775
u 5229 0.6827403876358055 0.0119624
x 5229 -169.26827354734195 -145.56549139314654 5.4111783700807745
u 5230 0.7733963373218314 0.0137994
x 5230 -168.7666847630873 -146.15416880435458 5.424977770080774
u 5231 0.6962079603468551 0.0121626
x 5231 -168.30831522907786 -146.6781887650539 5.437140370080774
u 5232 0.7860762602525371 0.0136124
x 5232 -167.783197151065 -147.26313094135566 5.450752770080775
u 5233 0.790535778545232 0.0136399
x 5233 -167.2471335690858 -147.84414123745992 5.464392670080775
u 5234 0.694260451366463 0.010248
x 5234 -166.77029213154697 -148.34873572757022 5.474640670080775
u 5235 0.7766709410208013 0.0103176
x 5235 -166.23107218362418 -148.90771179791568 5.484958270080774
u 5236 0.6928818911061568 0.0103798
x 5236 -165.74488979107076 -149.40137938428677 5.495338070080774
u 5237 0.7778060930809159 0.0124623
x 5237 -165.19282522770166 -149.94928376136104 5.5078003700807745
u 5238 0.6899338265892647 0.00974553
x 5238 -164.69776238607116 -150.42982273012038 5.5175459000807745
u 5239 0.7708692410487582 0.00982207
x 5239 -164.13939780860923 -150.9612957850397 5.527367970080775
u 5240 0.6893753874049089 0.00901041
x 5240 -163.63560822685275 -151.43186062307745 5.536378380080775
u 5241 0.7809387977836801 0.010093
x 5241 -163.05983981687572 -151.95945039438993 5.546471380080775
u 5242 0.6980856366981032 0.00944006
x 5242 -162.54057545442336 -152.426017066031 5.555911440080775
u 5243 0.784499335251146 0.0134842
x 5243 -161.95106398532528 -152.94361353988964 5.569395640080775
u 5244 0.7857978113991922 0.0197433
x 5244 -161.3520504030807 -153.45218100965644 5.589138940080775
u 5245 0.6799096904413362 0.023826
x 5245 -160.82429692463379 -153.88082023421552 5.612964940080775
u 5246 0.7257628683643318 0.0290165
x 5246 -160.2490673425816 -154.32331962735717 5.641981440080775
u 5247 0.6129815526323545 0.0246605
x 5247 -159.75336748496824 -154.68388722602216 5.666641940080775
u 5248 0.6573188813577198 0.0265504
x 5248 -159.21209057626862 -155.05679745548568 5.693192340080775
u 5249 0.5712627502891622 0.0229729
x 5249 -158.73379411501853 -155.3691422536698 5.716165240080775
u 5250 0.6441531241549106 0.0260973
x 5250 -158.18599479242613 -155.708001516802 5.742262540080775
u 5251 0.5864172130916522 0.0240969
x 5251 -157.67970873214537 -156.0038780674977 5.766359440080775
u 5252 0.6681162173377492 0.0284322
x 5252 -157.09423924669133 -156.32570828915212 5.794791640080775
u 5253 0.6147206880521138 0.0276022
x 5253 -156.54747547197334 -156.6066120232697 5.822393840080775
u 5254 0.7013986556974927 0.0339546
x 5254 -155.91405840931586 -156.90776918338983 5.856348440080775
u 5255 0.7045957784654688 0.0394748
x 5255 -155.2670890374589 -157.18673401822434 5.895823240080775
u 5256 0.6207964373671615 0.0395167
x 5256 -154.68780495764764 -157.4098214971628 5.935339940080775
u 5257 0.6983668675968312 0.050132
x 5257 -154.02557288341293 -157.63132279606126 5.9854719400807745
u 5258 0.6208022988561576 0.0479857
x 5258 -153.42793924852296 -157.79911906102848 6.0334576400807745
u 5259 0.6917903474021663 0.0544745
x 5259 -152.75328430705426 -157.9517501857486 6.087932140080775
u 5260 0.6013853922288518 0.0477409
x 5260 -152.16076554799113 -158.05430370072906 6.135673040080775
u 5261 0.6714005128060672 0.0529422
x 5261 -151.4943551997835 -158.13536304006195 6.188615240080775
u 5262 0.6013960496029966 0.0471038
x 5262 -150.89453056400285 -158.17803324727683 6.235719040080776
u 5263 0.6595034193074665 0.0515566
x 5263 -150.23525526592113 -158.1923338304995 6.287275640080775
u 5264 0.5936225324695904 0.0459563
x 5264 -149.64190241241965 -158.1762687450943 6.3332319400807755
u 5265 0.6870147636340067 0.0520735
x 5265 -148.95695253991795 -158.1240546525299 6.385305440080775
u 5266 0.6937193443785462 0.0511594
x 5266 -148.26895687365354 -158.03571701684587 6.436464840080776
u 5267 0.632434178498158 0.044464
x 5267 -147.64628985771188 -157.92529562124264 6.480928840080775
u 5268 0.7187600658503226 0.0471096
x 5268 -146.94512282569028 -157.7675449062379 6.528038440080775
u 5269 0.6505863894707297 0.0391339
x 5269 -146.31718814175667 -157.59752529538292 6.567172340080775
u 5270 0.7443142122100652 0.0424347
x 5270 -145.60732525897333 -157.3738844983521 6.609607040080776
u 5271 0.670282049258937 0.0351921
x 5271 -144.97634948612972 -157.1478286801925 6.644799140080775
u 5272 0.7694961150036367 0.0372687
x 5272 -144.26185786731256 -156.86224600458777 6.682067840080776
u 5273 0.6998480770761882 0.0312603
x 5273 -143.62130412119768 -156.58039791545073 6.713328140080775
u 5274 0.8057151726488773 0.0310527
x 5274 -142.89431847583117 -156.2330988406164 6.744380840080775
u 5275 0.7307833164114632 0.0226311
x 5275 -142.2436222572834 -155.9005091627915 6.767011940080775
u 5276 0.8296724911104628 0.0197239
x 5276 -141.5130320397975 -155.50735262801365 6.786735840080775
u 5277 0.8316639259159075 0.0145495
x 5277 -140.78754362684276 -155.10075793178953 6.801285340080775
u 5278 0.7249282506443311 0.00647325
x 5278 -140.15892011389857 -154.739715534716 6.807758590080775
u 5279 0.7983421531624197 0.000543656
x 5279 -139.46803357471424 -154.33968307629422 6.808302246080775
u 5280 0.6918864009857618 -0.00326212
x 5280 -138.8688035885959 -153.993807678072 6.805040126080775
u 5281 0.7570052412020029 -0.00971862
x 5281 -138.21073536589802 -153.6196437581306 6.795321506080775
u 5282 0.6658799010191027 -0.0147633
x 5282 -137.62790051012348 -153.29763208106337 6.780558206080775
u 5283 0.75185721850156 -0.0236118
x 5283 -136.96296556278347 -152.94674102944796 6.7569464060807745
u 5284 0.671874436701272 -0.0243814
x 5284 -136.36141485237675 -152.64752598995085 6.732565006080774
u 5285 0.7683653997460469 -0.0284827
x 5285 -135.66467564566528 -152.3236433673442 6.704082306080775
u 5286 0.6905547832697186 -0.0257545
x 5286 -135.03082714787485 -152.04964403779604 6.678327806080775
u 5287 0.7877898162476842 -0.0295262
x 5287 -134.2993720917376 -151.7571697493411 6.648801606080775
u 5288 0.7994047692316077 -0.0298148
x 5288 -133.54865537897587 -151.48253350813087 6.618986806080775
u 5289 0.7186402378109369 -0.0264332
x 5289 -132.86710307595197 -151.25471739851795 6.5925536060807755
u 5290 0.8160208203385254 -0.0300136
x 5290 -132.0862105925926 -151.01797508476622 6.562540006080775
u 5291 0.7209364518755762 -0.0273036
x 5291 -131.39059473011878 -150.82867201698292 6.5352364060807755
u 5292 0.8049993242990271 -0.0321805
x 5292 -130.60793557611808 -150.64048955478117 6.5030559060807756
u 5293 0.7186311985234697 -0.03033
x 5293 -129.90433573940433 -150.49441258406299 6.472725906080775
u 5294 0.8095314106516746 -0.0352921
x 5294 -129.10677621149358 -150.35595000289464 6.437433806080775
u 5295 0.7355922485930978 -0.0320164
x 5295 -128.3782326176761 -150.2545894148171 6.405417406080775
u 5296 0.8346705586752237 -0.0353057
x 5296 -127.5481653340519 -150.16746374402297 6.370111706080775
u 5297 0.7514620669004234 -0.0293095
x 5297 -126.79869175516669 -150.11320354929904 6.340802206080775
u 5298 0.8605475730046829 -0.0285286
x 5298 -125.93898188757241 -150.07590952525234 6.312273606080775
u 5299 0.8773921124582629 -0.0206583
x 5299 -125.06175974907714 -150.0594516539522 6.291615306080775
u 5300 0.7903147521921733 -0.0119589
x 5300 -124.27145207931852 -150.05751496248374 6.279656406080775
u 5301 0.9004926533961046 -0.00650359
x 5301 -123.37098171415296 -150.06362087195504 6.273152816080775
u 5302 0.812824027066447 0.000132405
x 5302 -122.55819805499765 -150.0717215766786 6.273285221080775
u 5303 0.9257831968079682 0.00146382
x 5303 -121.63245384913267 -150.08020920039206 6.274749041080774
u 5304 0.8313332269959804 0.00177514
x 5304 -120.80114441702511 -150.08648462185664 6.276524181080775
u 5305 0.9516925232375033 0.00246258
x 5305 -119.84946616365475 -150.0916521295761 6.278986761080775
u 5306 0.8591383732432719 0.00202343
x 5306 -118.99033229962966 -150.09439005336068 6.281010191080775
u 5307 0.9768631573785993 0.00119021
x 5307 -118.01347041924791 -150.0959335072581 6.282200401080775
u 5308 0.8784780817512865 0.000865568
x 5308 -117.13499249881713 -150.09641853438052 6.283065969080775
u 5309 0.9992290506096051 0.000770084
x 5309 -116.13576350817009 -150.0961530353334 6.283836053080775
u 5310 1.0063501005959117 0.00106045
x 5310 -115.1294141565026 -150.09496456548013 6.284896503080775
u 5311 0.8781770866935806 0.00111771
x 5311 -114.2512393782007 -150.09297106060902 6.286014213080775
u 5312 0.940359129394068 0.00117652
x 5312 -113.310885793334 -150.08975770389623 6.287190733080775
u 5313 0.7968070794300409 0.00112022
x 5313 -112.51408705992247 -150.08611986539688 6.288310953080774
u 5314 0.8458241553240449 0.00137545
x 5314 -111.66827726366378 -150.0812028039481 6.289686403080775
u 5315 0.7219350978620296 0.00123543
x 5315 -110.94636050455644 -150.07606352823817 6.290921833080775
u 5316 0.8025563085769486 0.002196
x 5316 -110.1438356763281 -150.06897341739753 6.293117833080775
u 5317 0.7200834870185715 0.00269324
x 5317 -109.42379821063969 -150.0608516653507 6.295811073080775
u 5318 0.8180938231090917 0.00317318
x 5318 -108.60578735315134 -150.04922502107644 6.298984253080775
u 5319 0.7349485576227485 0.0027857
x 5319 -107.87094764036215 -150.03659056195173 6.3017699530807745
u 5320 0.8444439282915428 0.00345332
x 5320 -107.02667831290476 -150.01943999082937 6.305223273080775
u 5321 0.853999189660161 0.00369726
x 5321 -106.17292323086583 -149.99904280870211 6.308920533080775
u 5322 0.774434650509785 0.0028294
x 5322 -105.39877424609581 -149.97801955533245 6.311749933080775
u 5323 0.8913217599576737 0.00284055
x 5323 -104.50785344679115 -149.9512973743877 6.314590483080775
u 5324 0.8207163918132925 0.00208173
x 5324 -103.6875691679692 -149.92467305359207 6.316672213080775
u 5325 0.9718433315339101 0.00172333
x 5325 -102.71629920246082 -149.89129819179388 6.318395543080775
u 5326 0.9038571303800504 0.00116488
x 5326 -101.81302103409989 -149.85895363551288 6.319560423080775
u 5327 1.0733501123662004 0.000969798
x 5327 -100.74040004052132 -149.81939889425928 6.320530221080775
u 5328 1.0049000924408966 0.00109542
x 5328 -99.7362213553413 -149.78132970670814 6.321625641080775
u 5329 1.191520440592023 0.00201103
x 5329 -98.54562798319097 -149.73434136702525 6.323636671080775
u 5330 1.1021904013356223 0.00192431
x 5330 -97.44438278879522 -149.688708837563 6.325560981080775
u 5331 1.277690973261986 0.00313727
x 5331 -96.16792581647391 -149.6325796830404 6.328698251080775
u 5332 1.3138321228013754 0.00397087
x 5332 -94.85557634295417 -149.57019829063563 6.332669121080775
u 5333 1.1951718065930625 0.00422975
x 5333 -93.66199610061432 -149.50855639968918 6.336898871080775
u 5334 1.364515035524131 0.00641963
x 5334 -92.29969350679349 -149.4309256666387 6.343318501080775
u 5335 1.2283050194935994 0.00694231
x 5335 -91.07387467352154 -149.35285294806772 6.3502608110807754
u 5336 1.411204490467494 0.0101167
x 5336 -89.6663460488979 -149.2511460190285 6.360377511080776
u 5337 1.2607660956730475 0.00682575
x 5337 -88.40967588705654 -149.14963207478033 6.367203261080776
u 5338 1.4387201900822508 0.00867277
x 5338 -86.97657221292565 -149.02268062665397 6.375876031080776
u 5339 1.2945960645920658 0.0065682
x 5339 -85.68793625959249 -148.8986228783105 6.382444231080776
u 5340 1.4694256523317162 0.00625192
x 5340 -84.2262080103123 -148.74843885787877 6.388696151080777
u 5341 1.3022924450967286 0.00371047
x 5341 -82.93141517197458 -148.6088853822274 6.392406621080776
u 5342 1.4229000263643907 0.000179877
x 5342 -81.51700776653817 -148.45365596809128 6.392586498080776
u 5343 1.3794100072370397 6.88888e-05
x 5343 -80.14584953553398 -148.30300049063842 6.392655386880777
u 5344 1.1731102228301198 -0.00144029
x 5344 -78.9796695018976 -148.17567615614274 6.391215096880777
u 5345 1.2638902104582765 -0.00139703
x 5345 -77.72305241671158 -148.04028152735606 6.389818066880777
u 5346 1.074380247430337 -0.00157293
x 5346 -76.65468503893939 -147.92677459279466 6.388245136880777
u 5347 1.1592102999265728 -0.00156065
x 5347 -75.50177189770376 -147.80611169261923 6.386684486880777
u 5348 0.9768831691196914 -0.0013796
x 5348 -74.53004697435743 -147.7058557795913 6.385304886880777
u 5349 1.0282703609951456 -0.00189368
x 5349 -73.50703492699644 -147.60200025357014 6.383411206880777
u 5350 0.8678781658555706 -0.00140221
x 5350 -72.6434515319412 -147.5157673877911 6.382008996880777
u 5351 0.9251173143558453 -0.00200733
x 5351 -71.72275695541782 -147.42541665616417 6.380001666880777
u 5352 0.7883213777900089 -0.00225854
x 5352 -70.9380419344338 -147.3500995508412 6.377743126880778
u 5353 0.8592804989555274 -0.00233233
x 5353 -70.08250622926136 -147.2699665467151 6.375410796880778
u 5354 0.8402201183851721 -0.000806655
x 5354 -69.24582572348466 -147.19292408886568 6.374604141880778
u 5355 0.7274390002721179 4.15435e-05
x 5355 -68.52142573697053 -147.12650000753047 6.374645685380778
u 5356 0.8091610038726094 0.000502928
x 5356 -67.71566530874047 -147.05239434859007 6.375148613380778
u 5357 0.7145941422694061 0.0013093
x 5357 -67.0041339519243 -146.9863046861259 6.376457913380778
u 5358 0.8056040282581413 0.000365685
x 5358 -66.20204540928242 -146.9111261461238 6.376823598380779
u 5359 0.7168610047548003 -0.000249706
x 5359 -65.48831651276278 -146.84418766884377 6.376573892380779
u 5360 0.8105970019960421 -0.000202601
x 5360 -64.68124407228211 -146.76867890635415 6.376371291380779
u 5361 0.718046129351729 -0.00193497
x 5361 -63.96624911377561 -146.7025555948949 6.374436321380779
u 5362 0.801706537284685 -0.00476224
x 5362 -63.16770713021856 -146.6314018338286 6.369674081380779
u 5363 0.7113465937632935 -0.0049095
x 5363 -62.45887143487831 -146.57169490716402 6.364764581380779
u 5364 0.7965222174686409 -0.00703985
x 5364 -61.664776334516134 -146.50958215272047 6.357724731380779
u 5365 0.795337259487208 -0.0111917
x 5365 -60.87133267243317 -146.4547924741419 6.346533031380779
u 5366 0.7130525958495822 -0.0143377
x 5366 -60.159411099100055 -146.41475539287856 6.332195331380779
u 5367 0.8096727296854097 -0.0202196
x 5367 -59.350364683672154 -146.38326742150593 6.311975731380779
u 5368 0.723546202894483 -0.0206375
x 5368 -58.62695475310884 -146.3699033089628 6.291338231380779
u 5369 0.831429664387219 -0.0272649
x 5369 -57.7955633226466 -146.37445898535003 6.2640733313807795
u 5370 0.7450696796241342 -0.0266956
x 5370 -57.050908237285796 -146.3986388153197 6.2373777313807794
u 5371 0.8457430443481578 -0.0337207
x 5371 -56.20686537055328 -146.45160258354323 6.2036570313807795
u 5372 0.7488150869099793 -0.03602
x 5372 -55.461649755193015 -146.52452101830286 6.16763703138078
u 5373 0.8421143916527553 -0.0468821
x 5373 -54.6277326496571 -146.64117876317923 6.120754931380779
u 5374 0.7470661136473064 -0.0460755
x 5374 -53.893543643024266 -146.77893053763248 6.07467943138078
u 5375 0.8312433221357269 -0.0572463
x 5375 -53.08567181750282 -146.9741737080348 6.01743313138078
u 5376 0.8274743401316382 -0.0621797
x 5376 -52.294514560234326 -147.21617246080234 5.95525343138078
u 5377 0.7219581135813629 -0.0589465
x 5377 -51.61827649806551 -147.46870898162018 5.89630693138078
u 5378 0.8141450772721285 -0.0686512
x 5378 -50.87543575717319 -147.80151456265082 5.82765573138078
u 5379 0.7216736616803263 -0.06061
x 5379 -50.23736783949078 -148.1384459932705 5.76704573138078
u 5380 0.8174230871453595 -0.0656503
x 5380 -49.54017787691975 -148.56490432408532 5.701395431380781
u 5381 0.7367882539826216 -0.0537272
x 5381 -48.93577574986329 -148.98612211549744 5.647668231380781
u 5382 0.8367938320602991 -0.0532027
x 5382 -48.2758813026051 -149.50051309960006 5.594465531380781
u 5383 0.7555197907541271 -0.0414548
x 5383 -47.702692777894704 -149.9926343542234 5.55301073138078
u 5384 0.8623393196205077 -0.0436401
x 5384 -47.07295237395378 -150.58164888354045 5.50937063138078
u 5385 0.7723758705777648 -0.0355156
x 5385 -46.53021118709567 -151.13113390189918 5.47385503138078
u 5386 0.8622122694071629 -0.0366963
x 5386 -45.94688221754107 -151.76599915563838 5.43715873138078
u 5387 0.8521665299334162 -0.0337025
x 5387 -45.39278389207195 -152.41337393568332 5.40345623138078
u 5388 0.7457802169064288 -0.029
x 5388 -44.9258522612159 -152.99485824811967 5.37445623138078
u 5389 0.8198610269721388 -0.0307968
x 5389 -44.431879951457724 -153.64915965879763 5.34365943138078
u 5390 0.7027872257366663 -0.025232
x 5390 -44.02431667575133 -154.22167678288693 5.31842743138078
u 5391 0.7685022421952029 -0.0231233
x 5391 -43.59390707079751 -154.85832185933953 5.29530413138078
u 5392 0.6301453615127234 -0.0157099
x 5392 -43.25118378993919 -155.3871089268363 5.27959423138078
u 5393 0.6508509355688841 -0.0157181
x 5393 -42.90582491393246 -155.9387659451477 5.26387613138078
u 5394 0.5074624431642997 -0.0123206
x 5394 -42.64260704667868 -156.37262217485195 5.25155553138078
u 5395 0.49404789442907415 -0.0118025
x 5395 -42.39146026216147 -156.79806991694173 5.23975303138078
u 5396 0.38371671214489733 -0.00838071
x 5396 -42.19974374201164 -157.13045888982174 5.23137232138078
u 5397 0.382769034886016 -0.00703292
x 5397 -42.01106153469645 -157.46349125283334 5.22433940138078
u 5398 0.3322939225160942 -0.00531524
x 5398 -41.84904852686325 -157.75361325522636 5.21902416138078
u 5399 0.2576864364842525 -0.00420218
x 5399 -41.72448308887391 -157.97919174155385 5.21482198138078
u 5400 0.24409437172483112 -0.00391701
x 5400 -41.60735645810135 -158.19334901668404 5.21090497138078
u 5401 0.17736513400791273 -0.00282186
x 5401 -41.5227740715864 -158.34924702750553 5.2080831113807795
u 5402 0.15597209152448704 -0.00241824
x 5402 -41.448753101784625 -158.4865356924013 5.20566487138078
u 5403 0.10532602504378315 -0.00157347
x 5403 -41.39895278286939 -158.57934462246018 5.204091401380779
u 5404 0.08583561346846652 -0.00126335
x 5404 -41.358475253337204 -158.65503690187188 5.202828051380779
u 5405 0.05997870454739244 -0.000894334
x 5405 -41.33024815162997 -158.7079583104757 5.201933717380779
u 5406 0.04875930259670201 -0.000732221
x 5406 -41.30733610686481 -158.75099907822178 5.201201496380779
u 5407 0.03218610070402789 -0.000476696
x 5407 -41.29222900215631 -158.77941950126996 5.2007248003807796
u 5408 0.054622203453577434 -0.000804505
x 5408 -41.2666220262893 -158.82766748294947 5.19992029538078
u 5409 0.07364310855362595 -0.00108379
x 5409 -41.232159452042325 -158.8927492613737 5.19883650538078
u 5410 0.08047021087582455 -0.00118528
x 5410 -41.19458272371578 -158.96390713914252 5.19765122538078
u 5411 0.10974302802219658 -0.00160164
x 5411 -41.14347190812309 -159.0610215775869 5.196049585380781
u 5412 0.11119802826917245 -0.00163465
x 5412 -41.09184274935313 -159.1595072552375 5.194414935380781
u 5413 0.10343302206893601 -0.00146914
x 5413 -41.04396110030889 -159.25119005523214 5.192945795380781
u 5414 0.04441000155223897 -0.000614909
x 5414 -41.02344366469674 -159.29057638549568 5.19233088638078
u 5415 0.0019522000001620063 2.68775e-05
x 5415 -41.02254225671577 -159.29230801723835 5.19235776388078
u 5416 0.0014640700000042067 -2.02725e-05
x 5416 -41.02186623338046 -159.29360666785144 5.192337491380781
u 5417 0.0004881380000112916 6.60492e-06
x 5417 -41.02164084228113 -159.2940396546404 5.192344096300781
u 5418 0.00829944000906906 -0.000110845
x 5418 -41.01780907215058 -159.30140160017538 5.192233251300781
u 5419 0.02001860013743459 -0.000264262
x 5419 -41.00857001125127 -159.31916065709936 5.191968989300781
u 5420 0.028320800372627436 -0.000371444
x 5420 -40.99550727363644 -159.34428897997475 5.191597545300781
u 5421 0.06596650445081359 -0.000802376
x 5421 -40.96511512076795 -159.40283722093906 5.190795169300781
u 5422 0.11511601301370722 -0.00102127
x 5422 -40.91217194238741 -159.50505617790571 5.189773899300781
u 5423 0.20341002863983743 -0.000996763
x 5423 -40.81880362761016 -159.6857714072618 5.188777136300781
u 5424 0.25051900809821126 0.00129142
x 5424 -40.70377878446286 -159.9083226376675 5.190068556300782
u 5425 0.3588986189922721 0.00762942
x 5425 -40.537571771547036 -160.22641511284903 5.197697976300781
u 5426 0.37823520618018835 0.00906452
x 5426 -40.35961808074079 -160.56017157430333 5.206762496300781
u 5427 0.49262248429575856 0.00903174
x 5427 -40.1239233647692 -160.99274903934042 5.215794236300781
u 5428 0.5647864884564474 0.00535207
x 5428 -39.85014147833111 -161.48673941856904 5.221146306300781
u 5429 0.5474900450037683 -0.00248278
x 5429 -39.584057120039255 -161.9652206717824 5.218663526300781
u 5430 0.6622842435509303 -0.0143032
x 5430 -39.267053715964565 -162.54670307332935 5.204360326300781
u 5431 0.616696757919648 -0.0269026
x 5431 -38.98309441551951 -163.09411431703415 5.177457726300782
u 5432 0.6902203661801135 -0.0527244
x 5432 -38.68994425895627 -163.71889971084934 5.124733326300782
u 5433 0.5994380098213743 -0.0663656
x 5433 -38.46810797289348 -164.2756606333161 5.058367726300782
u 5434 0.6555133378023975 -0.0878377
x 5434 -38.27316365147953 -164.90129490528795 4.970530026300782
u 5435 0.5625433196617751 -0.0836933
x 5435 -38.15247042497563 -165.4505702965789 4.886836726300782
u 5436 0.613922241954313 -0.102906
x 5436 -38.077184680056824 -166.05958596929028 4.783930726300782
u 5437 0.5932044384187377 -0.117744
x 5437 -38.06967347223837 -166.65240021813457 4.666186726300782
u 5438 0.5012642509814957 -0.114218
x 5438 -38.121339543868594 -167.1507208202179 4.551968726300782
u 5439 0.5505496397421762 -0.129679
x 5439 -38.24422392337147 -167.68698549915717 4.422289726300781
u 5440 0.47868960743994643 -0.112796
x 5440 -38.40670329796722 -168.13698699654705 4.309493726300781
u 5441 0.5245708731880279 -0.123699
x 5441 -38.64166328496388 -168.60562086613828 4.185794726300781
u 5442 0.4561065090899712 -0.107514
x 5442 -38.89163412780293 -168.98686542035688 4.078280726300781
u 5443 0.4860817609726269 -0.11473
x 5443 -39.20142524005079 -169.36109247020215 3.963550726300781
u 5444 0.39755966106485197 -0.0938003
x 5444 -39.48533000351514 -169.63918583067863 3.869750426300781
u 5445 0.4046445271092147 -0.0942046
x 5445 -39.799585588654544 -169.89386124326364 3.7755458263007813
u 5446 0.32685170629937055 -0.0727279
x 5446 -40.06973253103825 -170.07772419880203 3.7028179263007814
u 5447 0.0 0.0
x 5447 -40.06973253103825 -170.07772419880203 3.7028179263007814
u 5448 0.3414471932656645 -0.0749276
x 5448 -40.365337534257 -170.2484559584495 3.6278903263007813
u 5449 0.3297250953777859 -0.0728409
x 5449 -40.66218951066019 -170.39180686082548 3.5550494263007812
u 5450 0.2865801440707126 -0.0641029
x 5450 -40.928131170450605 -170.49846094238782 3.4909465263007813
u 5451 0.0 0.0
x 5451 -40.928131170450605 -170.49846094238782 3.4909465263007813
u 5452 0.31665563669386976 -0.0718741
x 5452 -41.22929630948178 -170.59606828375627 3.4190724263007812
u 5453 0.27715689502831137 -0.0635276
x 5453 -41.49808315364025 -170.66347559896522 3.355544826300781
u 5454 0.30901839520434765 -0.0708972
x 5454 -41.8021277132112 -170.718332525581 3.284647626300781
u 5455 0.27261091328373194 -0.0623744
x 5455 -42.07299071009714 -170.7487604006267 3.222273226300781
u 5456 0.30801474596502293 -0.0683296
x 5456 -42.38061243520341 -170.76307999221123 3.153943626300781
u 5457 0.2857680046917051 -0.0606363
x 5457 -42.66629054528493 -170.75794661056275 3.093307326300781
u 5458 0.34604996330623994 -0.0688864
x 5458 -43.011088815490034 -170.7293567044846 3.024420926300781
u 5459 0.3393367083193329 -0.0602212
x 5459 -43.34670099282987 -170.67956642189534 2.964199726300781
u 5460 0.42153161044106763 -0.0630057
x 5460 -43.759000514484484 -170.59216373553127 2.901194026300781
u 5461 0.4658995009991425 -0.0552541
x 5461 -44.20820821971523 -170.4687961398975 2.845939926300781
u 5462 0.44796531103856346 -0.0380134
x 5462 -44.63415361083044 -170.33016252142528 2.807926526300781
u 5463 0.5404020899019263 -0.0286568
x 5463 -45.14214580397716 -170.1458845633453 2.779269726300781
u 5464 0.5086795832401266 -0.0204443
x 5464 -45.61592374521118 -169.96073497977997 2.758825426300781
u 5465 0.5974705293070479 -0.0152282
x 5465 -46.16843765291483 -169.73337509582979 2.743597226300781
u 5466 0.5528387854990527 -0.00842155
x 5466 -46.67715818855 -169.51696730244413 2.735175676300781
u 5467 0.6298508923408798 -0.00507343
x 5467 -47.25506931180164 -169.26650766643868 2.730102246300781
u 5468 0.5600455324302324 -0.00283414
x 5468 -47.768047326179044 -169.04177594812919 2.727268106300781
u 5469 0.625729193692987 -0.00141338
x 5469 -48.340654394812844 -168.78947037226746 2.7258547263007813
u 5470 0.5584270137485964 -0.000420994
x 5470 -48.851466295556634 -168.5638336573091 2.725433732300781
u 5471 0.627500000010016 0.000268373
x 5471 -49.42544222387744 -168.31024367060328 2.725702105300781
u 5472 0.5560971236782292 0.00170408
x 5472 -49.93432708153573 -168.08601134069707 2.727406185300781
u 5473 0.6281473315674622 0.00241781
x 5473 -50.50966584798554 -167.83391179337335 2.729823995300781
u 5474 0.6276245097062529 0.00302753
x 5474 -51.08520934780656 -167.58358819457303 2.732851525300781
u 5475 0.5603755992294864 0.00344015
x 5475 -51.599804353505405 -167.36174932821208 2.7362916753007807
u 5476 0.630536124614595 0.00426376
x 5476 -52.179785081038986 -167.1143679266915 2.740555435300781
u 5477 0.5610737509485084 0.00371004
x 5477 -52.69674644194519 -166.89629834090914 2.744265475300781
u 5478 0.6348740553580372 0.00413134
x 5478 -53.28266868940664 -166.65184054740502 2.7483968153007807
u 5479 0.5774228019561098 0.00380821
x 5479 -53.81644792876254 -166.4316215361816 2.7522050253007806
u 5480 0.6676452818170427 0.0044246
x 5480 -54.43467311919999 -166.17953601689473 2.7566296253007807
u 5481 0.6115819138073598 0.00398164
x 5481 -55.00195049167242 -165.95100084272 2.760611265300781
u 5482 0.7137735951866822 0.00477336
x 5482 -55.665177558567834 -165.6871796237783 2.765384625300781
u 5483 0.7381038524234395 0.00499082
x 5483 -56.35233557660212 -165.41771715072503 2.770375445300781
u 5484 0.6761423374774128 0.00457435
x 5484 -56.982982267234846 -165.1738884917271 2.774949795300781
u 5485 0.7807351325177727 0.00527991
x 5485 -57.71256216941846 -164.89593328413696 2.780229705300781
u 5486 0.7103455748814376 0.00480485
x 5486 -58.377631452645915 -164.6463882711863 2.7850345553007814
u 5487 0.8178274153499728 0.00541929
x 5487 -59.144790358784775 -164.3630029202706 2.790453845300781
u 5488 0.7422024997559922 0.00454312
x 5488 -59.842282372126924 -164.10929345161716 2.7949969653007813
u 5489 0.8548891164134139 0.00486856
x 5489 -60.64703891076727 -163.82084783923298 2.799865525300781
u 5490 0.7685899973558569 0.00357475
x 5490 -61.37164577164596 -163.5645767871565 2.803440275300781
u 5491 0.8861193211317664 0.00378199
x 5491 -62.20813735272498 -163.27219287833785 2.807222265300781
u 5492 0.8004188626010209 0.00327637
x 5492 -62.964655673496196 -163.0107549070453 2.810498635300781
u 5493 0.9155212267782422 0.0035361
x 5493 -63.8309768361332 -162.7146706513575 2.8140347353007806
u 5494 0.8298557767215698 0.00307545
x 5494 -64.61711921568087 -162.44888835993171 2.8171101853007805
u 5495 0.941819775782578 0.00244966
x 5495 -65.51015781478945 -162.14971264737565 2.8195598453007804
u 5496 0.9503940118517206 0.00010525
x 5496 -66.41171170332132 -161.84896464156273 2.8196650953007802
u 5497 0.8420800038880384 -0.000307223
x 5497 -67.21049085256375 -161.58241146092791 2.81935787230078
u 5498 0.9417312065413976 -0.00220876
x 5498 -68.10342112121654 -161.2831910736814 2.8171491123007804
u 5499 0.8267018559057387 -0.00496585
x 5499 -68.88633494221914 -161.01770943024744 2.8121832623007803
u 5500 0.9267788747104434 -0.00565984
x 5500 -69.76243113215831 -160.7154309895398 2.8065234223007804
u 5501 0.8126031523815891 -0.00534869
x 5501 -70.52912515488234 -160.4461679498511 2.8011747323007805
u 5502 0.9065863753778413 -0.00627275
x 5502 -71.38273230647398 -160.14079769620625 2.7949019823007806
u 5503 0.7997213364128373 -0.00542687
x 5503 -72.13413105991401 -159.8670230450373 2.7894751123007806
u 5504 0.8892935284553672 -0.00501808
x 5504 -72.96808850866734 -159.55822490078052 2.7844570323007805
u 5505 0.7886473053470227 -0.0011815
x 5505 -73.70681072530229 -159.28208365697802 2.7832755323007805
u 5506 0.8782464157125182 0.00250725
x 5506 -74.52966350152934 -158.97511513854917 2.7857827823007804
u 5507 0.8723218640132882 0.00314736
x 5507 -75.3478240530911 -158.67252941821295 2.78893014230078
u 5508 0.7765336545293661 0.00299582
x 5508 -76.07696771113758 -158.40540848763362 2.7919259623007804
u 5509 0.8819501040112362 0.00348738
x 5509 -76.90607348871339 -158.10471128573246 2.7954133423007805
u 5510 0.790795661590481 0.00294343
x 5510 -77.65034977512549 -157.83748453486666 2.7983567723007807
u 5511 0.8921119358298892 0.00323204
x 5511 -78.4909090743367 -157.53861486802995 2.8015888123007806
u 5512 0.8030256097727972 0.00281295
x 5512 -79.24833984338525 -157.2718784160001 2.8044017623007806
u 5513 0.9098377528946743 0.00254622
x 5513 -80.10732487062265 -156.97196340747806 2.806947982300781
u 5514 0.8117020010429677 -0.000695649
x 5514 -80.87390659587145 -156.7051065723746 2.806252333300781
u 5515 0.9175414623814616 -0.00224142
x 5515 -81.74000037301833 -156.40218157850492 2.804010913300781
u 5516 0.8149795240732918 -0.00287158
x 5516 -82.50859250739835 -156.13115150781314 2.8011393333007812
u 5517 0.9135715942163614 -0.00422055
x 5517 -83.3690818861254 -155.82428044703815 2.7969187833007814
u 5518 0.9107123309640647 -0.00344008
x 5518 -84.22570032610632 -155.51508636539864 2.7934787033007815
u 5519 0.807600217347547 -0.00155032
x 5519 -84.98464502140025 -155.23900498262944 2.7919283833007813
u 5520 0.9059781655623502 -0.00123454
x 5520 -85.83560863807517 -154.92810748292248 2.7906938433007813
u 5521 0.8008710633750107 -0.000671422
x 5521 -86.58758545375022 -154.65256201527149 2.7900224213007814
u 5522 0.8996041974178067 0.00205831
x 5522 -87.43248190896685 -154.34363256336982 2.792080731300781
u 5523 0.8004398065004719 0.00330451
x 5523 -88.18497861147684 -154.0707736006928 2.795385241300781
u 5524 0.898427252773491 0.00375437
x 5524 -89.0306692658449 -153.76749501996053 2.799139611300781
u 5525 0.8009040219500172 0.00391531
x 5525 -89.7855923807767 -153.500030025078 2.803054921300781
u 5526 0.9043015658598745 0.0069439
x 5526 -90.63960282747185 -153.20266796785918 2.809998821300781
u 5527 0.8006883168617971 0.00752668
x 5527 -91.3976472017421 -152.9448550883933 2.8175255013007807
u 5528 0.9002370705403584 0.0100342
x 5528 -92.25244915252084 -152.66248368702097 2.827559701300781
u 5529 0.8966086843609474 0.0130489
x 5529 -93.10699245799037 -152.3910956530417 2.8406086013007807
u 5530 0.7934463699095087 0.0135763
x 5530 -93.8663430618413 -152.16102146363863 2.8541849013007807
u 5531 0.8858791958456312 0.018406
x 5531 -94.71814819286178 -151.91773600806755 2.872590901300781
u 5532 0.7814523771364145 0.0185668
x 5532 -95.47338164254987 -151.71705538706343 2.8911577013007808
u 5533 0.871326121566677 0.0213249
x 5533 -96.31976485207834 -151.51013534879473 2.912482601300781
u 5534 0.765301661172291 0.0187281
x 5534 -97.06665227232698 -151.34331599878098 2.931210701300781
u 5535 0.8602887600271425 0.0217278
x 5535 -97.90985821982771 -151.1728127298566 2.952938501300781
u 5536 0.7491935638416948 0.022197
x 5536 -98.64725809633083 -151.04048974386322 2.9751355013007807
u 5537 0.8299504714825398 0.0304947
x 5537 -99.4677066801628 -150.91547562912262 3.005630201300781
u 5538 0.7222840543249329 0.0322321
x 5538 -100.18477875794517 -150.82912329318813 3.037862301300781
u 5539 0.7903983720011637 0.0420777
x 5539 -100.97241823413766 -150.76384334150947 3.079940001300781
u 5540 0.779554006151216 0.0466436
x 5540 -101.75132901532186 -150.733972396639 3.126583601300781
u 5541 0.684654571028223 0.0443967
x 5541 -102.43590966656899 -150.7388941355433 3.170980301300781
u 5542 0.7559221288063276 0.0519053
x 5542 -103.19058984210585 -150.78070104841711 3.222885601300781
u 5543 0.6623672479682324 0.0462218
x 5543 -103.84929177174459 -150.849723030422 3.269107401300781
u 5544 0.7321387720544582 0.0530573
x 5544 -104.57267625592752 -150.96204548989257 3.322164701300781
u 5545 0.6440046161851948 0.0486713
x 5545 -105.20314591329969 -151.09307254781106 3.370836001300781
u 5546 0.7261405326341176 0.0555564
x 5546 -105.90534342664635 -151.2776345100645 3.426392401300781
u 5547 0.6437223155567624 0.0489504
x 5547 -106.51846279936852 -151.4735434646773 3.4753428013007808
u 5548 0.7171651494234504 0.0508668
x 5548 -107.1897890476631 -151.7256070100256 3.526209601300781
u 5549 0.6428317467098214 0.038664
x 5549 -107.78084632212466 -151.9782579091387 3.5648736013007807
u 5550 0.719893331147532 0.0316838
x 5550 -108.43241246802249 -152.28430465909778 3.596557401300781
u 5551 0.715169027644478 0.015704
x 5551 -109.07233803310692 -152.6036031057471 3.6122614013007808
u 5552 0.6325413854100037 0.000412865
x 5552 -109.63604094108186 -152.89056587356453 3.6126742663007807
u 5553 0.7053735429965885 -0.00952125
x 5553 -110.26609825996745 -153.20770283345087 3.6031530163007806
u 5554 0.6253735496247346 -0.0129062
x 5554 -110.82781356705256 -153.4825892858322 3.5902468163007804
u 5555 0.7015915864493362 -0.0151422
x 5555 -111.4622496307391 -153.78210928549532 3.5751046163007802
u 5556 0.6141580216081056 -0.0146841
x 5556 -112.0214697123845 -154.03599153827014 3.56042051630078
u 5557 0.687634255333882 -0.0185782
x 5557 -112.65223069209208 -154.3097941234971 3.54184231630078
u 5558 0.612962964088563 -0.0188479
x 5558 -113.21896468365371 -154.54330013093445 3.5229944163007803
u 5559 0.6935645477756487 -0.0237443
x 5559 -113.86569658795278 -154.7937936960624 3.49925011630078
u 5560 0.6243326231796741 -0.0233482
x 5560 -114.45301943481947 -155.00551377239316 3.47590191630078
u 5561 0.7166761585873793 -0.028364
x 5561 -115.13326232862052 -155.23103514096184 3.44753791630078
u 5562 0.7377158859816038 -0.029229
x 5562 -115.83986755213701 -155.44291964205806 3.4183089163007803
u 5563 0.6607071134540042 -0.0267424
x 5563 -116.47777752948919 -155.61490433720783 3.3915665163007804
u 5564 0.7605047420928024 -0.0303865
x 5564 -117.21738967325638 -155.79181346205095 3.3611800163007803
u 5565 0.6691193754944362 -0.0267046
x 5565 -117.87231015868966 -155.928829117795 3.3344754163007804
u 5566 0.7546424493355843 -0.030314
x 5566 -118.61503727035843 -156.0622384694325 3.30416141630078
u 5567 0.6622111573183377 -0.0267103
x 5567 -119.26987066188326 -156.160680204208 3.2774511163007802
u 5568 0.7351076250648887 -0.029416
x 5568 -119.9995638259153 -156.24951793119604 3.2480351163007803
u 5569 0.6509061149842612 -0.0253654
x 5569 -120.6475936401389 -156.31045572341768 3.2226697163007803
u 5570 0.7169273338779941 -0.0280339
x 5570 -121.36288612251332 -156.35849535184911 3.19463581630078
u 5571 0.6337511019630657 -0.0245793
x 5571 -121.99609507514822 -156.38431513678492 3.17005651630078
u 5572 0.7057918255048039 -0.0251724
x 5572 -122.70177930553129 -156.39552069463227 3.14488411630078
u 5573 0.700982233538654 -0.020478
x 5573 -123.40273237373653 -156.3906507186977 3.1244061163007797
u 5574 0.6297761831305216 -0.0161949
x 5574 -124.03230038588254 -156.3747293361959 3.10821121630078
u 5575 0.7064771396059891 -0.0177948
x 5575 -124.73813689270389 -156.3448695958214 3.09041641630078
u 5576 0.6199562907273061 -0.0154898
x 5576 -125.35701115639591 -156.30836256342465 3.07492661630078
u 5577 0.68944053241618 -0.0175002
x 5577 -126.04448321636256 -156.25641755811031 3.0574264163007796
u 5578 0.6056689026832545 -0.0161196
x 5578 -126.64757161332653 -156.2006388708618 3.0413068163007795
u 5579 0.6705708022736839 -0.0176705
x 5579 -127.3141453219147 -156.12761153715684 3.0236363163007796
u 5580 0.5818536491341761 -0.0150125
x 5580 -127.89142011526175 -156.05480272203707 3.0086238163007795
u 5581 0.6435060659169441 -0.0162974
x 5581 -128.5285223154015 -155.96429483324005 2.9923264163007794
u 5582 0.5577860229291058 -0.0135881
x 5582 -129.0795254865453 -155.87760016382333 2.9787383163007792
u 5583 0.6179528252143835 -0.0142334
x 5583 -129.68856826434154 -155.77307197522836 2.964504916300779
u 5584 0.6187739191166933 -0.0125068
x 5584 -130.29696759212564 -155.66026049487513 2.951998116300779
u 5585 0.5609359928523254 -0.0087976
x 5585 -130.84737990159564 -155.55212424638427 2.943200516300779
u 5586 0.6471179253487526 -0.00506541
x 5586 -131.48147870299667 -155.42297540211973 2.9381351063007792
u 5587 0.585021297050157 -0.00501034
x 5587 -132.05413471456902 -155.30333304156068 2.933124766300779
u 5588 0.6760887761989914 -0.00652665
x 5588 -132.71512428228218 -155.16125136752714 2.926598116300779
u 5589 0.601999691545626 -0.0073277
x 5589 -133.30278865545517 -155.03066579590376 2.919270416300779
u 5590 0.6780308915579469 -0.0124039
x 5590 -133.96318772161695 -154.87706544101263 2.9068665163007794
u 5591 0.587222999856886 -0.013789
x 5591 -134.53334823932357 -154.7365578899729 2.8930775163007794
u 5592 0.6382326859653624 -0.01934
x 5592 -135.150417055443 -154.57360286213571 2.8737375163007792
u 5593 0.5543964394599973 -0.0238782
x 5593 -135.6832416237793 -154.42050554653383 2.8498593163007793
u 5594 0.5931236905019579 -0.0338966
x 5594 -136.24830422285407 -154.24032150502805 2.8159627163007794
u 5595 0.5615264692956213 -0.0397721
x 5595 -136.77661011766702 -154.05015501081968 2.7761906163007795
u 5596 0.47846054507952995 -0.0400623
x 5596 -137.21993907102834 -153.87028473665626 2.7361283163007792
u 5597 0.5166243684430304 -0.0508121
x 5597 -137.68929480193967 -153.65453368652666 2.6853162163007793
u 5598 0.4381419004315302 -0.0509152
x 5598 -138.07753108174182 -153.45155721334845 2.6344010163007794
u 5599 0.48242354328043524 -0.0588048
x 5599 -138.49209258911452 -153.2049721902485 2.5755962163007795
u 5600 0.4272658714053932 -0.0457713
x 5600 -138.84735969021378 -152.96767587225756 2.5298249163007793
u 5601 0.47681901606027627 -0.0519271
x 5601 -139.23041620064367 -152.6838220347655 2.4778978163007794
u 5602 0.42291273633891946 -0.05084
x 5602 -139.55678896923283 -152.4149401316914 2.4270578163007794
u 5603 0.4738150292907982 -0.0597498
x 5603 -139.9052223811164 -152.09396029161178 2.3673080163007794
u 5604 0.4228417873786394 -0.0535225
x 5604 -140.1994665591287 -151.79036045188536 2.313785516300779
u 5605 0.47908401117934424 -0.0606011
x 5605 -140.5126774679905 -151.42793779541304 2.2531844163007793
u 5606 0.48228274813602856 -0.0609325
x 5606 -140.8052404936119 -151.04462125613847 2.1922519163007794
u 5607 0.42963829284398053 -0.054309
x 5607 -141.0457782205568 -150.68869247238916 2.1379429163007795
u 5608 0.4791511494675141 -0.0605115
x 5608 -141.29081071685889 -150.27701923636607 2.0774314163007794
u 5609 0.42483731540701036 -0.0534917
x 5609 -141.4869266196288 -149.9002138955662 2.0239397163007795
u 5610 0.4784371798719661 -0.060155
x 5610 -141.68332319815772 -149.46402414161238 1.9637847163007796
u 5611 0.42731330022933994 -0.0534781
x 5611 -141.83633271620334 -149.06509904760193 1.9103066163007796
u 5612 0.4880062020725249 -0.0598917
x 5612 -141.98497856545958 -148.60035902787152 1.8504149163007795
u 5613 0.4401359270165634 -0.0508854
x 5613 -142.09563786335005 -148.1744102546507 1.7995295163007794
u 5614 0.4989790455280061 -0.0506696
x 5614 -142.19642026227518 -147.68576955737078 1.7488599163007794
u 5615 0.44194318146947353 -0.0387992
x 5615 -142.26624251578275 -147.2494048841465 1.7100607163007795
u 5616 0.51706538671441 -0.0379321
x 5616 -142.32829098339073 -146.73610716712443 1.6721286163007796
u 5617 0.5319264295289505 -0.0333122
x 5617 -142.37327660071435 -146.2061110764178 1.6388164163007797
u 5618 0.4744518584223192 -0.0271895
x 5618 -142.39908526301093 -145.73237632835867 1.6116269163007797
u 5619 0.5470877941441766 -0.0289436
x 5619 -142.41350366191423 -145.18549766716097 1.5826833163007796
u 5620 0.4981512935552974 -0.0245594
x 5620 -142.4133080375951 -144.68735893138108 1.5581239163007796
u 5621 0.5754456762764236 -0.0234337
x 5621 -142.39927505553558 -144.11209755716072 1.5346902163007796
u 5622 0.5233510206286561 -0.0180142
x 5622 -142.37567333762797 -143.5892860778371 1.5166760163007795
u 5623 0.6096578633169052 -0.0186548
x 5623 -142.3370184500114 -142.98086374816344 1.4980212163007796
u 5624 0.5547700534118281 -0.016256
x 5624 -142.29218526651502 -142.4279143650018 1.4817652163007795
u 5625 0.0 0.0
x 5625 -142.29218526651502 -142.4279143650018 1.4817652163007795
u 5626 0.6312328738647607 -0.0181688
x 5626 -142.2303517026286 -141.79972602498094 1.4635964163007795
u 5627 0.5778213776468442 -0.0151272
x 5627 -142.16418499189362 -141.2257110913097 1.4484692163007795
u 5628 0.0 0.0
x 5628 -142.16418499189362 -141.2257110913097 1.4484692163007795
u 5629 0.6657236820014818 -0.0136707
x 5629 -142.07843803612488 -140.56553794872866 1.4347985163007795
u 5630 0.6635105191738151 -0.0120426
x 5630 -141.984523875397 -139.90871147319288 1.4227559163007795
u 5631 0.5945116096128186 -0.0106902
x 5631 -141.89369199162343 -139.32118253187102 1.4120657163007795
u 5632 0.6818699399940491 -0.00865253
x 5632 -141.7830007835361 -138.64835924839178 1.4034131863007795
u 5633 0.6039142246571346 -0.00156629
x 5633 -141.68192078062523 -138.05296429611772 1.4018468963007795
u 5634 0.684952350618745 -0.00265278
x 5634 -141.5658527708784 -137.3779178794921 1.3991941163007795
u 5635 0.6187276951160599 -0.00348801
x 5635 -141.45913505898207 -136.7684632851662 1.3957061063007794
u 5636 0.695625867568083 -0.0061273
x 5636 -141.33586132825423 -136.08384848763055 1.3895788063007795
u 5637 0.6209124654636465 -0.0103425
x 5637 -141.2207996650938 -135.47369304281455 1.3792363063007795
u 5638 0.7066351917933609 -0.0136972
x 5638 -141.08151629967293 -134.78092639259967 1.3655391063007796
u 5639 0.6190232326379798 -0.012827
x 5639 -140.95146435668963 -134.1757231203117 1.3527121063007796
u 5640 0.690524542616206 -0.0147789
x 5640 -140.79708652353787 -133.50268303991584 1.3379332063007796
u 5641 0.686020624315933 -0.0109762
x 5641 -140.63511733079656 -132.8360605435511 1.3269570063007796
u 5642 0.6082795206607916 -0.00620315
x 5642 -140.48643045193188 -132.24623429722124 1.3207538563007797
u 5643 0.6904163836602466 -0.00584469
x 5643 -140.31363638241098 -131.577791603031 1.3149091663007797
u 5644 0.6150215458180034 -0.00511855
x 5644 -140.1564500280983 -130.98319667704868 1.3097906163007798
u 5645 0.6890951821511714 -0.00563634
x 5645 -139.97675214297686 -130.31794515841594 1.3041542763007798
u 5646 0.6129518791523707 -0.00330105
x 5646 -139.8142675720303 -129.72692195312953 1.30085322630078
u 5647 0.6906980000334366 0.00101346
x 5647 -139.63041193313782 -129.0611436187982 1.30186668630078
u 5648 0.6090521541393448 0.00519519
x 5648 -139.47011288596119 -128.47356561749052 1.30706187630078
u 5649 0.6749533839441418 0.010799
x 5649 -139.2976826342218 -127.8210125916324 1.31786087630078
u 5650 0.5988275840149614 0.012511
x 5650 -139.15145841652136 -127.24031621990342 1.33037187630078
u 5651 0.667929131960929 0.0151886
x 5651 -138.99734712027688 -126.59041587588085 1.34556047630078
u 5652 0.6614439064082529 0.0150907
x 5652 -138.85449299024876 -125.9445889361045 1.36065117630078
u 5653 0.5827899746825423 0.0134712
x 5653 -138.73676461983615 -125.3738183613011 1.37412237630078
u 5654 0.6597826874093148 0.0155008
x 5654 -138.61285754487025 -124.72578169936315 1.38962317630078
u 5655 0.585962655424143 0.0137532
x 5655 -138.51124340379056 -124.1487016461519 1.40337637630078
u 5656 0.6593497505436003 0.0155797
x 5656 -138.40643882911422 -123.49774135465859 1.41895607630078
u 5657 0.5916251934294972 0.0140664
x 5657 -138.32106712871177 -122.9123130747206 1.43302247630078
u 5658 0.6679015536847999 0.0158007
x 5658 -138.23456896023694 -122.2500432873157 1.44882317630078
u 5659 0.6016387053395937 0.014264
x 5659 -138.16562843526253 -121.65237264341323 1.46308717630078
u 5660 0.6785265415050766 0.0161554
x 5660 -138.09813837219494 -120.9772183310847 1.47924257630078
u 5661 0.6000685088587232 0.0141447
x 5661 -138.04750444692786 -120.37929491004391 1.4933872763007798
u 5662 0.6756856912881092 0.0156607
x 5662 -138.00052951890365 -119.70525101045396 1.5090479763007798
u 5663 0.6715190524428316 0.014071
x 5663 -137.96380742812218 -119.03474233364311 1.5231189763007797
u 5664 0.589030660118217 0.00805345
x 5664 -137.93810410509153 -118.44627433748572 1.5311724263007798
u 5665 0.6534976153169956 0.00462741
x 5665 -137.9137276595229 -117.79323210295698 1.5357998363007799
u 5666 0.5711275857622747 0.0033123
x 5666 -137.8946896075577 -117.2224221752482 1.5391121363007798
u 5667 0.6196787982196024 0.00360451
x 5667 -137.8761751713431 -116.60302035667402 1.5427166463007798
u 5668 0.5336195358509543 0.00327556
x 5668 -137.8620669071386 -116.06958759490736 1.5459922063007798
u 5669 0.5990868580350629 0.00376314
x 5669 -137.8483355190726 -115.47065847647367 1.5497553463007798
u 5670 0.5282175458673937 0.0033051
x 5670 -137.838094856185 -114.94254044932667 1.5530604463007798
u 5671 0.5871747739032808 0.00366203
x 5671 -137.82875631933456 -114.35544026917039 1.5567224763007799
u 5672 0.5215944894680413 0.003026
x 5672 -137.8222048237136 -113.83388712542481 1.5597484763007798
u 5673 0.5850973566906622 0.00222714
x 5673 -137.81639239926287 -113.24881876102285 1.5619756163007799
u 5674 0.5834381177635931 0.00134159
x 5674 -137.8116374809019 -112.66540006321246 1.5633172063007799
u 5675 0.5241910789541987 0.00125177
x 5675 -137.80804510434905 -112.14122132823138 1.56456897630078
u 5676 0.6004760902175572 0.00104793
x 5676 -137.80462037645023 -111.54075503178777 1.5656169063007799
u 5677 0.5382810000157005 -0.000325615
x 5677 -137.80174477031395 -111.0024817152402 1.56529129130078
u 5678 0.6135912670999283 -0.00245895
x 5678 -137.79761256576288 -110.38890451696527 1.5628323413007799
u 5679 0.5519294926597083 -0.00313033
x 5679 -137.79235322830883 -109.83700030835162 1.5597020113007798
u 5680 0.6252581615269327 -0.00462792
x 5680 -137.7839698533074 -109.21179890894891 1.55507409130078
u 5681 0.5651434397322822 -0.00521016
x 5681 -137.7736128827272 -108.64675101882558 1.5498639313007798
u 5682 0.6384293242202225 -0.00611467
x 5682 -137.75829862816894 -108.00850639043298 1.5437492613007797
u 5683 0.5718026580298486 -0.00553236
x 5683 -137.74125388213218 -107.43695856003832 1.5382169013007798
u 5684 0.6520785914702246 -0.00632368
x 5684 -137.7179527685985 -106.78529750504033 1.5318932213007799
u 5685 0.6535626151771952 -0.00631847
x 5685 -137.69047054652353 -106.13231404556075 1.5255747513007798
u 5686 0.5880557426642962 -0.00556045
x 5686 -137.66225368745023 -105.54493642056157 1.5200143013007799
u 5687 0.6742377126138478 -0.00636707
x 5687 -137.6258857911029 -104.87168139201331 1.5136472313007798
u 5688 0.6066469561800736 -0.00575627
x 5688 -137.58949236977986 -104.26612789962614 1.5078909613007798
u 5689 0.6938009989903463 -0.00658172
x 5689 -137.54359897945758 -103.5738476924435 1.5013092413007798
u 5690 0.6271061873494332 -0.00608883
x 5690 -137.49815396777913 -102.94839129416428 1.4952204113007799
u 5691 0.7136920547583374 -0.00766217
x 5691 -137.44154149958104 -102.23694988020424 1.48755824130078
u 5692 0.6442939568767356 -0.00683261
x 5692 -137.3857805539028 -101.59507465490452 1.48072563130078
u 5693 0.7367787210298572 -0.00713405
x 5693 -137.316891193912 -100.86152517632185 1.47359158130078
u 5694 0.6557556717966582 -0.00667675
x 5694 -137.2510706215869 -100.20908241570353 1.46691483130078
u 5695 0.7266705480063869 -0.00810504
x 5695 -137.17279056345095 -99.4866425032287 1.45880979130078
u 5696 0.7051894206313651 -0.00911579
x 5696 -137.09079087139654 -98.7862392437893 1.44969400130078
u 5697 0.6137768259343639 -0.0106469
x 5697 -137.01340057279435 -98.17736390753957 1.43904710130078
u 5698 0.6831924188105989 -0.0146936
x 5698 -136.91867821180134 -97.50077602870105 1.42435350130078
u 5699 0.6003456454000975 -0.0120968
x 5699 -136.8274857132154 -96.90740057661573 1.41225670130078
u 5700 0.6807009579621939 -0.0134315
x 5700 -136.71550836614819 -96.23597827880026 1.39882520130078
u 5701 0.5976892325853043 -0.0129961
x 5701 -136.6094053645135 -95.64778652110915 1.38582910130078
u 5702 0.6666003454605677 -0.0151116
x 5702 -136.48186199241889 -94.99350809967424 1.37071750130078
u 5703 0.5905978501457486 -0.0132422
x 5703 -136.36065377506588 -94.41548622156125 1.3574753013007799
u 5704 0.660275776151105 -0.014998
x 5704 -136.21603505244778 -93.77124918944162 1.3424773013007798
u 5705 0.5850592927270277 -0.0127426
x 5705 -136.07998522516874 -93.20223232774897 1.3297347013007799
u 5706 0.6517477681549023 -0.0132437
x 5706 -135.92020469990447 -92.57037860382486 1.3164910013007798
u 5707 0.6480564997448712 -0.0109643
x 5707 -135.7537359137485 -91.94407104137115 1.3055267013007799
u 5708 0.5809551207776797 -0.00711599
x 5708 -135.59943377587499 -91.38398329967698 1.29841071130078
u 5709 0.6455672360307658 -0.00710478
x 5709 -135.4235496251078 -90.76283913874234 1.29130593130078
u 5710 0.5800752532524658 -0.0063273
x 5710 -135.26176379932787 -90.20578301642067 1.28497863130078
u 5711 0.6584252139473111 -0.00705767
x 5711 -135.0738983691855 -89.57472949807884 1.27792096130078
u 5712 0.5928972883421316 -0.00632675
x 5712 -134.90093061970484 -89.0076244111735 1.27159421130078
u 5713 0.6773866451588911 -0.00741448
x 5713 -134.69886775348155 -88.36107884971868 1.26417973130078
u 5714 0.5998976962674218 -0.0068488
x 5714 -134.5158407172814 -87.78978475443418 1.25733093130078
u 5715 0.6800660274492695 -0.00778142
x 5715 -134.30362271410638 -87.14368028365712 1.2495495113007802
u 5716 0.6022268657714772 -0.00702844
x 5716 -134.1114631630135 -86.57293479590166 1.2425210713007802
u 5717 0.6859102326464611 -0.00787874
x 5717 -133.88776278808035 -85.9245301723756 1.2346423313007802
u 5718 0.679758331785321 -0.00818618
x 5718 -133.66091445540326 -85.28374265441127 1.2264561513007801
u 5719 0.603202400028866 -0.00769187
x 5719 -133.45510632965568 -84.71673793058885 1.2187642813007802
u 5720 0.6733675387439431 -0.00815995
x 5720 -133.22034894880292 -84.08561963862812 1.2106043313007802
u 5721 0.6006689312098977 -0.00713242
x 5721 -133.0066379855263 -83.52425588886196 1.2034719113007801
u 5722 0.6720700657948939 -0.00792028
x 5722 -132.76280302770982 -82.89798092887231 1.1955516313007801
u 5723 0.5892259562459211 -0.00726462
x 5723 -132.54486217143125 -82.3505437326669 1.1882870113007802
u 5724 0.6643470539458701 -0.00770056
x 5724 -132.29452429030152 -81.73516923500412 1.1805864513007802
u 5725 0.5914212766504263 -0.00632222
x 5725 -132.06783046525348 -81.18892032553893 1.1742642313007803
u 5726 0.6677872969281162 -0.00706808
x 5726 -131.80774170688662 -80.57386597411954 1.1671961513007802
u 5727 0.5963662736502064 -0.00630455
x 5727 -131.5718024029828 -80.02615784089417 1.1608916013007802
u 5728 0.6674839292951179 -0.0061695
x 5728 -131.30390865147092 -79.41479353004449 1.1547221013007802
u 5729 0.6730041100895424 -0.00409836
x 5729 -131.03063805539787 -78.79976744966957 1.1506237413007803
u 5730 0.6020052070326887 -0.00472633
x 5730 -130.78377129767654 -78.25070789133868 1.1458974113007803
u 5731 0.6776751833439475 -0.00573734
x 5731 -130.502644519167 -77.63409607765021 1.1401600713007802
u 5732 0.6037704993783855 -0.00499803
x 5732 -130.2492310727902 -77.0860817692073 1.1351620413007801
u 5733 0.6843639373868968 -0.00537225
x 5733 -129.95877419058849 -76.46641438105031 1.1297897913007802
u 5734 0.6041095388073763 -0.00520142
x 5734 -129.69949045850228 -75.92077763526169 1.1245883713007803
u 5735 0.6868534334132639 -0.00598995
x 5735 -129.40122639644088 -75.30206544230741 1.1185984213007802
u 5736 0.6082627223307787 -0.00557636
x 5736 -129.1339258020295 -74.75568373245491 1.1130220613007802
u 5737 0.6876671720852248 -0.00686497
x 5737 -128.82789450354636 -74.13986791036098 1.10615709130078
u 5738 0.6302142071558895 -0.00589246
x 5738 -128.54383705012614 -73.57730221563908 1.10026463130078
u 5739 0.7218650314232435 -0.00664205
x 5739 -128.2144377354917 -72.93497574150028 1.09362258130078
u 5740 0.7432855585950803 -0.00700846
x 5740 -127.87075774253415 -72.27591942928481 1.08661412130078
u 5741 0.6761377061510628 -0.00646215
x 5741 -127.55409462918068 -71.67852083586348 1.0801519713007801
u 5742 0.7663519469785253 -0.00715536
x 5742 -127.19057871655839 -71.00387353381637 1.07299661130078
u 5743 0.6904776841079424 -0.00641222
x 5743 -126.85893733553938 -70.39825666393087 1.06658439130078
u 5744 0.767053114166026 -0.00753021
x 5744 -126.48583535768464 -69.7280607121166 1.0590541813007799
u 5745 0.679335566330468 -0.00744565
x 5745 -126.1509648265495 -69.13699691942094 1.05160853130078
u 5746 0.7644962864992633 -0.00829837
x 5746 -125.76889112020284 -68.47482556617554 1.0433101613007798
u 5747 0.6776552568813592 -0.00706054
x 5747 -125.42572038854085 -67.8904895426383 1.03624962130078
u 5748 0.7646528320871432 -0.00679596
x 5748 -125.03393440653467 -67.2338348026254 1.0294536613007799
u 5749 0.6821127052606906 -0.00508977
x 5749 -124.68096432425972 -66.65014922009829 1.0243638913007798
u 5750 0.766965116192292 -0.00505195
x 5750 -124.28076314605316 -65.99587614612199 1.0193119413007798
u 5751 0.7712760101144257 -0.00327378
x 5751 -123.87557683598973 -65.33960622709598 1.0160381613007798
u 5752 0.6881922073002346 -0.00163451
x 5752 -123.51260210307184 -64.75492019852172 1.01440365130078
u 5753 0.7726381636414272 -0.00148182
x 5753 -123.10406551236228 -64.09912489758433 1.01292183130078
u 5754 0.6819671230859529 -0.00138957
x 5754 -122.7426410586135 -63.52080712475762 1.01153226130078
u 5755 0.7575202460003838 -0.00190703
x 5755 -122.3401171838455 -62.879081888045604 1.00962523130078
u 5756 0.6642652306523905 -0.00197059
x 5756 -121.9860559190445 -62.317042054375115 1.00765464130078
u 5757 0.740094456431806 -0.00277308
x 5757 -121.59009270729857 -61.69178003859582 1.00488156130078
u 5758 0.6518940775627464 -0.00462024
x 5758 -121.23928487297228 -61.142326677725364 1.00026132130078
u 5759 0.7311779741259432 -0.00801406
x 5759 -120.84192696403059 -60.528547351981864 0.99224726130078
u 5760 0.644310099288037 -0.00940549
x 5760 -120.48708024973938 -59.99075905436132 0.98284177130078
u 5761 0.725883686068924 -0.0117323
x 5761 -120.0809276216085 -59.3891436253163 0.97110947130078
u 5762 0.7250104796961283 -0.0135295
x 5762 -119.66770711704108 -58.793424738394606 0.95757997130078
u 5763 0.6472769369690414 -0.0126376
x 5763 -119.29186388205214 -58.26644872394556 0.94494237130078
u 5764 0.7265592919592079 -0.0140857
x 5764 -118.86211997864959 -57.68061610773349 0.93085667130078
u 5765 0.6491324876258714 -0.0121436
x 5765 -118.47134047772153 -57.162292666286966 0.91871307130078
u 5766 0.7249661591225909 -0.0116423
x 5766 -118.02805517101316 -56.588648061816414 0.90707077130078
u 5767 0.6391578746964982 -0.00969629
x 5767 -117.63186359863856 -56.08709863646873 0.8973744813007799
u 5768 0.7186729971899382 -0.00954262
x 5768 -117.18097918110078 -55.5274646493398 0.88783186130078
u 5769 0.6348200467470321 -0.00696971
x 5769 -116.77863439657644 -55.0364315193353 0.8808621513007799
u 5770 0.7087536891674738 -0.00702256
x 5770 -116.325606566041 -54.49136683304438 0.8738395913007799
u 5771 0.6281418021687531 -0.00537516
x 5771 -115.92111790080308 -54.010794160765386 0.8684644313007799
u 5772 0.7019652358633998 -0.00557302
x 5772 -115.46615797024418 -53.476223886065505 0.8628914113007798
u 5773 0.7033368392176973 -0.00506627
x 5773 -115.00746615152956 -52.943041490672485 0.8578251413007798
u 5774 0.6353461778688528 -0.00433226
x 5774 -114.59085658490643 -52.46335346353055 0.8534928813007798
u 5775 0.728879534404313 -0.00455051
x 5775 -114.11047591126183 -51.91517569372051 0.8489423713007799
u 5776 0.6611530693136121 -0.00411752
x 5776 -113.6725805137686 -51.419826943509136 0.8448248513007799
u 5777 0.7588196616245523 -0.00473769
x 5777 -113.16748636261946 -50.85353541054197 0.8400871613007799
u 5778 0.6807601913020068 -0.00427459
x 5778 -112.71206628323385 -50.34754501172637 0.8358125713007799
u 5779 0.7841386660423119 -0.00451747
x 5779 -112.18493028438338 -49.76702796578516 0.8312951013007799
u 5780 0.7032699974451432 -0.00385668
x 5780 -111.70998217113488 -49.24836394545352 0.8274384213007799
u 5781 0.8037363769267306 -0.00403827
x 5781 -111.1648492117965 -48.65775295473659 0.8234001513007799
u 5782 0.721976744553034 -0.00325143
x 5782 -110.6732390291739 -48.12900973841647 0.8201487213007799
u 5783 0.8198200838374762 -0.00364019
x 5783 -110.11293963801303 -47.530537667257406 0.8165085313007798
u 5784 0.8381391057516064 -0.00354438
x 5784 -109.53792602228422 -46.92075429022624 0.8129641513007798
u 5785 0.7537704437450978 -0.00229855
x 5785 -109.01919427702946 -46.37386581148842 0.8106656013007798
u 5786 0.8501043566237946 -0.0020771
x 5786 -108.43281916961564 -45.758364884817304 0.8085885013007797
u 5787 0.7560762536073037 -0.00185962
x 5787 -107.91022514399693 -45.21197068561977 0.8067288813007798
u 5788 0.8471993388957916 -0.0020062
x 5788 -107.32346524230648 -44.60085752354652 0.8047226813007798
u 5789 0.7521482316345671 -0.00183665
x 5789 -106.80149505477969 -44.059309809439554 0.8028860313007798
u 5790 0.8552123162390042 -0.00184555
x 5790 -106.206868569606 -43.44464954443031 0.8010404813007799
u 5791 0.7602771553003175 -0.00152316
x 5791 -105.67733055615973 -42.89911243896883 0.7995173213007799
u 5792 0.8619973287423793 -0.00200129
x 5792 -105.0758547685773 -42.28164501172126 0.7975160313007799
u 5793 0.7659502485318619 -0.00184576
x 5793 -104.54034334398827 -41.73400723837024 0.7956702713007798
u 5794 0.8640652915217971 -0.0018769
x 5794 -103.93508627480946 -41.117344859880106 0.7937933713007799
u 5795 0.8519085608941263 -0.00294703
x 5795 -103.33688012858975 -40.51079966165463 0.7908463413007799
u 5796 0.7428239690646883 -0.00372342
x 5796 -102.81351175254507 -39.98366366925624 0.7871229213007799
u 5797 0.8288730963738795 -0.00340845
x 5797 -102.2274222835557 -39.39755013153583 0.7837144713007799
u 5798 0.7312065251714908 -0.00278746
x 5798 -101.70879265621673 -38.88210280550883 0.7809270113007799
u 5799 0.8275128182621937 -0.00325083
x 5799 -101.12009654165254 -38.30054133323718 0.7776761813007799
u 5800 0.7359826362793545 -0.00299129
x 5800 -100.59490357891875 -37.78494227495408 0.7746848913007799
u 5801 0.840643980729136 -0.00349367
x 5801 -99.99311856029895 -37.19797006530236 0.7711912213007799
u 5802 0.7618248239044041 -0.00338
x 5802 -99.44593220049954 -36.667910071124034 0.7678112213007798
u 5803 0.8774052302936477 -0.00379051
x 5803 -98.813544764791 -36.05969534953942 0.7640207113007799
u 5804 0.797314879467565 -0.00340278
x 5804 -98.2368980334909 -35.50906938674976 0.7606179313007798
u 5805 0.9053714372804664 -0.0039787
x 5805 -97.57979786875633 -34.88624057268569 0.7566392313007798
u 5806 0.8091958922212362 -0.00334397
x 5806 -96.99046563949076 -34.33172735790459 0.7532952613007798
u 5807 0.9124922007330781 -0.00369452
x 5807 -96.32370697451906 -33.70877153925434 0.7496007413007798
u 5808 0.9131105153884022 -0.00417798
x 5808 -95.65404801662375 -33.08802482714134 0.7454227613007798
u 5809 0.8191422110146269 -0.00388283
x 5809 -95.05106416802407 -32.53358493212871 0.7415399313007798
u 5810 0.9363795608213029 -0.00405893
x 5810 -94.35926877467666 -31.902534528522402 0.7374810013007798
u 5811 0.8483038562809886 -0.00314748
x 5811 -93.73048751050646 -31.333102390049092 0.7343335213007798
u 5812 0.9546071812631086 -0.00343593
x 5812 -93.020806514473 -30.69464576828449 0.7308975913007798
u 5813 0.854139620588424 -0.00260675
x 5813 -92.38409263155899 -30.125304473765556 0.7282908413007798
u 5814 0.9615483095176804 -0.00144134
x 5814 -91.66601555090588 -29.48582007386762 0.7268495013007799
u 5815 0.8554570002264016 0.000423406
x 5815 -91.02687713278688 -28.917217619785735 0.7272729073007799
u 5816 0.9553088211649702 0.00332757
x 5816 -90.31432878656553 -28.28090876710585 0.7306004773007798
u 5817 0.8412121431380887 0.00374347
x 5817 -89.68886816872616 -27.718382270914088 0.7343439473007798
u 5818 0.935154537447813 0.00406265
x 5818 -88.99600534279597 -27.09032661213565 0.7384065973007797
u 5819 0.9327976157622382 0.00420573
x 5819 -88.30748466734434 -26.461002062406354 0.7426123273007798
u 5820 0.8181128675636837 0.0031985
x 5820 -87.70566293457797 -25.906819154482022 0.7458108273007797
u 5821 0.928409738691245 0.00297464
x 5821 -87.02464875502427 -25.275817019328326 0.7487854673007798
u 5822 0.8265108363652324 0.00321731
x 5822 -86.42012232508418 -24.71219713955081 0.7520027773007798
u 5823 0.9494962804383362 0.00346634
x 5823 -85.72780961034915 -24.06239302377885 0.7554691173007798
u 5824 0.8444623252666499 0.00152977
x 5824 -85.11352637523383 -23.482934149671593 0.7569988873007798
u 5825 0.9459420048659776 -0.000561609
x 5825 -84.42573849256192 -22.833508186608157 0.7564372783007798
u 5826 0.8356611354945928 -0.00161506
x 5826 -83.81751109199318 -22.2604559980783 0.7548222183007798
u 5827 0.9188664454286541 -0.0076335
x 5827 -83.14581847243201 -21.633446851820082 0.7471887183007798
u 5828 0.9183900676140004 -0.0102046
x 5828 -82.46891272908894 -21.012776559537702 0.7369841183007798
u 5829 0.8053733216731183 -0.0070739
x 5829 -81.87062535670172 -20.473633069792363 0.7299102183007798
u 5830 0.8825047489875182 -0.00616354
x 5830 -81.21114325451983 -19.887207010221903 0.7237466783007799
u 5831 0.7742097492028791 -0.00265773
x 5831 -80.63032409917375 -19.375299311783763 0.7210889483007799
u 5832 0.8467741371078222 -0.00126837
x 5832 -79.99396847712096 -18.816660013640952 0.7198205783007798
u 5833 0.7377491419017685 -0.00131731
x 5833 -79.43891698934424 -18.330664577873456 0.7185032683007798
u 5834 0.8254640181327836 -0.000106782
x 5834 -78.8174854283625 -17.787328899308946 0.7183964863007798
u 5835 0.7268440012775222 -9.19812e-05
x 5835 -78.27025013037955 -17.308961121901422 0.7183045051007798
u 5836 0.8203990618680457 -0.000932306
x 5836 -77.65230151784925 -16.769337100721295 0.7173721991007798
u 5837 0.7306620548677656 -0.000907925
x 5837 -77.10150347404938 -16.289244904683414 0.7164642741007797
u 5838 0.825297089813596 -0.000975325
x 5838 -76.47885596548919 -15.747557437092228 0.7154889491007798
u 5839 0.7357780334696608 -0.000666052
x 5839 -75.92335017797791 -15.265081930393434 0.7148228971007797
u 5840 0.8281110232622246 -0.000518471
x 5840 -75.29781230928616 -14.722430821190592 0.7143044261007797
u 5841 0.832670013897367 -0.0003591
x 5841 -74.66859131235232 -14.177068298082625 0.7139453261007798
u 5842 0.7359750103007766 -0.00040663
x 5842 -74.11225499776606 -13.69524974987569 0.7135386961007798
u 5843 0.8361310148023204 -0.000348084
x 5843 -73.4800025002722 -13.148100916130927 0.7131906121007798
u 5844 0.7474960029482114 -0.000172038
x 5844 -72.91464545103176 -12.659100220917757 0.7130185741007798
u 5845 0.8403620001621959 2.83747e-05
x 5845 -72.27901115131606 -12.10939363710409 0.7130469488007798
u 5846 0.7477680024470943 -0.000463069
x 5846 -71.71330694737436 -11.620378576871289 0.7125838798007798
u 5847 0.8471667998145891 -0.00399449
x 5847 -71.0711724279663 -11.067790220673341 0.7085893898007798
u 5848 0.7577296640876249 -0.00811794
x 5848 -70.49384783152462 -10.577028159100173 0.7004714498007798
u 5849 0.864125447391899 -0.0160609
x 5849 -69.8287463235381 -10.02536093905484 0.6844105498007798
u 5850 0.7727313948710667 -0.0208077
x 5850 -69.22500109901355 -9.543091337162897 0.6636028498007798
u 5851 0.886325115387937 -0.0290006
x 5851 -68.51895567622914 -9.007351647687807 0.6346022498007797
u 5852 0.8958456528174928 -0.0300973
x 5852 -67.78964144000466 -8.487178985184844 0.6045049498007797
u 5853 0.7980966976619986 -0.0270006
x 5853 -67.1269369881791 -8.042496567777713 0.5775043498007797
u 5854 0.8909354975634094 -0.0300687
x 5854 -66.3732869618639 -7.567398793597887 0.5474356498007797
u 5855 0.7961343247820243 -0.0263392
x 5855 -65.68811965635949 -7.162011344433748 0.5210964498007797
u 5856 0.9025396496223809 -0.0264893
x 5856 -64.89951151373447 -6.7231179788481175 0.49460714980077974
u 5857 0.8036385532832022 -0.021019
x 5857 -64.18822792341948 -6.349103538724526 0.47358814980077973
u 5858 0.9039866785375228 -0.0213535
x 5858 -63.37939561298068 -5.945431446981644 0.4522346498007797
u 5859 0.79759110020791 -0.0179511
x 5859 -62.65889444244728 -5.603360484053165 0.4342835498007797
u 5860 0.8966159842980024 -0.0174317
x 5860 -61.84226289812437 -5.233208099969662 0.4168518498007797
u 5861 0.8051777220243507 -0.00862754
x 5861 -61.104636908632806 -4.910384553290255 0.4082243098007797
u 5862 0.9065827158774992 -0.00368253
x 5862 -60.27188986679956 -4.552022088406362 0.4045417798007797
u 5863 0.8999020618754571 -0.000145346
x 5863 -59.4445995986054 -4.197882946692685 0.4043964338007797
u 5864 0.8037263860221655 0.00243706
x 5864 -58.70608782172599 -3.8807455328160954 0.4068334938007797
u 5865 0.8997364707783759 0.00223277
x 5865 -57.880187413150054 -3.5237947019517883 0.4090662638007797
u 5866 0.7994713007105476 0.00203009
x 5866 -57.14700167557178 -3.2050584232490897 0.4110963538007797
u 5867 0.8958826992045912 0.0030027
x 5867 -56.32629973555062 -2.8458182064839614 0.4140990538007797
u 5868 0.7833068888416601 0.00347171
x 5868 -55.60974710938189 -2.529398548798391 0.41757076380077973
u 5869 0.8729575376197696 0.00463301
x 5869 -54.8126198268851 -2.17353116496607 0.4222037738007797
u 5870 0.7668754898572998 0.00781016
x 5870 -54.11431937465834 -1.8565587593212367 0.43001393380077974
u 5871 0.8548251317638538 0.0138765
x 5871 -53.33981500151311 -1.4948167844276257 0.44389043380077975
u 5872 0.7458337599552598 0.0158198
x 5872 -52.66882328841764 -1.1691996514440743 0.45971023380077974
u 5873 0.0 0.0
x 5873 -52.66882328841764 -1.1691996514440743 0.45971023380077974
u 5874 0.8263950528901078 0.0193037
x 5874 -51.93180851053431 -0.7954125541829151 0.4790139338007797
u 5875 0.8230235338166199 0.0194092
x 5875 -51.20514344765579 -0.4090133316028939 0.49842313380077974
u 5876 0.7199192737141104 0.0167622
x 5876 -50.57572528833984 -0.05957892250525998 0.5151853338007797
u 5877 0.7988557266863673 0.0187553
x 5877 -49.884291522484226 0.34050995854734334 0.5339406338007797
u 5878 0.7013360152914739 0.0163195
x 5878 -49.28351488754114 0.7023507036483331 0.5502601338007798
u 5879 0.0 0.0
x 5879 -49.28351488754114 0.7023507036483331 0.5502601338007798
u 5880 0.7779355934444558 0.017831
x 5880 -48.62407328838069 1.11503039837532 0.5680911338007798
u 5881 0.6788192683190695 0.0152418
x 5881 -48.054681897962915 1.4845978792430023 0.5833329338007798
u 5882 0.7587196345179535 0.0159044
x 5882 -47.42478053231383 1.9075253187924055 0.5992373338007798
u 5883 0.6627180090110714 0.0122213
x 5883 -46.87982816934386 2.2846415012430494 0.6114586338007798
u 5884 0.705309129730075 0.0111595
x 5884 -46.304584069372304 2.6927469182184542 0.6226181338007798
u 5885 0.0 0.0
x 5885 -46.304584069372304 2.6927469182184542 0.6226181338007798
u 5886 0.5841593022921752 0.00878172
x 5886 -45.831541548879 3.0354868651985623 0.6313998538007798
u 5887 0.6055539449040358 0.00903056
x 5887 -45.344357783638245 3.3951326173609226 0.6404304138007798
u 5888 0.0 0.0
x 5888 -45.344357783638245 3.3951326173609226 0.6404304138007798
u 5889 0.5480334617652557 0.00796624
x 5889 -44.90623237884169 3.7243517185131796 0.6483966538007798
u 5890 0.44441658497865083 0.00594843
x 5890 -44.55280909096583 3.9937909476820255 0.6543450838007798
u 5891 0.0 0.0
x 5891 -44.55280909096583 3.9937909476820255 0.6543450838007798
u 5892 0.4789577315882562 0.00597483
x 5892 -44.17365478431138 4.286437215306848 0.6603199138007798
u 5893 0.4208009587078783 0.0047239
x 5893 -43.84191872031334 4.545327735424058 0.6650438138007798
u 5894 0.47677897981331685 0.00440561
x 5894 -43.46739554456962 4.84037047596701 0.6694494238007798
u 5895 0.4266254688836863 0.0033029
x 5895 -43.133289266059286 5.105666762967783 0.6727523238007798
u 5896 0.4901895287503807 0.00323265
x 5896 -42.75040174227909 5.411743075315995 0.6759849738007797
u 5897 0.0 0.0
x 5897 -42.75040174227909 5.411743075315995 0.6759849738007797
u 5898 0.44672228979319456 0.00249211
x 5898 -42.40226630705101 5.69167595951105 0.6784770838007798
u 5899 0.0 0.0
x 5899 -42.40226630705101 5.69167595951105 0.6784770838007798
u 5900 0.5132743146456765 0.00246038
x 5900 -42.00306384511581 6.014302343368208 0.6809374638007798
u 5901 0.46269019342494117 0.00209008
x 5901 -41.64386612794483 6.305951339829885 0.6830275438007798
u 5902 0.5283942782048391 0.00223928
x 5902 -41.23438267178463 6.639902976601898 0.6852668238007797
u 5903 0.5360892135852844 0.00198243
x 5903 -40.819652058155704 6.979594114137219 0.6872492538007797
u 5904 0.0 0.0
x 5904 -40.819652058155704 6.979594114137219 0.6872492538007797
u 5905 0.48556113703109816 0.00168458
x 5905 -40.444575831583165 7.287956540997656 0.6889338338007798
u 5906 0.5503521113973555 0.00128269
x 5906 -40.01997020305205 7.638095749329152 0.6902165238007798
u 5907 0.4929200467625395 0.000984826
x 5907 -39.64003012952712 7.952127106668842 0.6912013498007799
u 5908 0.5605420594409707 0.00106364
x 5908 -39.208333374443335 8.309681693312294 0.6922649898007799
u 5909 0.5037340448497892 0.000939003
x 5909 -38.820708767578 8.631388288595257 0.6932039928007799
u 5910 0.5728290580745354 0.00100856
x 5910 -38.38027182879951 8.997651042529416 0.69421255280078
u 5911 0.5061710399851252 0.000901143
x 5911 -37.99139612659202 9.321664611094326 0.69511369580078
u 5912 0.5560400528856174 0.000979551
x 5912 -37.56454248447831 9.678002209314448 0.69609324680078
u 5913 0.4864430352888337 0.000898863
x 5913 -37.19140912877596 9.990089231651691 0.69699210980078
u 5914 0.0 0.0
x 5914 -37.19140912877596 9.990089231651691 0.69699210980078
u 5915 0.5438000614966747 0.0010973
x 5915 -36.774627644947635 10.339390923530702 0.6980894098007799
u 5916 0.532385055322933 0.00100192
x 5916 -36.366954053019946 10.681788449610705 0.6990913298007799
u 5917 0.0 0.0
x 5917 -36.366954053019946 10.681788449610705 0.6990913298007799
u 5918 0.4657430370672071 0.000915246
x 5918 -36.010598846357276 10.981667638816704 0.70000657580078
u 5919 0.5210620609225747 0.00102735
x 5919 -35.6122433078481 11.317552310083448 0.70103392580078
u 5920 0.4577820292375909 0.00082265
x 5920 -35.26253889545087 11.612969300834108 0.70185657580078
u 5921 0.5115430366087108 0.000831623
x 5921 -34.87203907524207 11.943402582509133 0.7026881988007799
u 5922 0.4622150278758132 0.000815113
x 5922 -34.519441038702325 12.242262658119257 0.70350331180078
u 5923 0.5218410351098605 0.000754919
x 5923 -34.12162264634556 12.579988256341176 0.70425823080078
u 5924 0.465812007850049 0.000357082
x 5924 -33.76668488122646 12.881650330927839 0.7046153128007799
u 5925 0.5328190045616296 0.000274301
x 5925 -33.360798315415025 13.226834608576551 0.70488961380078
u 5926 0.4787410000000159 -0.00015073
x 5926 -32.996126018629134 13.537007238903325 0.70473888380078
u 5927 0.5441580444602477 -0.001028
x 5927 -32.581415777357755 13.889318702041596 0.70371088380078
u 5928 0.0 0.0
x 5928 -32.581415777357755 13.889318702041596 0.70371088380078
u 5929 0.5477831796206262 -0.00209747
x 5929 -32.16338910222013 14.243324352758975 0.7016134138007799
u 5930 0.49418141674819666 -0.00319496
x 5930 -31.785423540016197 14.561690649194514 0.6984184538007799
u 5931 0.5625473438139762 -0.00538136
x 5931 -31.353619784014334 14.922251693455712 0.6930370938007799
u 5932 0.503249323389733 -0.00748402
x 5932 -30.96526594090751 15.242314174756434 0.6855530738007799
u 5933 0.5768064057263512 -0.011923
x 5933 -30.516611577876624 15.604820658620804 0.6736300738007799
u 5934 0.520172476438333 -0.0124678
x 5934 -30.10805206271169 15.926775659807294 0.6611622738007799
u 5935 0.5890254987133858 -0.0153083
x 5935 -29.640396397186695 16.284885197794303 0.6458539738007798
u 5936 0.5313508975271637 -0.0139797
x 5936 -29.21384540816077 16.601718643007583 0.6318742738007798
u 5937 0.6087023568341426 -0.016022
x 5937 -28.719811004128463 16.957303570651796 0.6158522738007798
u 5938 0.5477829121499286 -0.014421
x 5938 -28.2703999136213 17.270497744179618 0.6014312738007798
u 5939 0.622225497494775 -0.016396
x 5939 -27.754495216805513 17.61834575725095 0.5850352738007798
u 5940 0.6318894289098637 -0.0160104
x 5940 -27.22492284202749 17.963061322857996 0.5690248738007798
u 5941 0.5714128140049547 -0.0131791
x 5941 -26.74153453364462 18.26776383580025 0.5558457738007798
u 5942 0.0 0.0
x 5942 -26.74153453364462 18.26776383580025 0.5558457738007798
u 5943 0.654194617850149 -0.0145644
x 5943 -26.183331918537927 18.60889852094634 0.5412813738007798
u 5944 0.58417476952716 -0.0132572
x 5944 -25.680684984971105 18.906558097346114 0.5280241738007798
u 5945 0.6611707931852472 -0.0151186
x 5945 -25.107066536245938 19.23534429912093 0.5129055738007798
u 5946 0.5943871604045297 -0.0140947
x 5946 -24.587125359427272 19.52335718131079 0.4988108738007798
u 5947 0.6716303989588392 -0.0162788
x 5947 -23.994742707995808 19.839838184988064 0.48253207380077984
u 5948 0.6008193216563359 -0.0147159
x 5948 -23.460491132396072 20.11470651129225 0.46781617380077983
u 5949 0.6792248522375809 -0.0173154
x 5949 -22.851624074811532 20.41573106069412 0.45050077380077985
u 5950 0.6073415318178252 -0.0158662
x 5950 -22.302802614456528 20.675829124809948 0.43463457380077986
u 5951 0.6904632709661774 -0.0187492
x 5951 -21.673847077258504 20.96068083212158 0.41588537380077983
u 5952 0.6994984962337017 -0.0204845
x 5952 -21.03112495786539 21.236704950613312 0.3954008738007798
u 5953 0.631706433672428 -0.0188431
x 5953 -20.44590170181912 21.47451780071054 0.3765577738007798
u 5954 0.7215781010984998 -0.0219267
x 5954 -19.7720251745794 21.732480048927123 0.3546310738007798
u 5955 0.652036919517831 -0.019993
x 5955 -19.15833891487815 21.952768853538746 0.3346380738007798
u 5956 0.7446049674235837 -0.0227736
x 5956 -18.452314037839578 22.18928834179712 0.3118644738007798
u 5957 0.6731295567175937 -0.0207896
x 5957 -17.80955343266595 22.38915300911642 0.2910748738007798
u 5958 0.7643814091509004 -0.0240025
x 5958 -17.074762787898305 22.59970845626516 0.2670723738007798
u 5959 0.6826966741640451 -0.021177
x 5959 -16.414410874571335 22.772892409168723 0.2458953738007798
u 5960 0.7731219338562947 -0.0228853
x 5960 -15.662456710091499 22.95249300036154 0.2230100738007798
u 5961 0.6836248994360697 -0.0180142
x 5961 -14.994435269556861 23.097674679901218 0.2049958738007798
u 5962 0.7683275860351234 -0.0136335
x 5962 -14.241152219873838 23.248945241437795 0.1913623738007798
u 5963 0.7669621482309937 -0.00505589
x 5963 -13.487824625919108 23.392914752013674 0.1863064838007798
u 5964 0.674252009601029 0.000139485
x 5964 -12.825249200009313 23.517853043559338 0.1864459688007798
u 5965 0.7591645752492319 0.00350184
x 5965 -12.079489444007965 23.659883496934313 0.1899478088007798
u 5966 0.6734971888499063 0.00628507
x 5966 -11.418509676830082 23.7891224910408 0.1962328788007798
u 5967 0.7515747565305108 0.00909119
x 5967 -10.682035374322508 23.939010202071444 0.2053240688007798
u 5968 0.668278179869593 0.00915302
x 5968 -10.028427089299347 24.07825393639338 0.2144770888007798
u 5969 0.7452428003941561 0.0111442
x 5969 -9.30115830534002 24.24092292391943 0.2256212888007798
u 5970 0.6662454147418672 0.0110216
x 5970 -8.652633184163676 24.39354542052844 0.2366428888007798
u 5971 0.7621031627829303 0.013864
x 5971 -7.913031698674047 24.57734305499952 0.2505068888007798
u 5972 0.6767281149752832 0.0124873
x 5972 -7.258490816250498 24.749189567744956 0.2629941888007798
u 5973 0.7587065022343228 0.0139373
x 5973 -6.5272699689753955 24.95153163228599 0.2769314888007798
u 5974 0.0 0.0
x 5974 -6.5272699689753955 24.95153163228599 0.2769314888007798
u 5975 0.7531792117806091 0.0138024
x 5975 -5.804231801596777 25.16244803226765 0.29073388880077977
u 5976 0.6636123857231154 0.0121001
x 5976 -5.169635121398908 25.356517810657625 0.3028339888007798
u 5977 0.7410642432952285 0.0134349
x 5977 -4.4637987391197065 25.582267569958365 0.31626888880077975
u 5978 0.653575822815655 0.0118719
x 5978 -3.8438598676050124 25.78922682850012 0.32814078880077974
u 5979 0.7420131298087019 0.013385
x 5979 -3.143059589748157 26.033059220284645 0.3415257888007797
u 5980 0.6639820704899978 0.0119378
x 5980 -2.5187682117417993 26.259172531569188 0.3534635888007797
u 5981 0.7460042750602606 0.0134455
x 5981 -1.8206394205891032 26.52209872909345 0.3669090888007797
u 5982 0.6634821131402501 0.011929
x 5982 -1.202752566668936 26.763799225694026 0.37883808880077974
u 5983 0.7503041575521447 0.0132628
x 5983 -0.50750931592404 27.045907182145328 0.39210088880077976
u 5984 0.662275624043229 0.0116389
x 5984 0.10301851248079186 27.302538866971876 0.40373978880077976
u 5985 0.7381101619769294 0.0127919
x 5985 0.7799101534934774 27.596846339806497 0.4165316888007798
u 5986 0.7385449645823178 0.0120655
x 5986 1.4534888110106294 27.899722287756536 0.4285971888007798
u 5987 0.6511322815720413 0.00995379
x 5987 2.044369393726125 28.173272803299337 0.4385509788007798
u 5988 0.7305322759884303 0.0106054
x 5988 2.704112568314114 28.486978633293184 0.4491563788007798
u 5989 0.6487680301676845 0.00878773
x 5989 3.2872864557900403 28.771241654634956 0.4579441088007798
u 5990 0.7259405168680321 0.00845579
x 5990 3.9370638061645016 29.094932694025406 0.4663998988007798
u 5991 0.6396326208983911 0.00649996
x 5991 4.5074403514115176 29.38441334258594 0.47289985880077984
u 5992 0.7075885152152712 0.00701795
x 5992 5.13623584409794 29.70890630136492 0.47991780880077983
u 5993 0.6114056602028087 0.00504816
x 5993 5.677857939957955 29.99256382857858 0.48496596880077986
u 5994 0.6793978293762032 0.00301706
x 5994 6.2784362649409475 30.310190552875017 0.48798302880077987
u 5995 0.0 0.0
x 5995 6.2784362649409475 30.310190552875017 0.48798302880077987
u 5996 0.5903540486128795 0.000707299
x 5996 6.799786439088436 30.587159656026497 0.48869032780077987
u 5997 0.6499020041810193 -0.000754192
x 5997 7.373731418764742 30.892052678777343 0.4879361358007799
u 5998 0.6369841375164031 -0.00542041
x 5998 7.937187529971893 31.189146954647747 0.4825157258007799
u 5999 0.551732934901536 -0.00922704
x 5999 8.427103500241866 31.442897646855833 0.4732886858007799
u 6000 0.6036725804694996 -0.0122607
x 6000 8.96609017623933 31.714760447567716 0.46102798580077986
u 6001 0.5200727938614844 -0.0119502
x 6001 9.433236431277908 31.943336186675342 0.44907778580077984
u 6002 0.5703466023677565 -0.0145802
x 6002 9.94881878910845 32.18718925001753 0.43449758580077985
u 6003 0.4927107772017195 -0.0129118
x 6003 10.397074268610059 32.39170712795486 0.4215857858007799
u 6004 0.0 0.0
x 6004 10.397074268610059 32.39170712795486 0.4215857858007799
u 6005 0.5324678827004404 -0.0144561
x 6005 10.884477858561759 32.60607794951263 0.4071296858007799
u 6006 0.45557216873917833 -0.0131124
x 6006 11.303982797752864 32.7837254466485 0.3940172858007799
u 6007 0.4931778018442259 -0.0168376
x 6007 11.760942881700759 32.969214205587285 0.3771796858007799
u 6008 0.4265012561340612 -0.0169695
x 6008 12.158777832898823 33.12292272193598 0.3602101858007799
u 6009 0.0 0.0
x 6009 12.158777832898823 33.12292272193598 0.3602101858007799
u 6010 0.47005497201310403 -0.0206534
x 6010 12.600345575720764 33.28404922867981 0.3395567858007799
u 6011 0.46438980758969983 -0.0235624
x 6011 13.040001474707632 33.433550421086956 0.31599438580077993
u 6012 0.4017565246437998 -0.0242161
x 6012 13.423340464754743 33.55376537943069 0.2917782858007799
u 6013 0.4443425699775839 -0.0285221
x 6013 13.850667381459656 33.675497220543654 0.2632561858007799
u 6014 0.3883431434081494 -0.0249939
x 6014 14.226855031023556 33.77185799386787 0.2382622858007799
u 6015 0.0 0.0
x 6015 14.226855031023556 33.77185799386787 0.2382622858007799
u 6016 0.43203799425572853 -0.0291389
x 6016 14.648113856402652 33.867694436569145 0.2091233858007799
u 6017 0.37297537002134606 -0.0283407
x 6017 15.014011622074031 33.939944979026286 0.1807826858007799
u 6018 0.3968402983932515 -0.0332688
x 6018 15.405499496036805 34.00479050487975 0.1475138858007799
u 6019 0.32521468587470165 -0.0282431
x 6019 15.727814400555296 34.0480416778134 0.1192707858007799
u 6020 0.0 0.0
x 6020 15.727814400555296 34.0480416778134 0.1192707858007799
u 6021 0.3208379855705992 -0.0281618
x 6021 16.046868456699343 34.081727272001764 0.0911089858007799
u 6022 0.24614630791255918 -0.021976
x 6022 16.292220197547994 34.101427267266025 0.06913298580077991
u 6023 0.2368694871037384 -0.0212054
x 6023 16.52867963698102 34.11528313189876 0.04792758580077991
u 6024 0.19704415313501716 -0.0178043
x 6024 16.72557116097286 34.12297081256418 0.03012328580077991
u 6025 0.15087769440794124 -0.0136625
x 6025 16.87640675707349 34.126484716144645 0.016460785800779913
u 6026 0.16703077370331612 -0.0151193
x 6026 17.043429323024693 34.12797144595082 0.0013414858007799128
u 6027 0.16791672669343696 -0.0152517
x 6027 17.21134110648531 34.12691621325866 -0.013910214199220087
u 6028 0.21509137137604775 -0.020013
x 6028 17.426367375196605 34.12177251065873 -0.033923214199220085
u 6029 0.21268050325611912 -0.0205887
x 6029 17.638836243883226 34.11237152710611 -0.054511914199220086
u 6030 0.261421829386644 -0.0265307
x 6030 17.899650199471814 34.09466715255726 -0.08104261419922008
u 6031 0.25455006075125597 -0.026489
x 6031 18.15306220663807 34.07070260816195 -0.10753161419922008
u 6032 0.3139341844835966 -0.0326993
x 6032 18.464576685177548 34.03191316918471 -0.14023091419922007
u 6033 0.3027842143523998 -0.0317985
x 6033 18.763665359736947 33.98483323214358 -0.17202941419922008
u 6034 0.3689681223163221 -0.0394376
x 6034 19.12584777183688 33.91452155644902 -0.2114670141992201
u 6035 0.3984038164064321 -0.0435243
x 6035 19.51343426726291 33.82244955170125 -0.2549913141992201
u 6036 0.0 0.0
x 6036 19.51343426726291 33.82244955170125 -0.2549913141992201
u 6037 0.379228678835567 -0.042802
x 6037 19.87824192280873 33.7189709990958 -0.2977933141992201
u 6038 0.45063680473220336 -0.0519892
x 6038 20.305414202344508 33.5756125767182 -0.34978251419922013
u 6039 0.4106476620552428 -0.0475199
x 6039 20.687707830218073 33.42577481772692 -0.39730241419922013
u 6040 0.0 0.0
x 6040 20.687707830218073 33.42577481772692 -0.39730241419922013
u 6041 0.4579905197541102 -0.0533391
x 6041 21.105099362351883 33.23738718736742 -0.45064151419922016
u 6042 0.3923753206364693 -0.0456117
x 6042 21.45428380562192 33.05849636291923 -0.49625321419922014
u 6043 0.0 0.0
x 6043 21.45428380562192 33.05849636291923 -0.49625321419922014
u 6044 0.4252085944656698 -0.0491189
x 6044 21.823079082831832 32.84694011997958 -0.5453721141992202
u 6045 0.3650714894270996 -0.0413177
x 6045 22.131190702360428 32.65117121792821 -0.5866898141992202
u 6046 0.3912222853560274 -0.0412974
x 6046 22.452427796206447 32.42792280309728 -0.6279872141992202
u 6047 0.33376057668468295 -0.0325659
x 6047 22.719270378491228 32.227470030123484 -0.6605531141992202
u 6048 0.3620901271129939 -0.0342206
x 6048 23.00133924359604 32.00045985111923 -0.6947737141992203
u 6049 0.3415738665898234 -0.0320194
x 6049 23.26019027765631 31.7776171247462 -0.7267931141992203
u 6050 0.28347725567074616 -0.0247648
x 6050 23.469681490060868 31.58664938011241 -0.7515579141992204
u 6051 0.289398656188681 -0.0241113
x 6051 23.67872117894769 31.386524585786635 -0.7756692141992203
u 6052 0.2334213440611687 -0.0192548
x 6052 23.843789204472294 31.22149008190934 -0.7949240141992203
u 6053 0.2377248590099277 -0.0194317
x 6053 24.008618083776785 31.0501927645798 -0.8143557141992204
u 6054 0.1879772884384377 -0.0154595
x 6054 24.136571999858035 30.91248818012266 -0.8298152141992203
u 6055 0.18467824263912655 -0.0152593
x 6055 24.260187640175406 30.775285538058114 -0.8450745141992203
u 6056 0.15588848740428812 -0.0129099
x 6056 24.362891456337003 30.658013166468333 -0.8579844141992203
u 6057 0.16472201459681582 -0.0136156
x 6057 24.469761985052155 30.532667193208972 -0.8716000141992203
u 6058 0.14478898035731544 -0.0119416
x 6058 24.562284711117023 30.42129778595521 -0.8835416141992203
u 6059 0.18192500309759405 -0.0149878
x 6059 24.67664297488401 30.279811833611223 -0.8985294141992203
u 6060 0.21025453559561658 -0.0179426
x 6060 24.806098535718977 30.114140346830066 -0.9164720141992203
u 6061 0.20847700680696873 -0.0189833
x 6061 24.931404826003934 29.94752794995164 -0.9354553141992203
u 6062 0.2608666287568734 -0.0259648
x 6062 25.083473581526867 29.735578266088723 -0.9614201141992204
u 6063 0.25158195823859253 -0.0277978
x 6063 25.22458235895818 29.527305082308555 -0.9892179141992203
u 6064 0.30304791934877623 -0.0366368
x 6064 25.386384361888602 29.271086657478893 -1.0258547141992203
u 6065 0.2896100138333072 -0.0374473
x 6065 25.531837289639988 29.020671791693953 -1.0633020141992202
u 6066 0.35018994339245224 -0.0485596
x 6066 25.69452937124787 28.71060698041995 -1.1118616141992201
u 6067 0.33100807750722955 -0.0497911
x 6067 25.833716749443877 28.410322803326974 -1.1616527141992201
u 6068 0.3946248199609979 -0.0646714
x 6068 25.97889530894284 28.043447258451625 -1.22632411419922
u 6069 0.0 0.0
x 6069 25.97889530894284 28.043447258451625 -1.22632411419922
u 6070 0.3671420278386009 -0.0638542
x 6070 26.091765491279013 27.694151113718842 -1.29017831419922
u 6071 0.43165941386663864 -0.0762423
x 6071 26.195393545874897 27.27522291722552 -1.3664206141992201
u 6072 0.45288873985852196 -0.0813746
x 6072 26.269175216645085 26.82851124493215 -1.44779521419922
u 6073 0.40124087252249113 -0.0721632
x 6073 26.30399942270938 26.428871833184765 -1.5199584141992202
u 6074 0.43033609251374677 -0.0773279
x 6074 26.309236883656855 25.998674831689137 -1.5972863141992202
u 6075 0.35835220528168926 -0.0643868
x 6075 26.28822326045268 25.64100127576716 -1.6616731141992203
u 6076 0.37403039703660446 -0.0671073
x 6076 26.241811209499033 25.2699323256118 -1.7287804141992202
u 6077 0.31117461982873157 -0.055762
x 6077 26.18431458835644 24.964156762488585 -1.7845424141992203
u 6078 0.3301735623728829 -0.0593046
x 6078 26.104753683774607 24.643762167001235 -1.8438470141992203
u 6079 0.2794602597001314 -0.0501369
x 6079 26.02267842290759 24.376656700878108 -1.8939839141992203
u 6080 0.30555740502706785 -0.0547206
x 6080 25.91775930433759 24.08971766323364 -1.9487045141992203
u 6081 0.2708680264801854 -0.0484685
x 6081 25.811754437689764 23.840482645893694 -1.9971730141992203
u 6082 0.3073596711719636 -0.0549447
x 6082 25.677016253165487 23.56427289761248 -2.05211771419922
u 6083 0.309580469150611 -0.055266
x 6083 25.526187899785295 23.293964771132885 -2.10738371419922
u 6084 0.28011384376968607 -0.049927
x 6084 25.377042894121413 23.056892555994455 -2.15731071419922
u 6085 0.31704387581470816 -0.0564729
x 6085 25.194210552658507 22.79792838275152 -2.21378361419922
u 6086 0.28106128247988926 -0.049977
x 6086 25.02013984694233 22.577296578510566 -2.2637606141992204
u 6087 0.31588509765278955 -0.0560526
x 6087 24.8116422061912 22.340049859420276 -2.3198132141992205
u 6088 0.28330949376288894 -0.050263
x 6088 24.61359928788594 22.13750017393459 -2.3700762141992207
u 6089 0.3223882021339058 -0.0572246
x 6089 24.376190445057492 21.919456978799772 -2.4273008141992207
u 6090 0.28503083078376207 -0.0505923
x 6090 24.156202911997646 21.738264450359264 -2.4778931141992206
u 6091 0.32416686859785593 -0.0574801
x 6091 23.895253478731462 21.54601299438864 -2.5353732141992205
u 6092 0.29066610616076244 -0.0516111
x 6092 23.65221506379569 21.386638084796925 -2.5869843141992206
u 6093 0.33238329912912423 -0.0589934
x 6093 23.36465614052928 21.22003530553142 -2.6459777141992205
u 6094 0.33369065725850705 -0.0592189
x 6094 23.066590399276 21.070122892138787 -2.7051966141992203
u 6095 0.29691138129928285 -0.0524759
x 6095 22.794336742938267 20.951741783078024 -2.7576725141992204
u 6096 0.33201131986375415 -0.0581865
x 6096 22.48305143884778 20.836408011494807 -2.8158590141992206
u 6097 0.29047421784395877 -0.0505674
x 6097 22.205619031758673 20.750451319715566 -2.8664264141992204
u 6098 0.3149370396610105 -0.054059
x 6098 21.900365145294497 20.673112769378395 -2.9204854141992205
u 6099 0.27213613313935364 -0.0435619
x 6099 21.63363834368026 20.619231625091235 -2.9640473141992203
u 6100 0.30256550754924616 -0.0443987
x 6100 21.334740863908994 20.57242195028498 -3.00844601419922
u 6101 0.26089964936199533 -0.035646
x 6101 21.07558793638837 20.54240229080707 -3.04409201419922
u 6102 0.2857089140344767 -0.0354449
x 6102 20.790802654278536 20.51963431341217 -3.07953691419922
u 6103 0.24779679920692763 -0.0275875
x 6103 20.54330223436759 20.5076801680541 -3.10712441419922
u 6104 0.2687767003878664 -0.0265863
x 6104 20.274593703349783 20.501989390312357 -3.13371071419922
u 6105 0.2594832194208791 -0.0219471
x 6105 20.01511693172556 20.502791594008247 -3.15565781419922
u 6106 0.22225462425942819 -0.01578
x 6106 19.792918177316775 20.507670787344722 -3.17143781419922
u 6107 0.23895196094416654 -0.0139257
x 6107 19.55412999716852 20.51646407670812 -3.1853635141992203
u 6108 0.20106882389922212 -0.00926686
x 6108 19.353297395534664 20.52619283558927 -3.19463037419922
u 6109 0.21154221391877273 -0.00716713
x 6109 19.142094642067356 20.538164203031563 -3.20179750419922
u 6110 0.17964336065494013 -0.00436513
x 6110 18.962800913393135 20.549364410280603 -3.20616263419922
u 6111 0.19817726235847768 -0.00333932
x 6111 18.76505835415978 20.562481997253375 -3.20950195419922
u 6112 0.16475203898848215 -0.00124913
x 6112 18.600693085603783 20.573764253855106 -3.21075108419922
u 6113 0.17546000058536085 0.000511629
x 6113 18.42564942653362 20.58584434297671 -3.21023945519922
u 6114 0.15025303348984925 0.00173624
x 6114 18.275741407206027 20.596020498579573 -3.20850321519922
u 6115 0.16252012465063018 0.0029525
x 6115 18.113569144410995 20.60664730003381 -3.20555071519922
u 6116 0.15935717315052703 0.0033334
x 6116 17.954521114884976 20.616567452445118 -3.20221731519922
u 6117 0.15639416754094201 0.00332752
x 6117 17.79839878402468 20.625783247536074 -3.19888979519922
u 6118 0.19497532812973506 0.00412769
x 6118 17.60372092577691 20.636546895265305 -3.1947621051992203
u 6119 0.18849229421996985 0.0040337
x 6119 17.415475308809633 20.646184555712427 -3.1907284051992204
u 6120 0.22958954370379683 0.0048989
x 6120 17.186136156914365 20.656899338345237 -3.1858295051992203
u 6121 0.21959747113401248 0.00472925
x 6121 16.96673137041668 20.66609167817153 -3.1811002551992202
u 6122 0.26527986564302086 0.0057899
x 6122 16.70162965721157 20.67580209411901 -3.1753103551992203
u 6123 0.2520028020641501 0.00583956
x 6123 16.449746717427697 20.68356201876887 -3.1694707951992203
u 6124 0.3024045707267946 0.00726913
x 6124 16.14743167724482 20.69089265285786 -3.16220166519922
u 6125 0.28936535388809187 0.00698294
x 6125 15.858109303651108 20.69584562439295 -3.1552187251992203
u 6126 0.340621280821061 0.00823861
x 6126 15.517504378424187 20.69908377347683 -3.1469801151992205
u 6127 0.35574663536464035 0.00867457
x 6127 15.16175905461589 20.69945736903215 -3.1383055451992203
u 6128 0.33364311812039465 0.00814195
x 6128 14.828125889949174 20.6970024240798 -3.13016359519922
u 6129 0.3918785039236126 0.00949615
x 6129 14.436300134377896 20.690663253570186 -3.1206674451992202
u 6130 0.364431571657899 0.00842135
x 6130 14.071984759435223 20.681503935716066 -3.1122460951992204
u 6131 0.4319051965287331 0.0102515
x 6131 13.640338052752153 20.666618180413945 -3.1019945951992205
u 6132 0.40787879790973397 0.0110833
x 6132 13.232876815357411 20.648212996519423 -3.0909112951992204
u 6133 0.45358267621210674 0.00892542
x 6133 12.779985110275037 20.623213360021737 -3.08198587519922
u 6134 0.40996845890065065 0.00279857
x 6134 12.370779446291202 20.598218317300375 -3.0791873051992202
u 6135 0.4586771590813436 0.00199985
x 6135 11.91302404818507 20.569155253974756 -3.0771874551992204
u 6136 0.4043491444236194 0.00189419
x 6136 11.509538128686337 20.54274891994333 -3.0752932651992206
u 6137 0.4310240529743182 0.000654603
x 6137 11.079470412383868 20.51405245669781 -3.0746386621992206
u 6138 0.37477703866701806 -0.00132778
x 6138 10.705516555584087 20.489226642290273 -3.0759664421992206
u 6139 0.4217473035864549 -0.00311564
x 6139 10.284634711658835 20.462224463660384 -3.0790820821992204
u 6140 0.39976431557087244 -0.0067336
x 6140 9.885570131151894 20.438594720745964 -3.0858156821992204
u 6141 0.3626621551586661 -0.0101291
x 6141 9.523375762566495 20.420211205331732 -3.0959447821992203
u 6142 0.40713755286488235 -0.0138997
x 6142 9.116546298429558 20.404459846494333 -3.1098444821992204
u 6143 0.36799381740713033 -0.0128446
x 6143 8.748673019179892 20.395141142712703 -3.1226890821992206
u 6144 0.4218339862394878 -0.0146767
x 6144 8.326871029484106 20.39026269181228 -3.1373657821992205
u 6145 0.38771474937258205 -0.0135001
x 6145 7.939160458526752 20.391240956907588 -3.1508658821992204
u 6146 0.4446173523714126 -0.0151966
x 6146 7.494610662127758 20.398741903240335 -3.1660624821992203
u 6147 0.4050853892420851 -0.0107614
x 6147 7.089707689768752 20.410832062209188 -3.17682388219922
u 6148 0.4628055857711107 -0.00424741
x 6148 6.627225311483883 20.428116100824536 -3.18107129219922
u 6149 0.47007733363135407 0.00402256
x 6149 6.157478203939639 20.445724524515633 -3.17704873219922
u 6150 0.4191154206841972 0.00834675
x 6150 5.738569057318514 20.458833411619604 -3.16870198219922
u 6151 0.47572593111332506 0.012757
x 6151 5.2629485733971935 20.468694831100446 -3.15594498219922
u 6152 0.4306569695144868 0.0144526
x 6152 4.832306286281976 20.47176365230424 -3.1414923821992202
u 6153 0.491111744285624 0.018731
x 6153 4.3412237229356165 20.467115038184986 -3.1227613821992204
u 6154 0.441999271831213 0.0170491
x 6154 3.899395175046363 20.455025439479225 -3.1057122821992205
u 6155 0.5052212247032107 0.0197772
x 6155 3.394711251497949 20.431910432737524 -3.0859350821992204
u 6156 0.45948325669269224 0.0186426
x 6156 2.936204320745957 20.40207516734122 -3.0672924821992202
u 6157 0.5224079781904825 0.0209802
x 6157 2.4156826618066196 20.35783392123853 -3.0463122821992203
u 6158 0.46921843714676686 0.018475
x 6158 1.949031396870426 20.308882144900156 -3.0278372821992203
u 6159 0.5402326992186238 0.0210736
x 6159 1.4129761518947062 20.241909441890186 -3.0067636821992205
u 6160 0.5396575651474043 0.0196661
x 6160 0.8789640857669314 20.164114745868723 -2.9870975821992207
u 6161 0.48507935986193285 0.0153332
x 6161 0.4002533736215339 20.085798531827926 -2.9717643821992206
u 6162 0.5586565814998558 0.0167605
x 6162 -0.14954923968492873 19.986768453191708 -2.9550038821992204
u 6163 0.5007784219519047 0.0145759
x 6163 -0.6409410798560078 19.89028712152448 -2.9404279821992203
u 6164 0.5708866258309123 0.0153304
x 6164 -1.1994192509432582 19.771934728170894 -2.9250975821992204
u 6165 0.5074893617883015 0.0130222
x 6165 -1.694338159242915 19.659697982586493 -2.9120753821992205
u 6166 0.5604211622886877 0.0132392
x 6166 -2.239203094803467 19.528589273055257 -2.8988361821992203
u 6167 0.4836314942483594 0.00953049
x 6167 -2.708092975661127 19.410099056433097 -2.8893056921992204
u 6168 0.5252020573790862 0.00842304
x 6168 -3.2161111385850334 19.276858235412888 -2.8808826521992206
u 6169 0.4546611944963414 0.0045035
x 6169 -3.6551426797956226 19.158672964647423 -2.8763791521992204
u 6170 0.4991350216017056 -0.000570195
x 6170 -4.136863497932652 19.027979367204285 -2.8769493471992202
u 6171 0.48943379071543636 -0.0074933
x 6171 -4.609733290994522 18.90173170012928 -2.8844426471992204
u 6172 0.4261272630326466 -0.0122735
x 6172 -5.022503663497735 18.795888493343167 -2.8967161471992204
u 6173 0.4795115560118321 -0.0179473
x 6173 -5.488728276481945 18.68381811003058 -2.9146634471992203
u 6174 0.436316118209561 -0.0170327
x 6174 -5.9146735013111424 18.58927807587661 -2.9316961471992204
u 6175 0.5013810684615574 -0.0196674
x 6175 -6.406046152704948 18.489639778378322 -2.9513635471992203
u 6176 0.4539847337707928 -0.0177925
x 6176 -6.852581552682115 18.407768917121768 -2.9691560471992204
u 6177 0.5200322725027 -0.020431
x 6177 -7.3657773881197555 18.323779680291665 -2.9895870471992203
u 6178 0.4754165304186729 -0.0200881
x 6178 -7.836403490873156 18.256516403873707 -3.0096751471992205
u 6179 0.5469069165995363 -0.0259426
x 6179 -8.379430864456486 18.1916190083056 -3.0356177471992205
u 6180 0.4941117774099233 -0.0253317
x 6180 -8.871380036580833 18.145582009375335 -3.0609494471992207
u 6181 0.56668768343353 -0.0304037
x 6181 -9.436832933256948 18.10852509010178 -3.0913531471992206
u 6182 0.5762592286150738 -0.0333769
x 6182 -10.012741119431965 18.08919550859546 -3.1247300471992205
u 6183 0.5138075402356318 -0.032498
x 6183 -10.526525953141888 18.088880246898547 -3.1572280471992205
u 6184 0.5761071840696993 -0.0381084
x 6184 -11.102251698639378 18.108859953996117 -3.1953364471992205
u 6185 0.0 0.0
x 6185 -11.102251698639378 18.108859953996117 -3.1953364471992205
u 6186 0.513564191415321 -0.0341124
x 6186 -11.61450443390889 18.145188164743615 -3.2294488471992207
u 6187 0.5713230965988756 -0.0379157
x 6187 -12.182537420313054 18.20609387056749 -3.2673645471992208
u 6188 0.5001611242840412 -0.0329337
x 6188 -12.677625099161494 18.27699330864884 -3.300298247199221
u 6189 0.5620922640061008 -0.036438
x 6189 -13.23091228367026 18.375917767435816 -3.336736247199221
u 6190 0.4976122132405514 -0.0310996
x 6190 -13.717500757766858 18.47998320160602 -3.367835847199221
u 6191 0.5617327445378816 -0.0304347
x 6191 -14.262916452078843 18.61430014341709 -3.3982705471992207
u 6192 0.49526503950703243 -0.0218721
x 6192 -14.740542808113906 18.74526099623542 -3.4201426471992207
u 6193 0.550558995914374 -0.0217907
x 6193 -15.268189394922967 18.902398813034203 -3.4419333471992206
u 6194 0.5463725257449069 -0.0169224
x 6194 -15.78871140360833 19.068448960547133 -3.4588557471992205
u 6195 0.4836744889564865 -0.00987945
x 6195 -16.247494225858823 19.221607148354042 -3.4687351971992206
u 6196 0.5408066647271089 -0.00413937
x 6196 -16.759257758925866 19.39644855427898 -3.4728745671992205
u 6197 0.4832811026263724 0.00257805
x 6197 -17.216463132882904 19.55304913160956 -3.4702965171992206
u 6198 0.5283828625723329 0.00806611
x 6198 -17.717239692003425 19.721601122349966 -3.4622304071992205
u 6199 0.46626327097708437 0.0087391
x 6199 -18.160376155404585 19.866618807675753 -3.4534913071992204
u 6200 0.5303103481953185 0.0112532
x 6200 -18.666005415089533 20.02650986243057 -3.4422381071992203
u 6201 0.47539332930216843 0.0110206
x 6201 -19.120841784756053 20.164786422332178 -3.43121750719922
u 6202 0.5405707944547772 0.0150227
x 6202 -19.640038508365897 20.31527246949622 -3.4161948071992203
u 6203 0.4825974476012447 0.0179084
x 6203 -20.105701466309128 20.44196927935144 -3.3982864071992203
u 6204 0.5427752901670319 0.0244235
x 6204 -20.632323070674577 20.573346816312032 -3.37386290719922
u 6205 0.49076677885484465 0.0247727
x 6205 -21.11126130225066 20.680388324651762 -3.34909020719922
u 6206 0.560440145476591 0.0308068
x 6206 -21.661371283980323 20.787380494332027 -3.3182834071992198
u 6207 0.5664849604047776 0.0329253
x 6207 -22.220574831386767 20.8777553444136 -3.2853581071992197
u 6208 0.5069382063306844 0.0298363
x 6208 -22.72329220925282 20.942889969525783 -3.25552180719922
u 6209 0.5745395911357323 0.0337926
x 6209 -23.295101961065317 20.99854909505224 -3.22172920719922
u 6210 0.5142062133211384 0.0303174
x 6210 -23.808203384592044 21.03193632578274 -3.19141180719922
u 6211 0.0 0.0
x 6211 -23.808203384592044 21.03193632578274 -3.19141180719922
u 6212 0.5833209712611026 0.0343173
x 6212 -24.39118465898726 21.05098356089687 -3.15709450719922
u 6213 0.5276288312151807 0.0311096
x 6213 -24.91879221292914 21.050955625981224 -3.1259849071992196
u 6214 0.597766020451167 0.035158
x 6214 -25.51619831611981 21.031122379425412 -3.0908269071992196
u 6215 0.5410888033748509 0.0319499
x 6215 -26.056059512568442 20.995038074282782 -3.0588770071992197
u 6216 0.6060916064582148 0.0357322
x 6216 -26.659055802715795 20.93418229617561 -3.0231448071992197
u 6217 0.5338385887164205 0.0314935
x 6217 -27.188073004034543 20.862761812910747 -2.99165130719922
u 6218 0.5921391630969877 0.0348908
x 6218 -27.771906529234517 20.764112766205955 -2.95676050719922
u 6219 0.0 0.0
x 6219 -27.771906529234517 20.764112766205955 -2.95676050719922
u 6220 0.5755008482973702 0.0337602
x 6220 -28.335712305032033 20.648818284479834 -2.92300030719922
u 6221 0.5129473535952246 0.0299581
x 6221 -28.834712419859596 20.53009930953838 -2.89304220719922
u 6222 0.5867523145547836 0.0336404
x 6222 -29.400898981826824 20.376220820882352 -2.85940180719922
u 6223 0.0 0.0
x 6223 -29.400898981826824 20.376220820882352 -2.85940180719922
u 6224 0.5372002739427597 0.0287749
x 6224 -29.9146284836684 20.219229669445557 -2.83062690719922
u 6225 0.6166829146278797 0.0295398
x 6225 -30.498862237461037 20.021894713229266 -2.80108710719922
u 6226 0.567819433044633 0.0255831
x 6226 -31.031596934362703 19.825438441979372 -2.77550400719922
u 6227 0.6597533969995929 0.0278093
x 6227 -31.644268480132247 19.58073439483412 -2.74769470719922
u 6228 0.6027992898335566 0.0242403
x 6228 -32.198047094559335 19.34266205762658 -2.72345440719922
u 6229 0.6981507634122465 0.0270702
x 6229 -32.83213496875318 19.050570817812915 -2.69638420719922
u 6230 0.6362325488031307 0.0221577
x 6230 -33.40326578672163 18.770240862784306 -2.67422650719922
u 6231 0.7294741690229921 0.020906
x 6231 -34.05102696879821 18.434802890340844 -2.65332050719922
u 6232 0.7523628913572769 0.0166254
x 6232 -34.71250790413499 18.076362024372756 -2.6366951071992197
u 6233 0.6821784439761756 0.0105727
x 6233 -35.30781136968806 17.743230101003327 -2.6261224071992197
u 6234 0.7692420203315224 0.0070301
x 6234 -35.9757604706359 17.361687380823643 -2.6190923071992196
u 6235 0.6936233329644651 0.00161842
x 6235 -36.576556111542374 17.015049499330505 -2.61747388719922
u 6236 0.7831750326605443 -0.00124378
x 6236 -37.25484544065126 16.623531123353658 -2.6187176671992196
u 6237 0.6972688230470336 -0.0039665
x 6237 -37.859639111541924 16.276532867144876 -2.62268416719922
u 6238 0.7850769316737373 -0.00652683
x 6238 -38.542635062425646 15.889415143805577 -2.6292109971992197
u 6239 0.6986504191024739 -0.00733852
x 6239 -39.152815660524944 15.549136059439434 -2.6365495171992195
u 6240 0.7927308491748429 -0.00878336
x 6240 -39.84825245742965 15.168628739326964 -2.6453328771992193
u 6241 0.6981946762283585 -0.00858648
x 6241 -40.463643299496354 14.838830433714673 -2.6539193571992192
u 6242 0.7845045035946168 -0.0105206
x 6242 -41.15861543004086 14.474886238381456 -2.6644399571992192
u 6243 0.7768049955914239 -0.010919
x 6243 -41.85059002638351 14.121911502813358 -2.675358957199219
u 6244 0.6847057408581166 -0.0101108
x 6244 -42.46376110665467 13.817216271489077 -2.685469757199219
u 6245 0.7612725226041829 -0.0112398
x 6245 -43.14907649375331 13.485745952018332 -2.696709557199219
u 6246 0.6750213745627737 -0.00987628
x 6246 -43.75981654803518 13.198262494261929 -2.706585837199219
u 6247 0.7486438320620294 -0.0109855
x 6247 -44.44045630113553 12.886507017462476 -2.7175713371992187
u 6248 0.6588170040134633 -0.00978387
x 6248 -45.04224607549404 12.618392396589307 -2.727355207199219
u 6249 0.7281353540274533 -0.0107178
x 6249 -45.7103560451496 12.328901313759786 -2.738073007199219
u 6250 0.6356192704895232 -0.00916142
x 6250 -46.2960604206978 12.082001707221936 -2.747234427199219
u 6251 0.7095013234978846 -0.0092814
x 6251 -46.9523584365246 11.81244386783131 -2.7565158271992187
u 6252 0.6234601301160805 -0.00699205
x 6252 -47.53097634227915 11.580275245084156 -2.7635078771992188
u 6253 0.6902328303440483 -0.00608608
x 6253 -48.173231708508304 11.327435505193739 -2.769593957199219
u 6254 0.0 0.0
x 6254 -48.173231708508304 11.327435505193739 -2.769593957199219
u 6255 0.6889640402463815 -0.00321362
x 6255 -48.815473763100364 11.078043878313888 -2.772807577199219
u 6256 0.6114130178340216 -0.000135014
x 6256 -49.38579391059514 10.857678710533241 -2.772942591199219
u 6257 0.6768331161047398 0.00158808
x 6257 -50.01695982709235 10.613276262447526 -2.771354511199219
u 6258 0.5970401792404278 0.00171777
x 6258 -50.57335946226249 10.396766830876585 -2.769636741199219
u 6259 0.6617072017154231 0.00180144
x 6259 -51.18960103654089 10.155721970897257 -2.767835301199219
u 6260 0.5906911539026234 0.00179983
x 6260 -51.739317702513596 9.939556450378536 -2.766035471199219
u 6261 0.6674713542802183 0.00224881
x 6261 -52.359992767886034 9.69403601486342 -2.763786661199219
u 6262 0.5881441604677892 0.00169301
x 6262 -52.906474853142605 9.476617521256875 -2.762093651199219
u 6263 0.673041345880609 0.00244008
x 6263 -53.531324727564176 9.226523413080313 -2.759653571199219
u 6264 0.5925192108101079 0.00160965
x 6264 -54.08097118541596 9.005236922876074 -2.7580439211992194
u 6265 0.6652410290088441 0.000612046
x 6265 -54.69780123931032 8.756105837953415 -2.7574318751992193
u 6266 0.678350013350074 0.000339721
x 6266 -55.32666535141026 8.501766173922714 -2.7570921541992193
u 6267 0.5919050061412321 -0.000496378
x 6267 -55.87540803231684 8.279881070203244 -2.757588532199219
u 6268 0.6626040204424709 -0.000262998
x 6268 -56.489788552390635 8.031726557993082 -2.7578515301992192
u 6269 0.5905320031625841 0.000293293
x 6269 -57.03733901687676 7.810555734645665 -2.7575582371992193
u 6270 0.6634430016750953 0.000192281
x 6270 -57.65243334987377 7.56192834952885 -2.7573659561992194
u 6271 0.5849550002515234 9.23016e-05
x 6271 -58.19472832824507 7.342637427441466 -2.7572736545992194
u 6272 0.6502210048968029 0.000314857
x 6272 -58.79747990592302 7.098756539870442 -2.7569587975992196
u 6273 0.5730070154009058 0.000593733
x 6273 -59.328556809015275 6.883595314145868 -2.7563650645992195
u 6274 0.6316980266324239 0.00060114
x 6274 -59.91388815913563 6.646046171017835 -2.7557639245992194
u 6275 0.5516710080626039 0.000422716
x 6275 -60.424960213928244 6.43832941335214 -2.7553412085992193
u 6276 0.6198820199126674 0.000626315
x 6276 -60.999100942854184 6.204628473177975 -2.7547148935992194
u 6277 0.6142020116236816 0.000290152
x 6277 -61.567874632351426 5.972808287319793 -2.7544247415992196
u 6278 0.5407330063003164 -0.00034304
x 6278 -62.068618712474375 5.768730979768346 -2.7547677815992198
u 6279 0.6041720176537233 -0.000577725
x 6279 -62.62821519918952 5.540968847667894 -2.7553455065992196
u 6280 0.5343790407293452 -0.000917448
x 6280 -63.123318455969226 5.339887510227052 -2.7562629545992197
u 6281 0.6038491842659756 -0.00229982
x 6281 -63.68315063020727 5.113565586169591 -2.75856277459922
u 6282 0.5362817384710765 -0.0068482
x 6282 -64.18125392100139 4.914844448034236 -2.7654109745992197
u 6283 0.6063404105995126 -0.0132922
x 6283 -64.74665927307528 4.695846575189035 -2.7787031745992197
u 6284 0.5377730047273139 -0.0133173
x 6284 -65.25066606406247 4.50830275328639 -2.79202047459922
u 6285 0.60021228781059 -0.0148655
x 6285 -65.81608426320426 4.306931413761106 -2.80688597459922
u 6286 0.5307607436786292 -0.0102172
x 6286 -66.31827330222474 4.135144669560485 -2.81710317459922
u 6287 0.5968296888439178 -0.00180279
x 6287 -66.88412782295498 3.9453704816928146 -2.81890596459922
u 6288 0.586642736490787 0.00426041
x 6288 -67.44009410799225 3.758152241070252 -2.81464555459922
u 6289 0.5161396625926006 0.00623198
x 6289 -67.92837274113268 3.5908702470416483 -2.80841357459922
u 6290 0.5786944392360459 0.0106761
x 6290 -68.47422260640136 3.3986932511368213 -2.79773747459922
u 6291 0.5130392892280592 0.0138367
x 6291 -68.95601764846914 3.222401871941707 -2.78390077459922
u 6292 0.5752171442332726 0.019086
x 6292 -69.49287328782033 3.0158813124064983 -2.7648147745992198
u 6293 0.5078845156080553 0.0174387
x 6293 -69.96347899770855 2.8249090366568774 -2.7473760745992197
u 6294 0.5749009243836367 0.021918
x 6294 -70.49182145906276 2.598299051937778 -2.72545807459922
u 6295 0.512069381401705 0.0210033
x 6295 -70.9579818384156 2.3864030566936134 -2.70445477459922
u 6296 0.5703865614695739 0.0237673
x 6296 -71.47181518197434 2.1388130531796308 -2.68068747459922
u 6297 0.5054941717118016 0.0220858
x 6297 -71.92204177338395 1.9090088158441212 -2.65860167459922
u 6298 0.5625029143875577 0.0250761
x 6298 -72.41687234287137 1.6415473113263066 -2.63352557459922
u 6299 0.5615688051439044 0.0251453
x 6299 -72.90402108357283 1.3622105768281982 -2.6083802745992197
u 6300 0.4945752048432275 0.0226442
x 6300 -73.32705611253853 1.1060162253280668 -2.58573607459922
u 6301 0.5339346010875685 0.0244712
x 6301 -73.77711382265399 0.8187532981213628 -2.56126487459922
u 6302 0.4591943438424834 0.0208605
x 6302 -74.15847639851987 0.56299093814176 -2.54040437459922
u 6303 0.5017404823590507 0.021688
x 6303 -74.56913395345434 0.27473061019961037 -2.51871637459922
u 6304 0.43371631256592147 0.0184814
x 6304 -74.91904196600807 0.01847123314048743 -2.50023497459922
u 6305 0.4761752460345062 0.0185446
x 6305 -75.29793031613185 -0.2699381721101296 -2.48169037459922
u 6306 0.4283441237443843 0.012057
x 6306 -75.63475329315561 -0.5345638469707836 -2.46963337459922
u 6307 0.4926640363863554 0.00648954
x 6307 -76.01931602868727 -0.8425062171785602 -2.46314383459922
u 6308 0.46040706564479206 0.0003836
x 6308 -76.37770921118053 -1.131520040790405 -2.46276023459922
u 6309 0.5346587890575386 -0.00509086
x 6309 -76.79469025659907 -1.4661634496541427 -2.46785109459922
u 6310 0.5527277513061671 -0.0124583
x 6310 -77.22877992602129 -1.8083186403406755 -2.48030939459922
u 6311 0.5110123961044609 -0.0167309
x 6311 -77.63467979570038 -2.1187584467123863 -2.4970402945992203
u 6312 0.58671237567778 -0.024181
x 6312 -78.10789560707352 -2.4655745863249408 -2.5212212945992203
u 6313 0.5256639497650211 -0.0246964
x 6313 -78.53933851237228 -2.7658503986368927 -2.54591769459922
u 6314 0.6010767092117707 -0.0292801
x 6314 -79.04175760878998 -3.095763190947092 -2.57519779459922
u 6315 0.5449259199684966 -0.0266014
x 6315 -79.50542312813486 -3.3820166348928837 -2.60179919459922
u 6316 0.622957714548285 -0.0303357
x 6316 -80.0445795392234 -3.694037337180572 -2.6321348945992202
u 6317 0.5596371311330248 -0.0273582
x 6317 -80.53682019984085 -3.9602577653241804 -2.6594930945992203
u 6318 0.6342485799932094 -0.03105
x 6318 -81.10325397849411 -4.245550102121397 -2.6905430945992204
u 6319 0.5692678311367178 -0.0276627
x 6319 -81.6189560696319 -4.486582365555271 -2.7182057945992204
u 6320 0.6439083658438179 -0.0313164
x 6320 -82.21005514152363 -4.741897830580734 -2.7495221945992205
u 6321 0.6528308866136209 -0.0312564
x 6321 -82.81714904777792 -4.9818779529785076 -2.7807785945992207
u 6322 0.5856795039547585 -0.0274819
x 6322 -83.36788850558567 -5.181088752184474 -2.808260494599221
u 6323 0.664860638387794 -0.0303538
x 6323 -83.99935826949262 -5.389059104005922 -2.8386142945992208
u 6324 0.6019519709698182 -0.0261881
x 6324 -84.57617848563736 -5.561116959072137 -2.864802394599221
u 6325 0.6664008545024246 -0.0283315
x 6325 -85.21970822474503 -5.734119472347689 -2.893133894599221
u 6326 0.5928987357163595 -0.0238279
x 6326 -85.79608316026034 -5.873059072806656 -2.9169617945992212
u 6327 0.6800855331680421 -0.0233114
x 6327 -86.46078805237255 -6.016804660916442 -2.940273194599221
u 6328 0.5868658325109146 -0.0194434
x 6328 -87.03690588740852 -6.128558387395254 -2.959716594599221
u 6329 0.6718678534583289 -0.0224466
x 6329 -87.69900037010864 -6.242656395204028 -2.982163194599221
u 6330 0.597692726648444 -0.0188248
x 6330 -88.28997140184907 -6.331983242625266 -3.000987994599221
u 6331 0.6603409483665518 -0.0207451
x 6331 -88.9447086956517 -6.417736413035925 -3.021733094599221
u 6332 0.6706518585046045 -0.0208048
x 6332 -89.61133504464654 -6.4909962454242995 -3.042537894599221
u 6333 0.5931581195473632 -0.0176546
x 6333 -90.20207268139556 -6.54444211426636 -3.0601924945992214
u 6334 0.6573721753915833 -0.01687
x 6334 -90.85768796191923 -6.592364262117797 -3.0770624945992213
u 6335 0.5827822130446592 -0.0105494
x 6335 -91.43944464144174 -6.626876924370558 -3.0876118945992213
u 6336 0.6491212634045889 -0.00761817
x 6336 -92.08774752548001 -6.6594306846417055 -3.0952300645992215
u 6337 0.5660285846264388 -0.00534278
x 6337 -92.65323527156902 -6.684153255428921 -3.1005728445992213
u 6338 0.6277651419709508 -0.00587076
x 6338 -93.2805443049701 -6.708055519020984 -3.1064436045992214
u 6339 0.5480093709282023 -0.00504394
x 6339 -93.82826143597254 -6.7259322729937425 -3.1114875445992216
u 6340 0.6104487029809507 -0.00529647
x 6340 -94.4384793376377 -6.742691160634563 -3.116784014599222
u 6341 0.5403881203201425 -0.00468954
x 6341 -94.9787306218573 -6.75482933651795 -3.121473554599222
u 6342 0.6036026440151572 -0.00521921
x 6342 -95.58224005628122 -6.76539756136583 -3.126692764599222
u 6343 0.6047852404858314 -0.00431238
x 6343 -96.18697571972123 -6.773104547843751 -3.131005144599222
u 6344 0.5364574083724422 -0.00272437
x 6344 -96.72341013432516 -6.778053469514273 -3.133729514599222
u 6345 0.6012735422201321 -0.00309407
x 6345 -97.32467144339654 -6.781851148968494 -3.136823584599222
u 6346 0.5380973842569452 -0.00251329
x 6346 -97.86276536674782 -6.78374117074654 -3.139336874599222
u 6347 0.6224870240329116 0.000161455
x 6347 -98.4852506909461 -6.785195614393907 -3.139175419599222
u 6348 0.5713092621585453 0.00225292
x 6348 -99.05655624510132 -6.787220154927497 -3.1369224995992218
u 6349 0.6634854782767962 0.00284349
x 6349 -99.72002918851447 -6.791262015081362 -3.1340790095992217
u 6350 0.5915895049548314 0.00298278
x 6350 -100.31159448814877 -6.79658922470859 -3.1310962295992217
u 6351 0.6710638629313848 0.00373192
x 6351 -100.98260668348941 -6.804884957742298 -3.127364309599222
u 6352 0.6054900661324367 0.00440219
x 6352 -101.58801454371438 -6.814832364285147 -3.122962119599222
u 6353 0.6686156513658953 0.00505266
x 6353 -102.2564798491056 -6.828977104352719 -3.117909459599222
u 6354 0.6502841813845102 0.00623976
x 6354 -102.90652940628267 -6.846404604264218 -3.1116696995992217
u 6355 0.5592511994334671 0.006504
x 6355 -103.46547189909232 -6.864954301372777 -3.1051656995992216
u 6356 0.6109413600100783 0.00768173
x 6356 -104.07591650525511 -6.889548869056001 -3.097483969599222
u 6357 0.5300712716312492 0.00834133
x 6357 -104.60536859156825 -6.915130350114188 -3.089142639599222
u 6358 0.5792096546519097 0.0100556
x 6358 -105.18361930613742 -6.948403586786197 -3.079087039599222
u 6359 0.5125532143316245 0.0093009
x 6359 -105.69501532014269 -6.982798652305555 -3.069786139599222
u 6360 0.5696831515050345 0.010499
x 6360 -106.26300541593368 -7.026652535484064 -3.0592871395992223
u 6361 0.5026441013799733 0.00924085
x 6361 -106.7637499118103 -7.070290186815667 -3.0500462895992224
u 6362 0.5612070195689609 0.010377
x 6362 -107.32233068719323 -7.124493599616276 -3.0396692895992223
u 6363 0.5002351606805168 0.00931515
x 6363 -107.81972552828645 -7.177708058073432 -3.0303541395992224
u 6364 0.5640638673116392 0.0102431
x 6364 -108.37997263521652 -7.24319426818199 -3.0201110395992226
u 6365 0.5626419121751206 0.0103191
x 6365 -108.9381062767525 -7.314257271467566 -3.0097919395992228
u 6366 0.49909199396012044 0.00910818
x 6366 -109.43256402878224 -7.382099941357728 -3.0006837595992226
u 6367 0.553998468926397 0.00997709
x 6367 -109.98067445281687 -7.462640122213003 -2.9907066695992226
u 6368 0.48589945551754843 0.00862027
x 6368 -110.46073251055442 -7.537747246090351 -2.9820863995992224
u 6369 0.5423038636718651 0.00951303
x 6369 -110.9957345017309 -7.626427188003545 -2.9725733695992225
u 6370 0.480244215551742 0.00831677
x 6370 -111.46879395040443 -7.709179439964536 -2.9642565995992225
u 6371 0.5381926002353139 0.00929503
x 6371 -111.99809727705126 -7.806581585340469 -2.9549615695992224
u 6372 0.4767080739441735 0.00820725
x 6372 -112.46615903830009 -7.896955806275384 -2.9467543195992225
u 6373 0.5396101205789826 0.00856327
x 6373 -112.99510540442768 -8.003694012457848 -2.9381910495992227
u 6374 0.4834486996884381 0.00539533
x 6374 -113.46832212061987 -8.10262842397945 -2.932795719599223
u 6375 0.5455693030471942 0.00147862
x 6375 -114.00195840178802 -8.2161102710713 -2.931317099599223
u 6376 0.549046306539651 -0.00303043
x 6376 -114.53908392935809 -8.329898599377477 -2.934347529599223
u 6377 0.4888768674376944 -0.00433362
x 6377 -115.01771602674606 -8.42945528084484 -2.938681149599223
u 6378 0.551004331541797 -0.00499594
x 6378 -115.55769108000229 -8.539146136225115 -2.9436770895992233
u 6379 0.47949088409892304 -0.00435562
x 6379 -116.0280254504226 -8.632402366346474 -2.9480327095992234
u 6380 0.5119770246070797 -0.00443671
x 6380 -116.53065847206676 -8.729768116510726 -2.952469419599223
u 6381 0.4116334640856514 -0.00344604
x 6381 -116.93508481975081 -8.806457557598598 -2.955915459599223
u 6382 0.4008484600092457 -0.00336078
x 6382 -117.32916688870439 -8.879796902998251 -2.959276239599223
u 6383 0.30893416686315267 -0.00230875
x 6383 -117.6330452771095 -8.935458398861671 -2.9615849895992232
u 6384 0.29584611632409036 -0.00200998
x 6384 -117.92416424249645 -8.98813327967989 -2.963594969599223
u 6385 0.22075105096374967 -0.00153978
x 6385 -118.14145747577315 -9.027052010975067 -2.965134749599223
u 6386 0.20604804084976036 -0.00141911
x 6386 -118.3443315293003 -9.063078479278825 -2.966553859599223
u 6387 0.1692770223076876 -0.00113495
x 6387 -118.51103865490472 -9.092462854007563 -2.967688809599223
u 6388 0.12077600595917712 -0.000711579
x 6388 -118.63000039698707 -9.11331823510401 -2.968400388599223
u 6389 0.10849800451109173 -0.000643883
x 6389 -118.73688124769144 -9.13198104113353 -2.969044271599223
u 6390 0.0790496016003871 -0.000458896
x 6390 -118.8147601077715 -9.145535470525818 -2.969503167599223
u 6391 0.08494420202583325 -0.000489497
x 6391 -118.89845316522099 -9.160060946369398 -2.9699926645992227
u 6392 0.07412830139192347 -0.000445308
x 6392 -118.9714955465389 -9.17270276221448 -2.970437972599223
u 6393 0.08148790201408691 -0.00049512
x 6393 -119.05179624173387 -9.186561924895253 -2.970933092599223
u 6394 0.07365160128214832 -0.000423686
x 6394 -119.12438055138514 -9.199054974271823 -2.971356778599223
u 6395 0.08739330222555232 -0.000511455
x 6395 -119.21051435136013 -9.213838668304737 -2.971868233599223
u 6396 0.08051340177143464 -0.000479563
x 6396 -119.28987414234858 -9.227419217440898 -2.9723477965992227
u 6397 0.09131910262788231 -0.000537098
x 6397 -119.37989262619467 -9.242776654412822 -2.972884894599223
u 6398 0.09527950260486552 -0.000517203
x 6398 -119.47382353755303 -9.258750611519476 -2.9734020975992226
u 6399 0.09091970159215786 -0.00041374
x 6399 -119.56346344259968 -9.273951908928291 -2.9738158375992225
u 6400 0.10868400196177279 -0.000400225
x 6400 -119.6706249822233 -9.292079692859193 -2.9742160625992224
u 6401 0.10387400074538929 -0.000239576
x 6401 -119.77304943750907 -9.309372435228191 -2.9744556385992222
u 6402 0.13162600016699313 -6.1572e-05
x 6402 -119.90284191572084 -9.331265733610929 -2.974517210599222
u 6403 0.1322840001600714 0.00015452
x 6403 -120.03328220532174 -9.353274538948781 -2.974362690599222
u 6404 0.167179004650046 0.000647649
x 6404 -120.1981199777474 -9.381155130775127 -2.973715041599222
u 6405 0.1700910204076699 0.00123413
x 6405 -120.3658022136313 -9.409679143821744 -2.9724809115992223
u 6406 0.21835611096018623 0.00244712
x 6406 -120.5809982178368 -9.446693292117406 -2.9700337915992225
u 6407 0.21606821005704147 0.00333048
x 6407 -120.79383269249938 -9.483934594981946 -2.9667033115992227
u 6408 0.26781366471699963 0.00523042
x 6408 -121.05743800453196 -9.531223441051631 -2.9614728915992226
u 6409 0.28853817368471407 0.00654323
x 6409 -121.34113714068205 -9.583842646528526 -2.9549296615992224
u 6410 0.2771412822428047 0.00712115
x 6410 -121.61327877011713 -9.636243975446492 -2.9478085115992223
u 6411 0.32858673097328334 0.00927492
x 6411 -121.935417125205 -9.701015465767888 -2.938533591599222
u 6412 0.31031848294208464 0.00924728
x 6412 -122.23906620160943 -9.765000722180973 -2.9292863115992223
u 6413 0.37147200859362217 0.0118467
x 6413 -122.6017256105662 -9.845424552055876 -2.9174396115992223
u 6414 0.35127365130925503 0.0118746
x 6414 -122.94373971466052 -9.925537477222097 -2.905565011599222
u 6415 0.4209668368522833 0.0146792
x 6415 -123.35229786097659 -10.026977788198218 -2.8908858115992224
u 6416 0.39437135324512723 0.0140763
x 6416 -123.73363889133043 -10.127502485552297 -2.8768095115992223
u 6417 0.46368420145845646 0.0170313
x 6417 -124.18010841113514 -10.252653632343657 -2.859778211599222
u 6418 0.42927833763040324 0.0158834
x 6418 -124.59148734680299 -10.375305123430028 -2.843894811599222
u 6419 0.5033602945766661 0.0186247
x 6419 -125.0713042730518 -10.527423430710195 -2.825270111599222
u 6420 0.526086440217446 0.0193297
x 6420 -125.56967660234734 -10.695897008884067 -2.805940411599222
u 6421 0.48731660741752125 0.01763
x 6421 -126.0283600970593 -10.860459387957793 -2.788310411599222
u 6422 0.568141002625673 0.0201593
x 6422 -126.55939660708853 -11.062383860160326 -2.768151111599222
u 6423 0.5211173913267911 0.0179804
x 6423 -127.04286191739116 -11.256850600517707 -2.750170711599222
u 6424 0.6023196718597195 0.0197093
x 6424 -127.59732621642546 -11.49210914845836 -2.730461411599222
u 6425 0.5526031491111576 0.0165822
x 6425 -128.10202633715554 -11.717144770790759 -2.7138792115992216
u 6426 0.6327220721273769 0.0155831
x 6426 -128.67568250311908 -11.984067461128623 -2.6982961115992214
u 6427 0.5758924385915274 0.00893543
x 6427 -129.1948001960312 -12.233400000308018 -2.6893606815992213
u 6428 0.6620734381164739 0.00552904
x 6428 -129.78951522643132 -12.52435386845902 -2.6838316415992214
u 6429 0.594543624854453 0.0029756
x 6429 -130.32245545288617 -12.787900023932327 -2.6808560415992213
u 6430 0.6764971776075067 0.00114704
x 6430 -130.9282384136477 -13.089023562674658 -2.679709001599221
u 6431 0.693561026986342 -0.00105923
x 6431 -131.54928799055384 -13.397769860149468 -2.680768231599221
u 6432 0.6206774263948837 -0.00286935
x 6432 -132.10561540855863 -13.672978884892261 -2.6836375815992213
u 6433 0.7186867244736135 -0.00303885
x 6433 -132.75072934265322 -13.989740976201402 -2.686676431599221
u 6434 0.6480044023240986 -0.00260145
x 6434 -133.33319999088783 -14.273708249955739 -2.689277881599221
u 6435 0.7413077390365608 -0.00312348
x 6435 -134.00046512584072 -14.596653999041358 -2.692401361599221
u 6436 0.6737264169658874 -0.00249929
x 6436 -134.60772187791838 -14.888452363838006 -2.694900651599221
u 6437 0.7704934456552256 -0.00235622
x 6437 -135.30300678695193 -15.220474607689692 -2.6972568715992207
u 6438 0.6932602894081736 -0.00210373
x 6438 -135.92926199332717 -15.51781963977554 -2.6993606015992206
u 6439 0.7818724362542132 -0.00230931
x 6439 -136.63630300697358 -15.851611850465872 -2.7016699115992204
u 6440 0.6932561705763388 -0.00145943
x 6440 -137.2637657075587 -16.146390737281077 -2.7031293415992206
u 6441 0.7725851760599389 -0.00155066
x 6441 -137.96352231778087 -16.473848247676262 -2.7046800015992205
u 6442 0.7613021777592266 -0.00147214
x 6442 -138.65354644402228 -16.795480967395072 -2.7061521415992207
u 6443 0.6624150290043249 -0.000511662
x 6443 -139.2542192191619 -17.07474048519897 -2.7066638035992208
u 6444 0.7342550079096843 0.000574935
x 6444 -139.92002613095312 -17.38430721144813 -2.706088868599221
u 6445 0.639890148573446 0.00164614
x 6445 -140.49996496597038 -17.65473327790299 -2.7044427285992207
u 6446 0.7051023668806292 0.00244673
x 6446 -141.1383950529472 -17.9540259837924 -2.701995998599221
u 6447 0.6294816284253232 0.00352404
x 6447 -141.70755449377037 -18.2229204637821 -2.698471958599221
u 6448 0.7174971914894318 0.00577957
x 6448 -142.35486179060177 -18.532426603062635 -2.692692388599221
u 6449 0.6444900673197066 0.0057537
x 6449 -142.93469110793055 -18.813788049860033 -2.686938688599221
u 6450 0.7318766121862073 0.00588259
x 6450 -143.59126946720474 -19.137124854050654 -2.6810560985992207
u 6451 0.6631799115409364 0.00568668
x 6451 -144.18451419144162 -19.433548717829535 -2.6753694185992205
u 6452 0.7520013869139137 0.00770531
x 6452 -144.85494727428656 -19.774169870177296 -2.6676641085992205
u 6453 0.7547946787412015 0.00683766
x 6453 -145.5253672278993 -20.12094050499523 -2.6608264485992206
u 6454 0.6691430435047789 0.00574699
x 6454 -146.11776431209344 -20.432094606608114 -2.6550794585992206
u 6455 0.7477492505828625 0.00665173
x 6455 -146.77758345734304 -20.78389792628198 -2.6484277285992204
u 6456 0.6637171238317447 0.00574549
x 6456 -147.36130547775164 -21.09979001471816 -2.6426822385992206
u 6457 0.7359396452212045 0.00603767
x 6457 -148.0064704016426 -21.45386308218195 -2.6366445685992206
u 6458 0.6506337996462296 0.00540141
x 6458 -148.57505201752076 -21.77015133380234 -2.6312431585992204
u 6459 0.7355207581352945 0.00613422
x 6459 -149.21574218912397 -22.13140635904735 -2.6251089385992206
u 6460 0.6495354935935707 0.00460482
x 6460 -149.77981240217716 -22.45346288619861 -2.6205041185992206
u 6461 0.7339339674915516 0.00339723
x 6461 -150.4157151873511 -22.819913699245937 -2.6171068885992206
u 6462 0.6532583511008757 0.00236528
x 6462 -150.9807761704283 -23.14771296668302 -2.614741608599221
u 6463 0.730901378470347 0.00200175
x 6463 -151.61219519151388 -23.515852432751334 -2.612739858599221
u 6464 0.734057080047387 0.000962493
x 6464 -152.2457917961816 -23.886520879915402 -2.611777365599221
u 6465 0.6496590076268662 0.000223803
x 6465 -152.80634609146946 -24.214904354626036 -2.6115535625992212
u 6466 0.7351410021077542 -0.000206667
x 6466 -153.4406548184517 -24.58650189219965 -2.6117602295992213
u 6467 0.6499040172060827 -0.000751094
x 6467 -154.00157494581438 -24.914745433557904 -2.6125113235992212
u 6468 0.7282324585308035 -0.00280692
x 6468 -154.63075204102694 -25.28143105957244 -2.615318243599221
u 6469 0.6387945652018782 -0.00303911
x 6469 -155.18359453131094 -25.601467562791456 -2.618357353599221
u 6470 0.7137978899195344 -0.0036307
x 6470 -155.80253744983438 -25.957018588061167 -2.621988053599221
u 6471 0.6315767110582007 -0.00345263
x 6471 -156.35129615859083 -26.26967275045725 -2.625440683599221
u 6472 0.7116870016569936 -0.00381307
x 6472 -156.9709361231127 -26.619735729089573 -2.629253753599221
u 6473 0.6340717222770976 -0.00341336
x 6473 -157.524122660064 -26.929624764023846 -2.6326671135992212
u 6474 0.715467809932007 -0.00338007
x 6474 -158.1495061458861 -27.27717216417171 -2.636047183599221
u 6475 0.7161287680496915 -0.00315932
x 6475 -158.77660148224206 -27.622992095611725 -2.639206503599221
u 6476 0.6352773795661337 -0.00247682
x 6476 -159.33375975786663 -27.92819989134244 -2.641683323599221
u 6477 0.7135704843013762 -0.00263221
x 6477 -159.96045723407977 -28.269422421934273 -2.644315533599221
u 6478 0.6370483087116794 -0.00209342
x 6478 -160.5206669415183 -28.572729993739657 -2.646408953599221
u 6479 0.7239611693784482 -0.00129041
x 6479 -161.15788871928328 -28.91634039518512 -2.647699363599221
u 6480 0.6281010032194652 0.000409924
x 6480 -161.71086677272814 -29.21420972413516 -2.6472894395992213
u 6481 0.7155010628053908 0.00120521
x 6481 -162.34051728972503 -29.554036055301093 -2.646084229599221
u 6482 0.6375287306201064 0.0043794
x 6482 -162.90070301866245 -29.858394695492414 -2.641704829599221
u 6483 0.710527072915613 0.0102379
x 6483 -163.522533131926 -30.202155690914864 -2.6314669295992212
u 6484 0.6307305289449726 0.0123108
x 6484 -164.07105141699364 -30.513513470286334 -2.6191561295992214
u 6485 0.6986487401182973 0.0153777
x 6485 -164.67380026520067 -30.866775794014053 -2.6037784295992212
u 6486 0.6949470373980539 0.0169974
x 6486 -165.2675877711903 -31.227824482017756 -2.586781029599221
u 6487 0.6125985337880335 0.0157091
x 6487 -165.78574025499375 -31.554607666638578 -2.571071929599221
u 6488 0.6778667935350101 0.0172354
x 6488 -166.3530633413195 -31.925601643197854 -2.553836529599221
u 6489 0.5974542170534255 0.015249
x 6489 -166.8477118631384 -32.260665017058535 -2.538587529599221
u 6490 0.6635402423982211 0.0172016
x 6490 -167.3909634639285 -32.6416538556082 -2.521385929599221
u 6491 0.5832904410023679 0.0147799
x 6491 -167.86309841127076 -32.98415952953884 -2.506606029599221
u 6492 0.6539860050636632 0.0156599
x 6492 -168.38655034974894 -33.37618889393294 -2.490946129599221
u 6493 0.5831179213595649 0.0139042
x 6493 -168.84806246956373 -33.732598202861475 -2.477041929599221
u 6494 0.6562594855149113 0.0147571
x 6494 -169.36166102253162 -34.14111408137848 -2.462284829599221
u 6495 0.6009050316472249 0.0132987
x 6495 -169.82664578997716 -34.52173292149709 -2.448986129599221
u 6496 0.6655814841974955 0.0146938
x 6496 -170.33572597865245 -34.95048471810052 -2.434292329599221
u 6497 0.6033923549567077 0.0126778
x 6497 -170.79187830639222 -35.34545625057753 -2.421614529599221
u 6498 0.6753510997702099 0.0139211
x 6498 -171.29650495627448 -35.794281034150686 -2.4076934295992207
u 6499 0.6708194646775253 0.0118502
x 6499 -171.79196059561937 -36.246516810764284 -2.3958432295992207
u 6500 0.5996479889150718 0.00644916
x 6500 -172.23113473126853 -36.6548090380992 -2.389394069599221
u 6501 0.6742540615388257 0.00338695
x 6501 -172.7226861744711 -37.11632315878616 -2.386007119599221
u 6502 0.5970030046990418 -0.000277845
x 6502 -173.15728371181237 -37.525636688813364 -2.386284964599221
u 6503 0.6679276494112215 -0.00364034
x 6503 -173.64440788388546 -37.982623442619456 -2.389925304599221
u 6504 0.5879932707714023 -0.00499303
x 6504 -174.0749677488092 -38.38306516236547 -2.394918334599221
u 6505 0.6552087641402853 -0.00674752
x 6505 -174.55735708779042 -38.82645824017638 -2.4016658545992207
u 6506 0.5791575234444559 -0.00688588
x 6506 -174.98641633467435 -39.215470160657425 -2.4085517345992207
u 6507 0.6448310155776396 -0.00936965
x 6507 -175.46763240101185 -39.64469631802859 -2.4179213845992207
u 6508 0.5612609844906579 -0.0109649
x 6508 -175.8902591094095 -40.01401650691861 -2.4288862845992205
u 6509 0.6395294964372196 -0.014394
x 6509 -176.3771167942111 -40.428697721847534 -2.4432802845992203
u 6510 0.6323234866247104 -0.0160882
x 6510 -176.8646805101233 -40.83132160423298 -2.4593684845992203
u 6511 0.5627059730578463 -0.0149003
x 6511 -177.30406436132432 -41.18285252059608 -2.47426878459922
u 6512 0.6412267755003537 -0.0173492
x 6512 -177.81115274641726 -41.575309950194935 -2.49161798459922
u 6513 0.5536112922654812 -0.0151866
x 6513 -178.2544091832701 -41.90697740969382 -2.50680458459922
u 6514 0.6264785329941644 -0.0166406
x 6514 -178.76191575400102 -42.2742693594686 -2.52344518459922
u 6515 0.5461113906036607 -0.0140252
x 6515 -179.20917587571708 -42.58762402392171 -2.53747038459922
u 6516 0.6113312393144981 -0.0151584
x 6516 -179.71491473668868 -42.93105805336923 -2.5526287845992197
u 6517 0.534654918407963 -0.0122295
x 6517 -180.16129420841685 -43.22533290156761 -2.56485828459922
u 6518 0.5784771457824277 -0.0103737
x 6518 -180.6478288360431 -43.53824960514144 -2.57523198459922
u 6519 0.4995130172613643 -0.00591234
x 6519 -181.07013739616696 -43.80502293145669 -2.58114432459922
u 6520 0.5528853286160413 -0.00122448
x 6520 -181.53862041929466 -44.09863118312235 -2.58236880459922
u 6521 0.5432205264957582 0.00357957
x 6521 -181.99857381946978 -44.387648647966756 -2.57878923459922
u 6522 0.48040071265025786 0.00398033
x 6522 -182.40436760160634 -44.644778860894306 -2.57480890459922
u 6523 0.5405569007223755 0.00656404
x 6523 -182.85944298054932 -44.936510095482674 -2.5682448645992197
u 6524 0.4816789286801905 0.0082587
x 6524 -183.26301294741782 -45.19946361503424 -2.55998616459922
u 6525 0.5413504316914345 0.0102059
x 6525 -183.7138297209102 -45.4991667729527 -2.54978026459922
u 6526 0.48626232824757837 0.0097475
x 6526 -184.11606540902454 -45.772398599266275 -2.54003276459922
u 6527 0.5460056871244512 0.01114
x 6527 -184.5644914637974 -46.08390012529028 -2.52889276459922
u 6528 0.46075279198381003 0.00927506
x 6528 -184.9401983673283 -46.35061333466936 -2.51961770459922
u 6529 0.46331503665760826 0.00940323
x 6529 -185.31547337404282 -46.622326254545264 -2.51021447459922
u 6530 0.3511427236709496 0.00715837
x 6530 -185.59817671908982 -46.830603724684934 -2.50305610459922
u 6531 0.3281004699304031 0.00668799
x 6531 -185.86097528528882 -47.02703801577212 -2.49636811459922
u 6532 0.26242372048899104 0.00527519
x 6532 -186.07022536299633 -47.18540611343137 -2.49109292459922
u 6533 0.1662771774919045 0.00335403
x 6533 -186.20237651180534 -47.286322651739816 -2.48773889459922
u 6534 0.11268305647656672 0.00226619
x 6534 -186.29174045951345 -47.35496338769748 -2.48547270459922
u 6535 0.03506010158165793 0.000709342
x 6535 -186.31951327589877 -47.37636154980084 -2.48476336259922
u 6536 0.0045077000027335425 -9.11551e-05
x 6536 -186.32308319444948 -47.3791138290094 -2.48485451769922
u 6537 0.0025043400004193276 5.07261e-05
x 6537 -186.32506656271954 -47.38064287091256 -2.48480379159922
u 6538 0.00100155 -2.00422e-05
x 6538 -186.3258597533389 -47.38125438627937 -2.48482383379922
u 6539 0.0010012300000127312 1.9629e-05
x 6539 -186.32665269065637 -47.3818657061003 -2.48480420479922
u 6540 0.011947000031964975 0.000146406
x 6540 -186.33611366945541 -47.38916095727301 -2.48465779879922
u 6541 0.028618300021183006 1.99126e-05
x 6541 -186.35877540600305 -47.40663816507978 -2.48463788619922
u 6542 0.03522300030252669 -0.000374166
x 6542 -186.38667096145744 -47.428143925278555 -2.48501205219922
u 6543 0.04848920453909271 -0.0010876
x 6543 -186.42509457742221 -47.45772142451803 -2.48609965219922
u 6544 0.05102681210061006 -0.00164189
x 6544 -186.46557147193363 -47.4887916028074 -2.48774154219922
u 6545 0.07194164864938962 -0.00267357
x 6545 -186.52273338591093 -47.532473559241645 -2.4904151121992197
u 6546 0.08890061206192015 -0.0037192
x 6546 -186.5935423613156 -47.586226686750095 -2.4941343121992197
u 6547 0.13636450630147137 -0.00615516
x 6547 -186.70256178002745 -47.66814119226813 -2.5002894721992197
u 6548 0.17312803562791507 -0.00774682
x 6548 -186.8416919753127 -47.771174951691755 -2.5080362921992196
u 6549 0.18721417852885142 -0.00803047
x 6549 -186.99301637100874 -47.88140148005236 -2.5160667621992197
u 6550 0.24794645841200655 -0.00987867
x 6550 -187.19472929440062 -48.025584845326165 -2.5259454321992196
u 6551 0.24310097164814032 -0.00911779
x 6551 -187.3938341509088 -48.16506577273249 -2.5350632221992195
u 6552 0.2896480104024968 -0.0101636
x 6552 -187.6326529347749 -48.32895853099067 -2.5452268221992194
u 6553 0.26969517395837267 -0.00916507
x 6553 -187.85648490633156 -48.47940528644775 -2.5543918921992192
u 6554 0.3168995942926756 -0.0106444
x 6554 -188.12123161627662 -48.653570679766254 -2.565036292199219
u 6555 0.3031998398545065 -0.00985329
x 6555 -188.37622783846044 -48.817602157816104 -2.5748895821992193
u 6556 0.3739450197255004 -0.011504
x 6556 -188.6928638628548 -49.01653672914774 -2.586393582199219
u 6557 0.363046790460459 -0.0102717
x 6557 -189.00235679628835 -49.20631538276484 -2.5966652821992193
u 6558 0.4440778533230435 -0.0113664
x 6558 -189.3834166342434 -49.43434261043336 -2.6080316821992193
u 6559 0.4771691929183452 -0.0113012
x 6559 -189.79562256544114 -49.674705431259405 -2.6193328821992194
u 6560 0.4514700648813342 -0.00942742
x 6560 -190.1879647971498 -49.898068998352585 -2.6287603021992196
u 6561 0.5372825289735853 -0.010072
x 6561 -190.65745004292634 -50.159323050143016 -2.6388323021992197
u 6562 0.500762805137987 -0.0088087
x 6562 -191.09730342092112 -50.398677956964214 -2.6476410021992196
u 6563 0.5824290508820453 -0.00906803
x 6563 -191.6113574913768 -50.67248388724969 -2.6567090321992195
u 6564 0.5353545791809426 -0.00676914
x 6564 -192.08584225681759 -50.92041056680361 -2.6634781721992193
u 6565 0.6240739447508125 -0.00488768
x 6565 -192.6406345868351 -51.206195422462024 -2.6683658521992193
u 6566 0.5698961146221121 -0.000903529
x 6566 -193.14801768561443 -51.46570255230505 -2.669269381199219
u 6567 0.6524551516275922 0.0019574
x 6567 -193.72874705296832 -51.763109665299275 -2.667311981199219
u 6568 0.5902715220178343 0.0031951
x 6568 -194.25343371617367 -52.03352430756344 -2.664116881199219
u 6569 0.6697672641385694 0.00462065
x 6569 -194.84757949354207 -52.34268152520392 -2.6594962311992187
u 6570 0.6810345588438299 0.0064694
x 6570 -195.4499674910219 -52.66038445748847 -2.653026831199219
u 6571 0.6083773236233435 0.00625453
x 6571 -195.98627238919704 -52.947610531373705 -2.646772301199219
u 6572 0.6835491986860364 0.00718309
x 6572 -196.5866616373263 -53.27436770230338 -2.639589211199219
u 6573 0.6119954730231004 0.00777166
x 6573 -197.12199959194496 -53.57093109892032 -2.631817551199219
u 6574 0.6694226211323976 0.00806288
x 6574 -197.70498473274 -53.89994864187795 -2.623754671199219
u 6575 0.5816678876764404 0.00550137
x 6575 -198.20959642188845 -54.189264596177274 -2.6182533011992186
u 6576 0.6444015522384781 0.00498702
x 6576 -198.76694274220787 -54.51271100461171 -2.6132662811992184
u 6577 0.5654112537704782 0.00487512
x 6577 -199.25456458646224 -54.79891755542734 -2.6083911611992185
u 6578 0.6233777586636875 0.00522749
x 6578 -199.7905770262872 -55.11717784107819 -2.6031636711992188
u 6579 0.5487029759551246 0.00430473
x 6579 -200.26103988676527 -55.399559121983216 -2.598858941199219
u 6580 0.6171804432404501 0.00485908
x 6580 -200.78875496710117 -55.719602469110605 -2.5939998611992188
u 6581 0.5993062992155264 0.00470102
x 6581 -201.29969557261515 -56.032822960875464 -2.5892988411992186
u 6582 0.5263918662702154 0.00414818
x 6582 -201.74725117163226 -56.30991858576561 -2.5851506611992185
u 6583 0.5740111337435361 0.00451078
x 6583 -202.23398139006136 -56.614191353936626 -2.5806398811992186
u 6584 0.5025717741930084 0.00395171
x 6584 -202.65900396893122 -56.88239625131468 -2.5766881711992187
u 6585 0.5476657428094622 0.00358869
x 6585 -203.12105715169244 -57.17641036704176 -2.5730994811992187
u 6586 0.4806544104783525 0.00301526
x 6586 -203.5257202071724 -57.43578711774091 -2.5700842211992185
u 6587 0.5335745739568134 0.00321648
x 6587 -203.97403739197563 -57.72511959488277 -2.5668677411992187
u 6588 0.4628812493833371 0.00234141
x 6588 -204.36225807435517 -57.977198262998925 -2.5645263311992186
u 6589 0.5115983824867848 0.00285153
x 6589 -204.79061315194124 -58.25692072387515 -2.5616748011992185
u 6590 0.4518032989899136 0.00268934
x 6590 -205.16821672244228 -58.504996602375336 -2.5589854611992187
u 6591 0.5019244712703016 0.00309999
x 6591 -205.5869104999923 -58.781806092367546 -2.5558854711992187
u 6592 0.4996475417647018 0.00334906
x 6592 -206.0028141925027 -59.0587023747663 -2.5525364111992186
u 6593 0.44210736491319513 0.00290863
x 6593 -206.37005342674215 -59.30486112262043 -2.5496277811992187
u 6594 0.502575511961333 0.003308
x 6594 -206.7866490563443 -59.58598386501012 -2.5463197811992186
u 6595 0.4456145183934692 0.00363007
x 6595 -207.15516154609932 -59.83652453205236 -2.542689711199219
u 6596 0.49260396754887215 0.00446307
x 6596 -207.56140899647784 -60.115130481581524 -2.538226641199219
u 6597 0.4419136628191753 0.00395251
x 6597 -207.92479762652638 -60.36659844117152 -2.534274131199219
u 6598 0.5075010483687717 0.00459833
x 6598 -208.34088060795813 -60.65716996907623 -2.529675801199219
u 6599 0.4549527893137002 0.00423795
x 6599 -208.71272659943065 -60.919300259854296 -2.5254378511992193
u 6600 0.5094880696600069 0.0046164
x 6600 -209.12784210282004 -61.21469279696334 -2.520821451199219
u 6601 0.4556388402633192 0.00449126
x 6601 -209.49787605879862 -61.4805522997138 -2.516330191199219
u 6602 0.5152437608624704 0.00635112
x 6602 -209.91468012571036 -61.78345428145862 -2.509979071199219
u 6603 0.515643984837694 0.00947449
x 6603 -210.32939539815624 -62.08988204280818 -2.500504581199219
u 6604 0.4585783165261005 0.011607
x 6604 -210.69532101461758 -62.366269731881935 -2.4888975811992187
u 6605 0.5118010259633727 0.0167518
x 6605 -211.09929882926326 -62.6804927259064 -2.4721457811992185
u 6606 0.4510190752578353 0.0178869
x 6606 -211.45045032286137 -62.96352171975593 -2.4542588811992183
u 6607 0.5013432292556436 0.0224648
x 6607 -211.83435339712213 -63.2859389848092 -2.4317940811992185
u 6608 0.4404561386692191 0.020863
x 6608 -212.1654180126402 -63.57643992061926 -2.4109310811992186
u 6609 0.4895220505633486 0.0237831
x 6609 -212.52606224706702 -63.90743278914108 -2.3871479811992184
u 6610 0.43582776330245515 0.021911
x 6610 -212.84033361173258 -64.20937938946885 -2.3652369811992187
u 6611 0.4867113529326325 0.0252779
x 6611 -213.18324141092586 -64.55476260976185 -2.339959081199219
u 6612 0.43545851262467516 0.023374
x 6612 -213.4824336099848 -64.87114767746507 -2.316585081199219
u 6613 0.49818455807577267 0.0273995
x 6613 -213.81542213289808 -65.24167563998476 -2.2891855811992188
u 6614 0.4921704605859624 0.0279217
x 6614 -214.13414057716753 -65.6166884111594 -2.261263881199219
u 6615 0.4249381223490164 0.0244559
x 6615 -214.40074997584813 -65.94757031856004 -2.236807981199219
u 6616 0.46291342502594596 0.0277086
x 6616 -214.68168427145974 -66.31547118924817 -2.209099381199219
u 6617 0.39466308819066626 0.0242019
x 6617 -214.91297949836337 -66.63524277740204 -2.184897481199219
u 6618 0.4464161351657676 0.0274147
x 6618 -215.16518218610616 -67.0035750850818 -2.157482781199219
u 6619 0.4052732988736051 0.0251866
x 6619 -215.385269577545 -67.3438680535847 -2.132296181199219
u 6620 0.458436266663099 0.0302571
x 6620 -215.62345950240342 -67.73554820009225 -2.102039081199219
u 6621 0.4131527264934323 0.0303685
x 6621 -215.82732426987943 -68.0948826039817 -2.071670581199219
u 6622 0.4663153706262843 0.0386922
x 6622 -216.04327734841047 -68.5081466426469 -2.0329783811992193
u 6623 0.4216403832638009 0.0383056
x 6623 -216.22401435098814 -68.88905740825416 -1.9946727811992193
u 6624 0.4816302025353165 0.0478341
x 6624 -216.41153409840044 -69.33263352262938 -1.9468386811992193
u 6625 0.4972524741784198 0.0541332
x 6625 -216.58154160182553 -69.79985627120541 -1.8927054811992192
u 6626 0.4496032151366914 0.05112
x 6626 -216.71282513911163 -70.22981402122106 -1.8415854811992192
u 6627 0.5000641278037148 0.0565436
x 6627 -216.83289807841635 -70.71517986600873 -1.7850418811992192
u 6628 0.44623499688676604 0.0499294
x 6628 -216.9168496512028 -71.15339949343895 -1.7351124811992193
u 6629 0.4942776494251485 0.0547638
x 6629 -216.98431343747743 -71.64298909670337 -1.6803486811992194
u 6630 0.4091420231768211 0.045232
x 6630 -217.0198349369791 -72.05055121448429 -1.6351166811992195
u 6631 0.44119755957557155 0.0497886
x 6631 -217.03722331375957 -72.49136038323985 -1.5853280811992194
u 6632 0.37460768637749864 0.0445614
x 6632 -217.03432076839397 -72.86592583010714 -1.5407666811992193
u 6633 0.4042883733005095 0.0498864
x 6633 -217.0121093817163 -73.26956161712583 -1.4908802811992192
u 6634 0.3577844219203571 0.0451356
x 6634 -216.97550951692702 -73.62543857890388 -1.4457446811992192
u 6635 0.4108940657084334 0.0520951
x 6635 -216.91366672459964 -74.03160507497716 -1.3936495811992191
u 6636 0.4075632863604395 0.0516048
x 6636 -216.83152786373017 -74.43075940644934 -1.342044781199219
u 6637 0.3606198324974689 0.0456236
x 6637 -216.74177073663995 -74.77999824374415 -1.296421181199219
u 6638 0.4130658144381009 0.0523576
x 6638 -216.61949683170644 -75.17450234390661 -1.2440635811992191
u 6639 0.3704558533945037 0.0468887
x 6639 -216.49241834716153 -75.5224440865702 -1.197174881199219
u 6640 0.42771575559112857 0.0541207
x 6640 -216.3256097901131 -75.91623467010244 -1.1430541811992192
u 6641 0.38240173324513105 0.0483355
x 6641 -216.1586371358861 -76.2602154113105 -1.0947186811992191
u 6642 0.43668079396483656 0.0535892
x 6642 -215.94820654616336 -76.64279017751271 -1.041129481199219
u 6643 0.38476253482578376 0.0436464
x 6643 -215.74662354407965 -76.97048363360648 -0.9974830811992191
u 6644 0.4581360879175309 0.0474152
x 6644 -215.4890921884123 -77.34933315014717 -0.9500678811992191
u 6645 0.42036024276864253 0.0398689
x 6645 -215.23784815567777 -77.68631351274496 -0.9101989811992192
u 6646 0.49477771273689725 0.0417609
x 6646 -214.92618982348986 -78.07055106075165 -0.8684380811992192
u 6647 0.5195907852766523 0.0374164
x 6647 -214.58318324117397 -78.46079402783765 -0.8310216811992192
u 6648 0.48431079598673255 0.0299118
x 6648 -214.25139796104415 -78.81358006361084 -0.8011098811992191
u 6649 0.5644845064364251 0.0283388
x 6649 -213.85287656621023 -79.21333265159538 -0.7727710811992191
u 6650 0.5248435813797632 0.0209405
x 6650 -213.47329090548362 -79.57577636492616 -0.7518305811992191
u 6651 0.6156553432210707 0.0190869
x 6651 -213.01960632097976 -79.99193774286418 -0.7327436811992191
u 6652 0.561457023279143 0.00875898
x 6652 -212.6006123413339 -80.36567029245849 -0.7239847011992191
u 6653 0.6451291160059991 -0.000544855
x 6653 -212.1174159038841 -80.79311943429703 -0.7245295561992191
u 6654 0.5880461570583962 -0.00881545
x 6654 -211.67880388268895 -81.18480239066069 -0.733345006199219
u 6655 0.6862028075986355 -0.0133296
x 6655 -211.1720729731811 -81.64750219240842 -0.7466746061992191
u 6656 0.6194334347954052 -0.0103421
x 6656 -210.71962250297437 -82.0705659372142 -0.7570167061992191
u 6657 0.7050797661567526 -0.0118529
x 6657 -210.20999011487447 -82.55780970103493 -0.7688696061992191
u 6658 0.7190875144584625 -0.0122387
x 6658 -209.6962565187464 -83.06095798070693 -0.7811083061992191
u 6659 0.6426716814791223 -0.0122084
x 6659 -209.24264708464736 -83.51621641448924 -0.7933167061992191
u 6660 0.7331573397250248 -0.0157839
x 6660 -208.73249279013837 -84.04276282389264 -0.8091006061992191
u 6661 0.6681354419774638 -0.0150382
x 6661 -208.27503225164415 -84.52971909691034 -0.8241388061992191
u 6662 0.7604435802321075 -0.017514
x 6662 -207.7634609969614 -85.09235086688231 -0.8416528061992191
u 6663 0.6826728568492438 -0.0160249
x 6663 -207.31274158224042 -85.60507327282352 -0.8576777061992191
u 6664 0.7895229526260599 -0.0181838
x 6664 -206.80169652521732 -86.20687246423336 -0.8758615061992191
u 6665 0.705837558618608 -0.0160419
x 6665 -206.35409162083425 -86.75262499484832 -0.8919034061992192
u 6666 0.8103005710506205 -0.0180988
x 6666 -205.85101257842075 -87.38782619897898 -0.9100022061992191
u 6667 0.7335428488326348 -0.0152774
x 6667 -205.40524632207152 -87.97037841994029 -0.9252796061992191
u 6668 0.8316058445331659 -0.0166716
x 6668 -204.91050320680444 -88.63879558960492 -0.9419512061992191
u 6669 0.8450467540707366 -0.0165063
x 6669 -204.4190998582418 -89.32626235398344 -0.9584575061992191
u 6670 0.7607723390623405 -0.0125452
x 6670 -203.98573731750776 -89.95153339080184 -0.9710027061992191
u 6671 0.8621333130014551 -0.0134946
x 6671 -203.50390350247184 -90.66644509493085 -0.9844973061992192
u 6672 0.7640048544466531 -0.0121862
x 6672 -203.08508155889044 -91.30541643523486 -0.9966835061992192
u 6673 0.8457165122436338 -0.0130346
x 6673 -202.63042237331612 -92.01851623015042 -1.009718106199219
u 6674 0.7463713924076362 -0.010732
x 6674 -202.2366771670076 -92.65257428836115 -1.020450106199219
u 6675 0.8161527219256455 -0.0123531
x 6675 -201.81415116259535 -93.35083539321921 -1.032803206199219
u 6676 0.7181482306749071 -0.0115295
x 6676 -201.44972545854654 -93.96964479394539 -1.044332706199219
u 6677 0.7846968303625977 -0.0115652
x 6677 -201.05936369731407 -94.65035027191995 -1.0558979061992189
u 6678 0.6841823902013183 -0.00885333
x 6678 -200.72508085759773 -95.24730711171219 -1.0647512361992189
u 6679 0.7561245408498581 -0.00828267
x 6679 -200.36131388051078 -95.91017560484005 -1.073033906199219
u 6680 0.7427013275574731 -0.00647939
x 6680 -200.00881982382165 -96.56389670144274 -1.0795132961992189
u 6681 0.6576550290530956 -0.00353001
x 6681 -199.69959021375308 -97.14431615009275 -1.0830433061992188
u 6682 0.7371793390953011 -0.00206682
x 6682 -199.3547901452307 -97.79588817012223 -1.0851101261992189
u 6683 0.6538200836946919 -0.000789179
x 6683 -199.04980510433447 -98.37421749195 -1.085899305199219
u 6684 0.7400260063567764 0.000381137
x 6684 -198.7047414536735 -99.0288697358531 -1.085518168199219
u 6685 0.6608080203421575 0.000618183
x 6685 -198.39632398206834 -99.61328901090421 -1.084899985199219
u 6686 0.7479470797907452 0.00107016
x 6686 -198.04667801786957 -100.27447921084469 -1.0838298251992189
u 6687 0.6765441584814562 0.00185704
x 6687 -197.72953611223383 -100.87208516674406 -1.081972785199219
u 6688 0.7667857336786679 0.003147
x 6688 -197.36839845019853 -101.54850180254543 -1.078825785199219
u 6689 0.684262551793988 0.00292906
x 6689 -197.04429488357925 -102.15113915879063 -1.0758967251992189
u 6690 0.7762288266860726 0.00324323
x 6690 -196.6745231336142 -102.83363422555716 -1.0726534951992188
u 6691 0.784260909955479 0.00343041
x 6691 -196.29862631938943 -103.5219409571681 -1.0692230851992188
u 6692 0.6986646321234447 0.00306134
x 6692 -195.96176728033828 -104.13403398503768 -1.066161745199219
u 6693 0.7870228227346652 0.0031703
x 6693 -195.58016009674023 -104.82235103563193 -1.0629914451992188
u 6694 0.6969474963476839 0.00274806
x 6694 -195.24042584113766 -105.43088710075259 -1.0602433851992188
u 6695 0.7859807528151473 0.00309659
x 6695 -194.85528755804867 -106.11603945830211 -1.0571467951992188
u 6696 0.6924064821259577 0.00261361
x 6696 -194.51427964469386 -106.7186504991963 -1.0545331851992188
u 6697 0.7759006005684014 0.00281111
x 6697 -194.13032098315483 -107.39288865574282 -1.051722075199219
u 6698 0.6848986125659828 0.00311649
x 6698 -193.7896327362701 -107.98704120203259 -1.0486055851992189
u 6699 0.7608928429908622 0.00318071
x 6699 -193.40906634063907 -108.64592408155336 -1.0454248751992188
u 6700 0.672128412800914 0.00253634
x 6700 -193.07123376477875 -109.22697959680295 -1.0428885351992188
u 6701 0.7654805518212082 0.00272762
x 6701 -192.684739125707 -109.88772312185198 -1.0401609151992188
u 6702 0.769171483575363 0.00239325
x 6702 -192.29468221712202 -110.55065607232729 -1.037767665199219
u 6703 0.6928602562242246 0.00191209
x 6703 -191.9420390211089 -111.14706026807073 -1.035855575199219
u 6704 0.7857993890677911 0.00220986
x 6704 -191.54069966537645 -111.82263939009246 -1.0336457151992189
u 6705 0.7003092565292429 0.00198022
x 6705 -191.1817629482845 -112.42396902319213 -1.0316654951992188
u 6706 0.7932944673398322 0.00233809
x 6706 -190.77369778123642 -113.10426208112065 -1.0293274051992187
u 6707 0.7094432044961388 0.00166985
x 6707 -190.40754662703978 -113.71191566313425 -1.0276575551992186
u 6708 0.8080763948131666 0.00232136
x 6708 -189.98910948684417 -114.40321699130389 -1.0253361951992186
u 6709 0.7223053894240316 0.00237156
x 6709 -189.61363728297513 -115.02026273935239 -1.0229646351992185
u 6710 0.8250696377453375 0.0026188
x 6710 -189.1829883517908 -115.72402478447121 -1.0203458351992185
u 6711 0.738724428919707 0.0025628
x 6711 -188.7957765007975 -116.35313563769849 -1.0177830351992185
u 6712 0.8387590066665455 0.00375946
x 6712 -188.35387458531508 -117.06604414498341 -1.0140235751992186
u 6713 0.8504984855743892 0.00428215
x 6713 -187.90288482415005 -117.78712306158364 -1.0097414251992185
u 6714 0.7603340637620147 0.00374277
x 6714 -187.49712272761724 -118.43013498579195 -1.0059986551992186
u 6715 0.8582133338602995 0.00405166
x 6715 -187.03630107325887 -119.15413258366122 -1.0019469951992186
u 6716 0.7721050157665448 0.00365706
x 6716 -186.6192081555316 -119.80388560515834 -0.9982899351992186
u 6717 0.8770304469653245 0.00415252
x 6717 -186.14255603723274 -120.5400812705544 -0.9941374151992186
u 6718 0.7974391389998612 0.00389821
x 6718 -185.70646949211053 -121.20771657541586 -0.9902392051992186
u 6719 0.9126556728157449 0.00430785
x 6719 -185.20424494681967 -121.9697596156166 -0.9859313551992186
u 6720 0.8243550652340639 0.00362533
x 6720 -184.74788448269223 -122.6562693796173 -0.9823060251992186
u 6721 0.9502644741556913 0.00382775
x 6721 -184.21887559069893 -123.44566855651934 -0.9784782751992186
u 6722 0.851681604198817 0.00259346
x 6722 -183.74247820734013 -124.15164779239839 -0.9758848151992185
u 6723 0.9766585963202021 0.00221937
x 6723 -183.19422694950265 -124.95990652604564 -0.9736654451992185
u 6724 0.9815200172227321 -0.00111807
x 6724 -182.64279942941948 -125.77188505651614 -0.9747835151992185
u 6725 0.8821224126178702 -0.00212628
x 6725 -182.1483989546941 -126.50243815401528 -0.9769097951992185
u 6726 0.9947335053350363 -0.00254911
x 6726 -181.59281107766955 -127.32755409843243 -0.9794589051992185
u 6727 0.8794050201868479 -0.00375366
x 6727 -181.10393892299138 -128.05855088219238 -0.9832125651992185
u 6728 0.9859350271338756 -0.00439267
x 6728 -180.55918822960984 -128.8803251801247 -0.9876052351992185
u 6729 0.8775070738423116 -0.00365612
x 6729 -180.07729359609544 -129.61367050743195 -0.9912613551992185
u 6730 0.9785618781708275 -0.0043603
x 6730 -179.5431857190588 -130.43361599827213 -0.9956216551992185
u 6731 0.8575049590357775 -0.00336949
x 6731 -179.07793210681507 -131.15393060687583 -0.9989911451992185
u 6732 0.9395213326058159 -0.00381875
x 6732 -178.57101901134172 -131.9449668736607 -1.0028098951992186
u 6733 0.8100586871723041 -0.00285662
x 6733 -178.13623543873504 -132.62845635816427 -1.0056665151992186
u 6734 0.8734386329550065 -0.00252004
x 6734 -177.66941675293776 -133.36668054930954 -1.0081865551992186
u 6735 0.8307332600120353 -0.00160989
x 6735 -177.2268731636815 -134.0697259047792 -1.0097964451992185
u 6736 0.7043330867203643 -0.00116082
x 6736 -176.85249088362553 -134.66631868861316 -1.0109572651992185
u 6737 0.7568220263230668 -0.000230492
x 6737 -176.45065458051084 -135.30765102250186 -1.0111877571992185
u 6738 0.6404830138770965 0.000480252
x 6738 -176.11052095641352 -135.85035499423876 -1.0107075051992185
u 6739 0.6951070072216502 0.000326571
x 6739 -175.7411412472969 -136.4391948516596 -1.0103809341992185
u 6740 0.5885290027695579 0.000252188
x 6740 -175.4282528068847 -136.93765970410303 -1.0101287461992186
u 6741 0.6442410921048323 0.0015315
x 6741 -175.08525885170093 -137.48300514539667 -1.0085972461992185
u 6742 0.5755162467327325 0.00194828
x 6742 -174.7780068638956 -137.96964162314268 -1.0066489661992186
u 6743 0.6534180531953876 0.000628421
x 6743 -174.42845370265414 -138.52169934264035 -1.0060205451992186
u 6744 0.5942660000298591 1.45017e-05
x 6744 -174.11038319305868 -139.0236786546755 -1.0060060434992186
u 6745 0.6845670010337865 8.51872e-05
x 6745 -173.74395182563117 -139.6019173870224 -1.0059208562992186
u 6746 0.6915310065161204 -0.000485431
x 6746 -173.37390970890212 -140.18611252174117 -1.0064062872992185
u 6747 0.6220620688416344 -0.0010466
x 6747 -173.04144346742868 -140.71187613825518 -1.0074528872992186
u 6748 0.7094450557092653 -0.000922881
x 6748 -172.662865311824 -141.31186849774505 -1.0083757682992185
u 6749 0.634892047033637 -0.00103623
x 6749 -172.32459669141235 -141.84914144119426 -1.0094119982992185
u 6750 0.7161471215835912 -0.00118972
x 6750 -171.94371034844698 -142.45560020566296 -1.0106017182992184
u 6751 0.6464530356281813 -0.000749423
x 6751 -171.6004220762509 -143.00337266744472 -1.0113511412992184
u 6752 0.7403030186514574 -0.000552077
x 6752 -171.20770460332562 -143.63092468278987 -1.0119032182992185
u 6753 0.6701460230124762 -0.000720764
x 6753 -170.85256577124605 -144.19923101098482 -1.0126239822992185
u 6754 0.768469104973116 -0.00112679
x 6754 -170.44592356363214 -144.85129451847683 -1.0137507722992185
u 6755 0.6961640525128243 -0.000877783
x 6755 -170.07813445149637 -145.44237448420662 -1.0146285552992185
u 6756 0.7949130490139195 -0.000723536
x 6756 -169.6587159578373 -146.11763358640584 -1.0153520912992184
u 6757 0.8049800231768962 -0.000455223
x 6757 -169.2343889375147 -146.80169455324113 -1.0158073142992183
u 6758 0.7177000119143367 -0.000444309
x 6758 -168.85634394852457 -147.41175625907698 -1.0162516232992183
u 6759 0.8127080302684284 -0.000668823
x 6759 -168.42863850623877 -148.10281513680064 -1.0169204462992183
u 6760 0.7247590064489128 -0.000240136
x 6760 -168.04749828575112 -148.7192628208998 -1.0171605822992182
u 6761 0.8192970013094028 0.000213179
x 6761 -167.6166513011546 -149.4161261142911 -1.0169474032992183
u 6762 0.73008300309361 0.000275933
x 6762 -167.23256778522128 -150.037013415508 -1.0166714702992183
u 6763 0.8174370480716397 0.00101105
x 6763 -166.8020816459545 -150.73191265607335 -1.0156604202992183
u 6764 0.7346193302088054 0.00235125
x 6764 -166.4141604752166 -151.35575757028437 -1.0133091702992183
u 6765 0.8203326479472229 0.00287422
x 6765 -165.97915916480184 -152.05125670755976 -1.0104349502992183
u 6766 0.7288576711888928 0.00320601
x 6766 -165.59078788237272 -152.66802311132358 -1.0072289402992183
u 6767 0.818067112570635 0.0037878
x 6767 -165.1524634036392 -153.35875073627014 -1.0034411402992183
u 6768 0.8198803774266673 0.0042261
x 6768 -164.7103971214185 -154.0492434842078 -0.9992150402992183
u 6769 0.7262439462261118 0.00366032
x 6769 -164.31640927197486 -154.65932811362222 -0.9955547202992182
u 6770 0.8220071600307144 0.0037805
x 6770 -163.8679038625239 -155.34819520099944 -0.9917742202992182
u 6771 0.7277736668957304 0.00307839
x 6771 -163.46872499759513 -155.95672648675986 -0.9886958302992183
u 6772 0.8258250388794276 0.00361233
x 6772 -163.01345820506032 -156.64572460058577 -0.9850835002992182
u 6773 0.7392097210647328 0.00320161
x 6773 -162.60384245888537 -157.2610663637103 -0.9818818902992182
u 6774 0.8305259458389995 0.00330856
x 6774 -162.14137799841018 -157.95092094279812 -0.9785733302992182
u 6775 0.7358715261646426 0.00270149
x 6775 -161.7297852876698 -158.56091931505551 -0.9758718402992183
u 6776 0.830839751963369 0.00307357
x 6776 -161.26308757381165 -159.24829649964738 -0.9727982702992183
u 6777 0.7367474735247578 0.00255611
x 6777 -160.84752905066813 -159.85666124061183 -0.9702421602992183
u 6778 0.8320375878378669 0.00270251
x 6778 -160.37641781363394 -160.54247486585479 -0.9675396502992183
u 6779 0.8400246685504159 0.00282945
x 6779 -159.8988708600811 -161.23355364584864 -0.9647102002992183
u 6780 0.7433153548615861 0.00211361
x 6780 -159.47479218407506 -161.84402460145532 -0.9625965902992183
u 6781 0.8375493740139995 0.00216726
x 6781 -158.99547958425165 -162.53086381916668 -0.9604293302992183
u 6782 0.7472313127220674 0.00207478
x 6782 -158.56655543946448 -163.1427286019698 -0.9583545502992182
u 6783 0.8424794435974353 0.00216645
x 6783 -158.08149533623885 -163.8315595184749 -0.9561881002992182
u 6784 0.7450720485452944 0.000532442
x 6784 -157.65169608219128 -164.4401685437358 -0.9556556582992182
u 6785 0.8425860024690836 0.000358848
x 6785 -157.16533864657106 -165.1282147694758 -0.9552968102992182
u 6786 0.7532590535067354 0.000921454
x 6786 -156.73014884989118 -165.74303913659895 -0.9543753562992182
u 6787 0.8463480131792179 0.00011788
x 6787 -156.2408186617419 -166.43359031178383 -0.9542574762992182
u 6788 0.7564690009304547 -4.61065e-05
x 6788 -155.803431370375 -167.05079182395022 -0.9543035827992182
u 6789 0.853223001549513 7.99281e-05
x 6789 -155.31008953824954 -167.74692638469355 -0.9542236546992182
u 6790 0.8583940034793889 -0.000254147
x 6790 -154.81381879304695 -168.44732313561389 -0.9544778016992183
u 6791 0.7636000125342997 -0.000395527
x 6791 -154.37255453212126 -169.07051718530494 -0.9548733286992183
u 6792 0.8657010119041731 -0.000373125
x 6792 -153.87256037388227 -169.77723075885788 -0.9552464536992182
u 6793 0.7694470139366432 -0.000489148
x 6793 -153.4284295174071 -170.40555907890862 -0.9557356016992182
u 6794 0.86777004552403 -0.000895116
x 6794 -152.92803642456641 -171.11452420799978 -0.9566307176992183
u 6795 0.7731230536667629 -0.000843875
x 6795 -152.4827701841543 -171.74655046994584 -0.9574745926992183
u 6796 0.867515025874802 -0.000582349
x 6796 -151.9836464466681 -172.45609806773442 -0.9580569416992183
u 6797 0.755510026872356 -0.000658619
x 6797 -151.54934815791336 -173.07430545725347 -0.9587155606992183
u 6798 0.8208910706720568 -0.000933162
x 6798 -151.07800091436036 -173.74638720600493 -0.9596487226992183
u 6799 0.6934900280454576 -0.000502792
x 6799 -150.6802137866232 -174.31444865503462 -0.9601515146992183
u 6800 0.731116001691198 0.000337614
x 6800 -150.26089379279495 -174.91336546530775 -0.9598139006992183
u 6801 0.6933100730114548 0.00120667
x 6801 -149.86281839529263 -175.48100511941766 -0.9586072306992184
u 6802 0.5760590956056338 0.00136505
x 6802 -149.53145839158873 -175.95222118243598 -0.9572421806992184
u 6803 0.6069471657599571 0.0017766
x 6803 -149.18155155300025 -176.4481546149029 -0.9554655806992184
u 6804 0.5040551780371045 0.00201018
x 6804 -148.89018296879593 -176.85946457720615 -0.9534554006992184
u 6805 0.5344272812829037 0.00239123
x 6805 -148.58029887814922 -177.29487729320056 -0.9510641706992184
u 6806 0.4463692782490265 0.00267744
x 6806 -148.32055382033343 -177.65788957739696 -0.9483867306992184
u 6807 0.4633274215757152 0.0029286
x 6807 -148.04988560193033 -178.0339359331816 -0.9454581306992185
u 6808 0.38919816735568163 0.00207447
x 6808 -147.82173295108967 -178.34924772659497 -0.9433836606992184
u 6809 0.41542920003674155 0.00219785
x 6809 -147.57748496212403 -178.68528979339249 -0.9411858106992185
u 6810 0.35388610106516927 0.00168293
x 6810 -147.36886562283172 -178.9711452013213 -0.9395028806992185
u 6811 0.3864801196413942 0.00174284
x 6811 -147.14049739068088 -179.28293807425774 -0.9377600406992185
u 6812 0.3858750961742204 0.00159544
x 6812 -146.91196736433685 -179.59386183552763 -0.9361646006992185
u 6813 0.34338207182471425 0.00148728
x 6813 -146.70817710473105 -179.87023252066885 -0.9346773206992185
u 6814 0.38238609303245735 0.0015465
x 6814 -146.4807721739635 -180.177650952883 -0.9331308206992185
u 6815 0.3300010615727242 0.00140114
x 6815 -146.2841298106307 -180.44266503508607 -0.9317296806992185
u 6816 0.3536460678130439 0.00136698
x 6816 -146.07300489000517 -180.72637578513857 -0.9303627006992184
u 6817 0.29774203650667697 0.00113335
x 6817 -145.89495591209769 -180.96501541361656 -0.9292293506992184
u 6818 0.3196050552144536 0.0013492
x 6818 -145.70351508792663 -181.22094076731193 -0.9278801506992184
u 6819 0.27893303500801586 0.00104254
x 6819 -145.53616948094313 -181.4440978393377 -0.9268376106992183
u 6820 0.31374800013129694 -0.000516986
x 6820 -145.34787070932197 -181.6950587486441 -0.9273545966992184
u 6821 0.28810941097892523 -0.00505195
x 6821 -145.17560171477217 -181.92599217989232 -0.9324065466992184
u 6822 0.3408770410545181 -0.0167275
x 6822 -144.97477096477027 -182.20142176722277 -0.9491340466992184
u 6823 0.3175921148650615 -0.0246496
x 6823 -144.79300988122267 -182.46184940188076 -0.9737836466992185
u 6824 0.3646915443780401 -0.0424661
x 6824 -144.59445430921673 -182.7677180358274 -1.0162497466992184
u 6825 0.3684143419783242 -0.0608892
x 6825 -144.4101150906596 -183.08663220997832 -1.0771389466992185
u 6826 0.33349240462613255 -0.0653072
x 6826 -144.26178824966334 -183.38525707344482 -1.1424461466992184
u 6827 0.38605741696572804 -0.087554
x 6827 -144.11699984405004 -183.74300204249164 -1.2300001466992183
u 6828 0.3519828701829821 -0.0831003
x 6828 -144.01326520872587 -184.07924568398647 -1.3131004466992182
u 6829 0.41171588742607446 -0.0972165
x 6829 -143.9278400256891 -184.48183610638682 -1.4103169466992183
u 6830 0.38033710433967655 -0.0898826
x 6830 -143.88400906662264 -184.85951030162622 -1.5001995466992182
u 6831 0.43842645929409874 -0.103556
x 6831 -143.87576258837927 -185.29766328983118 -1.6037555466992182
u 6832 0.40084097846309324 -0.0946719
x 6832 -143.9079016034781 -185.69706359398867 -1.6984274466992182
u 6833 0.452648304976126 -0.106879
x 6833 -143.98937698238362 -186.14209986683662 -1.8053064466992181
u 6834 0.44716135457389433 -0.105671
x 6834 -144.11604698891784 -186.57072790276402 -1.9109774466992182
u 6835 0.37990630858720936 -0.0897998
x 6835 -144.25870485623406 -186.92269462457045 -2.000777246699218
u 6836 0.4149874262579651 -0.0980969
x 6836 -144.44990335248895 -187.29082454934994 -2.098874146699218
u 6837 0.3577698224471846 -0.0845631
x 6837 -144.6430180954382 -187.59187219355374 -2.183437246699218
u 6838 0.38904128717867464 -0.0920433
x 6838 -144.88105056036986 -187.89942193591176 -2.275480546699218
u 6839 0.3410870115021825 -0.0805771
x 6839 -145.11222855968373 -188.15008934315642 -2.356057646699218
u 6840 0.3711519266081748 -0.0877034
x 6840 -145.385803230956 -188.40073326518242 -2.443761046699218
u 6841 0.3222509614000244 -0.07618
x 6841 -145.64036846488344 -188.5981972165153 -2.519941046699218
u 6842 0.35151372786850016 -0.0830681
x 6842 -145.93428939816323 -188.79081432614808 -2.6030091466992182
u 6843 0.31227866650735203 -0.073737
x 6843 -146.20802052327215 -188.94096445024005 -2.676746146699218
u 6844 0.3669335878959025 -0.0848287
x 6844 -146.54259829450382 -189.09135478916247 -2.7615748466992183
u 6845 0.39831740539168004 -0.0837575
x 6845 -146.9182506049115 -189.22345083944475 -2.845332346699218
u 6846 0.378437397140716 -0.071677
x 6846 -147.28384936907923 -189.32087313015748 -2.9170093466992184
u 6847 0.4552892206494241 -0.0769322
x 6847 -147.73116547424837 -189.4051011496297 -2.9939415466992183
u 6848 0.43480597740349664 -0.0617629
x 6848 -148.1629418595085 -189.45574994085277 -3.0557044466992185
u 6849 0.5207861732554062 -0.0602274
x 6849 -148.68283962783224 -189.48477708793254 -3.1159318466992185
u 6850 0.48437966176271274 -0.0465321
x 6850 -149.16717420212703 -189.48593695370892 -3.1624639466992184
u 6851 0.5736883321158275 -0.0393409
x 6851 -149.74035416753264 -189.46268649899557 -3.2018048466992184
u 6852 0.5367116517813386 -0.0250819
x 6852 -150.27563200175186 -189.42367449938982 -3.2268867466992184
u 6853 0.615291122815137 -0.017084
x 6853 -150.88820877758724 -189.36602337848277 -3.2439707466992185
u 6854 0.568202057535154 -0.00702506
x 6854 -151.45322707391097 -189.30596860986296 -3.2509958066992186
u 6855 0.6612891417674466 -0.000694462
x 6855 -152.11053753611208 -189.2335374858546 -3.2516902686992184
u 6856 0.6000962027401369 0.00249473
x 6856 -152.7070820099261 -189.16834579516544 -3.2491955386992184
u 6857 0.6929605874161932 0.00658776
x 6857 -153.39627493465963 -189.09619490074485 -3.2426077786992185
u 6858 0.7055419500922876 0.00756978
x 6858 -154.09848283716286 -189.0277030910383 -3.2350379986992186
u 6859 0.6422442418667406 0.00734123
x 6859 -154.73813929596108 -188.9701233338499 -3.2276967686992184
u 6860 0.7283771687627779 0.00841637
x 6860 -155.46407309482538 -188.91053904110169 -3.2192803986992184
u 6861 0.654586442609501 0.00735935
x 6861 -156.11686623375715 -188.8621386823667 -3.2119210486992182
u 6862 0.7415290026501946 0.00820102
x 6862 -156.85676753491833 -188.8130648148464 -3.2037200286992182
u 6863 0.6610710703114636 0.00680621
x 6863 -157.51669779399262 -188.77426628237316 -3.196913818699218
u 6864 0.7510387822160653 0.00708704
x 6864 -158.266728492323 -188.73539671738726 -3.189826778699218
u 6865 0.6695271873370165 0.00560325
x 6865 -158.93556393397503 -188.70498892653566 -3.184223528699218
u 6866 0.7573225919586398 0.00432305
x 6866 -159.69226586185962 -188.67434896240704 -3.179900478699218
u 6867 0.7634098994228852 0.00324762
x 6867 -160.45516181679557 -188.64635031512412 -3.176652858699218
u 6868 0.675242142338677 0.000793381
x 6868 -161.12999831033386 -188.62294873692625 -3.1758594776992184
u 6869 0.7629515307956339 -0.00319523
x 6869 -161.89245889312227 -188.5955917854097 -3.1790547076992186
u 6870 0.6818008475907792 -0.00355503
x 6870 -162.57373454999666 -188.56884509309546 -3.1826097376992184
u 6871 0.7683981337537203 -0.00381578
x 6871 -163.34142441940458 -188.53587177113675 -3.1864255176992184
u 6872 0.6913768583453699 -0.00393191
x 6872 -164.0320438686312 -188.5035279806477 -3.1903574276992184
u 6873 0.7809026830359604 -0.006179
x 6873 -164.81189567503932 -188.46305304758855 -3.1965364276992183
u 6874 0.0 0.0
x 6874 -164.81189567503932 -188.46305304758855 -3.1965364276992183
u 6875 0.6937727061329687 -0.0066184
x 6875 -165.50449032265786 -188.4226616509971 -3.203154827699218
u 6876 0.7739829538520248 -0.00944223
x 6876 -166.2767707928704 -188.37139726305858 -3.212597057699218
u 6877 0.6763874937833833 -0.0113226
x 6877 -166.95116787985233 -188.31959259952495 -3.223919657699218
u 6878 0.754124495135412 -0.0160981
x 6878 -167.70220658022652 -188.251531279865 -3.240017757699218
u 6879 0.6552170825034707 -0.0184066
x 6879 -168.3536231528344 -188.18114837475042 -3.258424357699218
u 6880 0.7258976931606085 -0.0266166
x 6880 -169.07336121650064 -188.08694926015554 -3.285040957699218
u 6881 0.7152841300319476 -0.0308389
x 6881 -169.7796098136178 -187.97379556541256 -3.315879857699218
u 6882 0.6243523085392618 -0.0298
x 6882 -170.39279937306142 -187.85638380044583 -3.345679857699218
u 6883 0.6923442960578284 -0.0363536
x 6883 -171.0680754196729 -187.70377286790446 -3.382033457699218
u 6884 0.6055886473365285 -0.0350125
x 6884 -171.65359869035316 -187.54929747743103 -3.417045957699218
u 6885 0.0 0.0
x 6885 -171.65359869035316 -187.54929747743103 -3.417045957699218
u 6886 0.669431851573885 -0.0418289
x 6886 -172.2937990398462 -187.35380533070756 -3.458874857699218
u 6887 0.5855099166983104 -0.0374185
x 6887 -172.84653726957828 -187.16077084205435 -3.496293357699218
u 6888 0.6471802164891091 -0.0425568
x 6888 -173.4484655891318 -186.92315493046243 -3.5388501576992177
u 6889 0.568555445558885 -0.0383122
x 6889 -173.96840358758152 -186.6931979036016 -3.5771623576992178
u 6890 0.6283834439157432 -0.0426321
x 6890 -174.53229148518218 -186.41600412738273 -3.619794457699218
u 6891 0.5526563867019362 -0.0378215
x 6891 -175.0180271682997 -186.15246376838266 -3.657615957699218
u 6892 0.6152378628741001 -0.0424116
x 6892 -175.54655686185114 -185.83763483653243 -3.700027557699218
u 6893 0.6098701269880006 -0.0429836
x 6893 -176.0566756676621 -185.5034745262215 -3.7430111576992178
u 6894 0.5426051686928549 -0.0387156
x 6894 -176.4980178795898 -185.18787882377998 -3.781726757699218
u 6895 0.6109783051256484 -0.0434709
x 6895 -176.97994686576578 -184.81240557549847 -3.825197657699218
u 6896 0.5363892449676284 -0.0384602
x 6896 -177.38919344326547 -184.4657137851314 -3.8636578576992178
u 6897 0.6130727502091493 -0.0420164
x 6897 -177.8406225426423 -184.05096726709098 -3.905674257699218
u 6898 0.5490883550551442 -0.0360309
x 6898 -178.23014515520822 -183.6640079156593 -3.941705157699218
u 6899 0.6134781316084218 -0.0401899
x 6899 -178.64855172533865 -183.21540931508025 -3.981895057699218
u 6900 0.5587435820320431 -0.0356553
x 6900 -179.01386879293307 -182.79267446013824 -4.017550357699218
u 6901 0.6297836962863996 -0.0369111
x 6901 -179.40807620337443 -182.30157060931327 -4.054461457699218
u 6902 0.5684713150612 -0.0306518
x 6902 -179.74873645258407 -181.84650475709267 -4.085113257699218
u 6903 0.648805999427694 -0.0339505
x 6903 -180.1205582120244 -181.31484944375342 -4.119063757699219
u 6904 0.6549235724720789 -0.0336887
x 6904 -180.47752506181413 -180.76579663311006 -4.1527524576992185
u 6905 0.583246347577327 -0.0300302
x 6905 -180.77969032824862 -180.26695107597217 -4.182782657699218
u 6906 0.6642235043039019 -0.0337796
x 6906 -181.10550720147856 -179.6881641738749 -4.216562257699218
u 6907 0.5979949083597488 -0.0307377
x 6907 -181.3818807521266 -179.15789309531903 -4.2472999576992185
u 6908 0.6816281191853003 -0.0348844
x 6908 -181.67690540193743 -178.54345820541823 -4.282184357699219
u 6909 0.6104179896608068 -0.0312611
x 6909 -181.92277183017993 -177.98477271436036 -4.313445457699219
u 6910 0.7038013428643696 -0.0362023
x 6910 -182.18436234725033 -177.3314331129985 -4.349647757699219
u 6911 0.6360556363589607 -0.0325627
x 6911 -182.4003383235339 -176.73319787194544 -4.382210457699219
u 6912 0.7253337129676518 -0.0370653
x 6912 -182.62273150819325 -176.042842863973 -4.419275757699219
u 6913 0.6619655439188031 -0.03286
x 6913 -182.80355020167246 -175.40608266339723 -4.452135757699219
u 6914 0.7566071944241676 -0.0355011
x 6914 -182.98522688041865 -174.67165233299744 -4.487636857699219
u 6915 0.7719113733713281 -0.032243
x 6915 -183.14509855629476 -173.9165122157964 -4.51987985769922
u 6916 0.6900920014596419 -0.0257146
x 6916 -183.2684056356392 -173.237545284701 -4.545594457699219
u 6917 0.7799589168241428 -0.0262106
x 6917 -183.38780215372503 -172.46680177535794 -4.571805057699219
u 6918 0.6955016212506884 -0.0192559
x 6918 -183.47862073588445 -171.7772660301844 -4.591060957699219
u 6919 0.7787877990163954 -0.0173862
x 6919 -183.5661529788264 -171.00342285194935 -4.608447157699219
u 6920 0.6910564408761103 -0.0134324
x 6920 -183.63323506398606 -170.31563522637177 -4.621879557699219
u 6921 0.7773764672107218 -0.0134077
x 6921 -183.69830682302427 -169.54099286692232 -4.635287257699219
u 6922 0.6862116099499909 -0.0107249
x 6922 -183.74749269417993 -168.85654958209616 -4.646012157699219
u 6923 0.7761772911767163 -0.0110955
x 6923 -183.79467748561373 -168.08181181861232 -4.6571076576992185
u 6924 0.6933983575205181 -0.0064627
x 6924 -183.8307524941573 -167.38935373141533 -4.663570357699219
u 6925 0.7761291694584788 -0.00532272
x 6925 -183.86656373072842 -166.61405209924715 -4.668893077699218
u 6926 0.7788933681653799 -0.0036323
x 6926 -183.89901839721307 -165.83583560843206 -4.672525377699218
u 6927 0.6887910816038716 -0.000846382
x 6927 -183.92617755772693 -165.14758020106154 -4.673371759699218
u 6928 0.773986012068497 -0.000356291
x 6928 -183.95623090137315 -164.3741778884993 -4.673728050699218
u 6929 0.6873760016146259 -0.000112096
x 6929 -183.9827603797859 -163.68731403454214 -4.673840146699217
u 6930 0.772473001314713 0.000247563
x 6930 -184.0126264850506 -162.91541860738232 -4.673592583699217
u 6931 0.6908320158979397 0.000541778
x 6931 -184.03960855164814 -162.22511372503143 -4.6730508056992175
u 6932 0.7767640354456332 0.000703154
x 6932 -184.0704300291529 -161.44896143428795 -4.6723476516992175
u 6933 0.6920050386930096 0.000787687
x 6933 -184.09840374701525 -160.7575220516045 -4.671559964699218
u 6934 0.7820390932097168 0.00115431
x 6934 -184.13077573740347 -159.97615329766106 -4.670405654699217
u 6935 0.6922630848746409 0.0011269
x 6935 -184.16022041255945 -159.28451673191958 -4.669278754699217
u 6936 0.7776231102577789 0.00118369
x 6936 -184.19419333431372 -158.5076361287441 -4.668095064699217
u 6937 0.7791211085842787 0.00120879
x 6937 -184.22916280209972 -157.7293002345124 -4.666886274699217
u 6938 0.6908180858968467 0.00117161
x 6938 -184.26099030648274 -157.03921575912037 -4.665714664699217
u 6939 0.7817421676573832 0.00141275
x 6939 -184.29801593029362 -156.2583509704198 -4.664301914699217
u 6940 0.6937980943243105 0.00119997
x 6940 -184.33178156772024 -155.56537505477954 -4.663101944699217
u 6941 0.780825166326062 0.00150385
x 6941 -184.37083694063375 -154.78552731110744 -4.661598094699217
u 6942 0.6934111188031736 0.00133945
x 6942 -184.40650455026986 -154.09303418521014 -4.660258644699217
u 6943 0.7831071517200094 0.00126223
x 6943 -184.44780324965106 -153.31101682793272 -4.658996414699217
u 6944 0.6928180023011743 -8.96395e-05
x 6944 -184.48474599951786 -152.61918446585395 -4.659086054199217
u 6945 0.7858000536301343 -0.0010347
x 6945 -184.52620564671753 -151.83447893710493 -4.660120754199217
u 6946 0.6920144302317564 -0.0030931
x 6946 -184.5612907162292 -151.14335476031354 -4.663213854199217
u 6947 0.7860126827813477 -0.00464675
x 6947 -184.59810328249498 -150.35820530907043 -4.667860604199217
u 6948 0.7835046669572326 -0.00470293
x 6948 -184.63113926218725 -149.5753981452485 -4.672563534199217
u 6949 0.6993572598555053 -0.00446254
x 6949 -184.65742480773687 -148.87653561560833 -4.677026074199216
u 6950 0.7889293035227307 -0.00535078
x 6950 -184.68320832427693 -148.08802869032237 -4.682376854199216
u 6951 0.7025722199755011 -0.00412521
x 6951 -184.70284231100138 -147.3857313666372 -4.686502064199216
u 6952 0.7909136711406983 -0.00468793
x 6952 -184.72146101582447 -146.59503759948544 -4.691189994199216
u 6953 0.7035182209978064 -0.0041788
x 6953 -184.73490412990063 -145.89164834044894 -4.695368794199216
u 6954 0.7887455039091301 -0.00429607
x 6954 -184.74663403084477 -145.10299066913 -4.699664864199216
u 6955 0.705658757178275 -0.00330913
x 6955 -184.7544451934871 -144.39737546739238 -4.7029739941992155
u 6956 0.7862550125475739 -0.00367923
x 6956 -184.76040130672723 -143.6111434583087 -4.706653224199216
u 6957 0.6993597295414038 -0.00316136
x 6957 -184.76330719011293 -142.91179005709017 -4.709814584199216
u 6958 0.7859696514006429 -0.00275816
x 6958 -184.76424667183701 -142.1258212163127 -4.712572744199216
u 6959 0.7813174321249595 -0.00238979
x 6959 -184.76316950226985 -141.34450471263673 -4.714962534199215
u 6960 0.6968123069438408 -0.00197235
x 6960 -184.76068904506317 -140.6476969335215 -4.716934884199215
u 6961 0.7815822065122795 -0.00139281
x 6961 -184.75659176887066 -139.86612552980287 -4.718327694199215
u 6962 0.6934750195713898 -0.000522884
x 6962 -184.75229214329258 -139.1726638473491 -4.7188505781992145
u 6963 0.7799200190638705 -0.000335913
x 6963 -184.74712165906433 -138.39276097101833 -4.719186491199214
u 6964 0.694016029517055 0.000837094
x 6964 -184.7426945860785 -137.69875908188112 -4.718349397199214
u 6965 0.7857731730048269 0.00152551
x 6965 -184.7386104216478 -136.91299659914634 -4.716823887199214
u 6966 0.6970561782062067 0.00159394
x 6966 -184.73607458117723 -136.2159451073493 -4.715229947199214
u 6967 0.7825212475796652 0.00178973
x 6967 -184.73455171632193 -135.43342544603365 -4.7134402171992145
u 6968 0.697604195925944 0.00166585
x 6968 -184.7343994211029 -134.73582134739368 -4.711774367199214
u 6969 0.7838602217524807 0.00160416
x 6969 -184.73550991004691 -133.95196199629936 -4.710170207199214
u 6970 0.7841150173544444 -6.51521e-06
x 6970 -184.7372471276633 -133.16784890336984 -4.710176722409214
u 6971 0.6953404414028513 -0.00325919
x 6971 -184.7376522765916 -132.47250888775503 -4.713435912409214
u 6972 0.7762558977953742 -0.00645363
x 6972 -184.73433477111433 -131.69626142616536 -4.719889542409214
u 6973 0.6790033934847632 -0.00788322
x 6973 -184.7265656871267 -131.01730423896078 -4.727772762409214
u 6974 0.7498821254654948 -0.0138961
x 6974 -184.70982097207667 -130.26761512480977 -4.741668862409214
u 6975 0.6554214006455417 -0.0161938
x 6975 -184.68532940040643 -129.61265864705 -4.757862662409214
u 6976 0.7263499682738662 -0.019545
x 6976 -184.64522238586795 -128.88742840158645 -4.777407662409214
u 6977 0.6297912414558813 -0.018119
x 6977 -184.59861189091325 -128.2593729753487 -4.795526662409214
u 6978 0.6855601508378257 -0.0200066
x 6978 -184.53485149303103 -127.57679575955382 -4.815533262409215
u 6979 0.5975498766376097 -0.01253
x 6979 -184.46960477121567 -126.98282265515596 -4.828063262409215
u 6980 0.6411296105443545 -0.00645437
x 6980 -184.39355314568513 -126.3462208166477 -4.834517632409215
u 6981 0.591228550755254 -0.00268383
x 6981 -184.32073918069028 -125.75949335358382 -4.837201462409214
u 6982 0.4882360126185552 1.31082e-05
x 6982 -184.25996250081576 -125.27505491662595 -4.837188354209214
u 6983 0.5014923300036601 0.00318053
x 6983 -184.19833031481565 -124.77736443178996 -4.834007824209214
u 6984 0.39816162243749337 0.00413541
x 6984 -184.15084298082792 -124.38204506120144 -4.829872414209214
u 6985 0.3983717605889553 0.00441127
x 6985 -184.10502124324248 -123.98631766683734 -4.825461144209214
u 6986 0.31643839612393093 0.00367185
x 6986 -184.06989439107738 -123.67183515493124 -4.821789294209214
u 6987 0.3005973776004589 0.00359309
x 6987 -184.0376113805281 -123.37297650366452 -4.818196204209214
u 6988 0.21649813798619952 0.00259776
x 6988 -184.01502668913795 -123.15765964620202 -4.815598444209215
u 6989 0.18809209477036568 0.00220913
x 6989 -183.9958549215566 -122.97054720659727 -4.813389314209215
u 6990 0.12020401649800923 0.00113168
x 6990 -183.98380257869158 -122.85094894126013 -4.812257634209215
u 6991 0.08184980320844377 0.000630053
x 6991 -183.97566758712307 -122.7695044081359 -4.811627581209215
u 6992 0.02926400013406399 0.000220719
x 6992 -183.97277144681425 -122.74038407036865 -4.811406862209215
u 6993 0.002975430000088897 -2.16848e-05
x 6993 -183.97247727513633 -122.73742321800674 -4.811428547009215
u 6994 0.001983210000027183 1.39173e-05
x 6994 -183.97228119355526 -122.73544972518488 -4.811414629709215
u 6995 0.0009918090000015014 -7.22832e-06
x 6995 -183.97218313589593 -122.73446277544552 -4.811421858029215
u 6996 1.7250400000026853e-09 0.0
x 6996 -183.97218313572537 -122.73446277372894 -4.811421858029215
u 6997 0.000495853 3.54672e-06
x 6997 -183.9721341110791 -122.73396935019716 -4.811418311309215
u 6998 5.131569951605551e-08 6.7365e-08
x 6998 -183.97213410600565 -122.73396929913287 -4.811418243944215
u 6999 0.000495904 -3.61413e-06
x 6999 -183.97208507633366 -122.7334758248494 -4.8114218580742145
u 7000 0.0004959040000031183 3.61413e-06
x 7000 -183.97203604666166 -122.73298235056593 -4.811418243944215
u 7001 4.099924949676968e-07 5.39459e-07
x 7001 -183.97203600612684 -122.73298194258214 -4.811417704485215
u 7002 1.0251350535570228e-07 -1.34805e-07
x 7002 -183.97203599599163 -122.73298184057089 -4.811417839290215
u 7003 5.147641837377966e-08 -6.73799e-08
x 7003 -183.9720359909023 -122.73298178934667 -4.811417906670115
u 7004 1.0246522611707105e-07 -1.34745e-07
x 7004 -183.97203598077184 -122.73298168738346 -4.811418041415115
u 7005 1.5376026820324197e-07 2.022e-07
x 7005 -183.97203596557 -122.73298153437652 -4.811417839215115
u 7006 1.5370483878397876e-07 -2.0223e-07
x 7006 -183.97203595037362 -122.73298138142474 -4.811418041445115
u 7007 2.0496107907924594e-07 2.69535e-07
x 7007 -183.9720359301097 -122.73298117746783 -4.811417771910115
u 7008 0.0004959040000117695 -3.61407e-06
x 7008 -183.97198690067066 -122.73248770316121 -4.811421385980115
u 7009 0.0004958020000287918 3.47931e-06
x 7009 -183.97193788128297 -122.73199433035808 -4.811417906670115
u 7010 5.2423500000180414e-09 0.0
x 7010 -183.97193788076467 -122.73199432514141 -4.811417906670115
u 7011 2.0488594205392056e-07 2.6955e-07
x 7011 -183.9719378605082 -122.73199412125928 -4.8114176371201145
u 7012 0.0004960580000273467 -3.81633e-06
x 7012 -183.97188881585998 -122.73150049370554 -4.811421453450114
u 7013 0.0004959550000273524 3.68152e-06
x 7013 -183.97183978136195 -122.7310069686504 -4.811417771930114
u 7014 1.5381938304469303e-07 -2.02185e-07
x 7014 -183.97183976615426 -122.73100681558464 -4.811417974115114
u 7015 0.0004956480000277236 -3.27717e-06
x 7015 -183.97179076200896 -122.73051359602529 -4.811421251285115
u 7016 7.0010668015653185e-09 -2.99147e-11
x 7016 -183.97179076131675 -122.73051358905853 -4.811421251315029
u 7017 7.001133155995524e-09 -4.49099e-11
x 7017 -183.97179076062454 -122.7305135820917 -4.811421251359939
u 7018 0.0004960070000256155 3.74876e-06
x 7018 -183.9717417211017 -122.73002000527975 -4.811417502599939
u 7019 2.0498856295187033e-07 -2.69565e-07
x 7019 -183.9717417008351 -122.7300198012955 -4.811417772164939
u 7020 0.0004958020000284301 -3.47935e-06
x 7020 -183.9716926815138 -122.72952642848577 -4.811421251514939
u 7021 5.149900244752319e-08 6.74098e-08
x 7021 -183.97169267642207 -122.7295263772391 -4.811421184105138
u 7022 0.0004958020000124762 3.47934e-06
x 7022 -183.971643657134 -122.72903300442607 -4.811417704765138
u 7023 0.0004958020000273606 -3.47933e-06
x 7023 -183.9715946378459 -122.72853963161303 -4.811421184095138
u 7024 0.000495546000028806 3.14248e-06
x 7024 -183.97154564378516 -122.72804651355402 -4.811418041615139
u 7025 1.538053487211274e-07 -2.0217e-07
x 7025 -183.97154562857884 -122.72804636050222 -4.8114182437851385
u 7026 5.1685131499580226e-08 -6.73799e-08
x 7026 -183.97154562346887 -122.72804630907031 -4.811418311165038
u 7027 0.0004956480000280802 -3.2772e-06
x 7027 -183.97149661915734 -122.72755308952749 -4.811421588365039
u 7028 2.048248120630821e-07 2.69415e-07
x 7028 -183.97149659890616 -122.72755288570626 -4.811421318950039
u 7029 0.0004955970000277263 3.20982e-06
x 7029 -183.9714475997532 -122.72705971690205 -4.811418109130039
u 7030 1.0262947380051989e-07 -1.3473e-07
x 7030 -183.97144758960647 -122.7270596147754 -4.811418243860039
u 7031 0.0004955970000288031 -3.20973e-06
x 7031 -183.97139859038708 -122.72656644597778 -4.811421453590039
u 7032 6.8668942107369886e-09 -7.46283e-11
x 7032 -183.97139858970814 -122.72656643914453 -4.811421453664667
u 7033 0.000496007000011999 3.74893e-06
x 7033 -183.97134955008545 -122.7260728623425 -4.811417704734667
u 7034 5.1705477455453396e-08 -6.73949e-08
x 7034 -183.9713495449735 -122.72607281089034 -4.811417772129567
u 7035 0.0004959550000273524 -3.68152e-06
x 7035 -183.97130051047537 -122.72557928583521 -4.811421453649567
u 7036 2.5628583887034887e-07 -3.37094e-07
x 7036 -183.97130048513617 -122.72557903080511 -4.811421790743567
u 7037 0.0004958020000270096 3.4793e-06
x 7037 -183.9712514655488 -122.72508565802181 -4.811418311443567
u 7038 1.0268639631605347e-07 1.34805e-07
x 7038 -183.97125145539644 -122.72508555583852 -4.811418176638567
u 7039 5.164234101525995e-08 6.73351e-08
x 7039 -183.9712514502907 -122.7250855044492 -4.8114181093034665
u 7040 0.0004959040000120018 -3.61411e-06
x 7040 -183.97120242068513 -122.72459203015912 -4.811421723413466
u 7041 1.0263441552787056e-07 1.34865e-07
x 7041 -183.9712024105376 -122.72459192802758 -4.811421588548466
u 7042 0.0004958530000277116 3.54673e-06
x 7042 -183.97115338602427 -122.72409850448255 -4.811418041818466
u 7043 5.171217957404329e-08 -6.74098e-08
x 7043 -183.97115338091163 -122.72409845302373 -4.811418109228266
u 7044 0.0004956990000129603 -3.34452e-06
x 7044 -183.9711043716408 -122.72360518272265 -4.811421453748266
u 7045 0.0004958530000280686 3.54672e-06
x 7045 -183.97105534719398 -122.72311175917102 -4.811417907028265
u 7046 0.0004956990000031196 -3.34455e-06
x 7046 -183.97100633802287 -122.72261848886004 -4.811421251578265
u 7047 5.08817469304799e-08 6.6943e-08
x 7047 -183.97100633299218 -122.7226184382276 -4.8114211846352655
u 7048 0.000467502 -3.37577e-05
x 7048 -183.9709601030259 -122.72215322761916 -4.811454942335265
u 7049 1.0476547490686472e-06 1.37837e-06
x 7049 -183.9709599994094 -122.72215218510101 -4.811453563965265
u 7050 0.000958062000053584 -3.71753e-05
x 7050 -183.97086522683722 -122.72119882212952 -4.811490739265265
u 7051 0.0004867 8.49656e-06
x 7051 -183.9708170749803 -122.72071450994854 -4.8114822427052655
u 7052 0.000519206 3.42745e-05
x 7052 -183.97076571817843 -122.72019785014817 -4.8114479682052655
u 7053 6.430553571192005e-07 -8.46107e-07
x 7053 -183.97076565458187 -122.7201972102453 -4.811448814312265
u 7054 0.0063806300015102685 -4.00241e-05
x 7054 -183.97013449658834 -122.71384787336677 -4.811488838412265
u 7055 0.021197100001945544 -1.14513e-05
x 7055 -183.9680371828321 -122.69275478626508 -4.8115002897122645
u 7056 0.038620900085338465 0.000203426
x 7056 -183.96421958750318 -122.65432303007105 -4.811296863712265
u 7057 0.04528250102743186 0.00053314
x 7057 -183.9597601022812 -122.60926065283367 -4.810763723712265
u 7058 0.06142090544121467 0.0010033
x 7058 -183.9537582413557 -122.54813369499841 -4.809760423712265
u 7059 0.06415051038901938 0.00135041
x 7059 -183.94756479095247 -122.48428286469932 -4.808410013712265
u 7060 0.0808963298807828 0.00197104
x 7060 -183.93988833545086 -122.40375159064742 -4.8064389737122655
u 7061 0.08100363392815255 0.00211229
x 7061 -183.93236634966004 -122.32309797324783 -4.804326683712265
u 7062 0.100186070812562 0.0026943
x 7062 -183.92330284952052 -122.22332274747423 -4.801632383712265
u 7063 0.09518236134111047 0.00259951
x 7063 -183.91494295352064 -122.12850824991378 -4.799032873712266
u 7064 0.11890412753232117 0.00331469
x 7064 -183.90484986692383 -122.01003332344288 -4.795718183712266
u 7065 0.12649215777606676 0.00356577
x 7065 -183.89454633090253 -121.88396157335163 -4.792152413712266
u 7066 0.12507215726909665 0.00364378
x 7066 -183.88480788631034 -121.75926919221718 -4.788508633712266
u 7067 0.15438832152665424 0.00458251
x 7067 -183.87342000555904 -121.60530157132088 -4.783926123712266
u 7068 0.14126423572178612 0.00418396
x 7068 -183.86361777798157 -121.46437793413563 -4.779742163712267
u 7069 0.13267219975047423 0.00390989
x 7069 -183.85494743885974 -121.33198943243539 -4.7758322737122665
u 7070 0.06861962690216843 0.00203972
x 7070 -183.85066674824563 -121.26350346853368 -4.7737925537122665
u 7071 0.008070160005507759 0.000236362
x 7071 -183.85017247486718 -121.25544845915823 -4.773556191712267
u 7072 0.0005044750000564726 -1.4891e-05
x 7072 -183.85014163302733 -121.25494492782197 -4.773571082712267
u 7073 0.0005048480005204588 1.53828e-05
x 7073 -183.85011076850745 -121.25444102417539 -4.773555699912267
u 7074 0.0005045280002290869 1.49612e-05
x 7074 -183.85007993119157 -121.2539374394626 -4.773540738712267
u 7075 0.000504315 -1.46804e-05
x 7075 -183.8500491069652 -121.25343406734748 -4.773555419112267
u 7076 0.000504528 1.49613e-05
x 7076 -183.85001826979078 -121.25293048262627 -4.773540457812267
u 7077 0.02018470070445524 0.000603159
x 7077 -183.84879079065908 -121.23278313974544 -4.772937298812267
u 7078 0.033392603563410166 0.00111074
x 7078 -183.84678867151226 -121.19945061243318 -4.7718265588122675
u 7079 0.05194052247518395 0.00215588
x 7079 -183.84375916234578 -121.14759852564498 -4.769670678812267
u 7080 0.06842205991752097 0.00307754
x 7080 -183.83994709276882 -121.07928276821038 -4.766593138812268
u 7081 0.12513446918706653 0.00632142
x 7081 -183.8335625818255 -120.95431148648893 -4.760271718812268
u 7082 0.16090913735447102 0.00861978
x 7082 -183.82655355245268 -120.79355557313764 -4.751651938812268
u 7083 0.24423615829569545 0.0131427
x 7083 -183.81857055920315 -120.54945167269933 -4.738509238812267
u 7084 0.2704714871629217 0.014569
x 7084 -183.8134763699021 -120.27903055545524 -4.7239402388122675
u 7085 0.3634876701688905 0.0195144
x 7085 -183.81282426248114 -119.91554923773498 -4.704425838812267
u 7086 0.424580709097081 0.0226861
x 7086 -183.8210206140199 -119.4910567559676 -4.681739738812268
u 7087 0.42713842135482605 0.0221578
x 7087 -183.83883876992834 -119.06429888575063 -4.659581938812268
u 7088 0.5324821874440049 0.0258069
x 7088 -183.87380229127282 -118.532980623084 -4.633775038812268
u 7089 0.5098225541508453 0.0225901
x 7089 -183.91957721890736 -118.02522808534674 -4.611184938812268
u 7090 0.6214083312451825 0.0260177
x 7090 -183.99039386257562 -117.40788576947764 -4.585167238812268
u 7091 0.5886400121885053 0.0224777
x 7091 -184.0716354244401 -116.8248915294226 -4.562689538812268
u 7092 0.6955853385541999 0.0217389
x 7092 -184.18284328367906 -116.13826738101274 -4.5409506388122685
u 7093 0.6565282137885501 0.0170605
x 7093 -184.30035953711655 -115.492350380818 -4.523890138812268
u 7094 0.7718847363122311 0.0163563
x 7094 -184.45119298706194 -114.73535498207337 -4.507533838812268
u 7095 0.7176892674257449 0.0118761
x 7095 -184.60135824910788 -114.03355570541086 -4.495657738812268
u 7096 0.8325831106993224 0.0125114
x 7096 -184.78547746954786 -113.22159160122224 -4.483146338812268
u 7097 0.8696148071572475 0.0125713
x 7097 -184.9884065959242 -112.37599138649185 -4.470575038812267
u 7098 0.7949187444854001 0.010319
x 7098 -185.18273980579565 -111.60519646773568 -4.460256038812267
u 7099 0.9182581876642312 0.00908784
x 7099 -185.41585508910111 -110.71702443446245 -4.451168198812267
u 7100 0.8295017717920742 0.00650558
x 7100 -185.63268744848435 -109.91636564909776 -4.444662618812267
u 7101 0.9408123467811618 0.00436972
x 7101 -185.88355097897244 -109.00961653687965 -4.440292898812268
u 7102 0.8246461354600211 0.000762846
x 7102 -186.105478391164 -108.21539399913068 -4.439530052812268
u 7103 0.917530076863052 -0.000959939
x 7103 -186.35231548872295 -107.33168996237923 -4.440489991812268
u 7104 0.7869731056922201 -0.00143794
x 7104 -186.5631207903078 -106.57347647846278 -4.441927931812268
u 7105 0.8244595421417343 -0.00272673
x 7105 -186.7823129394344 -105.77868850847634 -4.444654661812268
u 7106 0.6702683869149999 -0.00250684
x 7106 -186.95882015338356 -105.1320783642241 -4.447161501812268
u 7107 0.6735595848406709 -0.00336723
x 7107 -187.1342848241597 -104.48177517725894 -4.450528731812268
u 7108 0.5790378394115071 -0.00379959
x 7108 -187.2831219725884 -103.92219326248168 -4.454328321812268
u 7109 0.44360234990255165 -0.00291006
x 7109 -187.3957076727984 -103.49311591971389 -4.457238381812267
u 7110 0.41378438865239575 -0.00321132
x 7110 -187.49950011775047 -103.09256067817755 -4.4604497018122675
u 7111 0.2913961953843137 -0.0026738
x 7111 -187.5717627295803 -102.81026684716387 -4.463123501812268
u 7112 0.24388111896879977 -0.00225114
x 7112 -187.63166022865212 -102.5738556277247 -4.465374641812268
u 7113 0.1468540285612037 -0.00143879
x 7113 -187.66746505785963 -102.4314333113915 -4.466813431812268
u 7114 0.08712270638476516 -0.00086756
x 7114 -187.68860920287045 -102.3469153214516 -4.4676809918122675
u 7115 0.012722800011851863 -0.000130641
x 7115 -187.69169078778415 -102.33457135635398 -4.467811632812268
u 7116 0.002936550000033071 2.94709e-05
x 7116 -187.69240190440343 -102.33172220927878 -4.467782161912267
u 7117 0.0004890340000268093 -5.4262e-06
x 7117 -187.69252033485955 -102.33124773221897 -4.467787588112268
u 7118 0.0004893330000055658 -5.03225e-06
x 7118 -187.6926388352425 -102.33077296443982 -4.4677926203622675
u 7119 0.0004892830000058795 5.09791e-06
x 7119 -187.69275732353265 -102.33029824517627 -4.467787522452268
z 4 5 11.5387 -3.2007
z 8 9 15.2622 4.67917
z 11 5 10.7274 -3.194
z 13 5 10.1667 -3.18737
z 14 9 13.9596 4.61284
z 16 9 13.2054 4.59827
z 17 5 8.67204 -3.25379
z 18 5 8.20381 -3.27829
z 18 9 12.343 4.58435
z 19 9 11.8783 4.53767
z 21 9 10.9355 4.46634
z 22 9 10.3293 4.43522
z 23 9 9.75683 4.45598
z 24 5 4.96816 -3.38631
z 28 9 6.58632 4.36256
z 31 32 16.5412 5.78586
z 33 32 15.8653 5.75485
z 33 34 15.5486 -2.3254
z 36 32 14.3994 5.56519
z 37 32 13.6463 5.41915
z 38 34 12.5588 -2.60873
z 40 32 11.686 5.25043
z 40 41 14.462 -9.46114
z 42 41 13.7907 -9.5107
z 43 41 13.167 -9.5663
z 44 34 9.34329 -2.97633
z 45 32 9.47769 5.03215
z 45 34 8.79784 -3.01353
z 46 41 11.4778 -9.71534
z 48 41 10.6184 -9.83176
z 49 32 7.82026 4.90917
z 49 41 10.2084 -9.78755
z 51 32 7.20012 4.79968
z 51 41 9.52746 -9.86869
z 52 32 6.94437 4.7764
z 53 32 6.73674 4.80208
z 55 32 6.36116 4.79577
z 56 32 6.23684 4.75537
z 57 32 6.10722 4.78621
z 60 32 6.01693 4.79711
z 61 32 6.01559 4.79453
z 63 32 6.01847 4.80007
z 64 32 6.01779 4.79875
z 66 32 5.96739 4.79299
z 66 34 5.16104 -3.19376
z 67 32 5.9258 4.80382
z 68 41 8.08456 -9.89213
z 69 41 7.87089 -9.88534
z 71 32 5.21364 4.7847
z 72 32 4.92587 4.77646
z 72 41 7.15596 -9.89013
z 73 41 6.77314 -9.9383
z 74 75 16.2494 -5.58173
z 76 41 5.99199 -9.90657
z 76 75 15.7831 -5.6159
z 77 41 5.43202 -9.93047
z 78 75 14.7057 -5.68146
z 82 75 12.1447 -6.03524
z 84 75 10.8684 -6.22667
z 86 75 9.445 -6.25129
z 87 75 8.71858 -6.29737
z 88 75 7.98953 -6.36933
z 89 75 7.3468 -6.35175
z 90 75 6.60445 -6.31883
z 91 75 5.92296 -6.29661
z 91 92 11.3825 2.75196
z 93 75 5.32819 -6.20596
z 96 97 8.08947 10.4111
z 98 92 6.97513 4.24102
z 99 97 5.37225 11.154
z 102 103 15.5493 0.602709
z 105 103 13.8638 2.36893
z 107 108 6.89951 17.3314
z 111 103 9.2676 4.94377
z 112 103 8.39302 5.36111
z 113 114 16.8465 7.30199
z 115 114 15.8309 7.88481
z 116 117 13.2517 -6.25609
z 120 114 11.9502 9.41621
z 120 117 11.5805 -5.2721
z 121 114 11.0543 9.64509
z 122 114 10.2056 9.84932
z 126 114 6.65494 10.5261
z 127 114 5.73727 10.5693
z 128 114 5.02395 10.6312
z 130 117 5.5671 -4.03681
z 134 135 6.27058 -11.2172
z 138 135 5.67217 -10.8072
z 139 140 18.5541 -3.04694
z 141 135 6.04681 -10.1645
z 142 140 17.9641 -0.491846
z 143 135 6.55186 -9.16664
z 143 140 17.475 0.97824
z 146 135 7.57913 -7.28937
z 148 135 8.08416 -5.88117
z 150 151 13.881 1.1178
z 152 151 13.3218 2.44131
z 153 151 12.5734 3.78771
z 154 135 7.94888 -1.90691
z 155 151 10.8113 6.09296
z 157 158 7.513 -12.1024
z 160 158 8.96551 -10.3716
z 161 158 9.61427 -9.40463
z 163 164 16.3271 10.8431
z 166 164 13.4137 13.0549
z 167 158 9.73773 -5.56263
z 167 164 11.9321 13.803
z 169 164 9.64647 14.6629
z 170 164 8.58173 14.8509
z 171 164 7.7874 14.9502
z 173 164 5.96424 15.1151
z 174 164 5.18576 15.0993
z 174 175 15.6149 3.56072
z 176 164 4.29599 15.2762
z 178 179 14.0056 -3.52799
z 181 179 12.4806 -3.46511
z 182 175 10.9843 3.9363
z 182 179 11.7005 -3.449
z 183 175 10.1512 3.88762
z 183 179 10.9048 -3.53103
z 184 175 9.42568 3.82556
z 184 179 10.1123 -3.53415
z 186 179 8.51746 -3.54617
z 188 189 12.8406 -8.24971
z 190 179 6.2404 -3.67693
z 190 189 12.1416 -8.15872
z 191 189 11.3488 -8.20696
z 192 189 10.5953 -8.22317
z 193 189 9.88174 -8.21419
z 194 189 9.24082 -8.23915
z 195 189 8.53789 -8.26293
z 196 189 7.81065 -8.34445
z 197 189 7.10003 -8.37982
z 199 189 5.74881 -8.38074
z 199 200 9.20665 4.73977
z 202 200 8.01778 4.5215
z 204 200 6.90545 4.22477
z 205 200 6.38465 4.085
z 207 200 5.40701 3.83587
z 208 9 12.6709 -12.1975
z 211 212 18.4883 4.03114
z 213 212 18.1045 3.41435
z 219 212 15.4926 0.0909886
z 221 212 14.5728 -1.01683
z 222 212 14.0951 -1.59862
z 224 212 13.0516 -2.51251
z 225 212 12.4421 -2.91207
z 227 212 11.3656 -3.4488
z 228 212 10.8122 -3.72538
z 230 212 9.72915 -3.98301
z 233 212 8.30357 -4.26685
z 234 212 7.84769 -4.26265
z 235 212 7.4657 -4.3033
z 238 212 6.28558 -4.52542
z 239 212 5.96528 -4.52581
z 241 212 5.23715 -4.58168
z 242 212 4.86377 -4.59876
z 248 249 7.43502 -14.1595
z 251 249 6.87639 -14.0674
z 253 249 6.33354 -13.9818
z 254 249 6.06882 -13.951
z 257 249 5.41037 -13.8095
z 258 259 17.0121 5.18573
z 270 259 12.2736 7.13589
z 272 259 11.3739 7.33757
z 288 289 17.437 5.33618
z 290 289 17.1478 5.2338
z 296 259 3.96082 7.40541
z 296 289 15.5078 4.76858
z 300 289 14.5346 4.52098
z 303 289 13.8511 4.26542
z 306 307 14.0975 -4.75705
z 308 307 13.7955 -4.82532
z 309 307 13.5102 -4.89355
z 311 307 12.9345 -5.00057
z 312 307 12.6709 -5.05567
z 315 316 11.7271 14.2648
z 317 318 9.23124 15.08
z 319 320 6.53809 16.1419
z 322 307 10.9412 -5.50896
z 323 289 10.2961 3.40114
z 324 289 10.0866 3.44083
z 327 289 9.40926 3.68488
z 330 307 9.92192 -4.65369
z 331 289 8.56361 4.30506
z 332 289 8.31231 4.37095
z 334 289 7.88577 4.53473
z 338 289 7.03215 5.05935
z 339 307 9.12085 -3.30959
z 340 289 6.38554 5.40031
z 341 289 5.95479 5.62349
z 342 307 8.91185 -2.34463
z 344 289 4.50759 6.42578
z 345 346 10.2202 -14.3115
z 349 307 7.64821 0.906566
z 350 346 12.7975 -10.8366
z 352 346 13.8161 -8.37922
z 354 346 14.4083 -5.51322
z 354 355 4.42347 15.2378
z 357 358 18.7991 4.66515
z 359 346 14.0357 -2.05702
z 361 346 13.2238 0.252705
z 362 346 12.6718 1.1998
z 362 358 14.5192 10.0013
z 363 346 12.05 2.03275
z 364 346 11.3728 2.74909
z 368 358 8.04486 13.2463
z 370 358 6.56515 13.6031
z 373 358 5.03176 13.5
z 375 358 4.5677 13.3787
z 377 358 4.11256 13.2
z 378 379 12.3988 0.123697
z 380 346 3.90304 4.02336
z 381 379 11.6243 -0.255322
z 382 383 11.1265 6.03599
z 384 379 10.7843 -0.73505
z 386 383 10.374 5.03195
z 387 379 9.35627 -1.92463
z 388 358 3.98433 12.206
z 389 358 4.28081 11.9704
z 390 358 4.75556 11.6507
z 391 358 5.28136 11.1828
z 392 379 5.82672 -4.83189
z 393 379 4.94967 -5.24913
z 395 358 6.91944 9.12553
z 396 358 7.2158 8.59425
z 399 358 7.39251 7.15342
z 400 358 7.3918 6.75581
z 400 383 4.74702 -3.37851
z 401 358 7.33296 6.2979
z 404 358 6.8835 5.37152
z 405 358 6.6092 5.20859
z 406 358 6.29125 5.03042
z 407 408 14.7415 6.32835
z 409 358 5.50215 4.76247
z 412 408 12.9237 5.67325
z 413 408 12.353 5.65115
z 414 408 11.7523 5.57892
z 416 408 10.4453 5.70747
z 417 408 9.74414 5.68455
z 419 408 8.32505 5.82157
z 420 408 7.61197 5.87223
z 422 408 6.2178 5.97539
z 424 408 4.94936 6.0014
z 425 408 4.35512 5.97186
z 426 408 3.92089 5.88053
z 435 436 17.2467 5.53498
z 437 436 16.9276 4.89911
z 438 436 16.4984 4.26736
z 440 436 15.6249 2.69532
z 443 436 14.1734 -0.226779
z 444 436 13.5446 -1.22177
z 447 436 11.2548 -3.99133
z 448 436 10.4875 -4.83535
z 449 436 15.235 -0.502179
z 450 451 14.6447 -1.61188
z 452 436 7.72869 -6.9264
z 453 436 6.68379 -7.4781
z 454 455 4.13712 14.1378
z 456 455 4.70454 13.7216
z 460 455 6.74672 11.9714
z 461 455 7.23552 11.4595
z 463 455 7.83339 10.2857
z 465 466 18.4182 -0.523604
z 467 466 17.8052 -1.97301
z 469 455 8.62989 7.05425
z 470 466 15.4331 -5.43754
z 471 455 8.26367 6.03687
z 471 466 14.5484 -6.22887
z 472 466 13.7476 -6.74186
z 473 466 12.9526 -7.19669
z 474 466 11.9754 -7.69537
z 475 466 11.0342 -8.14522
z 477 466 9.13734 -8.96907
z 479 358 4.86641 14.3042
z 479 466 6.8734 -9.61804
z 484 358 5.19011 12.8763
z 486 358 5.71926 12.0886
z 488 346 15.0872 11.4192
z 489 307 14.0588 -3.24119
z 491 358 5.92591 9.79494
z 492 346 14.4856 7.32022
z 493 346 14.0092 6.52543
z 493 358 5.3782 9.12313
z 494 346 13.459 6.0882
z 495 346 12.8084 5.608
z 497 307 5.4469 -7.34216
z 497 346 11.4879 4.77256
z 498 346 10.7868 4.38394
z 499 346 10.0742 4.0611
z 501 346 8.5418 3.5336
z 502 346 7.76433 3.28986
z 505 346 5.49559 2.86131
z 506 379 13.0882 6.89732
z 507 379 12.5693 6.6543
z 508 379 12.0169 6.48448
z 509 379 11.3653 6.42628
z 510 379 10.8946 6.26133
z 511 383 5.05527 10.1866
z 513 379 9.08352 6.18733
z 515 249 13.3806 -8.93451
z 515 379 7.76941 6.30463
z 517 249 12.4302 -8.4575
z 518 249 11.9334 -8.09193
z 518 379 5.15472 6.70098
z 519 249 11.6084 -7.74944
z 520 249 11.1311 -7.38307
z 521 249 10.5601 -7.03009
z 522 249 10.0504 -6.71322
z 524 249 8.99936 -6.06163
z 527 249 7.21052 -5.32387
z 528 249 6.62176 -5.07727
z 531 249 4.63775 -4.36452
z 532 212 11.7608 -11.5577
z 535 212 9.91585 -10.8008
z 537 212 8.23723 -10.532
z 542 5 10.2652 -3.09482
z 545 9 11.4932 4.17899
z 546 9 10.4731 4.0588
z 548 9 8.39436 3.79139
z 549 9 7.33892 3.64867
z 550 9 6.2586 3.56082
z 552 9 4.0921 3.46948
z 553 34 14.141 -4.22177
z 555 32 13.1983 3.65133
z 556 32 12.3093 3.68898
z 556 34 11.3117 -4.29821
z 558 41 12.5771 -11.1742
z 559 34 8.96894 -4.25479
z 560 32 9.22041 3.64102
z 564 34 5.30912 -4.34975
z 564 41 8.23591 -11.108
z 565 32 5.51644 3.50761
z 565 34 4.54273 -4.31568
z 566 41 6.68444 -11.1491
z 567 32 4.07913 3.60658
z 573 75 11.5049 -6.57858
z 574 75 10.7298 -6.44978
z 575 75 9.96595 -6.3702
z 576 75 9.26017 -6.26744
z 578 75 7.84307 -6.13032
z 579 97 11.4894 10.192
z 580 75 6.43881 -5.91894
z 581 75 5.76212 -5.78648
z 583 584 13.4787 12.2655
z 587 584 9.07789 13.9495
z 589 103 15.3898 2.02846
z 590 158 5.47095 -12.344
z 591 103 13.6118 3.41232
z 592 103 12.7164 4.02016
z 594 103 10.9446 4.97694
z 595 103 9.92008 5.38404
z 598 117 14.3702 -6.24673
z 602 114 12.2441 10.7677
z 604 114 10.3635 11.4567
z 606 114 8.67793 11.7645
z 607 114 7.82728 11.9292
z 608 609 13.244 8.16381
z 610 114 6.28225 12.2722
z 611 114 5.53366 12.234
z 611 609 11.8094 8.39046
z 613 114 4.39559 12.2461
z 616 609 9.07679 8.20687
z 617 117 5.02085 -2.57121
z 617 609 8.66122 8.16198
z 620 609 7.21491 8.03723
z 621 135 6.40961 -9.66796
z 623 135 5.31577 -9.77607
z 625 609 4.8615 7.73647
z 626 140 17.1065 -4.48258
z 626 609 4.34922 7.73257
z 627 140 16.4811 -4.76096
z 628 140 15.7847 -4.97087
z 629 140 15.092 -5.26378
z 630 140 14.3184 -5.58435
z 631 632 17.2492 1.08808
z 633 632 16.5903 0.388207
z 634 140 11.5299 -7.1158
z 635 636 14.4892 10.1426
z 637 140 9.36084 -8.4312
z 637 632 14.5692 -2.09025
z 638 632 13.8476 -3.1643
z 638 639 18.1285 -8.12147
z 640 140 6.7577 -9.55255
z 640 632 12.9513 -4.17299
z 643 639 10.3773 -13.3315
z 645 646 11.4385 -4.37902
z 647 632 5.94625 -8.88306
z 648 646 9.34712 -6.01826
z 654 636 5.88453 -6.60479
z 655 636 4.82728 -6.95179
z 660 661 4.47141 -4.12631
z 704 705 4.35467 9.89581
z 706 707 17.186 -3.59861
z 709 707 15.6479 -3.12839
z 710 711 10.4659 13.3435
z 713 711 8.60779 13.4125
z 716 707 10.9653 -3.16109
z 717 707 10.2964 -3.26224
z 718 711 5.65533 13.0481
z 722 711 5.13817 12.4205
z 723 724 8.28027 6.69409
z 726 711 6.06538 11.2519
z 727 711 6.44391 10.8006
z 728 711 7.02489 10.1979
z 729 711 7.50483 9.49254
z 729 724 8.01893 3.2005
z 730 711 7.97999 8.74294
z 731 711 8.43162 7.94414
z 734 724 6.62687 -0.480255
z 736 711 9.2948 3.62013
z 738 711 9.06071 1.91496
z 739 711 8.88095 1.08118
z 740 705 6.03647 10.2739
z 741 711 8.18972 -0.47761
z 742 711 7.78356 -1.19941
z 743 711 7.28944 -1.86715
z 745 705 8.16126 6.99548
z 747 705 8.24293 5.72542
z 750 705 7.45489 4.44083
z 753 705 5.91431 3.98287
z 755 756 15.3381 -7.89744
z 761 114 12.2802 12.8678
z 762 114 11.4211 12.9692
z 764 756 10.3713 -7.21737
z 767 103 13.5311 6.71213
z 767 114 6.86931 13.3679
z 768 114 5.94201 13.4197
z 769 103 11.7249 7.04929
z 769 114 5.03133 13.4955
z 770 114 4.00705 13.5077
z 770 584 12.4999 -8.68888
z 771 103 9.99585 7.05014
z 771 584 11.6873 -8.5963
z 772 584 10.8581 -8.55953
z 773 584 10.05 -8.45447
z 775 103 6.48091 7.35667
z 779 97 11.3238 -8.81579
z 780 97 10.3486 -8.88099
z 783 75 14.2942 6.44864
z 784 97 6.88007 -9.04103
z 786 75 11.9154 6.30294
z 788 75 10.4978 6.23759
z 789 75 9.61445 6.2335
z 791 75 8.07361 6.30248
z 792 75 7.41974 6.3248
z 793 75 6.62305 6.32912
z 794 75 5.86705 6.39366
z 796 75 4.19082 6.37507
z 798 32 14.3444 -3.98434
z 800 41 10.3756 10.853
z 802 41 8.08094 10.8834
z 803 34 10.165 4.18637
z 804 34 9.20059 4.22547
z 807 32 5.49632 -3.85713
z 808 32 4.53675 -3.79176
z 809 34 4.32565 4.15105
z 813 9 12.2376 -3.00325
z 814 9 11.4185 -3.06189
z 815 9 10.6661 -2.9333
z 817 9 9.18855 -2.74978
z 818 9 8.51905 -2.69653
z 819 9 7.85244 -2.62489
z 820 9 7.22053 -2.59787
z 824 9 4.92317 -2.4021
z 825 9 4.3643 -2.37192
z 828 5 6.62466 5.6319
z 833 5 4.3007 5.45409
z 839 212 11.0582 10.8944
z 840 249 17.8314 1.97686
z 841 212 11.3577 9.69249
z 842 249 17.0646 -0.196217
z 843 212 11.6784 8.12741
z 843 249 16.5788 -1.29876
z 844 249 15.9897 -2.54421
z 845 249 15.3273 -3.70287
z 847 212 12.0123 4.25168
z 847 249 13.5541 -6.34393
z 848 249 12.5987 -7.58087
z 849 249 11.411 -8.75715
z 850 249 9.97002 -9.80193
z 851 249 8.49887 -10.8924
z 855 212 8.09868 -4.92932
z 856 200 11.1207 8.65263
z 857 200 11.5986 7.29659
z 858 200 11.9577 5.81068
z 859 200 12.0833 4.37191
z 860 200 12.0295 2.86549
z 864 200 9.85435 -1.83172
z 865 200 9.03016 -2.53118
z 867 200 7.36413 -3.41139
z 868 175 16.4055 -3.48082
z 870 175 14.6808 -3.9042
z 871 175 13.9307 -3.91367
z 871 189 9.04018 8.75684
z 873 175 12.4084 -3.70835
z 873 179 12.5487 3.77849
z 875 189 5.3573 9.01034
z 878 175 8.28684 -3.0849
z 879 179 7.03199 4.37557
z 880 179 6.03923 4.4131
z 882 175 4.66016 -2.90333
z 883 158 13.4218 5.09891
z 885 158 11.519 5.24248
z 887 158 9.58758 5.2874
z 888 158 8.61482 5.33482
z 889 158 7.69319 5.33239
z 890 135 16.897 -1.69504
z 891 135 15.8581 -1.84774
z 892 117 16.4968 5.76747
z 893 117 15.704 5.43907
z 897 117 12.6658 4.54948
z 900 117 10.0331 4.79762
z 901 135 7.40011 -2.81722
z 905 135 4.50451 -2.51779
z 906 907 6.00121 -13.5241
z 908 151 8.35633 -8.48155
z 909 117 3.86304 5.25715
z 910 151 7.15845 -8.30116
z 911 151 6.41793 -8.40549
z 913 140 14.1952 -5.75806
z 918 609 10.6326 7.47327
z 919 140 6.24607 -10.6237
z 920 114 12.8651 12.1284
z 921 632 10.292 -12.8517
z 922 114 14.3653 8.77015
z 923 103 10.575 15.7619
z 924 103 11.6403 14.6804
z 926 103 13.3925 12.3705
z 927 103 14.075 11.1608
z 928 114 14.6813 0.309718
z 930 114 13.774 -2.46037
z 931 103 15.6678 5.303
z 932 103 15.7001 3.69397
z 934 103 15.2887 0.5
z 936 103 14.1341 -2.27438
z 936 114 7.55802 -9.09106
z 937 103 13.5299 -3.3406
z 938 114 5.16142 -9.99294
z 939 103 11.8735 -4.85696
z 940 103 11.1021 -5.32428
z 941 103 10.2643 -5.65335
z 942 158 7.49132 11.592
z 944 158 6.39741 11.4023
z 945 103 7.3158 -6.14987
z 945 158 5.78916 11.3405
z 946 158 5.28977 11.2426
z 947 75 12.3558 6.84577
z 947 158 4.80594 11.1547
z 948 158 4.24039 11.0447
z 950 75 10.4563 6.30361
z 951 75 9.76773 6.18214
z 952 75 9.1872 6.09932
z 954 75 8.05611 6.07274
z 955 75 7.51233 6.03341
z 956 75 6.98929 6.05865
z 957 75 6.48208 6.16503
z 959 92 11.1916 -2.49446
z 960 75 4.77464 6.44371
z 962 92 9.99541 -1.45971
z 965 97 14.8976 -1.96472
z 966 756 11.2487 -13.2557
z 967 584 13.5291 -5.9528
z 968 584 13.5608 -4.59158
z 969 108 13.1299 -9.70365
z 971 108 14.0486 -6.69013
z 972 97 9.45279 6.91192
z 973 108 14.1566 -3.48322
z 974 108 13.9899 -2.14046
z 977 584 7.99445 5.61254
z 978 584 7.12943 6.1862
z 979 584 6.13996 6.64792
z 983 108 7.47156 5.87125
z 984 108 6.39253 6.5084
z 984 114 9.64726 -13.6648
z 986 108 4.32842 7.46835
z 1002 711 13.6499 5.52894
z 1006 705 5.63417 -3.66453
z 1006 711 11.1725 4.94188
z 1012 724 13.3524 3.51817
z 1013 711 6.4122 4.79537
z 1013 724 12.6219 3.45845
z 1015 724 11.1419 3.54939
z 1016 724 10.4097 3.52132
z 1018 724 8.91452 3.58513
z 1019 724 8.18252 3.58268
z 1020 724 7.40977 3.60012
z 1024 707 12.1468 -4.83024
z 1025 707 11.3893 -4.72972
z 1026 707 10.6343 -4.75951
z 1027 707 9.88077 -4.80332
z 1028 707 9.09683 -4.81683
z 1029 707 8.35958 -4.76821
z 1032 707 6.1633 -4.72968
z 1032 1033 9.10062 13.3451
z 1034 707 5.47304 -4.71064
z 1034 1033 8.103 13.4201
z 1035 1033 7.1483 13.5243
z 1037 1033 5.05916 13.7845
z 1038 1039 15.7349 5.45187
z 1041 1039 13.7053 6.58224
z 1042 1039 12.6159 7.03819
z 1042 1043 16.3901 1.27126
z 1044 1039 11.5312 7.60264
z 1045 1043 14.6952 2.52301
z 1046 1043 13.8383 3.10126
z 1047 1043 12.9436 3.56609
z 1048 1039 7.04691 9.01058
z 1048 1043 11.9603 4.05691
z 1049 1039 6.00886 9.11835
z 1051 1039 4.39003 9.2238
z 1052 1043 8.91334 4.43895
z 1054 1043 7.36844 4.34814
z 1055 1043 6.72267 4.33496
z 1056 1043 5.99831 4.34222
z 1057 1058 15.1037 8.28257
z 1059 1058 14.163 8.46716
z 1059 1060 13.8301 -6.15199
z 1061 1058 13.3367 8.66219
z 1066 1058 8.91824 9.3997
z 1068 1058 7.50707 9.49794
z 1069 1058 6.61657 9.49646
z 1070 1071 10.7471 -10.6496
z 1073 1058 4.55824 9.39536
z 1073 1071 9.26163 -10.739
z 1078 1071 5.20311 -11.0903
z 1078 1079 6.88722 -4.77501
z 1094 1095 8.92039 15.016
z 1098 1095 7.17082 14.6238
z 1100 1095 5.62614 14.5228
z 1101 1095 5.00673 14.5216
z 1111 1112 18.2415 -2.9719
z 1117 1112 14.6137 -3.65866
z 1119 1112 13.0098 -4.00165
z 1121 1112 11.3919 -4.34931
z 1131 1132 15.0259 -3.04582
z 1133 1132 14.3179 -3.12847
z 1135 1132 12.8052 -3.51827
z 1142 1132 7.53308 -4.13466
z 1146 1132 4.51757 -4.15684
z 1146 1147 16.4991 -2.78939
z 1153 1147 11.8515 -3.17838
z 1153 1154 7.97917 6.84425
z 1157 1147 9.08469 -4.03063
z 1158 1147 8.099 -4.46844
z 1158 1154 5.52168 6.02391
z 1162 1163 6.94286 13.1855
z 1165 1163 6.92452 12.659
z 1168 1163 6.92571 11.843
z 1169 1163 6.82692 11.4868
z 1170 1163 6.75072 11.2121
z 1171 1163 6.66697 10.9101
z 1172 1163 6.58215 10.6042
z 1173 1163 6.41045 10.317
z 1174 1163 6.3202 9.98014
z 1175 1163 6.07747 9.71464
z 1176 1163 5.76721 9.4637
z 1177 1178 14.3206 10.1587
z 1179 1178 13.9861 9.52962
z 1180 1163 4.66186 8.89032
z 1180 1178 13.5783 9.16877
z 1181 1178 13.1263 8.7689
z 1182 1178 12.555 8.54082
z 1183 1178 12.1085 8.26648
z 1185 1178 10.985 7.70503
z 1186 1178 10.3889 7.58715
z 1188 1178 9.47589 7.16903
z 1189 1178 8.96946 7.02404
z 1191 1178 7.85642 6.89869
z 1192 1178 7.26519 6.91891
z 1192 1193 15.2434 -6.11841
z 1194 1178 6.60774 7.00336
z 1195 1193 14.2419 -5.66251
z 1197 1193 13.2611 -5.42443
z 1200 1193 11.6158 -4.98668
z 1201 1193 11.1444 -4.94936
z 1202 1203 17.4458 4.41861
z 1205 1203 16.3561 4.70791
z 1206 1203 15.8391 4.77036
z 1208 1203 14.9436 4.6739
z 1209 1203 14.5729 4.53528
z 1212 1203 13.6844 4.00732
z 1213 1203 13.3432 3.6998
z 1214 1203 12.9819 3.31331
z 1215 1203 12.693 2.9718
z 1217 1203 12.0713 2.0367
z 1219 1203 11.3531 1.16256
z 1220 1203 10.9959 0.625954
z 1222 1203 10.2163 -0.233328
z 1223 1203 9.80632 -0.616913
z 1225 1203 9.09353 -1.32959
z 1226 1203 8.6687 -1.57513
z 1228 1203 7.92951 -2.14353
z 1230 1203 7.11638 -2.66611
z 1231 1203 6.76006 -2.8097
z 1233 1203 5.96061 -3.20195
z 1234 1203 5.61817 -3.2688
z 1234 1235 19.2453 1.85304
z 1236 1203 5.27886 -3.40466
z 1237 1235 18.7551 1.02294
z 1239 1235 18.1389 0.374692
z 1241 1235 17.3885 -0.21319
z 1242 1235 17.0536 -0.311847
z 1243 1235 16.5364 -0.616039
z 1244 1235 16.2009 -0.805488
z 1246 1235 15.5406 -1.36269
z 1247 1235 15.2493 -1.4193
z 1250 1235 14.6519 -1.8109
z 1251 1235 14.4413 -1.86355
z 1252 1235 14.2534 -2.01443
z 1253 1235 14.1177 -2.07747
z 1254 1235 13.8506 -2.29283
z 1255 1235 13.7727 -2.45998
z 1257 1235 13.2195 -2.9357
z 1259 1235 12.6724 -3.45914
z 1260 1235 12.3533 -3.68146
z 1262 1235 11.661 -4.23538
z 1264 1235 10.8955 -5.05921
z 1265 1235 10.4871 -5.3304
z 1266 1235 10.0189 -5.7389
z 1267 1268 16.3082 -7.0277
z 1269 1268 15.7738 -7.58995
z 1273 1268 13.3854 -9.8005
z 1274 1235 6.42401 -7.88572
z 1275 1235 5.84796 -8.11367
z 1276 1268 11.576 -11.2784
z 1277 1268 10.7308 -11.5391
z 1280 1268 8.4815 -12.7766
z 1281 1268 7.64487 -12.9784
z 1282 1268 6.85907 -13.3888
z 1308 1309 12.6746 8.79435
z 1310 1309 12.3789 8.51862
z 1311 1309 12.0293 8.32832
z 1312 1309 11.7795 8.09127
z 1313 1309 11.2819 7.87211
z 1314 1309 10.9664 7.68641
z 1315 1309 10.5768 7.53825
z 1316 1309 10.1675 7.3498
z 1317 1309 9.73405 7.22983
z 1320 1309 8.42724 6.66709
z 1322 1309 7.45061 6.3742
z 1323 1309 6.87125 6.3138
z 1325 1309 5.75681 6.24107
z 1326 1309 5.10273 6.22936
z 1327 1309 4.53793 6.25708
z 1328 1309 3.97544 6.09657
z 1328 1329 17.2241 -4.52653
z 1331 1329 15.9106 -4.52464
z 1332 1329 15.298 -4.50816
z 1332 1333 10.2904 9.46082
z 1334 1329 14.5223 -4.6238
z 1335 1329 13.8514 -4.74282
z 1336 1329 13.1401 -4.79569
z 1337 1329 12.4552 -4.8162
z 1338 1329 11.7977 -4.90798
z 1341 1329 9.71583 -5.13289
z 1344 1095 16.3776 -2.06301
z 1344 1329 7.48417 -5.31439
z 1345 1095 15.714 -2.25518
z 1345 1329 6.78028 -5.38839
z 1346 1095 14.9037 -2.37678
z 1348 1095 13.7158 -2.53769
z 1352 1095 11.3473 -2.94862
z 1355 1095 9.71456 -3.20832
z 1356 1095 9.19764 -3.29348
z 1357 1095 8.66035 -3.382
z 1358 1095 8.06465 -3.42616
z 1359 1095 7.57095 -3.42564
z 1361 1095 6.49567 -3.45132
z 1362 1095 5.9762 -3.46205
z 1363 1095 5.5076 -3.4732
z 1365 1095 4.57231 -3.39431
z 1378 1058 12.6435 -12.1584
z 1379 1058 12.331 -11.9418
z 1383 1058 10.8051 -10.9639
z 1384 1058 10.3969 -10.7333
z 1385 1058 9.97023 -10.6675
z 1386 1058 9.56396 -10.378
z 1388 1058 8.72842 -10.1119
z 1388 1389 9.74444 15.6416
z 1390 1058 8.39863 -9.87362
z 1391 1058 8.02986 -9.76008
z 1392 1058 7.64462 -9.56767
z 1393 1058 7.32686 -9.51602
z 1394 1058 6.91999 -9.45877
z 1396 1058 6.12051 -9.24891
z 1398 1058 5.37433 -9.02734
z 1401 1079 8.86087 5.49296
z 1402 1060 12.6743 2.96661
z 1403 1071 12.4962 10.0121
z 1407 1071 8.82563 11.0784
z 1408 1043 12.0738 -9.04096
z 1408 1071 7.81408 11.2896
z 1410 1071 5.84572 11.6456
z 1412 1043 10.2827 -7.82301
z 1413 1043 9.82076 -7.51636
z 1417 1043 8.07435 -6.647
z 1423 1039 10.177 -11.0405
z 1423 1043 5.47836 -5.83837
z 1424 1039 9.81372 -10.8478
z 1425 1043 4.64141 -5.62924
z 1427 707 17.3445 3.50718
z 1428 707 16.701 3.8416
z 1429 707 16.036 4.1304
z 1430 1039 7.71739 -9.75726
z 1432 707 14.1182 4.78221
z 1433 707 13.4735 4.91757
z 1435 707 12.3187 5.04012
z 1438 707 10.5553 5.15652
z 1440 707 9.33627 5.08024
z 1441 707 8.73201 5.11782
z 1443 707 7.52695 5.04541
z 1445 707 6.30814 4.96847
z 1446 707 5.68717 4.8862
z 1447 707 5.1014 4.82211
z 1448 707 4.52554 4.72819
z 1455 724 11.5786 -0.805034
z 1456 711 17.0877 -0.197429
z 1457 711 16.4604 -0.83276
z 1459 711 15.2165 -2.0354
z 1460 724 8.24435 -2.74354
z 1462 711 13.0762 -3.73654
z 1463 711 12.4252 -4.09675
z 1465 711 10.9458 -4.51755
z 1466 711 10.2628 -4.65667
z 1467 711 9.57313 -4.62533
z 1468 711 8.86814 -4.67773
z 1469 711 8.17198 -4.64235
z 1470 711 7.44482 -4.63789
z 1471 711 6.75187 -4.54523
z 1472 705 10.8786 4.51618
z 1473 711 5.32679 -4.55932
z 1474 711 4.58339 -4.57238
z 1476 705 7.94282 4.51999
z 1477 705 7.27462 4.5201
z 1480 705 5.19268 4.48927
z 1481 756 16.3818 -6.2005
z 1483 756 14.9401 -6.20568
z 1484 756 14.1688 -6.24655
z 1487 756 12.133 -6.2641
z 1489 108 10.7743 -6.25436
z 1490 103 15.0536 7.40845
z 1495 114 4.36854 13.9797
z 1496 584 11.5702 -8.46158
z 1497 103 9.5301 7.23251
z 1497 584 10.7625 -8.43716
z 1498 584 10.0068 -8.39276
z 1499 584 9.3362 -8.39178
z 1500 584 8.50137 -8.37961
z 1501 97 14.2159 -9.2316
z 1502 97 13.4686 -9.18856
z 1504 97 12.0264 -9.15534
z 1505 97 11.3019 -9.12761
z 1507 97 9.81586 -9.1594
z 1508 92 10.2837 -2.74263
z 1508 97 9.04246 -9.19224
z 1509 97 8.2786 -9.14728
z 1511 97 6.83699 -9.19554
z 1514 75 11.5332 6.03031
z 1514 92 5.83356 -2.78638
z 1515 75 10.7801 6.06816
z 1516 75 9.98636 5.99092
z 1519 75 7.68407 6.07559
z 1520 75 6.76047 6.10546
z 1521 75 5.99693 6.128
z 1524 41 13.6094 10.1593
z 1524 158 4.40578 14.8326
z 1527 41 11.0393 10.3104
z 1528 41 10.2849 10.3278
z 1528 189 13.1274 3.6276
z 1529 41 9.35601 10.3556
z 1530 41 8.4911 10.377
z 1531 41 7.67381 10.385
z 1532 32 8.95834 -4.32888
z 1534 41 5.08796 10.4349
z 1536 32 5.79274 -4.24172
z 1536 34 6.54659 3.7971
z 1537 32 5.00289 -4.22857
z 1539 9 15.4351 -3.28698
z 1542 9 12.8628 -3.1697
z 1545 9 10.3177 -3.27453
z 1550 9 5.99325 -3.4119
z 1551 9 5.13575 -3.43739
z 1552 5 9.05911 3.99417
z 1552 9 4.33073 -3.41863
z 1554 5 7.2867 3.94603
z 1558 212 11.6948 10.8148
z 1561 249 17.2352 3.48294
z 1563 212 8.13747 10.7656
z 1566 249 14.1357 3.46946
z 1568 212 5.22951 10.8138
z 1569 249 12.6695 3.56089
z 1572 249 11.384 3.64968
z 1574 249 10.5936 3.74992
z 1579 249 8.61582 3.94936
z 1581 249 7.94032 3.99093
z 1583 249 7.24086 4.0218
z 1586 249 6.28346 4.07531
z 1589 249 5.26288 4.17026
z 1590 249 4.89452 4.14542
z 1591 249 4.48927 4.14886
z 1591 379 18.377 -4.52613
z 1593 249 3.90588 4.10466
z 1596 379 16.3201 -4.18856
z 1597 379 15.8276 -4.24568
z 1599 379 14.7959 -4.06293
z 1600 379 14.2903 -4.07
z 1601 346 17.8913 4.14943
z 1606 379 10.4649 -4.81738
z 1608 379 8.87918 -5.47037
z 1610 383 13.543 -7.40589
z 1611 379 6.02284 -6.61339
z 1612 346 11.7049 -0.543333
z 1618 358 14.6417 -8.29566
z 1619 358 13.9523 -8.34262
z 1620 358 13.4028 -8.31765
z 1621 346 5.36556 -3.23535
z 1621 358 12.7626 -8.32713
z 1622 358 12.1491 -8.3192
z 1623 346 4.27492 -3.02152
z 1623 358 11.5728 -8.30819
z 1624 358 11.0856 -8.05378
z 1625 307 10.8989 8.00177
z 1626 358 10.0688 -7.69576
z 1628 358 9.09746 -7.38346
z 1630 307 6.72648 8.82061
z 1633 455 15.61 -1.47967
z 1634 455 14.9779 -0.974233
z 1635 358 5.68154 -6.13146
z 1635 455 14.4059 -0.523154
z 1637 408 13.5505 -8.45304
z 1638 408 13.1794 -8.11295
z 1640 408 12.4377 -7.57339
z 1643 408 11.3617 -7.08167
z 1644 408 10.9531 -6.928
z 1645 408 10.5619 -6.77271
z 1647 408 9.70034 -6.55559
z 1647 455 7.93491 2.01226
z 1648 408 9.26847 -6.52492
z 1648 455 7.44415 2.09322
z 1649 455 6.91306 2.13097
z 1650 408 8.32082 -6.49225
z 1653 455 5.09376 2.03821
z 1655 408 5.83812 -6.67753
z 1656 408 5.44035 -6.69176
z 1657 408 4.91611 -6.6731
z 1658 408 4.6439 -6.53587
z 1661 466 9.14462 13.4513
z 1672 466 5.72134 13.4898
z 1673 466 5.04498 13.6373
z 1677 436 17.3872 -4.99765
z 1679 436 17.1506 -2.83365
z 1680 436 16.9517 -1.5862
z 1681 436 16.6898 -0.402742
z 1682 436 16.3492 0.938925
z 1684 436 15.4804 3.52594
z 1686 451 8.95281 11.345
z 1687 436 13.1929 6.84909
z 1690 436 10.2832 9.61711
z 1692 436 7.80467 10.9846
z 1701 358 6.07589 -11.8875
z 1704 358 7.60035 -9.99632
z 1705 358 7.96592 -9.36141
z 1708 358 8.12252 -7.49792
z 1709 358 8.08737 -6.81246
z 1710 358 7.98699 -6.23259
z 1711 358 7.72805 -5.69719
z 1712 358 7.44243 -5.24886
z 1714 383 14.0666 2.78048
z 1715 346 15.02 -4.62235
z 1716 346 14.49 -4.04614
z 1717 346 14.0266 -3.43328
z 1718 383 10.5619 4.82055
z 1719 346 12.7997 -2.43069
z 1725 383 5.12851 6.84425
z 1728 346 8.30904 1.67129
z 1728 379 7.6241 10.7815
z 1729 379 6.47261 11.2995
z 1730 379 5.23337 11.5394
z 1731 379 4.17746 11.8818
z 1732 346 5.67153 3.10346
z 1735 346 3.97961 3.35463
z 1746 307 7.42225 -5.80856
z 1750 289 13.226 -8.946
z 1751 289 12.5458 -9.06618
z 1753 289 11.3406 -9.17711
z 1757 289 8.84544 -9.44149
z 1758 289 8.36078 -9.55161
z 1759 289 7.7574 -9.59721
z 1760 289 7.19618 -9.70989
z 1762 289 6.13423 -9.69727
z 1763 289 5.69164 -9.81428
z 1764 289 5.22101 -9.7533
z 1784 212 10.6679 12.4302
z 1787 212 9.62613 11.7303
z 1789 212 8.86867 11.4127
z 1791 212 8.0329 11.0263
z 1793 212 7.29045 10.6951
z 1794 212 6.93381 10.5026
z 1795 212 6.42232 10.3613
z 1796 212 6.1166 10.2326
z 1797 212 5.56229 10.1164
z 1798 212 4.93982 9.94594
z 1799 212 4.35923 9.97037
z 1808 200 13.3122 6.11488
z 1809 200 12.6091 5.91048
z 1810 200 11.9465 5.70263
z 1814 175 17.773 0.25575
z 1816 200 7.69949 4.70314
z 1818 175 14.5194 -1.29715
z 1820 175 12.7988 -2.00115
z 1821 175 12.0254 -2.33911
z 1821 200 4.25092 3.85075
z 1823 175 10.4095 -2.7334
z 1824 175 9.69725 -2.91633
z 1825 175 8.99093 -3.08137
z 1825 179 14.1002 2.22702
z 1826 179 13.4541 2.11888
z 1829 179 11.2959 2.02913
z 1830 189 10.1582 9.44196
z 1831 189 9.13943 9.59851
z 1832 189 7.98784 9.95095
z 1833 158 15.8411 -3.53558
z 1836 158 13.8609 -0.648569
z 1838 158 12.1283 1.45117
z 1839 75 10.3259 11.1819
z 1841 158 9.13228 3.71597
z 1842 158 8.09125 4.11757
z 1843 135 16.3392 -3.94743
z 1843 158 7.14453 4.37045
z 1844 135 15.6003 -3.455
z 1844 164 5.92577 -14.7679
z 1845 117 16.7661 4.5945
z 1846 117 15.879 4.7845
z 1849 117 13.2561 5.01989
z 1850 117 12.435 5.10195
z 1850 135 10.8747 -2.73323
z 1851 117 11.6332 5.12588
z 1852 117 10.8235 5.16199
z 1852 135 9.22317 -2.64262
z 1854 117 9.16593 5.18192
z 1856 135 6.04089 -2.61185
z 1857 117 6.78036 5.20962
z 1858 117 6.00763 5.17033
z 1860 117 4.6078 5.19467
z 1861 117 3.98177 5.12122
z 1862 151 7.06389 -8.52241
z 1864 151 5.59103 -8.81695
z 1866 1867 12.2947 -11.889
z 1869 140 12.5089 -7.63985
z 1870 140 9.40099 -8.15557
z 1875 1876 12.4934 7.066
z 1877 140 6.66532 -10.6567
z 1877 1878 6.78437 -14.267
z 1879 140 5.62301 -11.1363
z 1882 609 10.6466 3.27428
z 1884 609 10.3647 1.54291
z 1885 114 14.5106 6.44809
z 1888 103 13.1396 12.0581
z 1890 114 14.1416 0.228673
z 1893 103 14.9482 5.9471
z 1894 103 15.1095 4.62358
z 1896 103 14.9005 2.26131
z 1899 114 7.56893 -8.21395
z 1900 103 13.505 -2.19698
z 1902 103 12.1999 -4.07163
z 1905 103 9.83994 -6.11327
z 1906 103 9.01354 -6.57272
z 1909 75 15.5029 4.76679
z 1911 103 5.54943 -7.48139
z 1911 158 7.8696 9.90544
z 1912 75 13.9724 4.31076
z 1912 158 7.29365 9.89769
z 1913 158 6.73498 9.87198
z 1914 75 12.7519 4.40107
z 1915 158 5.44954 9.96845
z 1917 158 3.94673 10.0521
z 1920 75 8.49475 5.55595
z 1922 75 6.83605 6.01326
z 1923 75 5.98713 6.24978
z 1924 75 5.11678 6.52985
z 1925 92 11.4207 -0.916114
z 1928 97 16.0726 -0.251846
z 1929 92 8.98479 1.89462
z 1931 108 13.9956 -9.53882
z 1933 584 13.9111 -0.475513
z 1934 756 14.6254 -5.51169
z 1935 97 9.63224 7.85728
z 1936 756 14.3187 -2.72201
z 1937 97 6.78641 9.48522
z 1939 97 3.95379 10.4562
z 1940 756 12.4443 2.02775
z 1943 584 5.34535 7.86438
z 1944 584 4.57552 8.06889
z 1949 108 7.17494 5.62919
z 1950 108 6.52818 5.7792
z 1952 108 5.29751 5.97196
z 1963 705 10.8853 -4.02659
z 1964 711 14.5349 5.28841
z 1965 711 13.8858 5.3202
z 1966 711 13.2142 5.41114
z 1968 711 11.8507 5.44572
z 1969 711 11.2172 5.42256
z 1970 711 10.617 5.37676
z 1971 711 10.0195 5.37481
z 1977 724 13.4246 4.79403
z 1979 724 12.6174 4.71524
z 1981 724 11.9014 4.63808
z 1982 711 5.23606 5.11804
z 1982 724 11.5352 4.62352
z 1983 724 11.1555 4.67285
z 1987 724 9.47043 4.48448
z 1988 724 9.00576 4.43789
z 1990 724 8.02138 4.38651
z 1993 707 14.6893 -3.7973
z 1994 707 14.0433 -3.85653
z 1996 707 12.9198 -4.05691
z 1998 707 11.6901 -4.1594
z 1999 707 11.1051 -4.25695
z 2001 707 9.80255 -4.37697
z 2003 707 8.52988 -4.41865
z 2006 707 6.66798 -4.50213
z 2006 1033 9.73942 13.5768
z 2007 707 6.00788 -4.50391
z 2009 1033 7.665 13.6155
z 2010 1033 6.95395 13.7204
z 2011 1033 5.99725 13.7498
z 2014 1039 14.6896 5.70362
z 2016 1039 12.7035 6.9833
z 2016 1043 16.34 1.04838
z 2017 1039 11.5183 7.59084
z 2018 1043 14.7236 2.72651
z 2023 1039 5.08603 9.79289
z 2023 1043 10.403 5.31189
z 2024 1039 4.10766 9.88291
z 2025 1043 8.79771 5.69599
z 2026 1043 8.08468 5.91172
z 2029 1043 5.86686 6.2336
z 2030 1043 5.15448 6.22514
z 2032 1043 3.87922 6.18404
z 2036 1058 10.5242 12.1813
z 2038 1058 9.5761 12.1252
z 2039 1058 9.03589 12.033
z 2044 1071 13.1022 -8.19311
z 2045 1058 7.15705 11.5458
z 2046 1058 6.90201 11.3877
z 2046 1071 11.9559 -8.58026
z 2047 1058 6.67957 11.3213
z 2047 1071 11.3422 -8.83852
z 2050 1058 6.08601 10.9018
z 2051 1058 5.87003 10.7728
z 2051 1060 5.55249 -3.88708
z 2054 1071 7.05426 -10.2096
z 2056 1058 4.96732 10.1699
z 2056 1071 5.71582 -10.4786
z 2058 1079 7.2076 -4.77805
z 2061 1058 3.93682 9.48414
z 2075 1095 12.7025 13.0088
z 2077 1095 11.188 13.0763
z 2079 1095 9.33772 13.2819
z 2081 1095 7.60064 13.3983
z 2082 1095 6.7963 13.5651
z 2083 1095 5.85671 13.6119
z 2084 1095 5.03295 13.5124
z 2085 1095 4.2395 13.6583
z 2098 1112 16.9659 -2.30276
z 2099 1112 16.4062 -2.41498
z 2104 1112 13.4202 -3.10431
z 2105 1112 12.7292 -3.20689
z 2106 1112 12.1207 -3.38935
z 2110 1112 9.61353 -3.97623
z 2111 1112 8.96669 -4.17011
z 2112 1112 8.35916 -4.24186
z 2114 1132 18.4143 -0.780333
z 2115 1132 17.7276 -1.08913
z 2116 1132 17.189 -1.26533
z 2117 1132 16.5867 -1.41397
z 2118 1112 4.52136 -4.46054
z 2120 1132 14.7621 -2.03541
z 2124 1132 12.1773 -2.7234
z 2126 1132 10.8784 -3.03911
z 2134 1132 5.21876 -4.51754
z 2134 1147 17.4895 -4.62579
z 2137 1147 14.8363 -6.81801
z 2141 1163 15.9474 8.10301
z 2142 1147 9.03729 -10.5221
z 2143 1147 7.79188 -11.1513
z 2143 1154 10.5202 -0.749227
z 2144 1163 15.2256 5.2409
z 2145 1147 5.27958 -11.7131
z 2146 1163 14.3404 3.72865
z 2147 1163 13.8624 3.01383
z 2148 1163 13.4413 2.29062
z 2149 1163 12.7774 1.60474
z 2151 1333 4.0486 15.8879
z 2153 1333 4.5618 15.4177
z 2155 1178 17.4331 -4.33481
z 2155 1333 4.78354 14.8512
z 2156 1333 4.89362 14.6499
z 2157 1163 7.13007 -2.73513
z 2159 1178 13.7674 -7.02607
z 2159 1333 4.37202 14.0594
z 2160 1333 4.13196 13.9408
z 2162 1309 11.237 9.7086
z 2163 1309 10.7471 9.41754
z 2165 1309 9.51943 9.17133
z 2166 1309 8.88735 9.00005
z 2167 1178 6.96493 -8.49397
z 2168 1178 6.21437 -8.58519
z 2169 1178 5.4011 -8.69371
z 2170 1309 6.3207 8.81027
z 2173 1309 3.99631 8.76054
z 2193 1235 17.7963 -3.38706
z 2194 1235 17.3952 -2.27005
z 2195 1235 16.8911 -0.993818
z 2196 1268 18.4302 7.17647
z 2197 1268 17.1996 8.40473
z 2199 1268 14.6152 10.7822
z 2200 1268 13.5788 11.5756
z 2202 1203 12.7371 -8.45708
z 2202 1268 11.38 13.1485
z 2203 1203 12.7547 -7.86906
z 2203 1268 10.4153 13.5225
z 2204 1268 9.36285 13.9782
z 2206 1203 12.8026 -6.05527
z 2206 1268 7.19964 14.7438
z 2207 1203 12.8815 -5.29827
z 2207 1268 6.23591 15.1759
z 2210 1235 5.88999 10.0176
z 2211 1235 4.90511 10.3749
z 2213 1203 11.9293 -0.500608
z 2216 1203 10.3993 2.02819
z 2218 1193 17.8628 -3.67152
z 2220 1178 5.81072 -11.6351
z 2222 1178 5.93303 -11.1167
z 2224 1178 5.73352 -10.5789
z 2225 1178 5.76535 -10.212
z 2226 1178 5.80298 -9.90733
z 2227 1178 5.91921 -9.56419
z 2229 1178 6.02266 -8.84136
z 2230 1178 6.08742 -8.42215
z 2231 1178 6.14983 -8.04535
z 2232 1178 6.03485 -7.63071
z 2233 1178 6.08162 -7.27013
z 2233 1193 6.722 7.96871
z 2234 1193 5.66933 8.36963
z 2235 1193 4.712 8.68008
z 2236 1178 5.85291 -6.28018
z 2237 1178 5.70319 -5.99257
z 2238 1163 13.6364 -9.52997
z 2240 1178 5.24124 -5.1502
z 2244 1178 4.42532 -4.09172
z 2247 1163 12.1784 -3.87191
z 2250 1163 10.992 -2.56132
z 2251 1163 10.5976 -1.98141
z 2253 1163 9.84027 -0.623204
z 2254 1163 9.31771 -0.0332205
z 2255 1163 8.81125 0.587821
z 2258 1309 15.4718 -10.9895
z 2259 1309 15.3254 -10.2663
z 2260 1309 15.1192 -9.70986
z 2261 1309 14.8786 -9.31926
z 2263 1309 13.9698 -8.83721
z 2264 1309 13.4608 -8.68669
z 2269 1309 10.1607 -8.95977
z 2269 1333 16.6622 -2.59274
z 2270 1333 16.0044 -2.66143
z 2273 1309 7.3166 -9.21674
z 2273 1333 13.9406 -2.8997
z 2274 1333 13.3969 -3.0956
z 2281 1333 8.71501 -3.4963
z 2282 1333 8.15829 -3.51197
z 2284 1333 6.99356 -3.61317
z 2285 1333 6.44208 -3.52196
z 2286 1333 5.91798 -3.60703
z 2299 1095 13.9111 -10.9512
z 2301 1095 12.6313 -11.0352
z 2302 1112 7.58163 15.1998
z 2305 1112 5.45979 15.2433
z 2307 1112 4.16797 15.316
z 2308 1095 8.36432 -10.8466
z 2309 1095 7.74827 -10.706
z 2310 1095 7.20112 -10.69
z 2312 1095 5.95559 -10.6924
z 2313 1095 5.34785 -10.6559
z 2330 1389 10.5439 11.3246
z 2331 1389 9.68176 11.5996
z 2332 1389 8.813 11.8043
z 2335 1058 11.8952 -12.7428
z 2335 1389 6.18871 12.3392
z 2336 1058 11.5829 -12.4862
z 2338 1058 11.125 -11.9693
z 2339 1058 10.7014 -11.7335
z 2340 1058 10.5542 -11.4733
z 2341 1058 10.1667 -11.2628
z 2342 1058 9.81171 -11.0868
z 2343 1058 9.61756 -10.9569
z 2344 1058 9.26831 -10.7527
z 2345 1071 13.661 9.5543
z 2348 1060 12.6279 3.6332
z 2349 1058 7.176 -9.95182
z 2352 1071 7.88535 10.922
z 2353 1071 7.02543 11.1153
z 2356 1071 4.25272 11.327
z 2358 1043 13.4109 -5.99612
z 2360 1043 12.4335 -5.11966
z 2361 1043 11.8807 -4.76067
z 2362 1043 11.3579 -4.42112
z 2363 1043 10.8405 -4.17323
z 2364 1043 10.16 -4.05081
z 2365 1043 9.52859 -3.91105
z 2367 1043 8.29599 -3.86104
z 2369 1039 12.4746 -8.19457
z 2369 1043 6.95416 -3.86886
z 2371 1039 11.1195 -8.24692
z 2373 1039 9.70621 -8.45352
z 2374 1039 8.94038 -8.62094
z 2375 707 15.9357 5.53505
z 2377 707 14.6816 5.24017
z 2377 1039 6.7216 -8.82956
z 2378 707 14.0638 5.18662
z 2378 1039 6.03066 -8.87466
z 2379 707 13.4079 5.09226
z 2381 707 12.1385 4.9443
z 2383 707 10.7965 4.71591
z 2384 707 10.1198 4.69625
z 2385 707 9.43234 4.53178
z 2386 707 8.745 4.52058
z 2388 707 7.28126 4.45746
z 2389 707 6.57332 4.48927
z 2391 707 5.11695 4.38279
z 2392 707 4.45618 4.33481
z 2393 707 3.94473 4.27294
z 2394 724 13.9096 -0.297218
z 2397 724 11.9011 -1.3749
z 2400 711 16.26 -1.81304
z 2401 711 15.6038 -2.22974
z 2403 711 14.4781 -3.07954
z 2404 711 13.7835 -3.33997
z 2405 711 13.3227 -3.64928
z 2407 711 12.1355 -4.13154
z 2408 724 5.1956 -3.7308
z 2410 711 10.3305 -4.71049
z 2411 711 9.6456 -4.78141
z 2414 711 7.85846 -4.81515
z 2416 705 11.5349 4.19891
z 2417 705 10.8765 4.1942
z 2417 711 5.96465 -4.90719
z 2418 711 5.3291 -4.90235
z 2421 705 8.28442 4.21316
z 2424 705 6.44572 4.16905
z 2426 756 17.0782 -6.57075
z 2428 705 4.03519 4.14945
z 2428 756 15.8712 -6.48084
z 2429 756 15.3656 -6.46133
z 2435 756 12.3431 -6.31136
z 2438 103 15.5749 7.44773
z 2439 756 10.0844 -6.37999
z 2440 114 7.51538 13.9693
z 2441 756 8.85029 -6.3521
z 2442 584 14.6614 -8.31155
z 2443 114 5.552 13.9597
z 2444 108 6.99478 -6.39412
z 2444 114 4.83936 13.9604
z 2445 103 11.0761 7.42377
z 2446 584 12.086 -8.25267
z 2447 584 11.3821 -8.24519
z 2448 584 10.7736 -8.29212
z 2449 103 8.4356 7.40221
z 2450 103 7.75647 7.38745
z 2450 584 9.45055 -8.23189
z 2452 584 8.16533 -8.29561
z 2453 584 7.52227 -8.31623
z 2454 97 13.296 -9.01599
z 2455 97 12.6542 -9.01637
z 2456 97 11.9683 -9.08731
z 2457 97 11.278 -9.09697
z 2458 97 10.6227 -9.09316
z 2459 97 10.0006 -9.07889
z 2461 97 8.55795 -9.08309
z 2462 97 7.85117 -9.09108
z 2463 97 7.09158 -9.11754
z 2464 75 13.3107 6.11401
z 2466 75 11.6663 6.12526
z 2466 92 5.96787 -2.68337
z 2467 75 10.8931 6.15801
z 2467 92 5.20841 -2.70827
z 2468 75 10.0858 6.07893
z 2469 75 9.26966 6.08632
z 2470 75 8.52593 6.15597
z 2472 75 6.87397 6.19839
z 2473 75 6.02257 6.1931
z 2476 158 4.40738 14.8694
z 2477 41 12.6965 10.2306
z 2480 34 13.0132 3.58938
z 2481 41 9.35343 10.351
z 2482 41 8.49179 10.3785
z 2484 41 6.72428 10.4397
z 2485 32 8.17246 -4.29353
z 2485 41 5.98908 10.4645
z 2486 41 5.09242 10.4688
z 2493 9 14.0313 -2.93003
z 2494 9 13.1864 -2.92366
z 2495 9 12.4778 -2.92614
z 2498 9 10.2598 -3.0918
z 2499 9 9.48562 -3.06527
z 2500 9 8.73143 -3.09742
z 2502 9 7.2187 -3.12363
z 2503 9 6.40529 -3.18051
z 2504 9 5.61119 -3.17279
z 2507 5 8.00182 4.16997
z 2508 5 7.16153 4.12624
z 2512 212 11.7249 10.854
z 2513 212 10.8699 10.8158
z 2515 212 9.14813 10.8121
z 2520 212 4.68422 10.8352
z 2520 249 12.4164 3.47375
z 2521 249 11.5983 3.5797
z 2522 249 10.6704 3.64016
z 2523 249 9.7758 3.68802
z 2524 249 8.90232 3.76328
z 2525 249 7.9577 3.8231
z 2527 249 6.16024 3.96326
z 2530 379 17.4064 -4.32537
z 2531 379 16.5038 -4.25724
z 2532 379 15.6301 -4.16788
z 2533 379 14.8136 -4.07027
z 2534 346 18.0952 4.20217
z 2535 379 12.9953 -4.19541
z 2537 346 15.3473 4.14715
z 2537 379 11.2908 -4.10264
z 2539 346 13.5508 4.05627
z 2540 379 8.51101 -4.14915
z 2541 346 11.7129 4.03196
z 2542 379 6.77226 -4.19691
z 2544 358 18.0395 4.18777
z 2546 358 16.216 4.1837
z 2547 346 6.22202 4.12044
z 2549 358 13.4412 4.40339
z 2550 358 12.4632 4.36601
z 2550 383 5.9925 -3.66111
z 2552 358 10.6458 4.54426
z 2553 358 9.74628 4.5243
z 2555 358 7.98202 4.62932
z 2556 358 7.13404 4.56877
z 2557 358 6.33507 4.58897
z 2559 408 13.7158 5.028
z 2562 408 11.5518 5.07797
z 2563 408 10.9256 5.1404
z 2564 408 10.3019 5.06666
z 2565 455 6.63983 13.3998
z 2566 455 5.93497 13.3776
z 2567 408 8.43091 5.07044
z 2568 408 7.81492 5.06064
z 2570 408 6.5307 5.07793
z 2571 408 5.90867 5.06495
z 2573 2574 8.99697 -3.57594
z 2575 408 4.12637 4.90106
z 2577 2574 7.46698 -3.66738
z 2579 2574 6.14184 -4.13538
z 2580 436 18.8267 3.56129
z 2580 2574 5.42751 -4.28472
z 2581 436 18.2518 3.05178
z 2582 436 17.802 2.5956
z 2583 436 17.2719 2.03721
z 2584 436 16.7159 1.51807
z 2585 436 16.2163 0.825656
z 2588 436 14.4059 -1.37363
z 2590 436 13.0028 -2.76596
z 2592 436 11.3545 -4.14163
z 2594 436 9.47091 -5.49697
z 2596 436 7.42987 -6.66328
z 2597 436 6.31936 -7.08933
z 2597 451 12.3099 -2.60461
z 2598 451 11.4854 -3.42608
z 2600 451 9.7416 -4.86785
z 2601 451 8.89536 -5.38455
z 2602 451 7.95746 -5.93273
z 2604 451 6.14904 -6.79116
z 2608 466 15.6903 6.56861
z 2610 466 15.2326 4.6684
z 2612 466 14.6229 2.70601
z 2619 455 4.79245 9.38613
z 2620 455 4.74686 8.98606
z 2620 466 8.62187 -4.17574
z 2621 455 4.70856 8.64983
z 2621 466 7.50488 -4.81969
z 2622 455 4.59728 8.27588
z 2623 455 4.42956 7.92455
z 2625 455 4.13582 7.28946
z 2632 358 9.43396 12.9065
z 2633 358 9.39722 12.2768
z 2635 358 8.91395 11.2635
z 2636 358 8.52886 10.9204
z 2639 289 9.2467 -13.7412
z 2640 346 13.7886 7.37875
z 2640 358 5.45496 10.5092
z 2641 346 12.9218 7.26456
z 2642 346 12.0959 7.11473
z 2643 346 11.2705 7.01136
z 2644 346 10.3988 7.00428
z 2646 346 8.42637 7.13571
z 2647 346 7.37254 7.11664
z 2648 346 6.34253 7.17563
z 2649 346 5.36478 7.10108
z 2650 346 4.47917 7.15211
z 2652 379 9.55018 13.1615
z 2656 379 4.47473 13.7562
z 2658 249 13.581 3.59024
z 2659 249 12.562 4.50219
z 2660 249 11.3929 5.34995
z 2661 249 10.4244 6.17485
z 2662 249 9.1377 6.77306
z 2665 249 6.03622 7.65581
z 2667 249 4.16397 7.82667
z 2673 212 9.54634 4.4631
z 2679 212 5.09672 4.11766
z 2681 212 3.89224 3.71426
z 2685 200 16.2203 2.69357
z 2688 5 6.78132 10.6323
z 2689 200 13.249 0.169335
z 2693 200 9.932 -1.67854
z 2694 200 9.06423 -2.02045
z 2695 200 8.24516 -2.23625
z 2696 200 7.31759 -2.46839
z 2698 200 5.64715 -2.6698
z 2699 9 7.45169 14.6974
z 2700 179 16.6334 -2.58582
z 2701 175 11.5097 -8.08465
z 2702 179 15.2379 -1.4174
z 2703 179 14.5209 -0.723774
z 2704 179 13.7705 -0.111047
z 2705 189 10.2433 7.31091
z 2706 189 9.12944 7.72935
z 2707 189 8.07943 8.09922
z 2708 189 6.88794 8.38996
z 2709 189 5.73429 8.6402
z 2711 175 6.32347 -4.18449
z 2712 175 5.68573 -3.98962
z 2713 175 5.04461 -3.76926
z 2715 179 4.06893 3.80249
z 2718 158 11.6882 3.85684
z 2722 75 4.72686 12.531
z 2723 158 7.31414 4.49462
z 2726 164 5.93635 -14.8432
z 2727 135 14.0538 -2.83817
z 2729 117 13.8918 4.89672
z 2730 117 13.1392 4.86427
z 2731 151 15.7059 -9.15738
z 2732 117 11.5005 4.77957
z 2732 135 9.99089 -3.01395
z 2733 151 14.047 -9.24304
z 2734 117 9.93512 4.80986
z 2736 117 8.39618 4.72995
z 2738 151 10.0737 -9.1914
z 2739 117 5.93885 4.73698
z 2740 117 5.29631 4.78193
z 2740 151 8.80191 -9.14699
z 2743 151 7.59391 -8.70759
z 2747 151 6.11639 -8.21954
z 2748 1867 15.967 -8.51791
z 2749 140 14.1715 -4.4565
z 2750 140 13.6196 -4.62219
z 2751 140 12.9064 -4.98371
z 2752 140 12.2999 -5.24674
z 2753 609 7.42845 11.4041
z 2754 609 7.41549 11.0582
z 2757 2758 6.05429 -15.6824
z 2760 646 18.0671 -3.32822
z 2762 646 16.1198 -6.91449
z 2763 609 8.95318 5.95139
z 2764 609 9.20896 4.89628
z 2765 1876 10.939 3.17665
z 2766 1876 10.7682 2.17772
z 2769 1876 10.0549 -0.326108
z 2771 114 14.421 3.55125
z 2772 114 14.2638 2.16046
z 2773 103 15.2924 10.16
z 2775 114 13.1389 -2.0077
z 2777 114 11.754 -4.58003
z 2778 103 16.5584 1.84306
z 2779 103 16.2266 0.0653545
z 2782 103 14.3904 -4.11355
z 2783 103 13.4213 -5.06639
z 2784 158 12.2264 11.7088
z 2786 103 10.8291 -7.19269
z 2788 158 11.6755 9.7445
z 2790 158 10.8037 9.32995
z 2793 158 9.08838 9.16248
z 2794 158 8.43786 9.26016
z 2795 75 14.1515 3.57217
z 2796 75 13.4594 3.73867
z 2797 75 12.7686 3.95041
z 2797 158 6.08918 9.42895
z 2798 158 5.28992 9.52291
z 2799 158 4.42219 9.68376
z 2800 75 10.4885 4.61095
z 2802 75 8.91514 5.1237
z 2803 75 8.04112 5.48912
z 2804 75 7.13144 5.7607
z 2806 75 5.21362 6.24993
z 2806 92 12.214 -1.68119
z 2808 92 11.0115 -0.196319
z 2809 97 16.7495 -0.977684
z 2810 584 15.5177 -5.87305
z 2812 97 14.3783 3.43918
z 2813 584 14.6047 -1.31144
z 2814 108 14.9087 -6.31969
z 2815 97 10.6294 7.46999
z 2815 108 14.9865 -4.72567
z 2817 97 7.73478 9.38257
z 2818 97 6.16655 10.0719
z 2818 584 10.4904 5.19864
z 2819 108 13.3378 0.917303
z 2821 756 11.9922 3.08931
z 2822 584 5.79281 8.01189
z 2823 584 4.6669 8.28421
z 2825 108 8.49443 5.7359
z 2826 756 7.69063 6.08496
z 2828 108 5.98561 6.55987
z 2831 114 5.73942 -13.442
z 2831 756 3.94275 6.71511
z 2837 705 12.3571 -3.14075
z 2838 705 11.6663 -3.17742
z 2839 705 10.9961 -3.25645
z 2840 711 14.6612 5.92516
z 2845 711 11.3907 5.44242
z 2846 711 10.7414 5.37443
z 2847 711 10.0868 5.25248
z 2848 711 9.37611 5.19569
z 2849 711 8.67518 5.14535
z 2851 711 7.33806 4.9731
z 2853 724 12.2087 3.99128
z 2857 724 9.25141 3.78755
z 2858 707 16.2301 -4.78475
z 2859 707 15.4899 -4.71357
z 2861 707 14.0714 -4.63108
z 2863 707 12.6396 -4.6151
z 2863 724 4.70415 3.7229
z 2865 707 11.2428 -4.53371
z 2866 707 10.5329 -4.58865
z 2875 707 6.80943 -4.44357
z 2878 707 5.99415 -4.47305
z 2879 707 5.73525 -4.46369
z 2881 707 5.11872 -4.32728
z 2882 707 4.7506 -4.27064
z 2884 1033 4.85613 14.1736
z 2885 1039 16.0719 6.10174
z 2886 1039 15.2094 6.70567
z 2887 1039 14.314 7.2109
z 2888 1043 17.172 2.02583
z 2889 1043 16.2584 2.81274
z 2892 1043 13.6976 4.608
z 2893 1039 7.63984 9.81847
z 2893 1043 12.6928 5.04129
z 2894 1043 11.6859 5.34477
z 2895 1039 5.49857 10.2465
z 2896 1043 9.92481 5.8416
z 2898 1043 8.10451 6.23882
z 2899 1043 7.19663 6.41778
z 2900 1043 6.35012 6.55483
z 2901 1060 16.7439 -1.90272
z 2902 1060 16.0684 -1.66678
z 2907 1060 12.9051 -1.10899
z 2909 1060 11.7669 -1.34393
z 2911 1058 8.38043 12.4845
z 2912 1058 8.16488 12.2279
z 2914 1058 7.50892 11.9764
z 2915 1058 7.25991 11.8823
z 2917 1058 6.53725 11.5587
z 2919 1058 5.78637 11.3254
z 2919 1079 10.7962 -2.77171
z 2920 1058 5.38975 11.2711
z 2920 1071 8.26327 -9.1144
z 2921 1060 4.36253 -3.39783
z 2922 1071 6.96009 -9.28733
z 2923 1058 3.96375 11.0271
z 2924 1071 5.69748 -9.36459
z 2925 1071 5.08529 -9.41467
z 2928 1079 5.30703 -3.09746
z 2951 1389 4.71338 -7.1018
z 2983 1112 16.078 -3.37755
z 2984 1112 15.4236 -3.50922
z 2985 1112 14.8608 -3.64294
z 2989 1112 12.4867 -4.03243
z 2990 1112 11.9105 -4.10004
z 2991 1112 11.228 -4.15403
z 2992 1112 10.6503 -4.22182
z 2993 1112 9.9285 -4.30373
z 2995 1112 8.57428 -4.64124
z 2996 1112 7.79074 -4.82243
z 2997 1132 18.8862 -4.26295
z 2998 1132 18.2621 -4.62836
z 2999 1112 5.61542 -5.32119
z 2999 1132 17.5417 -4.92088
z 3000 1112 4.9743 -5.37017
z 3002 1132 15.9022 -5.8104
z 3003 1132 15.4822 -5.98664
z 3005 1132 14.8883 -6.3072
z 3006 1132 14.6382 -6.41743
z 3008 1132 14.377 -6.514
z 3010 1132 14.3798 -6.51584
z 3011 1132 14.3769 -6.51392
z 3015 1132 14.3616 -6.50382
z 3015 1333 9.2836 15.621
z 3017 1132 14.257 -6.5668
z 3020 1333 8.94526 15.501
z 3022 1132 13.2903 -6.79754
z 3024 1132 12.7202 -7.00173
z 3025 1333 8.15653 15.2749
z 3027 1333 7.7099 15.1666
z 3033 1333 6.16274 14.7387
z 3034 1333 5.89569 14.6564
z 3037 1333 4.87935 14.4685
z 3038 1333 4.39125 14.5
z 3043 1147 14.2753 -12.0078
z 3046 1147 12.0865 -12.5385
z 3047 1147 11.2379 -12.6817
z 3048 1147 10.4133 -12.8044
z 3051 1147 7.98357 -13.2493
z 3052 1163 12.5066 4.85093
z 3054 1147 5.4753 -13.3071
z 3054 1163 11.1959 4.61072
z 3055 1163 10.4916 4.45342
z 3057 1178 17.1055 8.34932
z 3058 1163 8.33271 4.18671
z 3058 1178 16.3883 8.22638
z 3062 1178 13.9006 7.71894
z 3063 1178 13.371 7.597
z 3064 1178 12.8829 7.612
z 3065 1178 12.3749 7.45998
z 3066 1178 11.9335 7.34164
z 3069 1178 10.4838 7.20385
z 3071 1178 9.47305 7.04911
z 3072 1178 8.96434 6.90213
z 3073 1178 8.39709 6.85487
z 3074 1178 7.81954 6.72035
z 3075 1178 7.24758 6.50603
z 3077 1178 6.19669 6.33441
z 3080 1193 16.8868 -3.01195
z 3081 1193 16.2915 -3.44488
z 3083 1193 14.8758 -4.09601
z 3085 1193 13.3216 -4.89836
z 3086 1193 12.5663 -5.3155
z 3087 1203 17.6794 4.22434
z 3088 1193 11.0828 -5.96094
z 3089 1203 16.7426 3.01967
z 3091 1203 15.926 1.66953
z 3092 1203 15.5285 0.910266
z 3093 1193 6.73728 -7.85109
z 3097 1203 12.8628 -2.19044
z 3099 1203 11.6687 -3.01226
z 3100 1203 11.2092 -3.53372
z 3101 1203 10.6535 -3.87889
z 3103 1203 9.60003 -4.47078
z 3104 1203 9.08902 -4.71716
z 3106 1203 8.17133 -4.92284
z 3108 1203 7.23148 -5.35946
z 3110 1203 6.14074 -5.81407
z 3111 1235 19.0307 -0.56643
z 3114 1235 17.7967 -2.99475
z 3116 1235 16.8936 -4.53383
z 3117 1235 16.4319 -5.13298
z 3118 1235 15.9865 -5.71954
z 3120 1235 14.8951 -6.99722
z 3121 1235 14.3849 -7.4914
z 3122 1235 13.8442 -8.09567
z 3125 1235 11.7893 -9.75143
z 3126 1235 11.0314 -10.2507
z 3127 1235 10.2538 -10.7129
z 3129 1235 8.65845 -11.5746
z 3131 1235 6.96388 -12.2698
z 3132 1235 6.08301 -12.561
z 3146 1309 16.4877 6.97489
z 3148 1309 16.2431 5.28415
z 3152 1309 15.2773 1.91169
z 3153 1309 15.0403 1.18871
z 3156 1309 13.7843 -0.906006
z 3158 1309 12.5935 -2.11066
z 3159 1309 12.149 -2.38169
z 3160 1163 9.67502 12.5866
z 3161 1163 9.53882 12.3073
z 3166 1333 16.8689 -3.75284
z 3167 1333 16.3518 -3.9519
z 3168 1333 15.8111 -4.11829
z 3170 1333 14.7248 -4.37295
z 3171 1333 14.0294 -4.38871
z 3173 1163 4.69653 10.9759
z 3175 1333 11.5529 -4.7429
z 3176 1333 11.0564 -4.69018
z 3178 1333 9.94451 -4.76499
z 3179 1333 9.39003 -4.73144
z 3181 1333 8.32666 -4.73033
z 3182 1333 7.89011 -4.66712
z 3183 1333 7.38017 -4.64158
z 3184 1333 6.90909 -4.6062
z 3188 1333 5.27103 -4.37693
z 3189 1333 4.89005 -4.30817
z 3208 1095 12.0084 -12.6681
z 3212 1112 7.9212 14.4804
z 3213 1095 10.3767 -11.6497
z 3214 1095 10.034 -11.5138
z 3214 1112 6.16174 14.7327
z 3215 1095 9.67565 -11.3249
z 3215 1112 5.30119 14.9732
z 3216 1112 4.41026 14.9354
z 3218 1095 8.58074 -10.8098
z 3219 1095 8.26435 -10.5992
z 3220 1095 7.79885 -10.5417
z 3221 1095 7.48814 -10.2692
z 3222 1095 7.05431 -10.2098
z 3223 1095 6.61532 -10.0816
z 3224 1095 6.28785 -9.94594
z 3226 1095 5.48468 -9.68675
z 3239 1389 7.40553 15.6014
z 3241 1389 5.78955 15.764
z 3242 1389 4.85172 15.8262
z 3243 1389 4.04864 15.8905
z 3246 1058 12.3231 -7.32832
z 3251 1058 9.77992 -7.04294
z 3253 3254 5.76662 -15.6797
z 3255 1058 8.01286 -7.13629
z 3255 1079 8.50502 7.91679
z 3257 1058 6.6686 -7.22591
z 3258 1058 6.03057 -7.34868
z 3260 1043 15.6399 -7.4996
z 3266 1071 6.27165 12.7468
z 3268 1060 5.89083 6.29946
z 3269 1043 10.9274 -6.40212
z 3270 1043 10.4616 -6.18161
z 3271 1043 10.0439 -5.98641
z 3273 1043 8.98435 -5.59351
z 3274 1043 8.46572 -5.39075
z 3275 1043 7.95034 -5.23998
z 3276 1043 7.39428 -5.0655
z 3278 1039 10.9253 -10.0933
z 3281 1039 9.46764 -9.55288
z 3282 1039 8.96476 -9.45983
z 3286 707 14.9062 4.88273
z 3287 1039 6.06907 -9.03467
z 3288 707 13.531 4.9438
z 3290 707 12.154 5.1418
z 3291 707 11.4784 5.12568
z 3294 707 9.47849 5.11455
z 3296 707 8.12736 5.00182
z 3297 707 7.54354 4.90654
z 3298 707 6.87531 4.83946
z 3299 707 6.28384 4.75067
z 3301 707 5.02217 4.56296
z 3306 1033 5.78133 -13.7402
z 3307 724 12.0086 -0.950922
z 3309 711 17.0124 -0.541409
z 3310 711 16.2919 -1.03626
z 3310 724 10.0543 -1.78366
z 3311 711 15.7195 -1.49798
z 3312 711 15.0714 -1.79727
z 3312 724 8.81512 -2.23385
z 3314 711 13.7182 -2.6335
z 3314 724 7.43582 -2.67795
z 3315 711 12.9943 -2.9451
z 3316 711 12.3105 -3.29802
z 3316 724 5.93115 -3.01035
z 3317 711 11.5014 -3.60555
z 3324 711 6.0388 -4.34402
z 3325 711 5.27189 -4.37976
z 3326 711 4.55218 -4.37533
z 3327 705 8.8776 4.55481
z 3330 705 6.73998 4.57407
z 3335 756 15.2003 -6.2271
z 3337 756 13.6922 -6.3125
z 3339 756 12.2554 -6.24167
z 3340 108 11.6054 -6.30252
z 3341 108 10.8648 -6.3417
z 3342 114 8.81962 13.9791
z 3343 108 9.28914 -6.42594
z 3343 114 8.02407 13.9605
z 3344 103 13.8052 7.13556
z 3344 114 7.25571 13.9396
z 3345 584 13.9448 -8.65243
z 3346 114 5.54408 13.8995
z 3347 103 11.2691 7.12582
z 3347 108 5.92811 -6.52614
z 3348 103 10.4171 7.02225
z 3350 584 9.52089 -8.68735
z 3352 584 7.68093 -8.69002
z 3353 97 13.0681 -9.63621
z 3354 97 12.0673 -9.55331
z 3355 97 11.0528 -9.51021
z 3356 92 11.4163 -3.06087
z 3357 97 9.16661 -9.4209
z 3358 97 8.1701 -9.36033
z 3359 75 14.1725 5.91001
z 3363 75 10.1792 6.16149
z 3365 75 8.25603 6.22906
z 3367 75 6.45509 6.23676
z 3368 75 5.53011 6.22436
z 3371 34 15.6681 3.79686
z 3373 34 13.8377 3.86526
z 3373 41 10.7645 10.6625
z 3376 34 11.0245 4.03336
z 3376 41 8.00268 10.6944
z 3377 34 10.1027 4.00472
z 3377 41 6.98865 10.6765
z 3379 41 5.22523 10.7834
z 3380 32 6.65713 -4.10437
z 3380 41 4.31793 10.7644
z 3381 32 5.78115 -4.10233
z 3381 34 6.51599 4.00191
z 3383 9 16.112 -3.27028
z 3385 9 14.4599 -3.07346
z 3386 9 13.5518 -3.05664
z 3387 9 12.7551 -3.03537
z 3388 9 12.0057 -2.9072
z 3390 9 10.5245 -2.9365
z 3391 9 9.78225 -2.8271
z 3393 9 8.43551 -2.82074
z 3394 9 7.73475 -2.70249
z 3395 9 7.07427 -2.73727
z 3397 5 10.0428 5.13422
z 3397 9 5.77311 -2.62856
z 3398 9 5.11323 -2.64089
z 3399 9 4.48005 -2.65773
z 3401 5 7.3859 5.11534
z 3403 5 6.17945 5.01271
z 3404 5 5.55856 4.9021
z 3408 212 11.7104 10.8351
z 3409 212 11.5502 10.2685
z 3410 212 11.5448 9.59146
z 3411 212 11.5104 8.93627
z 3412 249 16.829 -1.10222
z 3415 212 11.4878 5.22334
z 3415 249 14.3338 -5.11157
z 3416 249 13.2682 -6.39361
z 3417 249 12.0282 -7.74817
z 3419 249 9.16891 -10.0763
z 3420 200 6.11261 13.7289
z 3420 249 7.52848 -11.0366
z 3422 212 9.00955 -2.89611
z 3423 212 8.31718 -3.73099
z 3425 212 7.08858 -4.79484
z 3426 212 6.47255 -5.2742
z 3427 200 10.555 8.57412
z 3428 212 5.29613 -6.06708
z 3429 200 11.1233 7.11191
z 3429 212 4.68584 -6.38053
z 3431 200 11.4167 5.651
z 3433 200 11.6239 3.91064
z 3434 200 11.5828 2.88555
z 3435 200 11.4136 1.98383
z 3437 200 10.9519 0.0613506
z 3438 200 10.5232 -0.871922
z 3441 200 8.77736 -2.80768
z 3442 200 8.11595 -3.20325
z 3443 200 7.51643 -3.43738
z 3444 200 6.82056 -3.60908
z 3445 200 6.1127 -3.70831
z 3446 175 15.2574 -4.2541
z 3447 179 15.2088 3.24382
z 3448 175 13.7922 -4.06281
z 3449 175 13.0529 -3.92296
z 3450 175 12.3077 -3.84509
z 3451 175 11.6112 -3.66395
z 3451 189 6.71778 9.03194
z 3452 189 5.82506 9.01829
z 3453 189 4.90368 9.03522
z 3454 189 4.00447 9.07221
z 3456 175 7.78872 -3.17332
z 3457 175 6.99731 -3.13651
z 3458 175 6.20282 -3.09198
z 3459 179 5.08907 4.30183
z 3460 158 14.5719 4.64261
z 3463 158 12.1307 4.66351
z 3465 158 10.6473 4.46481
z 3466 158 9.98719 4.37868
z 3468 158 8.68867 4.33507
z 3469 135 17.6234 -3.6006
z 3469 164 7.9321 -14.9959
z 3471 164 7.04781 -14.8739
z 3473 164 6.07274 -14.8411
z 3474 117 16.2441 4.67042
z 3474 164 5.51978 -14.7698
z 3475 117 15.5248 4.89119
z 3476 117 14.8577 4.86363
z 3476 135 13.2366 -2.84875
z 3477 117 14.224 4.9332
z 3477 135 12.6156 -2.89168
z 3478 135 11.9364 -2.87849
z 3480 117 12.0995 4.92358
z 3481 151 14.6917 -9.1539
z 3482 117 10.7595 4.94642
z 3483 117 10.083 4.91341
z 3484 117 9.38595 4.87985
z 3485 117 8.67384 4.90644
z 3487 117 7.25384 4.86721
z 3489 117 5.79379 4.81858
z 3491 117 4.42164 4.79333
z 3492 117 3.89104 4.74059
z 3495 140 14.5731 -6.78004
z 3502 140 9.2788 -9.4201
z 3504 609 9.86153 7.37392
z 3506 609 9.58882 6.62122
z 3507 140 5.37648 -10.8595
z 3507 609 9.3952 6.31471
z 3508 609 9.13047 6.04058
z 3508 1878 6.23087 -14.9742
z 3509 609 8.74873 5.92242
z 3511 632 10.8786 -10.4309
z 3512 632 10.3232 -10.6081
z 3514 114 7.89928 12.8112
z 3515 632 8.68389 -10.7782
z 3516 632 8.15379 -10.8941
z 3517 609 5.08298 5.36279
z 3519 114 5.58468 12.5754
z 3526 3527 7.73431 -5.82822
z 3537 3538 5.75589 -6.17051
z 3556 705 7.16211 10.0508
z 3560 707 16.6469 -4.69858
z 3562 707 14.9845 -4.84428
z 3563 711 11.6648 11.9724
z 3564 711 10.9855 11.8103
z 3566 707 11.5317 -5.02926
z 3566 711 9.16536 11.7906
z 3567 711 8.4159 11.6921
z 3568 711 7.51327 11.6576
z 3568 724 10.9333 6.39673
z 3570 711 5.96013 11.7158
z 3571 711 5.36519 11.7792
z 3572 711 4.77205 11.8392
z 3574 724 6.97057 6.50059
z 3575 724 6.39392 6.5116
z 3576 724 5.91508 6.52927
z 3577 724 5.53066 6.60529
z 3578 724 4.96361 6.58915
z 3579 724 4.53327 6.63488
z 3582 1033 17.1573 6.5964
z 3584 1033 15.4366 8.21532
z 3585 1033 14.262 9.14071
z 3587 1033 11.7455 10.8808
z 3588 1033 10.1506 11.76
z 3588 1039 17.0244 -1.24366
z 3591 1039 14.8577 3.15952
z 3591 1043 16.6587 -3.56063
z 3595 1039 10.2342 7.66813
z 3595 1043 14.3594 1.89281
z 3596 1043 13.4591 3.00319
z 3598 1039 6.36629 9.23116
z 3601 1043 9.07368 5.43643
z 3602 1043 8.35805 5.67454
z 3604 1043 6.89186 5.7829
z 3605 1043 6.19691 5.80344
z 3606 1043 5.46641 5.84861
z 3607 1043 4.77391 5.86267
z 3608 1058 13.1762 11.5015
z 3612 1058 10.3769 11.6994
z 3613 1058 9.80139 11.59
z 3614 1058 9.26219 11.4956
z 3616 1058 8.22591 11.504
z 3619 1058 6.2998 11.4145
z 3619 1060 8.08842 -3.11519
z 3620 1058 5.59115 11.323
z 3621 1058 5.20864 11.3516
z 3622 1058 4.53779 11.3369
z 3622 1071 10.1221 -8.55739
z 3623 1071 9.44791 -8.57055
z 3624 1071 8.84516 -8.6378
z 3625 1071 8.06738 -8.69431
z 3627 1071 6.77679 -8.72316
z 3628 1071 6.23341 -8.65626
z 3630 1079 5.97951 -2.21617
z 3632 1079 4.66034 -2.2094
z 3649 1389 5.21224 -6.53969
z 3664 1112 15.3946 -2.50373
z 3666 1112 13.6475 -2.99428
z 3667 1112 12.8645 -3.17036
z 3669 1112 11.1861 -3.52118
z 3672 1112 8.44301 -3.84833
z 3674 1132 18.3016 -2.98633
z 3675 1132 17.4333 -3.03099
z 3679 1132 13.991 -3.52223
z 3680 1132 13.1198 -3.65835
z 3687 1132 7.3069 -3.93393
z 3692 1147 15.3721 -3.60496
z 3694 1147 13.6801 -3.90779
z 3696 1147 12.161 -4.05049
z 3696 1154 9.25474 6.26917
z 3698 1147 10.4518 -4.25894
z 3700 1147 8.93712 -4.30909
z 3702 1163 6.11609 14.4599
z 3703 1147 6.61857 -4.62091
z 3704 1147 5.74902 -4.90983
z 3707 1163 5.583 13.329
z 3708 1163 5.74391 12.8997
z 3710 1163 6.34791 12.0831
z 3711 1163 6.43174 11.5453
z 3714 1163 6.92426 10.177
z 3715 1163 6.96535 9.75093
z 3716 1163 6.97214 9.27035
z 3717 1163 6.9832 8.84461
z 3719 1178 15.7604 6.73659
z 3720 1178 15.5725 5.75038
z 3721 1178 15.3795 5.06916
z 3722 1178 15.1263 4.29641
z 3725 1178 14.0894 2.78553
z 3726 1163 5.58583 6.05777
z 3726 1178 13.7188 2.43191
z 3727 1178 13.3294 2.26988
z 3728 1178 12.9927 2.20748
z 3729 1178 12.6172 2.13787
z 3730 1178 12.2986 2.07882
z 3734 1178 11.337 1.90061
z 3735 1178 11.174 1.8704
z 3736 1178 11.0286 1.84344
z 3737 1178 10.9401 1.89178
z 3738 1178 10.8578 1.87578
z 3741 1178 10.7037 1.84583
z 3745 1178 10.7037 1.84583
z 3746 1178 10.7358 1.85207
z 3747 1178 10.7015 1.84541
z 3751 1178 10.7074 1.84656
z 3752 1178 10.6739 1.84004
z 3754 1178 10.5349 1.81302
z 3756 1178 10.3836 1.7836
z 3757 1178 10.3073 1.76879
z 3758 1178 10.2464 1.75693
z 3759 1178 10.2144 1.75073
z 3760 1178 10.2015 1.74821
z 3761 1178 10.2074 1.74937
z 3763 1178 10.2042 1.74873
z 3764 1178 10.1984 1.74761
z 3765 1178 10.1404 1.79404
z 3766 1178 10.16 1.79802
z 3767 1178 10.0929 1.78437
z 3768 1178 10.0062 1.76673
z 3769 1178 9.88111 1.74129
z 3770 1178 9.83101 1.73109
z 3772 1178 9.64768 1.69379
z 3773 1178 9.55457 1.67485
z 3774 1178 9.47828 1.65933
z 3775 1178 9.43152 1.64981
z 3776 1178 9.41038 1.69677
z 3777 1178 9.39623 1.69377
z 3778 1178 9.3573 1.68549
z 3779 1178 9.31821 1.67718
z 3780 1178 9.25948 1.6647
z 3784 1178 9.02386 1.66254
z 3785 1178 8.97895 1.65258
z 3786 1178 8.9244 1.64049
z 3787 1178 8.85369 1.67135
z 3788 1178 8.81003 1.66127
z 3790 1178 8.67749 1.76658
z 3793 1178 8.37268 1.90412
z 3794 1178 8.27412 1.96023
z 3798 1178 8.07416 2.06295
z 3799 1178 8.08098 2.06543
z 3800 1178 8.07541 2.0634
z 3802 1178 8.07037 2.06157
z 3803 1178 8.06687 2.06029
z 3805 1178 8.0118 2.12444
z 3809 1178 7.96524 2.10656
z 3810 1178 7.97091 2.15084
z 3811 1178 7.91685 2.12955
z 3813 1178 7.77196 2.23575
z 3814 1178 7.62886 2.29475
z 3815 1178 7.45159 2.37077
z 3816 1193 11.9867 -12.1372
z 3817 1178 7.0076 2.59603
z 3820 1178 6.04239 2.92612
z 3823 1178 4.81563 3.34537
z 3826 1193 11.1091 -9.58766
z 3827 1193 10.9129 -9.49999
z 3830 1203 17.2287 -0.087181
z 3831 1193 9.4922 -8.82147
z 3831 1203 16.7369 0.160711
z 3832 1203 16.2676 0.391022
z 3834 1203 15.1536 0.897174
z 3836 1203 14.0234 1.30617
z 3837 1203 13.4164 1.51283
z 3838 1203 12.8659 1.69618
z 3839 1203 12.2377 1.91534
z 3840 1193 5.77423 -7.80656
z 3841 1193 5.38034 -7.73301
z 3843 1193 4.76876 -7.55284
z 3843 1203 9.99962 2.64159
z 3845 1203 8.91696 2.8954
z 3849 1203 6.86092 3.32314
z 3851 1203 5.8695 3.42937
z 3853 1203 4.94073 3.44669
z 3856 1203 3.9694 3.20855
z 3881 1235 6.27729 15.4232
z 3887 1235 5.96155 15.0971
z 3888 1235 5.95795 15.073
z 3889 1235 5.8237 15.0417
z 3893 1235 5.65999 14.78
z 3895 1235 5.52028 14.6735
z 3900 1235 4.99381 14.374
z 3901 1235 4.86793 14.3235
z 3902 1235 4.86319 14.2632
z 3903 1235 4.7391 14.2158
z 3904 1235 4.73772 14.196
z 3905 3906 18.1302 -4.44118
z 3909 3906 17.4993 -4.76634
z 3910 1235 4.13273 13.9702
z 3916 3906 15.7853 -3.05613
z 3918 3906 15.1558 -1.81442
z 3919 3906 14.8592 -1.1558
z 3920 3906 14.6694 -0.644521
z 3921 3906 14.4316 -0.244833
z 3925 3906 13.5913 1.01419
z 3927 3906 13.015 1.96267
z 3928 3906 12.6389 2.54524
z 3929 3906 12.2394 3.16724
z 3930 3906 11.7202 3.78896
z 3931 3906 11.1074 4.31438
z 3934 3906 9.53304 5.41356
z 3935 3906 9.01398 5.46686
z 3936 3906 8.46397 5.61166
z 3937 3906 7.88314 5.65835
z 3938 3906 7.39895 5.66839
z 3939 3906 6.976 5.61467
z 3940 3906 6.41371 5.55931
z 3941 3906 5.92179 5.54573
z 3942 3906 5.4903 5.46709
z 3943 3906 5.08951 5.38715
z 3944 3906 4.68247 5.36929
z 3946 3906 3.98044 5.09093
z 3952 3953 12.7988 13.1439
z 3954 3953 12.3675 12.9949
z 3955 3953 11.8713 12.7246
z 3956 3953 11.3398 12.5982
z 3958 3953 10.7385 12.3132
z 3959 3953 10.3137 12.0482
z 3960 3953 9.9819 11.9225
z 3961 3953 9.65044 11.777
z 3962 3953 9.28272 11.5367
z 3963 3953 8.94469 11.328
z 3966 3953 7.98443 10.9063
z 3968 3953 7.10703 10.7395
z 3971 3953 5.64176 10.5451
z 3972 3953 5.09813 10.5122
z 3973 3953 4.56567 10.4829
z 3974 3953 4.03979 10.4211
z 3985 3986 9.41736 15.5778
z 3987 3986 8.82823 15.5876
z 3988 3986 8.24997 15.5904
z 3990 3986 7.11993 15.5655
z 3992 3986 6.27927 15.4351
z 3994 3986 5.72009 15.2364
z 4001 3986 7.27451 13.1008
z 4002 3986 7.60625 12.6353
z 4004 3986 8.43971 11.4776
z 4005 3986 8.95587 10.8812
z 4006 3986 9.44372 10.1151
z 4007 3986 9.9879 9.20316
z 4008 3986 10.4063 8.2584
z 4011 3986 11.217 5.14713
z 4013 3986 11.1964 3.05366
z 4014 3986 11.1612 2.13637
z 4018 3953 7.86388 11.4228
z 4018 3986 9.88261 -1.6013
z 4019 3953 8.21236 10.6937
z 4022 3953 9.7678 8.59204
z 4023 3953 10.0886 7.88644
z 4025 3953 10.4729 6.63292
z 4025 3986 5.92287 -5.72334
z 4026 3986 5.30281 -6.09599
z 4027 3953 10.6371 5.48196
z 4028 3953 10.637 5.03853
z 4029 3953 10.4631 4.59543
z 4030 3953 10.075 4.2824
z 4032 3953 9.51941 3.94859
z 4033 3953 9.12507 3.83997
z 4034 4035 5.2481 -3.13368
z 4036 3953 8.31351 3.79379
z 4037 3953 7.80395 3.75853
z 4038 3953 7.30465 3.78679
z 4039 3953 6.81561 3.75529
z 4040 3953 6.2924 3.77423
z 4045 3953 3.95121 3.7668
z 4084 4085 18.2521 -2.31308
z 4086 4085 17.666 -2.32514
z 4088 1235 12.8118 12.7057
z 4091 1235 11.1884 12.5894
z 4091 4085 14.805 -2.35127
z 4092 1235 10.6047 12.5627
z 4093 1235 10.0815 12.6051
z 4093 4085 13.5039 -2.47289
z 4094 4085 12.9726 -2.48684
z 4096 1235 8.72895 12.4478
z 4096 4085 12.1195 -2.61802
z 4097 1235 8.41811 12.2745
z 4097 4085 11.6465 -2.83914
z 4098 1235 8.15135 12.1917
z 4098 4085 11.2194 -2.89031
z 4100 1235 7.53879 12.0684
z 4101 4085 9.9477 -3.35401
z 4102 1235 7.27467 11.9305
z 4103 4085 9.10643 -3.51375
z 4104 1268 7.44375 4.86629
z 4105 1235 6.46153 11.6694
z 4106 1235 6.33056 11.5477
z 4108 1235 5.90472 11.4307
z 4109 1235 5.79569 11.3757
z 4109 4085 6.74586 -4.15547
z 4110 4085 6.44743 -4.21467
z 4112 1235 5.09104 11.1775
z 4112 4085 5.67896 -4.3208
z 4114 4085 4.97064 -4.45938
z 4115 4085 4.70449 -4.48812
z 4117 4085 4.42495 -4.39886
z 4118 1268 4.02061 3.94086
z 4119 1268 3.95779 3.89246
z 4120 1268 3.89971 3.92809
z 4121 1235 4.22282 10.6422
z 4124 1235 3.95369 10.4505
z 4169 1309 13.7222 9.2961
z 4171 1309 12.6514 8.9186
z 4174 1309 10.9895 8.64885
z 4175 1309 10.3988 8.52925
z 4177 1309 9.02955 8.4312
z 4179 1309 7.57628 8.45906
z 4181 1329 14.1416 -6.22891
z 4182 1333 14.1241 8.72807
z 4183 1333 13.2928 8.91619
z 4184 1329 12.1458 -5.91932
z 4184 1333 12.4458 9.01584
z 4185 1333 11.6336 9.07071
z 4187 1329 10.0197 -5.73974
z 4188 1333 9.22339 9.21124
z 4190 1333 7.50523 9.27609
z 4191 1333 6.64502 9.31764
z 4192 1333 5.92235 9.42352
z 4193 1095 14.9928 -4.60997
z 4194 1095 14.4142 -4.57225
z 4196 1095 13.1407 -4.47715
z 4199 1095 11.4101 -4.3609
z 4200 1095 10.9684 -4.34864
z 4201 1095 10.4639 -4.35611
z 4202 1095 9.92445 -4.30057
z 4206 1095 7.73821 -4.30169
z 4207 1095 7.20262 -4.29834
z 4208 1095 6.64661 -4.27084
z 4211 1095 4.99398 -4.19411
z 4213 1095 4.30139 -3.74634
z 4227 1058 11.0419 -12.3354
z 4231 1389 11.465 14.654
z 4232 1389 10.3578 14.9337
z 4235 1389 7.36835 15.4466
z 4237 1389 6.0154 15.4574
z 4240 1058 5.29685 -10.2929
z 4246 1079 9.44597 2.96363
z 4247 1071 14.9092 6.04883
z 4251 1079 7.93796 2.9006
z 4252 1060 11.7304 -0.617358
z 4252 1079 7.74971 2.88524
z 4253 1071 13.3816 5.93234
z 4254 1071 13.2304 5.95618
z 4255 1071 13.1382 6.01237
z 4258 1071 12.9924 5.92651
z 4259 1071 12.9953 5.9282
z 4260 1071 12.9934 5.92712
z 4261 1071 12.9953 5.9282
z 4263 1071 12.9879 5.92385
z 4264 1071 12.9722 5.91461
z 4266 1060 11.0295 -0.583447
z 4268 1071 12.7565 5.89362
z 4269 1071 12.6871 5.95825
z 4270 1071 12.628 5.92204
z 4271 1071 12.5193 5.85542
z 4273 1071 12.3517 5.85621
z 4274 1060 10.3458 -0.657732
z 4274 1071 12.245 5.89282
z 4276 1060 10.1226 -0.675534
z 4277 1071 11.9487 5.80479
z 4278 1071 11.896 5.77058
z 4280 1071 11.8946 5.76968
z 4281 1060 9.88117 -0.741298
z 4282 1071 11.8498 5.74061
z 4283 1071 11.8479 5.73936
z 4286 1060 9.86046 -0.737084
z 4286 1071 11.8669 5.75172
z 4287 1071 11.8819 5.66145
z 4289 1071 11.7629 5.39196
z 4291 1060 9.24014 -1.54146
z 4291 1071 11.7355 4.8195
z 4292 1071 11.6309 4.58693
z 4293 1071 11.6025 4.3153
z 4295 1071 11.4572 3.83813
z 4296 1060 8.30606 -2.38342
z 4296 1071 11.4005 3.73472
z 4297 1060 8.20294 -2.42748
z 4297 1071 11.3322 3.62821
z 4298 1071 11.2917 3.53494
z 4299 1060 8.06859 -2.5029
z 4301 1071 11.2753 3.5283
z 4302 1071 11.2758 3.5285
z 4304 1060 8.07334 -2.50623
z 4304 1071 11.2759 3.52855
z 4306 1071 11.2602 3.5222
z 4308 1060 8.01778 -2.52278
z 4308 1071 11.2069 3.42552
z 4309 1071 11.1846 3.41674
z 4310 1071 11.1623 3.40795
z 4311 1060 7.96683 -2.54191
z 4312 1071 11.1311 3.47003
z 4313 1060 7.87353 -2.52905
z 4313 1071 11.0693 3.44505
z 4314 1071 11.0173 3.49778
z 4315 1071 10.9074 3.59908
z 4316 1071 10.7271 3.73946
z 4317 1071 10.5435 4.02084
z 4318 1071 10.3229 4.35404
z 4319 1071 9.96258 4.6702
z 4320 1060 7.41571 -1.3127
z 4320 1071 9.60625 5.05196
z 4324 1060 6.66927 0.0939393
z 4324 1071 7.55254 6.77856
z 4327 1071 5.93014 7.75876
z 4328 1071 5.23623 7.99167
z 4332 1060 4.01908 2.31601
z 4335 1043 10.8144 -8.34344
z 4341 1043 9.45905 -5.6976
z 4342 1043 8.92056 -5.51882
z 4343 1043 8.30128 -5.28698
z 4344 1043 7.72523 -5.24035
z 4346 1043 6.51373 -5.10497
z 4347 1043 5.8324 -5.13893
z 4348 707 15.9331 7.09858
z 4348 1039 11.2624 -8.41717
z 4349 707 15.2588 6.99439
z 4349 1039 10.5146 -8.43709
z 4350 707 14.5952 6.87061
z 4351 1039 9.01459 -8.56658
z 4352 707 13.3026 6.56659
z 4353 707 12.5655 6.53813
z 4356 1039 5.03911 -9.06391
z 4358 707 9.38194 5.81604
z 4359 707 8.77606 5.58403
z 4362 707 6.81598 5.26554
z 4363 707 6.11041 5.17408
z 4364 707 5.48002 5.04692
z 4366 707 4.29885 4.72571
z 4366 1033 10.1755 -12.6128
z 4367 707 3.85003 4.51212
z 4372 711 17.4971 -0.700093
z 4372 724 11.3196 -1.52024
z 4374 711 16.4577 -1.62152
z 4375 724 9.70575 -2.45447
z 4376 711 15.5523 -2.32629
z 4377 711 15.0808 -2.63398
z 4378 711 14.5533 -2.8968
z 4380 724 7.34779 -3.19455
z 4384 724 5.22235 -3.46284
z 4386 711 10.4665 -4.35805
z 4387 711 9.82879 -4.39821
z 4389 711 8.60523 -4.58473
z 4391 711 7.29732 -4.61773
z 4392 711 6.64785 -4.56892
z 4393 705 10.8807 4.43598
z 4394 711 5.29587 -4.6175
z 4395 711 4.63592 -4.61481
z 4397 705 8.29977 4.29254
z 4401 705 5.85598 4.16928
z 4402 705 5.21495 4.14283
z 4403 705 4.57963 4.10688
z 4404 756 15.3386 -7.00623
z 4407 756 13.3685 -6.99139
z 4408 756 12.7109 -6.99391
z 4410 108 11.6221 -7.07299
z 4411 114 10.1693 13.3149
z 4413 756 9.57865 -7.05694
z 4414 114 8.06799 13.3154
z 4417 114 5.69426 13.3086
z 4418 108 6.10154 -7.09341
z 4418 114 4.7938 13.3815
z 4419 114 4.1155 13.3124
z 4420 584 11.0291 -9.11986
z 4422 584 9.65475 -9.08672
z 4423 584 8.86295 -9.05963
z 4424 584 8.32908 -9.03735
z 4425 584 7.62874 -9.02597
z 4427 97 12.6987 -9.75984
z 4428 97 12.0545 -9.71812
z 4430 97 10.6425 -9.67405
z 4431 92 11.1609 -3.17997
z 4431 97 9.98891 -9.63202
z 4433 97 8.68504 -9.55683
z 4437 97 5.81411 -9.49795
z 4439 75 10.7118 6.0138
z 4439 92 5.33846 -3.00036
z 4440 75 9.95051 6.05595
z 4441 75 9.16187 6.07308
z 4443 75 7.54838 6.08685
z 4447 32 16.1102 -4.35699
z 4450 41 11.6721 10.4217
z 4450 189 14.6794 3.72855
z 4451 34 13.8115 3.66291
z 4452 41 9.88632 10.4646
z 4453 34 12.0823 3.77037
z 4453 41 8.98748 10.5035
z 4455 41 7.29944 10.4386
z 4456 41 6.47125 10.5439
z 4457 41 5.62359 10.4471
z 4458 41 4.73647 10.4333
z 4459 32 6.23068 -4.30974
z 4459 34 7.02213 3.74213
z 4460 34 6.19558 3.76447
z 4461 34 5.37215 3.7644
z 4465 9 13.5462 -3.44581
z 4466 9 12.8665 -3.45093
z 4467 9 12.1255 -3.39156
z 4468 9 11.433 -3.48389
z 4469 9 10.6978 -3.41389
z 4470 9 9.94553 -3.42788
z 4471 9 9.24722 -3.47216
z 4472 9 8.49039 -3.45248
z 4477 5 9.45485 3.97755
z 4479 5 7.9436 3.87162
z 4480 5 7.169 3.83036
z 4481 5 6.41545 3.81322
z 4482 5 5.63195 3.77331
z 4483 212 12.5445 10.7619
z 4484 212 11.8274 10.617
z 4485 212 11.0009 10.6233
z 4486 212 10.2131 10.598
z 4487 212 9.44444 10.5119
z 4487 249 17.1631 3.22282
z 4491 249 13.8468 3.29176
z 4495 249 10.7411 3.52675
z 4497 249 9.20084 3.69312
z 4500 249 6.66142 3.87371
z 4501 249 5.89378 3.94938
z 4507 379 15.0679 -4.40811
z 4508 379 14.3428 -4.42552
z 4512 346 15.4698 3.85199
z 4513 346 14.6611 3.82667
z 4513 379 10.4904 -4.46547
z 4514 346 13.8835 3.78284
z 4515 346 13.1018 3.89286
z 4517 346 11.5768 3.89014
z 4518 346 10.7463 3.82276
z 4519 346 9.9549 3.85269
z 4520 358 18.2678 3.97821
z 4521 383 10.8128 -4.06715
z 4522 358 16.666 3.83254
z 4523 346 6.86047 3.86174
z 4523 358 15.9098 3.86389
z 4524 346 6.06107 3.81898
z 4524 358 15.1046 3.96227
z 4525 358 14.2995 3.918
z 4526 358 13.485 4.03234
z 4527 358 12.7184 4.02095
z 4527 383 6.07609 -4.10524
z 4529 383 4.46289 -4.06931
z 4530 358 10.2286 4.07454
z 4531 358 9.4143 4.0207
z 4532 358 8.59107 4.06
z 4533 358 7.74397 4.06917
z 4534 358 6.86338 4.04703
z 4535 408 14.945 4.12774
z 4536 408 14.1402 4.16874
z 4537 408 13.2582 4.23357
z 4539 408 11.5883 4.14106
z 4541 408 9.8659 4.15678
z 4542 408 9.05403 4.12474
z 4543 455 5.35646 12.4744
z 4544 408 7.35394 4.07394
z 4544 455 4.51163 12.462
z 4545 408 6.52434 4.07649
z 4547 408 4.93453 3.95052
z 4554 436 17.0946 1.89942
z 4555 436 16.2698 1.92303
z 4556 436 15.4782 2.04009
z 4560 436 12.4246 2.73565
z 4564 436 9.3219 3.44668
z 4565 436 8.52991 3.58463
z 4569 436 5.55762 3.98877
z 4570 436 4.87722 4.08886
z 4571 436 4.19714 4.16123
z 4579 4580 15.8731 8.50425
z 4582 4580 14.3977 8.94567
z 4583 4580 13.6935 8.96695
z 4585 4580 12.1172 9.44057
z 4587 4580 10.6099 9.56359
z 4591 4592 15.5967 -0.429993
z 4593 4580 6.97902 10.0609
z 4593 4592 14.9353 -0.182288
z 4594 4580 6.08756 10.1117
z 4598 4592 11.7021 0.984534
z 4601 4592 9.75038 1.60654
z 4602 4592 9.10715 1.87769
z 4603 4592 8.50984 2.03682
z 4604 4592 7.87121 2.23662
z 4604 4605 5.18458 -2.65474
z 4606 4592 7.27645 2.39842
z 4606 4607 6.5595 -6.93412
z 4608 4592 6.64485 2.54348
z 4610 4592 5.38659 2.83761
z 4610 4607 4.79081 -6.26349
z 4611 4592 4.75328 2.90895
z 4612 4613 10.2906 13.0068
z 4627 4628 9.45177 1.50009
z 4669 4670 4.13001 13.8663
z 4687 4688 10.0366 7.44867
z 4691 4688 7.61685 7.87052
z 4695 4688 4.42338 7.85386
z 4702 4703 11.5112 -0.176391
z 4707 4703 9.01674 -2.22607
z 4709 4703 7.67649 -2.94733
z 4711 4703 6.33444 -3.35933
z 4714 4715 5.87934 -15.4461
z 4742 4743 10.731 12.7859
z 4745 4743 8.97328 13.0377
z 4746 4743 8.00911 13.1395
z 4747 4743 7.07707 13.2488
z 4748 4743 6.16515 13.3691
z 4749 4743 5.02977 13.4794
z 4750 4743 4.12437 13.6508
z 4752 4753 15.916 3.4136
z 4754 4753 15.0194 3.82928
z 4755 4753 14.1957 4.08643
z 4756 4753 13.2971 4.34516
z 4757 4753 12.4412 4.53878
z 4758 4753 11.5999 4.74585
z 4759 4753 10.6769 4.89378
z 4760 4753 9.73564 4.9879
z 4761 4762 9.22582 14.325
z 4763 4762 8.16425 14.4051
z 4764 4753 7.06028 5.18473
z 4765 4762 6.36476 14.4461
z 4767 4753 4.44586 5.23782
z 4787 4788 5.76844 13.805
z 4790 4788 4.46846 13.6366
z 4791 4792 13.2369 9.01504
z 4794 4795 5.78758 -15.8504
z 4796 4797 7.0295 -3.0462
z 4798 4797 6.22466 -3.057
z 4806 4792 5.59357 8.6805
z 4819 4820 11.8055 10.2357
z 4821 4820 10.7735 10.3045
z 4823 4820 8.87201 10.2817
z 4825 4826 12.3906 10.9455
z 4827 4826 11.469 10.891
z 4828 4826 10.438 10.951
z 4833 4826 5.74812 11.119
z 4834 4826 4.8038 11.1326
z 4834 4835 10.1452 6.43563
z 4837 4838 16.198 7.2424
z 4839 4835 7.53281 6.50575
z 4840 4838 14.5238 7.08379
z 4841 4838 13.852 6.79368
z 4843 4835 4.41862 6.10511
z 4843 4838 12.3785 6.29978
z 4845 4838 10.8168 5.99771
z 4846 4838 10.1688 10.7243
z 4847 4848 7.65988 16.6609
z 4850 4838 7.37669 6.03842
z 4851 4838 6.38612 6.2186
z 4855 4856 15.4053 5.31537
z 4857 4856 14.3384 6.114
z 4858 4856 13.1747 6.83683
z 4859 4856 11.8166 7.48612
z 4860 4856 10.5587 8.02847
z 4862 4856 8.07479 8.92901
z 4864 4856 5.65411 9.71153
z 4867 4868 12.1122 3.86641
z 4871 4868 9.55594 5.70068
z 4874 4868 6.99409 6.94646
z 4875 4868 6.1669 7.24041
z 4875 4876 9.74452 2.97058
z 4877 4868 5.32856 7.48512
z 4878 4868 4.47232 7.69003
z 4881 4876 6.5948 4.51996
z 4882 4876 5.94733 4.75362
z 4883 4876 5.31344 4.95345
z 4885 4886 12.9553 9.8369
z 4895 4886 8.15104 11.0526
z 4897 4886 6.45571 11.6451
z 4899 4900 9.93283 11.3751
z 4905 4900 4.57215 13.4515
z 4960 4961 6.18144 -13.1192
z 4962 4961 6.03371 -12.9676
z 4964 4961 5.63737 -12.7159
z 4965 4961 5.504 -12.5951
z 4968 4969 16.1637 1.58343
z 4982 4983 17.2234 5.12895
z 4984 4969 9.81958 3.51122
z 4984 4985 10.0803 3.17433
z 4986 4983 16.3293 5.19201
z 4997 4983 10.3343 5.90291
z 5005 4983 4.16472 15.1918
z 5010 4983 8.56073 3.97341
z 5013 4983 6.86789 3.6976
z 5017 4983 4.75474 3.25257
z 5018 4983 4.24616 3.14375
z 5026 4788 12.6312 -9.33023
z 5028 4788 10.8479 -9.97856
z 5029 4788 10.1161 -10.2566
z 5031 4788 8.29427 -10.6732
z 5032 4788 7.47009 -10.8569
z 5033 4788 6.65284 -11.0223
z 5034 4788 5.83565 -11.1582
z 5043 4762 14.1526 -12.083
z 5046 4753 13.8759 -3.579
z 5048 4753 12.6605 -3.83132
z 5049 4762 9.69658 -13.1072
z 5052 4753 10.3424 -4.09506
z 5052 4762 7.81549 -13.1236
z 5053 4762 7.17308 -13.1089
z 5055 4762 5.94438 -13.1654
z 5056 4753 7.91924 -4.34643
z 5057 4753 7.32839 -4.38395
z 5060 4753 5.48274 -4.44512
z 5062 4753 4.38362 -4.41608
z 5110 4703 8.89366 2.93909
z 5113 4703 7.09277 2.77681
z 5117 4703 4.56486 2.54464
z 5132 4688 4.72441 -6.67351
z 5187 4628 11.9247 -1.68237
z 5198 4592 17.1537 5.6337
z 5200 4592 16.2484 4.9153
z 5202 4592 15.2282 4.10961
z 5206 4592 13.2234 2.3356
z 5207 4592 12.7837 1.76539
z 5211 4613 12.54 -11.557
z 5213 4592 9.35687 -0.787522
z 5214 4592 8.73926 -1.15935
z 5215 4605 6.82654 4.00464
z 5216 4592 7.40965 -1.81234
z 5217 4592 6.68869 -2.0734
z 5218 4580 18.913 -2.99372
z 5221 4580 16.7258 -4.34023
z 5224 4580 14.5265 -5.214
z 5225 4580 13.7103 -5.46673
z 5226 4580 12.8354 -5.72359
z 5228 4580 11.214 -6.1936
z 5229 4580 10.4768 -6.1968
z 5230 4580 9.58586 -6.41916
z 5233 4580 7.11676 -6.82184
z 5236 4580 4.77639 -7.0683
z 5239 436 13.3876 6.73923
z 5240 436 12.681 6.50383
z 5242 436 11.3913 6.13209
z 5243 436 10.6686 5.97943
z 5245 436 9.50926 5.56882
z 5246 436 8.96013 5.33055
z 5248 436 7.99125 4.7854
z 5249 436 7.47275 4.52993
z 5250 436 7.0064 4.27762
z 5251 451 11.0429 -1.85987
z 5254 451 8.96326 -2.67631
z 5259 451 4.78752 -4.24001
z 5264 408 17.5501 3.30156
z 5267 408 15.8514 0.605345
z 5268 408 15.0999 -0.0932516
z 5270 408 13.718 -1.3419
z 5271 408 12.9255 -1.86518
z 5272 455 12.2356 -11.1382
z 5273 455 11.0424 -11.5867
z 5275 455 8.67568 -12.2537
z 5276 408 8.66457 -3.67182
z 5276 455 7.72054 -12.3889
z 5277 408 7.80212 -3.8132
z 5278 358 14.9996 -7.80205
z 5280 408 5.51551 -3.90585
z 5281 408 4.79901 -3.91381
z 5282 358 12.252 -7.68133
z 5288 358 8.86873 -6.25297
z 5290 358 7.66921 -5.84661
z 5291 358 7.05271 -5.65507
z 5293 358 5.79144 -5.34165
z 5294 346 14.1206 -6.08767
z 5295 346 13.5597 -5.61101
z 5300 346 10.1639 -4.13818
z 5300 379 13.61 4.37212
z 5301 346 9.31124 -4.0596
z 5301 379 12.7188 4.4798
z 5303 379 11.0438 4.44393
z 5304 379 10.1464 4.40136
z 5305 379 9.27196 4.27452
z 5306 346 4.78711 -4.2381
z 5306 379 8.39797 4.23956
z 5307 379 7.4444 4.1644
z 5308 379 6.55921 4.18814
z 5309 379 5.65676 4.18334
z 5311 379 3.93805 4.11991
z 5314 249 15.6539 -3.47295
z 5315 249 14.9428 -3.56294
z 5317 249 13.3159 -3.64634
z 5319 249 11.784 -3.75582
z 5320 249 10.9785 -3.91122
z 5321 249 10.1431 -3.95549
z 5323 249 8.45407 -4.09319
z 5325 249 6.67244 -4.12887
z 5326 249 5.71259 -4.16569
z 5327 249 4.72404 -4.14013
z 5329 212 11.2411 -10.5615
z 5330 212 9.94659 -10.6248
z 5331 212 8.75229 -10.6679
z 5332 212 7.43649 -10.7535
z 5333 212 5.98591 -10.8484
z 5334 5 11.9005 -3.46061
z 5335 5 10.5291 -3.55524
z 5340 9 8.24861 3.45771
z 5341 9 6.86706 3.37873
z 5343 9 4.22116 3.28538
z 5345 32 13.7245 3.82738
z 5345 34 12.9222 -4.15818
z 5347 32 11.5465 3.71697
z 5348 32 10.5221 3.71581
z 5348 189 9.67431 -4.18855
z 5349 189 8.66979 -4.22201
z 5350 179 10.7115 -11.0359
z 5350 189 7.67367 -4.2234
z 5351 189 6.84268 -4.30744
z 5354 179 7.3293 -11.1092
z 5356 179 5.82085 -11.0742
z 5362 75 11.1247 -6.84467
z 5363 75 10.3608 -6.80871
z 5365 75 8.96068 -6.76305
z 5368 92 11.4146 3.20356
z 5368 97 11.6631 9.72992
z 5370 75 5.60759 -6.09009
z 5371 75 4.97264 -5.93492
z 5372 97 7.39474 10.7077
z 5375 584 9.57077 13.2067
z 5379 103 13.5299 2.84075
z 5380 108 7.21233 17.3705
z 5382 103 10.4255 4.89854
z 5385 103 7.32962 5.96593
z 5386 103 6.38459 6.21524
z 5387 114 14.6191 8.81711
z 5387 117 13.1857 -5.84419
z 5388 117 12.5709 -5.54183
z 5390 114 11.3143 9.97194
z 5391 114 10.4045 10.1387
z 5392 114 9.53693 10.2733
z 5393 114 8.71119 10.3904
z 5394 114 8.02953 10.5113
z 5397 114 6.52564 10.7469
z 5398 117 7.69148 -3.99964
z 5399 114 5.77883 10.7831
z 5402 114 5.04079 10.7683
z 5402 117 6.83172 -3.94029
z 5403 114 4.95626 10.8239
z 5403 117 6.7705 -3.93359
z 5405 114 4.77465 10.8298
z 5406 135 9.76197 -10.9913
z 5407 114 4.68382 10.8308
z 5408 114 4.59005 10.7927
z 5408 117 6.47006 -3.88979
z 5411 114 4.32188 10.8397
z 5411 117 6.26632 -3.89455
z 5412 114 4.13979 10.803
z 5413 114 4.04947 10.7906
z 5415 114 3.95997 10.8104
z 5416 114 3.96009 10.8172
z 5417 114 3.9599 10.8066
z 5418 114 3.96008 10.8166
z 5419 114 3.96001 10.813
z 5419 117 5.96672 -3.88588
z 5423 117 5.63065 -3.85985
z 5424 117 5.36826 -3.8637
z 5426 117 4.56223 -3.93624
z 5427 135 7.32453 -11.0937
z 5432 140 18.3893 -4.67344
z 5433 135 5.0391 -10.551
z 5433 140 18.0694 -3.46281
z 5434 140 17.6485 -2.07037
z 5435 140 17.0751 -0.546345
z 5436 135 5.7766 -9.31359
z 5438 632 12.916 12.4062
z 5439 151 14.019 -3.32821
z 5440 151 13.7642 -1.53131
z 5441 2758 19.4055 7.29418
z 5444 151 11.1629 4.3433
z 5445 5446 7.41878 11.3752
z 5447 151 9.47954 6.19954
z 5448 5446 4.10105 12.7603
z 5449 5450 12.7629 12.864
z 5452 158 8.75758 -11.5169
z 5453 151 5.35333 8.98894
z 5453 158 9.21775 -10.9005
z 5455 158 10.1474 -9.49482
z 5457 158 10.6795 -8.17391
z 5458 158 10.98 -7.35744
z 5459 158 11.0332 -6.62774
z 5461 164 11.5326 14.2027
z 5462 158 10.7745 -4.77075
z 5463 164 9.49281 15.0028
z 5465 164 7.633 15.3985
z 5467 164 6.27155 15.3889
z 5468 164 5.74451 15.4219
z 5469 164 4.95861 15.4756
z 5469 175 16.3251 4.69752
z 5471 175 15.0946 4.73036
z 5471 179 16.2332 -2.72062
z 5472 179 15.5639 -2.76797
z 5475 175 12.7933 4.4191
z 5475 179 13.6999 -2.91568
z 5476 179 13.1275 -2.99489
z 5477 179 12.5429 -3.1297
z 5478 179 11.9091 -3.20464
z 5482 179 9.27634 -3.34858
z 5483 175 7.85363 3.91818
z 5485 34 12.8169 -8.22679
z 5486 34 12.0008 -8.31572
z 5486 179 6.3018 -3.61521
z 5487 34 11.1938 -8.33547
z 5488 34 10.3936 -8.43778
z 5491 34 7.76636 -8.66801
z 5492 34 6.85883 -8.70164
z 5494 34 5.06226 -8.62379
z 5497 200 6.44722 4.10455
z 5503 212 15.5832 7.733
z 5504 212 14.7249 7.74428
z 5505 212 13.8991 7.71789
z 5506 9 8.09027 -10.7286
z 5509 9 5.37141 -10.8235
z 5510 212 9.85834 7.49233
z 5511 212 9.00124 7.42882
z 5513 249 17.5916 4.07193
z 5515 212 5.70034 7.42453
z 5515 249 15.8154 3.8377
z 5516 249 14.9132 4.01029
z 5517 249 14.0336 3.93081
z 5518 249 13.1797 3.9212
z 5520 249 11.505 4.02047
z 5521 249 10.6274 3.91399
z 5522 249 9.79543 3.90337
z 5523 249 9.05351 3.8596
z 5524 249 8.20023 3.83088
z 5525 249 7.35456 3.77548
z 5534 346 18.3015 6.51499
z 5534 379 15.5675 -2.32992
z 5537 346 16.3151 5.18668
z 5537 379 12.9776 -3.40416
z 5539 346 15.0863 4.06486
z 5540 346 14.5493 3.28513
z 5541 346 13.9593 2.571
z 5542 346 13.4126 1.85377
z 5543 346 12.7497 1.28475
z 5543 379 7.15365 -6.2665
z 5544 346 12.0822 0.5
z 5545 346 11.4542 -0.103974
z 5546 346 10.7244 -0.662094
z 5551 346 6.96901 -2.74516
z 5552 358 13.8861 -7.53879
z 5553 346 5.63489 -2.7785
z 5553 358 13.2091 -7.55325
z 5554 346 4.97749 -2.70283
z 5555 346 4.3885 -2.63044
z 5555 358 12.122 -7.27906
z 5558 358 10.5049 -6.71162
z 5559 358 9.99329 -6.40056
z 5560 358 9.43334 -6.23739
z 5561 307 6.69347 9.74034
z 5563 358 7.74899 -5.6117
z 5564 455 15.9693 0.180811
z 5565 358 6.65824 -5.14886
z 5566 358 6.08186 -5.05719
z 5567 358 5.6462 -4.91985
z 5567 455 13.7735 1.46227
z 5569 408 13.2021 -6.72981
z 5570 408 12.686 -6.33381
z 5570 455 11.4686 2.41699
z 5571 408 12.1661 -5.93486
z 5572 408 11.6156 -5.73269
z 5574 408 10.5772 -5.30537
z 5575 408 9.98307 -5.08527
z 5577 408 8.80932 -4.7998
z 5578 408 8.22553 -4.70505
z 5578 455 5.66841 3.70589
z 5579 408 7.60236 -4.66562
z 5582 408 5.96042 -4.3973
z 5583 408 5.43541 -4.30765
z 5584 408 4.87997 -4.26449
z 5592 436 17.6449 -2.19506
z 5596 436 15.5199 -0.115265
z 5598 436 14.4865 1.34262
z 5600 436 13.3794 2.89341
z 5601 436 12.6845 3.56606
z 5603 436 11.4089 4.81625
z 5604 451 6.0204 11.5119
z 5605 451 4.86948 11.8147
z 5608 436 7.30146 7.41126
z 5609 436 6.43932 7.80642
z 5623 5624 4.55494 -6.3016
z 5626 5627 18.8582 2.21794
z 5629 5627 17.539 2.80246
z 5630 5627 16.8608 2.92439
z 5632 5627 15.5213 3.21069
z 5633 5627 14.8833 3.26836
z 5636 5627 12.8799 3.3692
z 5637 5627 12.142 3.46114
z 5638 5627 11.4379 3.594
z 5639 5627 10.6865 3.72056
z 5640 5627 9.97912 3.79613
z 5643 5627 7.98573 4.09203
z 5644 5627 7.23366 4.07637
z 5646 5627 5.88748 4.15026
z 5647 5627 5.23011 4.18132
z 5649 5627 4.02471 3.99945
z 5712 4703 10.341 2.56869
z 5713 4703 9.70645 2.59867
z 5715 4703 8.32318 2.71586
z 5718 4703 6.28957 2.88149
z 5721 4703 4.25966 2.96763
z 5751 4753 18.7921 3.28233
z 5754 4753 16.6373 3.3504
z 5755 4753 15.894 3.4083
z 5756 4753 15.1615 3.44346
z 5757 4753 14.4618 3.36218
z 5758 4753 13.6858 3.43422
z 5760 4753 12.2532 3.58399
z 5762 4753 10.8163 3.85616
z 5763 4762 13.3896 12.581
z 5765 4762 11.6584 12.8667
z 5768 4753 6.40007 4.38441
z 5768 4762 9.07529 13.284
z 5769 4753 5.66676 4.45567
z 5770 4753 5.0014 4.49502
z 5772 4762 6.15928 13.3375
z 5788 4788 8.70252 12.384
z 5792 4788 5.34394 12.3793
z 5793 4788 4.50589 12.3683
z 5795 4797 10.1179 -3.30817
z 5796 4797 9.3332 -3.31661
z 5797 4797 8.53008 -3.27838
z 5798 4797 7.76271 -3.27945
z 5799 4797 6.98406 -3.25147
z 5823 4961 12.495 -4.13383
z 5826 4820 6.61734 13.2984
z 5828 4826 10.098 14.3637
z 5830 4826 8.18035 14.4561
z 5834 4826 4.8805 14.4832
z 5835 4826 4.14567 14.4644
z 5837 4835 6.69175 9.73489
z 5838 4835 7.36477 10.0879
z 5839 4835 4.99326 9.71565
z 5840 4838 13.6293 10.879
z 5842 4838 12.0537 10.9015
z 5846 4838 8.83532 10.865
z 5848 4838 7.1467 10.8616
z 5849 4838 6.18714 10.9265
z 5850 4838 5.07307 11.0312
z 5851 4838 3.96463 11.0773
z 5856 4856 11.6602 11.9658
z 5858 4856 9.46308 12.4148
z 5859 4856 8.26991 12.5088
z 5862 4856 5.29152 12.8103
z 5863 4856 4.42527 12.8124
z 5865 4868 10.2733 3.45917
z 5866 4868 9.38633 3.41847
z 5867 4876 8.56054 -2.2047
z 5868 4868 7.70319 3.40301
z 5868 4876 7.62926 -2.19528
z 5871 5872 10.7784 9.29813
z 5873 4876 4.30143 -2.45718
z 5875 4886 10.4496 -8.67993
z 5877 5878 13.0585 -5.52553
z 5879 4886 7.69201 -9.18257
z 5879 5878 12.2095 -5.73748
z 5880 4886 6.77653 -9.30122
z 5880 5878 11.3815 -5.8784
z 5881 4886 5.89542 -9.45227
z 5883 5884 9.33248 -12.5808
z 5885 5878 7.97959 -6.62948
z 5886 5878 7.30145 -6.72005
z 5886 5887 8.4837 6.74202
z 5888 5878 6.64056 -6.76195
z 5889 5890 7.18608 15.8638
z 5891 5890 6.88787 15.7757
z 5892 5890 6.60871 15.7623
z 5893 5890 6.19119 15.7237
z 5895 5896 12.2171 3.65452
z 5897 5898 13.7466 -3.73058
z 5899 5890 4.57216 15.6153
z 5900 5898 12.7964 -3.80061
z 5901 5898 12.2248 -3.80286
z 5902 5903 5.00328 -9.46279
z 5904 5896 9.29882 3.43441
z 5908 5898 9.07298 -4.02063
z 5909 5896 6.75483 3.32301
z 5909 5898 8.55989 -4.03595
z 5910 5896 6.19782 3.28139
z 5910 5898 8.01032 -4.03646
z 5911 5898 7.48271 -4.07247
z 5912 5913 6.89881 9.82115
z 5915 5916 13.38 -3.77418
z 5920 5916 11.33 -3.85898
z 5921 5916 9.06165 -10.329
z 5924 5916 7.51595 -10.35
z 5926 5916 8.26875 -3.91109
z 5926 5927 6.48877 -10.3643
z 5928 5927 5.90223 -10.4179
z 5929 5916 7.23522 -3.8438
z 5930 5916 6.71969 -3.85827
z 5931 5916 6.17669 -3.82374
z 5932 5916 5.68329 -3.77485
z 5933 5916 5.15095 -3.71935
z 5940 5941 15.2443 -7.52738
z 5944 5941 13.7628 -6.88691
z 5946 5941 12.6948 -6.59114
z 5947 5941 12.2211 -6.33547
z 5948 5941 11.5901 -6.1705
z 5949 5941 11.031 -6.02883
z 5950 5941 10.4645 -5.84332
z 5951 5941 9.91367 -5.63367
z 5952 5941 9.3156 -5.54104
z 5954 5941 8.17237 -5.22425
z 5955 5941 7.58538 -5.03686
z 5956 5941 6.95281 -4.88636
z 5957 5941 6.33432 -4.73713
z 5958 5941 5.68738 -4.60152
z 5960 5941 4.5027 -4.33567
z 5972 5973 12.1839 -4.54958
z 5982 5973 5.02588 -5.6237
z 5993 5994 7.8202 13.3139
z 5997 5994 5.89572 13.143
z 6002 6003 13.9656 9.51144
z 6005 6003 12.7089 9.90905
z 6007 6008 4.11686 13.3641
z 6009 6003 10.9216 10.5121
z 6013 6014 14.5549 -1.98757
z 6018 6019 11.4761 8.89883
z 6026 6019 8.31011 10.4404
z 6027 6019 7.95884 10.5886
z 6029 6014 10.7778 2.05138
z 6033 6014 9.30301 3.19375
z 6034 6035 8.8742 11.4245
z 6038 6039 13.9765 0.588983
z 6041 6014 5.79414 5.24502
z 6041 6042 19.8956 -1.05175
z 6044 6014 4.32741 5.70829
z 6050 6042 16.3909 4.59754
z 6052 6042 15.6215 5.28427
z 6055 6042 14.6662 6.04677
z 6058 6042 13.9849 6.63171
z 6059 6042 13.6698 6.80053
z 6060 6042 13.4108 6.99604
z 6061 6042 13.0462 7.23225
z 6063 6042 12.1195 8.00893
z 6064 6042 11.5214 8.3777
z 6066 6042 10.1697 9.29463
z 6067 6042 9.35253 9.77425
z 6067 6068 16.5512 11.6018
z 6069 6042 8.34335 10.2861
z 6070 6042 7.18674 10.6817
z 6122 5973 12.1446 -2.21782
z 6128 5973 10.1516 -2.74651
z 6136 5973 6.59073 -3.36864
z 6142 5973 4.31682 -3.31969
z 6148 5941 18.2177 0.625996
z 6149 5941 17.8318 0.622629
z 6152 5941 16.5375 -0.0570052
z 6153 5941 15.989 -0.353735
z 6155 5941 15.0275 -1.08074
z 6156 5941 14.5437 -1.30123
z 6157 5941 14.0527 -1.59001
z 6158 5941 13.4171 -1.99232
z 6160 5941 12.3526 -2.45179
z 6163 5941 10.6605 -3.2358
z 6164 5941 10.0607 -3.34881
z 6168 5941 7.69323 -4.00166
z 6169 5941 7.18297 -4.0159
z 6171 5941 6.24024 -4.0312
z 6174 5941 5.00693 -3.77881
z 6175 5941 4.59711 -3.70364
z 6182 5927 13.8348 5.51316
z 6183 5916 15.2927 -0.406068
z 6183 6184 9.64902 10.8735
z 6185 6184 8.64523 11.1758
z 6186 5916 14.1971 0.590908
z 6187 5916 13.5789 1.09933
z 6188 5927 9.891 7.5299
z 6189 5927 9.03859 7.87227
z 6191 5916 11.1849 2.69344
z 6192 5916 10.544 3.02896
z 6193 5916 9.94848 3.18213
z 6196 5927 4.14251 8.80291
z 6199 5916 4.51697 4.90397
z 6202 5916 5.45731 3.03413
z 6203 5916 4.96939 2.9386
z 6204 5898 9.30534 8.53942
z 6205 5896 15.5003 4.30816
z 6208 5896 14.1854 2.90227
z 6209 6210 17.6065 1.46684
z 6213 5896 12.3235 1.02255
z 6213 5898 6.9279 6.29772
z 6217 6218 8.52768 -8.62021
z 6219 6218 7.60154 -8.95864
z 6221 6222 8.70344 -5.57994
z 6223 5896 7.66953 -1.97791
z 6224 5896 7.00371 -2.25331
z 6225 5878 13.1021 9.50229
z 6225 5896 6.32868 -2.43192
z 6228 5896 4.28665 -2.89006
z 6231 5890 8.85378 -15.1155
z 6235 5878 7.92474 7.00594
z 6236 5878 7.20096 6.9339
z 6237 5878 6.45616 6.96083
z 6238 5878 5.69554 6.96676
z 6239 5884 4.97862 12.9481
z 6241 4886 8.3385 9.64294
z 6242 4886 7.58704 9.69101
z 6243 4886 6.69344 9.74026
z 6244 4868 10.9953 -3.01916
z 6246 4886 4.18627 9.80506
z 6248 4868 8.21474 -2.78153
z 6248 4876 9.47644 2.74389
z 6249 4876 8.8021 2.73598
z 6252 6253 5.39953 -12.69
z 6254 4876 6.00482 2.88583
z 6255 4868 4.30169 -2.61748
z 6255 4876 5.28478 2.86203
z 6256 4856 8.9365 -13.2917
z 6256 4876 4.63759 2.8562
z 6257 4856 8.24014 -13.2269
z 6258 4856 7.61254 -13.3197
z 6260 4856 6.21862 -13.3301
z 6261 4856 5.48453 -13.3823
z 6290 4835 11.1385 -13.0527
z 6311 4961 4.31748 -2.8935
z 6336 4983 11.745 5.9742
z 6345 4797 10.7248 3.96253
z 6348 4797 8.93963 3.91508
z 6350 4797 7.7055 3.79388
z 6351 4797 7.11244 3.7181
z 6354 4797 5.24556 3.57262
z 6373 4788 5.39504 -10.9916
z 6381 4762 16.6471 -9.3733
z 6384 4762 15.6567 -9.29036
z 6385 4762 15.3746 -9.22903
z 6387 4753 15.3632 -0.00573305
z 6387 4762 15.1354 -9.19844
z 6388 4762 14.9691 -9.22658
z 6390 4762 14.7862 -9.23743
z 6391 4753 14.9665 0.0115888
z 6391 4762 14.7139 -9.34492
z 6392 4753 14.8781 0.0154453
z 6392 4762 14.6607 -9.29698
z 6393 4762 14.5533 -9.3719
z 6394 4753 14.7162 0.0225148
z 6395 4762 14.3895 -9.22186
z 6396 4762 14.3144 -9.32352
z 6397 4762 14.2122 -9.22816
z 6398 4762 14.1367 -9.32812
z 6400 4762 13.9345 -9.30612
z 6401 4762 13.8141 -9.18985
z 6402 4753 14.015 0.142586
z 6402 4762 13.7124 -9.2605
z 6409 4762 12.0153 -9.49019
z 6410 4753 12.271 -0.242867
z 6411 4762 11.2612 -9.61024
z 6412 4762 10.821 -9.74475
z 6413 4753 11.2471 -0.682678
z 6413 4762 10.2663 -9.88024
z 6414 4753 10.8623 -0.812635
z 6414 4762 9.84168 -9.99914
z 6416 4753 10.0442 -1.12002
z 6417 4762 8.10481 -10.4792
z 6418 4762 7.36774 -10.5419
z 6419 4753 8.61446 -1.65244
z 6420 4762 5.98265 -10.8317
z 6421 4762 5.30159 -11.0576
z 6422 4753 6.93975 -2.19868
z 6423 4753 6.35653 -2.41223
z 6424 4753 5.72076 -2.54638
z 6425 4753 5.09304 -2.66996
z 6426 4753 4.4235 -2.81051
z 6471 4703 8.37448 -2.54102
z 6474 4703 6.30215 -2.50578
z 6475 4703 5.61744 -2.49842
z 6477 4703 4.25946 -2.5272
z 6528 5627 17.5113 2.30776
z 6529 5627 17.1746 2.02612
z 6531 5627 16.4839 1.72325
z 6532 5627 16.1875 1.69471
z 6535 5627 15.8345 1.55463
z 6536 5627 15.8445 1.55551
z 6538 5627 15.8578 1.55667
z 6539 5627 15.8512 1.5561
z 6540 5627 15.8379 1.55493
z 6541 5627 15.8077 1.55229
z 6542 5627 15.7667 1.5487
z 6543 5627 15.7191 1.54454
z 6546 5627 15.4992 1.62843
z 6547 5627 15.3569 1.71678
z 6548 5627 15.2258 1.90537
z 6549 5627 14.9992 1.87754
z 6550 5627 14.73 2.03892
z 6551 5627 14.43 2.18679
z 6553 5627 13.8594 2.45924
z 6554 5627 13.566 2.58008
z 6555 5627 13.2527 2.77419
z 6556 5627 12.8302 2.84054
z 6558 5627 11.9904 3.08874
z 6559 5627 11.5126 3.16255
z 6560 5627 10.9992 3.27118
z 6565 5627 8.1438 3.61267
z 6567 5627 6.88288 3.60288
z 6568 5627 6.2953 3.5513
z 6570 5627 5.07781 3.41494
z 6599 436 15.9849 -0.139633
z 6600 436 15.5144 -0.320546
z 6602 436 14.4699 -0.435247
z 6603 436 14.0983 -0.675622
z 6604 436 13.5536 -0.786724
z 6606 436 12.549 -1.28408
z 6609 436 11.012 -2.13223
z 6612 436 9.42129 -2.95699
z 6614 436 8.29943 -3.35996
z 6615 408 12.1435 13.3787
z 6617 436 6.68147 -4.0544
z 6618 436 6.14879 -4.25105
z 6619 408 11.8347 12.0033
z 6620 436 5.03792 -4.54523
z 6621 436 4.54325 -4.60702
z 6624 408 11.6693 9.73719
z 6625 408 11.7181 9.16292
z 6626 408 11.6559 8.51459
z 6628 408 11.6956 7.02508
z 6630 408 11.3947 5.83187
z 6631 408 11.2682 5.3629
z 6632 408 11.1265 4.74152
z 6633 408 10.8981 4.20546
z 6633 455 17.6558 -1.45012
z 6634 408 10.7563 3.67927
z 6635 455 16.6537 -3.19149
z 6636 408 10.3015 2.55622
z 6636 455 16.1323 -4.11835
z 6637 455 15.4151 -4.92554
z 6639 455 14.0742 -6.57503
z 6640 358 17.7061 2.08668
z 6641 408 8.63044 -0.0526377
z 6641 455 12.4582 -7.88043
z 6645 358 15.6769 -2.13748
z 6647 358 14.4727 -3.49784
z 6649 408 4.4593 -2.44238
z 6650 358 12.5096 -4.74525
z 6651 358 11.8156 -5.02274
z 6652 358 11.2087 -5.09796
z 6653 358 10.5285 -5.16264
z 6654 358 9.96125 -5.16407
z 6655 358 9.37863 -5.09863
z 6657 346 16.8429 -6.89066
z 6659 358 6.83903 -4.7984
z 6660 346 15.0241 -6.39042
z 6660 358 6.20324 -4.69666
z 6662 346 13.8223 -5.89766
z 6663 346 13.1567 -5.70628
z 6664 379 17.6286 2.07784
z 6665 346 11.8707 -5.37823
z 6666 379 16.0193 2.54815
z 6672 379 10.9234 3.60602
z 6673 346 6.00086 -4.60764
z 6674 379 9.262 3.79392
z 6675 346 4.55901 -4.41846
z 6675 379 8.39418 3.8524
z 6677 379 6.92234 4.05177
z 6680 379 4.6262 4.1653
z 6681 379 4.00223 4.1335
z 6682 249 17.9275 -2.89652
z 6684 249 16.4447 -3.01222
z 6685 249 15.7438 -3.04384
z 6686 249 15.094 -3.0673
z 6687 249 14.3402 -3.13615
z 6688 249 13.6002 -3.26961
z 6689 249 12.8199 -3.33722
z 6690 249 12.0748 -3.36793
z 6693 249 9.82644 -3.57837
z 6697 212 15.6076 -9.96417
z 6698 212 14.8657 -10.0199
z 6699 249 5.32536 -3.86396
z 6703 212 10.999 -10.4067
z 6706 212 8.76987 -10.4493
z 6709 212 6.30151 -10.4218
z 6710 212 5.51536 -10.4567
z 6715 5 8.54537 -3.29054
z 6715 9 12.9667 4.39953
z 6716 9 12.1521 4.31539
z 6717 9 11.3542 4.19419
z 6718 9 10.4535 4.1234
z 6720 9 8.86035 3.99163
z 6724 9 5.22 3.81177
z 6724 32 17.2648 4.49437
z 6725 34 15.6323 -3.46572
z 6726 32 15.4152 4.62023
z 6729 189 11.8827 -3.36477
z 6732 189 9.11716 -3.37767
z 6733 32 8.82709 4.51463
z 6733 179 11.4568 -10.0662
z 6734 32 7.94716 4.52418
z 6736 189 5.81775 -3.49931
z 6737 32 5.67888 4.39328
z 6737 179 8.28756 -10.1191
z 6739 32 4.44574 4.47828
z 6739 179 6.94987 -10.2013
z 6740 179 6.24862 -10.1927
z 6741 179 5.66006 -10.1624
z 6742 179 5.0903 -10.1716
z 6744 75 13.4862 -5.8033
z 6745 75 12.8232 -5.83214
z 6746 75 12.1922 -5.83905
z 6747 75 11.5731 -5.81075
z 6748 75 10.9338 -5.82916
z 6750 75 9.48409 -5.83503
z 6751 75 8.79617 -5.92041
z 6752 75 8.04817 -5.94851
z 6753 92 12.4094 3.38735
z 6753 97 13.0197 9.90241
z 6754 75 6.64458 -5.93395
z 6755 75 5.89175 -5.9993
z 6755 92 10.9518 3.32504
z 6756 75 5.15132 -5.95156
z 6759 92 7.84749 3.24355
z 6760 92 7.10247 3.23884
z 6760 97 7.76772 9.67113
z 6761 97 7.01541 9.63651
z 6765 103 13.1567 -6.18834
z 6766 103 12.3464 -6.31403
z 6766 108 16.0698 7.73925
z 6767 108 15.2485 7.80624
z 6769 584 7.42543 9.0881
z 6770 108 13.1061 7.52774
z 6771 108 12.3321 7.42533
z 6771 584 5.95913 8.92607
z 6772 108 11.6075 7.30431
z 6772 584 5.27347 8.96988
z 6773 108 11.0506 7.27997
z 6774 108 10.2529 7.20285
z 6776 108 8.80849 7.17303
z 6779 756 6.49942 7.06527
z 6780 108 5.70644 7.00354
z 6788 705 11.4852 -3.94862
z 6789 711 15.3911 5.07374
z 6791 711 13.7883 4.95599
z 6792 711 12.9104 4.9532
z 6793 711 12.0843 4.91549
z 6796 711 9.63347 4.9109
z 6797 711 8.90972 4.88119
z 6798 711 8.04852 4.84368
z 6799 711 7.29826 4.84469
z 6800 724 12.8975 4.0915
z 6801 724 12.2148 3.9938
z 6802 724 11.6146 3.98818
z 6803 724 11.0254 3.95588
z 6804 724 10.4984 3.92318
z 6805 724 9.97122 3.86156
z 6806 707 17.4867 -4.48882
z 6808 707 16.6661 -4.57598
z 6809 724 8.32627 3.74282
z 6810 707 15.8217 -4.61139
z 6811 724 7.59217 3.69879
z 6813 707 14.6377 -4.79568
z 6815 707 13.8782 -4.86929
z 6816 707 13.6424 -4.85483
z 6816 724 5.80538 3.56002
z 6819 707 12.6564 -4.93946
z 6820 707 12.3514 -4.96061
z 6821 707 12.0764 -4.99129
z 6822 707 11.7705 -4.88968
z 6824 707 11.3649 -4.23955
z 6825 707 11.2347 -3.71767
z 6826 707 11.0827 -2.98322
z 6827 707 10.9137 -2.02618
z 6831 707 9.38863 1.84651
z 6832 707 8.6819 2.83808
z 6833 707 7.92756 3.68253
z 6837 707 4.26931 6.09284
z 6857 114 15.8205 -10.728
z 6860 114 13.5016 -11.0858
z 6862 114 11.8245 -11.4265
z 6863 114 10.9964 -11.5101
z 6864 114 10.3488 -11.5983
z 6867 114 7.92521 -11.8887
z 6868 609 14.0161 -8.87966
z 6870 609 12.4953 -8.84601
z 6872 6873 10.5112 1.86949
z 6875 6873 9.022 1.90459
z 6876 6873 8.24408 1.99366
z 6880 646 12.3053 6.14277
z 6882 646 10.5978 6.74739
z 6883 6884 9.69339 12.3604
z 6885 6884 8.70239 12.9962
z 6891 140 16.1317 4.87396
z 6894 632 6.21941 9.60401
z 6895 117 12.4105 -9.96961
z 6896 117 12.2791 -9.45118
z 6897 117 12.1132 -8.91902
z 6898 117 11.7663 -8.52685
z 6899 1867 13.1475 12.4898
z 6900 1867 11.8588 12.9403
z 6901 1867 10.3814 13.4561
z 6902 151 15.6126 6.14387
z 6904 1878 4.1337 14.0072
z 6905 117 9.27562 -6.04942
z 6905 135 14.4343 -0.245024
z 6906 135 13.8766 0.23561
z 6906 151 12.1595 7.91356
z 6907 151 11.4114 8.26572
z 6908 151 10.4582 8.6013
z 6912 151 6.51188 9.72268
z 6913 151 5.35596 9.91757
z 6914 158 16.1048 -6.1918
z 6915 117 4.31243 -3.8363
z 6915 135 7.10153 3.33685
z 6916 135 6.28397 3.48412
z 6916 158 15.0231 -5.35281
z 6919 135 3.88723 3.5707
z 6920 158 12.3705 -4.36027
z 6921 158 11.7051 -4.16824
z 6922 158 11.0083 -4.10494
z 6923 164 9.96289 15.4268
z 6924 164 9.09336 15.5045
z 6929 175 15.6916 3.80339
z 6932 41 13.9743 -3.72262
z 6933 75 6.22884 -12.0982
z 6934 41 12.4875 -3.84142
z 6934 175 12.0538 3.67603
z 6935 41 11.7471 -3.82576
z 6936 41 10.9575 -3.8984
z 6938 41 9.48333 -3.95593
z 6939 179 8.70988 -3.93888
z 6940 34 13.5463 -8.93124
z 6941 41 7.19174 -4.02754
z 6942 34 12.0138 -8.97196
z 6943 34 11.2212 -9.02434
z 6945 34 9.73765 -9.03424
z 6946 34 9.0546 -9.01563
z 6949 34 6.85333 -8.95873
z 6950 34 6.13453 -8.94349
z 6952 200 8.48823 4.04791
z 6953 200 7.72941 4.05607
z 6955 200 6.22493 4.05739
z 6956 200 5.46935 4.04179
z 6958 200 3.96705 4.06908
z 6961 212 16.1431 8.07611
z 6963 212 14.6596 7.97735
z 6965 212 13.2382 7.88955
z 6966 9 7.6396 -10.7091
z 6967 9 6.81671 -10.8332
z 6968 9 6.07667 -10.7885
z 6968 212 11.0364 7.75643
z 6969 9 5.36643 -10.7881
z 6972 212 8.16974 7.6634
z 6973 212 7.36743 7.69527
z 6974 249 16.8303 4.86658
z 6976 249 15.257 5.25393
z 6977 212 4.10693 7.98795
z 6979 249 12.958 5.90626
z 6981 249 11.7526 6.08249
z 6984 249 10.3433 6.00727
z 6985 249 10.0407 6.039
z 6986 249 9.72074 5.94369
z 6988 249 9.32357 5.85336
z 6989 249 9.10317 5.82317
z 6990 249 8.9993 5.8112
z 6991 249 8.89892 5.8008
z 6992 249 8.85801 5.8511
z 6994 249 8.88353 5.78486
z 6996 249 8.88584 5.78726
z 6997 249 8.85299 5.84581
z 6998 249 8.85069 5.8434
z 6999 249 8.88584 5.78726
z 7001 249 8.88584 5.78726
z 7002 249 8.88518 5.78657
z 7004 249 8.88518 5.78657
z 7006 249 8.88584 5.78726
z 7008 249 8.85546 5.84842
z 7009 249 8.88286 5.78417
z 7010 249 8.88584 5.78726
z 7011 249 8.8843 5.78566
z 7014 249 8.88611 5.78753
z 7015 249 8.88584 5.78726
z 7016 249 8.88584 5.78726
z 7017 249 8.88353 5.78486
z 7018 249 8.88611 5.78753
z 7019 249 8.88816 5.78965
z 7021 249 8.88584 5.78726
z 7023 249 8.88584 5.78726
z 7024 249 8.88749 5.78896
z 7025 249 8.88749 5.78896
z 7027 249 8.88584 5.78726
z 7031 249 8.88816 5.78965
z 7032 249 8.88518 5.78657
z 7033 249 8.88286 5.78417
z 7036 249 8.88451 5.78588
z 7040 249 8.88584 5.78726
z 7041 249 8.88816 5.78965
z 7043 249 8.88749 5.78896
z 7045 249 8.88584 5.78726
z 7046 249 8.85069 5.8434
z 7047 249 8.88749 5.78896
z 7048 249 8.88842 5.78993
z 7050 249 8.85078 5.84349
z 7051 249 8.85309 5.84593
z 7052 249 8.88816 5.78965
z 7056 249 8.81101 5.80158
z 7058 249 8.70927 5.78599
z 7060 249 8.5617 5.81062
z 7061 249 8.52215 5.7667
z 7062 249 8.42404 5.74913
z 7063 249 8.32526 5.72872
z 7064 249 8.22232 5.70129
z 7065 249 8.19674 5.67134
z 7066 249 8.02756 5.65271
z 7068 249 7.79993 5.55374
z 7070 249 7.61494 5.49779
z 7071 249 7.61128 5.49302
z 7074 249 7.60215 5.48112
z 7075 249 7.60417 5.48376
z 7078 249 7.58933 5.46442
z 7079 249 7.53742 5.48626
z 7080 249 7.45847 5.47117
z 7081 249 7.39527 5.38575
z 7082 249 7.24596 5.3591
z 7083 249 7.12003 5.27005
z 7085 249 6.6958 4.98994
z 7087 249 6.10321 4.69118
z 7088 249 5.71762 4.56231
z 7089 249 5.33675 4.45204
z 7091 249 4.36643 4.20259
z 7097 346 18.641 5.18564
z 7097 379 14.9624 -3.45988
z 7098 346 17.8466 4.93517
z 7098 379 14.0484 -3.54483
z 7102 346 14.465 4.38904
z 7103 346 13.566 4.25649
z 7105 346 11.901 4.28689
z 7106 346 11.2107 4.36817
z 7107 346 10.5096 4.30744
z 7109 346 9.41785 4.37478
z 7109 379 5.5894 -4.09344
z 7110 358 18.0342 4.72229
z 7111 358 17.6871 4.75183
z 7112 358 17.492 4.82339
z 7113 346 8.24327 4.44876
z 7116 358 17.1993 4.8602
z 7118 383 10.8294 -3.40754
